{"type":"FeatureCollection",
"features":[
{"type":"Feature","geometry":{"type":"LineString","coordinates":[[-122.18625,47.97961],[-122.18175,47.97866],[-122.1768,47.97823],[-122.1531,47.97822],[-122.14248,47.97787],[-122.14017,47.97753],[-122.13881,47.97698],[-122.13743,47.97594],[-122.13609,47.97365],[-122.13048,47.96681],[-122.12299,47.96112],[-122.12157,47.95993],[-122.11889,47.95716],[-122.11768,47.95624],[-122.11595,47.95522],[-122.11386,47.95431],[-122.10748,47.95225],[-122.10537,47.95196],[-122.09575,47.95164],[-122.09185,47.95104],[-122.08951,47.95045],[-122.08523,47.94885],[-122.0737,47.94339],[-122.07231,47.94244],[-122.07107,47.94118],[-122.07032,47.93989],[-122.06992,47.93823],[-122.07005,47.93679],[-122.07512,47.92088],[-122.07516,47.91987],[-122.07494,47.91888],[-122.0743,47.91769],[-122.07365,47.91696],[-122.07225,47.91592],[-122.07057,47.91514],[-122.06941,47.91482],[-122.06557,47.91425],[-122.06317,47.91367],[-122.05746,47.91165],[-122.05118,47.90987],[-122.04895,47.90895],[-122.04685,47.90785],[-122.03924,47.90282],[-122.03718,47.90115],[-122.03534,47.89915],[-122.01731,47.87759],[-122.01524,47.87575],[-122.01402,47.875],[-122.01181,47.87398],[-121.98148,47.86202],[-121.9783,47.86104],[-121.96014,47.85697],[-121.95641,47.85641],[-121.9533,47.85635],[-121.94594,47.85683],[-121.90607,47.85475],[-121.90352,47.85491],[-121.89953,47.85556],[-121.8883,47.85527],[-121.86338,47.8511],[-121.86177,47.85098],[-121.85979,47.85114],[-121.85059,47.85272],[-121.81749,47.86161],[-121.80809,47.86208],[-121.80305,47.86329],[-121.79507,47.86561],[-121.78014,47.86763],[-121.77809,47.86788],[-121.77757,47.8678],[-121.77468,47.86833],[-121.76539,47.86953],[-121.76341,47.86967],[-121.7608,47.8695],[-121.75211,47.86751],[-121.75007,47.86719],[-121.73488,47.86715],[-121.72922,47.86633],[-121.72266,47.86627],[-121.72055,47.86602],[-121.7188,47.86537],[-121.70671,47.85917],[-121.70123,47.85679],[-121.67655,47.84409],[-121.64955,47.83473],[-121.64658,47.8341],[-121.644,47.83399],[-121.62404,47.83564],[-121.6223,47.83561],[-121.62032,47.83511],[-121.61845,47.83388],[-121.61792,47.83316],[-121.6174,47.83193],[-121.61755,47.83076],[-121.61909,47.82898],[-121.61966,47.8279],[-121.61969,47.82716],[-121.6195,47.82649],[-121.61873,47.8255],[-121.61167,47.81963],[-121.60636,47.81741],[-121.60217,47.81631],[-121.59821,47.81465],[-121.59657,47.81447],[-121.59567,47.81466],[-121.59302,47.81569],[-121.59107,47.81573],[-121.58989,47.8154],[-121.58585,47.81332],[-121.58491,47.81298],[-121.58002,47.81221],[-121.57889,47.81238],[-121.57515,47.81366],[-121.57381,47.81383],[-121.57179,47.81363],[-121.5706,47.81334],[-121.56987,47.81291],[-121.56847,47.81117],[-121.56757,47.81063],[-121.56449,47.80994],[-121.56143,47.80857],[-121.55718,47.80754],[-121.55406,47.80756],[-121.55188,47.80713],[-121.55,47.80718],[-121.54795,47.80784],[-121.54583,47.80945],[-121.54478,47.80998],[-121.54335,47.81024],[-121.54031,47.81014],[-121.5384,47.8097],[-121.53006,47.80577],[-121.52792,47.80459],[-121.52663,47.8041],[-121.52448,47.80409],[-121.5227,47.80453],[-121.52122,47.80464],[-121.51903,47.80456],[-121.51759,47.80412],[-121.51679,47.80356],[-121.51613,47.80261],[-121.51531,47.79904],[-121.5124,47.79288],[-121.49881,47.78517],[-121.49789,47.78415],[-121.49628,47.7812],[-121.49531,47.78018],[-121.46182,47.75388],[-121.45999,47.75308],[-121.45751,47.75257],[-121.45564,47.75192],[-121.45454,47.75128],[-121.44814,47.74635],[-121.44717,47.74595],[-121.4426,47.7448],[-121.44096,47.74385],[-121.43891,47.74178],[-121.43799,47.74122],[-121.42018,47.73359],[-121.41342,47.73127],[-121.40752,47.7306],[-121.40642,47.73018],[-121.40385,47.72877],[-121.39931,47.72765],[-121.39747,47.72702],[-121.39588,47.72599],[-121.39156,47.72139],[-121.39029,47.72049],[-121.38907,47.71988],[-121.38073,47.71703],[-121.37893,47.71593],[-121.37611,47.71332],[-121.37467,47.71237],[-121.37317,47.71163],[-121.37028,47.71059],[-121.36871,47.71023],[-121.36635,47.71026],[-121.3597,47.71189],[-121.35514,47.71184],[-121.35331,47.712],[-121.34754,47.71404],[-121.34527,47.7145],[-121.3431,47.71435],[-121.3268,47.71203],[-121.31562,47.71226],[-121.30478,47.71124],[-121.29263,47.71243],[-121.28996,47.71287],[-121.2878,47.7135],[-121.2821,47.71654],[-121.27904,47.7172],[-121.27567,47.717],[-121.27407,47.71648],[-121.27143,47.71514],[-121.27019,47.7148],[-121.2686,47.71464],[-121.24261,47.71676],[-121.23795,47.71798],[-121.23517,47.71813],[-121.23099,47.71814],[-121.22689,47.71767],[-121.21488,47.71711],[-121.21037,47.71622],[-121.20663,47.71613],[-121.20148,47.71511],[-121.19933,47.7149],[-121.19621,47.71496],[-121.18549,47.71581],[-121.17764,47.71525],[-121.16876,47.7129],[-121.16233,47.71101],[-121.15949,47.71075],[-121.1571,47.71108],[-121.1395,47.71446],[-121.13206,47.7167],[-121.12416,47.71666],[-121.12312,47.71708],[-121.12259,47.71776],[-121.1225,47.71854],[-121.12277,47.71908],[-121.12322,47.71951],[-121.12448,47.71992],[-121.12943,47.7199],[-121.13278,47.72033],[-121.13478,47.72037],[-121.13608,47.72071],[-121.1369,47.72124],[-121.13767,47.72241],[-121.1379,47.72344],[-121.13784,47.72476],[-121.13686,47.7287],[-121.13645,47.72965],[-121.13565,47.73078],[-121.13444,47.73224],[-121.12861,47.73716],[-121.12705,47.7387],[-121.12512,47.74157],[-121.12208,47.74531],[-121.12114,47.74626],[-121.11911,47.747],[-121.11748,47.74719],[-121.10545,47.74756],[-121.10201,47.748],[-121.10069,47.748],[-121.09861,47.74773],[-121.09688,47.74721],[-121.0925,47.74514],[-121.0911,47.74502],[-121.08983,47.7453],[-121.08892,47.7458],[-121.08781,47.74679],[-121.08669,47.74738],[-121.08482,47.74803],[-121.08044,47.75084],[-121.07834,47.7529],[-121.07601,47.75604],[-121.07553,47.75738],[-121.07525,47.75888],[-121.07526,47.7598],[-121.07551,47.76069],[-121.07657,47.76274],[-121.07731,47.76462],[-121.07759,47.76575],[-121.07776,47.76794],[-121.07768,47.7687],[-121.0772,47.76978],[-121.07607,47.77098],[-121.07431,47.77242],[-121.06968,47.77533],[-121.06579,47.77802],[-121.06282,47.77958],[-121.06108,47.78026],[-121.05482,47.78168],[-121.0533,47.78167],[-121.04978,47.78095],[-121.04841,47.78086],[-121.04291,47.78165],[-121.0368,47.78402],[-121.03508,47.78438],[-121.03108,47.78406],[-121.02982,47.78377],[-121.02874,47.78331],[-121.02736,47.78232],[-121.02322,47.7774],[-121.02236,47.77671],[-121.0148,47.77309],[-121.01301,47.77272],[-121.00617,47.77276],[-121.00353,47.77243],[-121.00163,47.77176],[-120.99964,47.77],[-120.99795,47.76914],[-120.98995,47.76703],[-120.98856,47.76696],[-120.98733,47.76712],[-120.98624,47.76751],[-120.98509,47.76832],[-120.98343,47.7702],[-120.98207,47.77086],[-120.98118,47.77103],[-120.97543,47.77125],[-120.97247,47.77184],[-120.9662,47.77426],[-120.96469,47.77463],[-120.95985,47.77453],[-120.95845,47.77485],[-120.95569,47.77584],[-120.95164,47.77596],[-120.94952,47.77641],[-120.94781,47.77716],[-120.9418,47.78122],[-120.94003,47.78187],[-120.93873,47.78188],[-120.93619,47.78146],[-120.9349,47.78152],[-120.93034,47.78324],[-120.92828,47.78358],[-120.92668,47.78358],[-120.92386,47.78307],[-120.91772,47.78067],[-120.91375,47.7798],[-120.91212,47.77968],[-120.9105,47.7801],[-120.9084,47.78138],[-120.90744,47.78171],[-120.90298,47.78281],[-120.9014,47.78297],[-120.89685,47.78269],[-120.89555,47.78284],[-120.89447,47.78327],[-120.89393,47.7837],[-120.89332,47.78459],[-120.89256,47.78633],[-120.89196,47.78688],[-120.89079,47.78744],[-120.88932,47.78773],[-120.88485,47.78746],[-120.88335,47.78763],[-120.87947,47.78968],[-120.87468,47.79112],[-120.87227,47.79132],[-120.86549,47.79056],[-120.86346,47.79018],[-120.86198,47.78967],[-120.85974,47.78847],[-120.85809,47.78785],[-120.85313,47.78755],[-120.85097,47.78712],[-120.83621,47.78152],[-120.82754,47.77857],[-120.80986,47.77143],[-120.78897,47.76436],[-120.7867,47.76412],[-120.7849,47.76423],[-120.78268,47.76479],[-120.77649,47.76694],[-120.77321,47.76726],[-120.77092,47.76701],[-120.76502,47.76575],[-120.76172,47.76526],[-120.74699,47.76358],[-120.7458,47.76332],[-120.74421,47.76254],[-120.74314,47.76153],[-120.73842,47.75492],[-120.73762,47.75285],[-120.73746,47.75146],[-120.73773,47.74176],[-120.73916,47.73056],[-120.73899,47.72956],[-120.73867,47.7289],[-120.73691,47.72678],[-120.73652,47.72549],[-120.73679,47.72209],[-120.737,47.72124],[-120.74152,47.712],[-120.74331,47.70561],[-120.7449,47.70189],[-120.74578,47.69876],[-120.7458,47.69763],[-120.74542,47.69668],[-120.74472,47.69582],[-120.74015,47.69274],[-120.73789,47.69043],[-120.73697,47.68883],[-120.73625,47.68718],[-120.73518,47.68415],[-120.73461,47.68079],[-120.7341,47.67626],[-120.73426,47.6749],[-120.73479,47.67376],[-120.73504,47.67201],[-120.73636,47.66727],[-120.73643,47.66593],[-120.73621,47.66496],[-120.73591,47.66449],[-120.73524,47.66395],[-120.73235,47.6626],[-120.73118,47.66185],[-120.72927,47.65965],[-120.72902,47.65874],[-120.72973,47.65624],[-120.72951,47.65511],[-120.72861,47.65418],[-120.72492,47.65177],[-120.72407,47.65083],[-120.72385,47.65023],[-120.72384,47.6478],[-120.72349,47.64543],[-120.72297,47.64468],[-120.72114,47.6429],[-120.72009,47.64065],[-120.72006,47.6397],[-120.72056,47.63888],[-120.7212,47.6384],[-120.72346,47.63738],[-120.72461,47.63645],[-120.72611,47.63326],[-120.72736,47.63194],[-120.72782,47.6311],[-120.72779,47.63055],[-120.72683,47.62805],[-120.72546,47.62584],[-120.7253,47.62401],[-120.7245,47.62181],[-120.724,47.61895],[-120.72327,47.61767],[-120.72091,47.61596],[-120.71946,47.61425],[-120.71836,47.61046],[-120.71769,47.60899],[-120.71656,47.60717],[-120.71614,47.60532],[-120.71538,47.60396],[-120.71532,47.60339],[-120.71561,47.60236],[-120.71552,47.60156],[-120.71523,47.6011],[-120.71393,47.59986],[-120.71354,47.59924],[-120.71332,47.59839],[-120.7133,47.5962],[-120.7121,47.59362],[-120.71048,47.59182],[-120.70991,47.5905],[-120.70879,47.58878],[-120.70821,47.58818],[-120.7067,47.58713],[-120.70531,47.58563],[-120.70339,47.58469],[-120.70179,47.58415],[-120.6963,47.58406],[-120.69274,47.58481],[-120.68903,47.58609],[-120.68701,47.58659],[-120.68522,47.58759],[-120.68435,47.58783],[-120.68336,47.58784],[-120.68042,47.5871],[-120.67866,47.5872],[-120.67253,47.58968],[-120.66617,47.59369],[-120.65699,47.59843],[-120.65616,47.59877],[-120.65479,47.59903],[-120.65302,47.599],[-120.65207,47.59877],[-120.63925,47.59366],[-120.63637,47.5921],[-120.63032,47.58994],[-120.62827,47.58879],[-120.61943,47.5828],[-120.61835,47.58233],[-120.61574,47.5817],[-120.61451,47.58114],[-120.61352,47.5803],[-120.6129,47.57904],[-120.61312,47.5745],[-120.61287,47.57362],[-120.61173,47.57258],[-120.60913,47.57156],[-120.60796,47.57076],[-120.60731,47.57003],[-120.60529,47.56673],[-120.60392,47.56535],[-120.57866,47.55098],[-120.57758,47.55016],[-120.5746,47.54718],[-120.56869,47.5433],[-120.5562,47.53726],[-120.55204,47.53557],[-120.54873,47.53465],[-120.54595,47.53415],[-120.54207,47.53386],[-120.53902,47.53395],[-120.51979,47.53572],[-120.51575,47.53577],[-120.51224,47.53542],[-120.50931,47.53483],[-120.50622,47.53386],[-120.49745,47.53014],[-120.49517,47.52933],[-120.49178,47.5285],[-120.48541,47.52747],[-120.48407,47.52675],[-120.48239,47.52516],[-120.48097,47.52456],[-120.48005,47.5244],[-120.47857,47.52447],[-120.47187,47.52585],[-120.46897,47.52608],[-120.46628,47.52573],[-120.45972,47.5238],[-120.45808,47.52311],[-120.4535,47.52008],[-120.45256,47.51918],[-120.45052,47.51653],[-120.44966,47.51574],[-120.44803,47.51465],[-120.43128,47.50759],[-120.42955,47.50668],[-120.42819,47.50574],[-120.42682,47.50451],[-120.42169,47.49827],[-120.42121,47.49699],[-120.42066,47.49382],[-120.41957,47.49209],[-120.41793,47.49073],[-120.41209,47.48683],[-120.4091,47.48513],[-120.40704,47.48426],[-120.4038,47.48324],[-120.36164,47.47424],[-120.34335,47.46945],[-120.34146,47.46882],[-120.33907,47.46747],[-120.33818,47.46677],[-120.33809,47.46654],[-120.33827,47.46617],[-120.33886,47.4661],[-120.33917,47.46633],[-120.33913,47.46677],[-120.339,47.4669],[-120.33685,47.46874],[-120.33584,47.46936],[-120.32742,47.47183],[-120.32493,47.47216],[-120.3227,47.47204],[-120.31283,47.47064],[-120.30535,47.46996],[-120.3042,47.46956],[-120.30125,47.46788],[-120.29947,47.46779],[-120.30036,47.46995],[-120.30042,47.476],[-120.30137,47.4781],[-120.30158,47.47958],[-120.301,47.48359],[-120.30076,47.48426],[-120.30034,47.48497],[-120.29792,47.48792],[-120.29744,47.48902],[-120.29725,47.51356],[-120.29694,47.51492],[-120.29627,47.51613],[-120.29505,47.51736],[-120.28921,47.52079],[-120.28701,47.52274],[-120.28601,47.52454],[-120.28377,47.53098],[-120.2831,47.53193],[-120.28091,47.53394],[-120.2797,47.53479],[-120.27811,47.53562],[-120.26408,47.54097],[-120.26192,47.542],[-120.25852,47.54483],[-120.25488,47.54823],[-120.25417,47.54912],[-120.25368,47.55018],[-120.2535,47.55157],[-120.2537,47.55267],[-120.25472,47.55545],[-120.25468,47.55645],[-120.25432,47.55735],[-120.24982,47.56463],[-120.24839,47.56664],[-120.23829,47.57784],[-120.2371,47.57949],[-120.2361,47.58135],[-120.23391,47.58658],[-120.23182,47.58984],[-120.2311,47.59123],[-120.22847,47.59845],[-120.22675,47.60327],[-120.22615,47.60552],[-120.22621,47.60652],[-120.22648,47.60746],[-120.22805,47.61026],[-120.22835,47.61223],[-120.22813,47.62298],[-120.22753,47.62433],[-120.22671,47.62528],[-120.22571,47.62598],[-120.22451,47.62653],[-120.22208,47.62705],[-120.21875,47.62702],[-120.21028,47.62637],[-120.20806,47.62663],[-120.20477,47.62755],[-120.20185,47.63002],[-120.20106,47.63052],[-120.1964,47.63244],[-120.19522,47.63272],[-120.19273,47.63272],[-120.18946,47.63184],[-120.18469,47.63184],[-120.18206,47.63126],[-120.18071,47.63143],[-120.17994,47.63191],[-120.17922,47.63313],[-120.17848,47.6336],[-120.17535,47.63427],[-120.17231,47.6347],[-120.16822,47.63641],[-120.16778,47.6369],[-120.16747,47.63792],[-120.16685,47.63885],[-120.16521,47.63986],[-120.1612,47.64332],[-120.15921,47.64409],[-120.15826,47.64467],[-120.15765,47.64538],[-120.15705,47.64692],[-120.15586,47.6478],[-120.15077,47.65009],[-120.14795,47.65039],[-120.14601,47.65164],[-120.14442,47.6523],[-120.13963,47.65366],[-120.13728,47.65476],[-120.13515,47.65627],[-120.1332,47.65705],[-120.13202,47.65816],[-120.13086,47.65899],[-120.13038,47.66002],[-120.12995,47.66231],[-120.1293,47.663],[-120.12835,47.66335],[-120.12744,47.66339],[-120.12641,47.66316],[-120.12572,47.66274],[-120.12525,47.6621],[-120.12533,47.66113],[-120.1268,47.65885],[-120.12687,47.65805],[-120.12646,47.65713],[-120.12576,47.65647],[-120.12094,47.65364],[-120.1189,47.65282],[-120.08334,47.64187],[-120.07521,47.64181],[-120.07455,47.64201],[-120.07412,47.64259],[-120.07411,47.64576],[-120.07377,47.64668],[-120.07376,47.64737],[-120.07145,47.64739],[-120.07144,47.6492],[-120.05536,47.64916],[-120.05286,47.64874],[-120.05124,47.64795],[-120.04626,47.64446],[-120.04384,47.64222],[-120.03757,47.63386],[-120.03736,47.63336],[-120.0372,47.63149],[-120.03691,47.6308],[-120.0349,47.62869],[-120.03326,47.62751],[-120.0275,47.62401],[-120.02597,47.62343],[-120.02038,47.62256],[-120.0074,47.62192],[-120.00434,47.62102],[-120.00384,47.62068],[-120.00362,47.62022],[-120.00376,47.61972],[-120.00472,47.61847],[-120.00468,47.61775],[-120.00439,47.61729],[-119.9999,47.61378],[-119.99868,47.61317],[-119.99691,47.61269],[-119.99579,47.61258],[-119.80888,47.61267],[-119.7579,47.61254],[-119.75644,47.61232],[-119.75436,47.61175],[-119.7493,47.60941],[-119.73977,47.60606],[-119.7375,47.60498],[-119.73606,47.60383],[-119.73231,47.59939],[-119.72553,47.59542],[-119.72209,47.59198],[-119.72021,47.59088],[-119.71747,47.59023],[-119.7134,47.59024],[-119.71189,47.58995],[-119.71032,47.58907],[-119.70839,47.58714],[-119.7066,47.58632],[-119.70516,47.58607],[-119.70163,47.58594],[-119.69598,47.58436],[-119.69301,47.58417],[-119.69039,47.58464],[-119.68869,47.58535],[-119.68781,47.58591],[-119.67012,47.59938],[-119.66843,47.60119],[-119.6655,47.60521],[-119.66482,47.6059],[-119.66361,47.60658],[-119.66178,47.60697],[-119.64489,47.60666],[-119.64294,47.60649],[-119.64034,47.60606],[-119.61217,47.60005],[-119.61033,47.59971],[-119.60662,47.59934],[-119.55894,47.59939],[-119.53768,47.59965],[-119.51891,47.59968],[-119.51674,47.60005],[-119.51459,47.60095],[-119.50987,47.60473],[-119.50702,47.60604],[-119.50584,47.60637],[-119.50318,47.60677],[-119.49452,47.6068],[-119.49201,47.60729],[-119.46593,47.61894],[-119.4649,47.61936],[-119.46338,47.61972],[-119.41369,47.61983],[-119.38114,47.62359],[-119.37962,47.62351],[-119.37752,47.62311],[-119.36937,47.61997],[-119.36673,47.61948],[-119.36421,47.6194],[-119.36096,47.61988],[-119.33811,47.62622],[-119.33486,47.62662],[-119.33201,47.62644],[-119.32971,47.62595],[-119.29525,47.61585],[-119.29396,47.61568],[-119.29184,47.61582],[-119.2869,47.61746],[-119.28413,47.61869],[-119.26218,47.63008],[-119.26151,47.63086],[-119.26135,47.6317],[-119.26305,47.63729],[-119.26282,47.63799],[-119.26197,47.63882],[-119.25692,47.64129],[-119.25609,47.6419],[-119.25545,47.64295],[-119.25508,47.64512],[-119.25465,47.6464],[-119.25312,47.64816],[-119.25218,47.64882],[-119.25063,47.64957],[-119.19431,47.66542],[-119.19059,47.66599],[-119.12448,47.68451],[-119.12233,47.68479],[-119.05896,47.68446],[-118.9879,47.68448],[-118.98664,47.68461],[-118.9845,47.68533],[-118.95833,47.69872],[-118.95294,47.70108],[-118.7955,47.75576],[-118.79272,47.75653],[-118.79066,47.75692],[-118.78741,47.75728],[-118.76752,47.75738],[-118.76417,47.75765],[-118.72488,47.76358],[-118.72275,47.76347],[-118.7214,47.76319],[-118.71214,47.7602],[-118.70168,47.75777],[-118.69957,47.75766],[-118.6752,47.75788],[-118.66498,47.75643],[-118.66256,47.75627],[-118.65964,47.75641],[-118.64696,47.75788],[-118.61578,47.75785],[-118.6124,47.75796],[-118.54805,47.76339],[-118.54641,47.76338],[-118.54375,47.76303],[-118.52938,47.75921],[-118.52703,47.75872],[-118.52474,47.7586],[-118.50821,47.75872],[-118.50583,47.7585],[-118.50429,47.75816],[-118.48359,47.75104],[-118.4804,47.74965],[-118.47839,47.74819],[-118.47713,47.7468],[-118.47669,47.7461],[-118.4761,47.74477],[-118.4734,47.73704],[-118.47262,47.73575],[-118.47127,47.73459],[-118.39792,47.69564],[-118.3941,47.69357],[-118.38107,47.68578],[-118.37922,47.68461],[-118.37817,47.68371],[-118.37061,47.67571],[-118.36835,47.67371],[-118.36624,47.67232],[-118.35176,47.66432],[-118.35097,47.66371],[-118.34553,47.65831],[-118.34413,47.65728],[-118.31879,47.64571],[-118.31373,47.64406],[-118.30885,47.64317],[-118.30548,47.6429],[-118.29039,47.64263],[-118.21791,47.64269],[-118.21554,47.64295],[-118.1624,47.65364],[-118.1585,47.65404],[-118.14346,47.65413],[-118.14225,47.65431],[-118.13861,47.65556],[-118.13529,47.6564],[-118.13199,47.65694],[-118.12797,47.65724],[-118.10798,47.65722],[-118.03373,47.65789],[-117.98665,47.65772],[-117.95254,47.65796],[-117.94724,47.65866],[-117.9007,47.6687],[-117.89597,47.66917],[-117.89154,47.6693],[-117.867,47.66956],[-117.8639,47.66918],[-117.82016,47.65762],[-117.81797,47.65677],[-117.7914,47.64488],[-117.78909,47.64408],[-117.78653,47.64364],[-117.73276,47.64348],[-117.66862,47.64292],[-117.56408,47.64288],[-117.53539,47.6432],[-117.50364,47.64302],[-117.5021,47.64284],[-117.50053,47.64241],[-117.47957,47.63322],[-117.47829,47.63285],[-117.47745,47.63285],[-117.47667,47.63306],[-117.47606,47.63342],[-117.47432,47.63612],[-117.47284,47.63712],[-117.4495,47.64735],[-117.44472,47.64933],[-117.44182,47.65017],[-117.43632,47.65132],[-117.4291,47.65254],[-117.41334,47.65266],[-117.40271,47.65206],[-117.39574,47.65197],[-117.39294,47.65211],[-117.3921,47.65247],[-117.39152,47.65314],[-117.39147,47.65382],[-117.39188,47.65455],[-117.39388,47.65607],[-117.39473,47.65705],[-117.39635,47.66111],[-117.39655,47.66288],[-117.39651,47.67793],[-117.39673,47.67916],[-117.39669,47.68253],[-117.39658,47.684],[-117.39623,47.68451],[-117.39543,47.68504],[-117.3952,47.68557],[-117.39502,47.70071],[-117.39532,47.70952],[-117.39537,47.71683],[-117.3952,47.72986],[-117.39546,47.74395],[-117.3952,47.75392],[-117.39541,47.7545],[-117.3962,47.75524],[-117.39621,47.75546],[-117.38413,47.76807],[-117.38263,47.7694],[-117.37925,47.77188],[-117.37485,47.77451],[-117.37121,47.77621],[-117.36726,47.7777],[-117.35735,47.78095],[-117.35625,47.78154],[-117.35473,47.78285],[-117.35421,47.78363],[-117.34779,47.80575],[-117.3471,47.80908],[-117.34691,47.81165],[-117.34696,47.82291],[-117.3472,47.82447],[-117.34826,47.82664],[-117.35271,47.83237],[-117.35318,47.83331],[-117.35355,47.83467],[-117.35625,47.86709],[-117.35771,47.88084],[-117.35753,47.88244],[-117.35697,47.88386],[-117.35457,47.88729],[-117.35374,47.88933],[-117.35257,47.89468],[-117.35011,47.9105],[-117.35014,47.92378],[-117.35027,47.92467],[-117.35138,47.92777],[-117.35147,47.92852],[-117.3511,47.93814],[-117.35036,47.94217],[-117.35069,47.94355],[-117.35233,47.94708],[-117.3527,47.94965],[-117.35235,47.9521],[-117.35018,47.95728],[-117.34965,47.95919],[-117.34954,47.96024],[-117.34975,48.03659],[-117.34954,48.03754],[-117.34905,48.03862],[-117.34422,48.04589],[-117.34364,48.04728],[-117.34355,48.04843],[-117.34449,48.06006],[-117.34437,48.06127],[-117.34392,48.06235],[-117.34249,48.06396],[-117.33472,48.06899],[-117.33385,48.06988],[-117.33332,48.07069],[-117.33154,48.07468],[-117.3309,48.07556],[-117.3293,48.07677],[-117.32666,48.0779],[-117.32552,48.07857],[-117.32458,48.07942],[-117.32383,48.08058],[-117.32356,48.0815],[-117.32359,48.08269],[-117.32385,48.08345],[-117.32534,48.08622],[-117.32603,48.08907],[-117.32581,48.09063],[-117.32514,48.09175],[-117.32459,48.09231],[-117.32303,48.09334],[-117.32141,48.09393],[-117.31799,48.09456],[-117.31474,48.0956],[-117.30929,48.09624],[-117.30539,48.09763],[-117.29963,48.0986],[-117.29711,48.09848],[-117.2911,48.09688],[-117.28859,48.09656],[-117.27232,48.09737],[-117.25945,48.09734],[-117.25713,48.09757],[-117.2548,48.09815],[-117.25238,48.09919],[-117.242,48.10511],[-117.24012,48.10604],[-117.21808,48.1137],[-117.21711,48.11412],[-117.20894,48.11881],[-117.20691,48.11977],[-117.19076,48.1249],[-117.16072,48.13961],[-117.13495,48.14748],[-117.1326,48.14772],[-117.1232,48.14817],[-117.11892,48.14879],[-117.11524,48.14995],[-117.11141,48.15176],[-117.10227,48.15452],[-117.08608,48.16169],[-117.08491,48.16251],[-117.07986,48.16737],[-117.07913,48.1679],[-117.0624,48.1754],[-117.06099,48.17586],[-117.05889,48.17616],[-117.04931,48.17597],[-117.04849,48.17618],[-117.04421,48.17799],[-117.04269,48.17808],[-117.04251,48.18399],[-117.03748,48.184],[-117.03071,48.18649],[-117.02863,48.18689],[-117.02605,48.18687],[-117.01353,48.18456],[-117.00807,48.18371],[-116.99888,48.18263],[-116.99678,48.18206],[-116.99349,48.18076],[-116.99082,48.18037],[-116.98122,48.18019],[-116.97134,48.18078],[-116.89177,48.18053],[-116.88954,48.18032],[-116.88733,48.17953],[-116.88397,48.17752],[-116.88128,48.17622],[-116.87099,48.1724],[-116.86711,48.17043],[-116.86475,48.16871],[-116.8422,48.14953],[-116.84033,48.14849],[-116.83781,48.1479],[-116.83576,48.14789],[-116.8335,48.14838],[-116.82395,48.15307],[-116.82084,48.154],[-116.81842,48.15438],[-116.79943,48.15564],[-116.79749,48.15591],[-116.78642,48.15887],[-116.77692,48.16334],[-116.77481,48.16419],[-116.75366,48.1708],[-116.74785,48.17276],[-116.73351,48.17967],[-116.73134,48.18107],[-116.72981,48.18232],[-116.72373,48.18882],[-116.7205,48.1935],[-116.71999,48.19472],[-116.71977,48.19612],[-116.71989,48.1975],[-116.72179,48.2035],[-116.72185,48.20418],[-116.72161,48.20514],[-116.72012,48.20752],[-116.71999,48.20806],[-116.71987,48.21217],[-116.71934,48.21365],[-116.71821,48.21494],[-116.71593,48.21654],[-116.71449,48.2179],[-116.7118,48.22196],[-116.71097,48.22297],[-116.70799,48.22544],[-116.70194,48.2294],[-116.70119,48.23023],[-116.70013,48.23206],[-116.69823,48.234],[-116.69743,48.23548],[-116.69468,48.2451],[-116.69147,48.2504],[-116.69069,48.2512],[-116.68971,48.25179],[-116.68544,48.2534],[-116.67337,48.25851],[-116.67151,48.25902],[-116.66991,48.2591],[-116.66012,48.25738],[-116.65886,48.25694],[-116.65076,48.25325],[-116.64877,48.25262],[-116.64659,48.25221],[-116.64455,48.25206],[-116.61435,48.25243],[-116.60967,48.25309],[-116.60569,48.25259],[-116.60446,48.25265],[-116.59488,48.25475],[-116.59116,48.25606],[-116.58639,48.2582],[-116.55619,48.27297],[-116.5556,48.27309],[-116.54777,48.27312],[-116.54783,48.2761],[-116.55347,48.27611],[-116.55347,48.27989],[-116.55297,48.2809],[-116.55268,48.28374],[-116.55316,48.28813],[-116.55293,48.2888],[-116.55256,48.28921],[-116.55125,48.28977],[-116.54875,48.29034],[-116.54782,48.29037],[-116.54722,48.2901],[-116.54708,48.28972],[-116.54749,48.28927],[-116.54815,48.28921],[-116.54866,48.2894],[-116.54894,48.28997],[-116.54894,48.29166],[-116.54893,48.2925],[-116.54866,48.29572],[-116.54804,48.29733],[-116.54778,48.29871],[-116.54651,48.30118],[-116.54615,48.30292],[-116.54626,48.32624],[-116.54649,48.32697],[-116.54768,48.32926],[-116.548,48.33039],[-116.54712,48.37322],[-116.5467,48.37509],[-116.54521,48.37809],[-116.54392,48.38232],[-116.54332,48.38361],[-116.53772,48.39356],[-116.53503,48.39691],[-116.53393,48.39806],[-116.52985,48.40149],[-116.52822,48.40504],[-116.52524,48.40873],[-116.5239,48.4096],[-116.51899,48.41157],[-116.51832,48.41206],[-116.51668,48.41388],[-116.51559,48.41457],[-116.5094,48.41654],[-116.50399,48.4188],[-116.50197,48.41997],[-116.49809,48.42266],[-116.49669,48.42403],[-116.49154,48.43342],[-116.47709,48.4533],[-116.45887,48.48797],[-116.44879,48.50095],[-116.44792,48.50227],[-116.446,48.50617],[-116.44368,48.51338],[-116.44359,48.51767],[-116.4432,48.51864],[-116.44245,48.51933],[-116.44034,48.52069],[-116.43662,48.52455],[-116.43193,48.52742],[-116.40554,48.5493],[-116.39211,48.56795],[-116.3905,48.57102],[-116.38875,48.57566],[-116.37551,48.60224],[-116.37389,48.6036],[-116.36186,48.60992],[-116.36028,48.61092],[-116.35146,48.62027],[-116.35056,48.62194],[-116.34947,48.62617],[-116.34828,48.62897],[-116.34807,48.63113],[-116.34757,48.63327],[-116.34775,48.63463],[-116.35065,48.64325],[-116.3507,48.64447],[-116.35043,48.64541],[-116.34962,48.6467],[-116.34663,48.64951],[-116.34559,48.65187],[-116.34476,48.6531],[-116.34095,48.65629],[-116.33776,48.66145],[-116.33741,48.66229],[-116.33725,48.66336],[-116.33727,48.67224],[-116.33713,48.67286],[-116.33674,48.67351],[-116.31649,48.68724],[-116.31623,48.68774],[-116.31641,48.69222],[-116.31621,48.69279],[-116.3158,48.69311],[-116.3101,48.69567],[-116.30953,48.6961],[-116.30935,48.69668],[-116.30959,48.69724],[-116.31024,48.6977],[-116.312,48.69845],[-116.31393,48.7009],[-116.31427,48.70173],[-116.31419,48.70239],[-116.31384,48.70295],[-116.31154,48.70489],[-116.31022,48.70717],[-116.30952,48.70801],[-116.30868,48.70859],[-116.30598,48.70959],[-116.30504,48.7101],[-116.30409,48.71105],[-116.30383,48.71198],[-116.30401,48.71265],[-116.30473,48.7135],[-116.30539,48.71394],[-116.30793,48.71509],[-116.30915,48.71594],[-116.31,48.71676],[-116.31066,48.71794],[-116.31075,48.71873],[-116.31064,48.71938],[-116.31018,48.72032],[-116.3095,48.72105],[-116.3053,48.72382],[-116.30379,48.72526],[-116.29997,48.73125],[-116.24705,48.73161],[-116.2449,48.73142],[-116.21361,48.72686],[-116.20827,48.72659],[-116.20429,48.72692],[-116.20041,48.72769],[-116.19815,48.72837],[-116.19533,48.72952],[-116.191,48.73178],[-116.18906,48.7323],[-116.18681,48.73245],[-116.18417,48.73209],[-116.18228,48.73136],[-116.16992,48.72305],[-116.16842,48.72241],[-116.16693,48.72205],[-116.16233,48.7216],[-116.16009,48.72182],[-116.15271,48.72498],[-116.15058,48.72563],[-116.14821,48.72598],[-116.14569,48.726],[-116.14308,48.72564],[-116.14072,48.72492],[-116.1384,48.72373],[-116.13724,48.72284],[-116.13605,48.72152],[-116.1201,48.69855],[-116.1186,48.69683],[-116.11672,48.69518],[-116.11307,48.69296],[-116.11059,48.69189],[-116.10669,48.69053],[-116.10334,48.68984],[-116.09907,48.68973],[-116.097,48.68943],[-116.09444,48.68853],[-116.09322,48.68783],[-116.09207,48.68689],[-116.09091,48.68518],[-116.08595,48.67186],[-116.08501,48.66987],[-116.08352,48.66766],[-116.07965,48.66285],[-116.07739,48.66065],[-116.07529,48.65915],[-116.07341,48.6581],[-116.06225,48.65281],[-116.0614,48.65223],[-116.06103,48.65182],[-116.06068,48.651],[-116.06073,48.64797],[-116.0605,48.64697],[-116.05887,48.64436],[-116.05401,48.63731],[-116.05283,48.63618],[-116.04993,48.63404],[-116.04795,48.63197],[-116.04685,48.63105],[-116.03946,48.62686],[-116.03617,48.62427],[-116.03077,48.61845],[-116.03007,48.61721],[-116.02866,48.61385],[-116.02729,48.61215],[-116.02588,48.61115],[-116.01662,48.60631],[-116.01384,48.60521],[-116.00575,48.60256],[-116.00438,48.60198],[-115.99454,48.59613],[-115.99259,48.59458],[-115.98464,48.5865],[-115.98409,48.5857],[-115.98387,48.58497],[-115.98399,48.58276],[-115.98357,48.58128],[-115.9811,48.57802],[-115.97996,48.57571],[-115.97824,48.57446],[-115.97746,48.57321],[-115.97571,48.57204],[-115.97413,48.56884],[-115.97313,48.56743],[-115.97292,48.56629],[-115.97347,48.5645],[-115.97323,48.56356],[-115.95341,48.53396],[-115.95191,48.53216],[-115.94957,48.5298],[-115.94379,48.52485],[-115.9208,48.50097],[-115.91936,48.4987],[-115.91779,48.49459],[-115.9169,48.49288],[-115.90405,48.47875],[-115.90245,48.47684],[-115.90107,48.4748],[-115.89932,48.47143],[-115.89743,48.46597],[-115.89254,48.45778],[-115.8917,48.45666],[-115.89019,48.45534],[-115.88536,48.45214],[-115.8833,48.45105],[-115.87818,48.44883],[-115.87647,48.44777],[-115.87526,48.44637],[-115.87399,48.44348],[-115.8735,48.44294],[-115.87229,48.4421],[-115.86255,48.43798],[-115.85989,48.43733],[-115.85741,48.43725],[-115.84408,48.43828],[-115.8385,48.43896],[-115.82699,48.44088],[-115.82372,48.44182],[-115.81581,48.44472],[-115.81414,48.44511],[-115.81225,48.44522],[-115.80482,48.44473],[-115.80175,48.44484],[-115.79726,48.44538],[-115.77971,48.44828],[-115.77796,48.44877],[-115.777,48.44921],[-115.77431,48.45092],[-115.77237,48.4518],[-115.77002,48.45243],[-115.76763,48.45265],[-115.76596,48.45259],[-115.73955,48.44906],[-115.737,48.44849],[-115.73316,48.44729],[-115.73142,48.44698],[-115.72924,48.44685],[-115.72196,48.44699],[-115.7164,48.44737],[-115.71276,48.44743],[-115.69296,48.44657],[-115.68283,48.44575],[-115.67299,48.44452],[-115.66969,48.44443],[-115.66503,48.44473],[-115.66353,48.44463],[-115.6612,48.44406],[-115.65374,48.4409],[-115.65029,48.43962],[-115.64087,48.43701],[-115.63934,48.43622],[-115.6359,48.43391],[-115.63445,48.43311],[-115.62586,48.42913],[-115.61171,48.42402],[-115.60969,48.42266],[-115.60062,48.41169],[-115.59895,48.41039],[-115.58177,48.40243],[-115.57587,48.39922],[-115.57191,48.39687],[-115.56959,48.39572],[-115.56575,48.39413],[-115.55737,48.38884],[-115.54934,48.38626],[-115.54881,48.38597],[-115.54833,48.38524],[-115.54825,48.37955],[-115.54757,48.37768],[-115.54294,48.37039],[-115.53265,48.35726],[-115.5314,48.35602],[-115.52999,48.35506],[-115.5197,48.34945],[-115.51874,48.34869],[-115.5177,48.34726],[-115.51752,48.34662],[-115.5175,48.34557],[-115.51899,48.33239],[-115.51939,48.32973],[-115.52035,48.32599],[-115.52204,48.30634],[-115.522,48.30536],[-115.52156,48.30391],[-115.50977,48.28029],[-115.50862,48.27849],[-115.50667,48.27638],[-115.49627,48.26748],[-115.48542,48.2509],[-115.48481,48.24944],[-115.48125,48.22977],[-115.48063,48.22838],[-115.47616,48.22397],[-115.47327,48.22159],[-115.46251,48.21472],[-115.46157,48.21396],[-115.45343,48.20243],[-115.44821,48.1961],[-115.44503,48.19344],[-115.44378,48.19157],[-115.44331,48.19002],[-115.44262,48.18454],[-115.4426,48.18355],[-115.44279,48.18262],[-115.44385,48.18093],[-115.44745,48.17776],[-115.44816,48.17659],[-115.44838,48.17557],[-115.44364,48.15738],[-115.4431,48.14956],[-115.44252,48.14798],[-115.43293,48.13484],[-115.4317,48.13239],[-115.4298,48.12726],[-115.42809,48.12461],[-115.42666,48.12311],[-115.40858,48.10759],[-115.4073,48.10627],[-115.40517,48.10358],[-115.40067,48.10051],[-115.39908,48.09852],[-115.39809,48.09761],[-115.3965,48.09671],[-115.39462,48.0961],[-115.39258,48.09584],[-115.38883,48.09569],[-115.38746,48.0954],[-115.38586,48.09464],[-115.38473,48.09362],[-115.38397,48.0921],[-115.3767,48.0724],[-115.37567,48.071],[-115.37284,48.06845],[-115.37219,48.06733],[-115.37206,48.0663],[-115.3725,48.06187],[-115.37241,48.06103],[-115.36542,48.03962],[-115.36414,48.03518],[-115.36294,48.03382],[-115.35365,48.02692],[-115.35233,48.02625],[-115.3504,48.02556],[-115.34928,48.02528],[-115.3463,48.02496],[-115.34324,48.02516],[-115.3407,48.0258],[-115.29096,48.04283],[-115.2857,48.04491],[-115.28324,48.0467],[-115.28141,48.04866],[-115.28076,48.04959],[-115.28015,48.05111],[-115.27967,48.05383],[-115.27884,48.05503],[-115.27169,48.06],[-115.27076,48.061],[-115.27036,48.06209],[-115.27065,48.06589],[-115.27057,48.06654],[-115.27025,48.0672],[-115.26968,48.06782],[-115.26821,48.06863],[-115.26619,48.06896],[-115.26155,48.06897],[-115.25103,48.07018],[-115.24961,48.07048],[-115.23632,48.07411],[-115.23449,48.07485],[-115.23075,48.07676],[-115.2266,48.07804],[-115.22322,48.07961],[-115.22167,48.08006],[-115.2208,48.08015],[-115.21919,48.08001],[-115.21689,48.07931],[-115.21547,48.07908],[-115.2137,48.07911],[-115.21258,48.07932],[-115.20449,48.08218],[-115.20077,48.08299],[-115.19984,48.08333],[-115.19867,48.08401],[-115.19649,48.08604],[-115.19512,48.08679],[-115.19344,48.08727],[-115.18823,48.08806],[-115.18694,48.08809],[-115.18512,48.08789],[-115.18215,48.08696],[-115.18024,48.08659],[-115.17066,48.0857],[-115.16765,48.08594],[-115.16266,48.08743],[-115.16032,48.08763],[-115.14958,48.08592],[-115.14672,48.0851],[-115.13511,48.08014],[-115.13373,48.07931],[-115.09156,48.04613],[-115.09019,48.04529],[-115.07801,48.04018],[-115.07021,48.03508],[-115.0689,48.03443],[-115.05958,48.03125],[-115.04535,48.02525],[-115.04226,48.02443],[-115.03777,48.02429],[-115.03643,48.02408],[-115.03205,48.02263],[-115.02817,48.02244],[-115.02705,48.02221],[-115.02564,48.0216],[-115.02275,48.01935],[-115.02136,48.01879],[-115.01943,48.01851],[-115.01719,48.01872],[-115.01509,48.01958],[-115.01381,48.0207],[-115.01286,48.02315],[-115.01223,48.02425],[-115.01156,48.02496],[-115.01016,48.02591],[-115.00926,48.02632],[-115.00686,48.02693],[-115.0043,48.02699],[-114.98933,48.02485],[-114.98544,48.02367],[-114.98327,48.02324],[-114.97956,48.02315],[-114.97742,48.02347],[-114.97235,48.02495],[-114.9638,48.02673],[-114.95569,48.0272],[-114.94926,48.03003],[-114.94486,48.03146],[-114.9415,48.03224],[-114.93903,48.03253],[-114.93525,48.03254],[-114.92053,48.03047],[-114.91868,48.03047],[-114.91739,48.03077],[-114.91428,48.03224],[-114.91337,48.0325],[-114.9096,48.03264],[-114.90846,48.03284],[-114.89665,48.0371],[-114.89215,48.03837],[-114.88827,48.03916],[-114.86292,48.04299],[-114.84161,48.04437],[-114.83952,48.04418],[-114.83831,48.04388],[-114.83712,48.04335],[-114.83591,48.04253],[-114.82335,48.029],[-114.82231,48.02821],[-114.82128,48.02773],[-114.81979,48.02735],[-114.81023,48.02589],[-114.80797,48.02592],[-114.8065,48.02616],[-114.785,48.03082],[-114.7837,48.03093],[-114.77059,48.03082],[-114.74995,48.03277],[-114.73572,48.03367],[-114.72919,48.03458],[-114.71972,48.03457],[-114.71833,48.03466],[-114.71646,48.03502],[-114.71387,48.03609],[-114.71285,48.03678],[-114.71182,48.03778],[-114.70601,48.04773],[-114.70455,48.04948],[-114.66942,48.07758],[-114.66762,48.07969],[-114.66407,48.08485],[-114.6526,48.09705],[-114.65136,48.09785],[-114.65029,48.0983],[-114.63816,48.10155],[-114.63569,48.10247],[-114.63358,48.10349],[-114.62681,48.10805],[-114.62502,48.10962],[-114.62198,48.11288],[-114.62107,48.11342],[-114.61961,48.11386],[-114.60327,48.11463],[-114.60118,48.1144],[-114.59901,48.1135],[-114.59611,48.11108],[-114.59197,48.10898],[-114.59076,48.10806],[-114.58758,48.10499],[-114.58612,48.10408],[-114.58383,48.10308],[-114.58138,48.10242],[-114.57934,48.10214],[-114.57419,48.10213],[-114.57152,48.1018],[-114.55466,48.09822],[-114.55186,48.09742],[-114.5436,48.0946],[-114.53663,48.0929],[-114.53231,48.09113],[-114.53087,48.09079],[-114.52872,48.09078],[-114.51801,48.09256],[-114.5034,48.09279],[-114.49301,48.09582],[-114.49095,48.09675],[-114.48694,48.0998],[-114.48568,48.10051],[-114.48041,48.10243],[-114.47621,48.10444],[-114.47369,48.10592],[-114.47198,48.10741],[-114.46539,48.11427],[-114.46422,48.11571],[-114.46294,48.11765],[-114.46199,48.11952],[-114.46125,48.12154],[-114.46063,48.12484],[-114.46006,48.1333],[-114.45979,48.13434],[-114.45936,48.13513],[-114.45842,48.13616],[-114.44024,48.15224],[-114.43379,48.16163],[-114.41956,48.17773],[-114.41801,48.17905],[-114.41244,48.1825],[-114.41015,48.18356],[-114.3825,48.19391],[-114.37364,48.19676],[-114.37159,48.19701],[-114.3621,48.19684],[-114.34119,48.19684],[-114.3398,48.19698],[-114.33815,48.1976],[-114.33461,48.19967],[-114.3323,48.20037],[-114.33066,48.20054],[-114.32446,48.20057],[-114.29703,48.20505],[-114.2961,48.20543],[-114.29529,48.20604],[-114.29412,48.20805],[-114.29316,48.20888],[-114.28012,48.213],[-114.27729,48.21412],[-114.27725,48.2227],[-114.27694,48.22413],[-114.27622,48.22623],[-114.27605,48.22751],[-114.27628,48.24688],[-114.27618,48.24889],[-114.27582,48.25011],[-114.24682,48.30808],[-114.24196,48.31797],[-114.24111,48.32038],[-114.24086,48.3222],[-114.24105,48.3614],[-114.24091,48.37015],[-114.24062,48.37047],[-114.24003,48.37068],[-114.23823,48.37071],[-114.18269,48.3707],[-114.18152,48.37039],[-114.17932,48.3684],[-114.17765,48.36759],[-114.17639,48.36729],[-114.17135,48.36674],[-114.16588,48.36453],[-114.16424,48.36406],[-114.16089,48.36364],[-114.1499,48.36377],[-114.14867,48.36403],[-114.14731,48.36462],[-114.12129,48.38307],[-114.11975,48.38389],[-114.11808,48.38439],[-114.1165,48.3846],[-114.111,48.38478],[-114.10703,48.38532],[-114.10345,48.38557],[-114.10213,48.38593],[-114.09752,48.38788],[-114.09533,48.38833],[-114.09347,48.38822],[-114.09217,48.38793],[-114.08889,48.38645],[-114.08319,48.38431],[-114.08168,48.38403],[-114.08022,48.38415],[-114.07603,48.38517],[-114.07326,48.38561],[-114.05471,48.38571],[-114.04756,48.38734],[-114.04569,48.38801],[-114.04302,48.38966],[-114.04168,48.39114],[-114.04118,48.39205],[-114.04078,48.39328],[-114.04074,48.39503],[-114.04374,48.40444],[-114.04485,48.4065],[-114.04872,48.4117],[-114.04921,48.4127],[-114.04929,48.41364],[-114.04892,48.41482],[-114.04375,48.42374],[-114.04308,48.42517],[-114.04257,48.42697],[-114.04234,48.42847],[-114.0426,48.43277],[-114.04245,48.43505],[-114.04169,48.43775],[-114.041,48.43925],[-114.04002,48.44086],[-114.03831,48.44297],[-114.03685,48.44438],[-114.03453,48.44617],[-114.03216,48.44759],[-114.02794,48.44964],[-114.02567,48.45043],[-114.01948,48.45166],[-114.01714,48.45243],[-114.01596,48.45308],[-114.00735,48.45922],[-113.99985,48.46372],[-113.99859,48.46465],[-113.99747,48.46588],[-113.99683,48.46706],[-113.99651,48.46835],[-113.99665,48.47003],[-113.99737,48.47162],[-114.00097,48.47641],[-114.00165,48.47802],[-114.00194,48.4797],[-114.00186,48.48106],[-114.00146,48.48265],[-114.00081,48.48396],[-113.99988,48.48525],[-113.99826,48.48682],[-113.99605,48.48826],[-113.98885,48.49117],[-113.97979,48.49556],[-113.97663,48.49728],[-113.97551,48.49768],[-113.97221,48.49844],[-113.96946,48.49862],[-113.96718,48.49826],[-113.95315,48.49335],[-113.95141,48.49303],[-113.94988,48.49302],[-113.94859,48.49323],[-113.94749,48.49362],[-113.94652,48.49414],[-113.9456,48.4949],[-113.94506,48.49573],[-113.94394,48.49918],[-113.94359,48.49964],[-113.94282,48.50012],[-113.94145,48.50049],[-113.93718,48.50054],[-113.93351,48.50148],[-113.93229,48.50156],[-113.93061,48.50107],[-113.92749,48.49841],[-113.92617,48.49779],[-113.92436,48.49769],[-113.92092,48.49871],[-113.91931,48.49846],[-113.91849,48.49779],[-113.91813,48.49619],[-113.91724,48.4953],[-113.91496,48.49413],[-113.91042,48.49259],[-113.90902,48.49228],[-113.90645,48.49233],[-113.90322,48.49332],[-113.90159,48.49358],[-113.89617,48.49349],[-113.89263,48.49406],[-113.88589,48.49437],[-113.88459,48.49423],[-113.88266,48.49362],[-113.87816,48.49115],[-113.87285,48.48995],[-113.87078,48.48975],[-113.86844,48.48993],[-113.86441,48.49118],[-113.86293,48.49129],[-113.86126,48.49094],[-113.85917,48.49],[-113.85659,48.48942],[-113.85375,48.48764],[-113.85127,48.48552],[-113.84948,48.48321],[-113.84798,48.47985],[-113.84727,48.47884],[-113.84065,48.47321],[-113.81533,48.44836],[-113.81448,48.44719],[-113.81082,48.43992],[-113.80989,48.43859],[-113.80831,48.43757],[-113.79956,48.43347],[-113.79872,48.43268],[-113.79654,48.42977],[-113.79517,48.42821],[-113.79307,48.42615],[-113.79223,48.42554],[-113.79088,48.42502],[-113.78937,48.42482],[-113.78276,48.42487],[-113.7778,48.42543],[-113.77616,48.42536],[-113.77478,48.42499],[-113.76524,48.42126],[-113.7603,48.41888],[-113.75828,48.41836],[-113.75638,48.41834],[-113.75358,48.41894],[-113.75204,48.41911],[-113.74406,48.4184],[-113.73845,48.41842],[-113.73205,48.41906],[-113.73121,48.41901],[-113.7303,48.41864],[-113.72696,48.41521],[-113.72484,48.41157],[-113.72308,48.40935],[-113.71856,48.40529],[-113.706,48.39189],[-113.70426,48.39052],[-113.69567,48.38554],[-113.6924,48.38328],[-113.69069,48.38189],[-113.68837,48.37972],[-113.68395,48.37477],[-113.68024,48.36978],[-113.6791,48.36899],[-113.67697,48.3682],[-113.67549,48.368],[-113.67079,48.36798],[-113.66933,48.36782],[-113.66634,48.36705],[-113.66455,48.36625],[-113.66253,48.36482],[-113.65498,48.35747],[-113.64495,48.34979],[-113.64409,48.34854],[-113.64179,48.34318],[-113.64113,48.3412],[-113.64107,48.33955],[-113.64121,48.3387],[-113.64187,48.33678],[-113.64198,48.33589],[-113.64178,48.33472],[-113.64102,48.33296],[-113.63973,48.33092],[-113.63828,48.32783],[-113.63415,48.32139],[-113.63245,48.31927],[-113.6263,48.31261],[-113.62476,48.3106],[-113.61577,48.29717],[-113.60684,48.28452],[-113.60651,48.2838],[-113.60638,48.2829],[-113.60726,48.28018],[-113.60729,48.27924],[-113.60689,48.27828],[-113.60546,48.27657],[-113.60417,48.27413],[-113.60384,48.27284],[-113.60381,48.27042],[-113.60357,48.26956],[-113.60315,48.26883],[-113.60259,48.26822],[-113.6015,48.26747],[-113.59867,48.26645],[-113.59556,48.26606],[-113.58656,48.26629],[-113.58558,48.26603],[-113.58421,48.26503],[-113.58112,48.2638],[-113.57903,48.26348],[-113.57802,48.26311],[-113.57629,48.26162],[-113.57413,48.25904],[-113.5716,48.25681],[-113.57054,48.25559],[-113.56912,48.25288],[-113.56881,48.25075],[-113.56694,48.24841],[-113.56583,48.2461],[-113.56558,48.24435],[-113.56596,48.24285],[-113.56689,48.24167],[-113.56875,48.23993],[-113.56938,48.2388],[-113.56947,48.23813],[-113.56935,48.23721],[-113.56868,48.23609],[-113.56722,48.23497],[-113.56498,48.23425],[-113.56065,48.23395],[-113.55441,48.23289],[-113.54989,48.23282],[-113.54305,48.23347],[-113.53754,48.23494],[-113.53383,48.23548],[-113.53207,48.236],[-113.52835,48.23767],[-113.52666,48.23818],[-113.51827,48.23838],[-113.51426,48.23913],[-113.50209,48.24025],[-113.48987,48.24193],[-113.48885,48.24222],[-113.48101,48.24588],[-113.4798,48.24607],[-113.47683,48.24609],[-113.47574,48.24633],[-113.47162,48.24798],[-113.47007,48.24879],[-113.46446,48.25256],[-113.45639,48.25868],[-113.44178,48.26794],[-113.43725,48.27107],[-113.43226,48.27516],[-113.42621,48.27932],[-113.42547,48.2802],[-113.42255,48.28526],[-113.42138,48.28678],[-113.41913,48.28863],[-113.41439,48.29151],[-113.41303,48.29201],[-113.4117,48.2921],[-113.40806,48.29159],[-113.40507,48.2915],[-113.40296,48.29095],[-113.40163,48.29079],[-113.39438,48.29208],[-113.39026,48.29347],[-113.38732,48.29493],[-113.38481,48.29665],[-113.38104,48.2997],[-113.37988,48.3003],[-113.37818,48.30058],[-113.37538,48.30042],[-113.37212,48.30082],[-113.36917,48.30145],[-113.36493,48.30287],[-113.36446,48.30326],[-113.3641,48.30386],[-113.36361,48.30648],[-113.3632,48.3075],[-113.36244,48.30863],[-113.34855,48.32295],[-113.34487,48.32481],[-113.34033,48.32786],[-113.33987,48.32838],[-113.33904,48.32984],[-113.33846,48.33046],[-113.33337,48.33345],[-113.32647,48.33847],[-113.32277,48.34193],[-113.31743,48.34585],[-113.31574,48.34656],[-113.31025,48.34782],[-113.30815,48.34873],[-113.30715,48.34933],[-113.29322,48.35971],[-113.28581,48.36233],[-113.2847,48.36299],[-113.28178,48.36537],[-113.28067,48.36645],[-113.27996,48.36758],[-113.27971,48.36829],[-113.2792,48.37151],[-113.27875,48.3728],[-113.27466,48.37991],[-113.27344,48.38156],[-113.27229,48.38269],[-113.27094,48.38369],[-113.26064,48.38942],[-113.25873,48.39075],[-113.25803,48.39153],[-113.25277,48.39902],[-113.25121,48.40068],[-113.24965,48.40198],[-113.24707,48.40364],[-113.21498,48.42041],[-113.21275,48.42203],[-113.21186,48.4231],[-113.2113,48.42406],[-113.21088,48.42518],[-113.21073,48.42666],[-113.2111,48.42842],[-113.21277,48.4331],[-113.21336,48.43414],[-113.21406,48.43491],[-113.21854,48.43807],[-113.21901,48.43912],[-113.21762,48.44485],[-113.21702,48.44574],[-113.21597,48.44671],[-113.21503,48.4473],[-113.20889,48.45014],[-113.20762,48.45039],[-113.19933,48.45115],[-113.19524,48.45219],[-113.15587,48.46656],[-113.15413,48.46738],[-113.1527,48.46835],[-113.11966,48.49767],[-113.11831,48.49849],[-113.045,48.53568],[-113.03292,48.54209],[-113.03157,48.54299],[-113.02998,48.54462],[-113.0227,48.55595],[-113.01115,48.55594],[-113.01063,48.55588],[-113.01012,48.5556],[-113.00988,48.55524],[-113.00974,48.54769],[-113.00931,48.54472],[-113.00892,48.5437],[-113.00811,48.54267],[-113.00721,48.54198],[-113.00592,48.54135],[-113.00365,48.54081],[-112.98909,48.53965],[-112.98747,48.53916],[-112.98638,48.53864],[-112.97762,48.53319],[-112.97566,48.5322],[-112.97334,48.53132],[-112.97025,48.53056],[-112.96702,48.53015],[-112.96456,48.53008],[-112.96113,48.53036],[-112.9579,48.53105],[-112.95456,48.53228],[-112.86444,48.57629],[-112.86229,48.57708],[-112.85972,48.5777],[-112.83033,48.58307],[-112.80646,48.59212],[-112.79584,48.59546],[-112.78414,48.60071],[-112.78072,48.60183],[-112.76972,48.60423],[-112.76159,48.60575],[-112.74171,48.61029],[-112.67832,48.62369],[-112.67447,48.6241],[-112.66134,48.6243],[-112.64046,48.62409],[-112.62697,48.62428],[-112.38902,48.62423],[-112.38589,48.62459],[-112.362,48.62883],[-112.35538,48.63022],[-112.35366,48.63084],[-112.34682,48.63392],[-112.34539,48.63497],[-112.34167,48.63879],[-112.34079,48.63925],[-112.33933,48.63956],[-112.33804,48.6395],[-112.33676,48.63908],[-112.32224,48.63057],[-112.3208,48.63012],[-112.3173,48.62956],[-112.31386,48.62877],[-112.30959,48.62715],[-112.28708,48.61551],[-112.27683,48.61065],[-112.12992,48.55706],[-112.12673,48.55628],[-112.12195,48.55572],[-112.09739,48.55571],[-112.09377,48.5555],[-112.09086,48.55513],[-112.03358,48.54539],[-111.95077,48.52821],[-111.9481,48.52795],[-111.93415,48.52821],[-111.93217,48.52805],[-111.88732,48.52011],[-111.8846,48.51928],[-111.86115,48.50817],[-111.86117,48.50699],[-111.85173,48.50368],[-111.8492,48.50263],[-111.82738,48.49223],[-111.82509,48.49136],[-111.8199,48.48997],[-111.79925,48.48137],[-111.79559,48.48035],[-111.79192,48.47998],[-111.77398,48.47986],[-111.77199,48.47966],[-111.75618,48.47708],[-111.75289,48.47681],[-111.75059,48.4768],[-111.69079,48.47762],[-111.62424,48.4819],[-111.62078,48.48184],[-111.52032,48.47001],[-111.51762,48.46951],[-111.5013,48.46558],[-111.48526,48.46309],[-111.45666,48.46136],[-111.45005,48.46114],[-111.43586,48.46102],[-111.4269,48.46118],[-111.41683,48.46159],[-111.29353,48.46885],[-111.28797,48.46885],[-111.23962,48.46715],[-111.23745,48.4673],[-111.23522,48.46774],[-111.23358,48.46828],[-111.22066,48.47414],[-111.21502,48.4769],[-111.15688,48.50316],[-111.15297,48.50442],[-111.14978,48.50506],[-111.12516,48.50772],[-111.09799,48.50823],[-111.09192,48.50818],[-111.07587,48.50845],[-111.04688,48.50916],[-110.98181,48.51291],[-110.97458,48.51315],[-110.95331,48.51436],[-110.9514,48.51462],[-110.91682,48.51661],[-110.9122,48.51725],[-110.90958,48.51791],[-110.90035,48.52096],[-110.86539,48.53883],[-110.86225,48.54071],[-110.85166,48.54836],[-110.84815,48.55028],[-110.8455,48.5513],[-110.84259,48.55211],[-110.8404,48.55253],[-110.83724,48.55288],[-110.77817,48.55315],[-110.68895,48.5532],[-110.66886,48.55336],[-110.55197,48.55327],[-110.35445,48.55279],[-110.34965,48.55331],[-110.2891,48.56595],[-110.28423,48.56644],[-109.98487,48.5669],[-109.97806,48.56639],[-109.97253,48.56623],[-109.903,48.56078],[-109.82733,48.55952],[-109.82448,48.55919],[-109.79906,48.55456],[-109.79506,48.55415],[-109.74517,48.55526],[-109.74118,48.55547],[-109.72398,48.55727],[-109.72091,48.55742],[-109.71756,48.55728],[-109.67197,48.55305],[-109.66591,48.55167],[-109.66386,48.55164],[-109.66296,48.55168],[-109.66229,48.55192],[-109.65163,48.558],[-109.64613,48.56046],[-109.64233,48.5617],[-109.63002,48.56497],[-109.62715,48.56543],[-109.59644,48.5666],[-109.5863,48.56658],[-109.5469,48.56403],[-109.54026,48.56309],[-109.52441,48.55973],[-109.52052,48.55944],[-109.51806,48.55959],[-109.49797,48.56263],[-109.4939,48.56301],[-109.4638,48.56481],[-109.46071,48.56551],[-109.45841,48.56648],[-109.44293,48.57668],[-109.42995,48.58474],[-109.42685,48.58614],[-109.4234,48.58701],[-109.37441,48.59398],[-109.35605,48.59458],[-109.25778,48.59675],[-109.25506,48.59669],[-109.22613,48.59454],[-109.13294,48.58718],[-109.09936,48.58433],[-109.09726,48.58425],[-109.05531,48.58531],[-109.05214,48.58522],[-109.0349,48.58326],[-109.02952,48.58232],[-109.00951,48.58032],[-108.95028,48.57347],[-108.94828,48.57312],[-108.90843,48.5634],[-108.89625,48.5608],[-108.80566,48.5387],[-108.80299,48.5377],[-108.80136,48.53672],[-108.78752,48.5257],[-108.78676,48.52495],[-108.76524,48.49572],[-108.75279,48.47954],[-108.75109,48.47795],[-108.749,48.47672],[-108.74514,48.47543],[-108.70258,48.46481],[-108.68147,48.45621],[-108.65917,48.4482],[-108.6077,48.43217],[-108.58416,48.42691],[-108.57647,48.42505],[-108.51748,48.41195],[-108.49836,48.40987],[-108.46362,48.40988],[-108.45962,48.40938],[-108.45193,48.40777],[-108.44691,48.40737],[-108.33525,48.40719],[-108.3331,48.40697],[-108.29936,48.40162],[-108.29652,48.40174],[-108.29069,48.4032],[-108.28787,48.40337],[-108.28615,48.40314],[-108.26135,48.39801],[-108.25841,48.39772],[-108.25001,48.39769],[-108.2477,48.39754],[-108.18166,48.38396],[-108.17768,48.38299],[-108.17195,48.38131],[-108.16773,48.38052],[-108.1638,48.38037],[-108.1612,48.38056],[-108.15702,48.38137],[-108.15163,48.38315],[-108.14834,48.38392],[-108.14421,48.3844],[-108.1399,48.38438],[-108.02344,48.37297],[-108.01686,48.37276],[-107.99858,48.37337],[-107.99099,48.37294],[-107.93832,48.36519],[-107.88795,48.36513],[-107.88264,48.36425],[-107.88004,48.36348],[-107.8734,48.36092],[-107.87127,48.3606],[-107.86241,48.3601],[-107.84467,48.35994],[-107.84217,48.35996],[-107.83846,48.36028],[-107.83488,48.361],[-107.80096,48.37119],[-107.79799,48.37219],[-107.79545,48.37334],[-107.79397,48.37418],[-107.79185,48.37568],[-107.70642,48.44748],[-107.70524,48.44833],[-107.70256,48.44984],[-107.6997,48.45102],[-107.69651,48.45196],[-107.69344,48.45253],[-107.66382,48.45608],[-107.49427,48.47573],[-107.49065,48.47576],[-107.45367,48.47328],[-107.45113,48.47326],[-107.4221,48.47505],[-107.41971,48.4751],[-107.40282,48.47456],[-107.40074,48.47428],[-107.38108,48.47019],[-107.35702,48.46123],[-107.35256,48.45974],[-107.33476,48.45289],[-107.33259,48.45221],[-107.33088,48.45194],[-107.28316,48.45154],[-107.23611,48.45187],[-107.20748,48.45188],[-107.20363,48.45156],[-107.19938,48.45074],[-107.1964,48.44982],[-107.19439,48.44901],[-107.19153,48.44753],[-107.18969,48.44631],[-107.18721,48.44418],[-107.17431,48.43021],[-107.17214,48.42815],[-107.14476,48.40956],[-107.14279,48.40839],[-107.14032,48.40723],[-107.13795,48.40639],[-107.10619,48.39893],[-107.08136,48.39096],[-107.07897,48.39041],[-107.07623,48.3902],[-107.07326,48.39046],[-107.06094,48.39359],[-107.05757,48.39502],[-107.04967,48.40003],[-107.0478,48.40072],[-107.04599,48.40104],[-106.99718,48.40107],[-106.99503,48.40089],[-106.99347,48.40048],[-106.97674,48.39424],[-106.97484,48.39384],[-106.89958,48.39367],[-106.89766,48.39342],[-106.89268,48.39237],[-106.88619,48.39031],[-106.86879,48.38675],[-106.8671,48.38662],[-106.83572,48.3864],[-106.83381,48.38619],[-106.83138,48.38558],[-106.81393,48.37908],[-106.80418,48.37332],[-106.80223,48.37248],[-106.79513,48.37008],[-106.79152,48.36864],[-106.77523,48.35976],[-106.76755,48.35639],[-106.76604,48.35525],[-106.76134,48.35007],[-106.73653,48.32031],[-106.73544,48.3192],[-106.72148,48.30692],[-106.71748,48.3024],[-106.71684,48.30142],[-106.71652,48.30061],[-106.71428,48.29125],[-106.7138,48.29026],[-106.71299,48.28924],[-106.69544,48.27399],[-106.69436,48.2728],[-106.69387,48.27183],[-106.69368,48.27074],[-106.69366,48.25726],[-106.69351,48.25619],[-106.69312,48.25528],[-106.69256,48.25452],[-106.68973,48.25196],[-106.68874,48.25061],[-106.68844,48.24967],[-106.68782,48.24609],[-106.68747,48.24507],[-106.68496,48.24099],[-106.6834,48.23952],[-106.65559,48.22107],[-106.64445,48.21299],[-106.64313,48.21161],[-106.64229,48.21021],[-106.64144,48.20825],[-106.64127,48.20707],[-106.64128,48.20038],[-106.64096,48.19935],[-106.6402,48.19849],[-106.63946,48.198],[-106.6378,48.19736],[-106.63073,48.19529],[-106.62401,48.19507],[-106.61638,48.19244],[-106.59755,48.18827],[-106.59593,48.18787],[-106.59252,48.18668],[-106.59117,48.18607],[-106.58828,48.18437],[-106.56883,48.16915],[-106.56683,48.16781],[-106.56485,48.16686],[-106.56128,48.1658],[-106.55838,48.16542],[-106.512,48.16337],[-106.48617,48.16356],[-106.45801,48.16171],[-106.45531,48.1614],[-106.43234,48.15638],[-106.42948,48.15556],[-106.42573,48.15397],[-106.39386,48.13831],[-106.39066,48.13705],[-106.38682,48.13606],[-106.38354,48.1356],[-106.37896,48.13549],[-106.35826,48.13751],[-106.35342,48.13749],[-106.34929,48.13706],[-106.34641,48.13657],[-106.31409,48.13033],[-106.31119,48.12952],[-106.30766,48.12805],[-106.2267,48.08453],[-106.22382,48.08322],[-106.21978,48.08209],[-106.21752,48.08174],[-106.21441,48.08156],[-106.1517,48.08154],[-106.14564,48.08119],[-106.1409,48.08054],[-106.1346,48.07938],[-106.03354,48.0605],[-106.02798,48.05976],[-106.02341,48.0595],[-105.91058,48.0595],[-105.90779,48.05967],[-105.88224,48.06336],[-105.69985,48.08833],[-105.69277,48.08875],[-105.66419,48.08874],[-105.65908,48.08917],[-105.65162,48.09054],[-105.64906,48.09128],[-105.62727,48.09963],[-105.62397,48.10068],[-105.56543,48.11452],[-105.56262,48.11503],[-105.36864,48.13557],[-105.33642,48.13569],[-105.33191,48.1353],[-105.22974,48.1134],[-105.22704,48.11303],[-105.22448,48.11289],[-105.1952,48.11295],[-105.19292,48.11312],[-105.18576,48.11419],[-105.17351,48.11427],[-105.16547,48.11513],[-105.14593,48.11518],[-105.14211,48.11487],[-105.13864,48.1142],[-105.12315,48.10898],[-105.12006,48.10824],[-105.11652,48.10777],[-105.11411,48.10766],[-105.03014,48.10821],[-105.0278,48.10836],[-105.024,48.10893],[-105.02192,48.10944],[-105.01913,48.11038],[-104.98602,48.12329],[-104.98346,48.12444],[-104.96474,48.13393],[-104.96021,48.13591],[-104.95689,48.13706],[-104.92088,48.14776],[-104.84185,48.16486],[-104.83851,48.16526],[-104.62812,48.16526],[-104.61969,48.16494],[-104.61513,48.16449],[-104.60977,48.16356],[-104.55347,48.15032],[-104.54819,48.14936],[-104.54445,48.14896],[-104.54003,48.14874],[-104.49845,48.14889],[-104.49202,48.14905],[-104.4829,48.14974],[-104.4707,48.1514],[-104.46661,48.15167],[-104.44921,48.15099],[-104.34389,48.14053],[-104.33945,48.14074],[-104.31195,48.14467],[-104.28693,48.15196],[-104.27179,48.15618],[-104.26077,48.15953],[-104.2575,48.16027],[-104.25452,48.16048],[-104.24997,48.16023],[-104.24773,48.15976],[-104.24522,48.15894],[-104.24303,48.15786],[-104.2267,48.14836],[-104.22409,48.14733],[-104.22205,48.14693],[-104.20906,48.14655],[-104.16278,48.14635],[-104.15574,48.14558],[-104.14488,48.14355],[-104.14045,48.14303],[-104.1367,48.14281],[-104.08112,48.14266],[-104.07611,48.14225],[-104.0632,48.1403],[-104.04587,48.13744],[-104.03961,48.13696],[-104.03463,48.13725],[-104.02058,48.13947],[-104.00807,48.14041],[-103.98768,48.14042],[-103.97476,48.14014],[-103.95124,48.1404],[-103.80192,48.1403],[-103.79604,48.14048],[-103.78479,48.13991],[-103.73233,48.13992],[-103.71521,48.14012],[-103.67988,48.14016],[-103.67515,48.14047],[-103.67295,48.14092],[-103.67062,48.14163],[-103.6631,48.14466],[-103.66116,48.1451],[-103.65511,48.14597],[-103.65267,48.14685],[-103.65112,48.14797],[-103.65017,48.14921],[-103.64973,48.15051],[-103.64957,48.1537],[-103.64926,48.15498],[-103.64841,48.15652],[-103.64702,48.15798],[-103.63543,48.1662],[-103.63384,48.16713],[-103.6321,48.16783],[-103.63018,48.16832],[-103.62752,48.16865],[-103.62573,48.16867],[-103.62573,48.19513],[-103.62603,48.19745],[-103.62786,48.20446],[-103.62803,48.2063],[-103.62769,48.20893],[-103.62553,48.2146],[-103.62519,48.21735],[-103.62543,48.2266],[-103.62555,48.33622],[-103.62524,48.33759],[-103.6246,48.33874],[-103.62382,48.33964],[-103.62269,48.34054],[-103.62006,48.34171],[-103.61733,48.34223],[-103.54328,48.34223],[-103.54156,48.34231],[-103.53543,48.3433],[-103.53336,48.34338],[-103.53034,48.34318],[-103.52535,48.34234],[-103.5222,48.34221],[-103.23674,48.34216],[-103.20677,48.3421],[-103.19586,48.34189],[-103.18673,48.3419],[-103.17689,48.34224],[-103.16871,48.34228],[-103.16009,48.34194],[-103.14285,48.34253],[-103.04407,48.34228],[-103.03532,48.34178],[-102.93176,48.34173],[-102.81944,48.34189],[-102.81648,48.34176],[-102.81303,48.34128],[-102.80972,48.34044],[-102.80737,48.33961],[-102.8051,48.33857],[-102.78154,48.32629],[-102.77871,48.3251],[-102.75302,48.31797],[-102.75045,48.3174],[-102.74801,48.31706],[-102.70247,48.31307],[-102.6989,48.31292],[-102.55857,48.31263],[-102.55515,48.31246],[-102.54181,48.31119],[-102.5399,48.31125],[-102.53314,48.3123],[-102.53064,48.31248],[-102.49867,48.31274],[-102.48991,48.31249],[-102.46358,48.31251],[-102.45857,48.31229],[-102.38342,48.30594],[-102.38079,48.30601],[-102.37762,48.30635],[-102.34581,48.31272],[-102.34101,48.31397],[-102.32167,48.31989],[-102.30034,48.32572],[-102.29785,48.32622],[-102.29304,48.32664],[-102.27225,48.32664],[-102.2678,48.32707],[-102.25777,48.32879],[-102.25445,48.32906],[-102.2522,48.32898],[-102.23252,48.32714],[-102.22955,48.32703],[-102.15956,48.32702],[-102.14086,48.32775],[-102.13022,48.32709],[-102.08951,48.32703],[-102.08528,48.32666],[-102.07919,48.32564],[-102.07371,48.32497],[-102.05175,48.32394],[-102.04687,48.32413],[-102.03357,48.32663],[-102.02958,48.327],[-101.96661,48.32702],[-101.96271,48.32671],[-101.96001,48.3261],[-101.95387,48.32394],[-101.95197,48.32353],[-101.94867,48.32331],[-101.9452,48.32367],[-101.9335,48.32662],[-101.92941,48.327],[-101.8758,48.32698],[-101.85215,48.32718],[-101.82978,48.32717],[-101.82697,48.32727],[-101.82189,48.32801],[-101.81937,48.32818],[-101.81762,48.32808],[-101.81135,48.32715],[-101.80832,48.3269],[-101.79188,48.32686],[-101.78542,48.32709],[-101.74426,48.32719],[-101.74156,48.32671],[-101.73917,48.3257],[-101.72154,48.31408],[-101.71872,48.31299],[-101.71643,48.31261],[-101.66749,48.31255],[-101.64229,48.31269],[-101.54528,48.31239],[-101.53989,48.31175],[-101.52965,48.30905],[-101.51806,48.30713],[-101.51599,48.3063],[-101.51411,48.30493],[-101.51328,48.30386],[-101.51112,48.30021],[-101.5094,48.29835],[-101.50747,48.29699],[-101.50391,48.29497],[-101.50208,48.29405],[-101.50055,48.2935],[-101.49817,48.29296],[-101.48869,48.29143],[-101.48706,48.291],[-101.47417,48.28601],[-101.46991,48.28493],[-101.4615,48.28382],[-101.45867,48.2837],[-101.45663,48.28383],[-101.45006,48.28476],[-101.44666,48.28486],[-101.44291,48.28436],[-101.43915,48.28312],[-101.43703,48.28183],[-101.43554,48.28023],[-101.43481,48.27885],[-101.43391,48.27545],[-101.43326,48.27406],[-101.43227,48.27267],[-101.43083,48.27126],[-101.42893,48.26999],[-101.42399,48.26784],[-101.42136,48.26626],[-101.42002,48.2651],[-101.41621,48.26068],[-101.41445,48.25916],[-101.4065,48.25349],[-101.4028,48.25103],[-101.39741,48.24703],[-101.37916,48.23412],[-101.37719,48.23317],[-101.35091,48.22316],[-101.34876,48.22259],[-101.34226,48.22186],[-101.34016,48.22134],[-101.33848,48.22055],[-101.32614,48.21296],[-101.32276,48.21153],[-101.32087,48.21104],[-101.30244,48.20794],[-101.29924,48.20754],[-101.29654,48.20743],[-101.29358,48.20752],[-101.28921,48.2081],[-101.28691,48.20864],[-101.28029,48.21063],[-101.27659,48.21117],[-101.25887,48.21172],[-101.25646,48.21144],[-101.25498,48.2111],[-101.24951,48.20906],[-101.24782,48.20893],[-101.24599,48.20925],[-101.245,48.20967],[-101.24383,48.21049],[-101.22493,48.22596],[-101.22182,48.22762],[-101.22013,48.22821],[-101.21764,48.22878],[-101.21561,48.22899],[-101.14062,48.22904],[-101.13905,48.22917],[-101.13747,48.22952],[-101.13576,48.23021],[-101.12377,48.23796],[-101.12229,48.23851],[-101.12057,48.23884],[-101.10641,48.23982],[-100.85447,48.23962],[-100.85107,48.23991],[-100.84866,48.24054],[-100.84626,48.24164],[-100.84507,48.24244],[-100.84398,48.24343],[-100.84286,48.24496],[-100.84235,48.24623],[-100.84216,48.24732],[-100.84212,48.25793],[-100.84143,48.25999],[-100.83985,48.26216],[-100.83649,48.2651],[-100.83379,48.26674],[-100.82487,48.27074],[-100.82098,48.27222],[-100.81832,48.27289],[-100.59497,48.31091],[-100.58832,48.31167],[-100.58352,48.31188],[-100.48799,48.31158],[-100.4841,48.31212],[-100.48216,48.31266],[-100.4762,48.31482],[-100.47418,48.31526],[-100.47205,48.31544],[-100.47027,48.31539],[-100.46782,48.31504],[-100.45468,48.3121],[-100.45246,48.31184],[-100.42072,48.31168],[-100.41774,48.31179],[-100.41614,48.31208],[-100.414,48.3128],[-100.41203,48.31402],[-100.41088,48.31518],[-100.4101,48.31667],[-100.40982,48.31865],[-100.4098,48.33333],[-100.40947,48.33454],[-100.40897,48.33536],[-100.40843,48.33601],[-100.40747,48.33671],[-100.40559,48.33761],[-100.39174,48.34263],[-100.39038,48.34325],[-100.38813,48.34481],[-100.38607,48.34713],[-100.38466,48.34836],[-100.38343,48.34912],[-100.38178,48.34986],[-100.37967,48.35044],[-100.35392,48.35452],[-100.35141,48.35472],[-100.28067,48.35503],[-100.23725,48.35539],[-100.12615,48.35493],[-100.03394,48.35477],[-100.02234,48.35492],[-99.9519,48.35436],[-99.83765,48.35413],[-99.83475,48.35378],[-99.83134,48.35302],[-99.8291,48.3523],[-99.82618,48.35101],[-99.82318,48.34915],[-99.81284,48.34074],[-99.8104,48.33954],[-99.80874,48.3391],[-99.80708,48.33889],[-99.8021,48.33894],[-99.79578,48.33983],[-99.73521,48.33994],[-99.71268,48.34016],[-99.69651,48.3396],[-99.69075,48.33951],[-99.67629,48.33979],[-99.67388,48.33954],[-99.59049,48.31626],[-99.58864,48.31559],[-99.58698,48.3147],[-99.58421,48.31233],[-99.58261,48.31125],[-99.58079,48.3104],[-99.57925,48.30993],[-99.57656,48.30942],[-99.56943,48.30879],[-99.56233,48.30875],[-99.55518,48.30917],[-99.5509,48.30897],[-99.51471,48.30376],[-99.51274,48.30338],[-99.48457,48.29635],[-99.46811,48.29422],[-99.46502,48.29368],[-99.455,48.29071],[-99.4533,48.29007],[-99.4464,48.28611],[-99.44421,48.28513],[-99.44183,48.2844],[-99.43878,48.28388],[-99.43667,48.28377],[-99.43365,48.28392],[-99.43148,48.28429],[-99.42057,48.2868],[-99.41709,48.28715],[-99.41336,48.28714],[-99.364,48.28095],[-99.36007,48.28059],[-99.34408,48.27971],[-99.3296,48.27933],[-99.23265,48.27558],[-99.23056,48.27533],[-99.22894,48.27495],[-99.22629,48.27385],[-99.2161,48.26757],[-99.2141,48.26662],[-99.21091,48.2655],[-99.20655,48.26454],[-99.179,48.26044],[-99.17646,48.25976],[-99.17369,48.25874],[-99.14892,48.24667],[-99.14731,48.24569],[-99.14513,48.24404],[-99.14139,48.24022],[-99.1397,48.23903],[-99.13835,48.23832],[-99.13496,48.23712],[-99.12744,48.23562],[-99.12327,48.23409],[-99.10084,48.22313],[-99.09776,48.22122],[-99.09419,48.21864],[-99.0921,48.21747],[-99.08945,48.21635],[-99.08409,48.21471],[-99.08205,48.2139],[-98.98879,48.16791],[-98.98509,48.16673],[-98.97795,48.16548],[-98.97382,48.1642],[-98.92318,48.14147],[-98.89312,48.12665],[-98.88974,48.12472],[-98.87586,48.1153],[-98.8746,48.1143],[-98.87348,48.1132],[-98.87218,48.1115],[-98.8689,48.10554],[-98.86724,48.10383],[-98.8653,48.10255],[-98.86215,48.10136],[-98.85975,48.10088],[-98.85785,48.10073],[-98.84497,48.10063],[-98.84152,48.10001],[-98.83832,48.09884],[-98.83599,48.09752],[-98.81934,48.0851],[-98.81565,48.08316],[-98.80557,48.07917],[-98.80356,48.07809],[-98.80224,48.07714],[-98.79744,48.07305],[-98.76941,48.05483],[-98.76723,48.05362],[-98.76424,48.05231],[-98.76154,48.05141],[-98.75782,48.05055],[-98.75492,48.05014],[-98.75119,48.04992],[-98.58607,48.05003],[-98.58053,48.04983],[-98.50582,48.04979],[-98.50157,48.04936],[-98.49854,48.04874],[-98.47889,48.04367],[-98.47535,48.04237],[-98.46734,48.03828],[-98.46495,48.03729],[-98.46271,48.03657],[-98.45977,48.0359],[-98.45549,48.03541],[-98.35375,48.03541],[-98.34692,48.03515],[-98.29955,48.03531],[-98.29487,48.03514],[-98.24161,48.03099],[-98.23889,48.03037],[-98.23635,48.02941],[-98.22508,48.02286],[-98.22342,48.02212],[-98.22056,48.02135],[-98.21808,48.02111],[-98.13699,48.02105],[-98.1322,48.0207],[-98.12636,48.01985],[-98.12303,48.01969],[-98.11783,48.01983],[-98.11249,48.02058],[-98.10877,48.02081],[-98.04436,48.02074],[-98.04053,48.0203],[-98.03682,48.01942],[-98.01254,48.01145],[-98.0094,48.01014],[-98.00551,48.0076],[-98.00424,48.00705],[-98.0026,48.00663],[-97.99086,48.00542],[-97.97266,48.00527],[-97.97018,48.00479],[-97.96677,48.00374],[-97.96518,48.00351],[-97.96274,48.0036],[-97.95643,48.00503],[-97.9539,48.00528],[-97.8821,48.00525],[-97.84752,48.00552],[-97.84005,48.00584],[-97.83745,48.00574],[-97.83232,48.00498],[-97.82835,48.00374],[-97.82603,48.00272],[-97.79261,47.98492],[-97.79003,47.98331],[-97.7879,47.98166],[-97.77497,47.97012],[-97.77367,47.96923],[-97.75583,47.95895],[-97.75373,47.95791],[-97.73277,47.94996],[-97.73036,47.9491],[-97.72784,47.94843],[-97.72486,47.94791],[-97.72213,47.94767],[-97.69014,47.94752],[-97.68749,47.94764],[-97.67291,47.94936],[-97.669,47.94947],[-97.66463,47.94907],[-97.65725,47.94759],[-97.65263,47.94707],[-97.55505,47.94684],[-97.55121,47.94643],[-97.54932,47.94605],[-97.5452,47.94479],[-97.54315,47.94389],[-97.52567,47.93445],[-97.52336,47.93344],[-97.5217,47.93293],[-97.51846,47.93235],[-97.50968,47.93148],[-97.49202,47.93035],[-97.49002,47.93037],[-97.48757,47.93066],[-97.48134,47.93228],[-97.4779,47.93264],[-97.36699,47.93306],[-97.29624,47.93306],[-97.28479,47.93284],[-97.19808,47.93286],[-97.17481,47.93302],[-97.10416,47.93288],[-97.10029,47.93273],[-97.09243,47.93298],[-97.03949,47.93309],[-97.03555,47.93327],[-97.03081,47.93418],[-97.02676,47.93423],[-97.02516,47.93444],[-97.01242,47.93797],[-97.00981,47.93836],[-96.98606,47.93843],[-96.98444,47.93831],[-96.98194,47.93771],[-96.9798,47.93668],[-96.9786,47.93574],[-96.97789,47.93493],[-96.97711,47.93343],[-96.97692,47.93209],[-96.977,47.91577],[-96.97676,47.91473],[-96.97624,47.91373],[-96.97536,47.91276],[-96.97441,47.91203],[-96.83823,47.83648],[-96.80854,47.81985],[-96.80692,47.81855],[-96.80574,47.81701],[-96.80098,47.80712],[-96.79934,47.80554],[-96.7977,47.80463],[-96.79664,47.80423],[-96.79455,47.80375],[-96.7932,47.80363],[-96.78543,47.80353],[-96.73943,47.80363],[-96.617,47.8034],[-96.61559,47.80326],[-96.61411,47.80283],[-96.61285,47.80213],[-96.61191,47.80121],[-96.61142,47.8002],[-96.611,47.78133],[-96.6105,47.78089],[-96.60471,47.77875],[-96.6082,47.77427],[-96.60501,47.77315],[-96.60416,47.77269],[-96.60243,47.77055],[-96.59342,47.76194],[-96.59196,47.76104],[-96.58935,47.76022],[-96.55667,47.75652],[-96.55401,47.7565],[-96.55127,47.75691],[-96.54888,47.75769],[-96.5443,47.75971],[-96.5422,47.76017],[-96.54077,47.76028],[-96.3517,47.76032],[-96.28307,47.75995],[-96.28045,47.7598],[-96.26341,47.75774],[-96.25873,47.75687],[-96.25665,47.75624],[-96.25372,47.75504],[-96.21314,47.73569],[-96.15349,47.70484],[-96.15175,47.70414],[-96.14964,47.70362],[-96.14399,47.703],[-96.14183,47.70253],[-96.14046,47.702],[-96.13049,47.69696],[-96.12895,47.69635],[-96.12673,47.69587],[-96.08814,47.69176],[-96.03629,47.68125],[-96.03311,47.68019],[-96.02691,47.67735],[-96.02518,47.67633],[-96.02234,47.67423],[-96.02041,47.67324],[-96.00501,47.66727],[-95.992,47.66255],[-95.98877,47.66175],[-95.98208,47.66065],[-95.97938,47.65999],[-95.96211,47.65413],[-95.95704,47.65205],[-95.94317,47.64736],[-95.93739,47.64581],[-95.92831,47.64261],[-95.92681,47.64223],[-95.89558,47.63659],[-95.89315,47.63594],[-95.86675,47.62667],[-95.86472,47.62542],[-95.86097,47.6214],[-95.85878,47.61981],[-95.84387,47.61337],[-95.83922,47.61101],[-95.80488,47.59632],[-95.77189,47.58531],[-95.76739,47.58354],[-95.75995,47.57993],[-95.75667,47.57855],[-95.74759,47.5741],[-95.74477,47.57239],[-95.72683,47.5629],[-95.72218,47.5608],[-95.71456,47.55677],[-95.69488,47.54745],[-95.69317,47.54641],[-95.68915,47.54343],[-95.68726,47.54225],[-95.66696,47.53154],[-95.66493,47.5307],[-95.66253,47.53014],[-95.64383,47.52784],[-95.63889,47.52756],[-95.62524,47.52834],[-95.59018,47.52859],[-95.58084,47.52924],[-95.57803,47.52919],[-95.57079,47.52868],[-95.55632,47.52857],[-95.53287,47.52877],[-95.45819,47.52891],[-95.45525,47.52856],[-95.42969,47.52221],[-95.42848,47.52204],[-95.4125,47.52203],[-95.4086,47.52178],[-95.39698,47.52181],[-95.39535,47.52194],[-95.39433,47.52219],[-95.38003,47.52725],[-95.37747,47.52842],[-95.37286,47.53096],[-95.3713,47.53164],[-95.36796,47.53257],[-95.36495,47.53294],[-95.36236,47.53292],[-95.35992,47.53264],[-95.35014,47.5305],[-95.33977,47.5297],[-95.3193,47.52992],[-95.29877,47.52962],[-95.2902,47.5293],[-95.26375,47.52873],[-95.25543,47.52932],[-95.24897,47.53001],[-95.21904,47.53245],[-95.21668,47.53228],[-95.18402,47.52596],[-95.13783,47.5193],[-95.13598,47.51914],[-95.12275,47.51901],[-95.079,47.51812],[-95.07738,47.51788],[-95.07498,47.5172],[-95.06889,47.51433],[-95.06692,47.51381],[-95.06477,47.51353],[-95.00563,47.51298],[-94.98757,47.51448],[-94.98464,47.51448],[-94.98225,47.51407],[-94.93107,47.50081],[-94.92539,47.49917],[-94.92398,47.49854],[-94.92237,47.49729],[-94.9218,47.49655],[-94.92132,47.49546],[-94.91888,47.47729],[-94.91446,47.46465],[-94.91345,47.4626],[-94.91173,47.46032],[-94.91043,47.45904],[-94.90838,47.45744],[-94.90266,47.45402],[-94.89247,47.44757],[-94.88956,47.44592],[-94.88011,47.44125],[-94.86632,47.43261],[-94.86348,47.43133],[-94.86052,47.43054],[-94.85734,47.43018],[-94.83081,47.42981],[-94.82846,47.42942],[-94.82664,47.42872],[-94.82487,47.42745],[-94.8214,47.42205],[-94.81995,47.42031],[-94.81335,47.41476],[-94.79201,47.39949],[-94.78927,47.3981],[-94.78718,47.39729],[-94.78439,47.39648],[-94.782,47.396],[-94.77745,47.39558],[-94.75515,47.39531],[-94.74919,47.39548],[-94.7208,47.39519],[-94.71214,47.39546],[-94.70807,47.39525],[-94.70494,47.39473],[-94.70184,47.3939],[-94.67575,47.38295],[-94.6727,47.38196],[-94.6681,47.38109],[-94.66547,47.38089],[-94.66271,47.38089],[-94.64309,47.38144],[-94.61608,47.38267],[-94.60235,47.38242],[-94.59776,47.38201],[-94.59261,47.38101],[-94.5776,47.37877],[-94.56474,47.37741],[-94.54701,47.37422],[-94.54453,47.37357],[-94.54057,47.37219],[-94.53761,47.37173],[-94.49374,47.3714],[-94.48342,47.37149],[-94.44387,47.37111],[-94.41501,47.36882],[-94.40619,47.36685],[-94.40203,47.36625],[-94.37355,47.36314],[-94.36496,47.36237],[-94.31532,47.35676],[-94.21619,47.34587],[-94.08411,47.33511],[-94.05518,47.33289],[-94.0439,47.33183],[-93.94565,47.32364],[-93.93944,47.32359],[-93.92026,47.32205],[-93.91684,47.32219],[-93.91355,47.32305],[-93.89112,47.33264],[-93.88788,47.33355],[-93.81616,47.33956],[-93.81292,47.33958],[-93.81076,47.33937],[-93.80834,47.33889],[-93.80647,47.33828],[-93.79766,47.3347],[-93.79403,47.33288],[-93.78758,47.33269],[-93.77774,47.33129],[-93.7756,47.33052],[-93.77268,47.32868],[-93.76926,47.32728],[-93.76609,47.3266],[-93.75714,47.32556],[-93.75526,47.32511],[-93.75308,47.32433],[-93.71239,47.30643],[-93.71078,47.30545],[-93.70949,47.30428],[-93.70431,47.29737],[-93.70309,47.2964],[-93.70179,47.29571],[-93.68067,47.28727],[-93.66065,47.27962],[-93.63628,47.26909],[-93.62853,47.26601],[-93.62107,47.26377],[-93.61234,47.26018],[-93.58841,47.25243],[-93.58486,47.25111],[-93.58185,47.24968],[-93.56325,47.23901],[-93.55924,47.23732],[-93.5557,47.23637],[-93.55272,47.23602],[-93.51974,47.23591],[-93.51902,47.23558],[-93.51671,47.23356],[-93.51513,47.23276],[-93.49206,47.22518],[-93.49024,47.22485],[-93.48544,47.22473],[-93.48411,47.22449],[-93.48262,47.22398],[-93.48143,47.22336],[-93.48029,47.22244],[-93.47947,47.22138],[-93.47717,47.21741],[-93.47633,47.21667],[-93.47531,47.21613],[-93.43073,47.19924],[-93.4122,47.19091],[-93.41064,47.19006],[-93.40875,47.18862],[-93.40733,47.18788],[-93.39873,47.1845],[-93.38831,47.17983],[-93.38386,47.17812],[-93.35262,47.16405],[-93.34765,47.16223],[-93.3284,47.15461],[-93.32606,47.15314],[-93.32417,47.15138],[-93.32312,47.14992],[-93.32044,47.14531],[-93.3193,47.14392],[-93.3157,47.14107],[-93.31415,47.14016],[-93.31276,47.13967],[-93.27835,47.13117],[-93.27172,47.12917],[-93.27035,47.12903],[-93.26366,47.129],[-93.26216,47.12876],[-93.26098,47.12834],[-93.25993,47.12771],[-93.25748,47.12574],[-93.25382,47.12312],[-93.24175,47.11147],[-93.23963,47.10969],[-93.23721,47.10802],[-93.22316,47.09997],[-93.21763,47.09752],[-93.20103,47.08867],[-93.19876,47.08762],[-93.18281,47.08411],[-93.181,47.08348],[-93.09817,47.04061],[-93.09556,47.03877],[-93.09387,47.03718],[-93.07184,47.01149],[-93.06995,47.00978],[-93.06868,47.00904],[-93.06641,47.00812],[-93.0484,47.00268],[-93.03525,46.99662],[-93.00461,46.98158],[-93.00257,46.98036],[-93.00016,46.97839],[-92.98604,46.96436],[-92.98456,46.96314],[-92.98291,46.96207],[-92.98053,46.96082],[-92.93868,46.943],[-92.93552,46.94115],[-92.88495,46.89821],[-92.86183,46.8739],[-92.85871,46.87161],[-92.85067,46.86693],[-92.83255,46.85441],[-92.83002,46.85321],[-92.82847,46.85275],[-92.82553,46.85235],[-92.80629,46.85234],[-92.76461,46.85278],[-92.68053,46.85554],[-92.66543,46.85542],[-92.62828,46.85455],[-92.6055,46.85445],[-92.60229,46.85418],[-92.58811,46.85142],[-92.57093,46.84874],[-92.56073,46.84863],[-92.54283,46.84673],[-92.49355,46.84719],[-92.46663,46.84472],[-92.45602,46.84451],[-92.45024,46.8447],[-92.42786,46.84428],[-92.42476,46.84467],[-92.41996,46.84618],[-92.41845,46.84647],[-92.41769,46.84643],[-92.41704,46.84614],[-92.41035,46.84041],[-92.3744,46.80869],[-92.3721,46.80678],[-92.37036,46.80573],[-92.36737,46.80452],[-92.36391,46.80379],[-92.31574,46.79898],[-92.31331,46.79849],[-92.31075,46.79762],[-92.2882,46.78698],[-92.27746,46.78128],[-92.27493,46.77971],[-92.26039,46.76969],[-92.25833,46.76845],[-92.23609,46.75854],[-92.23496,46.75776],[-92.23386,46.75658],[-92.22967,46.74978],[-92.22863,46.74878],[-92.22442,46.74578],[-92.22425,46.74532],[-92.22413,46.74312],[-92.22384,46.74244],[-92.22326,46.74182],[-92.21431,46.73635],[-92.212,46.7353],[-92.20423,46.73242],[-92.20218,46.73114],[-92.20147,46.73106],[-92.20067,46.73132],[-92.19955,46.73259],[-92.19876,46.73322],[-92.19434,46.73527],[-92.18916,46.7368],[-92.18488,46.73871],[-92.18289,46.73894],[-92.1806,46.73858],[-92.176,46.73642],[-92.17423,46.7359],[-92.17263,46.73576],[-92.16869,46.73607],[-92.16541,46.73603],[-92.16436,46.73619],[-92.16267,46.73677],[-92.15777,46.74043],[-92.1558,46.74168],[-92.15513,46.74196],[-92.1543,46.74204],[-92.15355,46.7419],[-92.15282,46.74153],[-92.15151,46.74024],[-92.15044,46.73833],[-92.14933,46.7347],[-92.14854,46.7336],[-92.1475,46.73276],[-92.14545,46.73192],[-92.13855,46.73053],[-92.13719,46.73013],[-92.13598,46.72953],[-92.13461,46.7284],[-92.13307,46.72567],[-92.13229,46.72485],[-92.13126,46.72415],[-92.1301,46.72365],[-92.12843,46.72326],[-92.12359,46.7231],[-92.12173,46.72272],[-92.1203,46.72193],[-92.11922,46.72064],[-92.11622,46.72035],[-92.1068,46.72067],[-92.07736,46.72058],[-92.07388,46.72142],[-92.06886,46.72204],[-92.06846,46.72224],[-92.06102,46.71724],[-92.00374,46.67232],[-91.97742,46.64389],[-91.97531,46.64195],[-91.95686,46.62631],[-91.9544,46.62447],[-91.94986,46.62172],[-91.93426,46.61401],[-91.92935,46.61185],[-91.92414,46.61016],[-91.9107,46.60667],[-91.9074,46.60507],[-91.90544,46.60436],[-91.90343,46.60404],[-91.87442,46.60404],[-91.86035,46.60281],[-91.85832,46.60298],[-91.85472,46.60392],[-91.85305,46.60417],[-91.85034,46.60428],[-91.84724,46.60394],[-91.84503,46.60337],[-91.83432,46.59934],[-91.82943,46.59775],[-91.8181,46.59338],[-91.81501,46.59194],[-91.79867,46.58317],[-91.79676,46.58269],[-91.79535,46.58268],[-91.79249,46.58305],[-91.78374,46.58302],[-91.75272,46.58252],[-91.75084,46.58278],[-91.7491,46.58324],[-91.73393,46.58886],[-91.73122,46.58949],[-91.72941,46.58964],[-91.70044,46.58958],[-91.6984,46.58937],[-91.68431,46.58585],[-91.67137,46.58052],[-91.63655,46.57183],[-91.611,46.56523],[-91.60832,46.56419],[-91.60537,46.56281],[-91.60091,46.56022],[-91.59777,46.55793],[-91.59232,46.5532],[-91.59062,46.55206],[-91.58714,46.55046],[-91.58426,46.54979],[-91.58103,46.54985],[-91.57441,46.55093],[-91.55211,46.55529],[-91.52179,46.55812],[-91.50982,46.55982],[-91.50616,46.56079],[-91.50336,46.56201],[-91.49544,46.56688],[-91.49329,46.56755],[-91.49158,46.56779],[-91.48069,46.56796],[-91.46675,46.56788],[-91.45555,46.56753],[-91.43836,46.56774],[-91.43344,46.56726],[-91.4276,46.56587],[-91.42526,46.56554],[-91.41813,46.56525],[-91.40822,46.56458],[-91.34993,46.56476],[-91.34814,46.56453],[-91.3461,46.56399],[-91.30836,46.54913],[-91.30626,46.54885],[-91.3045,46.54893],[-91.29208,46.55119],[-91.28955,46.55126],[-91.2873,46.55099],[-91.28519,46.55041],[-91.27433,46.5464],[-91.22721,46.53198],[-91.22558,46.5316],[-91.22301,46.53135],[-91.15641,46.53098],[-91.13669,46.52924],[-91.13457,46.52917],[-91.08039,46.53178],[-91.07828,46.53194],[-91.07465,46.53271],[-91.05132,46.54088],[-91.04738,46.54239],[-90.99956,46.56493],[-90.99602,46.56613],[-90.97669,46.57118],[-90.97383,46.57231],[-90.97194,46.57337],[-90.97076,46.57423],[-90.96575,46.57889],[-90.95677,46.58605],[-90.95474,46.5873],[-90.95443,46.58722],[-90.95075,46.58793],[-90.94764,46.58798],[-90.93664,46.58663],[-90.93062,46.58608],[-90.92886,46.58559],[-90.92228,46.58315],[-90.91937,46.58256],[-90.91064,46.58231],[-90.90598,46.58286],[-90.90513,46.5831],[-90.87476,46.59644],[-90.87408,46.59688],[-90.87304,46.5982],[-90.87244,46.59868],[-90.86724,46.601],[-90.86066,46.60259],[-90.84854,46.60788],[-90.84482,46.6093],[-90.83152,46.60951],[-90.79332,46.60914],[-90.75352,46.60925],[-90.72751,46.60895],[-90.72472,46.60908],[-90.71939,46.60965],[-90.70266,46.61225],[-90.69764,46.61241],[-90.69472,46.61215],[-90.69138,46.61151],[-90.68179,46.60897],[-90.67916,46.60795],[-90.65409,46.59401],[-90.65198,46.59312],[-90.64519,46.591],[-90.64159,46.58935],[-90.63902,46.58756],[-90.59655,46.54976],[-90.59526,46.5488],[-90.59401,46.548],[-90.55358,46.52662],[-90.55137,46.5256],[-90.50615,46.51035],[-90.48263,46.50148],[-90.48028,46.50087],[-90.47828,46.50065],[-90.42449,46.50051],[-90.40137,46.50017],[-90.39851,46.49966],[-90.38889,46.49596],[-90.38576,46.49525],[-90.34976,46.49449],[-90.34645,46.49426],[-90.34092,46.4934],[-90.33809,46.49322],[-90.32026,46.49313],[-90.2721,46.49338],[-90.27029,46.49324],[-90.268,46.49275],[-90.2098,46.47444],[-90.20469,46.4725],[-90.20337,46.47186],[-90.19078,46.46451],[-90.18863,46.46375],[-90.18638,46.46339],[-90.16647,46.46319],[-90.15937,46.46335],[-90.14731,46.46321],[-90.1411,46.46332],[-90.13908,46.46399],[-90.13741,46.46486],[-90.13569,46.46624],[-90.13267,46.46968],[-90.13082,46.47093],[-90.12857,46.47189],[-90.12638,46.47244],[-90.11357,46.47415],[-90.10613,46.47715],[-90.10471,46.47754],[-90.09266,46.4777],[-90.09127,46.47789],[-90.08925,46.47853],[-90.08674,46.48006],[-90.08524,46.48071],[-90.08254,46.48121],[-90.0412,46.48111],[-90.03287,46.48032],[-90.02964,46.48018],[-90.02497,46.48054],[-90.01205,46.48287],[-90.00732,46.48308],[-89.9831,46.48134],[-89.97969,46.48063],[-89.97248,46.4783],[-89.96738,46.47742],[-89.95683,46.47728],[-89.9438,46.47667],[-89.93502,46.47673],[-89.93187,46.47634],[-89.92845,46.47522],[-89.92147,46.47138],[-89.91724,46.4697],[-89.91487,46.46901],[-89.9079,46.46748],[-89.89285,46.46508],[-89.89097,46.46459],[-89.88867,46.46369],[-89.88091,46.45913],[-89.86052,46.44794],[-89.75838,46.39393],[-89.75625,46.39295],[-89.75243,46.39159],[-89.74733,46.39044],[-89.7434,46.38999],[-89.70255,46.38869],[-89.64711,46.38587],[-89.64473,46.38561],[-89.63935,46.38451],[-89.61828,46.37783],[-89.61427,46.37681],[-89.58936,46.37125],[-89.58698,46.37085],[-89.58338,46.3705],[-89.56405,46.36981],[-89.56058,46.36922],[-89.55838,46.36851],[-89.55629,46.36752],[-89.54791,46.36208],[-89.54554,46.36106],[-89.54308,46.36039],[-89.54022,46.36],[-89.53251,46.35963],[-89.52526,46.35843],[-89.50957,46.3573],[-89.50653,46.35696],[-89.50203,46.35605],[-89.48745,46.35188],[-89.48386,46.35026],[-89.48157,46.34881],[-89.46476,46.33638],[-89.46099,46.33332],[-89.45886,46.3314],[-89.42156,46.29452],[-89.42039,46.29352],[-89.41867,46.2924],[-89.41514,46.29094],[-89.41139,46.29021],[-89.34513,46.28621],[-89.34173,46.28558],[-89.32335,46.2804],[-89.30497,46.27643],[-89.30031,46.27576],[-89.2406,46.27315],[-89.2205,46.27132],[-89.2161,46.27138],[-89.20608,46.27231],[-89.20312,46.27216],[-89.20057,46.27168],[-89.19675,46.27048],[-89.18371,46.26458],[-89.18096,46.26372],[-89.17845,46.26321],[-89.17372,46.26285],[-89.15616,46.26269],[-89.15179,46.26249],[-89.14486,46.26162],[-89.13085,46.25907],[-89.12839,46.25845],[-89.12515,46.25725],[-89.09864,46.24537],[-89.09576,46.24365],[-89.08542,46.235],[-89.08247,46.23311],[-89.00591,46.19718],[-88.97879,46.18658],[-88.95664,46.1788],[-88.94354,46.17304],[-88.93766,46.17111],[-88.93332,46.17011],[-88.8827,46.16065],[-88.87649,46.15991],[-88.87332,46.15978],[-88.77517,46.15972],[-88.77176,46.15921],[-88.77007,46.15864],[-88.76865,46.15795],[-88.76709,46.15685],[-88.76627,46.15605],[-88.75812,46.14697],[-88.75672,46.14479],[-88.755,46.14149],[-88.75315,46.13901],[-88.7505,46.13642],[-88.74822,46.13472],[-88.74574,46.13323],[-88.74404,46.13241],[-88.72427,46.12376],[-88.72105,46.12216],[-88.7165,46.11934],[-88.70065,46.10825],[-88.6962,46.10586],[-88.69215,46.10413],[-88.6801,46.0998],[-88.67864,46.09915],[-88.67379,46.09568],[-88.67168,46.09365],[-88.67022,46.09278],[-88.66883,46.09228],[-88.66605,46.09165],[-88.66384,46.09145],[-88.66145,46.09164],[-88.65778,46.09239],[-88.65602,46.09255],[-88.6351,46.09235],[-88.63314,46.09259],[-88.63193,46.09314],[-88.63114,46.09382],[-88.62805,46.09746],[-88.62159,46.10402],[-88.6199,46.10502],[-88.61767,46.10559],[-88.60635,46.10558],[-88.55675,46.10615],[-88.54116,46.10615],[-88.53406,46.10659],[-88.52611,46.10765],[-88.5237,46.10746],[-88.51824,46.10623],[-88.50399,46.10098],[-88.49918,46.09937],[-88.49752,46.09898],[-88.48861,46.0977],[-88.47459,46.0969],[-88.45184,46.09424],[-88.42367,46.0944],[-88.41886,46.0939],[-88.41225,46.09282],[-88.40876,46.09271],[-88.40002,46.09401],[-88.36613,46.09408],[-88.36491,46.09434],[-88.36418,46.09467],[-88.3597,46.0972],[-88.35798,46.09766],[-88.334,46.09778],[-88.33393,46.08878],[-88.33418,46.08704],[-88.33554,46.0813],[-88.33568,46.07322],[-88.33617,46.07088],[-88.33802,46.06681],[-88.33864,46.06471],[-88.3393,46.05775],[-88.33925,46.05639],[-88.33893,46.05505],[-88.3383,46.05367],[-88.33739,46.05231],[-88.33553,46.05045],[-88.33404,46.04942],[-88.33075,46.04792],[-88.32391,46.04602],[-88.32174,46.04514],[-88.31867,46.04333],[-88.3171,46.04199],[-88.31612,46.04091],[-88.31489,46.03908],[-88.31403,46.03684],[-88.31153,46.02344],[-88.3114,46.02156],[-88.31158,46.01995],[-88.3137,46.0118],[-88.31421,46.00803],[-88.31423,46.00568],[-88.31361,45.9973],[-88.31373,45.99404],[-88.31403,45.99218],[-88.31607,45.98463],[-88.31658,45.98117],[-88.31661,45.97869],[-88.31586,45.96025],[-88.31566,45.95934],[-88.31497,45.95828],[-88.30692,45.95079],[-88.30432,45.94856],[-88.29336,45.94457],[-88.28994,45.94296],[-88.25869,45.9229],[-88.25724,45.92251],[-88.24506,45.92232],[-88.24483,45.92242],[-88.24482,45.92309],[-88.24459,45.92327],[-88.24281,45.92321],[-88.24166,45.92278],[-88.24031,45.92132],[-88.236,45.9137],[-88.23471,45.91248],[-88.23293,45.91155],[-88.2308,45.91102],[-88.19214,45.90789],[-88.18935,45.90736],[-88.16869,45.89998],[-88.16649,45.89939],[-88.16195,45.89864],[-88.15417,45.89598],[-88.15257,45.89483],[-88.15045,45.89231],[-88.14985,45.89126],[-88.14774,45.88642],[-88.147,45.88546],[-88.14567,45.88451],[-88.14138,45.88238],[-88.13964,45.88201],[-88.13856,45.88196],[-88.13234,45.88201],[-88.1282,45.88131],[-88.12429,45.88001],[-88.11721,45.87675],[-88.11554,45.87629],[-88.11361,45.87601],[-88.08984,45.87606],[-88.08828,45.87592],[-88.08671,45.87541],[-88.08554,45.87454],[-88.08498,45.87388],[-88.08168,45.86834],[-88.08072,45.86746],[-88.07957,45.86679],[-88.07795,45.86629],[-88.07681,45.86615],[-88.06969,45.8661],[-88.06437,45.86481],[-88.06265,45.86397],[-88.06175,45.8633],[-88.06075,45.86216],[-88.0604,45.86133],[-88.0599,45.8588],[-88.05959,45.85822],[-88.05284,45.8506],[-88.04998,45.84655],[-88.04923,45.84522],[-88.04907,45.84459],[-88.049,45.84352],[-88.04925,45.84237],[-88.04965,45.84153],[-88.05107,45.83972],[-88.05317,45.83779],[-88.05642,45.8357],[-88.05791,45.83423],[-88.0589,45.83253],[-88.06041,45.82919],[-88.06128,45.82819],[-88.06237,45.82728],[-88.06275,45.82667],[-88.06551,45.82029],[-88.0657,45.81938],[-88.06559,45.81795],[-88.06524,45.81689],[-88.06448,45.81577],[-88.05955,45.8115],[-88.05754,45.81034],[-88.05547,45.80967],[-88.0523,45.8092],[-88.04984,45.80853],[-88.04759,45.80821],[-88.04522,45.80841],[-88.03823,45.80967],[-88.02391,45.8092],[-88.0217,45.80846],[-88.01797,45.80593],[-88.01622,45.80539],[-88.01482,45.80529],[-87.99388,45.80573],[-87.98911,45.80653],[-87.98333,45.80647],[-87.97857,45.80571],[-87.97438,45.8046],[-87.96959,45.80417],[-87.9461,45.79961],[-87.93187,45.79792],[-87.93039,45.79745],[-87.92861,45.7966],[-87.92479,45.79345],[-87.91505,45.78768],[-87.91424,45.78737],[-87.91337,45.78726],[-87.90499,45.78732],[-87.90318,45.78702],[-87.89835,45.78707],[-87.89403,45.78763],[-87.88979,45.78771],[-87.88537,45.78709],[-87.87698,45.78494],[-87.87286,45.78458],[-87.87068,45.78416],[-87.86731,45.78315],[-87.86553,45.78244],[-87.86393,45.78158],[-87.86014,45.77886],[-87.85854,45.77806],[-87.85657,45.7774],[-87.8526,45.77665],[-87.84823,45.77623],[-87.83382,45.77616],[-87.83115,45.77629],[-87.82179,45.77728],[-87.81594,45.77733],[-87.81406,45.777],[-87.79276,45.7713],[-87.79006,45.7707],[-87.74764,45.76604],[-87.74163,45.76583],[-87.73661,45.76432],[-87.73503,45.76343],[-87.72774,45.75626],[-87.72521,45.75287],[-87.72418,45.75218],[-87.72309,45.75182],[-87.7218,45.75169],[-87.6935,45.75171],[-87.68387,45.75185],[-87.68062,45.75136],[-87.6788,45.7508],[-87.67599,45.74936],[-87.669,45.74402],[-87.66382,45.73897],[-87.66178,45.73738],[-87.65985,45.73623],[-87.65422,45.73338],[-87.64995,45.7317],[-87.64676,45.73094],[-87.62396,45.7282],[-87.62014,45.72731],[-87.61727,45.72602],[-87.6159,45.72514],[-87.60765,45.71831],[-87.60538,45.71672],[-87.60293,45.71542],[-87.59992,45.71425],[-87.59737,45.71357],[-87.57784,45.70975],[-87.57461,45.70958],[-87.54793,45.70959],[-87.54378,45.70921],[-87.54107,45.70863],[-87.53866,45.70788],[-87.53136,45.70495],[-87.53007,45.70429],[-87.52862,45.70326],[-87.52739,45.70199],[-87.52055,45.69194],[-87.51792,45.6928],[-87.51615,45.69317],[-87.5,45.6952],[-87.49647,45.69583],[-87.49391,45.69642],[-87.46598,45.70423],[-87.46418,45.70449],[-87.45613,45.70396],[-87.41439,45.70524],[-87.38611,45.70465],[-87.38332,45.70449],[-87.36879,45.70242],[-87.31768,45.70439],[-87.31449,45.70512],[-87.30843,45.70726],[-87.30754,45.70771],[-87.30606,45.7089],[-87.30507,45.70939],[-87.27395,45.72034],[-87.2717,45.72087],[-87.20389,45.73306],[-87.18941,45.73545],[-87.13495,45.74504],[-87.1317,45.74548],[-87.12746,45.74574],[-87.08002,45.74577],[-87.08001,45.74963],[-87.07988,45.75016],[-87.07904,45.75134],[-87.07772,45.75227],[-87.07709,45.75358],[-87.07738,45.75903],[-87.07707,45.76078],[-87.07705,45.76317],[-87.07729,45.76396],[-87.08294,45.77326],[-87.08281,45.77413],[-87.08292,45.77488],[-87.08288,45.78201],[-87.08256,45.78456],[-87.08196,45.7868],[-87.07959,45.79285],[-87.0778,45.79499],[-87.07617,45.79645],[-87.07501,45.7971],[-87.06838,45.79987],[-87.06705,45.80067],[-87.06544,45.80217],[-87.06263,45.80521],[-87.06019,45.80862],[-87.05395,45.82047],[-87.05308,45.82173],[-87.05126,45.82337],[-87.04529,45.82766],[-87.04445,45.82872],[-87.04298,45.83168],[-87.03608,45.83959],[-87.03261,45.84306],[-87.02783,45.84846],[-87.02669,45.84926],[-87.02431,45.85041],[-87.02348,45.85123],[-87.02305,45.85239],[-87.02308,45.85528],[-87.02339,45.85612],[-87.02637,45.86122],[-87.02662,45.8622],[-87.02661,45.86302],[-87.02611,45.86455],[-87.00784,45.88609],[-86.99436,45.89914],[-86.99351,45.90013],[-86.99267,45.90164],[-86.99233,45.90287],[-86.99246,45.91803],[-86.99234,45.91926],[-86.99203,45.92024],[-86.99092,45.92206],[-86.98959,45.92334],[-86.98716,45.92476],[-86.98457,45.92564],[-86.98011,45.92627],[-86.97565,45.92663],[-86.95382,45.92649],[-86.94901,45.92599],[-86.94115,45.92427],[-86.93887,45.92359],[-86.93716,45.92267],[-86.9361,45.92177],[-86.93521,45.92065],[-86.93416,45.91891],[-86.93357,45.91766],[-86.9288,45.90484],[-86.92803,45.90339],[-86.92723,45.90235],[-86.92512,45.90048],[-86.922,45.89881],[-86.91863,45.8978],[-86.91476,45.89738],[-86.82856,45.89746],[-86.785,45.89732],[-86.78209,45.89759],[-86.77382,45.8991],[-86.7703,45.89935],[-86.76574,45.89928],[-86.76124,45.8987],[-86.75007,45.89631],[-86.74505,45.89566],[-86.74052,45.89543],[-86.71152,45.89549],[-86.69988,45.89514],[-86.69752,45.89497],[-86.64413,45.88862],[-86.64196,45.88849],[-86.63977,45.88859],[-86.6372,45.88905],[-86.61483,45.89523],[-86.58648,45.90255],[-86.58406,45.90296],[-86.58158,45.90309],[-86.57896,45.90292],[-86.5629,45.90036],[-86.55846,45.89926],[-86.55601,45.89844],[-86.55244,45.89698],[-86.55043,45.89598],[-86.54255,45.89149],[-86.54109,45.89087],[-86.53917,45.89036],[-86.53688,45.89015],[-86.52584,45.89001],[-86.52115,45.89037],[-86.51728,45.89124],[-86.50283,45.89579],[-86.50009,45.89706],[-86.49821,45.89818],[-86.48839,45.90559],[-86.48511,45.90764],[-86.48247,45.90876],[-86.47947,45.90961],[-86.47737,45.90998],[-86.47395,45.91024],[-86.45807,45.91077],[-86.45423,45.91072],[-86.4439,45.90933],[-86.39968,45.90586],[-86.37387,45.90346],[-86.33723,45.9034],[-86.33475,45.90364],[-86.33225,45.90433],[-86.33028,45.90525],[-86.3247,45.90925],[-86.31839,45.91481],[-86.31655,45.91623],[-86.31487,45.91742],[-86.31075,45.91986],[-86.30623,45.92192],[-86.30063,45.92414],[-86.29331,45.92653],[-86.29188,45.92719],[-86.29028,45.92817],[-86.28821,45.93001],[-86.28525,45.93335],[-86.28446,45.93477],[-86.28263,45.93924],[-86.28144,45.94104],[-86.27961,45.9428],[-86.27727,45.94427],[-86.27348,45.94566],[-86.26358,45.94794],[-86.26201,45.94852],[-86.25197,45.9531],[-86.25016,45.95363],[-86.24884,45.95375],[-86.24636,45.95348],[-86.24457,45.95276],[-86.2438,45.95225],[-86.2403,45.94903],[-86.23722,45.94721],[-86.23502,45.94686],[-86.23335,45.94708],[-86.23212,45.94757],[-86.23097,45.94848],[-86.22763,45.95234],[-86.22598,45.95481],[-86.22234,45.9594],[-86.22111,45.96038],[-86.2189,45.96139],[-86.21775,45.96175],[-86.21449,45.96226],[-86.212,45.96286],[-86.20055,45.96777],[-86.19916,45.96822],[-86.19741,45.96862],[-86.19583,45.96878],[-86.15824,45.96873],[-86.15568,45.96885],[-86.15295,45.96932],[-86.14932,45.97061],[-86.14705,45.97196],[-86.13608,45.9821],[-86.13373,45.98375],[-86.1322,45.98458],[-86.12998,45.9855],[-86.12799,45.98611],[-86.1245,45.98677],[-86.12111,45.98695],[-86.10808,45.98698],[-86.10579,45.98714],[-86.10237,45.98769],[-86.09223,45.99011],[-86.08758,45.99062],[-86.03627,45.99029],[-86.03206,45.99043],[-86.01436,45.99252],[-86.01249,45.99291],[-86.00893,45.9943],[-86.0066,45.99581],[-86.00481,45.99762],[-85.97112,46.04323],[-85.9608,46.0564],[-85.96002,46.05762],[-85.9592,46.05938],[-85.95851,46.06211],[-85.95815,46.07881],[-85.95742,46.08145],[-85.95625,46.08365],[-85.9484,46.09488],[-85.9468,46.09665],[-85.94453,46.09829],[-85.94261,46.09924],[-85.9398,46.10015],[-85.93645,46.10066],[-85.84267,46.1014],[-85.79316,46.10096],[-85.60855,46.10112],[-85.49616,46.10039],[-85.49184,46.10012],[-85.48885,46.09974],[-85.47978,46.09795],[-85.47725,46.09709],[-85.47079,46.09418],[-85.46802,46.09351],[-85.46506,46.0933],[-85.45063,46.09418],[-85.44898,46.09434],[-85.44533,46.09502],[-85.44209,46.09602],[-85.43898,46.09744],[-85.43662,46.09894],[-85.43316,46.1018],[-85.43075,46.10313],[-85.42757,46.1041],[-85.42517,46.10441],[-85.42314,46.10442],[-85.41986,46.10395],[-85.39171,46.09594],[-85.38599,46.0947],[-85.38265,46.09422],[-85.37715,46.09385],[-85.33796,46.09392],[-85.33469,46.09361],[-85.33233,46.09317],[-85.3282,46.0919],[-85.30893,46.08447],[-85.30577,46.08308],[-85.29471,46.07749],[-85.29165,46.07623],[-85.28946,46.07558],[-85.28066,46.07364],[-85.27854,46.07303],[-85.27679,46.07239],[-85.2655,46.06737],[-85.2629,46.06649],[-85.25796,46.06542],[-85.25464,46.06509],[-85.25162,46.06503],[-85.24858,46.06522],[-85.2093,46.06999],[-85.20433,46.07011],[-85.20009,46.0696],[-85.19628,46.06865],[-85.18915,46.06627],[-85.17452,46.06306],[-85.17242,46.06243],[-85.17044,46.0616],[-85.1614,46.05671],[-85.15839,46.05547],[-85.15524,46.05447],[-85.15297,46.05391],[-85.14131,46.05176],[-85.13864,46.05097],[-85.12865,46.047],[-85.12054,46.04227],[-85.10779,46.03676],[-85.1018,46.03376],[-85.09924,46.03281],[-85.09531,46.03182],[-85.08868,46.03113],[-85.08623,46.03067],[-85.08327,46.02986],[-85.0749,46.02691],[-85.07205,46.02623],[-85.0695,46.02584],[-85.06358,46.02543],[-85.05467,46.02383],[-85.0509,46.02294],[-85.03757,46.01927],[-85.03532,46.01887],[-85.0289,46.01814],[-85.02475,46.01731],[-85.02159,46.01641],[-85.01788,46.01501],[-85.00484,46.00828],[-85.00081,46.00599],[-84.9988,46.00409],[-84.99511,46.00137],[-84.99088,45.99777],[-84.98133,45.99132],[-84.97102,45.98586],[-84.96787,45.9839],[-84.96467,45.98119],[-84.96151,45.97739],[-84.95904,45.9749],[-84.93893,45.95929],[-84.93417,45.9544],[-84.93254,45.95224],[-84.92998,45.94825],[-84.92195,45.9379],[-84.91912,45.93392],[-84.91768,45.93239],[-84.91636,45.93144],[-84.91489,45.93061],[-84.91313,45.92991],[-84.90933,45.92875],[-84.90645,45.92807],[-84.90173,45.92759],[-84.89192,45.92782],[-84.88994,45.92772],[-84.88681,45.92724],[-84.88345,45.92619],[-84.88044,45.92461],[-84.87843,45.92303],[-84.87662,45.92087],[-84.87436,45.91654],[-84.87259,45.91423],[-84.86999,45.91194],[-84.866,45.90949],[-84.86157,45.90713],[-84.85777,45.90554],[-84.84892,45.90251],[-84.83976,45.90033],[-84.83801,45.89965],[-84.83608,45.89853],[-84.83489,45.89754],[-84.83359,45.89593],[-84.8329,45.89445],[-84.83264,45.89339],[-84.83258,45.8922],[-84.8328,45.89091],[-84.83326,45.88971],[-84.83456,45.88733],[-84.83514,45.88535],[-84.83507,45.8834],[-84.83471,45.88215],[-84.83339,45.87979],[-84.83113,45.87638],[-84.82961,45.87498],[-84.82714,45.87355],[-84.82499,45.87275],[-84.82245,45.87221],[-84.81998,45.87204],[-84.80766,45.87202],[-84.80589,45.8718],[-84.80348,45.8712],[-84.80076,45.86999],[-84.79712,45.8676],[-84.78925,45.86072],[-84.78623,45.85869],[-84.78242,45.85685],[-84.77494,45.85404],[-84.77208,45.85338],[-84.76898,45.85312],[-84.76548,45.85331],[-84.72805,45.85752]]},
"properties":{"name":"U.S. Route 2 - Western segment - West to East","stroke":"#cc0000","stroke-width":3,"fill-opacity":0,"tessellate":"1","extrude":"0","visibility":"-1"}},
{"type":"Feature","geometry":{"type":"LineString","coordinates":[[-73.36665,44.99951],[-73.35744,44.99971],[-73.34835,44.9986],[-73.34447,44.99829],[-73.34184,44.99835],[-73.33265,44.99903],[-73.32328,44.99918],[-73.32178,44.99865],[-73.32096,44.99784],[-73.32071,44.99703],[-73.32048,44.99229],[-73.32,44.99156],[-73.31899,44.99097],[-73.31742,44.99078],[-73.30073,44.99123],[-73.29941,44.99105],[-73.29821,44.99063],[-73.29711,44.98991],[-73.29649,44.98918],[-73.29613,44.98837],[-73.29609,44.98723],[-73.29764,44.98204],[-73.29873,44.9792],[-73.30157,44.97384],[-73.30318,44.96681],[-73.30318,44.96628],[-73.30301,44.96594],[-73.30236,44.96545],[-73.30156,44.96527],[-73.28682,44.96532],[-73.28537,44.96508],[-73.28353,44.96408],[-73.27764,44.9602],[-73.27393,44.95701],[-73.27109,44.95407],[-73.27075,44.95334],[-73.27071,44.95267],[-73.27091,44.95208],[-73.27396,44.94597],[-73.27483,44.94208],[-73.27487,44.94107],[-73.27462,44.9395],[-73.27313,44.93548],[-73.27354,44.93336],[-73.27436,44.93164],[-73.27454,44.93089],[-73.27424,44.92536],[-73.27381,44.9221],[-73.27388,44.92147],[-73.27968,44.91162],[-73.27996,44.91081],[-73.27996,44.90813],[-73.2798,44.90748],[-73.27945,44.90698],[-73.27823,44.90617],[-73.27422,44.90447],[-73.27356,44.90375],[-73.27333,44.90302],[-73.27411,44.90023],[-73.27647,44.89618],[-73.27782,44.89287],[-73.27865,44.88792],[-73.27842,44.88723],[-73.27784,44.88661],[-73.27323,44.88468],[-73.27252,44.88423],[-73.2721,44.88372],[-73.27193,44.88302],[-73.272,44.88104],[-73.27174,44.8797],[-73.27204,44.87741],[-73.27199,44.87639],[-73.27112,44.87351],[-73.2685,44.86758],[-73.26668,44.86543],[-73.26561,44.86454],[-73.26067,44.86247],[-73.25979,44.86188],[-73.25896,44.86074],[-73.25843,44.85923],[-73.25841,44.85854],[-73.25922,44.85683],[-73.25927,44.85478],[-73.25976,44.85336],[-73.26076,44.85173],[-73.26435,44.84857],[-73.26556,44.84717],[-73.26685,44.8453],[-73.27092,44.83684],[-73.27374,44.83196],[-73.27436,44.82963],[-73.27629,44.82732],[-73.27715,44.82562],[-73.27977,44.82272],[-73.28036,44.82227],[-73.28106,44.8221],[-73.28298,44.82227],[-73.28453,44.82216],[-73.28687,44.8215],[-73.28785,44.82097],[-73.28921,44.81889],[-73.29201,44.81232],[-73.29215,44.81147],[-73.29162,44.80656],[-73.29401,44.77444],[-73.29394,44.77304],[-73.29352,44.77082],[-73.29285,44.76902],[-73.29242,44.76834],[-73.29176,44.76761],[-73.2863,44.76317],[-73.28569,44.76238],[-73.2855,44.76147],[-73.29317,44.72282],[-73.29355,44.72178],[-73.29669,44.7165],[-73.30741,44.69261],[-73.31588,44.68015],[-73.31946,44.67533],[-73.32282,44.66799],[-73.32292,44.66684],[-73.32195,44.6602],[-73.32037,44.65498],[-73.31915,44.65335],[-73.31684,44.65139],[-73.31494,44.64738],[-73.31429,44.64662],[-73.31331,44.64595],[-73.31165,44.64534],[-73.30972,44.64517],[-73.28838,44.64705],[-73.28563,44.64688],[-73.28367,44.64627],[-73.28237,44.64553],[-73.27656,44.63974],[-73.27502,44.63865],[-73.27318,44.63798],[-73.26791,44.6367],[-73.26486,44.63463],[-73.26404,44.63424],[-73.24526,44.62801],[-73.2392,44.62575],[-73.23746,44.62533],[-73.21561,44.62351],[-73.21365,44.62308],[-73.21228,44.62221],[-73.21153,44.62098],[-73.21149,44.61978],[-73.21219,44.61516],[-73.21207,44.61405],[-73.21163,44.61273],[-73.21046,44.61098],[-73.20746,44.60824],[-73.20631,44.60688],[-73.2055,44.60553],[-73.20393,44.60193],[-73.20279,44.60059],[-73.20164,44.5998],[-73.19672,44.59714],[-73.19343,44.59577],[-73.18544,44.59397],[-73.17147,44.59023],[-73.16906,44.58975],[-73.16651,44.58949],[-73.16659,44.58803],[-73.16634,44.58699],[-73.16556,44.58505],[-73.1646,44.5835],[-73.1602,44.57977],[-73.15745,44.57308],[-73.156,44.57123],[-73.15534,44.57011],[-73.15509,44.56935],[-73.15517,44.56878],[-73.16029,44.56176],[-73.16122,44.56003],[-73.16178,44.55854],[-73.16311,44.55326],[-73.16476,44.54852],[-73.16564,44.54682],[-73.1682,44.54283],[-73.16863,44.54192],[-73.1687,44.54019],[-73.16794,44.53887],[-73.16789,44.53802],[-73.16823,44.53739],[-73.16994,44.53581],[-73.17043,44.53508],[-73.17055,44.53202],[-73.17267,44.52742],[-73.17292,44.52653],[-73.17275,44.52371],[-73.17328,44.51976],[-73.17377,44.51912],[-73.17538,44.51815],[-73.17816,44.5171],[-73.17889,44.51653],[-73.17918,44.51609],[-73.17946,44.50998],[-73.18287,44.50137],[-73.18646,44.49418],[-73.18656,44.49168],[-73.18638,44.49108],[-73.1864,44.49044],[-73.18665,44.48845],[-73.18838,44.4861],[-73.18916,44.48587],[-73.19089,44.48637],[-73.19377,44.48688],[-73.19599,44.4878],[-73.20085,44.4885],[-73.20415,44.48955],[-73.20548,44.48969],[-73.20605,44.48864],[-73.20547,44.4762],[-73.19951,44.4764],[-73.19873,44.47627],[-73.18751,44.47123],[-73.18449,44.47006],[-73.18156,44.46918],[-73.17633,44.46793],[-73.17052,44.46681],[-73.15513,44.46332],[-73.15421,44.46302],[-73.14494,44.4586],[-73.13719,44.45819],[-73.135,44.45842],[-73.1307,44.45835],[-73.10462,44.44679],[-73.10278,44.44553],[-73.10157,44.4449],[-73.09824,44.44371],[-73.09213,44.44257],[-73.08831,44.44276],[-73.08337,44.4406],[-73.0611,44.436],[-73.05483,44.4349],[-73.05086,44.43461],[-73.04769,44.43419],[-73.04521,44.43442],[-73.04303,44.434],[-73.04208,44.43411],[-73.04046,44.43486],[-73.03908,44.43474],[-73.03559,44.43328],[-73.01924,44.42385],[-73.01798,44.42331],[-73.01584,44.42322],[-73.01282,44.42421],[-73.01131,44.42432],[-73.01002,44.42388],[-73.00351,44.42069],[-72.99996,44.41725],[-72.99895,44.41539],[-72.99892,44.41483],[-72.99986,44.41148],[-72.99956,44.41024],[-72.99871,44.40916],[-72.99762,44.40814],[-72.98937,44.40318],[-72.9871,44.40142],[-72.98519,44.40085],[-72.98331,44.40094],[-72.98007,44.40162],[-72.97961,44.40193],[-72.97903,44.40284],[-72.97788,44.40308],[-72.97657,44.40252],[-72.97557,44.40144],[-72.9747,44.40101],[-72.96869,44.39928],[-72.96396,44.3975],[-72.95571,44.39518],[-72.9541,44.39444],[-72.95021,44.39425],[-72.94768,44.39391],[-72.94674,44.39331],[-72.94467,44.39132],[-72.94097,44.38631],[-72.94011,44.38537],[-72.9383,44.38445],[-72.9372,44.3836],[-72.93607,44.38305],[-72.9345,44.3828],[-72.93309,44.38237],[-72.93035,44.38227],[-72.92714,44.38237],[-72.92407,44.38209],[-72.91183,44.37922],[-72.90472,44.37806],[-72.90166,44.37717],[-72.90085,44.37708],[-72.89896,44.37722],[-72.89799,44.3771],[-72.8817,44.37283],[-72.88083,44.37279],[-72.87871,44.37316],[-72.87781,44.37312],[-72.87435,44.37179],[-72.84513,44.36411],[-72.8413,44.36296],[-72.83872,44.36253],[-72.82876,44.36143],[-72.82761,44.36114],[-72.82362,44.35965],[-72.82187,44.3595],[-72.8203,44.35967],[-72.81562,44.36111],[-72.81343,44.36151],[-72.80897,44.36169],[-72.80563,44.36201],[-72.80424,44.36176],[-72.80363,44.36144],[-72.8024,44.36032],[-72.80164,44.35984],[-72.79751,44.35875],[-72.78981,44.35502],[-72.78777,44.35419],[-72.78433,44.35306],[-72.77863,44.35224],[-72.77671,44.35165],[-72.77591,44.35124],[-72.77446,44.34997],[-72.76998,44.34692],[-72.76601,44.34477],[-72.76513,44.34449],[-72.76307,44.34433],[-72.76177,44.3438],[-72.7594,44.3414],[-72.75892,44.34055],[-72.75716,44.33851],[-72.74974,44.33114],[-72.74639,44.32885],[-72.74601,44.32816],[-72.74588,44.32723],[-72.74566,44.32679],[-72.74178,44.32268],[-72.74093,44.32231],[-72.73521,44.32119],[-72.73358,44.32058],[-72.7302,44.31877],[-72.72853,44.31761],[-72.72595,44.31554],[-72.72496,44.31399],[-72.72291,44.31287],[-72.72198,44.31253],[-72.71621,44.31127],[-72.71453,44.31143],[-72.71107,44.31258],[-72.70755,44.31335],[-72.70629,44.31335],[-72.70179,44.31269],[-72.70056,44.31222],[-72.69769,44.30988],[-72.69735,44.30916],[-72.69711,44.30746],[-72.69662,44.30689],[-72.69511,44.30572],[-72.69456,44.30301],[-72.69394,44.30208],[-72.69195,44.30086],[-72.68961,44.29879],[-72.6846,44.29595],[-72.68158,44.29375],[-72.68007,44.29347],[-72.6791,44.29263],[-72.67802,44.29219],[-72.67553,44.2923],[-72.67006,44.29105],[-72.66675,44.28939],[-72.66492,44.28792],[-72.66394,44.28681],[-72.66144,44.28311],[-72.65921,44.27917],[-72.65841,44.27858],[-72.65631,44.27758],[-72.655,44.27703],[-72.65004,44.27574],[-72.64797,44.2758],[-72.64482,44.27645],[-72.64401,44.27637],[-72.64136,44.2756],[-72.64034,44.27503],[-72.63854,44.27329],[-72.63777,44.2728],[-72.63128,44.27061],[-72.62838,44.26928],[-72.62428,44.26799],[-72.62354,44.26744],[-72.6228,44.2661],[-72.62211,44.26552],[-72.6114,44.2607],[-72.6089,44.25919],[-72.60794,44.25891],[-72.60302,44.25814],[-72.5993,44.25695],[-72.59471,44.25628],[-72.59409,44.25635],[-72.59339,44.25688],[-72.59281,44.25853],[-72.59209,44.25971],[-72.58957,44.2614],[-72.58843,44.26194],[-72.58712,44.26226],[-72.58597,44.26237],[-72.58465,44.2622],[-72.5852,44.26087],[-72.58497,44.26002],[-72.58345,44.26023],[-72.58245,44.26013],[-72.57895,44.25867],[-72.57569,44.25584],[-72.57136,44.25151],[-72.56976,44.2507],[-72.56585,44.24916],[-72.56458,44.24888],[-72.56147,44.24908],[-72.55836,44.24976],[-72.55452,44.24987],[-72.55302,44.24964],[-72.55111,44.24838],[-72.54974,44.24704],[-72.54976,44.2465],[-72.54915,44.2463],[-72.54736,44.24422],[-72.54622,44.24329],[-72.54546,44.2429],[-72.54257,44.24173],[-72.54131,44.24138],[-72.53974,44.24126],[-72.53664,44.24142],[-72.53473,44.24117],[-72.53295,44.24053],[-72.53024,44.23866],[-72.5294,44.23825],[-72.52561,44.23718],[-72.52444,44.23728],[-72.52336,44.23774],[-72.52173,44.2397],[-72.52092,44.24023],[-72.51609,44.24195],[-72.51416,44.24233],[-72.50744,44.24258],[-72.50619,44.24297],[-72.50524,44.24356],[-72.5016,44.24761],[-72.50101,44.24856],[-72.50096,44.24952],[-72.50207,44.25267],[-72.50194,44.25502],[-72.50204,44.25659],[-72.50177,44.25766],[-72.49968,44.26163],[-72.49902,44.26227],[-72.4973,44.26337],[-72.49497,44.26537],[-72.4923,44.26629],[-72.48981,44.26755],[-72.48862,44.26865],[-72.48674,44.27108],[-72.48635,44.27131],[-72.48461,44.27134],[-72.48244,44.27177],[-72.47855,44.27171],[-72.47722,44.27142],[-72.47502,44.2706],[-72.46632,44.26912],[-72.45993,44.26899],[-72.45531,44.2709],[-72.45103,44.27344],[-72.44076,44.27608],[-72.43675,44.27835],[-72.43456,44.27839],[-72.4294,44.27785],[-72.42744,44.27815],[-72.42541,44.27815],[-72.42433,44.27856],[-72.41818,44.28164],[-72.41395,44.28548],[-72.41318,44.28596],[-72.40928,44.28748],[-72.40741,44.28868],[-72.40497,44.28978],[-72.40169,44.29057],[-72.39934,44.29167],[-72.39898,44.29218],[-72.39875,44.29313],[-72.39823,44.29426],[-72.39813,44.29493],[-72.39833,44.29719],[-72.39836,44.30076],[-72.39941,44.30513],[-72.39939,44.30604],[-72.39851,44.30856],[-72.39661,44.31167],[-72.39576,44.31256],[-72.39444,44.31355],[-72.38698,44.31685],[-72.3833,44.31969],[-72.38086,44.32363],[-72.37747,44.32673],[-72.37685,44.32748],[-72.37644,44.32868],[-72.37631,44.3316],[-72.37509,44.33378],[-72.3744,44.33636],[-72.37267,44.3391],[-72.37053,44.34086],[-72.36807,44.34357],[-72.35971,44.34776],[-72.3578,44.34976],[-72.35548,44.35112],[-72.3549,44.35131],[-72.35206,44.35133],[-72.35041,44.35163],[-72.34534,44.35208],[-72.34067,44.35469],[-72.33837,44.35509],[-72.33755,44.3554],[-72.3351,44.35727],[-72.33082,44.35836],[-72.32798,44.36002],[-72.32598,44.36063],[-72.31775,44.36387],[-72.31639,44.36386],[-72.31384,44.36323],[-72.31203,44.36307],[-72.30968,44.36245],[-72.30856,44.36248],[-72.30719,44.36287],[-72.30519,44.36381],[-72.30431,44.36399],[-72.30137,44.36374],[-72.29835,44.36407],[-72.29675,44.36469],[-72.29445,44.36609],[-72.29232,44.36679],[-72.28978,44.36694],[-72.28525,44.36625],[-72.28302,44.36648],[-72.27596,44.36916],[-72.27125,44.37046],[-72.26737,44.37101],[-72.26505,44.37177],[-72.26213,44.37323],[-72.26088,44.37416],[-72.25884,44.3791],[-72.25748,44.3817],[-72.2556,44.38625],[-72.25458,44.38815],[-72.25352,44.38913],[-72.25221,44.3897],[-72.24783,44.3905],[-72.24668,44.39094],[-72.24163,44.39413],[-72.23987,44.39568],[-72.23851,44.39733],[-72.23758,44.39791],[-72.23498,44.3986],[-72.23105,44.40021],[-72.22792,44.39992],[-72.22514,44.40006],[-72.21929,44.40138],[-72.21872,44.40178],[-72.21645,44.4048],[-72.21333,44.40631],[-72.21083,44.40661],[-72.20858,44.40643],[-72.20554,44.40666],[-72.19802,44.4084],[-72.19542,44.40882],[-72.19209,44.40824],[-72.19051,44.40817],[-72.17873,44.40938],[-72.16844,44.41096],[-72.16479,44.41087],[-72.16023,44.40989],[-72.15879,44.40978],[-72.15682,44.41002],[-72.15324,44.41],[-72.14915,44.4109],[-72.14394,44.41155],[-72.14074,44.41145],[-72.13985,44.41156],[-72.12618,44.41663],[-72.12402,44.41787],[-72.12068,44.42049],[-72.11895,44.42153],[-72.11306,44.42397],[-72.11073,44.42545],[-72.10779,44.42689],[-72.10448,44.42907],[-72.10184,44.43033],[-72.09904,44.43118],[-72.08519,44.43396],[-72.07902,44.43446],[-72.07601,44.43506],[-72.07436,44.43569],[-72.07298,44.43647],[-72.06924,44.43948],[-72.06814,44.4402],[-72.05902,44.44389],[-72.05659,44.44453],[-72.05431,44.44447],[-72.04693,44.44291],[-72.04524,44.44234],[-72.04423,44.44167],[-72.04357,44.44102],[-72.04307,44.43998],[-72.04052,44.4325],[-72.04001,44.43157],[-72.03926,44.43083],[-72.03843,44.43029],[-72.03261,44.42751],[-72.0314,44.42659],[-72.03091,44.42577],[-72.02964,44.41932],[-72.02904,44.4185],[-72.02454,44.41674],[-72.02366,44.41653],[-72.02038,44.41638],[-72.02007,44.41687],[-72.02091,44.41847],[-72.01961,44.41885],[-72.01906,44.41879],[-72.0159,44.41768],[-72.01556,44.41928],[-72.01087,44.42035],[-71.99832,44.42173],[-71.98796,44.42135],[-71.98321,44.42167],[-71.98213,44.42201],[-71.98101,44.42283],[-71.98027,44.4241],[-71.97964,44.42667],[-71.97902,44.42732],[-71.97741,44.42821],[-71.97488,44.42878],[-71.97075,44.42918],[-71.96739,44.42927],[-71.96475,44.43003],[-71.96322,44.43005],[-71.96161,44.43107],[-71.96062,44.43139],[-71.95823,44.43136],[-71.95629,44.43161],[-71.95408,44.43168],[-71.95155,44.43254],[-71.94923,44.43389],[-71.94856,44.43467],[-71.94795,44.43575],[-71.94646,44.43955],[-71.9454,44.44141],[-71.94472,44.44357],[-71.94452,44.44557],[-71.94366,44.44709],[-71.94296,44.44771],[-71.94169,44.44835],[-71.93848,44.44903],[-71.93464,44.45103],[-71.93338,44.45136],[-71.92604,44.45066],[-71.92503,44.45032],[-71.92288,44.44863],[-71.92105,44.44622],[-71.91883,44.44413],[-71.91234,44.441],[-71.91122,44.4401],[-71.90973,44.43805],[-71.90861,44.43708],[-71.89888,44.43146],[-71.89785,44.43107],[-71.89316,44.43001],[-71.89039,44.42893],[-71.88478,44.42858],[-71.88345,44.42906],[-71.88252,44.42959],[-71.88122,44.43101],[-71.88022,44.43255],[-71.87944,44.43451],[-71.87876,44.43685],[-71.87868,44.43758],[-71.87885,44.43995],[-71.8787,44.4411],[-71.87815,44.4426],[-71.8773,44.44395],[-71.87501,44.44682],[-71.87235,44.45071],[-71.86802,44.45565],[-71.86461,44.45909],[-71.85988,44.46635],[-71.85818,44.46781],[-71.85662,44.46863],[-71.85546,44.46903],[-71.85235,44.46951],[-71.85051,44.46945],[-71.84908,44.4692],[-71.83931,44.46569],[-71.83654,44.46455],[-71.8347,44.46335],[-71.83341,44.46205],[-71.82945,44.45548],[-71.82808,44.45428],[-71.82574,44.45314],[-71.82419,44.45276],[-71.8128,44.45131],[-71.81146,44.4513],[-71.80834,44.45176],[-71.8067,44.45173],[-71.79748,44.44961],[-71.79526,44.4496],[-71.793,44.45038],[-71.79159,44.45156],[-71.79,44.45396],[-71.78951,44.45554],[-71.78754,44.45734],[-71.78689,44.45893],[-71.78647,44.46125],[-71.7859,44.46196],[-71.78477,44.46284],[-71.78305,44.46336],[-71.77893,44.46394],[-71.77577,44.46491],[-71.77296,44.46512],[-71.76009,44.46896],[-71.75545,44.46882],[-71.75237,44.4684],[-71.75151,44.46807],[-71.74972,44.46672],[-71.74721,44.46559],[-71.74344,44.46487],[-71.73516,44.46441],[-71.72687,44.4646],[-71.7137,44.46434],[-71.7115,44.46409],[-71.70459,44.46238],[-71.69699,44.46115],[-71.69403,44.46151],[-71.68941,44.46246],[-71.68519,44.46307],[-71.67463,44.46349],[-71.66899,44.46427],[-71.66608,44.4642],[-71.66106,44.4644],[-71.65366,44.46497],[-71.65292,44.46522],[-71.65243,44.46567],[-71.65086,44.46855],[-71.64871,44.47082],[-71.64826,44.47189],[-71.64795,44.47413],[-71.64718,44.47522],[-71.63418,44.48325],[-71.63269,44.48452],[-71.63187,44.48481],[-71.62849,44.48523],[-71.6275,44.485],[-71.62503,44.48376],[-71.62368,44.4836],[-71.62293,44.48372],[-71.62001,44.48488],[-71.61855,44.48592],[-71.61773,44.48624],[-71.61201,44.48717],[-71.60684,44.48725],[-71.60447,44.48756],[-71.60138,44.48916],[-71.60025,44.49008],[-71.59722,44.49329],[-71.59686,44.49391],[-71.59634,44.49565],[-71.59554,44.49613],[-71.58632,44.49618],[-71.57658,44.49691],[-71.57611,44.49675],[-71.57144,44.49306],[-71.57074,44.49231],[-71.56973,44.49021],[-71.56951,44.4889],[-71.56961,44.48724],[-71.56938,44.48657],[-71.56641,44.48433],[-71.55638,44.47739],[-71.55127,44.4741],[-71.54655,44.47073],[-71.54494,44.46925],[-71.53809,44.46195],[-71.53173,44.44988],[-71.52929,44.44635],[-71.52759,44.44478],[-71.52322,44.44192],[-71.52012,44.43916],[-71.51716,44.4369],[-71.51579,44.43626],[-71.5127,44.43532],[-71.51024,44.43384],[-71.50238,44.43056],[-71.4968,44.42775],[-71.4868,44.42447],[-71.47742,44.42103],[-71.47169,44.41728],[-71.46718,44.4147],[-71.45305,44.40711],[-71.44418,44.40268],[-71.44115,44.40023],[-71.43754,44.39864],[-71.43677,44.39811],[-71.41901,44.38228],[-71.41437,44.37849],[-71.4105,44.37453],[-71.4088,44.37336],[-71.40644,44.37121],[-71.40433,44.37002],[-71.40167,44.36815],[-71.39357,44.36572],[-71.39231,44.36504],[-71.39041,44.36365],[-71.38921,44.36322],[-71.38505,44.36239],[-71.37968,44.36178],[-71.37375,44.36043],[-71.36591,44.35903],[-71.36195,44.35894],[-71.35783,44.35847],[-71.35387,44.35846],[-71.34919,44.35792],[-71.34431,44.3579],[-71.34303,44.35803],[-71.34053,44.35884],[-71.33579,44.3617],[-71.33325,44.36285],[-71.32905,44.36435],[-71.32536,44.36528],[-71.31007,44.36729],[-71.30811,44.36773],[-71.30076,44.37021],[-71.29906,44.37055],[-71.29117,44.37161],[-71.27883,44.37166],[-71.27729,44.3718],[-71.27531,44.37225],[-71.25279,44.3801],[-71.23577,44.38498],[-71.23032,44.38619],[-71.22896,44.38668],[-71.22763,44.38749],[-71.22669,44.3885],[-71.22128,44.3965],[-71.22031,44.39747],[-71.21924,44.39816],[-71.21656,44.3992],[-71.21233,44.39998],[-71.21145,44.39997],[-71.2084,44.39938],[-71.20302,44.39791],[-71.20092,44.39786],[-71.19524,44.39817],[-71.19456,44.39722],[-71.19394,44.39569],[-71.19341,44.39514],[-71.18209,44.39052],[-71.17855,44.38943],[-71.16567,44.38629],[-71.16215,44.38578],[-71.15841,44.38492],[-71.15724,44.38493],[-71.14372,44.3863],[-71.14033,44.38719],[-71.13872,44.3874],[-71.13734,44.38744],[-71.13346,44.38712],[-71.13235,44.38728],[-71.13158,44.38761],[-71.1282,44.38975],[-71.1242,44.39368],[-71.11972,44.39638],[-71.11654,44.39807],[-71.10898,44.40131],[-71.0996,44.40586],[-71.09846,44.40621],[-71.09011,44.40779],[-71.08734,44.40791],[-71.08255,44.40711],[-71.08116,44.40659],[-71.08028,44.40561],[-71.08007,44.40342],[-71.07971,44.40279],[-71.07439,44.39836],[-71.07234,44.39731],[-71.07016,44.39676],[-71.06726,44.39667],[-71.06499,44.3971],[-71.061,44.39833],[-71.05925,44.39845],[-71.05751,44.39817],[-71.05582,44.39749],[-71.05058,44.39366],[-71.04801,44.39263],[-71.04663,44.3924],[-71.04512,44.39238],[-71.03731,44.39326],[-71.03577,44.3931],[-71.03477,44.39278],[-71.03387,44.39228],[-71.03208,44.39046],[-71.03066,44.38932],[-71.02379,44.38538],[-71.02128,44.38456],[-71.01918,44.38441],[-71.01717,44.38469],[-71.01467,44.38543],[-71.01283,44.38616],[-71.00657,44.38973],[-71.00212,44.39207],[-70.99782,44.39476],[-70.99633,44.39548],[-70.99508,44.39583],[-70.99297,44.39597],[-70.99155,44.39566],[-70.98902,44.39415],[-70.98773,44.39356],[-70.98417,44.39229],[-70.98234,44.39202],[-70.98104,44.3922],[-70.9641,44.39609],[-70.96226,44.3961],[-70.95886,44.39547],[-70.95709,44.39543],[-70.95569,44.39569],[-70.95142,44.39725],[-70.94851,44.39779],[-70.94576,44.39791],[-70.93841,44.39768],[-70.93608,44.39786],[-70.93119,44.3989],[-70.92946,44.39961],[-70.92819,44.40069],[-70.92685,44.40302],[-70.92607,44.40384],[-70.92451,44.40481],[-70.92298,44.4052],[-70.91718,44.40497],[-70.91507,44.40517],[-70.90893,44.4064],[-70.89708,44.40664],[-70.89547,44.40616],[-70.89325,44.40459],[-70.89237,44.40418],[-70.88897,44.40367],[-70.88786,44.40334],[-70.88499,44.40162],[-70.87912,44.39911],[-70.87765,44.39882],[-70.87617,44.39893],[-70.87253,44.40017],[-70.86839,44.40063],[-70.86517,44.40124],[-70.86325,44.40143],[-70.86134,44.40197],[-70.85998,44.40282],[-70.85634,44.40573],[-70.85258,44.40785],[-70.84367,44.41362],[-70.8396,44.41573],[-70.83752,44.41625],[-70.83181,44.41658],[-70.83034,44.41638],[-70.82892,44.41575],[-70.82547,44.41328],[-70.82115,44.41191],[-70.80721,44.40954],[-70.80235,44.40964],[-70.79831,44.40915],[-70.79699,44.4092],[-70.79616,44.4095],[-70.79557,44.40993],[-70.7952,44.41041],[-70.79505,44.41107],[-70.79513,44.4116],[-70.79695,44.41553],[-70.79739,44.41717],[-70.79752,44.41862],[-70.79739,44.42097],[-70.79747,44.42454],[-70.79773,44.4258],[-70.80092,44.4317],[-70.80173,44.43258],[-70.80469,44.43503],[-70.8088,44.44079],[-70.80924,44.44188],[-70.80938,44.44283],[-70.80894,44.44759],[-70.80868,44.4489],[-70.80827,44.44993],[-70.80573,44.4539],[-70.8051,44.4552],[-70.80471,44.45663],[-70.80406,44.46052],[-70.80344,44.46238],[-70.80246,44.46426],[-70.79969,44.46813],[-70.79909,44.46919],[-70.79732,44.47457],[-70.79575,44.47869],[-70.79447,44.48036],[-70.791,44.48327],[-70.7878,44.48684],[-70.78709,44.48736],[-70.78607,44.48781],[-70.78186,44.4887],[-70.77835,44.48878],[-70.77112,44.48811],[-70.76565,44.4864],[-70.76269,44.48592],[-70.76023,44.48589],[-70.75356,44.48681],[-70.75001,44.48691],[-70.72808,44.48418],[-70.72567,44.48424],[-70.71406,44.48565],[-70.70779,44.48548],[-70.7053,44.48569],[-70.70336,44.48615],[-70.70166,44.48683],[-70.70045,44.4875],[-70.69904,44.4886],[-70.69745,44.49047],[-70.69582,44.494],[-70.69452,44.49621],[-70.69216,44.49863],[-70.68354,44.50295],[-70.67726,44.50631],[-70.67578,44.50677],[-70.67423,44.50645],[-70.67335,44.50574],[-70.67315,44.5053],[-70.67269,44.50172],[-70.67203,44.50096],[-70.66669,44.49974],[-70.66051,44.49674],[-70.6585,44.4955],[-70.65476,44.49242],[-70.64876,44.48877],[-70.6469,44.48826],[-70.6458,44.48825],[-70.64471,44.48844],[-70.64316,44.48917],[-70.64217,44.49031],[-70.64022,44.49686],[-70.63985,44.4976],[-70.63918,44.49841],[-70.63771,44.49944],[-70.63276,44.5022],[-70.62764,44.50375],[-70.6253,44.50494],[-70.62244,44.50728],[-70.62182,44.50798],[-70.62128,44.50896],[-70.62042,44.51209],[-70.62002,44.51256],[-70.61925,44.51299],[-70.61794,44.51316],[-70.61315,44.51272],[-70.61017,44.51199],[-70.60851,44.5111],[-70.6065,44.50932],[-70.60416,44.5078],[-70.603,44.50734],[-70.60183,44.50715],[-70.59988,44.50729],[-70.59471,44.509],[-70.59072,44.50975],[-70.57771,44.50928],[-70.57156,44.51007],[-70.56977,44.51051],[-70.5682,44.51123],[-70.56386,44.51461],[-70.5621,44.51579],[-70.5536,44.52025],[-70.54586,44.52533],[-70.54247,44.52778],[-70.54186,44.52884],[-70.54183,44.52997],[-70.54462,44.53522],[-70.54516,44.53823],[-70.54594,44.53936],[-70.54774,44.54085],[-70.54886,44.54215],[-70.54861,44.5426],[-70.54726,44.54325],[-70.54818,44.54439],[-70.54837,44.54554],[-70.54944,44.54723],[-70.54945,44.54765],[-70.54889,44.54802],[-70.54912,44.54835],[-70.54843,44.54925],[-70.55106,44.55394],[-70.54703,44.55508],[-70.54411,44.55681],[-70.54332,44.5571],[-70.54247,44.55699],[-70.54162,44.55659],[-70.53475,44.55176],[-70.53107,44.54768],[-70.52796,44.54492],[-70.52616,44.54307],[-70.52492,44.54246],[-70.51634,44.53945],[-70.51222,44.53689],[-70.50863,44.53574],[-70.50291,44.53319],[-70.49734,44.53202],[-70.49578,44.53196],[-70.49354,44.53212],[-70.49002,44.53152],[-70.48705,44.53136],[-70.48218,44.53132],[-70.47584,44.53243],[-70.47249,44.53259],[-70.46806,44.53215],[-70.46304,44.53113],[-70.45871,44.53142],[-70.45349,44.53071],[-70.45004,44.53073],[-70.44869,44.53029],[-70.4464,44.52883],[-70.44302,44.52747],[-70.44007,44.52584],[-70.43853,44.52453],[-70.43589,44.5232],[-70.4335,44.52262],[-70.43089,44.52238],[-70.42556,44.52118],[-70.42176,44.51946],[-70.41757,44.51889],[-70.41088,44.51703],[-70.4103,44.51709],[-70.40964,44.51736],[-70.40812,44.51922],[-70.40809,44.52406],[-70.4076,44.52529],[-70.40723,44.52714],[-70.40635,44.52844],[-70.40555,44.53088],[-70.40555,44.53163],[-70.40609,44.53346],[-70.40593,44.53517],[-70.40503,44.53742],[-70.40559,44.54023],[-70.4056,44.54072],[-70.40538,44.54133],[-70.40225,44.54419],[-70.40053,44.54534],[-70.3913,44.54825],[-70.38782,44.55217],[-70.38697,44.55282],[-70.38601,44.55314],[-70.38307,44.55348],[-70.38136,44.55396],[-70.38015,44.55464],[-70.37945,44.55533],[-70.37815,44.55826],[-70.37602,44.56092],[-70.37299,44.56996],[-70.37058,44.57487],[-70.36944,44.58244],[-70.36891,44.58418],[-70.36774,44.58573],[-70.36609,44.58692],[-70.36499,44.58747],[-70.36293,44.58814],[-70.36027,44.58862],[-70.35815,44.58876],[-70.35468,44.58863],[-70.34864,44.5875],[-70.34513,44.58645],[-70.34197,44.58516],[-70.33129,44.57905],[-70.32817,44.57697],[-70.32565,44.57588],[-70.32408,44.57547],[-70.32183,44.57519],[-70.31775,44.57517],[-70.31442,44.57497],[-70.30838,44.57411],[-70.30034,44.57271],[-70.29847,44.57278],[-70.29708,44.57306],[-70.28773,44.57585],[-70.28563,44.57706],[-70.28472,44.578],[-70.28413,44.57904],[-70.28387,44.58018],[-70.28358,44.58375],[-70.28323,44.5853],[-70.28232,44.5876],[-70.28117,44.58941],[-70.27984,44.59077],[-70.27858,44.5917],[-70.27411,44.59424],[-70.2723,44.59471],[-70.27067,44.5947],[-70.26722,44.59414],[-70.26204,44.59403],[-70.25935,44.59353],[-70.25787,44.59293],[-70.25639,44.59205],[-70.24861,44.58596],[-70.24747,44.58536],[-70.24579,44.5848],[-70.2324,44.58282],[-70.22774,44.58188],[-70.22499,44.58101],[-70.22054,44.58098],[-70.2183,44.58155],[-70.21656,44.58235],[-70.20997,44.58669],[-70.20846,44.58773],[-70.20709,44.58914],[-70.20661,44.59005],[-70.20639,44.5909],[-70.20479,44.60267],[-70.20423,44.60431],[-70.20339,44.60534],[-70.19634,44.61203],[-70.19504,44.61278],[-70.19304,44.61348],[-70.17778,44.61632],[-70.16873,44.61865],[-70.16745,44.61929],[-70.16667,44.61987],[-70.16407,44.62255],[-70.1616,44.62459],[-70.15543,44.62891],[-70.15453,44.6297],[-70.15394,44.63051],[-70.15356,44.63163],[-70.15304,44.63941],[-70.14975,44.64964],[-70.14947,44.65103],[-70.14971,44.65249],[-70.15102,44.6551],[-70.15278,44.65668],[-70.15319,44.65728],[-70.15327,44.65799],[-70.15307,44.66057],[-70.15295,44.66127],[-70.15257,44.66167],[-70.15036,44.66244],[-70.14903,44.66242],[-70.14429,44.65964],[-70.13447,44.6543],[-70.13183,44.65356],[-70.12769,44.65318],[-70.12567,44.65252],[-70.12117,44.6497],[-70.11698,44.64741],[-70.11605,44.64678],[-70.11289,44.64396],[-70.1113,44.64299],[-70.09948,44.63751],[-70.0977,44.63686],[-70.0932,44.63579],[-70.09111,44.63496],[-70.08559,44.6314],[-70.0841,44.62997],[-70.08121,44.62663],[-70.08004,44.62559],[-70.07916,44.62503],[-70.07301,44.62208],[-70.07155,44.62162],[-70.06998,44.62147],[-70.0619,44.62135],[-70.06025,44.62161],[-70.0587,44.6222],[-70.05756,44.62297],[-70.05175,44.62858],[-70.0514,44.62924],[-70.05121,44.63048],[-70.05176,44.63343],[-70.05178,44.63459],[-70.05133,44.63553],[-70.05059,44.63624],[-70.0492,44.63693],[-70.04472,44.63795],[-70.04283,44.63868],[-70.03224,44.64513],[-70.031,44.64564],[-70.02928,44.64602],[-70.0277,44.64607],[-70.02622,44.64586],[-70.02471,44.64535],[-70.02335,44.64453],[-70.015,44.63834],[-70.01354,44.63757],[-70.01211,44.63706],[-70.00825,44.63642],[-70.00622,44.63628],[-70.00393,44.63638],[-70.00103,44.63693],[-69.97649,44.64658],[-69.96455,44.65088],[-69.96267,44.65172],[-69.95983,44.65357],[-69.95871,44.65456],[-69.95753,44.65593],[-69.95611,44.65845],[-69.95454,44.66361],[-69.95372,44.66489],[-69.95284,44.66568],[-69.95096,44.66672],[-69.92857,44.67671],[-69.92627,44.6772],[-69.89931,44.68056],[-69.89738,44.68064],[-69.89057,44.68019],[-69.88719,44.68065],[-69.8746,44.68465],[-69.85089,44.69549],[-69.84448,44.69799],[-69.81158,44.70727],[-69.80071,44.71187],[-69.79739,44.7136],[-69.78874,44.71291],[-69.78883,44.71432],[-69.78857,44.71512],[-69.7861,44.71887],[-69.78535,44.71959],[-69.78352,44.72079],[-69.78119,44.7226],[-69.77311,44.72681],[-69.76745,44.73039],[-69.76156,44.73432],[-69.75763,44.73767],[-69.75636,44.73831],[-69.75281,44.73965],[-69.74973,44.74145],[-69.74674,44.74259],[-69.74512,44.74356],[-69.74201,44.74586],[-69.73864,44.74921],[-69.73498,44.75136],[-69.73423,44.75204],[-69.73261,44.75405],[-69.72889,44.75702],[-69.72055,44.76123],[-69.71871,44.76179],[-69.71721,44.76246],[-69.71759,44.76292],[-69.71915,44.76356],[-69.71978,44.76399],[-69.71992,44.76433],[-69.71975,44.76477],[-69.71734,44.76591],[-69.71593,44.76683],[-69.7107,44.7716],[-69.70963,44.77226],[-69.70809,44.77293],[-69.70654,44.77316],[-69.70468,44.7728],[-69.69947,44.76928],[-69.69809,44.76857],[-69.69474,44.76742],[-69.69317,44.76714],[-69.69141,44.76709],[-69.68902,44.7674],[-69.68252,44.76914],[-69.66666,44.77574],[-69.66492,44.77622],[-69.66316,44.77636],[-69.65519,44.7763],[-69.64711,44.77737],[-69.63429,44.77765],[-69.63218,44.77731],[-69.62728,44.77588],[-69.61456,44.77389],[-69.61097,44.77259],[-69.60514,44.77128],[-69.60318,44.77052],[-69.59998,44.76885],[-69.59287,44.76551],[-69.59129,44.76496],[-69.56512,44.76189],[-69.56206,44.76194],[-69.55538,44.76497],[-69.5439,44.76987],[-69.54104,44.77175],[-69.52436,44.78443],[-69.52261,44.78538],[-69.51693,44.78762],[-69.51209,44.78913],[-69.4917,44.79206],[-69.49024,44.79244],[-69.4816,44.79549],[-69.42138,44.82172],[-69.41921,44.82307],[-69.41509,44.82657],[-69.41426,44.82749],[-69.41297,44.82949],[-69.41212,44.83031],[-69.4089,44.8319],[-69.40508,44.83463],[-69.39299,44.84161],[-69.39086,44.84248],[-69.38695,44.84367],[-69.3704,44.84814],[-69.36836,44.84819],[-69.36273,44.84704],[-69.32864,44.84322],[-69.32042,44.84252],[-69.31234,44.84153],[-69.28616,44.83725],[-69.27771,44.83524],[-69.27102,44.83529],[-69.25873,44.82501],[-69.25772,44.82442],[-69.25622,44.82403],[-69.23497,44.82437],[-69.23309,44.82387],[-69.22512,44.82088],[-69.22324,44.82042],[-69.22079,44.8201],[-69.21458,44.81995],[-69.20357,44.82127],[-69.20076,44.82137],[-69.18341,44.82038],[-69.16834,44.8185],[-69.16256,44.81747],[-69.15749,44.81714],[-69.13956,44.8165],[-69.09898,44.81559],[-69.09426,44.81507],[-69.09239,44.81455],[-69.08471,44.81143],[-69.06877,44.80334],[-69.06479,44.80176],[-69.05102,44.79707],[-69.04684,44.79766],[-69.03677,44.80194],[-69.03518,44.80237],[-69.02511,44.80364],[-68.99947,44.80649],[-68.9792,44.80909],[-68.97807,44.80906],[-68.97103,44.80772],[-68.9696,44.80707],[-68.96781,44.80583],[-68.96629,44.80529],[-68.95632,44.80406],[-68.95428,44.80439],[-68.9501,44.80592],[-68.93282,44.80745],[-68.92576,44.80845],[-68.91905,44.80907],[-68.91198,44.81005],[-68.91087,44.80976],[-68.9005,44.80502],[-68.89569,44.80258],[-68.88789,44.79652],[-68.88672,44.79601],[-68.88223,44.79555],[-68.87699,44.79465],[-68.86648,44.79185],[-68.85952,44.79273],[-68.83473,44.79496],[-68.83276,44.79491],[-68.83052,44.79426],[-68.81947,44.78851],[-68.81783,44.78802],[-68.8128,44.78735],[-68.81025,44.79117],[-68.80974,44.79318],[-68.80727,44.79571],[-68.80715,44.79623],[-68.80726,44.79676],[-68.80807,44.7978],[-68.78008,44.80106],[-68.77096,44.80165],[-68.76587,44.80376],[-68.75443,44.80797],[-68.74815,44.81053],[-68.74215,44.81202],[-68.74046,44.8126],[-68.73933,44.81325],[-68.73757,44.81483],[-68.73679,44.81528],[-68.73307,44.81628],[-68.73213,44.81667],[-68.72972,44.81889],[-68.72426,44.82046],[-68.72322,44.82096],[-68.72138,44.8225],[-68.7094,44.83524],[-68.7076,44.83677],[-68.70634,44.83859],[-68.70524,44.84103],[-68.70464,44.84183],[-68.69998,44.84531],[-68.69646,44.85215],[-68.69118,44.85762],[-68.68604,44.86405],[-68.68255,44.86901],[-68.67862,44.87561],[-68.67251,44.88285],[-68.66963,44.88775],[-68.66128,44.89319],[-68.65749,44.8959],[-68.642,44.90777],[-68.64104,44.90869],[-68.64052,44.90963],[-68.63886,44.91705],[-68.64411,44.92689],[-68.64444,44.9305],[-68.64506,44.93339],[-68.64575,44.93481],[-68.64398,44.93643],[-68.64209,44.93927],[-68.64159,44.94028],[-68.6419,44.94137],[-68.64463,44.94664],[-68.64349,44.95143],[-68.64355,44.95288],[-68.64407,44.95498],[-68.6441,44.95781],[-68.64389,44.95868],[-68.64263,44.96116],[-68.64065,44.96433],[-68.63524,44.9712],[-68.63443,44.97269],[-68.63383,44.97496],[-68.63404,44.97947],[-68.63389,44.98366],[-68.63419,44.98465],[-68.6347,44.98543],[-68.63646,44.98706],[-68.63708,44.98796],[-68.64031,44.9943],[-68.6408,44.9957],[-68.64091,44.99731],[-68.63994,45.01348],[-68.64017,45.0147],[-68.64248,45.02137],[-68.64328,45.02272],[-68.64541,45.02521],[-68.65096,45.03],[-68.65717,45.03752],[-68.65956,45.04202],[-68.65996,45.04372],[-68.65989,45.04545],[-68.65892,45.04844],[-68.65813,45.05001],[-68.65643,45.05273],[-68.65586,45.05406],[-68.65512,45.06021],[-68.65508,45.06515],[-68.65484,45.06673],[-68.65426,45.06873],[-68.65048,45.07885],[-68.64971,45.08056],[-68.64572,45.08624],[-68.63701,45.09789],[-68.63457,45.10181],[-68.63225,45.10494],[-68.63126,45.106],[-68.62992,45.10719],[-68.62793,45.10824],[-68.61858,45.11265],[-68.61723,45.11354],[-68.61611,45.11479],[-68.61235,45.12172],[-68.61187,45.12466],[-68.61192,45.12768],[-68.61158,45.1287],[-68.61154,45.13021],[-68.61165,45.13225],[-68.61208,45.13402],[-68.61202,45.13475],[-68.61372,45.13982],[-68.61772,45.15337],[-68.61914,45.16428],[-68.61978,45.17068],[-68.61969,45.17204],[-68.61757,45.18283],[-68.61631,45.18534],[-68.61314,45.19637],[-68.61309,45.19762],[-68.61328,45.19851],[-68.61401,45.19998],[-68.6157,45.20207],[-68.61699,45.20331],[-68.61841,45.20435],[-68.62916,45.21026],[-68.63593,45.21339],[-68.63742,45.21426],[-68.63965,45.21589],[-68.64172,45.21787],[-68.64293,45.21939],[-68.64607,45.22455],[-68.64636,45.22536],[-68.64644,45.22652],[-68.64624,45.22748],[-68.63776,45.25207],[-68.6376,45.25511],[-68.6388,45.26905],[-68.63837,45.27107],[-68.63767,45.27236],[-68.62463,45.2871],[-68.624,45.28814],[-68.62108,45.29458],[-68.61983,45.29681],[-68.61823,45.2991],[-68.5962,45.32362],[-68.59429,45.32556],[-68.5914,45.32763],[-68.56992,45.34031],[-68.55648,45.34524],[-68.54845,45.34784],[-68.53482,45.35257],[-68.52713,45.35627],[-68.52048,45.36085],[-68.51907,45.36157],[-68.5151,45.36259],[-68.5118,45.36318],[-68.50737,45.36297],[-68.50464,45.36218],[-68.50331,45.36516],[-68.50303,45.36959],[-68.50044,45.37851],[-68.49401,45.39294],[-68.49063,45.40097],[-68.4901,45.40191],[-68.4878,45.405],[-68.48586,45.41054],[-68.48528,45.41153],[-68.4843,45.4126],[-68.48097,45.41492],[-68.47508,45.41845],[-68.45896,45.42929],[-68.45431,45.43123],[-68.44934,45.43293],[-68.44501,45.43558],[-68.43204,45.44232],[-68.42655,45.44581],[-68.42268,45.44999],[-68.41569,45.45515],[-68.41346,45.45636],[-68.40846,45.45843],[-68.4033,45.46083],[-68.39447,45.46544],[-68.39262,45.46697],[-68.3854,45.47472],[-68.38144,45.47915],[-68.37883,45.48256],[-68.37818,45.48318],[-68.36975,45.48749],[-68.36568,45.48927],[-68.36439,45.4902],[-68.36359,45.49116],[-68.36114,45.49595],[-68.357,45.50084],[-68.35654,45.5016],[-68.35628,45.50238],[-68.35562,45.50676],[-68.35438,45.5161],[-68.35407,45.51737],[-68.35315,45.51953],[-68.34291,45.53588],[-68.32241,45.56715],[-68.32188,45.56844],[-68.31929,45.57736],[-68.31297,45.59077],[-68.30584,45.60989],[-68.30274,45.61683],[-68.30129,45.61803],[-68.28961,45.62459],[-68.28799,45.62539],[-68.28593,45.62606],[-68.27782,45.6276],[-68.27565,45.62763],[-68.26609,45.627],[-68.26465,45.62726],[-68.26362,45.62798],[-68.25993,45.63231],[-68.25999,45.63294],[-68.26165,45.63529],[-68.27245,45.65772],[-68.27402,45.66014],[-68.2773,45.66401],[-68.27993,45.66838],[-68.28048,45.67058],[-68.28046,45.67184],[-68.27913,45.67844],[-68.27908,45.67958],[-68.27932,45.68061],[-68.27978,45.68149],[-68.28219,45.6844],[-68.28287,45.68565],[-68.28303,45.6912],[-68.28319,45.69203],[-68.28355,45.69282],[-68.28413,45.69354],[-68.28853,45.69689],[-68.28953,45.69787],[-68.29277,45.70222],[-68.29336,45.70332],[-68.29323,45.7044],[-68.29168,45.70713],[-68.2914,45.70814],[-68.29153,45.70915],[-68.29252,45.71188],[-68.29212,45.71454],[-68.29233,45.71562],[-68.29711,45.72238],[-68.29869,45.7276],[-68.29919,45.72857],[-68.30131,45.73063],[-68.30268,45.73274],[-68.30691,45.73608],[-68.30773,45.73733],[-68.3079,45.73809],[-68.30782,45.74228],[-68.30794,45.74298],[-68.30905,45.74661],[-68.31261,45.75516],[-68.31269,45.76431],[-68.31191,45.76722],[-68.31166,45.77],[-68.31175,45.77071],[-68.31234,45.77185],[-68.32027,45.78248],[-68.3206,45.78365],[-68.32052,45.7896],[-68.32063,45.79021],[-68.3222,45.79291],[-68.32455,45.79592],[-68.32501,45.79691],[-68.32446,45.85121],[-68.32479,45.8525],[-68.32711,45.85704],[-68.3298,45.86068],[-68.33019,45.86168],[-68.32968,45.86645],[-68.32989,45.8706],[-68.33019,45.89688],[-68.3307,45.89904],[-68.33264,45.90277],[-68.33321,45.90501],[-68.33354,45.9217],[-68.33332,45.92912],[-68.33323,45.93075],[-68.33299,45.93167],[-68.32187,45.94288],[-68.31502,45.94849],[-68.30779,45.95403],[-68.30733,45.95457],[-68.30534,45.95807],[-68.30431,45.95922],[-68.30241,45.96008],[-68.29956,45.96043],[-68.29696,45.96237],[-68.29475,45.96327],[-68.29243,45.96458],[-68.28974,45.96555],[-68.28763,45.96598],[-68.28241,45.9663],[-68.27578,45.96845],[-68.27484,45.96901],[-68.27246,45.9709],[-68.27224,45.97119],[-68.27213,45.97207],[-68.27238,45.98173],[-68.273,45.98571],[-68.27167,45.99409],[-68.27113,45.99541],[-68.27008,45.99722],[-68.2677,46.00058],[-68.26736,46.00163],[-68.26737,46.00668],[-68.26903,46.00862],[-68.26638,46.00927],[-68.25637,46.00992],[-68.2546,46.01016],[-68.25252,46.0107],[-68.2511,46.01127],[-68.24864,46.01278],[-68.24767,46.01367],[-68.24682,46.01478],[-68.23707,46.0295],[-68.23528,46.03112],[-68.23054,46.03445],[-68.22945,46.03564],[-68.22909,46.03626],[-68.22879,46.03729],[-68.22904,46.04148],[-68.22865,46.04337],[-68.22823,46.04424],[-68.22736,46.04545],[-68.22351,46.04999],[-68.22159,46.05162],[-68.21948,46.05303],[-68.19434,46.0681],[-68.19276,46.06931],[-68.18839,46.07371],[-68.18202,46.08413],[-68.1817,46.08491],[-68.18161,46.08562],[-68.18201,46.08705],[-68.18438,46.09118],[-68.18477,46.09224],[-68.18642,46.10283],[-68.1873,46.10739],[-68.18723,46.10891],[-68.18693,46.10995],[-68.18577,46.11193],[-68.17426,46.1241],[-68.17251,46.12537],[-68.16906,46.12729],[-68.16722,46.12851],[-68.1655,46.1293],[-68.16148,46.13057],[-68.15999,46.13081],[-68.14306,46.13076],[-68.13983,46.13112],[-68.13697,46.13178],[-68.13494,46.13248],[-68.12613,46.13677],[-68.12303,46.13763],[-68.12049,46.13782],[-68.10349,46.13778],[-68.09392,46.1405],[-68.08355,46.14479],[-68.08179,46.14504],[-68.06111,46.14496],[-68.0549,46.14375],[-68.02509,46.1363],[-68.0226,46.13545],[-68.01393,46.13195],[-68.01271,46.13107],[-68.00773,46.12607],[-68.0066,46.12548],[-68.00477,46.12513],[-67.99422,46.12478],[-67.99002,46.12523],[-67.94625,46.12578],[-67.94195,46.12539],[-67.93808,46.12588],[-67.93489,46.12604],[-67.92108,46.12625],[-67.90327,46.12586],[-67.90221,46.12603],[-67.9,46.12683],[-67.89289,46.12883],[-67.89078,46.12917],[-67.88722,46.12938],[-67.87326,46.1295],[-67.8718,46.12938],[-67.86834,46.12838],[-67.86671,46.12833],[-67.85492,46.13085],[-67.85168,46.13135],[-67.85023,46.13116],[-67.84835,46.13058],[-67.84234,46.12793],[-67.84277,46.12622],[-67.84176,46.12527],[-67.84133,46.12394],[-67.83868,46.12442],[-67.8127,46.12548],[-67.81108,46.12568],[-67.80851,46.12636],[-67.80656,46.12728],[-67.80506,46.12836],[-67.80122,46.1317],[-67.80002,46.13234],[-67.79904,46.13266],[-67.79782,46.13289],[-67.79602,46.13292],[-67.78685,46.13126],[-67.78277,46.13096],[-67.7829,46.13152],[-67.78327,46.13213],[-67.78445,46.13315]]},
"properties":{"name":"U.S. Route 2 - Eastern segment - West to East","stroke":"#cc0000","stroke-width":3,"fill-opacity":0,"tessellate":"1","extrude":"0","visibility":"-1"}},


{"type":"Feature","geometry":{"type":"LineString","coordinates":[[-118.39551,37.37393],[-118.39535,37.37458],[-118.39535,37.39194],[-118.39498,37.39328],[-118.39441,37.39433],[-118.39353,37.39536],[-118.39245,37.39622],[-118.39066,37.39709],[-118.3881,37.3976],[-118.35974,37.39786],[-118.35506,37.39886],[-118.35368,37.39931],[-118.35252,37.39993],[-118.35137,37.40083],[-118.35035,37.40224],[-118.34994,37.40339],[-118.34982,37.40449],[-118.34955,37.4627],[-118.34976,37.46385],[-118.35652,37.48709],[-118.39344,37.61297],[-118.40278,37.66869],[-118.40346,37.67012],[-118.45543,37.75512],[-118.45646,37.75702],[-118.45987,37.76461],[-118.46086,37.76725],[-118.47144,37.80423],[-118.47701,37.81844],[-118.47875,37.83003],[-118.47892,37.83828],[-118.47882,37.83951],[-118.47858,37.8408],[-118.47022,37.87065],[-118.46912,37.87351],[-118.46796,37.87529],[-118.46573,37.87761],[-118.43519,37.90129]]},
"properties":{"name":"U.S. Route 6 in California","stroke":"#cc0000","stroke-width":3,"fill-opacity":0,"tessellate":"1","extrude":"0","visibility":"-1"}},
{"type":"Feature","geometry":{"type":"LineString","coordinates":[[-118.4352,37.90129],[-118.40128,37.92692],[-118.36686,37.95534],[-118.35322,37.96096],[-118.34807,37.95988],[-118.34618,37.95988],[-118.34343,37.96089],[-118.33794,37.96922],[-118.33562,37.97098],[-118.3309,37.97199],[-118.32618,37.97395],[-118.32386,37.97544],[-118.32215,37.9774],[-118.3212,37.98058],[-118.3194,37.98255],[-118.31519,37.98566],[-118.30258,37.9933],[-118.2988,37.99486],[-118.28636,37.99824],[-118.28309,38.00007],[-118.28121,38.00189],[-118.27262,38.01467],[-118.26988,38.0169],[-118.26645,38.01812],[-118.26181,38.01799],[-118.254,38.01596],[-118.25048,38.01569],[-118.24181,38.01576],[-118.23186,38.01319],[-118.22233,38.00852],[-118.17984,38.00081],[-118.17684,38.00108],[-118.15891,38.00439],[-118.12603,38.01082],[-118.1238,38.01014],[-118.12131,38.00893],[-118.11977,38.00683],[-118.11745,38.00541],[-118.11513,38.00507],[-118.10483,38.01035],[-118.10148,38.01095],[-118.04218,38.01535],[-117.93145,38.02096],[-117.92193,38.02326],[-117.88656,38.0311],[-117.88425,38.0288],[-117.88116,38.02691],[-117.85712,38.02015],[-117.85086,38.01934],[-117.84022,38.01873],[-117.82528,38.01596],[-117.82108,38.01603],[-117.76975,38.01887],[-117.67955,38.03726],[-117.67234,38.03969],[-117.66839,38.04172],[-117.66418,38.04469],[-117.59097,38.11982],[-117.58187,38.12468],[-117.57587,38.12738],[-117.57106,38.12826],[-117.46738,38.14298],[-117.46248,38.14251],[-117.27554,38.08315],[-117.24834,38.07734],[-117.24413,38.07578],[-117.23714,38.07236],[-117.23417,38.07158],[-117.23276,38.07082],[-117.23175,38.07002],[-117.23085,38.06796],[-117.23042,38.06755],[-117.2266,38.0648],[-117.22563,38.06394],[-117.2234,38.06304],[-117.22272,38.06414],[-117.22151,38.06511],[-117.21403,38.06848],[-117.21121,38.06933],[-117.20842,38.06972],[-117.20508,38.06978],[-117.17021,38.06833],[-117.16729,38.06837],[-116.94141,38.08399],[-116.93905,38.08436],[-116.93684,38.08502],[-116.93529,38.08565],[-116.93332,38.08683],[-116.93201,38.08796],[-116.92531,38.09541],[-116.92355,38.09693],[-116.92182,38.09801],[-116.91343,38.1021],[-116.91164,38.10323],[-116.91029,38.10451],[-116.90892,38.10649],[-116.90727,38.11074],[-116.90607,38.11285],[-116.90373,38.11535],[-116.90188,38.11667],[-116.89982,38.11787],[-116.89757,38.11871],[-116.89465,38.11945],[-116.84944,38.12649],[-116.84618,38.12671],[-116.81116,38.1248],[-116.8088,38.1244],[-116.79178,38.11979],[-116.79007,38.11942],[-116.78745,38.1194],[-116.77938,38.12109],[-116.76303,38.12237],[-116.75878,38.12323],[-116.75685,38.12394],[-116.75458,38.12514],[-116.74003,38.1335],[-116.73857,38.13412],[-116.73587,38.1347],[-116.73267,38.13443],[-116.71964,38.1322],[-116.71761,38.13201],[-116.71524,38.13221],[-116.4696,38.16377],[-116.45595,38.16401],[-116.4532,38.16424],[-116.42831,38.17038],[-116.41776,38.172],[-116.40703,38.17281],[-116.3954,38.17146],[-116.38729,38.1717],[-116.38432,38.17241],[-116.37772,38.17463],[-116.3754,38.17595],[-116.37385,38.1777],[-116.37295,38.17976],[-116.36995,38.19106],[-116.36913,38.19288],[-116.36815,38.19437],[-116.16059,38.45452],[-116.15711,38.45788],[-116.15415,38.46006],[-116.15093,38.46198],[-116.14699,38.46372],[-116.0845,38.48432],[-116.08154,38.48513],[-116.07819,38.48546],[-116.07463,38.48526],[-116.07081,38.48432],[-116.0018,38.45991],[-115.9997,38.45941],[-115.99813,38.45927],[-115.99612,38.45924],[-115.99395,38.45953],[-115.99213,38.45991],[-115.96197,38.46961],[-115.95877,38.47104],[-115.95599,38.47288],[-115.91514,38.50318],[-115.91316,38.50451],[-115.9119,38.50516],[-115.91014,38.5058],[-115.90799,38.50624],[-115.90574,38.50636],[-115.89857,38.50585],[-115.89685,38.506],[-115.89301,38.50689],[-115.88713,38.50671],[-115.88484,38.50711],[-115.87007,38.51203],[-115.86739,38.51253],[-115.844,38.51509],[-115.84021,38.5161],[-115.83838,38.51683],[-115.83604,38.51823],[-115.80087,38.54156],[-115.7753,38.55458],[-115.68262,38.61324],[-115.67953,38.61485],[-115.67528,38.61652],[-115.65541,38.62176],[-115.65254,38.62209],[-115.61829,38.62353],[-115.61576,38.62407],[-115.61349,38.62488],[-115.61168,38.62581],[-115.60919,38.62759],[-115.47433,38.73972],[-115.47377,38.74037],[-115.47356,38.74112],[-115.47354,38.74283],[-115.47296,38.74388],[-115.47247,38.74427],[-115.46976,38.74552],[-115.46579,38.74793],[-115.45236,38.75397],[-115.43912,38.76194],[-115.43633,38.76244],[-115.4347,38.76324],[-115.4341,38.76396],[-115.43309,38.76647],[-115.43251,38.76711],[-115.42474,38.77348],[-115.42159,38.77544],[-115.41773,38.77715],[-115.41571,38.77877],[-115.41193,38.78103],[-115.41037,38.78262],[-115.40812,38.78451],[-115.4049,38.78643],[-115.40361,38.7875],[-115.40183,38.78964],[-115.40071,38.79051],[-115.39773,38.79222],[-115.39616,38.79287],[-115.39288,38.79381],[-115.39219,38.79428],[-115.39189,38.79483],[-115.39183,38.79535],[-115.39215,38.7965],[-115.39198,38.79699],[-115.39061,38.79886],[-115.39001,38.79924],[-115.38902,38.79931],[-115.38764,38.79866],[-115.38683,38.79847],[-115.38503,38.79889],[-115.38016,38.80304],[-115.37737,38.80471],[-115.37434,38.80627],[-115.37153,38.80832],[-115.36977,38.80918],[-115.36808,38.80968],[-115.36366,38.81026],[-115.36243,38.81063],[-115.36113,38.81128],[-115.35889,38.81309],[-115.35467,38.8152],[-115.35173,38.81724],[-115.34986,38.81804],[-115.3478,38.81924],[-115.34613,38.81998],[-115.34353,38.82058],[-115.33993,38.821],[-115.33269,38.82051],[-115.3254,38.81891],[-115.31924,38.81786],[-115.31415,38.81622],[-115.3133,38.81608],[-115.31154,38.81637],[-115.31027,38.81637],[-115.30587,38.81582],[-115.30383,38.81506],[-115.30134,38.81498],[-115.29815,38.81399],[-115.2969,38.81386],[-115.29585,38.81406],[-115.29428,38.81486],[-115.29336,38.81588],[-115.29257,38.81638],[-115.29051,38.81687],[-115.2883,38.81784],[-115.28471,38.81816],[-115.28377,38.81842],[-115.28102,38.82033],[-115.27768,38.82202],[-115.27688,38.8226],[-115.27654,38.82307],[-115.27585,38.82484],[-115.27497,38.82565],[-115.27356,38.82635],[-115.2716,38.82655],[-115.26989,38.82727],[-115.26888,38.82836],[-115.26635,38.82973],[-115.25873,38.83484],[-115.25482,38.8382],[-115.19075,38.89764],[-115.18509,38.90294],[-115.18384,38.90456],[-115.18296,38.90621],[-115.17196,38.93353],[-115.17118,38.93503],[-115.16973,38.93682],[-115.14632,38.96063],[-115.14537,38.96175],[-115.13527,38.97651],[-115.07122,39.09557],[-115.00047,39.19806],[-114.995,39.20367],[-114.99343,39.20489],[-114.99144,39.20608],[-114.98187,39.2105],[-114.98019,39.2123],[-114.97944,39.21284],[-114.97835,39.21316],[-114.97612,39.21294],[-114.97517,39.21299],[-114.97399,39.21336],[-114.9732,39.21389],[-114.96891,39.21851],[-114.96749,39.21964],[-114.96455,39.22085],[-114.96048,39.22164],[-114.95805,39.22285],[-114.95694,39.22314],[-114.95552,39.22305],[-114.94814,39.22076],[-114.94689,39.22059],[-114.94509,39.22081],[-114.94288,39.22161],[-114.94166,39.22154],[-114.94097,39.22136],[-114.93932,39.22051],[-114.93709,39.21999],[-114.93606,39.22006],[-114.93503,39.22043],[-114.92928,39.22588],[-114.92825,39.22653],[-114.9269,39.22704],[-114.92486,39.22731],[-114.91876,39.22734],[-114.91771,39.22774],[-114.91653,39.22847],[-114.91546,39.22875],[-114.91271,39.22824],[-114.90958,39.22822],[-114.90823,39.22774],[-114.90597,39.22631],[-114.90479,39.22601],[-114.90263,39.22605],[-114.90072,39.22683],[-114.89997,39.22754],[-114.89802,39.23055],[-114.89454,39.23376],[-114.89237,39.2377],[-114.89145,39.23866],[-114.89033,39.23929],[-114.88913,39.23972],[-114.88782,39.23984],[-114.88096,39.23971],[-114.87958,39.23987],[-114.8783,39.24014],[-114.86881,39.2431],[-114.85523,39.21725],[-114.85405,39.21544],[-114.81978,39.17009],[-114.81652,39.16766],[-114.80575,39.1619],[-114.80347,39.16034],[-114.80128,39.15834],[-114.72326,39.04814],[-114.7218,39.04631],[-114.71961,39.04391],[-114.71691,39.04168],[-114.71369,39.03944],[-114.70519,39.03441],[-114.6979,39.03254],[-114.69554,39.03148],[-114.69429,39.03064],[-114.69296,39.02931],[-114.68897,39.02271],[-114.68794,39.02171],[-114.68575,39.02084],[-114.68365,39.02078],[-114.67326,39.02378],[-114.66983,39.02581],[-114.6688,39.02674],[-114.66794,39.02794],[-114.66751,39.02928],[-114.667,39.02994],[-114.6658,39.03061],[-114.66288,39.03138],[-114.65996,39.03321],[-114.65734,39.03318],[-114.65588,39.03388],[-114.65318,39.03664],[-114.65159,39.03758],[-114.64644,39.03896],[-114.64335,39.03904],[-114.64159,39.03961],[-114.63953,39.04104],[-114.63734,39.04144],[-114.63507,39.04281],[-114.63357,39.04321],[-114.63164,39.04311],[-114.62919,39.04254],[-114.62773,39.04294],[-114.62451,39.04551],[-114.62155,39.04578],[-114.61932,39.04715],[-114.61799,39.04731],[-114.61636,39.04718],[-114.61447,39.04755],[-114.61318,39.04701],[-114.61267,39.04655],[-114.61237,39.04551],[-114.61258,39.04291],[-114.61224,39.04185],[-114.60859,39.03811],[-114.60653,39.03555],[-114.60473,39.03441],[-114.60082,39.03308],[-114.60005,39.03245],[-114.59924,39.03108],[-114.59958,39.02886],[-114.59894,39.02771],[-114.59718,39.02678],[-114.59555,39.02678],[-114.59194,39.02601],[-114.58984,39.02601],[-114.58555,39.02501],[-114.58284,39.02484],[-114.58113,39.02527],[-114.4547,39.06824],[-114.45204,39.06961],[-114.44959,39.07141],[-114.44672,39.07501],[-114.4215,39.12731],[-114.42034,39.13022],[-114.41236,39.1548],[-114.41142,39.15683],[-114.39816,39.17271],[-114.3961,39.17434],[-114.39412,39.17537],[-114.39125,39.1762],[-114.38794,39.17637],[-114.38627,39.1761],[-114.37357,39.17317],[-114.37138,39.17231],[-114.36949,39.17108],[-114.36524,39.16682],[-114.36245,39.16506],[-114.35756,39.16249],[-114.3543,39.15963],[-114.35013,39.15724],[-114.34872,39.15576],[-114.3443,39.14938],[-114.34275,39.14828],[-114.33983,39.14679],[-114.33846,39.14562],[-114.33606,39.14246],[-114.3337,39.14036],[-114.32893,39.13713],[-114.32679,39.135],[-114.32327,39.13321],[-114.31743,39.12765],[-114.31194,39.12369],[-114.30971,39.12279],[-114.30233,39.12169],[-114.29198,39.12146],[-114.29031,39.12112],[-114.28851,39.12039],[-114.28396,39.11733],[-114.28181,39.11646],[-114.27692,39.11566],[-114.2625,39.10807],[-114.26126,39.10724],[-114.25877,39.10474],[-114.25212,39.10088],[-114.241,39.09788],[-114.23049,39.09098],[-114.22795,39.08955],[-114.22512,39.08862],[-114.22117,39.08785],[-114.20208,39.08479],[-114.1986,39.08356],[-114.16659,39.06703],[-114.16375,39.0661],[-114.16109,39.06553],[-114.04894,39.0571]]},
"properties":{"name":"U.S. Route 6 in Nevada","stroke":"#cc0000","stroke-width":3,"fill-opacity":0,"tessellate":"1","extrude":"0","visibility":"-1"}},
{"type":"Feature","geometry":{"type":"LineString","coordinates":[[-109.05129,39.19416],[-109.05335,39.19477],[-109.05665,39.19528],[-109.05997,39.19546],[-109.0633,39.19533],[-109.06825,39.19451],[-109.0779,39.19165],[-109.08123,39.19088],[-109.08472,39.19057],[-109.09334,39.19046],[-109.10193,39.18971],[-109.10888,39.1897],[-109.11064,39.18948],[-109.11231,39.18905],[-109.11385,39.18839],[-109.11524,39.18753],[-109.11753,39.18536],[-109.12917,39.17304],[-109.13254,39.1699],[-109.13731,39.16592],[-109.14046,39.16277],[-109.14309,39.15933],[-109.15922,39.13511],[-109.16387,39.12952],[-109.16689,39.12646],[-109.17019,39.12351],[-109.17474,39.12002],[-109.18539,39.11289],[-109.19003,39.1096],[-109.21474,39.09007],[-109.23896,39.07139],[-109.249,39.06437],[-109.28153,39.03922],[-109.28481,39.03636],[-109.28802,39.03317],[-109.30759,39.01125],[-109.3118,39.00718],[-109.31644,39.00339],[-109.32029,39.00068],[-109.32698,38.9965],[-109.33088,38.99381],[-109.33461,38.99089],[-109.34254,38.98395],[-109.34894,38.97935],[-109.35461,38.97602],[-109.36327,38.97179],[-109.3676,38.96949],[-109.37188,38.96687],[-109.37585,38.96415],[-109.38036,38.96084],[-109.38574,38.95659],[-109.3911,38.95198],[-109.39881,38.94469],[-109.40126,38.94265],[-109.40386,38.94082],[-109.40801,38.93843],[-109.41261,38.93641],[-109.41735,38.93488],[-109.42226,38.93381],[-109.42575,38.93334],[-109.42926,38.93309],[-109.43288,38.93306],[-109.43663,38.93329],[-109.52336,38.94215],[-109.52894,38.94257],[-109.53635,38.94271],[-109.63142,38.94283],[-109.63482,38.94305],[-109.67649,38.95004],[-109.68138,38.95055],[-109.68836,38.95086],[-109.69441,38.95179],[-109.6995,38.95318],[-109.70432,38.95511],[-109.7081,38.95713],[-109.71245,38.95998],[-109.71478,38.96114],[-109.71763,38.96197],[-109.72087,38.96227],[-109.72329,38.96209],[-109.7257,38.96163],[-109.80267,38.94472],[-109.81662,38.94255],[-109.82407,38.94161],[-109.82756,38.94073],[-109.83973,38.93659],[-109.84523,38.93519],[-109.93557,38.92129],[-109.94089,38.92078],[-109.94646,38.92086],[-109.96677,38.92264],[-109.97253,38.92356],[-109.98252,38.92563],[-109.9868,38.92631],[-109.99093,38.92665],[-110.00081,38.92682],[-110.00476,38.92755],[-110.0084,38.92884],[-110.01677,38.93295],[-110.02008,38.93415],[-110.02529,38.93571],[-110.02858,38.93718],[-110.03151,38.93915],[-110.03824,38.94472],[-110.04304,38.94808],[-110.05367,38.95428],[-110.06157,38.95971],[-110.06458,38.96125],[-110.06627,38.96188],[-110.07194,38.96348],[-110.07896,38.96613],[-110.08222,38.96716],[-110.09574,38.97037],[-110.10975,38.9745],[-110.1152,38.97565],[-110.12123,38.97624],[-110.12632,38.97633],[-110.12993,38.97599],[-110.13766,38.9746],[-110.14087,38.97428],[-110.15213,38.97467],[-110.15536,38.97514],[-110.15715,38.97581],[-110.15855,38.97667],[-110.15967,38.9776],[-110.16487,38.98478],[-110.1663,38.98627],[-110.16805,38.98765],[-110.17003,38.98891],[-110.17233,38.98999],[-110.17443,38.99071],[-110.17662,38.99123],[-110.18098,38.99169],[-110.18363,38.99161],[-110.18663,38.9912],[-110.22264,38.98423],[-110.22302,38.98385],[-110.22419,38.9833],[-110.22476,38.98279],[-110.2255,38.98121],[-110.22642,38.9802],[-110.22732,38.97976],[-110.22815,38.97962],[-110.22906,38.97958],[-110.23041,38.97994],[-110.23771,38.98448],[-110.24488,38.98858],[-110.27063,39.00179],[-110.27724,39.00636],[-110.29844,39.02477],[-110.3023,39.02883],[-110.30522,39.03343],[-110.30685,39.03776],[-110.32041,39.09068],[-110.32976,39.11925],[-110.33131,39.12251],[-110.33689,39.13017],[-110.33757,39.13217],[-110.33774,39.13417],[-110.33688,39.13962],[-110.3368,39.14355],[-110.33817,39.15633],[-110.33808,39.15966],[-110.33886,39.24998],[-110.33911,39.25396],[-110.35302,39.2921],[-110.3568,39.30054],[-110.37233,39.34031],[-110.37619,39.34622],[-110.43155,39.41038],[-110.44168,39.42112],[-110.4555,39.43365],[-110.50669,39.47765],[-110.51004,39.48087],[-110.53257,39.50637],[-110.53618,39.50925],[-110.53969,39.51123],[-110.61922,39.54533],[-110.62312,39.54632],[-110.62823,39.54698],[-110.64488,39.54682],[-110.64776,39.54735],[-110.65106,39.5489],[-110.65775,39.55089],[-110.66003,39.55075],[-110.66934,39.54883],[-110.6817,39.54369],[-110.6847,39.54261],[-110.7383,39.54235],[-110.7432,39.54377],[-110.74513,39.54476],[-110.78105,39.5709],[-110.78392,39.57451],[-110.78731,39.58182],[-110.78783,39.58539],[-110.78838,39.58671],[-110.79032,39.58757],[-110.79195,39.58747],[-110.79941,39.58532],[-110.80203,39.58513],[-110.80516,39.58542],[-110.80787,39.58622],[-110.81843,39.59058],[-110.8201,39.59181],[-110.83675,39.61277],[-110.83851,39.61426],[-110.83997,39.61512],[-110.84208,39.61588],[-110.84821,39.61606],[-110.85079,39.61651],[-110.85259,39.6171],[-110.85418,39.61836],[-110.85954,39.62556],[-110.8607,39.62745],[-110.8619,39.63029],[-110.86207,39.63241],[-110.86182,39.63462],[-110.85924,39.64047],[-110.85928,39.64216],[-110.86006,39.64586],[-110.86006,39.64999],[-110.86169,39.67358],[-110.86151,39.67652],[-110.86053,39.67922],[-110.85697,39.68523],[-110.85645,39.68718],[-110.85632,39.68979],[-110.85731,39.69118],[-110.85898,39.69247],[-110.86516,39.69475],[-110.86658,39.69607],[-110.86739,39.69749],[-110.86971,39.70689],[-110.86958,39.70818],[-110.86774,39.71148],[-110.86748,39.71261],[-110.86877,39.71541],[-110.86872,39.7165],[-110.86555,39.7203],[-110.86503,39.72155],[-110.86538,39.72271],[-110.86683,39.72419],[-110.86765,39.72535],[-110.86743,39.72799],[-110.86804,39.72891],[-110.86958,39.73033],[-110.87319,39.73472],[-110.874,39.73637],[-110.87456,39.73809],[-110.87482,39.7398],[-110.87563,39.7406],[-110.87967,39.743],[-110.88173,39.74561],[-110.88404,39.74709],[-110.88477,39.74822],[-110.88529,39.75112],[-110.8873,39.75277],[-110.88954,39.75745],[-110.89142,39.75943],[-110.89572,39.76276],[-110.89782,39.76352],[-110.90108,39.76375],[-110.90284,39.76422],[-110.90756,39.76897],[-110.90846,39.77121],[-110.91138,39.77296],[-110.91232,39.77556],[-110.91348,39.77622],[-110.91559,39.77698],[-110.9185,39.77955],[-110.92155,39.78259],[-110.92593,39.78483],[-110.92756,39.78585],[-110.92928,39.78879],[-110.93073,39.79007],[-110.93155,39.79126],[-110.93181,39.79406],[-110.93224,39.79591],[-110.93181,39.79776],[-110.93181,39.79871],[-110.93262,39.7998],[-110.93387,39.80049],[-110.93593,39.80089],[-110.9379,39.80152],[-110.94267,39.80461],[-110.94314,39.80541],[-110.94365,39.80659],[-110.94339,39.80818],[-110.93966,39.81305],[-110.93876,39.81493],[-110.93885,39.81605],[-110.93966,39.81714],[-110.94151,39.8183],[-110.94494,39.82222],[-110.94683,39.8235],[-110.95764,39.82838],[-110.96125,39.82986],[-110.97133,39.83352],[-110.99206,39.84242],[-110.99489,39.84351],[-111.00034,39.84473],[-111.00309,39.84568],[-111.01669,39.85484],[-111.02403,39.85913],[-111.02583,39.86074],[-111.02982,39.86604],[-111.0345,39.87382],[-111.03562,39.875],[-111.04776,39.88383],[-111.04879,39.88505],[-111.04965,39.8865],[-111.05193,39.89245],[-111.05944,39.90579],[-111.06497,39.91951],[-111.06776,39.9231],[-111.06926,39.92455],[-111.07441,39.92767],[-111.07626,39.92846],[-111.08265,39.92846],[-111.08463,39.92886],[-111.0875,39.93113],[-111.09188,39.93307],[-111.0936,39.93343],[-111.10428,39.93419],[-111.1075,39.93314],[-111.11926,39.93462],[-111.12235,39.93399],[-111.12377,39.93386],[-111.12759,39.93403],[-111.13029,39.93465],[-111.13321,39.93616],[-111.13733,39.93679],[-111.14956,39.93488],[-111.1526,39.93347],[-111.15411,39.93327],[-111.15707,39.93383],[-111.16033,39.9331],[-111.16282,39.93212],[-111.16466,39.93162],[-111.16823,39.93133],[-111.18222,39.92899],[-111.18574,39.92876],[-111.19702,39.92995],[-111.19857,39.9307],[-111.19968,39.93202],[-111.20003,39.93301],[-111.1999,39.93424],[-111.199,39.93653],[-111.19882,39.9383],[-111.19943,39.94044],[-111.20046,39.94166],[-111.20196,39.94307],[-111.20565,39.94587],[-111.20711,39.94653],[-111.21312,39.94781],[-111.23002,39.95419],[-111.23273,39.95462],[-111.23874,39.95488],[-111.24123,39.9562],[-111.24316,39.95676],[-111.24612,39.95692],[-111.24959,39.95683],[-111.26084,39.9534],[-111.26255,39.95344],[-111.2656,39.95436],[-111.26693,39.95439],[-111.26869,39.95393],[-111.27105,39.95235],[-111.27302,39.95182],[-111.28075,39.95172],[-111.2889,39.95218],[-111.29778,39.95505],[-111.30156,39.95738],[-111.30353,39.95939],[-111.30551,39.96228],[-111.30787,39.96455],[-111.30928,39.96557],[-111.31237,39.96617],[-111.3171,39.96528],[-111.3189,39.96531],[-111.32057,39.9658],[-111.32297,39.96732],[-111.33666,39.97309],[-111.35052,39.97866],[-111.35692,39.98195],[-111.36014,39.98442],[-111.36525,39.98649],[-111.36735,39.9881],[-111.37155,39.98955],[-111.3737,39.98915],[-111.37481,39.98925],[-111.37683,39.9906],[-111.3785,39.99106],[-111.38541,39.99132],[-111.38855,39.99201],[-111.39228,39.99168],[-111.39576,39.99198],[-111.40134,39.99428],[-111.40288,39.99576],[-111.40408,39.99642],[-111.40507,39.99671],[-111.41679,39.99757],[-111.42249,39.99711],[-111.4303,39.99606],[-111.43421,39.99609],[-111.4385,39.99576],[-111.44498,39.99655],[-111.44773,39.99629],[-111.45047,39.99537],[-111.45313,39.99482],[-111.45532,39.99489],[-111.45794,39.99542],[-111.46013,39.99538],[-111.46339,39.995],[-111.46897,39.99547],[-111.473,39.99625],[-111.48219,40.00046],[-111.48699,40.00112],[-111.48905,40.00174],[-111.49047,40.00266],[-111.49146,40.00398],[-111.49193,40.00543],[-111.49171,40.01332],[-111.49244,40.01453],[-111.49583,40.01811],[-111.49695,40.02025],[-111.49888,40.02245],[-111.49987,40.02482],[-111.50137,40.02705],[-111.50296,40.02817],[-111.5054,40.02886],[-111.50965,40.02965],[-111.51184,40.03073],[-111.51472,40.0332],[-111.51669,40.03395],[-111.5227,40.03458],[-111.5354,40.03839],[-111.54356,40.04174],[-111.54566,40.04289],[-111.54737,40.04479],[-111.54806,40.04578],[-111.54823,40.04673],[-111.54819,40.04805],[-111.54742,40.05025],[-111.54746,40.05153],[-111.54802,40.05261],[-111.54909,40.0536],[-111.5499,40.05406],[-111.55175,40.05465],[-111.55986,40.05596],[-111.56128,40.05665],[-111.56274,40.05797],[-111.56359,40.05853],[-111.56776,40.06023],[-111.56874,40.06125],[-111.56947,40.06286],[-111.57239,40.06477],[-111.57385,40.06608],[-111.57507,40.06902],[-111.57625,40.07074],[-111.5861,40.08137],[-111.58709,40.08194],[-111.59039,40.08281],[-111.59136,40.08348],[-111.592,40.08417],[-111.59359,40.08839],[-111.59424,40.08925],[-111.59497,40.08989],[-111.63155,40.10956],[-111.6335,40.11132],[-111.63702,40.11759],[-111.63878,40.11936],[-111.64567,40.12478],[-111.64784,40.1267],[-111.64882,40.12843],[-111.65135,40.12664],[-111.65655,40.12401],[-111.6587,40.12262],[-111.66622,40.11703],[-111.68814,40.10017],[-111.69612,40.09216],[-111.7017,40.08565],[-111.70462,40.0829],[-111.70788,40.08033],[-111.7271,40.06135],[-111.73191,40.0561],[-111.75937,40.02929],[-111.76083,40.02725],[-111.76195,40.02469],[-111.76281,40.02127],[-111.76238,40.00825],[-111.76375,39.993],[-111.76461,39.98813],[-111.76564,39.98514],[-111.76723,39.98214],[-111.7702,39.97779],[-111.77145,39.97557],[-111.79333,39.9756],[-111.79487,39.97596],[-111.81294,39.98517],[-111.81474,39.9855],[-111.81788,39.98563],[-111.82084,39.985],[-111.8453,39.97599],[-111.8471,39.9751],[-111.865,39.96112],[-111.8668,39.96027],[-111.89397,39.9531],[-111.89615,39.95287],[-111.90311,39.9529],[-111.90693,39.95254],[-111.98503,39.95171],[-112.01928,39.95023],[-112.02718,39.95165],[-112.03005,39.9527],[-112.03241,39.95408],[-112.03439,39.95589],[-112.03743,39.95984],[-112.03885,39.96099],[-112.04095,39.96211],[-112.0567,39.96917],[-112.0632,39.97061],[-112.06406,39.97094],[-112.06488,39.97217],[-112.06535,39.97242],[-112.06747,39.97263],[-112.06799,39.97301],[-112.06814,39.97351],[-112.06794,39.97441],[-112.06807,39.9749],[-112.06861,39.9753],[-112.06964,39.97561],[-112.07232,39.97566],[-112.07445,39.97596],[-112.07863,39.97548],[-112.08009,39.97494],[-112.09343,39.96565],[-112.10674,39.95704],[-112.11238,39.95565],[-112.11609,39.95538],[-112.11929,39.95474],[-112.1224,39.95362],[-112.12343,39.95288],[-112.12384,39.95229],[-112.12463,39.95013],[-112.12508,39.94972],[-112.13298,39.94637],[-112.13753,39.9454],[-112.14356,39.94331],[-112.14525,39.9426],[-112.14658,39.9416],[-112.14753,39.94059],[-112.14815,39.93951],[-112.14909,39.93613],[-112.14931,39.93511],[-112.14935,39.93355],[-112.14918,39.9322],[-112.13832,39.90311],[-112.13804,39.90169],[-112.13791,39.90006],[-112.13812,39.8381],[-112.13827,39.83573],[-112.14527,39.80017],[-112.15312,39.77818],[-112.15507,39.77498],[-112.15638,39.77351],[-112.15795,39.77209],[-112.15964,39.77086],[-112.17443,39.76253],[-112.17631,39.76124],[-112.17846,39.75933],[-112.1797,39.75789],[-112.18082,39.75611],[-112.20011,39.71809],[-112.20225,39.71466],[-112.20444,39.71202],[-112.20689,39.70944],[-112.2092,39.7075],[-112.25839,39.67632],[-112.30015,39.64682],[-112.30139,39.64563],[-112.3026,39.64397],[-112.32903,39.59262],[-112.37145,39.52751],[-112.37206,39.52575],[-112.37197,39.51738],[-112.37218,39.51615],[-112.37274,39.51496],[-112.37403,39.51373],[-112.38527,39.5066],[-112.38738,39.50488],[-112.49065,39.40766],[-112.49451,39.40424],[-112.50666,39.39413],[-112.56272,39.35466],[-112.56323,39.35423],[-112.56359,39.3536],[-112.56369,39.3524],[-112.59024,39.35246],[-112.59226,39.35226],[-112.59374,39.35184],[-112.59541,39.35101],[-112.5968,39.34986],[-112.61075,39.33258],[-112.61275,39.33126],[-112.61505,39.33056],[-112.61671,39.33044],[-112.65502,39.33077],[-112.7149,39.3309],[-112.71811,39.33062],[-112.72127,39.32993],[-112.72452,39.32874],[-112.7488,39.31638],[-112.75145,39.31534],[-112.75423,39.31462],[-112.80198,39.30492],[-112.80502,39.30383],[-112.80817,39.30224],[-113.16467,39.09435],[-113.16877,39.09213],[-113.24937,39.05894],[-113.25975,39.05507],[-113.29883,39.04103],[-113.30413,39.03954],[-113.30796,39.03885],[-113.33625,39.03627],[-113.33767,39.03597],[-113.33894,39.03549],[-113.34018,39.03464],[-113.34114,39.03349],[-113.34279,39.03023],[-113.34371,39.02889],[-113.34467,39.02801],[-113.34587,39.02726],[-113.36275,39.02323],[-113.36447,39.02293],[-113.36639,39.02292],[-113.36785,39.02318],[-113.36916,39.02368],[-113.4425,39.06281],[-113.44539,39.06421],[-113.49279,39.08233],[-113.4962,39.08323],[-113.50031,39.08381],[-113.55072,39.08791],[-113.552,39.08791],[-113.554,39.08762],[-113.55601,39.0871],[-113.55902,39.08589],[-113.56089,39.08569],[-113.56253,39.08587],[-113.56602,39.08718],[-113.56703,39.08729],[-113.56805,39.08682],[-113.56934,39.08508],[-113.56976,39.08477],[-113.57064,39.08447],[-113.57294,39.08419],[-113.57495,39.08433],[-113.57602,39.08472],[-113.57788,39.08575],[-113.57905,39.08581],[-113.57998,39.08547],[-113.58311,39.08375],[-113.58483,39.083],[-113.58788,39.08223],[-113.58921,39.08223],[-113.5912,39.08305],[-113.59635,39.08375],[-113.59801,39.0839],[-113.60004,39.08372],[-113.60137,39.08327],[-113.60269,39.08256],[-113.60662,39.07997],[-113.60913,39.079],[-113.62734,39.07653],[-113.65134,39.07139],[-113.65343,39.07112],[-113.65651,39.07137],[-113.69846,39.07901],[-113.7005,39.07919],[-113.70282,39.07903],[-113.70565,39.07824],[-113.81162,39.04072],[-113.81427,39.04],[-113.81751,39.03958],[-113.81976,39.03955],[-113.82289,39.03977],[-114.04891,39.05712]]},
"properties":{"name":"U.S. Route 6 in Utah","stroke":"#cc0000","stroke-width":3,"fill-opacity":0,"tessellate":"1","extrude":"0","visibility":"-1"}},
{"type":"Feature","geometry":{"type":"LineString","coordinates":[[-109.05128,39.19416],[-109.03995,39.18946],[-109.03634,39.1882],[-109.03334,39.18792],[-109.0301,39.18829],[-109.02631,39.18949],[-109.0226,39.19041],[-109.01406,39.19104],[-109.01005,39.19149],[-109.0066,39.19227],[-109.00298,39.19401],[-108.99361,39.19924],[-108.98632,39.20307],[-108.98321,39.2057],[-108.9801,39.20783],[-108.97718,39.20878],[-108.96976,39.21081],[-108.96753,39.21189],[-108.9608,39.21847],[-108.9591,39.21986],[-108.95663,39.22115],[-108.9464,39.2224],[-108.94073,39.22362],[-108.92568,39.22723],[-108.90956,39.23161],[-108.90638,39.23138],[-108.90423,39.23064],[-108.896,39.22532],[-108.87783,39.21818],[-108.87023,39.21538],[-108.84502,39.19579],[-108.83316,39.18603],[-108.82524,39.18009],[-108.82186,39.17898],[-108.81869,39.17854],[-108.80787,39.17782],[-108.80461,39.17728],[-108.80149,39.17607],[-108.79924,39.17454],[-108.79454,39.17057],[-108.78858,39.16708],[-108.78478,39.16547],[-108.78119,39.16428],[-108.77781,39.16342],[-108.77365,39.16268],[-108.75931,39.16042],[-108.7374,39.15541],[-108.7329,39.15389],[-108.68634,39.13006],[-108.68511,39.12929],[-108.68102,39.12468],[-108.67731,39.12162],[-108.67569,39.1206],[-108.67326,39.11936],[-108.6679,39.11713],[-108.66572,39.1159],[-108.6642,39.11469],[-108.66066,39.1114],[-108.65917,39.11047],[-108.65619,39.10952],[-108.65255,39.1094],[-108.64943,39.11013],[-108.64409,39.11225],[-108.64176,39.10875],[-108.64034,39.10779],[-108.6064,39.0903],[-108.59859,39.08737],[-108.59228,39.08417],[-108.58018,39.07918],[-108.5749,39.07758],[-108.57151,39.07741],[-108.49984,39.07724],[-108.49696,39.07784],[-108.49284,39.07784],[-108.47705,39.08194],[-108.46122,39.08571],[-108.45804,39.08787],[-108.45036,39.09417],[-108.44924,39.0956],[-108.44843,39.09866],[-108.44677,39.10181],[-108.44594,39.10395],[-108.44457,39.10519],[-108.44104,39.10687],[-108.43826,39.10736],[-108.43134,39.10763],[-108.42752,39.10823],[-108.39457,39.11641],[-108.37832,39.12001],[-108.37545,39.12048],[-108.372,39.12053],[-108.36743,39.12014],[-108.36542,39.1198],[-108.35922,39.11771],[-108.35557,39.11693],[-108.35096,39.11674],[-108.34776,39.11708],[-108.34605,39.11744],[-108.34086,39.11912],[-108.33847,39.11947],[-108.33712,39.11933],[-108.33078,39.11784],[-108.3293,39.11794],[-108.32543,39.1199],[-108.32445,39.12056],[-108.32363,39.12172],[-108.32268,39.12483],[-108.32275,39.12557],[-108.32302,39.12621],[-108.32495,39.12874],[-108.32509,39.12937],[-108.32501,39.13],[-108.3247,39.13062],[-108.32279,39.13267],[-108.32163,39.13555],[-108.32055,39.13658],[-108.31718,39.13898],[-108.31609,39.14047],[-108.31564,39.14164],[-108.31518,39.14558],[-108.31464,39.14677],[-108.31358,39.14791],[-108.31286,39.14832],[-108.30761,39.14977],[-108.30538,39.1507],[-108.30362,39.15191],[-108.30262,39.15289],[-108.3016,39.15459],[-108.30118,39.15575],[-108.30012,39.16465],[-108.29952,39.16634],[-108.29865,39.16748],[-108.29706,39.169],[-108.29301,39.17373],[-108.29172,39.17472],[-108.28587,39.17776],[-108.28324,39.17992],[-108.28114,39.18227],[-108.28057,39.18362],[-108.28041,39.18839],[-108.28071,39.1897],[-108.28162,39.19176],[-108.28171,39.19325],[-108.28132,39.19413],[-108.28067,39.19496],[-108.27901,39.19576],[-108.27805,39.19589],[-108.272,39.19557],[-108.27111,39.19568],[-108.26933,39.1964],[-108.26826,39.19749],[-108.26758,39.20012],[-108.26677,39.20196],[-108.26464,39.20448],[-108.2619,39.20708],[-108.25855,39.20835],[-108.25735,39.20921],[-108.25679,39.20988],[-108.25643,39.21121],[-108.25638,39.21737],[-108.25603,39.22248],[-108.2565,39.2241],[-108.25726,39.22574],[-108.25847,39.22693],[-108.25922,39.22726],[-108.26266,39.22816],[-108.26513,39.22947],[-108.26594,39.22973],[-108.26983,39.23048],[-108.27081,39.23091],[-108.27149,39.23141],[-108.27193,39.232],[-108.27231,39.23262],[-108.27245,39.23323],[-108.27242,39.23386],[-108.27189,39.23518],[-108.26956,39.23761],[-108.26845,39.2383],[-108.26675,39.2388],[-108.26554,39.23886],[-108.26109,39.23807],[-108.25903,39.238],[-108.25777,39.2382],[-108.25673,39.23867],[-108.25549,39.23978],[-108.25516,39.24055],[-108.25511,39.24129],[-108.25621,39.24547],[-108.25656,39.24929],[-108.25761,39.25139],[-108.25922,39.25356],[-108.25957,39.25468],[-108.25962,39.25571],[-108.25919,39.25949],[-108.25888,39.26039],[-108.25381,39.26519],[-108.25258,39.26667],[-108.24962,39.27157],[-108.24709,39.2744],[-108.24405,39.27735],[-108.24215,39.27853],[-108.23838,39.28007],[-108.23267,39.28194],[-108.23101,39.28279],[-108.22897,39.2847],[-108.22604,39.28839],[-108.22398,39.29156],[-108.22293,39.29348],[-108.21012,39.32041],[-108.20783,39.32349],[-108.20651,39.32471],[-108.19612,39.33217],[-108.19542,39.33303],[-108.19432,39.33512],[-108.19153,39.34351],[-108.1905,39.34503],[-108.18922,39.34606],[-108.18182,39.35017],[-108.18049,39.35081],[-108.17451,39.35283],[-108.17361,39.35328],[-108.17275,39.35382],[-108.17119,39.35536],[-108.17075,39.35608],[-108.17025,39.35754],[-108.16988,39.36823],[-108.16956,39.36931],[-108.1689,39.37043],[-108.16796,39.37143],[-108.16673,39.37237],[-108.15774,39.37837],[-108.15107,39.3836],[-108.14974,39.38435],[-108.13123,39.39072],[-108.1286,39.39234],[-108.1255,39.39534],[-108.12332,39.39673],[-108.11559,39.40014],[-108.09589,39.41121],[-108.09526,39.41182],[-108.09157,39.41673],[-108.09019,39.41822],[-108.08793,39.42009],[-108.07969,39.42557],[-108.07607,39.42831],[-108.07361,39.43062],[-108.06777,39.43685],[-108.04961,39.45357],[-108.04518,39.46014],[-108.04326,39.46192],[-108.04092,39.46363],[-108.03793,39.46519],[-108.01979,39.47404],[-108.01832,39.47451],[-108.01622,39.47484],[-107.97667,39.47831],[-107.9749,39.47876],[-107.97328,39.4793],[-107.95464,39.48941],[-107.94987,39.49215],[-107.94511,39.4953],[-107.9415,39.49794],[-107.93865,39.49971],[-107.93723,39.50033],[-107.93529,39.50083],[-107.93316,39.50107],[-107.93101,39.50108],[-107.92883,39.50077],[-107.92162,39.49905],[-107.91867,39.49896],[-107.91538,39.49942],[-107.90459,39.50233],[-107.88942,39.50586],[-107.88453,39.50715],[-107.84807,39.52009],[-107.84358,39.52117],[-107.84303,39.52172],[-107.82929,39.52673],[-107.82689,39.52738],[-107.82489,39.52758],[-107.79112,39.52855],[-107.78668,39.52955],[-107.78172,39.52966],[-107.77947,39.52903],[-107.77593,39.5286],[-107.77503,39.52877],[-107.7722,39.53044],[-107.77106,39.53051],[-107.76707,39.52968],[-107.7658,39.52968],[-107.73265,39.54261],[-107.72973,39.54328],[-107.70604,39.54759],[-107.69094,39.5484],[-107.66901,39.54699],[-107.64399,39.54699],[-107.62753,39.54618],[-107.6265,39.54633],[-107.56163,39.55781],[-107.56019,39.55819],[-107.5573,39.55995],[-107.55389,39.56253],[-107.55283,39.5644],[-107.55202,39.56526],[-107.54865,39.56732],[-107.54472,39.56891],[-107.54125,39.57111],[-107.53977,39.57144],[-107.52621,39.57148],[-107.52494,39.57128],[-107.51985,39.56903],[-107.51232,39.56691],[-107.49318,39.56642],[-107.49078,39.56678],[-107.48971,39.56721],[-107.48357,39.57118],[-107.48155,39.57207],[-107.47975,39.57265],[-107.47168,39.57416],[-107.46615,39.57379],[-107.45943,39.57163],[-107.45623,39.57197],[-107.45529,39.57237],[-107.45308,39.57407],[-107.45212,39.5746],[-107.4515,39.5737],[-107.44961,39.57442],[-107.44819,39.57477],[-107.44018,39.5751],[-107.4381,39.57476],[-107.43655,39.5743],[-107.4284,39.57057],[-107.42605,39.56797],[-107.42506,39.56715],[-107.4238,39.56656],[-107.42193,39.56603],[-107.41689,39.56565],[-107.4102,39.56423],[-107.40838,39.5633],[-107.40591,39.56108],[-107.40445,39.56017],[-107.39918,39.55772],[-107.39746,39.55748],[-107.39603,39.55772],[-107.39251,39.55885],[-107.39061,39.5597],[-107.38685,39.56054],[-107.38391,39.56098],[-107.38149,39.56114],[-107.37558,39.56054],[-107.36942,39.56185],[-107.36772,39.56177],[-107.36173,39.5608],[-107.35589,39.56102],[-107.35384,39.56095],[-107.34504,39.56002],[-107.34123,39.55951],[-107.33878,39.55865],[-107.3372,39.55736],[-107.33571,39.55563],[-107.32928,39.5502],[-107.32734,39.54922],[-107.32421,39.54874],[-107.32326,39.54887],[-107.32221,39.54932],[-107.31951,39.55075],[-107.31749,39.55226],[-107.31657,39.55326],[-107.31577,39.55449],[-107.31418,39.55757],[-107.31347,39.55848],[-107.31157,39.56028],[-107.31055,39.56079],[-107.30306,39.56205],[-107.30002,39.56214],[-107.29156,39.56084],[-107.28737,39.56161],[-107.28641,39.56146],[-107.2839,39.56055],[-107.28225,39.56014],[-107.28066,39.56029],[-107.27952,39.56075],[-107.27868,39.5615],[-107.277,39.5634],[-107.27574,39.56518],[-107.27496,39.56581],[-107.27298,39.56662],[-107.27189,39.56676],[-107.27066,39.56661],[-107.26968,39.56615],[-107.269,39.56555],[-107.26803,39.56415],[-107.26712,39.56336],[-107.26513,39.56297],[-107.25906,39.56261],[-107.25534,39.5616],[-107.25058,39.56105],[-107.24895,39.56035],[-107.24706,39.55828],[-107.24637,39.55781],[-107.24425,39.55736],[-107.24275,39.55783],[-107.24098,39.55944],[-107.23978,39.56024],[-107.23702,39.56413],[-107.23456,39.56598],[-107.23124,39.56714],[-107.22836,39.56924],[-107.2254,39.57044],[-107.22434,39.57122],[-107.22396,39.57195],[-107.22367,39.57435],[-107.2234,39.57537],[-107.2226,39.57631],[-107.22186,39.57677],[-107.21917,39.57731],[-107.21786,39.57738],[-107.21391,39.57671],[-107.20998,39.57646],[-107.2089,39.57649],[-107.20827,39.57668],[-107.20508,39.57838],[-107.20382,39.58015],[-107.20277,39.58116],[-107.20192,39.58169],[-107.19937,39.58277],[-107.19894,39.58313],[-107.19857,39.58381],[-107.19805,39.58522],[-107.1972,39.58613],[-107.19641,39.58656],[-107.19588,39.58679],[-107.19228,39.58692],[-107.18993,39.58726],[-107.18815,39.58776],[-107.18334,39.58966],[-107.18011,39.59129],[-107.17399,39.59764],[-107.17154,39.5999],[-107.17085,39.6003],[-107.16659,39.60142],[-107.16108,39.60256],[-107.15763,39.60388],[-107.15652,39.6046],[-107.15613,39.60513],[-107.15561,39.60728],[-107.15519,39.60792],[-107.1547,39.6083],[-107.15192,39.60932],[-107.14661,39.61031],[-107.14468,39.61124],[-107.14141,39.61365],[-107.13833,39.61536],[-107.13745,39.61555],[-107.1342,39.61573],[-107.13279,39.61618],[-107.13004,39.61771],[-107.12685,39.61865],[-107.12598,39.61924],[-107.12499,39.62103],[-107.1234,39.62279],[-107.12244,39.62426],[-107.12178,39.62467],[-107.12106,39.62493],[-107.12023,39.62499],[-107.11792,39.62429],[-107.11635,39.62422],[-107.11355,39.62511],[-107.11236,39.62532],[-107.10941,39.6257],[-107.10608,39.62578],[-107.1052,39.62602],[-107.10433,39.6265],[-107.10346,39.62748],[-107.10323,39.6285],[-107.10317,39.63025],[-107.10235,39.63206],[-107.10114,39.63337],[-107.09986,39.63433],[-107.09101,39.63824],[-107.08774,39.63938],[-107.08522,39.64059],[-107.08024,39.64407],[-107.07797,39.64523],[-107.07616,39.64562],[-107.06921,39.64653],[-107.06554,39.64821],[-107.06597,39.64904],[-107.06479,39.64894],[-107.0619,39.64953],[-107.05647,39.64922],[-107.05376,39.64975],[-107.05323,39.64963],[-107.05295,39.6494],[-107.05303,39.64752],[-107.05282,39.64712],[-107.05228,39.64681],[-107.05181,39.64679],[-107.04773,39.64777],[-107.03085,39.64433],[-107.02887,39.64408],[-107.02589,39.64413],[-107.02435,39.64436],[-107.01827,39.64602],[-107.01188,39.64813],[-107.00935,39.64838],[-106.99815,39.64856],[-106.99482,39.64906],[-106.97954,39.65505],[-106.97723,39.65567],[-106.97276,39.65578],[-106.97098,39.65563],[-106.96948,39.65527],[-106.96072,39.65208],[-106.95705,39.65124],[-106.95577,39.65073],[-106.95463,39.65048],[-106.95231,39.64859],[-106.95182,39.64798],[-106.95156,39.6465],[-106.95124,39.64587],[-106.95083,39.64541],[-106.94948,39.6447],[-106.94785,39.64473],[-106.94161,39.64658],[-106.9392,39.64694],[-106.93652,39.64712],[-106.91753,39.6476],[-106.90903,39.64767],[-106.89358,39.64584],[-106.87858,39.64602],[-106.87526,39.6463],[-106.8644,39.64836],[-106.86084,39.64823],[-106.85837,39.64754],[-106.85601,39.64653],[-106.8503,39.6458],[-106.84799,39.64557],[-106.84299,39.64594],[-106.83904,39.64717],[-106.83709,39.64817],[-106.82854,39.65577],[-106.82797,39.65603],[-106.82451,39.65631],[-106.82022,39.65767],[-106.81784,39.65891],[-106.8167,39.65924],[-106.81608,39.6596],[-106.81477,39.66147],[-106.8131,39.66292],[-106.80192,39.66804],[-106.78722,39.67371],[-106.76398,39.67977],[-106.75638,39.68271],[-106.75484,39.68362],[-106.75261,39.6858],[-106.74765,39.68945],[-106.74445,39.69356],[-106.73621,39.69729],[-106.73109,39.70057],[-106.72945,39.70226],[-106.72845,39.70295],[-106.72437,39.70454],[-106.72216,39.70475],[-106.71619,39.70644],[-106.71102,39.70962],[-106.70935,39.71037],[-106.70784,39.71158],[-106.70346,39.71199],[-106.69911,39.7127],[-106.69771,39.71254],[-106.6967,39.71214],[-106.69276,39.71009],[-106.69173,39.70924],[-106.68746,39.70229],[-106.68677,39.70166],[-106.68561,39.70116],[-106.67628,39.7012],[-106.67398,39.70054],[-106.67271,39.7004],[-106.66917,39.70054],[-106.66696,39.69984],[-106.66606,39.69918],[-106.66121,39.69339],[-106.66087,39.69235],[-106.66078,39.69114],[-106.66102,39.68942],[-106.65978,39.68508],[-106.65907,39.68422],[-106.65763,39.68356],[-106.65317,39.68317],[-106.65109,39.68241],[-106.64971,39.68178],[-106.64885,39.6812],[-106.64789,39.67988],[-106.64684,39.67668],[-106.64677,39.67575],[-106.64832,39.67124],[-106.64819,39.66924],[-106.64529,39.66419],[-106.64443,39.66206],[-106.64364,39.66132],[-106.63883,39.65865],[-106.62723,39.65291],[-106.61096,39.64803],[-106.59742,39.64565],[-106.59547,39.64498],[-106.59373,39.64397],[-106.58834,39.64025],[-106.58656,39.63938],[-106.58493,39.63893],[-106.57841,39.63819],[-106.57126,39.63855],[-106.55989,39.6387],[-106.55813,39.63843],[-106.54946,39.63634],[-106.54852,39.63619],[-106.5465,39.63624],[-106.54307,39.63558],[-106.53457,39.63477],[-106.52923,39.63364],[-106.52818,39.63326],[-106.52549,39.63178],[-106.52041,39.63049],[-106.50421,39.62419],[-106.49138,39.62267],[-106.4823,39.62269],[-106.46988,39.62113],[-106.46812,39.62059],[-106.4655,39.61882],[-106.46003,39.61718],[-106.45863,39.61589],[-106.45807,39.61388],[-106.45846,39.61257],[-106.45816,39.61168],[-106.45773,39.61125],[-106.45625,39.61043],[-106.45232,39.60966],[-106.45005,39.60887],[-106.44846,39.60828],[-106.44752,39.60791],[-106.44827,39.60744],[-106.44901,39.60737],[-106.44965,39.60763],[-106.44963,39.608],[-106.4495,39.60808],[-106.44852,39.60829],[-106.44833,39.60835],[-106.447,39.60907],[-106.44632,39.60968],[-106.44334,39.6138],[-106.44271,39.61442],[-106.44175,39.61495],[-106.43838,39.61589],[-106.43508,39.6182],[-106.4339,39.61882],[-106.43141,39.61998],[-106.42815,39.62111],[-106.42684,39.62196],[-106.42162,39.62715],[-106.41315,39.63305],[-106.39857,39.64161],[-106.39212,39.64459],[-106.38943,39.6453],[-106.38749,39.64553],[-106.38615,39.64565],[-106.38418,39.64553],[-106.36599,39.64158],[-106.36142,39.6413],[-106.35846,39.64149],[-106.34216,39.64414],[-106.32889,39.647],[-106.32618,39.64724],[-106.31412,39.64684],[-106.31263,39.6466],[-106.30316,39.64246],[-106.30023,39.6403],[-106.2974,39.63901],[-106.29422,39.6363],[-106.28718,39.63133],[-106.28008,39.62876],[-106.27905,39.62817],[-106.27836,39.62741],[-106.27773,39.62596],[-106.27773,39.62519],[-106.27966,39.61673],[-106.2796,39.61589],[-106.27928,39.61474],[-106.27795,39.6118],[-106.27711,39.60908],[-106.27478,39.604],[-106.27212,39.60018],[-106.27112,39.59899],[-106.26927,39.59763],[-106.26542,39.59577],[-106.26301,39.59486],[-106.262,39.59473],[-106.25322,39.5949],[-106.2508,39.59443],[-106.24678,39.59225],[-106.24535,39.59106],[-106.24484,39.5896],[-106.24483,39.58892],[-106.24733,39.58236],[-106.2486,39.58094],[-106.24931,39.57952],[-106.24933,39.57867],[-106.24883,39.57725],[-106.24769,39.57565],[-106.24686,39.57481],[-106.24114,39.57007],[-106.24016,39.56909],[-106.23873,39.56694],[-106.23473,39.5635],[-106.23355,39.56139],[-106.23331,39.56045],[-106.23251,39.55937],[-106.23138,39.55859],[-106.22904,39.55734],[-106.22808,39.55647],[-106.22586,39.55364],[-106.22035,39.54798],[-106.21686,39.54188],[-106.21503,39.53772],[-106.21501,39.53651],[-106.21642,39.52865],[-106.21644,39.52661],[-106.21594,39.52515],[-106.21344,39.52063],[-106.21029,39.51681],[-106.2063,39.51397],[-106.20225,39.50791],[-106.20075,39.50686],[-106.19796,39.50592],[-106.19537,39.50575],[-106.18906,39.50594],[-106.18451,39.5053],[-106.16927,39.50187],[-106.16554,39.50156],[-106.16345,39.50163],[-106.15877,39.50306],[-106.15137,39.50326],[-106.14868,39.50341],[-106.14751,39.50364],[-106.14622,39.50421],[-106.14537,39.50483],[-106.14401,39.50629],[-106.14366,39.50732],[-106.14358,39.50816],[-106.14371,39.50915],[-106.14594,39.51665],[-106.14616,39.51792],[-106.146,39.51902],[-106.14568,39.51994],[-106.14444,39.52148],[-106.14035,39.52422],[-106.13936,39.52495],[-106.13886,39.52552],[-106.13843,39.52612],[-106.13814,39.52699],[-106.13798,39.52857],[-106.13818,39.52941],[-106.1391,39.53079],[-106.14222,39.53468],[-106.14292,39.53592],[-106.14315,39.53702],[-106.14307,39.53783],[-106.14221,39.53955],[-106.13996,39.54222],[-106.13938,39.54351],[-106.13916,39.54596],[-106.13897,39.54656],[-106.13622,39.5514],[-106.13508,39.55277],[-106.13235,39.55485],[-106.1307,39.55698],[-106.13002,39.55873],[-106.12996,39.56172],[-106.12961,39.56263],[-106.12901,39.56351],[-106.1278,39.56465],[-106.12522,39.56636],[-106.12298,39.56734],[-106.11876,39.56882],[-106.11537,39.57094],[-106.11458,39.57176],[-106.11333,39.57352],[-106.11142,39.57955],[-106.10979,39.58321],[-106.10873,39.58497],[-106.10764,39.58593],[-106.09863,39.59119],[-106.09689,39.59244],[-106.09494,39.59419],[-106.08912,39.60073],[-106.08392,39.60417],[-106.0828,39.60519],[-106.0798,39.6092],[-106.07456,39.61272],[-106.07316,39.61458],[-106.07282,39.61563],[-106.0728,39.6178],[-106.07336,39.62095],[-106.07327,39.62225],[-106.07291,39.62354],[-106.07178,39.62555],[-106.07071,39.62683],[-106.06969,39.62744],[-106.06805,39.62798],[-106.06636,39.62809],[-106.06575,39.62841],[-106.06219,39.62815],[-106.05677,39.629],[-106.0531,39.62845],[-106.05224,39.62858],[-106.04396,39.63323],[-106.0428,39.63362],[-106.04159,39.63362],[-106.04048,39.63333],[-106.03885,39.63229],[-106.03645,39.62834],[-106.03572,39.62563],[-106.0343,39.62437],[-106.02876,39.62072],[-106.02436,39.61339],[-106.02348,39.61222],[-106.01404,39.60538],[-106.01198,39.60453],[-106.0087,39.60362],[-105.99344,39.60172],[-105.99203,39.60177],[-105.9908,39.60199],[-105.98533,39.60409],[-105.98338,39.60452],[-105.98016,39.60468],[-105.96956,39.60782],[-105.95991,39.6074],[-105.95817,39.60754],[-105.94092,39.61067],[-105.94027,39.61102],[-105.93978,39.61161],[-105.93939,39.61254],[-105.93866,39.61341],[-105.93768,39.61414],[-105.93579,39.61482],[-105.93255,39.61541],[-105.93085,39.61589],[-105.92506,39.61908],[-105.92326,39.62092],[-105.92002,39.62231],[-105.91665,39.62517],[-105.91542,39.62603],[-105.91448,39.62647],[-105.91326,39.62664],[-105.90918,39.62642],[-105.90637,39.62702],[-105.9012,39.63016],[-105.89764,39.63202],[-105.89716,39.63259],[-105.89676,39.63365],[-105.89616,39.6344],[-105.89395,39.6353],[-105.89186,39.63652],[-105.89051,39.63695],[-105.88895,39.63718],[-105.88779,39.63778],[-105.88704,39.6385],[-105.88588,39.64042],[-105.885,39.64106],[-105.88399,39.64129],[-105.87936,39.6409],[-105.87837,39.64108],[-105.87723,39.64176],[-105.87635,39.64197],[-105.87461,39.64204],[-105.87247,39.64295],[-105.87167,39.64301],[-105.87103,39.64255],[-105.87092,39.64187],[-105.8706,39.64149],[-105.87013,39.64138],[-105.86942,39.64153],[-105.86899,39.64192],[-105.868,39.6431],[-105.86747,39.64432],[-105.86738,39.6451],[-105.8682,39.64584],[-105.86901,39.64581],[-105.87178,39.6443],[-105.87348,39.64402],[-105.87369,39.64432],[-105.87348,39.64458],[-105.87227,39.64453],[-105.87161,39.6449],[-105.8709,39.64556],[-105.87034,39.64648],[-105.87013,39.64742],[-105.87032,39.64923],[-105.8735,39.65623],[-105.87365,39.65869],[-105.87329,39.65919],[-105.87236,39.6596],[-105.87211,39.65988],[-105.87262,39.66023],[-105.87307,39.66015],[-105.87421,39.65884],[-105.87472,39.65759],[-105.87489,39.65572],[-105.87435,39.65332],[-105.8744,39.65291],[-105.87506,39.6527],[-105.87534,39.65293],[-105.87643,39.65562],[-105.87785,39.65652],[-105.87813,39.65698],[-105.87795,39.65845],[-105.87928,39.65977],[-105.8798,39.66193],[-105.87907,39.66322],[-105.87873,39.66438],[-105.87825,39.66488],[-105.87731,39.66532],[-105.87656,39.66613],[-105.87652,39.66702],[-105.87632,39.66749],[-105.87521,39.66813],[-105.87516,39.6693],[-105.87491,39.66972],[-105.87444,39.67008],[-105.87435,39.67043],[-105.87467,39.67138],[-105.87448,39.67203],[-105.87418,39.67251],[-105.87334,39.67295],[-105.873,39.67408],[-105.87214,39.67498],[-105.8721,39.67536],[-105.87334,39.67685],[-105.87362,39.67761],[-105.87364,39.67845],[-105.87315,39.67911],[-105.87321,39.67949],[-105.87386,39.67948],[-105.87435,39.67735],[-105.87373,39.67564],[-105.87414,39.67479],[-105.87521,39.67417],[-105.87691,39.67272],[-105.87774,39.67138],[-105.87836,39.67094],[-105.87875,39.67024],[-105.88042,39.6694],[-105.88154,39.66836],[-105.88214,39.66829],[-105.88244,39.66839],[-105.88281,39.66907],[-105.88212,39.6715],[-105.88148,39.673],[-105.8813,39.67403],[-105.88244,39.67903],[-105.88334,39.67961],[-105.88592,39.67923],[-105.89051,39.67898],[-105.89418,39.67958],[-105.89461,39.68],[-105.89459,39.68042],[-105.89437,39.68083],[-105.89388,39.68111],[-105.89047,39.68109],[-105.88851,39.68166],[-105.88753,39.68235],[-105.88118,39.68945],[-105.88049,39.6904],[-105.87716,39.69348],[-105.87522,39.695],[-105.8734,39.69612],[-105.86483,39.70079],[-105.86264,39.70149],[-105.84388,39.70202],[-105.84221,39.70167],[-105.83587,39.69968],[-105.83358,39.69877],[-105.82465,39.69436],[-105.823,39.69381],[-105.81019,39.69175],[-105.80857,39.69186],[-105.80237,39.69321],[-105.79467,39.69563],[-105.79304,39.69581],[-105.79038,39.69538],[-105.78784,39.69451],[-105.78664,39.69431],[-105.77199,39.69513],[-105.76706,39.69624],[-105.76571,39.69635],[-105.76126,39.69579],[-105.75635,39.69647],[-105.74643,39.69677],[-105.72895,39.69415],[-105.72756,39.69424],[-105.72627,39.69457],[-105.72035,39.69767],[-105.71932,39.698],[-105.71376,39.69903],[-105.70957,39.70029],[-105.7035,39.70455],[-105.69915,39.70806],[-105.69821,39.70909],[-105.69759,39.71001],[-105.69736,39.71078],[-105.6955,39.72278],[-105.69507,39.72424],[-105.6925,39.73064],[-105.69162,39.73229],[-105.68693,39.73722],[-105.68433,39.74167],[-105.68372,39.74244],[-105.68299,39.74299],[-105.67862,39.7454],[-105.66267,39.75177],[-105.66138,39.75243],[-105.65984,39.75378],[-105.65582,39.75843],[-105.65425,39.75952],[-105.65285,39.76016],[-105.64563,39.76207],[-105.63299,39.76445],[-105.63054,39.76547],[-105.62806,39.76607],[-105.6239,39.76649],[-105.62073,39.76648],[-105.61381,39.76552],[-105.60617,39.76514],[-105.59998,39.76413],[-105.59852,39.76402],[-105.59039,39.76436],[-105.57977,39.76328],[-105.57802,39.76283],[-105.57564,39.76182],[-105.57003,39.75885],[-105.56301,39.75587],[-105.56175,39.75556],[-105.55856,39.75557],[-105.5577,39.75542],[-105.55683,39.75505],[-105.55607,39.75456],[-105.55339,39.75206],[-105.55031,39.7509],[-105.54745,39.74867],[-105.54478,39.74723],[-105.5406,39.74607],[-105.53754,39.74486],[-105.53215,39.74354],[-105.52643,39.74256],[-105.5227,39.7414],[-105.51981,39.74083],[-105.51607,39.74097],[-105.51416,39.7413],[-105.51036,39.74139],[-105.50904,39.74124],[-105.50572,39.7404],[-105.49977,39.74028],[-105.49836,39.7405],[-105.49618,39.74114],[-105.49014,39.74404],[-105.48887,39.74451],[-105.48642,39.74466],[-105.48417,39.74399],[-105.48261,39.74376],[-105.4716,39.74526],[-105.4677,39.74507],[-105.46705,39.74534],[-105.46559,39.74641],[-105.46402,39.74683],[-105.46284,39.74677],[-105.45927,39.74602],[-105.45609,39.74434],[-105.45356,39.74331],[-105.45143,39.74343],[-105.44804,39.74452],[-105.44728,39.74455],[-105.44544,39.74387],[-105.44367,39.74357],[-105.44275,39.74387],[-105.43699,39.7467],[-105.43597,39.74668],[-105.43548,39.7465],[-105.43255,39.74445],[-105.43149,39.74287],[-105.43116,39.7426],[-105.43046,39.74237],[-105.4291,39.7423],[-105.42833,39.74208],[-105.42792,39.74177],[-105.42738,39.74094],[-105.42701,39.7393],[-105.4265,39.73887],[-105.42551,39.73873],[-105.42395,39.73904],[-105.42322,39.73898],[-105.4225,39.73869],[-105.4212,39.7375],[-105.41983,39.73658],[-105.4192,39.73638],[-105.4186,39.73639],[-105.41727,39.73692],[-105.41606,39.73765],[-105.41441,39.73946],[-105.41373,39.73997],[-105.41194,39.74038],[-105.41071,39.74034],[-105.40983,39.74068],[-105.40869,39.74214],[-105.4069,39.74311],[-105.40657,39.74343],[-105.40562,39.74479],[-105.40543,39.74597],[-105.4049,39.7466],[-105.40392,39.74698],[-105.40164,39.74694],[-105.40029,39.74726],[-105.39951,39.7471],[-105.3984,39.74629],[-105.39775,39.74625],[-105.3966,39.74425],[-105.39583,39.74384],[-105.39444,39.74341],[-105.39301,39.74321],[-105.39045,39.74232],[-105.38989,39.74141],[-105.38994,39.74003],[-105.38884,39.73789],[-105.38828,39.73728],[-105.3862,39.73588],[-105.38545,39.73573],[-105.38487,39.73583],[-105.38269,39.73736],[-105.38179,39.73766],[-105.38085,39.73744],[-105.37992,39.7365],[-105.37908,39.73615],[-105.37834,39.73622],[-105.37707,39.73665],[-105.37561,39.73681],[-105.37355,39.73676],[-105.37164,39.73698],[-105.3709,39.73682],[-105.37039,39.73649],[-105.37014,39.73611],[-105.37001,39.73475],[-105.36973,39.73442],[-105.36887,39.73411],[-105.36462,39.73519],[-105.36248,39.73448],[-105.36141,39.73449],[-105.36087,39.73476],[-105.3599,39.73603],[-105.35817,39.73699],[-105.35735,39.73895],[-105.35667,39.73951],[-105.35465,39.74028],[-105.35204,39.74062],[-105.35004,39.742],[-105.34843,39.74245],[-105.3467,39.74216],[-105.34464,39.74104],[-105.34363,39.74081],[-105.3403,39.7407],[-105.3388,39.7411],[-105.331,39.74182],[-105.32549,39.74113],[-105.32422,39.74073],[-105.31731,39.73667],[-105.31665,39.73661],[-105.31197,39.73771],[-105.31145,39.73804],[-105.31126,39.7389],[-105.31156,39.73956],[-105.31087,39.74118],[-105.31015,39.7417],[-105.30873,39.74232],[-105.30851,39.74269],[-105.30843,39.74321],[-105.30946,39.7454],[-105.30939,39.74606],[-105.30869,39.74692],[-105.30772,39.74726],[-105.30583,39.74692],[-105.30457,39.74693],[-105.30296,39.74654],[-105.30236,39.74613],[-105.30167,39.74486],[-105.30038,39.74385],[-105.29955,39.74365],[-105.29716,39.74378],[-105.29448,39.74241],[-105.29375,39.74228],[-105.29298,39.74238],[-105.29143,39.74368],[-105.28993,39.74397],[-105.28869,39.74355],[-105.28671,39.74215],[-105.28607,39.74199],[-105.28431,39.74195],[-105.2803,39.74062],[-105.27854,39.74081],[-105.27712,39.74184],[-105.27526,39.74212],[-105.27446,39.74245],[-105.27311,39.7435],[-105.27251,39.7437],[-105.27197,39.74367],[-105.26998,39.74309],[-105.26953,39.74273],[-105.26935,39.74222],[-105.2698,39.74037],[-105.26957,39.73982],[-105.26901,39.73938],[-105.26717,39.7389],[-105.26453,39.73908],[-105.26103,39.73832],[-105.26008,39.73883],[-105.25856,39.74068],[-105.25624,39.74238],[-105.25547,39.74256],[-105.25382,39.74232],[-105.25324,39.74243],[-105.25283,39.74271],[-105.25144,39.74469],[-105.25126,39.74784],[-105.25144,39.74882],[-105.25103,39.74994],[-105.25056,39.75032],[-105.25006,39.7506],[-105.24871,39.75093],[-105.2476,39.75159],[-105.24599,39.75222],[-105.24386,39.75332],[-105.24217,39.7538],[-105.23916,39.75388],[-105.2365,39.75456],[-105.23614,39.7537],[-105.23532,39.75266],[-105.23354,39.75124],[-105.23202,39.75071],[-105.22893,39.75048],[-105.22803,39.75009],[-105.22715,39.74948],[-105.21174,39.73167],[-105.21024,39.7305],[-105.20886,39.72997],[-105.20545,39.72905],[-105.20432,39.72852],[-105.20183,39.72601],[-105.20045,39.72534],[-105.19884,39.72501],[-105.17166,39.72535],[-105.05276,39.72573],[-105.03235,39.72554],[-105.01821,39.72522],[-105.01326,39.72563],[-105.01416,39.72709],[-105.01572,39.732],[-105.01568,39.73324],[-105.01418,39.73691],[-105.0139,39.73831],[-105.01416,39.74088],[-105.01469,39.74197],[-105.01706,39.74425],[-105.01802,39.74555],[-105.01832,39.74687],[-105.01802,39.74813],[-105.01635,39.7521],[-105.01495,39.75359],[-105.00388,39.76159],[-104.99998,39.76601],[-104.99834,39.76687],[-104.99374,39.7687],[-104.99277,39.76921],[-104.99205,39.7698],[-104.99085,39.77105],[-104.99008,39.77224],[-104.98967,39.77341],[-104.98937,39.77511],[-104.98941,39.78014],[-104.98549,39.77978],[-104.98231,39.77981],[-104.97914,39.77955],[-104.97334,39.77969],[-104.96777,39.78004],[-104.95327,39.78007],[-104.95129,39.78087],[-104.94984,39.78174],[-104.93289,39.80037],[-104.93198,39.80194],[-104.93155,39.80387],[-104.93158,39.81946],[-104.93106,39.8218],[-104.92707,39.8282],[-104.92559,39.83176],[-104.92471,39.83457],[-104.92402,39.84627],[-104.9126,39.85783],[-104.90952,39.86158],[-104.90273,39.86932],[-104.89726,39.87525],[-104.89531,39.87675],[-104.89022,39.87941],[-104.88539,39.88062],[-104.87998,39.88103],[-104.87736,39.88149],[-104.87348,39.88264],[-104.84138,39.89976],[-104.8213,39.91082],[-104.81568,39.9148],[-104.81005,39.91921],[-104.80173,39.92668],[-104.79602,39.93129],[-104.78997,39.93646],[-104.78559,39.94179],[-104.784,39.94422],[-104.78169,39.94679],[-104.76731,39.96018],[-104.76431,39.96146],[-104.76026,39.96379],[-104.75568,39.96801],[-104.74032,39.98284],[-104.73577,39.98688],[-104.72131,39.99685],[-104.71538,40.0002],[-104.71319,40.00184],[-104.70692,40.00739],[-104.65179,40.06498],[-104.64895,40.0712],[-104.64616,40.0751],[-104.62599,40.086],[-104.59976,40.10342],[-104.57572,40.1094],[-104.56982,40.1103],[-104.53435,40.1098],[-104.50611,40.11964],[-104.50207,40.12135],[-104.44854,40.16317],[-104.44116,40.16553],[-104.38673,40.1678],[-104.37419,40.17032],[-104.34368,40.17127],[-104.34024,40.17202],[-104.17526,40.22976],[-104.16762,40.23181],[-104.09678,40.23217],[-104.08747,40.23337],[-104.05569,40.24656],[-104.01736,40.25011],[-103.93742,40.24233],[-103.90479,40.24367],[-103.8936,40.24668],[-103.86843,40.2625],[-103.86379,40.26523],[-103.8084,40.26467],[-103.80223,40.26391],[-103.75048,40.26332],[-103.72871,40.2676],[-103.60356,40.26877],[-103.59395,40.26929],[-103.58801,40.27064],[-103.58712,40.27116],[-103.58542,40.2726],[-103.58298,40.27381],[-103.58054,40.27839],[-103.57984,40.27943],[-103.57893,40.28038],[-103.52409,40.32437],[-103.518,40.32862],[-103.51594,40.33124],[-103.50796,40.33759],[-103.5059,40.33942],[-103.50349,40.34236],[-103.49491,40.3493],[-103.49199,40.34956],[-103.47362,40.34956],[-103.47131,40.35015],[-103.46976,40.35133],[-103.46744,40.35394],[-103.44942,40.36107],[-103.44006,40.36385],[-103.4374,40.36598],[-103.41234,40.39364],[-103.39509,40.41514],[-103.37895,40.43187],[-103.37852,40.43343],[-103.37878,40.46459],[-103.37827,40.46727],[-103.37715,40.46851],[-103.37329,40.46988],[-103.34814,40.48464],[-103.27793,40.54004],[-103.27158,40.54297],[-103.26763,40.54539],[-103.2642,40.54669],[-103.25982,40.54976],[-103.21116,40.61547],[-103.21133,40.62003],[-103.20669,40.62622],[-103.18815,40.61846],[-103.18455,40.61814],[-103.14086,40.63026],[-103.11897,40.63299],[-103.04731,40.64817],[-102.9886,40.67728],[-102.98542,40.67851],[-102.98173,40.67871],[-102.83822,40.67955],[-102.82055,40.67591],[-102.77034,40.66295],[-102.64004,40.64108],[-102.63704,40.64017],[-102.63421,40.63815],[-102.63189,40.63789],[-102.62013,40.63776],[-102.481,40.61411],[-102.47706,40.61189],[-102.47491,40.61144],[-102.46598,40.61176],[-102.30986,40.58504],[-102.30479,40.58563],[-102.06515,40.58563],[-102.05782,40.58534],[-102.05537,40.58429],[-102.05153,40.58189]]},
"properties":{"name":"U.S. Route 6 in Colorado","stroke":"#cc0000","stroke-width":3,"fill-opacity":0,"tessellate":"1","extrude":"0","visibility":"-1"}},
{"type":"Feature","geometry":{"type":"LineString","coordinates":[[-102.05152,40.58189],[-101.97692,40.53968],[-101.97396,40.53841],[-101.96954,40.53749],[-101.9667,40.5371],[-101.94121,40.53743],[-101.93332,40.53772],[-101.91851,40.53792],[-101.88203,40.53763],[-101.64699,40.53756],[-101.64514,40.53684],[-101.64381,40.5356],[-101.64321,40.5342],[-101.64302,40.51285],[-101.59759,40.49481],[-101.59605,40.49438],[-101.59317,40.49415],[-101.54283,40.49534],[-101.54056,40.49502],[-101.53828,40.49433],[-101.53678,40.49355],[-101.53528,40.4923],[-101.53421,40.49077],[-101.53369,40.48924],[-101.53358,40.45662],[-101.53277,40.45365],[-101.52708,40.44683],[-101.52652,40.44565],[-101.52534,40.44135],[-101.52464,40.43992],[-101.5238,40.43882],[-101.51496,40.43082],[-101.51281,40.42968],[-101.51065,40.42883],[-101.48099,40.42135],[-101.47683,40.4205],[-101.47398,40.42009],[-101.38662,40.41382],[-101.37031,40.41173],[-101.35366,40.41173],[-101.34843,40.41114],[-101.33873,40.40937],[-101.22955,40.37944],[-101.21565,40.37832],[-101.17204,40.36943],[-101.16552,40.36708],[-101.13754,40.35583],[-101.12106,40.35106],[-101.07754,40.33437],[-101.06484,40.32705],[-101.06167,40.32554],[-101.0548,40.32364],[-101.05162,40.32214],[-101.03051,40.30178],[-101.02708,40.30015],[-100.9785,40.28241],[-100.96845,40.27907],[-100.93369,40.2661],[-100.93,40.26387],[-100.91429,40.25359],[-100.8955,40.23669],[-100.89473,40.23439],[-100.83876,40.23433],[-100.83439,40.23452],[-100.80984,40.23479],[-100.80538,40.23426],[-100.71783,40.20929],[-100.69362,40.20189],[-100.6901,40.20103],[-100.66959,40.19848],[-100.64908,40.20051],[-100.64213,40.199],[-100.63921,40.1988],[-100.60445,40.19808],[-100.58419,40.19887],[-100.58067,40.19933],[-100.57672,40.20038],[-100.55183,40.2091],[-100.53758,40.21526],[-100.51063,40.23354],[-100.50823,40.23466],[-100.50402,40.23525],[-100.4569,40.23538],[-100.43759,40.23433],[-100.4121,40.23439],[-100.38772,40.24042],[-100.38197,40.24127],[-100.33022,40.24612],[-100.31855,40.25032],[-100.31331,40.25097],[-100.29735,40.25104],[-100.22654,40.26984],[-100.19384,40.27685],[-100.18397,40.27829],[-100.18199,40.27874],[-100.1771,40.28143],[-100.17392,40.28208],[-100.16079,40.28222],[-100.14843,40.28536],[-100.11976,40.28706],[-100.08243,40.29557],[-100.05007,40.30663],[-100.04595,40.30735],[-100.00372,40.30683],[-99.99068,40.30637],[-99.9681,40.30709],[-99.94999,40.30644],[-99.93025,40.30742],[-99.91171,40.30624],[-99.89772,40.30631],[-99.87386,40.30559],[-99.85094,40.30696],[-99.82107,40.30722],[-99.74983,40.30729],[-99.72228,40.3067],[-99.64358,40.30768],[-99.61019,40.30657],[-99.54487,40.30716],[-99.54058,40.30775],[-99.53621,40.30991],[-99.53346,40.31239],[-99.53174,40.31855],[-99.52874,40.33353],[-99.52694,40.33765],[-99.5235,40.34341],[-99.51973,40.34753],[-99.51526,40.35087],[-99.50943,40.35427],[-99.50342,40.35682],[-99.47896,40.36271],[-99.47552,40.36461],[-99.39742,40.43279],[-99.39407,40.43599],[-99.38918,40.43788],[-99.36206,40.43808],[-99.28086,40.45611],[-99.24748,40.4612],[-99.2328,40.46303],[-99.14053,40.47609],[-99.12715,40.47844],[-99.11727,40.47949],[-98.96046,40.50135],[-98.9566,40.50285],[-98.95025,40.50305],[-98.93137,40.50794],[-98.80099,40.56378],[-98.79807,40.56619],[-98.79481,40.56743],[-98.79095,40.56789],[-98.52864,40.56776],[-98.37767,40.568],[-98.37608,40.56836],[-98.3749,40.56886],[-98.37409,40.56974],[-98.37387,40.57094],[-98.37401,40.58069],[-98.37315,40.58189],[-98.37135,40.58258],[-97.90205,40.58264],[-97.89848,40.58369],[-97.88926,40.58946],[-97.88462,40.59167],[-97.87943,40.5935],[-97.86634,40.59697],[-97.85733,40.59715],[-97.856,40.59744],[-97.8548,40.59809],[-97.85402,40.59894],[-97.85364,40.59998],[-97.85377,40.60897],[-97.85329,40.61041],[-97.84973,40.615],[-97.84776,40.61682],[-97.84578,40.61823],[-97.84381,40.61933],[-97.83904,40.62099],[-97.83544,40.62158],[-97.76386,40.62601],[-97.71107,40.62575],[-97.7079,40.62617],[-97.70523,40.62712],[-97.70116,40.6293],[-97.69772,40.63021],[-97.52971,40.64044],[-97.43101,40.64044],[-97.42834,40.64116],[-97.42689,40.64213],[-97.42457,40.64487],[-97.42268,40.64617],[-97.41976,40.64702],[-97.31437,40.65301],[-97.28459,40.6549],[-97.12966,40.65451],[-97.1264,40.65484],[-97.12374,40.65581],[-97.12228,40.65887],[-97.12228,40.69565],[-97.12065,40.70021],[-97.12039,40.76609],[-97.11962,40.76804],[-97.11773,40.76967],[-97.11481,40.77084],[-97.05911,40.77064],[-97.05499,40.76993],[-97.04787,40.76993],[-97.04581,40.77032],[-97.04469,40.77162],[-97.04452,40.81424],[-96.92891,40.81392],[-96.72509,40.81373],[-96.725,40.81445],[-96.71723,40.82581],[-96.7147,40.82809],[-96.71028,40.83081],[-96.70809,40.83273],[-96.70667,40.83565],[-96.7059,40.83646],[-96.70577,40.8377],[-96.70341,40.83805],[-96.70148,40.83896],[-96.69616,40.84234],[-96.69376,40.84273],[-96.68096,40.8425],[-96.67118,40.8427],[-96.66929,40.84315],[-96.65607,40.85023],[-96.65346,40.85231],[-96.64286,40.85786],[-96.64118,40.85909],[-96.63676,40.86565],[-96.63513,40.86724],[-96.63234,40.8686],[-96.62908,40.86922],[-96.62625,40.86931],[-96.62196,40.86824],[-96.62028,40.86808],[-96.61861,40.86834],[-96.61698,40.86915],[-96.61204,40.87243],[-96.49175,40.93539],[-96.45437,40.95023],[-96.45201,40.95166],[-96.39107,41.01257],[-96.38931,41.01396],[-96.3758,41.02173],[-96.37417,41.02306],[-96.37296,41.02471],[-96.37142,41.02795],[-96.37005,41.02944],[-96.36752,41.03141],[-96.34975,41.04417],[-96.3452,41.04646],[-96.3434,41.04753],[-96.33095,41.05824],[-96.28829,41.08368],[-96.28396,41.08607],[-96.25855,41.09882],[-96.25594,41.09966],[-96.2534,41.09969],[-96.25336,41.11136],[-96.25315,41.11547],[-96.25323,41.12724],[-96.25285,41.12895],[-96.25208,41.13031],[-96.25113,41.13153],[-96.24959,41.13283],[-96.24096,41.13751],[-96.23993,41.13852],[-96.2392,41.13971],[-96.23899,41.14188],[-96.23899,41.15035],[-96.23847,41.15187],[-96.23508,41.15532],[-96.23453,41.15653],[-96.23427,41.15771],[-96.2345,41.2623],[-96.22972,41.26282],[-96.04851,41.26333],[-96.04602,41.26279],[-96.03851,41.26001],[-96.03593,41.25959],[-95.96736,41.25962],[-95.96418,41.25979],[-95.92717,41.25964],[-95.92564,41.25987],[-95.92359,41.25955],[-95.92167,41.25974]]},
"properties":{"name":"U.S. Route 6 in Nebraska","stroke":"#cc0000","stroke-width":3,"fill-opacity":0,"tessellate":"1","extrude":"0","visibility":"-1"}},
{"type":"Feature","geometry":{"type":"LineString","coordinates":[[-95.92166,41.25971],[-95.9122,41.26131],[-95.91088,41.26125],[-95.90944,41.26092],[-95.90837,41.26039],[-95.90755,41.2596],[-95.90699,41.25789],[-95.90687,41.24615],[-95.90653,41.24463],[-95.90556,41.24285],[-95.9019,41.23882],[-95.90075,41.23637],[-95.89995,41.2336],[-95.89927,41.2328],[-95.89838,41.23229],[-95.89676,41.23203],[-95.89305,41.23255],[-95.87841,41.23227],[-95.8577,41.23218],[-95.84741,41.2323],[-95.83481,41.23163],[-95.83368,41.23169],[-95.83189,41.23199],[-95.82957,41.23286],[-95.82772,41.23425],[-95.82712,41.23507],[-95.82427,41.24115],[-95.8233,41.2424],[-95.82245,41.2431],[-95.8214,41.24368],[-95.8178,41.24505],[-95.81646,41.24571],[-95.81288,41.24875],[-95.81186,41.24982],[-95.80016,41.2643],[-95.79801,41.26626],[-95.79147,41.27099],[-95.78974,41.27248],[-95.78826,41.27414],[-95.78573,41.27766],[-95.78325,41.2798],[-95.78315,41.28007],[-95.77891,41.28034],[-95.76245,41.28088],[-95.74117,41.28241],[-95.70957,41.28276],[-95.70759,41.28308],[-95.70632,41.28347],[-95.69114,41.28906],[-95.6893,41.28952],[-95.68744,41.28971],[-95.67022,41.28995],[-95.65453,41.28957],[-95.64422,41.28952],[-95.5177,41.28938],[-95.4583,41.28912],[-95.43621,41.2892],[-95.40347,41.28897],[-95.40336,41.29743],[-95.4032,41.29886],[-95.40177,41.30261],[-95.39959,41.30613],[-95.39556,41.31053],[-95.39413,41.3131],[-95.39331,41.3139],[-95.38901,41.31647],[-95.38741,41.31721],[-95.38535,41.31764],[-95.38113,41.31794],[-95.36623,41.31822],[-95.32278,41.31816],[-95.26984,41.31764],[-95.25668,41.31788],[-95.21493,41.31785],[-95.19677,41.3175],[-95.15668,41.31727],[-95.154,41.31732],[-95.14884,41.31778],[-95.13731,41.31804],[-95.11358,41.31753],[-95.07762,41.31732],[-95.07643,41.31746],[-95.07543,41.31788],[-95.07461,41.31857],[-95.07286,41.3214],[-95.04489,41.38427],[-95.0437,41.38598],[-95.0427,41.38711],[-95.02619,41.40345],[-95.02495,41.40396],[-95.02387,41.40407],[-94.99363,41.40384],[-94.94564,41.40382],[-94.94577,41.40779],[-94.94555,41.4268],[-94.94554,41.44523],[-94.9458,41.4611],[-94.94582,41.49456],[-94.94552,41.4963],[-94.94497,41.49639],[-94.93862,41.49707],[-94.91609,41.49704],[-94.87586,41.49742],[-94.85249,41.497],[-94.81925,41.497],[-94.78369,41.49616],[-94.76466,41.49697],[-94.74108,41.4965],[-94.71138,41.49684],[-94.68872,41.49682],[-94.68561,41.49641],[-94.67823,41.49367],[-94.67644,41.49325],[-94.67444,41.49306],[-94.60025,41.49309],[-94.59815,41.49329],[-94.57933,41.49657],[-94.56064,41.49672],[-94.5241,41.49609],[-94.465,41.49582],[-94.37071,41.49596],[-94.36764,41.49552],[-94.3609,41.49328],[-94.35795,41.49293],[-94.25149,41.493],[-94.22421,41.49394],[-94.22125,41.49458],[-94.21983,41.49516],[-94.21856,41.49589],[-94.19333,41.51569],[-94.19118,41.51686],[-94.18926,41.51746],[-94.18664,41.5178],[-94.09334,41.51746],[-94.09099,41.51763],[-94.06926,41.52098],[-94.06727,41.52141],[-94.02976,41.53732],[-94.02686,41.53828],[-94.02373,41.53891],[-94.01756,41.53953],[-94.01575,41.53955],[-94.0126,41.53915],[-94.01264,41.55083],[-94.01225,41.56493],[-94.01276,41.57379],[-94.01277,41.59825],[-94.01392,41.60548],[-94.01458,41.60699],[-94.01715,41.61098],[-94.01747,41.61263],[-94.01749,41.61437],[-94.00116,41.61445],[-93.99903,41.6141],[-93.99452,41.61272],[-93.99154,41.61237],[-93.98948,41.6125],[-93.98053,41.6142],[-93.97781,41.61444],[-93.90384,41.61453],[-93.89459,41.61494],[-93.83926,41.61492],[-93.83383,41.61474],[-93.82349,41.6147],[-93.80094,41.61488],[-93.75584,41.61472],[-93.73659,41.61485],[-93.7202,41.61464],[-93.71199,41.6147],[-93.709,41.61489],[-93.69777,41.61488],[-93.6977,41.62936],[-93.65878,41.62955],[-93.65635,41.62913],[-93.65305,41.6279],[-93.65061,41.62761],[-93.57592,41.62773],[-93.56033,41.62763],[-93.54709,41.62776],[-93.52913,41.63729],[-93.52442,41.64066],[-93.51838,41.64379],[-93.51402,41.64631],[-93.4964,41.66023],[-93.49087,41.66143],[-93.48773,41.66167],[-93.48427,41.66166],[-93.48045,41.6622],[-93.47794,41.66288],[-93.46131,41.66835],[-93.457,41.66957],[-93.45399,41.6702],[-93.43495,41.67329],[-93.40323,41.68008],[-93.39969,41.68039],[-93.36629,41.6803],[-93.29962,41.68204],[-93.29686,41.6825],[-93.29076,41.68431],[-93.28841,41.68481],[-93.27479,41.68613],[-93.21197,41.69932],[-93.20823,41.69971],[-93.20473,41.6995],[-93.2013,41.69872],[-93.16902,41.68638],[-93.16535,41.6856],[-93.1561,41.68437],[-93.12169,41.68147],[-93.09908,41.68078],[-93.0949,41.68095],[-93.08326,41.68265],[-93.07716,41.68334],[-93.07703,41.6833],[-93.07669,41.68332],[-93.07634,41.68335],[-93.07589,41.68335],[-93.07534,41.68317],[-93.07509,41.68295],[-93.07502,41.68264],[-93.07551,41.68227],[-93.07694,41.68217],[-93.07695,41.68255],[-93.07698,41.68298],[-93.07699,41.68329],[-93.077,41.68335],[-93.07702,41.68388],[-93.07711,41.68538],[-93.07725,41.68812],[-93.07727,41.69197],[-93.07716,41.69309],[-93.07549,41.69903],[-93.06388,41.69943],[-93.04832,41.69956],[-93.04361,41.69925],[-93.03389,41.69914],[-93.01092,41.69922],[-93.00873,41.69955],[-92.99812,41.70221],[-92.99554,41.70264],[-92.99289,41.70283],[-92.91848,41.70269],[-92.91656,41.70306],[-92.91102,41.70582],[-92.90911,41.70616],[-92.90372,41.70617],[-92.90237,41.70602],[-92.89449,41.70282],[-92.89294,41.70253],[-92.88205,41.70247],[-92.88108,41.70258],[-92.87432,41.70429],[-92.87289,41.70434],[-92.86971,41.70393],[-92.86871,41.70403],[-92.86734,41.70448],[-92.85785,41.70917],[-92.85708,41.70972],[-92.85474,41.71201],[-92.85299,41.71271],[-92.8458,41.71354],[-92.83058,41.71359],[-92.82958,41.71386],[-92.8226,41.71679],[-92.82115,41.71712],[-92.80634,41.71711],[-92.80506,41.71731],[-92.80367,41.71808],[-92.7993,41.72239],[-92.79288,41.72654],[-92.7922,41.72761],[-92.79072,41.73285],[-92.78996,41.73388],[-92.78876,41.73466],[-92.78757,41.73505],[-92.78645,41.73517],[-92.76963,41.73534],[-92.76847,41.73549],[-92.76713,41.73594],[-92.74375,41.74586],[-92.74267,41.74614],[-92.72284,41.74615],[-92.72089,41.74553],[-92.71894,41.74621],[-92.66927,41.74602],[-92.61021,41.7461],[-92.59863,41.74578],[-92.58583,41.74576],[-92.56163,41.74621],[-92.48396,41.74603],[-92.40848,41.74658],[-92.36924,41.74627],[-92.35355,41.7464],[-92.30633,41.74724],[-92.30375,41.7469],[-92.29184,41.74346],[-92.28936,41.74306],[-92.27851,41.74274],[-92.26374,41.74275],[-92.25449,41.74304],[-92.24349,41.74182],[-92.24201,41.74183],[-92.22435,41.74582],[-92.22072,41.74718],[-92.19414,41.75298],[-92.19097,41.75325],[-92.18132,41.75535],[-92.17909,41.75627],[-92.17404,41.75779],[-92.09458,41.78472],[-92.08511,41.78711],[-92.08295,41.78781],[-92.07942,41.78926],[-92.07773,41.78958],[-92.03123,41.78894],[-92.02243,41.78749],[-92.02081,41.78677],[-92.01869,41.78487],[-92.01724,41.7841],[-92.00179,41.78116],[-91.99367,41.77878],[-91.98698,41.7763],[-91.98311,41.77519],[-91.96634,41.77419],[-91.94323,41.77128],[-91.92417,41.76935],[-91.91351,41.76912],[-91.91134,41.76894],[-91.90221,41.7676],[-91.88934,41.76475],[-91.8874,41.76421],[-91.88254,41.76235],[-91.88148,41.76209],[-91.8799,41.76228],[-91.87709,41.76388],[-91.87359,41.76494],[-91.87291,41.76367],[-91.87224,41.76284],[-91.87133,41.7621],[-91.86995,41.76137],[-91.86818,41.76087],[-91.85888,41.75928],[-91.85624,41.75913],[-91.83923,41.75927],[-91.83743,41.75898],[-91.82902,41.75641],[-91.81694,41.75346],[-91.81224,41.75187],[-91.81121,41.75135],[-91.80355,41.74624],[-91.80182,41.74534],[-91.74544,41.7242],[-91.72684,41.71627],[-91.71691,41.71493],[-91.70231,41.71323],[-91.69778,41.71183],[-91.69286,41.71114],[-91.68677,41.70916],[-91.66689,41.70721],[-91.64862,41.70598],[-91.64771,41.70603],[-91.64716,41.70583],[-91.64624,41.70588],[-91.64241,41.70548],[-91.63231,41.70228],[-91.62905,41.70053],[-91.62431,41.69655],[-91.62309,41.69574],[-91.5801,41.67361],[-91.57698,41.6724],[-91.56683,41.66942],[-91.55881,41.66614],[-91.55752,41.66574],[-91.54394,41.66411],[-91.54257,41.66364],[-91.54214,41.66322],[-91.5421,41.66294],[-91.54227,41.66124],[-91.54187,41.65769],[-91.54076,41.65491],[-91.54032,41.65286],[-91.54015,41.64938],[-91.54022,41.64747],[-91.53018,41.64492],[-91.51865,41.64145],[-91.51615,41.64108],[-91.50922,41.641],[-91.50711,41.64061],[-91.50508,41.63987],[-91.49294,41.63267],[-91.48137,41.6277],[-91.47804,41.62581],[-91.47644,41.62457],[-91.45938,41.60901],[-91.45786,41.608],[-91.45456,41.60639],[-91.45223,41.60596],[-91.43483,41.60574],[-91.38708,41.60567],[-91.38582,41.60514],[-91.37094,41.59667],[-91.35625,41.58802],[-91.35502,41.58758],[-91.35403,41.58746],[-91.33372,41.58736],[-91.33263,41.58708],[-91.3243,41.58326],[-91.32251,41.58292],[-91.28949,41.58256],[-91.26629,41.58266],[-91.26405,41.58229],[-91.26162,41.58151],[-91.26096,41.58097],[-91.26064,41.58039],[-91.26077,41.56995],[-91.25221,41.56982],[-91.2514,41.56961],[-91.24939,41.56859],[-91.2477,41.56818],[-91.23743,41.56798],[-91.21991,41.5678],[-91.18406,41.56778],[-91.1804,41.56782],[-91.17771,41.5681],[-91.17429,41.56741],[-91.17154,41.56784],[-91.1684,41.56783],[-91.15473,41.56772],[-91.13498,41.56731],[-91.11501,41.5673],[-91.06408,41.56667],[-91.03801,41.56666],[-91.03822,41.58144],[-91.0382,41.59221],[-91.0379,41.59463],[-91.03656,41.59899],[-91.03617,41.60131],[-91.03573,41.6197],[-91.03584,41.62568],[-91.0357,41.63528],[-91.03234,41.6352],[-91.02543,41.63372],[-91.02114,41.63328],[-90.95216,41.63349],[-90.9285,41.63426],[-90.90161,41.63287],[-90.8389,41.63287],[-90.83733,41.63267],[-90.83554,41.6322],[-90.79919,41.61992],[-90.79673,41.61921],[-90.74092,41.60788],[-90.72293,41.60393],[-90.71937,41.6036],[-90.68524,41.60364],[-90.68252,41.60339],[-90.68088,41.60296],[-90.67955,41.60231],[-90.67836,41.60137],[-90.67755,41.60031],[-90.67705,41.59893],[-90.67615,41.59429],[-90.67605,41.59205],[-90.67612,41.59193],[-90.67616,41.5915],[-90.67618,41.59133],[-90.6762,41.591],[-90.67626,41.59067],[-90.67658,41.59026],[-90.67731,41.59002],[-90.6782,41.59025],[-90.67852,41.59065],[-90.67851,41.59113],[-90.67745,41.59234],[-90.67719,41.59222],[-90.67445,41.59088],[-90.67394,41.59064],[-90.67233,41.58984],[-90.67168,41.58947],[-90.67049,41.58853],[-90.66764,41.58574],[-90.66294,41.58182],[-90.66029,41.57934],[-90.65753,41.57821],[-90.65015,41.57462],[-90.64415,41.57237],[-90.63917,41.56829],[-90.63461,41.56381],[-90.63349,41.56292],[-90.63148,41.56174],[-90.62951,41.56099],[-90.6276,41.56049],[-90.62492,41.56014],[-90.61716,41.56018],[-90.60493,41.55996],[-90.57826,41.56001],[-90.56884,41.56022],[-90.5671,41.56],[-90.56559,41.55958],[-90.5607,41.55716],[-90.55918,41.55681],[-90.53429,41.55671],[-90.53261,41.55642],[-90.52873,41.55493],[-90.5239,41.55453],[-90.52294,41.55405],[-90.52236,41.55339],[-90.52211,41.55276],[-90.52172,41.5501],[-90.52143,41.54912],[-90.52073,41.54783],[-90.51948,41.54613],[-90.519,41.54508],[-90.51686,41.53648],[-90.51403,41.5281],[-90.5135,41.52422],[-90.51326,41.51957]]},
"properties":{"name":"U.S. Route 6 in Iowa","stroke":"#cc0000","stroke-width":3,"fill-opacity":0,"tessellate":"1","extrude":"0","visibility":"-1"}},
{"type":"Feature","geometry":{"type":"LineString","coordinates":[[-90.51311,41.51952],[-90.51278,41.5127],[-90.51248,41.51164],[-90.51199,41.51084],[-90.50939,41.50827],[-90.50882,41.50755],[-90.50828,41.50634],[-90.50826,41.50166],[-90.50691,41.49811],[-90.50678,41.49625],[-90.50628,41.49401],[-90.50495,41.49173],[-90.50251,41.48855],[-90.49688,41.48328],[-90.49585,41.48209],[-90.49431,41.47945],[-90.49405,41.47723],[-90.49513,41.46733],[-90.49521,41.45295],[-90.44702,41.45231],[-90.42268,41.45389],[-90.41157,41.45582],[-90.40749,41.45604],[-90.3841,41.45585],[-90.38221,41.45616],[-90.37882,41.45756],[-90.37698,41.45759],[-90.36539,41.45653],[-90.35784,41.45534],[-90.35372,41.45511],[-90.26287,41.45466],[-90.26141,41.45427],[-90.26029,41.45318],[-90.25995,41.45247],[-90.25999,41.44955],[-90.25931,41.44839],[-90.25793,41.44758],[-90.25416,41.44746],[-90.23952,41.44749],[-90.21871,41.44816],[-90.20309,41.44778],[-90.16463,41.44739],[-90.16223,41.44804],[-90.15391,41.44784],[-90.15416,41.44012],[-90.13296,41.43459],[-90.11262,41.42738],[-90.08447,41.41786],[-89.99306,41.41689],[-89.91418,41.39913],[-89.91255,41.39835],[-89.90448,41.39655],[-89.90165,41.39636],[-89.83848,41.38187],[-89.83659,41.38122],[-89.83256,41.38058],[-89.74364,41.36042],[-89.74175,41.35932],[-89.73454,41.35855],[-89.73334,41.35894],[-89.73308,41.36242],[-89.7324,41.36377],[-89.73059,41.36493],[-89.70399,41.36554],[-89.55739,41.36493],[-89.55232,41.36461],[-89.50889,41.36403],[-89.50254,41.36544],[-89.49112,41.3706],[-89.48718,41.3715],[-89.46314,41.37172],[-89.37508,41.37105],[-89.37319,41.37047],[-89.36985,41.36686],[-89.36796,41.36596],[-89.35671,41.36377],[-89.34324,41.3639],[-89.33878,41.36293],[-89.32736,41.36325],[-89.32324,41.36396],[-89.30461,41.3639],[-89.2932,41.36261],[-89.28925,41.36326],[-89.28599,41.3648],[-89.28281,41.36506],[-89.27732,41.3648],[-89.26685,41.36326],[-89.26016,41.36435],[-89.21888,41.36423],[-89.21819,41.33465],[-89.21699,41.33298],[-89.21072,41.32821],[-89.20892,41.3275],[-89.19176,41.32782],[-89.18884,41.32705],[-89.18704,41.32788],[-89.18386,41.32679],[-89.17862,41.32808],[-89.1479,41.32821],[-89.14464,41.32737],[-89.12558,41.32769],[-89.12446,41.3273],[-89.1158,41.3275],[-89.11296,41.32904],[-89.10687,41.32924],[-89.09425,41.3304],[-89.09485,41.33272],[-89.08584,41.33337],[-89.07915,41.33337],[-89.0764,41.3342],[-89.06619,41.33904],[-89.05074,41.34439],[-89.04825,41.34684],[-89.04799,41.35038],[-89.04662,41.35212],[-89.04396,41.35347],[-89.04009,41.35373],[-89.03134,41.3536],[-89.02765,41.35399],[-89.0249,41.35612],[-89.02379,41.35857],[-89.02138,41.36031],[-89.01941,41.36089],[-88.95763,41.36017],[-88.95497,41.35938],[-88.95351,41.35841],[-88.95188,41.35529],[-88.95097,41.35432],[-88.94836,41.353],[-88.94557,41.35284],[-88.86437,41.35381],[-88.8612,41.35413],[-88.85326,41.35626],[-88.84283,41.35606],[-88.82618,41.35639],[-88.82377,41.35603],[-88.81613,41.35178],[-88.81352,41.35094],[-88.81008,41.35043],[-88.80738,41.35097],[-88.80596,41.35188],[-88.80322,41.35436],[-88.80013,41.35381],[-88.79094,41.35378],[-88.78841,41.35342],[-88.77961,41.34949],[-88.77433,41.34943],[-88.77219,41.34885],[-88.76073,41.34501],[-88.75228,41.34337],[-88.74442,41.34111],[-88.74129,41.3407],[-88.73571,41.33876],[-88.73241,41.33731],[-88.7267,41.33638],[-88.72009,41.33467],[-88.71794,41.33361],[-88.70945,41.33109],[-88.70846,41.33042],[-88.68735,41.32661],[-88.68572,41.32713],[-88.6828,41.32652],[-88.67984,41.32561],[-88.67164,41.32259],[-88.66683,41.3213],[-88.6592,41.32055],[-88.6555,41.31981],[-88.65224,41.31878],[-88.64937,41.31756],[-88.64593,41.31691],[-88.63928,41.31453],[-88.63396,41.31372],[-88.63091,41.31366],[-88.62692,41.3154],[-88.62276,41.31669],[-88.61795,41.31794],[-88.61225,41.32043],[-88.61001,41.32097],[-88.60285,41.32371],[-88.59637,41.32806],[-88.59517,41.32864],[-88.5907,41.32993],[-88.58585,41.33235],[-88.58126,41.33422],[-88.57817,41.33612],[-88.56384,41.34111],[-88.55997,41.34198],[-88.55826,41.34263],[-88.55693,41.3436],[-88.55581,41.34621],[-88.55689,41.37007],[-88.47685,41.37072],[-88.42831,41.37201],[-88.42209,41.37358],[-88.42213,41.38325],[-88.4205,41.38354],[-88.41973,41.38421],[-88.41947,41.38579],[-88.41857,41.38692],[-88.40857,41.39333],[-88.40252,41.39664],[-88.40029,41.39893],[-88.39561,41.40166],[-88.39303,41.40257],[-88.38887,41.40356],[-88.38162,41.40765],[-88.37789,41.41045],[-88.37514,41.41303],[-88.36716,41.41628],[-88.36342,41.41695],[-88.30433,41.41776],[-88.24755,41.41908],[-88.24343,41.41934],[-88.24094,41.41992],[-88.23815,41.42107],[-88.23644,41.42223],[-88.23026,41.42828],[-88.2282,41.42999],[-88.21592,41.43623],[-88.21305,41.43868],[-88.21116,41.44061],[-88.20339,41.4501],[-88.20043,41.45299],[-88.19726,41.45531],[-88.19451,41.45698],[-88.18846,41.4601],[-88.18434,41.46251],[-88.17782,41.46692],[-88.17254,41.47075],[-88.17035,41.47287],[-88.16726,41.47628],[-88.16245,41.48036],[-88.15747,41.48364],[-88.14971,41.4884],[-88.14172,41.49283],[-88.13683,41.4945],[-88.12357,41.4973],[-88.10752,41.50238],[-88.10593,41.50312],[-88.10447,41.5053],[-88.09971,41.50736],[-88.09319,41.51276],[-88.09096,41.51617],[-88.08143,41.51652],[-88.08048,41.51694],[-88.07435,41.51707],[-88.0746,41.52471],[-88.07349,41.52449],[-88.07272,41.52526],[-88.07246,41.53159],[-88.06229,41.53175],[-88.0589,41.5322],[-88.05787,41.53268],[-88.05731,41.5332],[-88.05495,41.53625],[-88.05104,41.53866],[-88.04431,41.54078],[-88.04203,41.54177],[-88.03821,41.54264],[-88.02881,41.54695],[-88.0265,41.5472],[-87.98066,41.54812],[-87.93264,41.54876],[-87.93127,41.54899],[-87.92882,41.55025],[-87.90972,41.56063],[-87.90277,41.56535],[-87.89187,41.57312],[-87.89076,41.57357],[-87.89144,41.60072],[-87.71618,41.60367],[-87.71373,41.60342],[-87.70725,41.60091],[-87.70446,41.60072],[-87.55902,41.60095],[-87.55864,41.59238],[-87.55889,41.57771],[-87.52954,41.57768],[-87.52696,41.57736],[-87.52474,41.57684]]},
"properties":{"name":"U.S. Route 6 in Illinois","stroke":"#cc0000","stroke-width":3,"fill-opacity":0,"tessellate":"1","extrude":"0","visibility":"-1"}},
{"type":"Feature","geometry":{"type":"LineString","coordinates":[[-87.52474,41.57685],[-87.51144,41.57351],[-87.45407,41.57335],[-87.43315,41.56978],[-87.36152,41.56879],[-87.31138,41.56718],[-87.2719,41.57297],[-87.24252,41.58284],[-87.24092,41.55013],[-87.01441,41.54875],[-87.00314,41.55137],[-86.99166,41.54835],[-86.94807,41.5475],[-86.93032,41.54462],[-86.90811,41.53903],[-86.89476,41.53371],[-86.89316,41.51691],[-86.83096,41.51738],[-86.81397,41.51496],[-86.70008,41.51748],[-86.69247,41.51299],[-86.67873,41.47948],[-86.6737,41.47728],[-86.66495,41.47608],[-86.6319,41.47584],[-86.59072,41.47621],[-86.53872,41.47578],[-86.51463,41.47154],[-86.50507,41.46797],[-86.48428,41.46791],[-86.46315,41.45096],[-86.44305,41.45135],[-86.43671,41.44726],[-86.20978,41.44906],[-86.19116,41.45967],[-86.1459,41.46043],[-86.12886,41.45322],[-86.10059,41.45275],[-86.08361,41.44741],[-85.99965,41.44363],[-85.92444,41.44335],[-85.91442,41.44583],[-85.9069,41.44687],[-85.89247,41.44941],[-85.55591,41.45238],[-85.54774,41.45341],[-85.51501,41.45984],[-85.50624,41.4576],[-85.47891,41.45653],[-85.46818,41.45292],[-85.41051,41.45352],[-85.40611,41.45124],[-85.39986,41.45363],[-85.25247,41.45175],[-85.21957,41.44388],[-85.19628,41.44408],[-85.17993,41.43671],[-85.04093,41.43919],[-85.02265,41.43276],[-85.00507,41.43381],[-84.99564,41.42966],[-84.87151,41.43043],[-84.8508,41.43101],[-84.80405,41.43871]]},
"properties":{"name":"U.S. Route 6 in Indiana","stroke":"#cc0000","stroke-width":3,"fill-opacity":0,"tessellate":"1","extrude":"0","visibility":"-1"}},
{"type":"Feature","geometry":{"type":"LineString","coordinates":[[-84.80404,41.43873],[-84.74808,41.44794],[-84.7481,41.44873],[-84.7431,41.44875],[-84.74299,41.44807],[-84.73518,41.44793],[-84.69089,41.44822],[-84.68544,41.44762],[-84.68225,41.44688],[-84.67257,41.44342],[-84.66971,41.44267],[-84.66662,41.44209],[-84.64871,41.44128],[-84.27449,41.44216],[-84.27049,41.44145],[-84.25925,41.43833],[-84.20741,41.4298],[-84.20522,41.42906],[-84.18024,41.41072],[-84.17698,41.40892],[-84.14797,41.39646],[-84.13214,41.40821],[-84.12862,41.40975],[-84.12514,41.41081],[-84.09141,41.41654],[-84.08695,41.41696],[-84.06901,41.41712],[-84.06639,41.41701],[-84.06437,41.41628],[-84.0627,41.41496],[-84.05253,41.40052],[-84.0521,41.39833],[-84.05231,41.3757],[-84.05175,41.37415],[-84.05103,41.37303],[-84.04987,41.37206],[-84.04828,41.37132],[-84.04618,41.37077],[-83.9991,41.3709],[-83.99356,41.37129],[-83.72646,41.37225],[-83.71577,41.37193],[-83.71281,41.37122],[-83.71049,41.37003],[-83.68998,41.35396],[-83.68753,41.35235],[-83.68423,41.35096],[-83.68101,41.35006],[-83.67642,41.34951],[-83.63964,41.34877],[-83.63475,41.34916],[-83.61719,41.35206],[-83.61243,41.35228],[-83.59402,41.35196],[-83.59016,41.35225],[-83.58732,41.35276],[-83.58419,41.35373],[-83.56638,41.36162],[-83.56334,41.36214],[-83.53772,41.36196],[-83.51235,41.36212],[-83.50999,41.36172],[-83.50849,41.36095],[-83.50343,41.35669],[-83.50223,41.35579],[-83.50107,41.35531],[-83.49905,41.35505],[-83.47416,41.3556],[-83.47141,41.35515],[-83.43927,41.34204],[-83.43707,41.34129],[-83.33043,41.34102],[-83.22541,41.34155],[-83.18731,41.34217],[-83.16778,41.3421],[-83.16755,41.34433],[-83.16708,41.34567],[-83.1657,41.34802],[-83.16545,41.35008],[-83.16541,41.35891],[-83.16493,41.36048],[-83.16206,41.36458],[-83.1603,41.36657],[-83.15794,41.36792],[-83.15515,41.36867],[-83.11219,41.36783],[-83.08915,41.36464],[-83.08743,41.36403],[-83.08567,41.36287],[-83.03404,41.39227],[-83.03164,41.39343],[-83.03009,41.39372],[-83.02482,41.39333],[-83.0234,41.39356],[-83.00816,41.39797],[-83.0025,41.40057],[-82.98053,41.4083],[-82.97808,41.40853],[-82.97362,41.40848],[-82.95276,41.40917],[-82.93353,41.40833],[-82.91753,41.40859],[-82.91633,41.40875],[-82.83247,41.43552],[-82.82916,41.4354],[-82.81809,41.43958],[-82.81616,41.44067],[-82.80925,41.44276],[-82.78724,41.44029],[-82.7829,41.44077],[-82.7787,41.44154],[-82.77428,41.44276],[-82.77273,41.44363],[-82.77041,41.44579],[-82.76565,41.44289],[-82.74694,41.44115],[-82.74608,41.44058],[-82.74548,41.43945],[-82.74406,41.439],[-82.74252,41.43903],[-82.73745,41.43839],[-82.73569,41.43871],[-82.72068,41.45174],[-82.70943,41.4554],[-82.70913,41.45512],[-82.70184,41.45228],[-82.69896,41.44749],[-82.69317,41.44482],[-82.68742,41.4426],[-82.68072,41.44173],[-82.67768,41.4407],[-82.65587,41.43089],[-82.61914,41.41358],[-82.61746,41.41293],[-82.61506,41.41271],[-82.61171,41.41133],[-82.60747,41.40917],[-82.59588,41.40663],[-82.59133,41.40779],[-82.59133,41.40573],[-82.58899,41.40424],[-82.57639,41.39968],[-82.56648,41.39569],[-82.56296,41.3942],[-82.55734,41.39089],[-82.5554,41.39005],[-82.55369,41.38976],[-82.54163,41.38895],[-82.5336,41.3876],[-82.52596,41.38702],[-82.51704,41.38396],[-82.50996,41.38045],[-82.5073,41.37974],[-82.49026,41.37797],[-82.4882,41.37817],[-82.47489,41.38142],[-82.46794,41.38264],[-82.46584,41.38267],[-82.45455,41.38509],[-82.43975,41.39188],[-82.43722,41.39366],[-82.42649,41.39832],[-82.42533,41.39855],[-82.42258,41.40038],[-82.41984,41.40186],[-82.40529,41.40766],[-82.39919,41.41126],[-82.39671,41.41255],[-82.38113,41.4167],[-82.37735,41.41793],[-82.3743,41.4195],[-82.3713,41.42169],[-82.36898,41.42211],[-82.36001,41.42195],[-82.35576,41.42275],[-82.35199,41.42452],[-82.34967,41.42504],[-82.30542,41.42478],[-82.30259,41.42504],[-82.28405,41.42752],[-82.27744,41.42903],[-82.2738,41.42945],[-82.26504,41.43099],[-82.25298,41.43418],[-82.24951,41.43533],[-82.2453,41.43749],[-82.24238,41.43826],[-82.23547,41.44084],[-82.22839,41.44473],[-82.22513,41.44585],[-82.22363,41.44659],[-82.22165,41.44897],[-82.22054,41.44975],[-82.21715,41.4509],[-82.20217,41.45888],[-82.18513,41.46676],[-82.17814,41.46831],[-82.17385,41.47081],[-82.11265,41.48965],[-82.07518,41.49817],[-82.04613,41.50534],[-82.02098,41.51264],[-82.01836,41.51315],[-82.01364,41.51312],[-82.00223,41.51395],[-81.99455,41.51276],[-81.98219,41.50878],[-81.97309,41.50544],[-81.96901,41.50444],[-81.95657,41.49628],[-81.95245,41.49428],[-81.94687,41.49242],[-81.94077,41.49091],[-81.92889,41.48891],[-81.92532,41.48882],[-81.91498,41.48814],[-81.9073,41.48695],[-81.89833,41.48493],[-81.87726,41.48184],[-81.8731,41.48152],[-81.86267,41.48159],[-81.85975,41.48078],[-81.85765,41.48101],[-81.84447,41.48377],[-81.83773,41.48361],[-81.83602,41.48406],[-81.82585,41.49036],[-81.82361,41.49097],[-81.80645,41.49187],[-81.79542,41.49167],[-81.78278,41.49085],[-81.76874,41.48752],[-81.74879,41.4839],[-81.74445,41.48576],[-81.73862,41.48742],[-81.73142,41.49078],[-81.72966,41.49149],[-81.72882,41.49166],[-81.72776,41.49159],[-81.72677,41.4913],[-81.72613,41.49097],[-81.72506,41.49009],[-81.72393,41.48954],[-81.7182,41.48848],[-81.71644,41.48841],[-81.71529,41.4886],[-81.71369,41.48921],[-81.71164,41.49059],[-81.70955,41.49158],[-81.70791,41.49198],[-81.70737,41.49142],[-81.70631,41.49187],[-81.69865,41.4971],[-81.67863,41.50733],[-81.65191,41.5179],[-81.60337,41.52299],[-81.58954,41.52309],[-81.58357,41.52896],[-81.57339,41.53844],[-81.56564,41.54623],[-81.54779,41.55855],[-81.54074,41.56397],[-81.53561,41.56856],[-81.53199,41.56883],[-81.52965,41.56801],[-81.52638,41.56754],[-81.52325,41.56733],[-81.51865,41.56735],[-81.51503,41.56769],[-81.51073,41.56969],[-81.49723,41.57488],[-81.49477,41.57687],[-81.49422,41.57769],[-81.49397,41.57861],[-81.49352,41.57912],[-81.48836,41.5821],[-81.48601,41.58274],[-81.47385,41.58449],[-81.46118,41.58355],[-81.45116,41.58392],[-81.44967,41.58424],[-81.44432,41.58697],[-81.43417,41.58837],[-81.41885,41.58985],[-81.41724,41.58965],[-81.41316,41.58822],[-81.4115,41.58788],[-81.39795,41.58778],[-81.39646,41.58762],[-81.39494,41.58723],[-81.39125,41.58574],[-81.3891,41.58507],[-81.38428,41.58394],[-81.37603,41.58371],[-81.3659,41.58396],[-81.34516,41.58378],[-81.31375,41.57828],[-81.30398,41.5771],[-81.3006,41.57717],[-81.2973,41.57693],[-81.29408,41.57792],[-81.28256,41.58012],[-81.277,41.58291],[-81.26685,41.5875],[-81.24539,41.58053],[-81.20278,41.58096],[-81.2028,41.58346],[-81.19102,41.58362],[-81.18788,41.58463],[-81.18043,41.58889],[-81.14675,41.60404],[-81.14308,41.60688],[-81.05823,41.60735],[-81.00292,41.60715],[-80.99228,41.60571],[-80.90712,41.6057],[-80.8957,41.60541],[-80.88367,41.60534],[-80.81435,41.60568],[-80.72998,41.6048],[-80.71441,41.60687],[-80.63718,41.60692],[-80.57132,41.60716],[-80.57152,41.64065],[-80.57139,41.6414],[-80.5703,41.64382],[-80.57009,41.64477],[-80.57069,41.71448],[-80.51941,41.71473]]},
"properties":{"name":"U.S. Route 6 in Ohio","stroke":"#cc0000","stroke-width":3,"fill-opacity":0,"tessellate":"1","extrude":"0","visibility":"-1"}},
{"type":"Feature","geometry":{"type":"LineString","coordinates":[[-80.51941,41.71474],[-80.51462,41.71312],[-80.51199,41.71236],[-80.50997,41.71201],[-80.50892,41.71161],[-80.50786,41.71091],[-80.49442,41.69851],[-80.49035,41.69115],[-80.48665,41.68327],[-80.48584,41.68221],[-80.48459,41.68134],[-80.47027,41.67286],[-80.46878,41.67239],[-80.46324,41.67154],[-80.45426,41.67072],[-80.44191,41.66685],[-80.44063,41.66632],[-80.43241,41.66161],[-80.42427,41.65627],[-80.40354,41.65592],[-80.38851,41.63502],[-80.38675,41.63221],[-80.38605,41.63156],[-80.38518,41.63123],[-80.3833,41.63104],[-80.38224,41.63069],[-80.36839,41.62288],[-80.35161,41.61887],[-80.34402,41.61653],[-80.33949,41.61458],[-80.33384,41.61185],[-80.33028,41.60967],[-80.31844,41.605],[-80.31332,41.60349],[-80.29719,41.60316],[-80.29362,41.60346],[-80.29082,41.60423],[-80.28345,41.60709],[-80.27903,41.60924],[-80.27687,41.61009],[-80.26854,41.61242],[-80.26476,41.61325],[-80.26044,41.614],[-80.2522,41.61465],[-80.24357,41.61426],[-80.24172,41.61437],[-80.22918,41.61695],[-80.21813,41.61953],[-80.20113,41.62311],[-80.19674,41.62466],[-80.19224,41.62543],[-80.19018,41.6252],[-80.18601,41.62348],[-80.18411,41.62299],[-80.17265,41.62138],[-80.16615,41.62014],[-80.16416,41.6203],[-80.16198,41.62077],[-80.16058,41.62125],[-80.15906,41.62229],[-80.15843,41.62316],[-80.15636,41.62843],[-80.15659,41.62947],[-80.1578,41.63126],[-80.15819,41.63276],[-80.15818,41.63354],[-80.15574,41.64601],[-80.15583,41.64858],[-80.15632,41.65127],[-80.15842,41.65622],[-80.15969,41.65812],[-80.16438,41.66373],[-80.16567,41.66552],[-80.16753,41.66873],[-80.16929,41.67286],[-80.16952,41.67432],[-80.16913,41.67583],[-80.1685,41.67694],[-80.16712,41.67879],[-80.16621,41.68048],[-80.16451,41.6844],[-80.16323,41.68647],[-80.159,41.69183],[-80.15135,41.70013],[-80.14785,41.7054],[-80.14534,41.70841],[-80.14487,41.70929],[-80.14467,41.71051],[-80.14495,41.71195],[-80.14642,41.71462],[-80.14846,41.71893],[-80.14899,41.72332],[-80.14884,41.72525],[-80.14844,41.72691],[-80.14803,41.72785],[-80.14405,41.73198],[-80.14287,41.7345],[-80.1419,41.7359],[-80.1409,41.73694],[-80.13924,41.73823],[-80.13708,41.73942],[-80.12911,41.7428],[-80.12428,41.74402],[-80.12338,41.74462],[-80.12256,41.74557],[-80.12214,41.74644],[-80.12187,41.74979],[-80.12146,41.75096],[-80.12047,41.75215],[-80.11783,41.75375],[-80.11603,41.75709],[-80.11589,41.75846],[-80.11703,41.76373],[-80.11669,41.76464],[-80.11524,41.76678],[-80.11435,41.76908],[-80.1133,41.77057],[-80.11321,41.77286],[-80.10834,41.77275],[-80.10789,41.77288],[-80.10764,41.77322],[-80.10762,41.77525],[-80.10743,41.77579],[-80.10487,41.78001],[-80.10425,41.78059],[-80.10313,41.78107],[-80.09503,41.78364],[-80.09423,41.78428],[-80.08545,41.79347],[-80.08444,41.79429],[-80.08209,41.79527],[-80.07943,41.79608],[-80.07503,41.79674],[-80.06205,41.80227],[-80.05743,41.80398],[-80.05706,41.80373],[-80.05638,41.80429],[-80.05304,41.80851],[-80.05132,41.80982],[-80.05087,41.81034],[-80.04938,41.81379],[-80.04806,41.81633],[-80.04486,41.82174],[-80.042,41.82523],[-80.03891,41.82968],[-80.03588,41.83317],[-80.03127,41.83925],[-80.03095,41.83981],[-80.03018,41.84228],[-80.01124,41.86902],[-80.0099,41.87032],[-80.00571,41.87323],[-80.00475,41.87423],[-80.00062,41.88226],[-79.99814,41.88208],[-79.98961,41.8795],[-79.98846,41.879],[-79.98369,41.87625],[-79.98228,41.87579],[-79.98097,41.87579],[-79.97779,41.87653],[-79.97159,41.87659],[-79.97051,41.87681],[-79.94304,41.8768],[-79.9396,41.87772],[-79.93595,41.87952],[-79.93361,41.87994],[-79.92745,41.87992],[-79.92372,41.87954],[-79.91977,41.87947],[-79.90899,41.87847],[-79.89244,41.87809],[-79.89064,41.87782],[-79.88141,41.87234],[-79.87977,41.87196],[-79.87823,41.87195],[-79.87637,41.8724],[-79.86223,41.87934],[-79.8485,41.89104],[-79.84878,41.89415],[-79.84842,41.89531],[-79.84536,41.89858],[-79.84537,41.89954],[-79.83175,41.90036],[-79.82669,41.90319],[-79.81894,41.90533],[-79.81628,41.90703],[-79.81546,41.90723],[-79.81263,41.90739],[-79.80868,41.9079],[-79.80775,41.90848],[-79.8054,41.91116],[-79.80435,41.912],[-79.798,41.91449],[-79.7953,41.91661],[-79.79096,41.91869],[-79.78421,41.91905],[-79.77462,41.92103],[-79.75323,41.91849],[-79.7288,41.91795],[-79.70154,41.91777],[-79.69976,41.91822],[-79.69208,41.92108],[-79.68752,41.92397],[-79.68073,41.92751],[-79.67121,41.93103],[-79.65284,41.93586],[-79.65016,41.93629],[-79.64325,41.93652],[-79.63298,41.93622],[-79.62771,41.93516],[-79.6224,41.93344],[-79.6193,41.93275],[-79.61668,41.93246],[-79.60834,41.93226],[-79.607,41.9324],[-79.60307,41.9334],[-79.58805,41.93791],[-79.58579,41.93831],[-79.58131,41.93838],[-79.58076,41.93819],[-79.57992,41.9376],[-79.57916,41.93744],[-79.57468,41.93759],[-79.56596,41.9374],[-79.55984,41.93767],[-79.55639,41.93888],[-79.55476,41.93918],[-79.52701,41.93898],[-79.52508,41.9386],[-79.5201,41.93695],[-79.51875,41.93623],[-79.51237,41.93215],[-79.50693,41.93063],[-79.4991,41.93054],[-79.49701,41.93091],[-79.49194,41.93241],[-79.48993,41.93282],[-79.48714,41.933],[-79.48357,41.93274],[-79.47907,41.93077],[-79.47441,41.92969],[-79.46946,41.92714],[-79.46034,41.92594],[-79.45524,41.92435],[-79.45311,41.92316],[-79.44715,41.91873],[-79.43871,41.91452],[-79.43609,41.91266],[-79.42533,41.90155],[-79.41954,41.89743],[-79.4178,41.89575],[-79.41428,41.88954],[-79.41181,41.88601],[-79.41116,41.88478],[-79.41097,41.88396],[-79.41104,41.88301],[-79.41245,41.87918],[-79.41238,41.87854],[-79.412,41.87793],[-79.41087,41.87664],[-79.39831,41.865],[-79.39623,41.86065],[-79.39424,41.85571],[-79.3921,41.85105],[-79.38508,41.84022],[-79.37936,41.83592],[-79.37724,41.83489],[-79.37569,41.83456],[-79.3744,41.83448],[-79.37214,41.83481],[-79.34241,41.84542],[-79.33892,41.84648],[-79.33287,41.84774],[-79.32542,41.84852],[-79.31956,41.8497],[-79.31747,41.84989],[-79.31471,41.84973],[-79.30305,41.84742],[-79.30155,41.84729],[-79.2978,41.8474],[-79.28366,41.84836],[-79.28035,41.84813],[-79.27741,41.8474],[-79.26899,41.84445],[-79.26691,41.84336],[-79.26409,41.84129],[-79.2632,41.84095],[-79.26211,41.84082],[-79.26046,41.84111],[-79.25389,41.84448],[-79.24449,41.84796],[-79.2424,41.84845],[-79.23978,41.84847],[-79.23188,41.8467],[-79.22603,41.8458],[-79.20789,41.84053],[-79.18573,41.83803],[-79.18369,41.83801],[-79.17981,41.8384],[-79.17861,41.83828],[-79.17693,41.83759],[-79.17353,41.83476],[-79.17146,41.83418],[-79.16938,41.83439],[-79.15763,41.83709],[-79.15303,41.83752],[-79.147,41.83751],[-79.14395,41.83658],[-79.14027,41.83452],[-79.13855,41.83341],[-79.13737,41.83233],[-79.13571,41.83157],[-79.13227,41.82936],[-79.12933,41.82671],[-79.12861,41.82646],[-79.1262,41.8261],[-79.12237,41.82437],[-79.12042,41.82402],[-79.11715,41.82267],[-79.10836,41.81963],[-79.10653,41.81882],[-79.10507,41.81785],[-79.10052,41.81319],[-79.09502,41.80951],[-79.09415,41.8085],[-79.09372,41.80767],[-79.09348,41.80675],[-79.09347,41.80581],[-79.09373,41.80477],[-79.09424,41.80379],[-79.09505,41.80288],[-79.10068,41.79805],[-79.10328,41.79478],[-79.10388,41.79311],[-79.10378,41.7916],[-79.10327,41.78934],[-79.10285,41.78837],[-79.10209,41.78722],[-79.10086,41.78598],[-79.09254,41.77933],[-79.08947,41.77706],[-79.08637,41.77347],[-79.08167,41.76737],[-79.08101,41.76567],[-79.08019,41.76283],[-79.07926,41.75632],[-79.0786,41.75534],[-79.07685,41.75376],[-79.07258,41.75103],[-79.07086,41.74972],[-79.06569,41.74506],[-79.06423,41.74333],[-79.06316,41.74113],[-79.06126,41.73387],[-79.06006,41.73182],[-79.04531,41.71533],[-79.04465,41.71424],[-79.0436,41.71163],[-79.04246,41.71023],[-79.0389,41.70652],[-79.03572,41.70406],[-79.03514,41.7038],[-79.03231,41.70338],[-79.03096,41.70337],[-79.02022,41.70525],[-79.01874,41.70538],[-79.01583,41.70518],[-79.00802,41.70332],[-79.00641,41.7031],[-79.00304,41.70324],[-79.00007,41.70411],[-78.99602,41.70646],[-78.99072,41.70916],[-78.98875,41.71187],[-78.98742,41.713],[-78.98195,41.71529],[-78.97939,41.71594],[-78.97523,41.71812],[-78.97453,41.71881],[-78.97325,41.72057],[-78.97247,41.72118],[-78.97067,41.72212],[-78.96865,41.7246],[-78.96823,41.72559],[-78.96798,41.72698],[-78.96783,41.72812],[-78.96783,41.7308],[-78.96759,41.73208],[-78.96672,41.7341],[-78.96552,41.73572],[-78.96402,41.73692],[-78.95988,41.73869],[-78.95853,41.73905],[-78.95711,41.73904],[-78.95593,41.73877],[-78.95505,41.73835],[-78.95062,41.73471],[-78.94814,41.73343],[-78.94782,41.73303],[-78.94682,41.73064],[-78.94528,41.72952],[-78.94393,41.72787],[-78.94083,41.72614],[-78.9395,41.72568],[-78.93612,41.72534],[-78.93254,41.72564],[-78.93078,41.7253],[-78.92847,41.72376],[-78.92705,41.72209],[-78.9263,41.72156],[-78.92415,41.72082],[-78.92154,41.72036],[-78.92074,41.72003],[-78.91745,41.71653],[-78.91407,41.71433],[-78.91228,41.71238],[-78.91116,41.71154],[-78.91035,41.71118],[-78.90248,41.70888],[-78.88533,41.7027],[-78.88323,41.70175],[-78.88073,41.69999],[-78.87518,41.69448],[-78.87226,41.69272],[-78.86896,41.69164],[-78.86548,41.69122],[-78.86299,41.69131],[-78.8525,41.69271],[-78.85067,41.69254],[-78.84875,41.69182],[-78.83472,41.68204],[-78.82886,41.67857],[-78.82267,41.67337],[-78.82161,41.67291],[-78.82045,41.67264],[-78.81651,41.6723],[-78.8156,41.67197],[-78.81451,41.67131],[-78.81394,41.67068],[-78.81298,41.66876],[-78.81204,41.66665],[-78.81114,41.66394],[-78.811,41.6591],[-78.80879,41.65974],[-78.80819,41.65869],[-78.80795,41.65857],[-78.80291,41.65986],[-78.79788,41.66073],[-78.78925,41.66411],[-78.788,41.66436],[-78.78061,41.66469],[-78.77706,41.66537],[-78.77542,41.66596],[-78.77327,41.66707],[-78.76605,41.67234],[-78.76472,41.67288],[-78.76213,41.67349],[-78.75914,41.67355],[-78.7569,41.67303],[-78.75392,41.67155],[-78.75182,41.66938],[-78.75088,41.66874],[-78.74909,41.66822],[-78.74764,41.66827],[-78.73727,41.67092],[-78.73436,41.67145],[-78.73275,41.67204],[-78.72601,41.67742],[-78.72459,41.67912],[-78.72402,41.6802],[-78.72257,41.68448],[-78.72188,41.68533],[-78.71998,41.68673],[-78.71901,41.68792],[-78.7185,41.69002],[-78.7187,41.6927],[-78.71856,41.69339],[-78.71829,41.69408],[-78.71642,41.69699],[-78.71566,41.69753],[-78.71336,41.69858],[-78.71214,41.69902],[-78.71056,41.69913],[-78.70942,41.69943],[-78.705,41.70153],[-78.70089,41.70284],[-78.69675,41.70471],[-78.69507,41.70675],[-78.69366,41.70888],[-78.6913,41.71362],[-78.68824,41.7177],[-78.68631,41.71927],[-78.68331,41.72113],[-78.67905,41.72286],[-78.67732,41.72339],[-78.67496,41.72372],[-78.66664,41.72431],[-78.6622,41.72404],[-78.65368,41.72486],[-78.64896,41.72394],[-78.64752,41.72376],[-78.64538,41.72379],[-78.64358,41.72405],[-78.64164,41.7247],[-78.63787,41.72544],[-78.63367,41.72572],[-78.62695,41.72491],[-78.62244,41.72407],[-78.61851,41.72359],[-78.61596,41.72308],[-78.61504,41.72267],[-78.61194,41.72001],[-78.61079,41.71822],[-78.60841,41.71761],[-78.60542,41.71639],[-78.60322,41.71494],[-78.60034,41.71356],[-78.59785,41.71209],[-78.59519,41.70925],[-78.59359,41.70631],[-78.5924,41.70549],[-78.59059,41.70508],[-78.5866,41.70486],[-78.58161,41.70588],[-78.57573,41.70645],[-78.57038,41.7082],[-78.5669,41.71005],[-78.55114,41.72219],[-78.54935,41.72384],[-78.54619,41.72636],[-78.54227,41.72919],[-78.53799,41.73436],[-78.53446,41.73951],[-78.5279,41.74686],[-78.52376,41.75543],[-78.5216,41.76154],[-78.52066,41.76347],[-78.51851,41.76582],[-78.51313,41.77076],[-78.50979,41.7743],[-78.50609,41.77767],[-78.49234,41.78652],[-78.48908,41.7881],[-78.488,41.78834],[-78.48259,41.78831],[-78.48035,41.78872],[-78.47263,41.79059],[-78.46842,41.79231],[-78.46697,41.79331],[-78.45793,41.80059],[-78.45274,41.80442],[-78.45225,41.80522],[-78.45161,41.80953],[-78.44287,41.80961],[-78.43489,41.81189],[-78.43086,41.8102],[-78.4297,41.80989],[-78.42471,41.80982],[-78.42026,41.80884],[-78.41881,41.80874],[-78.41733,41.80911],[-78.40758,41.81259],[-78.40523,41.81393],[-78.40384,41.81561],[-78.4027,41.81661],[-78.39704,41.81959],[-78.38339,41.82477],[-78.38233,41.82494],[-78.38057,41.82476],[-78.37445,41.82283],[-78.37065,41.82076],[-78.36951,41.82049],[-78.3681,41.82044],[-78.36622,41.82083],[-78.3634,41.82235],[-78.36211,41.82284],[-78.3491,41.82599],[-78.34667,41.82637],[-78.3417,41.82676],[-78.33858,41.828],[-78.33746,41.82822],[-78.33452,41.82832],[-78.32665,41.82917],[-78.31692,41.82913],[-78.31051,41.82829],[-78.30849,41.82783],[-78.30677,41.82673],[-78.3052,41.82444],[-78.30457,41.82378],[-78.30083,41.82082],[-78.29928,41.81938],[-78.2974,41.81849],[-78.29578,41.81825],[-78.29442,41.81834],[-78.28696,41.82011],[-78.28602,41.81905],[-78.28324,41.81473],[-78.28012,41.81086],[-78.27919,41.80841],[-78.27767,41.80604],[-78.27703,41.80542],[-78.27574,41.80484],[-78.27012,41.8032],[-78.23891,41.79014],[-78.23693,41.78983],[-78.23515,41.78992],[-78.23178,41.79067],[-78.22729,41.79224],[-78.22507,41.79259],[-78.21467,41.79289],[-78.21337,41.79268],[-78.21213,41.79225],[-78.20427,41.78743],[-78.20312,41.78702],[-78.20192,41.78687],[-78.20047,41.78704],[-78.19915,41.78756],[-78.19611,41.79018],[-78.19486,41.79094],[-78.19352,41.79145],[-78.19244,41.79171],[-78.19078,41.79185],[-78.18472,41.79162],[-78.17463,41.78969],[-78.17231,41.78881],[-78.16083,41.78365],[-78.15831,41.78299],[-78.1517,41.78209],[-78.14974,41.78161],[-78.1478,41.78089],[-78.14399,41.77882],[-78.14256,41.77821],[-78.14061,41.77783],[-78.13578,41.77763],[-78.13393,41.77718],[-78.13251,41.77651],[-78.13105,41.77528],[-78.12716,41.7693],[-78.12626,41.76836],[-78.12491,41.76747],[-78.12395,41.76707],[-78.11966,41.76604],[-78.11887,41.76565],[-78.11126,41.75858],[-78.11007,41.75701],[-78.10877,41.75563],[-78.10541,41.75305],[-78.10296,41.75189],[-78.10005,41.75103],[-78.09555,41.74871],[-78.08874,41.7449],[-78.08283,41.74225],[-78.08167,41.74196],[-78.08001,41.74196],[-78.07817,41.74259],[-78.0757,41.74447],[-78.072,41.7481],[-78.06866,41.75],[-78.06646,41.75056],[-78.06324,41.7509],[-78.06035,41.75063],[-78.05798,41.75066],[-78.05682,41.7509],[-78.0556,41.75143],[-78.05473,41.75199],[-78.05427,41.75262],[-78.05414,41.75382],[-78.05434,41.75649],[-78.05403,41.75713],[-78.05332,41.7577],[-78.04804,41.75958],[-78.04534,41.76125],[-78.04399,41.76184],[-78.03436,41.76406],[-78.0301,41.76703],[-78.02552,41.7697],[-78.02461,41.76979],[-78.02142,41.76963],[-78.02099,41.77459],[-78.01325,41.7743],[-78.00441,41.77497],[-77.99907,41.77581],[-77.99612,41.77535],[-77.99131,41.77517],[-77.98842,41.7748],[-77.98207,41.7719],[-77.97963,41.77061],[-77.97389,41.76623],[-77.96971,41.76349],[-77.96719,41.76261],[-77.96416,41.76203],[-77.95561,41.75857],[-77.95283,41.7578],[-77.9497,41.75598],[-77.94845,41.75548],[-77.93942,41.75349],[-77.93495,41.75308],[-77.93301,41.75306],[-77.93015,41.75335],[-77.92733,41.75404],[-77.92511,41.7549],[-77.9215,41.7568],[-77.91984,41.75731],[-77.918,41.75737],[-77.91251,41.75689],[-77.90844,41.75714],[-77.90411,41.75711],[-77.90283,41.75732],[-77.90092,41.7582],[-77.89806,41.76107],[-77.89658,41.76178],[-77.89224,41.76243],[-77.88754,41.76244],[-77.88496,41.76297],[-77.88301,41.76378],[-77.87063,41.7698],[-77.86376,41.7721],[-77.86208,41.77326],[-77.8594,41.77609],[-77.85835,41.77675],[-77.85751,41.77703],[-77.85602,41.77718],[-77.85478,41.777],[-77.84704,41.77426],[-77.84504,41.77374],[-77.84225,41.77346],[-77.8396,41.77364],[-77.83754,41.77412],[-77.83623,41.7746],[-77.82069,41.78119],[-77.81932,41.78146],[-77.81788,41.78149],[-77.80869,41.78063],[-77.80654,41.78075],[-77.80464,41.78132],[-77.79428,41.78554],[-77.79305,41.78612],[-77.79078,41.78752],[-77.78898,41.78824],[-77.78742,41.78857],[-77.7791,41.78957],[-77.77643,41.78968],[-77.76397,41.78928],[-77.75708,41.78671],[-77.75451,41.78608],[-77.74946,41.78528],[-77.73993,41.782],[-77.73394,41.78119],[-77.72905,41.77918],[-77.72471,41.77787],[-77.72251,41.77747],[-77.71526,41.77703],[-77.71346,41.77669],[-77.70846,41.77375],[-77.70684,41.77299],[-77.69784,41.77011],[-77.69237,41.76691],[-77.69109,41.76564],[-77.68809,41.76118],[-77.68718,41.76013],[-77.68547,41.75881],[-77.67925,41.75521],[-77.67767,41.75414],[-77.67156,41.74705],[-77.66967,41.74534],[-77.66802,41.74452],[-77.66316,41.74294],[-77.66038,41.74103],[-77.6551,41.73847],[-77.6526,41.73762],[-77.65056,41.73722],[-77.64709,41.73566],[-77.64566,41.7354],[-77.64359,41.73548],[-77.64201,41.73605],[-77.64126,41.73658],[-77.63873,41.73768],[-77.63635,41.73828],[-77.62883,41.73908],[-77.62705,41.73912],[-77.62344,41.73885],[-77.62064,41.73905],[-77.61828,41.7398],[-77.61372,41.74243],[-77.61279,41.74278],[-77.60786,41.74354],[-77.59914,41.74573],[-77.59253,41.74594],[-77.58164,41.74749],[-77.57176,41.75],[-77.5605,41.75219],[-77.55944,41.75225],[-77.55835,41.75208],[-77.55074,41.74954],[-77.5408,41.7475],[-77.53789,41.74743],[-77.53643,41.74774],[-77.53529,41.74827],[-77.53425,41.7491],[-77.53101,41.75239],[-77.52727,41.75432],[-77.5258,41.75461],[-77.52167,41.75478],[-77.51694,41.75557],[-77.51341,41.75572],[-77.50972,41.7553],[-77.50783,41.75488],[-77.50654,41.75436],[-77.50264,41.75224],[-77.50126,41.75171],[-77.49716,41.75141],[-77.49373,41.75056],[-77.49178,41.75031],[-77.48983,41.75032],[-77.4847,41.75104],[-77.48281,41.75096],[-77.47542,41.74948],[-77.47326,41.74855],[-77.47168,41.74757],[-77.46951,41.7455],[-77.46779,41.74439],[-77.4622,41.74276],[-77.46122,41.74262],[-77.46026,41.74266],[-77.45752,41.74355],[-77.45424,41.74387],[-77.45194,41.7445],[-77.45003,41.74517],[-77.44688,41.74665],[-77.44406,41.74736],[-77.42923,41.74658],[-77.42788,41.74665],[-77.42604,41.74705],[-77.42502,41.74778],[-77.42281,41.75074],[-77.42008,41.7534],[-77.4127,41.75918],[-77.41048,41.76136],[-77.40507,41.76773],[-77.40225,41.77047],[-77.39973,41.77222],[-77.39746,41.77314],[-77.39503,41.77358],[-77.39352,41.77363],[-77.39198,41.7734],[-77.38677,41.7721],[-77.38222,41.77075],[-77.37909,41.77039],[-77.37731,41.77045],[-77.37231,41.77142],[-77.37093,41.77146],[-77.36508,41.77067],[-77.35899,41.76959],[-77.35323,41.76958],[-77.35229,41.76972],[-77.34698,41.77223],[-77.34516,41.77345],[-77.34411,41.77452],[-77.34263,41.77795],[-77.34105,41.78001],[-77.34055,41.78166],[-77.33949,41.78659],[-77.33878,41.78788],[-77.33732,41.78945],[-77.3355,41.7909],[-77.33422,41.7916],[-77.33279,41.79194],[-77.33076,41.79199],[-77.32809,41.79172],[-77.3206,41.78981],[-77.31124,41.7863],[-77.31057,41.78585],[-77.30996,41.78506],[-77.30967,41.78434],[-77.30961,41.78367],[-77.30997,41.78085],[-77.30994,41.77876],[-77.30855,41.77178],[-77.30778,41.77046],[-77.30359,41.7661],[-77.30271,41.76496],[-77.30201,41.76365],[-77.29972,41.75643],[-77.29904,41.75522],[-77.2974,41.75298],[-77.29738,41.75248],[-77.29786,41.75073],[-77.29941,41.74947],[-77.29875,41.74901],[-77.27925,41.74563],[-77.26245,41.74312],[-77.25798,41.74293],[-77.25484,41.74326],[-77.25273,41.74405],[-77.24678,41.7476],[-77.23262,41.75459],[-77.21374,41.76291],[-77.20875,41.7642],[-77.20038,41.76541],[-77.19788,41.76599],[-77.17408,41.77524],[-77.17127,41.77673],[-77.16318,41.78243],[-77.16107,41.78371],[-77.15901,41.78467],[-77.15662,41.78552],[-77.15435,41.78608],[-77.15232,41.78636],[-77.14943,41.78658],[-77.1367,41.78679],[-77.13386,41.78724],[-77.13135,41.78824],[-77.12356,41.79273],[-77.11166,41.79833],[-77.10112,41.80156],[-77.09536,41.80309],[-77.08683,41.80475],[-77.08331,41.8059],[-77.07608,41.80748],[-77.07563,41.80766],[-77.07443,41.80869],[-77.07223,41.80985],[-77.07049,41.81005],[-77.06942,41.80995],[-77.0682,41.80948],[-77.06672,41.80738],[-77.06602,41.80687],[-77.05869,41.80451],[-77.05191,41.80287],[-77.04939,41.8012],[-77.04685,41.7986],[-77.04623,41.79819],[-77.04263,41.79684],[-77.0391,41.79521],[-77.03307,41.79404],[-77.03204,41.79346],[-77.02937,41.79135],[-77.02854,41.79091],[-77.02118,41.78861],[-77.01806,41.78792],[-77.01488,41.7875],[-77.00654,41.78524],[-76.99565,41.7833],[-76.99475,41.78339],[-76.99074,41.78484],[-76.98646,41.78616],[-76.98482,41.78692],[-76.98314,41.78805],[-76.98185,41.78926],[-76.97998,41.79033],[-76.97784,41.79123],[-76.97703,41.79177],[-76.9699,41.79889],[-76.96859,41.80111],[-76.96722,41.80191],[-76.96605,41.80198],[-76.95717,41.80106],[-76.95623,41.80079],[-76.95477,41.8],[-76.94999,41.79796],[-76.94812,41.79734],[-76.93904,41.79618],[-76.93787,41.79652],[-76.93274,41.79915],[-76.9287,41.79996],[-76.92478,41.80182],[-76.9237,41.80194],[-76.92145,41.80177],[-76.91889,41.80231],[-76.9061,41.80747],[-76.90253,41.80828],[-76.90113,41.80829],[-76.89663,41.80778],[-76.89527,41.80797],[-76.89336,41.8085],[-76.89226,41.80857],[-76.88992,41.80817],[-76.88902,41.80785],[-76.8861,41.80574],[-76.87943,41.80397],[-76.86817,41.80457],[-76.8658,41.80455],[-76.86368,41.8049],[-76.8608,41.80509],[-76.84811,41.80525],[-76.84277,41.80408],[-76.83974,41.80365],[-76.83535,41.80358],[-76.81836,41.8019],[-76.81381,41.80097],[-76.8125,41.80043],[-76.80585,41.79557],[-76.79706,41.79114],[-76.7959,41.79004],[-76.79405,41.78712],[-76.79294,41.78649],[-76.78687,41.78609],[-76.78052,41.78991],[-76.77978,41.79008],[-76.7759,41.79068],[-76.77357,41.79086],[-76.77118,41.79065],[-76.76966,41.79025],[-76.76785,41.78926],[-76.76461,41.78534],[-76.76285,41.78407],[-76.75889,41.782],[-76.75449,41.77935],[-76.75128,41.77774],[-76.73994,41.77269],[-76.73847,41.77161],[-76.73716,41.77028],[-76.7356,41.7695],[-76.73423,41.76927],[-76.7308,41.76927],[-76.72554,41.76855],[-76.72215,41.76747],[-76.71928,41.76565],[-76.71696,41.76493],[-76.71418,41.76382],[-76.71189,41.76345],[-76.70799,41.76245],[-76.70445,41.76231],[-76.70087,41.76273],[-76.69714,41.76223],[-76.69334,41.76236],[-76.68835,41.76226],[-76.68156,41.76277],[-76.67774,41.76289],[-76.67523,41.76321],[-76.66753,41.76528],[-76.66577,41.76562],[-76.66531,41.76559],[-76.66264,41.76452],[-76.66136,41.76441],[-76.65643,41.76512],[-76.65299,41.76641],[-76.65099,41.76687],[-76.64533,41.767],[-76.63982,41.76733],[-76.63847,41.76788],[-76.63458,41.7702],[-76.63119,41.77285],[-76.62165,41.77725],[-76.61931,41.77749],[-76.61428,41.77757],[-76.61226,41.77783],[-76.60915,41.77856],[-76.60599,41.78052],[-76.60525,41.78078],[-76.59702,41.78124],[-76.59129,41.78174],[-76.58512,41.78377],[-76.58397,41.78372],[-76.57316,41.78212],[-76.56586,41.78057],[-76.56433,41.78011],[-76.55674,41.78073],[-76.5553,41.78051],[-76.55251,41.77968],[-76.54727,41.78004],[-76.54511,41.78098],[-76.54227,41.7832],[-76.541,41.7838],[-76.53942,41.78406],[-76.53597,41.78424],[-76.52662,41.78737],[-76.52273,41.78851],[-76.51496,41.78909],[-76.51279,41.78956],[-76.51147,41.79026],[-76.51067,41.79092],[-76.51013,41.79161],[-76.50901,41.79388],[-76.50836,41.79485],[-76.50706,41.79622],[-76.50577,41.79718],[-76.50402,41.79813],[-76.5019,41.79885],[-76.50012,41.79916],[-76.49742,41.79923],[-76.49066,41.79806],[-76.48972,41.79769],[-76.48589,41.79549],[-76.48403,41.79495],[-76.48283,41.79487],[-76.46695,41.79543],[-76.46477,41.79507],[-76.45982,41.79384],[-76.45745,41.79272],[-76.4562,41.79169],[-76.45521,41.79035],[-76.45376,41.78672],[-76.45121,41.78424],[-76.44889,41.7816],[-76.44319,41.77129],[-76.44303,41.76219],[-76.43469,41.76268],[-76.43378,41.76305],[-76.42439,41.76899],[-76.40577,41.77305],[-76.39764,41.77434],[-76.38723,41.77811],[-76.38518,41.77843],[-76.38343,41.77835],[-76.38162,41.77782],[-76.37676,41.77551],[-76.37252,41.77371],[-76.3716,41.77306],[-76.36981,41.77137],[-76.36921,41.77],[-76.36893,41.76831],[-76.36902,41.7667],[-76.36978,41.76305],[-76.36987,41.76189],[-76.36942,41.76108],[-76.36838,41.76037],[-76.36666,41.7601],[-76.3615,41.76049],[-76.36009,41.76037],[-76.35896,41.76006],[-76.35783,41.75954],[-76.35141,41.75532],[-76.35071,41.75471],[-76.34938,41.75304],[-76.34874,41.75257],[-76.34718,41.75173],[-76.34344,41.75032],[-76.34196,41.75006],[-76.33904,41.74985],[-76.33558,41.75003],[-76.32922,41.74894],[-76.32513,41.74883],[-76.32263,41.74819],[-76.31894,41.74642],[-76.31596,41.7455],[-76.31191,41.74521],[-76.308,41.74548],[-76.30628,41.74518],[-76.30542,41.74473],[-76.3046,41.74404],[-76.30072,41.73975],[-76.29914,41.73744],[-76.29751,41.73621],[-76.29659,41.73525],[-76.29619,41.7342],[-76.29618,41.73307],[-76.29672,41.72923],[-76.29658,41.7284],[-76.29625,41.72773],[-76.29566,41.72709],[-76.28772,41.72128],[-76.28687,41.72051],[-76.28574,41.71898],[-76.28319,41.71392],[-76.28221,41.71247],[-76.28102,41.71111],[-76.27661,41.70685],[-76.27573,41.70565],[-76.27525,41.70461],[-76.27482,41.70294],[-76.27494,41.69789],[-76.27454,41.69635],[-76.27284,41.69352],[-76.27241,41.69215],[-76.27161,41.68184],[-76.27142,41.67364],[-76.27104,41.67241],[-76.27055,41.67163],[-76.26839,41.66922],[-76.26617,41.66761],[-76.26316,41.66576],[-76.25381,41.66297],[-76.25288,41.66243],[-76.25212,41.66172],[-76.2479,41.65628],[-76.24529,41.65415],[-76.24431,41.65355],[-76.24255,41.65312],[-76.24103,41.65324],[-76.23612,41.65506],[-76.23403,41.65636],[-76.2248,41.66299],[-76.21941,41.66946],[-76.2181,41.67074],[-76.21163,41.67415],[-76.20933,41.67494],[-76.20278,41.67599],[-76.19965,41.67579],[-76.19602,41.67588],[-76.19439,41.67539],[-76.18988,41.67325],[-76.18384,41.67031],[-76.18247,41.66945],[-76.18114,41.6679],[-76.17936,41.66405],[-76.17839,41.66263],[-76.17717,41.66158],[-76.17228,41.65889],[-76.17043,41.6575],[-76.16921,41.65617],[-76.16651,41.6519],[-76.16563,41.65088],[-76.16191,41.64745],[-76.16086,41.64682],[-76.15061,41.64431],[-76.14896,41.64353],[-76.14716,41.6421],[-76.14447,41.63817],[-76.1434,41.6354],[-76.14286,41.63264],[-76.14281,41.62755],[-76.14243,41.62574],[-76.14208,41.62491],[-76.14159,41.62419],[-76.14007,41.62263],[-76.13349,41.61751],[-76.13064,41.61603],[-76.12735,41.61511],[-76.10631,41.61291],[-76.10453,41.61261],[-76.10238,41.61157],[-76.09887,41.60898],[-76.09786,41.60803],[-76.09554,41.60501],[-76.09488,41.60449],[-76.09366,41.60399],[-76.09184,41.60381],[-76.09015,41.60422],[-76.07455,41.61095],[-76.06816,41.61487],[-76.06706,41.6154],[-76.06506,41.61598],[-76.06374,41.61615],[-76.05928,41.61646],[-76.05696,41.61619],[-76.05282,41.61462],[-76.04978,41.61313],[-76.04892,41.61296],[-76.04493,41.6134],[-76.04084,41.61407],[-76.03841,41.61404],[-76.03653,41.61353],[-76.0326,41.61166],[-76.03089,41.61129],[-76.02808,41.61098],[-76.02618,41.61031],[-76.0228,41.60752],[-76.02071,41.6051],[-76.0199,41.6045],[-76.01808,41.60379],[-76.01511,41.60333],[-76.01418,41.60304],[-76.01286,41.60231],[-76.0119,41.60129],[-76.01133,41.59965],[-76.01082,41.59501],[-76.01059,41.58863],[-76.01029,41.5879],[-76.00917,41.58679],[-76.00797,41.58624],[-76.00619,41.58598],[-75.99956,41.58677],[-75.99288,41.58783],[-75.99019,41.58773],[-75.98789,41.5872],[-75.98087,41.58417],[-75.97748,41.58247],[-75.96493,41.57281],[-75.964,41.57142],[-75.96363,41.56975],[-75.96375,41.5687],[-75.96552,41.56283],[-75.96647,41.56048],[-75.9664,41.5595],[-75.96537,41.55685],[-75.9652,41.5556],[-75.96528,41.55493],[-75.9675,41.54937],[-75.96764,41.54833],[-75.96748,41.54766],[-75.97011,41.54573],[-75.97069,41.54501],[-75.97091,41.54386],[-75.97059,41.54302],[-75.9695,41.54136],[-75.9681,41.54002],[-75.96731,41.53945],[-75.96194,41.53666],[-75.96082,41.53639],[-75.95865,41.53629],[-75.94954,41.53694],[-75.93716,41.53627],[-75.93588,41.53657],[-75.93345,41.53761],[-75.93034,41.53782],[-75.92776,41.53862],[-75.92631,41.53933],[-75.9249,41.54033],[-75.91596,41.54978],[-75.91323,41.55202],[-75.91195,41.55262],[-75.91074,41.55289],[-75.90208,41.55338],[-75.89987,41.55389],[-75.89697,41.55512],[-75.89497,41.55653],[-75.88695,41.56412],[-75.88616,41.5646],[-75.88463,41.56512],[-75.88276,41.56524],[-75.88144,41.56501],[-75.87459,41.56186],[-75.87235,41.56117],[-75.86894,41.56053],[-75.85534,41.55919],[-75.84899,41.55957],[-75.84656,41.55955],[-75.83504,41.55842],[-75.83369,41.55841],[-75.83173,41.55873],[-75.82749,41.55987],[-75.82073,41.56077],[-75.8152,41.56191],[-75.81389,41.5625],[-75.81048,41.56446],[-75.80591,41.56667],[-75.79828,41.56932],[-75.79478,41.56944],[-75.78999,41.56986],[-75.78769,41.56976],[-75.78548,41.56912],[-75.78358,41.56788],[-75.7812,41.56527],[-75.77922,41.5616],[-75.77851,41.56094],[-75.77748,41.56049],[-75.77558,41.56032],[-75.77486,41.56046],[-75.77135,41.56261],[-75.76988,41.56314],[-75.76881,41.56333],[-75.76717,41.56339],[-75.7637,41.56306],[-75.76263,41.56287],[-75.7614,41.56242],[-75.7595,41.56113],[-75.75756,41.55935],[-75.74911,41.54919],[-75.74796,41.54856],[-75.74437,41.54761],[-75.74293,41.54671],[-75.7421,41.54555],[-75.74102,41.54169],[-75.73807,41.53569],[-75.73789,41.53477],[-75.73792,41.53083],[-75.73769,41.52985],[-75.73484,41.52515],[-75.72927,41.52148],[-75.72832,41.52049],[-75.72741,41.51903],[-75.72577,41.51622],[-75.72489,41.51421],[-75.72304,41.50546],[-75.72261,41.50442],[-75.7217,41.50353],[-75.72069,41.50304],[-75.71623,41.50236],[-75.70655,41.4981],[-75.70549,41.49694],[-75.70513,41.49572],[-75.7048,41.49521],[-75.70405,41.49466],[-75.70073,41.49322],[-75.69852,41.49261],[-75.69816,41.49212],[-75.69743,41.4898],[-75.69568,41.48786],[-75.69384,41.48545],[-75.69306,41.48467],[-75.68983,41.48219],[-75.68634,41.48],[-75.6855,41.47905],[-75.68355,41.48066],[-75.68274,41.48246],[-75.68,41.48228],[-75.68158,41.47931],[-75.68201,41.4782],[-75.68199,41.47697],[-75.68149,41.47566],[-75.68069,41.47462],[-75.67636,41.47136],[-75.6748,41.47066],[-75.66989,41.46897],[-75.66872,41.4683],[-75.66781,41.46745],[-75.66719,41.46653],[-75.6669,41.46546],[-75.66686,41.4623],[-75.66659,41.46103],[-75.66544,41.4591],[-75.66443,41.45836],[-75.66286,41.45761],[-75.65253,41.45496],[-75.64698,41.45228],[-75.64551,41.45172],[-75.64126,41.4511],[-75.63976,41.45071],[-75.63195,41.44718],[-75.63064,41.44644],[-75.6296,41.44552],[-75.62888,41.44449],[-75.62849,41.44347],[-75.62842,41.44254],[-75.6295,41.43732],[-75.62949,41.43609],[-75.62907,41.43501],[-75.62827,41.43406],[-75.62707,41.4333],[-75.61269,41.42651],[-75.60958,41.42422],[-75.60784,41.42227],[-75.60641,41.42121],[-75.6045,41.42077],[-75.5995,41.42119],[-75.58766,41.42137],[-75.58559,41.42158],[-75.58418,41.422],[-75.5828,41.42273],[-75.57727,41.42743],[-75.57652,41.42861],[-75.57617,41.43005],[-75.5764,41.43167],[-75.577,41.43283],[-75.57786,41.43378],[-75.58449,41.43891],[-75.58563,41.44018],[-75.58658,41.44199],[-75.58696,41.44346],[-75.58699,41.44504],[-75.5864,41.44718],[-75.58575,41.4484],[-75.58489,41.44949],[-75.5824,41.45143],[-75.55485,41.46525],[-75.55342,41.46645],[-75.55289,41.46735],[-75.55158,41.47101],[-75.55121,41.47168],[-75.55041,41.47261],[-75.54926,41.47344],[-75.54802,41.47401],[-75.54665,41.47436],[-75.54179,41.47484],[-75.54037,41.47532],[-75.5389,41.47618],[-75.53761,41.47757],[-75.53292,41.4861],[-75.53095,41.48924],[-75.52793,41.49356],[-75.52711,41.49508],[-75.52659,41.49675],[-75.52637,41.49886],[-75.52631,41.50213],[-75.52664,41.50518],[-75.52829,41.50894],[-75.52978,41.51111],[-75.53088,41.51309],[-75.53163,41.5149],[-75.5331,41.52207],[-75.53311,41.52517],[-75.53243,41.5273],[-75.52555,41.53527],[-75.52463,41.53671],[-75.52325,41.53969],[-75.52162,41.5413],[-75.5189,41.5426],[-75.50426,41.54688],[-75.50179,41.54776],[-75.49831,41.54957],[-75.49545,41.55179],[-75.49313,41.55456],[-75.48921,41.56126],[-75.48813,41.56423],[-75.48759,41.56786],[-75.48705,41.56976],[-75.48572,41.57198],[-75.48382,41.57383],[-75.48235,41.57483],[-75.48071,41.57564],[-75.47771,41.57659],[-75.4764,41.57684],[-75.47336,41.57706],[-75.4711,41.57673],[-75.46985,41.57611],[-75.46728,41.57432],[-75.46559,41.57371],[-75.46091,41.57317],[-75.45733,41.5736],[-75.45222,41.57492],[-75.45115,41.57533],[-75.45017,41.57596],[-75.44614,41.5794],[-75.4444,41.58026],[-75.43783,41.5808],[-75.43674,41.58053],[-75.43383,41.57932],[-75.43167,41.57905],[-75.43085,41.57916],[-75.42999,41.57953],[-75.42857,41.58092],[-75.42793,41.58129],[-75.42376,41.58242],[-75.42228,41.58237],[-75.42013,41.58127],[-75.41929,41.58109],[-75.41852,41.58113],[-75.41761,41.58143],[-75.41683,41.58194],[-75.41261,41.5868],[-75.41161,41.58743],[-75.4106,41.58781],[-75.4013,41.59028],[-75.37827,41.59332],[-75.37666,41.59318],[-75.37314,41.59245],[-75.3635,41.58951],[-75.36219,41.58924],[-75.36082,41.58936],[-75.35771,41.59024],[-75.35183,41.58998],[-75.34912,41.59034],[-75.34528,41.59149],[-75.34405,41.59157],[-75.34221,41.59139],[-75.34086,41.5909],[-75.33985,41.59018],[-75.33845,41.58836],[-75.33772,41.58689],[-75.33709,41.58601],[-75.3359,41.58498],[-75.33446,41.58424],[-75.33234,41.58371],[-75.32906,41.58342],[-75.32551,41.58343],[-75.32148,41.58293],[-75.32049,41.5825],[-75.31887,41.58106],[-75.3179,41.58056],[-75.3142,41.57999],[-75.30797,41.57803],[-75.3066,41.57802],[-75.30427,41.57861],[-75.3031,41.57865],[-75.30056,41.57845],[-75.29722,41.57758],[-75.29101,41.5777],[-75.28781,41.57729],[-75.28648,41.57751],[-75.28369,41.57848],[-75.27871,41.5792],[-75.2772,41.57922],[-75.27542,41.5788],[-75.26795,41.57569],[-75.26545,41.5745],[-75.26422,41.57427],[-75.26242,41.57464],[-75.25905,41.57677],[-75.25806,41.57704],[-75.25363,41.56854],[-75.25256,41.56878],[-75.2516,41.56841],[-75.25016,41.56597],[-75.23959,41.55542],[-75.23844,41.55448],[-75.23706,41.55365],[-75.23554,41.553],[-75.23374,41.55249],[-75.23204,41.55223],[-75.22988,41.55236],[-75.22453,41.55375],[-75.22312,41.55373],[-75.22174,41.55334],[-75.21965,41.55205],[-75.21647,41.54874],[-75.21332,41.54692],[-75.21035,41.54297],[-75.21016,41.54209],[-75.21081,41.541],[-75.21092,41.54035],[-75.21042,41.5381],[-75.20995,41.53718],[-75.20993,41.53665],[-75.21088,41.53507],[-75.21269,41.53329],[-75.21285,41.53265],[-75.21276,41.53138],[-75.21233,41.53021],[-75.21188,41.52957],[-75.21006,41.52832],[-75.2081,41.52766],[-75.20535,41.52711],[-75.20356,41.52629],[-75.20318,41.52584],[-75.20288,41.52479],[-75.20158,41.52329],[-75.20135,41.52216],[-75.20175,41.52071],[-75.20207,41.52008],[-75.20303,41.51891],[-75.20368,41.51698],[-75.20375,41.51425],[-75.20356,41.51127],[-75.20326,41.51004],[-75.20245,41.50906],[-75.19908,41.50673],[-75.1972,41.50432],[-75.19635,41.5029],[-75.19607,41.50199],[-75.19553,41.49792],[-75.19492,41.49516],[-75.19261,41.49027],[-75.1918,41.48953],[-75.18882,41.4882],[-75.18619,41.48644],[-75.18514,41.48532],[-75.18424,41.48301],[-75.18241,41.48181],[-75.18419,41.47815],[-75.18403,41.47751],[-75.18239,41.47479],[-75.18204,41.47464],[-75.1808,41.47499],[-75.17886,41.47523],[-75.17774,41.47513],[-75.17376,41.47281],[-75.17309,41.47187],[-75.17306,41.4713],[-75.17331,41.47065],[-75.17602,41.4683],[-75.177,41.4667],[-75.1776,41.46632],[-75.18015,41.46539],[-75.18087,41.46476],[-75.18131,41.46381],[-75.18146,41.46069],[-75.18126,41.45618],[-75.18095,41.45494],[-75.17835,41.44896],[-75.17842,41.44815],[-75.17943,41.44563],[-75.17935,41.44495],[-75.17905,41.44425],[-75.1785,41.44359],[-75.17756,41.44334],[-75.1749,41.44352],[-75.17355,41.4434],[-75.16573,41.44137],[-75.16195,41.4401],[-75.15899,41.43976],[-75.15765,41.43945],[-75.15615,41.43859],[-75.15433,41.43637],[-75.1534,41.43585],[-75.15147,41.43535],[-75.14803,41.4356],[-75.14625,41.43507],[-75.14506,41.4341],[-75.14351,41.4317],[-75.14188,41.43058],[-75.13821,41.42943],[-75.13418,41.42783],[-75.12803,41.42677],[-75.12123,41.42416],[-75.10624,41.42166],[-75.10256,41.4209],[-75.10162,41.42045],[-75.10078,41.41976],[-75.10004,41.41946],[-75.0977,41.41912],[-75.09444,41.41808],[-75.0927,41.41826],[-75.08702,41.4196],[-75.0836,41.42015],[-75.07686,41.42038],[-75.07426,41.42017],[-75.07214,41.41947],[-75.06502,41.4156],[-75.06321,41.41477],[-75.06266,41.41462],[-75.05857,41.41438],[-75.05353,41.41264],[-75.04475,41.41056],[-75.04154,41.40866],[-75.03805,41.40779],[-75.03723,41.40745],[-75.0325,41.40451],[-75.03148,41.4041],[-75.02971,41.40404],[-75.02801,41.4044],[-75.02725,41.40475],[-75.02537,41.40604],[-75.02435,41.40637],[-75.02294,41.40629],[-75.01926,41.40554],[-75.01541,41.40376],[-75.01328,41.40304],[-75.01076,41.40129],[-75.00709,41.39964],[-75.00179,41.39679],[-74.99586,41.39537],[-74.99334,41.39402],[-74.98859,41.39183],[-74.98162,41.38944],[-74.97899,41.38927],[-74.97772,41.38943],[-74.97042,41.39281],[-74.96812,41.39337],[-74.96343,41.39322],[-74.95689,41.3917],[-74.95537,41.39084],[-74.95392,41.38962],[-74.95277,41.38589],[-74.94943,41.38041],[-74.94896,41.37992],[-74.9457,41.37764],[-74.93231,41.3743],[-74.93032,41.3732],[-74.92637,41.37018],[-74.92261,41.36783],[-74.90781,41.36192],[-74.90706,41.36175],[-74.90598,41.36176],[-74.90087,41.36338],[-74.89974,41.36346],[-74.89592,41.36313],[-74.89448,41.36272],[-74.89051,41.36023],[-74.88952,41.35939],[-74.88746,41.35687],[-74.88645,41.35458],[-74.88434,41.3526],[-74.88341,41.3521],[-74.88246,41.35193],[-74.87908,41.35191],[-74.87242,41.35032],[-74.86857,41.35078],[-74.86741,41.35069],[-74.8628,41.34824],[-74.85812,41.3476],[-74.85708,41.34725],[-74.85476,41.34589],[-74.85354,41.34546],[-74.84914,41.34475],[-74.84734,41.34421],[-74.83562,41.33758],[-74.83449,41.33714],[-74.8327,41.337],[-74.82864,41.3371],[-74.82762,41.33689],[-74.82254,41.33321],[-74.82118,41.33291],[-74.81962,41.33314],[-74.81888,41.33307],[-74.81814,41.33269],[-74.81739,41.33193],[-74.81688,41.33166],[-74.81603,41.33152],[-74.81466,41.33159],[-74.81373,41.33127],[-74.81321,41.33074],[-74.81181,41.3283],[-74.81123,41.32758],[-74.80354,41.32212],[-74.79844,41.32608],[-74.79645,41.32668],[-74.79247,41.32668],[-74.79153,41.32685],[-74.78975,41.32754],[-74.77465,41.33691],[-74.76727,41.34002],[-74.76378,41.34187],[-74.76003,41.34414],[-74.75693,41.34574],[-74.75506,41.34652],[-74.75052,41.34806],[-74.72866,41.35335],[-74.72217,41.35483],[-74.71861,41.35497],[-74.71635,41.35546],[-74.71538,41.35596],[-74.7127,41.35853],[-74.70866,41.36093],[-74.69729,41.37162]]},
"properties":{"name":"U.S. Route 6 in Pennsylvania","stroke":"#cc0000","stroke-width":3,"fill-opacity":0,"tessellate":"1","extrude":"0","visibility":"-1"}},
{"type":"Feature","geometry":{"type":"LineString","coordinates":[[-74.69764,41.3715],[-74.69685,41.37196],[-74.69626,41.37261],[-74.69296,41.37507],[-74.68903,41.37779],[-74.68717,41.37702],[-74.68501,41.37578],[-74.6844,41.3751],[-74.68203,41.37158],[-74.68203,41.37089],[-74.68273,41.36707],[-74.68533,41.36208],[-74.68536,41.36137],[-74.68209,41.35651],[-74.67902,41.35588],[-74.67792,41.35609],[-74.67665,41.35657],[-74.67279,41.35847],[-74.67097,41.3592],[-74.66766,41.35987],[-74.66532,41.35991],[-74.66432,41.36014],[-74.66277,41.36099],[-74.66122,41.36264],[-74.65925,41.36394],[-74.65688,41.36504],[-74.65145,41.36717],[-74.64668,41.37081],[-74.64525,41.37166],[-74.64301,41.37266],[-74.64024,41.37433],[-74.63833,41.37509],[-74.63405,41.37621],[-74.63295,41.37626],[-74.63007,41.37568],[-74.62764,41.37509],[-74.62554,41.37431],[-74.62247,41.37404],[-74.62047,41.37406],[-74.6198,41.37335],[-74.61901,41.37175],[-74.61761,41.37072],[-74.61707,41.37049],[-74.61488,41.36987],[-74.61005,41.36921],[-74.60495,41.36614],[-74.60134,41.36424],[-74.60043,41.36401],[-74.59745,41.36429],[-74.59608,41.36461],[-74.59402,41.36552],[-74.58989,41.36838],[-74.58767,41.36918],[-74.5836,41.36966],[-74.57862,41.37071],[-74.5428,41.37918],[-74.54158,41.37938],[-74.53952,41.37899],[-74.53809,41.37886],[-74.53694,41.37895],[-74.53335,41.38047],[-74.53125,41.38203],[-74.52882,41.38336],[-74.52262,41.38479],[-74.49004,41.39043],[-74.48412,41.39133],[-74.48105,41.39161],[-74.47829,41.39149],[-74.47349,41.3901],[-74.47239,41.39006],[-74.46981,41.39072],[-74.46822,41.3913],[-74.46647,41.39235],[-74.46523,41.39345],[-74.46098,41.39844],[-74.46001,41.39915],[-74.45451,41.40222],[-74.4521,41.40328],[-74.4488,41.40392],[-74.44643,41.40415],[-74.44363,41.40497],[-74.44254,41.40591],[-74.44196,41.40713],[-74.44166,41.4115],[-74.44032,41.41324],[-74.43884,41.41477],[-74.43285,41.41871],[-74.43115,41.41937],[-74.42754,41.42017],[-74.42611,41.41761],[-74.42171,41.41356],[-74.41969,41.41192],[-74.41595,41.40984],[-74.41425,41.40915],[-74.40964,41.4078],[-74.40569,41.40739],[-74.40334,41.40691],[-74.4017,41.40636],[-74.39896,41.4051],[-74.39271,41.40339],[-74.38276,41.39893],[-74.38058,41.39838],[-74.37456,41.39749],[-74.37167,41.39728],[-74.36523,41.39746],[-74.34889,41.39829],[-74.34159,41.3984],[-74.33934,41.39753],[-74.33798,41.39636],[-74.33151,41.39283],[-74.32814,41.39174],[-74.32243,41.39114],[-74.32094,41.39073],[-74.31972,41.3902],[-74.30588,41.38227],[-74.29905,41.37873],[-74.29683,41.37724],[-74.2958,41.37632],[-74.29422,41.3747],[-74.29228,41.37156],[-74.29165,41.36991],[-74.29001,41.36668],[-74.28747,41.36069],[-74.28683,41.35952],[-74.28508,41.35499],[-74.2842,41.3538],[-74.28241,41.35245],[-74.28123,41.35169],[-74.27859,41.35059],[-74.27683,41.35013],[-74.27449,41.34981],[-74.27206,41.34985],[-74.26942,41.35026],[-74.26027,41.35396],[-74.25839,41.35458],[-74.25618,41.35501],[-74.25229,41.35496],[-74.22388,41.34656],[-74.22125,41.3459],[-74.21754,41.34547],[-74.21521,41.34561],[-74.20331,41.34754],[-74.201,41.34759],[-74.19891,41.34736],[-74.18837,41.34474],[-74.18637,41.34405],[-74.1812,41.34092],[-74.1679,41.33164],[-74.16487,41.32974],[-74.15567,41.32494],[-74.15168,41.32226],[-74.14923,41.32096],[-74.14673,41.31993],[-74.14255,41.31853],[-74.13115,41.30918],[-74.12799,41.30725],[-74.12455,41.30664],[-74.1231,41.30673],[-74.1207,41.30744],[-74.11882,41.30856],[-74.11698,41.31012],[-74.11454,41.31169],[-74.11323,41.31227],[-74.10756,41.31398],[-74.1062,41.31457],[-74.10456,41.31556],[-74.10264,41.31702],[-74.09968,41.31957],[-74.09566,41.32027],[-74.08972,41.32063],[-74.07701,41.32296],[-74.0753,41.32305],[-74.07348,41.32276],[-74.06441,41.31904],[-74.0625,41.31856],[-74.05737,41.31783],[-74.05467,41.31693],[-74.05213,41.31494],[-74.05158,41.31421],[-74.05121,41.31343],[-74.05055,41.30911],[-74.05013,41.30847],[-74.04891,41.30734],[-74.04806,41.30691],[-74.04512,41.30636],[-74.04063,41.30649],[-74.03887,41.30629],[-74.03563,41.30546],[-74.03523,41.3058],[-74.03448,41.30566],[-74.03262,41.30616],[-74.02816,41.30667],[-74.02631,41.30779],[-74.02242,41.31124],[-74.02136,41.31188],[-74.01854,41.31309],[-74.01708,41.31416],[-74.0161,41.31562],[-74.01537,41.31784],[-74.01452,41.3193],[-74.01321,41.32056],[-74.01148,41.32145],[-74.00911,41.32195],[-74.00632,41.32181],[-74.00423,41.32195],[-74.0031,41.32211],[-74.00007,41.32313],[-73.99825,41.32316],[-73.99597,41.32282],[-73.99408,41.32168],[-73.99168,41.32052],[-73.98959,41.32001],[-73.97949,41.3199],[-73.97835,41.31821],[-73.97539,41.31518],[-73.97367,41.31442],[-73.97125,41.31209],[-73.97038,41.31206],[-73.96962,41.31315],[-73.96861,41.31313],[-73.96677,41.31244],[-73.96538,41.31273],[-73.96494,41.31217],[-73.96691,41.31026],[-73.96761,41.30914],[-73.96677,41.30788],[-73.96643,41.30685],[-73.96589,41.30645],[-73.96391,41.30626],[-73.96227,41.30457],[-73.96155,41.30449],[-73.96107,41.30409],[-73.9604,41.30383],[-73.95966,41.30377],[-73.95912,41.30394],[-73.95791,41.30377],[-73.95608,41.30416],[-73.95508,41.30461],[-73.95462,41.30459],[-73.95364,41.30391],[-73.95254,41.30381],[-73.95213,41.30345],[-73.95187,41.30184],[-73.94992,41.29967],[-73.94993,41.29865],[-73.9494,41.29833],[-73.94808,41.299],[-73.94427,41.2991],[-73.94279,41.299],[-73.94175,41.29863],[-73.94064,41.29794],[-73.93953,41.29772],[-73.93796,41.2976],[-73.93721,41.2977],[-73.93548,41.29831],[-73.93348,41.29602],[-73.93461,41.29479],[-73.93489,41.29427],[-73.93503,41.2936],[-73.93473,41.29307],[-73.93405,41.29265],[-73.93039,41.2912],[-73.92932,41.29012],[-73.92878,41.28931],[-73.92479,41.29103],[-73.92316,41.29141],[-73.91938,41.29181],[-73.91387,41.29197],[-73.91251,41.29225],[-73.9047,41.29444],[-73.90216,41.29528],[-73.90049,41.29601],[-73.8908,41.29663],[-73.88948,41.2969],[-73.88255,41.30124],[-73.88172,41.30192],[-73.87483,41.30894],[-73.87242,41.3108],[-73.87001,41.31211],[-73.86282,41.31511],[-73.8592,41.31832],[-73.85075,41.3249],[-73.84947,41.32678],[-73.84781,41.32786],[-73.84491,41.32905],[-73.84313,41.32947],[-73.83855,41.32982],[-73.83057,41.33094],[-73.82228,41.33168],[-73.81613,41.33258],[-73.81301,41.33238],[-73.81017,41.33109],[-73.80672,41.3299],[-73.80436,41.32941],[-73.80235,41.32938],[-73.80084,41.32962],[-73.79919,41.33016],[-73.79726,41.33107],[-73.79037,41.33587],[-73.78854,41.33654],[-73.78706,41.33683],[-73.78624,41.33733],[-73.78154,41.33723],[-73.77645,41.33753],[-73.77187,41.33717],[-73.77058,41.33734],[-73.76963,41.3377],[-73.76849,41.33836],[-73.76245,41.34263],[-73.76048,41.34368],[-73.75842,41.34438],[-73.75723,41.3453],[-73.75598,41.34825],[-73.75534,41.34918],[-73.75404,41.35],[-73.75061,41.35117],[-73.7496,41.35181],[-73.74806,41.35336],[-73.74735,41.35517],[-73.74705,41.35641],[-73.74711,41.35881],[-73.74694,41.36083],[-73.74631,41.36244],[-73.745,41.36369],[-73.74219,41.36542],[-73.74046,41.36727],[-73.73974,41.36846],[-73.7383,41.37151],[-73.73346,41.37231],[-73.73197,41.37278],[-73.72964,41.37273],[-73.72815,41.3736],[-73.72705,41.37589],[-73.72523,41.38124],[-73.72533,41.38326],[-73.72573,41.38608],[-73.72468,41.38974],[-73.72361,41.39202],[-73.72125,41.39434],[-73.71526,41.39824],[-73.71331,41.39924],[-73.71252,41.3993],[-73.71132,41.39911],[-73.70901,41.39784],[-73.70817,41.39775],[-73.70751,41.39798],[-73.7064,41.39883],[-73.70585,41.40015],[-73.70578,41.402],[-73.7056,41.40262],[-73.70455,41.40442],[-73.70453,41.40636],[-73.704,41.40685],[-73.70346,41.40722],[-73.70043,41.40807],[-73.69941,41.4087],[-73.69842,41.40981],[-73.69735,41.41043],[-73.69386,41.41103],[-73.69053,41.4129],[-73.68896,41.4143],[-73.68815,41.41466],[-73.68615,41.4148],[-73.68206,41.41557],[-73.68132,41.41601],[-73.67989,41.41828],[-73.67814,41.42225],[-73.67562,41.42066],[-73.66935,41.41401],[-73.66728,41.41254],[-73.66583,41.41209],[-73.66418,41.4118],[-73.66172,41.41218],[-73.65714,41.41407],[-73.64949,41.41637],[-73.64648,41.41669],[-73.64372,41.41657],[-73.64209,41.41613],[-73.63958,41.41446],[-73.63903,41.41308],[-73.63903,41.40754],[-73.63859,41.40516],[-73.63768,41.40371],[-73.63485,41.40019],[-73.634,41.39941],[-73.63239,41.39904],[-73.63175,41.399],[-73.62725,41.39955],[-73.62574,41.39943],[-73.62007,41.39809],[-73.61963,41.39754],[-73.61956,41.39517],[-73.61897,41.39447],[-73.61619,41.39456],[-73.61289,41.3958],[-73.61088,41.39592],[-73.60979,41.39571],[-73.60786,41.39495],[-73.60671,41.39467],[-73.60367,41.39705],[-73.60245,41.39774],[-73.60083,41.39817],[-73.59914,41.39805],[-73.59792,41.39703],[-73.5958,41.39379],[-73.59239,41.39099],[-73.58849,41.3881],[-73.58685,41.38719],[-73.5786,41.38522],[-73.57566,41.38491],[-73.56445,41.38733],[-73.55862,41.38699],[-73.55424,41.38693],[-73.55139,41.38767],[-73.54819,41.38891],[-73.54263,41.39018]]},
"properties":{"name":"U.S. Route 6 in New York","stroke":"#cc0000","stroke-width":3,"fill-opacity":0,"tessellate":"1","extrude":"0","visibility":"-1"}},
{"type":"Feature","geometry":{"type":"LineString","coordinates":[[-73.5426,41.39019],[-73.53289,41.39293],[-73.5289,41.39331],[-73.52729,41.39309],[-73.523,41.39185],[-73.52171,41.39178],[-73.52083,41.39191],[-73.51551,41.39421],[-73.5136,41.39446],[-73.51189,41.39423],[-73.50953,41.39346],[-73.50208,41.39006],[-73.49815,41.38911],[-73.49279,41.38705],[-73.49144,41.38667],[-73.48994,41.3866],[-73.48869,41.38673],[-73.48755,41.38655],[-73.48408,41.38481],[-73.48326,41.38462],[-73.4821,41.3846],[-73.48045,41.38486],[-73.47957,41.3853],[-73.47807,41.3872],[-73.47691,41.38794],[-73.47607,41.38825],[-73.47612,41.38877],[-73.47817,41.39314],[-73.478,41.3953],[-73.47564,41.3981],[-73.47384,41.39925],[-73.47195,41.40012],[-73.46543,41.40209],[-73.46388,41.40283],[-73.46298,41.40334],[-73.45848,41.40753],[-73.45556,41.40981],[-73.45212,41.41142],[-73.44903,41.41239],[-73.43994,41.4141],[-73.42848,41.41722],[-73.42359,41.41789],[-73.42062,41.41754],[-73.415,41.41451],[-73.4119,41.41299],[-73.41096,41.41276],[-73.40999,41.41277],[-73.40854,41.41326],[-73.4076,41.41363],[-73.4046,41.41548],[-73.40226,41.41636],[-73.40009,41.41689],[-73.39436,41.41687],[-73.37676,41.41372],[-73.37436,41.41356],[-73.36578,41.4161],[-73.36389,41.41626],[-73.35917,41.41613],[-73.35788,41.41645],[-73.35213,41.42022],[-73.35063,41.42067],[-73.34681,41.41987],[-73.33033,41.41822],[-73.32479,41.41668],[-73.32213,41.41517],[-73.32093,41.41513],[-73.31879,41.41552],[-73.31595,41.41716],[-73.31484,41.41739],[-73.31359,41.41729],[-73.31222,41.41755],[-73.31136,41.41713],[-73.3087,41.41349],[-73.30694,41.41407],[-73.30359,41.41401],[-73.30025,41.41501],[-73.29814,41.41633],[-73.2951,41.41742],[-73.29167,41.41744],[-73.27049,41.41369],[-73.26731,41.41439],[-73.26405,41.41652],[-73.2486,41.43184],[-73.24697,41.43428],[-73.24663,41.43653],[-73.24963,41.44265],[-73.24989,41.44561],[-73.2492,41.44831],[-73.24843,41.44998],[-73.24714,41.45146],[-73.24568,41.45243],[-73.23796,41.45519],[-73.23598,41.45648],[-73.23289,41.45957],[-73.23118,41.46086],[-73.22225,41.46568],[-73.22071,41.46703],[-73.21736,41.47192],[-73.21216,41.47722],[-73.2135,41.47947],[-73.21259,41.4861],[-73.21315,41.48899],[-73.21294,41.49317],[-73.21337,41.49847],[-73.21229,41.50156],[-73.21101,41.50403],[-73.20809,41.50767],[-73.20453,41.51101],[-73.20427,41.512],[-73.20453,41.51519],[-73.20221,41.52267],[-73.20444,41.52977],[-73.20697,41.53607],[-73.20723,41.53848],[-73.20882,41.54336],[-73.20856,41.54529],[-73.20285,41.55383],[-73.20002,41.55621],[-73.19886,41.55817],[-73.19749,41.55881],[-73.19719,41.55926],[-73.19277,41.56289],[-73.19122,41.5653],[-73.19101,41.56697],[-73.18938,41.5732],[-73.18783,41.57423],[-73.18624,41.57469],[-73.18396,41.57424],[-73.18344,41.57432],[-73.17922,41.57567],[-73.17552,41.57728],[-73.17521,41.57778],[-73.17532,41.57879],[-73.17464,41.58192],[-73.17105,41.58903],[-73.17041,41.59343],[-73.16972,41.59468],[-73.16852,41.59574],[-73.165,41.59747],[-73.1626,41.59821],[-73.16019,41.59969],[-73.15801,41.60068],[-73.15552,41.60033],[-73.15436,41.59978],[-73.15243,41.59828],[-73.15097,41.59815],[-73.14775,41.5993],[-73.14637,41.60028],[-73.14362,41.60047],[-73.14105,41.60182],[-73.13929,41.60201],[-73.13504,41.60188],[-73.13414,41.60233],[-73.13212,41.60384],[-73.13023,41.60445],[-73.12319,41.60275],[-73.12242,41.60288],[-73.11989,41.60426],[-73.11538,41.61029],[-73.11225,41.61254],[-73.11092,41.61571],[-73.11028,41.61876],[-73.10762,41.62197],[-73.10375,41.62521],[-73.10298,41.62652],[-73.10255,41.62845],[-73.10221,41.62906],[-73.10174,41.63211],[-73.10084,41.63342],[-73.09594,41.63666],[-73.09496,41.63797],[-73.09393,41.64112],[-73.09376,41.64468],[-73.09599,41.65013],[-73.09607,41.6517],[-73.09547,41.65295],[-73.09466,41.65366],[-73.09105,41.65613],[-73.08815,41.65714],[-73.07896,41.65722],[-73.07821,41.65758],[-73.0781,41.65812],[-73.07833,41.6591],[-73.07828,41.65988],[-73.07788,41.66093],[-73.07396,41.66697],[-73.06868,41.67],[-73.06772,41.67082],[-73.06622,41.67277],[-73.06519,41.67361],[-73.06476,41.67434],[-73.06392,41.67436],[-73.06161,41.67388],[-73.05775,41.67179],[-73.05603,41.67159],[-73.05238,41.67201],[-73.04915,41.67144],[-73.04801,41.67163],[-73.04509,41.67336],[-73.04301,41.67405],[-73.03638,41.67506],[-73.03546,41.67536],[-73.03256,41.67698],[-73.03099,41.67741],[-73.02923,41.67748],[-73.02473,41.67873],[-73.02312,41.67884],[-73.01782,41.6803],[-73.01717,41.68036],[-73.01571,41.68003],[-73.01084,41.67838],[-73.00391,41.67847],[-73.00063,41.67913],[-72.99346,41.67963],[-72.99016,41.68017],[-72.9873,41.68043],[-72.98587,41.68022],[-72.97668,41.68163],[-72.97231,41.68166],[-72.96941,41.68083],[-72.96726,41.68049],[-72.96271,41.68096],[-72.96025,41.68068],[-72.95085,41.68187],[-72.94714,41.68131],[-72.94413,41.68121],[-72.94321,41.68158],[-72.93628,41.6869],[-72.93555,41.68722],[-72.93315,41.68772],[-72.92733,41.68966],[-72.92177,41.69096],[-72.90325,41.69767],[-72.90102,41.69817],[-72.89783,41.69863],[-72.89248,41.69985],[-72.89087,41.70038],[-72.88911,41.70132],[-72.88446,41.70497],[-72.88323,41.70571],[-72.88072,41.70643],[-72.87446,41.70717],[-72.87246,41.70695],[-72.86704,41.70494],[-72.86547,41.70466],[-72.85495,41.70381],[-72.85204,41.70396],[-72.84807,41.7049],[-72.83877,41.71045],[-72.83702,41.71105],[-72.83386,41.71162],[-72.83283,41.71154],[-72.83135,41.71087],[-72.82639,41.70595],[-72.82517,41.70525],[-72.8238,41.70483],[-72.82247,41.70472],[-72.82133,41.70486],[-72.81996,41.70525],[-72.79449,41.71933],[-72.79161,41.72183],[-72.78644,41.72416],[-72.78138,41.72573],[-72.77794,41.72628],[-72.77047,41.72714],[-72.76099,41.72692],[-72.75889,41.72714],[-72.75734,41.72772],[-72.75597,41.72871],[-72.75344,41.73198],[-72.75159,41.73326],[-72.74988,41.73393],[-72.74249,41.73544],[-72.74129,41.73589],[-72.7361,41.74098],[-72.73494,41.74255],[-72.73524,41.74684],[-72.73447,41.74793],[-72.7331,41.74889],[-72.72868,41.75004],[-72.70657,41.74966],[-72.70486,41.75011],[-72.70177,41.75238],[-72.70082,41.75379],[-72.70039,41.75891],[-72.69996,41.76],[-72.69893,41.76109],[-72.697,41.76192],[-72.69469,41.76371],[-72.69001,41.76547],[-72.68627,41.76647],[-72.68434,41.76743],[-72.68336,41.76848],[-72.68237,41.77008],[-72.68091,41.77101],[-72.67975,41.77117],[-72.67821,41.77104],[-72.67589,41.76986],[-72.66683,41.76938],[-72.66194,41.76944],[-72.64375,41.76387],[-72.64001,41.76327],[-72.63619,41.7633],[-72.60577,41.77079],[-72.58942,41.77313],[-72.58255,41.77329],[-72.57955,41.7738],[-72.57534,41.77549],[-72.57328,41.77677],[-72.56862,41.77922],[-72.568,41.78004],[-72.56272,41.78049],[-72.5615,41.78082],[-72.56096,41.7805],[-72.55981,41.78036],[-72.55352,41.77791],[-72.54708,41.77423],[-72.54429,41.77405],[-72.53577,41.77241],[-72.53007,41.77282],[-72.52762,41.77346],[-72.52046,41.77617],[-72.50788,41.77801],[-72.50329,41.78033],[-72.50175,41.78153],[-72.50029,41.78409],[-72.49939,41.78479],[-72.4866,41.78598],[-72.4833,41.78643],[-72.48016,41.78601],[-72.46999,41.78406],[-72.46454,41.78387],[-72.46214,41.78419],[-72.45322,41.78662],[-72.45129,41.78822],[-72.45004,41.78889],[-72.44622,41.78998],[-72.44463,41.78956],[-72.44296,41.7886],[-72.44172,41.78742],[-72.43541,41.78435],[-72.42507,41.78252],[-72.42365,41.78195],[-72.41726,41.77782],[-72.41528,41.77552],[-72.41387,41.77318],[-72.40837,41.77033],[-72.40692,41.76899],[-72.40619,41.76767],[-72.40576,41.76447],[-72.40498,41.76278],[-72.39559,41.74975],[-72.39473,41.74879],[-72.38778,41.74635],[-72.38589,41.74549],[-72.38383,41.74338],[-72.3822,41.74245],[-72.37481,41.73918],[-72.3734,41.73886],[-72.36657,41.73838],[-72.36434,41.73768],[-72.35224,41.72903],[-72.35111,41.72807],[-72.34978,41.72762],[-72.34789,41.72769],[-72.33407,41.73169],[-72.3315,41.73176],[-72.32978,41.73157],[-72.32725,41.73086],[-72.32287,41.729],[-72.30665,41.72471],[-72.29335,41.72286],[-72.28648,41.72145],[-72.27957,41.71933],[-72.27811,41.71975],[-72.27575,41.72148],[-72.27309,41.72212],[-72.26901,41.72157],[-72.25464,41.72366],[-72.25026,41.72404],[-72.2352,41.72827],[-72.22653,41.72913],[-72.20468,41.73086],[-72.19636,41.73215],[-72.1843,41.73474],[-72.18309,41.73487],[-72.18239,41.73486],[-72.18156,41.73454],[-72.18132,41.73421],[-72.1813,41.73372],[-72.18186,41.73323],[-72.18273,41.73316],[-72.18387,41.73367],[-72.18356,41.7342],[-72.18239,41.73585],[-72.18091,41.73751],[-72.17727,41.74105],[-72.17527,41.74235],[-72.16497,41.74709],[-72.1625,41.74755],[-72.1574,41.74795],[-72.15549,41.74827],[-72.15435,41.74873],[-72.15354,41.74928],[-72.15259,41.75014],[-72.14873,41.75565],[-72.14313,41.76016],[-72.14195,41.76148],[-72.13927,41.7654],[-72.13847,41.76767],[-72.13783,41.76873],[-72.13693,41.76975],[-72.13558,41.77055],[-72.13392,41.77114],[-72.13234,41.77119],[-72.12693,41.77063],[-72.11877,41.76814],[-72.11622,41.76764],[-72.11324,41.76737],[-72.10641,41.76714],[-72.09848,41.76806],[-72.09562,41.76809],[-72.0923,41.76839],[-72.08517,41.77179],[-72.08236,41.77334],[-72.07979,41.77438],[-72.07562,41.77556],[-72.07369,41.77579],[-72.07213,41.77559],[-72.06983,41.7746],[-72.05747,41.76745],[-72.05633,41.76706],[-72.05384,41.76682],[-72.05249,41.76706],[-72.05073,41.76775],[-72.03297,41.77798],[-72.01546,41.78353],[-72.0075,41.78659],[-72.00535,41.78712],[-72.00342,41.78742],[-72.00149,41.78749],[-71.99992,41.78729],[-71.99833,41.78696],[-71.99531,41.78574],[-71.99233,41.78478],[-71.98964,41.78355],[-71.98806,41.78313],[-71.98089,41.78238],[-71.97816,41.78238],[-71.96351,41.78408],[-71.95926,41.78376],[-71.95815,41.78401],[-71.95688,41.78456],[-71.95278,41.78696],[-71.95057,41.78768],[-71.9495,41.78837],[-71.94652,41.79176],[-71.94557,41.79237],[-71.94411,41.79289],[-71.93778,41.79443],[-71.93064,41.79643],[-71.92798,41.79669],[-71.9209,41.79624],[-71.90817,41.79758],[-71.89646,41.80056],[-71.88811,41.802],[-71.88704,41.80195],[-71.88635,41.80168],[-71.88586,41.80126],[-71.88551,41.80048],[-71.88541,41.79817],[-71.88504,41.79739],[-71.88442,41.79669],[-71.88307,41.79574],[-71.86946,41.79003],[-71.86796,41.7896],[-71.86654,41.78947],[-71.85526,41.78971],[-71.84801,41.7891],[-71.82842,41.79088],[-71.82537,41.79101],[-71.80709,41.79071],[-71.8047,41.79085],[-71.8011,41.79152],[-71.79904,41.79219],[-71.79207,41.79509]]},
"properties":{"name":"U.S. Route 6 in Connecticut","stroke":"#cc0000","stroke-width":3,"fill-opacity":0,"tessellate":"1","extrude":"0","visibility":"-1"}},
{"type":"Feature","geometry":{"type":"LineString","coordinates":[[-71.79208,41.79508],[-71.7809,41.79999],[-71.77026,41.80528],[-71.76511,41.80744],[-71.75998,41.80991],[-71.75475,41.81197],[-71.74173,41.81437],[-71.73204,41.81524],[-71.72142,41.81663],[-71.70415,41.82155],[-71.69093,41.82318],[-71.68991,41.82351],[-71.68655,41.82513],[-71.68376,41.82574],[-71.67876,41.82608],[-71.67469,41.82576],[-71.67414,41.82582],[-71.67251,41.82652],[-71.6706,41.82702],[-71.66507,41.82725],[-71.66209,41.82769],[-71.65816,41.82888],[-71.6443,41.83592],[-71.64246,41.83666],[-71.64061,41.83711],[-71.63863,41.83734],[-71.62814,41.83768],[-71.61651,41.83844],[-71.61506,41.83869],[-71.61301,41.83941],[-71.60953,41.83959],[-71.60489,41.84029],[-71.6017,41.84038],[-71.60038,41.84029],[-71.59412,41.83917],[-71.57491,41.83549],[-71.56465,41.8347],[-71.55842,41.83343],[-71.55389,41.8332],[-71.54788,41.83246],[-71.53745,41.82941],[-71.53598,41.82937],[-71.52677,41.831],[-71.52548,41.83099],[-71.52427,41.83077],[-71.51656,41.82864],[-71.51554,41.82606],[-71.51271,41.82059],[-71.5083,41.81997],[-71.49924,41.81738],[-71.49639,41.81704],[-71.49085,41.81671],[-71.48806,41.81685],[-71.48535,41.81748],[-71.47933,41.82001],[-71.47705,41.82074],[-71.46502,41.82294],[-71.4627,41.82307],[-71.45454,41.82173],[-71.45281,41.82121],[-71.4514,41.82027],[-71.44906,41.81776],[-71.44538,41.81479],[-71.44447,41.81429],[-71.44085,41.81388],[-71.44016,41.81403],[-71.43963,41.81444],[-71.43923,41.81539],[-71.43896,41.81692],[-71.43851,41.81811],[-71.43608,41.82204],[-71.43497,41.82324],[-71.43375,41.82407],[-71.43212,41.8247],[-71.42755,41.82565],[-71.42147,41.82613],[-71.4204,41.82608],[-71.41951,41.82581],[-71.41929,41.82506],[-71.42018,41.82249],[-71.42026,41.8218],[-71.41994,41.82055],[-71.41953,41.81995],[-71.41697,41.81783],[-71.41539,41.81673],[-71.4133,41.81558],[-71.40907,41.81413],[-71.40732,41.81383],[-71.40559,41.81383],[-71.40436,41.8141],[-71.40307,41.81461],[-71.39784,41.81765],[-71.39584,41.8184],[-71.39017,41.8192],[-71.38302,41.819],[-71.3811,41.81849],[-71.37822,41.81733],[-71.37099,41.81491],[-71.35852,41.81226],[-71.35882,41.81104],[-71.34698,41.80796],[-71.34247,41.80728],[-71.33968,41.80472]]},
"properties":{"name":"U.S. Route 6 in Rhode Island","stroke":"#cc0000","stroke-width":3,"fill-opacity":0,"tessellate":"1","extrude":"0","visibility":"-1"}},
{"type":"Feature","geometry":{"type":"LineString","coordinates":[[-71.33968,41.80472],[-71.32844,41.79426],[-71.32192,41.79068],[-71.31895,41.78777],[-71.28926,41.77737],[-71.27226,41.77327],[-71.26831,41.77154],[-71.26325,41.76815],[-71.26076,41.76713],[-71.25467,41.76175],[-71.24883,41.75823],[-71.24368,41.75637],[-71.2393,41.75432],[-71.23638,41.75388],[-71.23141,41.75215],[-71.22197,41.74997],[-71.21621,41.74965],[-71.203,41.74683],[-71.18926,41.74184],[-71.17115,41.73153],[-71.16592,41.72922],[-71.15326,41.7273],[-71.14931,41.72557],[-71.15141,41.72339],[-71.15433,41.71644],[-71.13008,41.71215],[-71.12759,41.71199],[-71.12498,41.71151],[-71.12416,41.71068],[-71.12519,41.70799],[-71.13038,41.69943],[-71.13111,41.69735],[-71.12995,41.68411],[-71.13004,41.68296],[-71.13073,41.68174],[-71.12841,41.68097],[-71.12618,41.68094],[-71.12081,41.67992],[-71.11523,41.67963],[-71.0997,41.67007],[-71.05455,41.6434],[-71.04902,41.64027],[-71.04777,41.63902],[-71.04614,41.63835],[-71.01945,41.63992],[-71.00563,41.64091],[-70.98765,41.63947],[-70.98164,41.6395],[-70.94907,41.63533],[-70.92851,41.63767],[-70.92774,41.63803],[-70.92538,41.63809],[-70.92315,41.63726],[-70.91246,41.64101],[-70.901,41.64367],[-70.89654,41.64508],[-70.89431,41.64495],[-70.89259,41.64431],[-70.88723,41.64159],[-70.88456,41.6413],[-70.88242,41.64082],[-70.88014,41.64101],[-70.8753,41.64271],[-70.87169,41.6429],[-70.87006,41.64332],[-70.86881,41.64409],[-70.86667,41.64592],[-70.86268,41.64851],[-70.85813,41.64922],[-70.85663,41.65063],[-70.85465,41.65153],[-70.84942,41.65185],[-70.84628,41.65307],[-70.84315,41.65486],[-70.84092,41.65567],[-70.83886,41.65599],[-70.83693,41.65573],[-70.83414,41.65698],[-70.82925,41.65833],[-70.8238,41.66073],[-70.81195,41.66403],[-70.8086,41.66426],[-70.80612,41.66397],[-70.79981,41.66141],[-70.7983,41.66099],[-70.79685,41.66089],[-70.79504,41.66112],[-70.79354,41.66153],[-70.78054,41.66621],[-70.77856,41.66721],[-70.77715,41.66852],[-70.77642,41.66987],[-70.77625,41.67314],[-70.77522,41.67689],[-70.77401,41.67888],[-70.77359,41.68147],[-70.77436,41.69117],[-70.77427,41.6925],[-70.77251,41.69705],[-70.77131,41.69798],[-70.77093,41.69939],[-70.77088,41.70371],[-70.77148,41.70814],[-70.77131,41.71003],[-70.77187,41.71278],[-70.77149,41.714],[-70.77063,41.71499],[-70.76372,41.71957],[-70.75998,41.72274],[-70.74806,41.73684],[-70.74582,41.73889],[-70.74205,41.74167],[-70.74102,41.74289],[-70.73694,41.74936],[-70.7354,41.75083],[-70.73132,41.75666],[-70.729,41.75826],[-70.72089,41.76075],[-70.71986,41.76149],[-70.7184,41.76063],[-70.71342,41.75666],[-70.70767,41.75787],[-70.69291,41.76184],[-70.68849,41.7636],[-70.68699,41.76392],[-70.68626,41.76383],[-70.68291,41.76277],[-70.67622,41.76274],[-70.66819,41.75992],[-70.66291,41.75941],[-70.65798,41.75755],[-70.65111,41.75653],[-70.64781,41.75573],[-70.64291,41.75614],[-70.6185,41.74593],[-70.61665,41.74667],[-70.61395,41.74747],[-70.61034,41.74936],[-70.6036,41.75173],[-70.60082,41.75224],[-70.59837,41.75214],[-70.59639,41.75272],[-70.59592,41.75224],[-70.59562,41.75134],[-70.5888,41.7524],[-70.58588,41.75237],[-70.58356,41.75298],[-70.58176,41.75394],[-70.57652,41.75915],[-70.5736,41.76136],[-70.57232,41.76309],[-70.57051,41.76616],[-70.56773,41.76924],[-70.56146,41.77321],[-70.5549,41.7766],[-70.55202,41.7789],[-70.54794,41.78092],[-70.54365,41.78242],[-70.54344,41.78194],[-70.54331,41.77308],[-70.54339,41.77212],[-70.54404,41.77001],[-70.54348,41.7677],[-70.54241,41.76626],[-70.54082,41.76514],[-70.52293,41.75663],[-70.51971,41.75458],[-70.51778,41.75294],[-70.51623,41.75115],[-70.51306,41.7468],[-70.51164,41.74532],[-70.50748,41.74228],[-70.50447,41.74106],[-70.50134,41.74007],[-70.49864,41.73953],[-70.48448,41.73879],[-70.47315,41.73677],[-70.46903,41.73552],[-70.458,41.73101],[-70.45409,41.7297],[-70.44375,41.72838],[-70.44075,41.72761],[-70.43757,41.72652],[-70.41706,41.7148],[-70.40916,41.70878],[-70.38251,41.69555],[-70.37311,41.68987],[-70.3635,41.68567],[-70.35929,41.68459],[-70.35603,41.68423],[-70.35079,41.68417],[-70.3423,41.68641],[-70.33324,41.68833],[-70.32663,41.68946],[-70.31968,41.68978],[-70.31612,41.68959],[-70.31234,41.68911],[-70.29994,41.68693],[-70.29591,41.68654],[-70.29222,41.68657],[-70.28003,41.68744],[-70.26222,41.68728],[-70.25681,41.68702],[-70.24415,41.68561],[-70.23857,41.68558],[-70.23471,41.6859],[-70.23162,41.68654],[-70.22136,41.68927],[-70.21767,41.68981],[-70.17995,41.69219],[-70.17716,41.69257],[-70.17064,41.69376],[-70.16609,41.6944],[-70.16115,41.69558],[-70.15368,41.69805],[-70.15012,41.69888],[-70.14347,41.69991],[-70.11961,41.7009],[-70.11459,41.70074],[-70.10287,41.6994],[-70.09965,41.69936],[-70.09661,41.69953],[-70.09253,41.70001],[-70.0879,41.70106],[-70.08442,41.70209],[-70.07987,41.70401],[-70.07644,41.70608],[-70.07043,41.71032],[-70.06768,41.71186],[-70.06408,41.71346],[-70.05949,41.71471],[-70.04661,41.71753],[-70.03936,41.72022],[-70.03489,41.72262],[-70.03193,41.72458],[-70.0294,41.72666],[-70.02768,41.72848],[-70.02425,41.73412],[-70.02223,41.73662],[-70.02048,41.73828],[-70.0161,41.74142],[-70.01061,41.74411],[-70.0076,41.74587],[-70.0049,41.74834],[-70.00318,41.75042],[-70.00177,41.75317],[-70.00082,41.75554],[-69.99975,41.75996],[-69.99958,41.76307],[-69.99979,41.76582],[-70.00039,41.76893],[-70.00301,41.77625],[-70.00357,41.77872],[-70.00378,41.78131],[-70.00357,41.78467],[-70.0028,41.78906],[-70.00215,41.79059],[-70.00108,41.79213],[-69.99911,41.79376],[-69.99786,41.7945],[-69.99091,41.79651],[-69.98653,41.79837],[-69.9825,41.79942],[-69.98046,41.80065],[-69.9757,41.80566],[-69.97115,41.81171],[-69.96924,41.81347],[-69.96844,41.81462],[-69.96821,41.81548],[-69.96836,41.8169],[-69.96958,41.82009],[-69.9707,41.82165],[-69.97093,41.82233],[-69.97115,41.82444],[-69.97164,41.82586],[-69.97304,41.82787],[-69.97353,41.82907],[-69.97381,41.83062],[-69.97392,41.83277],[-69.9737,41.83548],[-69.97383,41.83614],[-69.97432,41.83696],[-69.97613,41.83847],[-69.9795,41.84012],[-69.9808,41.84116],[-69.98675,41.84735],[-69.98741,41.84867],[-69.98761,41.84966],[-69.98774,41.8542],[-69.98533,41.86218],[-69.9845,41.86611],[-69.98465,41.86705],[-69.98801,41.87847],[-69.98896,41.88653],[-69.9845,41.90127],[-69.98456,41.90276],[-69.98503,41.90603],[-69.98615,41.90879],[-69.98688,41.91266],[-69.98731,41.91417],[-69.9878,41.91508],[-69.98849,41.91572],[-69.98926,41.91614],[-69.99162,41.91676],[-70.00166,41.91812],[-70.00336,41.91848],[-70.0061,41.91968],[-70.00765,41.92075],[-70.0178,41.9307],[-70.01975,41.93328],[-70.02078,41.93518],[-70.0217,41.93825],[-70.02233,41.9394],[-70.02323,41.94048],[-70.02456,41.9416],[-70.0302,41.94474],[-70.03136,41.94556],[-70.03217,41.94645],[-70.03271,41.94739],[-70.03313,41.94855],[-70.03332,41.94999],[-70.03315,41.95133],[-70.03278,41.95269],[-70.03045,41.95691],[-70.02954,41.96065],[-70.02815,41.96374],[-70.02778,41.96516],[-70.02783,41.96639],[-70.02813,41.96778],[-70.02877,41.96909],[-70.0295,41.97019],[-70.03057,41.97124],[-70.04111,41.9789],[-70.04246,41.98022],[-70.04356,41.98167],[-70.04414,41.98282],[-70.04553,41.98724],[-70.04793,41.99152],[-70.04841,41.99295],[-70.04907,41.99781],[-70.04941,41.99904],[-70.05057,42.00088],[-70.05167,42.00202],[-70.05308,42.00298],[-70.05439,42.00362],[-70.05954,42.0055],[-70.06351,42.00714],[-70.06564,42.00831],[-70.0678,42.01001],[-70.06973,42.01218],[-70.07068,42.01363],[-70.07141,42.01535],[-70.07235,42.01974],[-70.07278,42.02098],[-70.07345,42.02219],[-70.07544,42.02481],[-70.0763,42.02635],[-70.07761,42.03091],[-70.07926,42.03354],[-70.08149,42.03545],[-70.09576,42.04474],[-70.10085,42.04701],[-70.10306,42.04768],[-70.10619,42.04839],[-70.11362,42.04959],[-70.11578,42.05016],[-70.13402,42.05692],[-70.13608,42.05784],[-70.14604,42.06391],[-70.14829,42.06493],[-70.15054,42.06547],[-70.15299,42.06571],[-70.16428,42.06598],[-70.16735,42.06565],[-70.16876,42.06535],[-70.18067,42.06262],[-70.18389,42.06162],[-70.18524,42.06097],[-70.20221,42.0511],[-70.2056,42.04973],[-70.20977,42.04836],[-70.21142,42.04753],[-70.21461,42.04534]]},
"properties":{"name":"U.S. Route 6 in Massachusetts","stroke":"#cc0000","stroke-width":3,"fill-opacity":0,"tessellate":"1","extrude":"0","visibility":"-1"}}



]}