{"type":"FeatureCollection",
"features":[

 { "type": "Feature", "properties": { "ref": "US 1 Alternate;SR 228", "@id": "way/10869648", "alt_name": "Hart Bridge Expressway", "hgv": "designated", "highway": "motorway", "lanes": "2", "maxspeed": "50 mph", "name": "Hart Expressway", "official_name": "Commodore Point Expressway", "oneway": "yes",  "source:hgv": "https://www.jacksonville.gov/departments/planning-and-development/transportation-planning/maps-and-data/maps-and-data-docs/coj-truck-route-systems-info.aspx", "source:maxspeed": "sign", "surface": "concrete", "turn:lanes": "|through;slight_right" }, "geometry": { "type": "LineString", "coordinates": [ [ -81.6226945, 30.3096645 ], [ -81.622444, 30.3095292 ], [ -81.6221103, 30.3093713 ], [ -81.62188, 30.3092772 ], [ -81.6216457, 30.3091918 ], [ -81.6204641, 30.3087758 ], [ -81.6202092, 30.3086785 ], [ -81.6200635, 30.3086174 ], [ -81.6199117, 30.3085493 ] ] }, "id": "way/10869648" }, { "type": "Feature", "properties": { "@id": "way/10870368", "alt_name": "Hart Bridge Expressway", "bridge": "yes", "bridge:name": "Isaiah David Hart Bridge", "hgv": "designated", "highway": "motorway", "lanes": "2", "layer": "1", "maxspeed": "45 mph", "name": "Hart Expressway", "official_name": "Commodore Point Expressway", "oneway": "yes", "ref": "US 1 Alternate;SR 228", "source:hgv": "https://www.jacksonville.gov/departments/planning-and-development/transportation-planning/maps-and-data/maps-and-data-docs/coj-truck-route-systems-info.aspx", "source:maxspeed": "FDOT \"Maximum Speed Limits\" GIS data, updated August 27, 2011: http://www.dot.state.fl.us/planning/statistics/gis/roaddata.shtm", "surface": "concrete" }, "geometry": { "type": "LineString", "coordinates": [ [ -81.6244914, 30.3114998 ], [ -81.6296401, 30.3186722 ] ] }, "id": "way/10870368" }, { "type": "Feature", "properties": { "@id": "way/10881506", "fixme": "Are bikes and peds allowed?", "hgv": "designated", "highway": "motorway", "lanes": "2", "maxspeed": "55 mph", "name": "Emerson Street Expressway", "oneway": "yes", "ref": "US 1 Alternate", "source:hgv": "https://www.jacksonville.gov/departments/planning-and-development/transportation-planning/maps-and-data/maps-and-data-docs/coj-truck-route-systems-info.aspx", "source:maxspeed": "FDOT \"Maximum Speed Limits\" GIS data, updated August 27, 2011: http://www.dot.state.fl.us/planning/statistics/gis/roaddata.shtm", "surface": "concrete", "tiger:name_base": "Hart", "tiger:name_base_1": "United States Highway A-1", "tiger:name_type": "Expy", "unsigned_ref": "SR 228A" }, "geometry": { "type": "LineString", "coordinates": [ [ -81.6151875, 30.304725 ], [ -81.6138788, 30.3035316 ], [ -81.613234, 30.3029792 ], [ -81.6130128, 30.3027757 ], [ -81.6128859, 30.302632 ], [ -81.6127818, 30.3024916 ], [ -81.6126968, 30.3023686 ], [ -81.6126206, 30.302217 ], [ -81.6125559, 30.3020713 ], [ -81.6125053, 30.3019296 ], [ -81.6124784, 30.3018241 ], [ -81.6124582, 30.3017105 ] ] }, "id": "way/10881506" }, { "type": "Feature", "properties": { "@id": "way/10881507", "hgv": "designated", "highway": "motorway", "lanes": "2", "maxspeed": "55 mph", "name": "Emerson Street Expressway", "oneway": "yes", "ref": "US 1 Alternate", "source:hgv": "https://www.jacksonville.gov/departments/planning-and-development/transportation-planning/maps-and-data/maps-and-data-docs/coj-truck-route-systems-info.aspx", "source:maxspeed": "FDOT \"Maximum Speed Limits\" GIS data, updated August 27, 2011: http://www.dot.state.fl.us/planning/statistics/gis/roaddata.shtm", "surface": "asphalt", "tiger:name_base": "Hart", "tiger:name_base_1": "United States Highway A-1", "tiger:name_type": "Expy", "unsigned_ref": "SR 228A" }, "geometry": { "type": "LineString", "coordinates": [ [ -81.6155697, 30.2935882 ], [ -81.6155063, 30.2936855 ], [ -81.6154777, 30.2937309 ], [ -81.6154481, 30.2937823 ], [ -81.6154209, 30.2938323 ], [ -81.6153918, 30.2938865 ], [ -81.6153616, 30.2939478 ], [ -81.6153339, 30.294009 ] ] }, "id": "way/10881507" }, { "type": "Feature", "properties": { "@id": "way/47280671", "NHS": "intermodal", "bridge": "yes", "fdot:sis": "yes (connector)", "hgv": "designated", "hgv:national_network": "yes", "highway": "motorway", "lanes": "3", "layer": "1", "maxspeed": "55 mph", "name": "Martin Luther King Jr. Parkway", "name:etymology:wikidata": "Q8027", "old_name": "20th Street Expressway", "oneway": "yes", "ref": "US 1 Alternate", "surface": "concrete", "unsigned_ref": "SR 115" }, "geometry": { "type": "LineString", "coordinates": [ [ -81.6495158, 30.3560728 ], [ -81.6493335, 30.3560669 ], [ -81.6491243, 30.356062 ], [ -81.6489338, 30.3560613 ] ] }, "id": "way/47280671" }, { "type": "Feature", "properties": { "@id": "way/47280672", "NHS": "intermodal", "bridge": "yes", "fdot:sis": "yes (connector)", "hgv": "designated", "hgv:national_network": "yes", "highway": "motorway", "lanes": "3", "layer": "1", "maxspeed": "55 mph", "name": "Martin Luther King Jr. Parkway", "name:etymology:wikidata": "Q8027", "old_name": "20th Street Expressway", "oneway": "yes", "ref": "US 1 Alternate", "surface": "concrete", "turn:lanes": "none|none|slight_right", "unsigned_ref": "SR 115" }, "geometry": { "type": "LineString", "coordinates": [ [ -81.6536192, 30.356444 ], [ -81.6539559, 30.3564415 ], [ -81.6542112, 30.3564386 ] ] }, "id": "way/47280672" }, { "type": "Feature", "properties": { "@id": "way/47280674", "NHS": "intermodal", "bridge": "yes", "fdot:sis": "yes (connector)", "hgv": "designated", "hgv:national_network": "yes", "highway": "motorway", "lanes": "3", "layer": "1", "maxspeed": "55 mph", "name": "Martin Luther King Jr. Parkway", "name:etymology:wikidata": "Q8027", "old_name": "20th Street Expressway", "oneway": "yes", "ref": "US 1 Alternate", "surface": "concrete", "turn:lanes": "||slight_right", "unsigned_ref": "SR 115" }, "geometry": { "type": "LineString", "coordinates": [ [ -81.6542125, 30.3563517 ], [ -81.6536111, 30.3563586 ] ] }, "id": "way/47280674" }, { "type": "Feature", "properties": { "@id": "way/47280678", "NHS": "intermodal", "fdot:sis": "yes (connector)", "hgv": "designated", "hgv:national_network": "yes", "highway": "motorway", "lanes": "2", "maxspeed": "55 mph", "name": "Martin Luther King Jr. Parkway", "name:etymology:wikidata": "Q8027", "old_name": "20th Street Expressway", "oneway": "yes", "ref": "US 1 Alternate", "surface": "concrete", "unsigned_ref": "SR 115" }, "geometry": { "type": "LineString", "coordinates": [ [ -81.6503675, 30.3562372 ], [ -81.6504939, 30.3562499 ], [ -81.65161, 30.3563832 ], [ -81.6517206, 30.3563947 ], [ -81.6518442, 30.3564077 ], [ -81.6519637, 30.3564179 ], [ -81.652086, 30.356427 ], [ -81.652209, 30.3564343 ], [ -81.6523345, 30.3564401 ], [ -81.6524558, 30.3564459 ], [ -81.6525789, 30.3564491 ], [ -81.6526994, 30.3564506 ], [ -81.6528206, 30.3564505 ], [ -81.6535805, 30.356445 ], [ -81.6536192, 30.356444 ] ] }, "id": "way/47280678" }, { "type": "Feature", "properties": { "@id": "way/47280679", "NHS": "intermodal", "bridge": "yes", "fdot:sis": "yes (connector)", "fixme": "Are bikes and peds allowed?", "hgv": "designated", "hgv:national_network": "yes", "highway": "motorway", "lanes": "2", "layer": "1", "maxspeed": "55 mph", "name": "Martin Luther King Jr. Parkway", "name:etymology:wikidata": "Q8027", "old_name": "20th Street Expressway", "oneway": "yes", "ref": "US 1 Alternate", "surface": "concrete", "turn:lanes": "|through;slight_right", "unsigned_ref": "SR 115" }, "geometry": { "type": "LineString", "coordinates": [ [ -81.6489389, 30.356147 ], [ -81.6490309, 30.3561463 ], [ -81.6491282, 30.3561457 ], [ -81.6492322, 30.3561471 ], [ -81.6495174, 30.3561685 ] ] }, "id": "way/47280679" }, { "type": "Feature", "properties": { "@id": "way/47280680", "NHS": "intermodal", "fdot:sis": "yes (connector)", "hgv": "designated", "hgv:national_network": "yes", "highway": "motorway", "lanes": "2", "maxspeed": "55 mph", "name": "Martin Luther King Jr. Parkway", "name:etymology:wikidata": "Q8027", "old_name": "20th Street Expressway", "oneway": "yes", "ref": "US 1 Alternate", "surface": "concrete", "unsigned_ref": "SR 115" }, "geometry": { "type": "LineString", "coordinates": [ [ -81.6489338, 30.3560613 ], [ -81.6487634, 30.3560619 ], [ -81.6486405, 30.3560638 ], [ -81.6485181, 30.3560674 ], [ -81.6463096, 30.3561233 ] ] }, "id": "way/47280680" }, { "type": "Feature", "properties": { "@id": "way/47280688", "NHS": "intermodal", "fdot:sis": "yes (connector)", "hgv": "designated", "hgv:national_network": "yes", "highway": "motorway", "lanes": "2", "maxspeed": "55 mph", "name": "Martin Luther King Jr. Parkway", "name:etymology:wikidata": "Q8027", "old_name": "20th Street Expressway", "oneway": "yes", "ref": "US 1 Alternate", "surface": "concrete", "unsigned_ref": "SR 115" }, "geometry": { "type": "LineString", "coordinates": [ [ -81.6581808, 30.3563122 ], [ -81.6542125, 30.3563517 ] ] }, "id": "way/47280688" }, { "type": "Feature", "properties": { "@id": "way/47280730", "NHS": "intermodal", "bridge": "yes", "hgv": "designated", "hgv:national_network": "yes", "highway": "motorway", "lanes": "2", "layer": "1", "maxspeed": "45 mph", "name": "Martin Luther King Jr. Parkway", "name:etymology:wikidata": "Q8027", "old_name": "20th Street Expressway", "oneway": "yes", "ref": "US 1 Alternate", "surface": "concrete", "unsigned_ref": "SR 115" }, "geometry": { "type": "LineString", "coordinates": [ [ -81.6408789, 30.3563399 ], [ -81.6414326, 30.3563287 ] ] }, "id": "way/47280730" }, { "type": "Feature", "properties": { "@id": "way/47280734", "NHS": "intermodal", "bridge": "yes", "fdot:sis": "yes (connector)", "hgv": "designated", "hgv:national_network": "yes", "highway": "motorway", "lanes": "3", "layer": "1", "maxspeed": "55 mph", "name": "Martin Luther King Jr. Parkway", "name:etymology:wikidata": "Q8027", "old_name": "20th Street Expressway", "oneway": "yes", "ref": "US 1 Alternate", "surface": "concrete", "turn:lanes": "none|none|slight_right", "unsigned_ref": "SR 115" }, "geometry": { "type": "LineString", "coordinates": [ [ -81.6463096, 30.3561233 ], [ -81.6448089, 30.3561411 ] ] }, "id": "way/47280734" }, { "type": "Feature", "properties": { "@id": "way/47280736", "NHS": "intermodal", "bridge": "yes", "fdot:sis": "yes (connector)", "hgv": "designated", "hgv:national_network": "yes", "highway": "motorway", "lanes": "3", "layer": "1", "maxspeed": "55 mph", "name": "Martin Luther King Jr. Parkway", "name:etymology:wikidata": "Q8027", "old_name": "20th Street Expressway", "oneway": "yes", "ref": "US 1 Alternate", "surface": "concrete", "turn:lanes": "||slight_right", "unsigned_ref": "SR 115" }, "geometry": { "type": "LineString", "coordinates": [ [ -81.6447754, 30.3562642 ], [ -81.6463111, 30.3562092 ] ] }, "id": "way/47280736" }, { "type": "Feature", "properties": { "@id": "way/47281111", "hgv": "designated", "hgv:national_network": "yes", "highway": "motorway", "lanes": "2", "maxspeed": "55 mph", "name": "Martin Luther King Jr. Parkway", "name:etymology:wikidata": "Q8027", "old_name": "Haines Street Expressway", "oneway": "yes", "ref": "US 1 Alternate", "unsigned_ref": "SR 115" }, "geometry": { "type": "LineString", "coordinates": [ [ -81.6367971, 30.3411015 ], [ -81.63675, 30.3374057 ], [ -81.6367421, 30.3366739 ] ] }, "id": "way/47281111" }, { "type": "Feature", "properties": { "@id": "way/47281116", "NHS": "intermodal", "bridge": "yes", "hgv": "designated", "hgv:national_network": "yes", "highway": "motorway", "lanes": "2", "layer": "1", "maxspeed": "55 mph", "name": "Martin Luther King Jr. Parkway", "name:etymology:wikidata": "Q8027", "old_name": "Haines Street Expressway", "oneway": "yes", "ref": "US 1 Alternate", "surface": "concrete", "unsigned_ref": "SR 115" }, "geometry": { "type": "LineString", "coordinates": [ [ -81.6367949, 30.3494419 ], [ -81.6368044, 30.3499895 ] ] }, "id": "way/47281116" }, { "type": "Feature", "properties": { "@id": "way/47281118", "bridge": "yes", "hgv": "designated", "hgv:national_network": "yes", "highway": "motorway", "lanes": "2", "layer": "1", "maxspeed": "55 mph", "name": "Martin Luther King Jr. Parkway", "name:etymology:wikidata": "Q8027", "old_name": "Haines Street Expressway", "oneway": "yes", "ref": "US 1 Alternate", "unsigned_ref": "SR 115" }, "geometry": { "type": "LineString", "coordinates": [ [ -81.636837, 30.3455006 ], [ -81.6368011, 30.3433769 ] ] }, "id": "way/47281118" }, { "type": "Feature", "properties": { "@id": "way/47281119", "hgv": "designated", "hgv:national_network": "yes", "highway": "motorway", "lanes": "2", "maxspeed": "55 mph", "name": "Martin Luther King Jr. Parkway", "name:etymology:wikidata": "Q8027", "old_name": "Haines Street Expressway", "oneway": "yes", "ref": "US 1 Alternate", "surface": "asphalt", "unsigned_ref": "SR 115" }, "geometry": { "type": "LineString", "coordinates": [ [ -81.6367485, 30.3455077 ], [ -81.6367626, 30.346145 ], [ -81.6367668, 30.3467039 ], [ -81.6367768, 30.3477951 ] ] }, "id": "way/47281119" }, { "type": "Feature", "properties": { "@id": "way/47281120", "bridge": "yes", "hgv": "designated", "hgv:national_network": "yes", "highway": "motorway", "lanes": "2", "layer": "1", "maxspeed": "55 mph", "name": "Martin Luther King Jr. Parkway", "name:etymology:wikidata": "Q8027", "old_name": "Haines Street Expressway", "oneway": "yes", "ref": "US 1 Alternate", "unsigned_ref": "SR 115" }, "geometry": { "type": "LineString", "coordinates": [ [ -81.6367096, 30.3433369 ], [ -81.6367485, 30.3455077 ] ] }, "id": "way/47281120" }, { "type": "Feature", "properties": { "@id": "way/47281123", "NHS": "intermodal", "bridge": "yes", "hgv": "designated", "hgv:national_network": "yes", "highway": "motorway", "lanes": "2", "layer": "1", "maxspeed": "55 mph", "name": "Martin Luther King Jr. Parkway", "name:etymology:wikidata": "Q8027", "old_name": "Haines Street Expressway", "oneway": "yes", "ref": "US 1 Alternate", "surface": "concrete", "unsigned_ref": "SR 115" }, "geometry": { "type": "LineString", "coordinates": [ [ -81.6369259, 30.3499867 ], [ -81.6369146, 30.3494435 ] ] }, "id": "way/47281123" }, { "type": "Feature", "properties": { "@id": "way/47281124", "NHS": "intermodal", "hgv": "designated", "hgv:national_network": "yes", "highway": "motorway", "lanes": "2", "maxspeed": "55 mph", "name": "Martin Luther King Jr. Parkway", "name:etymology:wikidata": "Q8027", "old_name": "Haines Street Expressway", "oneway": "yes", "ref": "US 1 Alternate", "turn:lanes": "|through;slight_right", "unsigned_ref": "SR 115" }, "geometry": { "type": "LineString", "coordinates": [ [ -81.6369146, 30.3494435 ], [ -81.6368881, 30.3473564 ] ] }, "id": "way/47281124" }, { "type": "Feature", "properties": { "@id": "way/47281125", "NHS": "intermodal", "hgv": "designated", "hgv:national_network": "yes", "highway": "motorway", "lanes": "2", "maxspeed": "55 mph", "name": "Martin Luther King Jr. Parkway", "name:etymology:wikidata": "Q8027", "old_name": "Haines Street Expressway", "oneway": "yes", "ref": "US 1 Alternate", "surface": "concrete", "unsigned_ref": "SR 115" }, "geometry": { "type": "LineString", "coordinates": [ [ -81.6368044, 30.3499895 ], [ -81.6368249, 30.3511144 ] ] }, "id": "way/47281125" }, { "type": "Feature", "properties": { "@id": "way/47281371", "hgv": "designated", "highway": "motorway", "lanes": "1", "maxspeed": "35 mph", "oneway": "yes", "ref": "US 1 ALT", "source:hgv": "https://www.jacksonville.gov/departments/planning-and-development/transportation-planning/maps-and-data/maps-and-data-docs/coj-truck-route-systems-info.aspx", "source:maxspeed": "FDOT \"Maximum Speed Limits\" GIS data, updated August 27, 2011: http://www.dot.state.fl.us/planning/statistics/gis/roaddata.shtm", "surface": "concrete", "unsigned_ref": "SR 115A" }, "geometry": { "type": "LineString", "coordinates": [ [ -81.6362594, 30.3303027 ], [ -81.6361769, 30.33023 ], [ -81.6360961, 30.3301611 ], [ -81.6360176, 30.3300967 ], [ -81.6348595, 30.3291672 ], [ -81.6347802, 30.3291034 ], [ -81.6347166, 30.3290467 ], [ -81.6346543, 30.328987 ] ] }, "id": "way/47281371" }, { "type": "Feature", "properties": { "@id": "way/47281372", "bridge": "yes", "destination:ref:to": "I 95", "destination:street": "Martin Luther King Jr Parkway", "hgv": "designated", "highway": "motorway_link", "lanes": "1", "layer": "1", "maxspeed": "35 mph", "oneway": "yes", "ref": "US 1 Alternate", "source:hgv": "https://www.jacksonville.gov/departments/planning-and-development/transportation-planning/maps-and-data/maps-and-data-docs/coj-truck-route-systems-info.aspx", "source:maxspeed": "FDOT \"Maximum Speed Limits\" GIS data, updated August 27, 2011: http://www.dot.state.fl.us/planning/statistics/gis/roaddata.shtm", "surface": "concrete", "unsigned_ref": "SR 115A" }, "geometry": { "type": "LineString", "coordinates": [ [ -81.6362362, 30.3305709 ], [ -81.636269, 30.3306258 ], [ -81.6362968, 30.3306763 ], [ -81.6363263, 30.3307334 ], [ -81.6363538, 30.3307949 ], [ -81.6363812, 30.3308584 ], [ -81.6364061, 30.3309215 ], [ -81.6364255, 30.3309765 ], [ -81.6364399, 30.3310216 ], [ -81.6364542, 30.3310707 ], [ -81.6364672, 30.3311202 ], [ -81.6364793, 30.3311741 ], [ -81.6364897, 30.3312244 ] ] }, "id": "way/47281372" }, { "type": "Feature", "properties": { "@id": "way/47281373", "destination:ref:to": "I 95", "destination:street": "Martin Luther King Jr Parkway", "hgv": "designated", "highway": "motorway_link", "lanes": "1", "maxspeed": "35 mph", "oneway": "yes", "ref": "US 1 Alternate", "source:hgv": "https://www.jacksonville.gov/departments/planning-and-development/transportation-planning/maps-and-data/maps-and-data-docs/coj-truck-route-systems-info.aspx", "source:maxspeed": "FDOT \"Maximum Speed Limits\" GIS data, updated August 27, 2011: http://www.dot.state.fl.us/planning/statistics/gis/roaddata.shtm", "surface": "concrete", "unsigned_ref": "SR 115A" }, "geometry": { "type": "LineString", "coordinates": [ [ -81.6364897, 30.3312244 ], [ -81.6365002, 30.3312859 ], [ -81.6365097, 30.331351 ], [ -81.6365166, 30.3314193 ], [ -81.6365217, 30.3314866 ], [ -81.6365491, 30.3320566 ], [ -81.6365519, 30.3321248 ], [ -81.6365623, 30.3325257 ], [ -81.6366078, 30.3336384 ] ] }, "id": "way/47281373" }, { "type": "Feature", "properties": { "@id": "way/47281380", "bridge": "yes", "hgv": "designated", "highway": "motorway", "lanes": "1", "layer": "1", "maxspeed": "35 mph", "oneway": "yes", "ref": "US 1 ALT", "source:hgv": "https://www.jacksonville.gov/departments/planning-and-development/transportation-planning/maps-and-data/maps-and-data-docs/coj-truck-route-systems-info.aspx", "source:maxspeed": "FDOT \"Maximum Speed Limits\" GIS data, updated August 27, 2011: http://www.dot.state.fl.us/planning/statistics/gis/roaddata.shtm", "surface": "concrete", "unsigned_ref": "SR 115A" }, "geometry": { "type": "LineString", "coordinates": [ [ -81.6368511, 30.3310306 ], [ -81.6368224, 30.3309839 ], [ -81.6367911, 30.3309343 ], [ -81.636759, 30.3308866 ], [ -81.6367245, 30.3308369 ], [ -81.6366898, 30.3307865 ], [ -81.6366543, 30.3307384 ], [ -81.6366156, 30.330688 ], [ -81.6365749, 30.3306365 ], [ -81.6365291, 30.3305809 ], [ -81.6364864, 30.3305334 ], [ -81.636444, 30.330488 ], [ -81.6364003, 30.3304421 ], [ -81.6363535, 30.3303935 ], [ -81.6363099, 30.3303504 ], [ -81.6362594, 30.3303027 ] ] }, "id": "way/47281380" }, { "type": "Feature", "properties": { "@id": "way/47281381", "bridge": "yes", "hgv": "designated", "highway": "motorway_link", "lanes": "1", "layer": "1", "maxspeed": "35 mph", "oneway": "yes", "ref": "US 1 Alternate", "source:hgv": "https://www.jacksonville.gov/departments/planning-and-development/transportation-planning/maps-and-data/maps-and-data-docs/coj-truck-route-systems-info.aspx", "source:maxspeed": "FDOT \"Maximum Speed Limits\" GIS data, updated August 27, 2011: http://www.dot.state.fl.us/planning/statistics/gis/roaddata.shtm", "surface": "concrete", "unsigned_ref": "SR 115A" }, "geometry": { "type": "LineString", "coordinates": [ [ -81.6370311, 30.3337757 ], [ -81.6370584, 30.3336284 ] ] }, "id": "way/47281381" }, { "type": "Feature", "properties": { "@id": "way/47281387", "hgv": "designated", "hgv:national_network": "yes", "highway": "motorway", "lanes": "2", "maxspeed": "55 mph", "name": "Martin Luther King Jr. Parkway", "name:etymology:wikidata": "Q8027", "old_name": "Haines Street Expressway", "oneway": "yes", "ref": "US 1 Alternate", "surface": "concrete", "turn:lanes": "|through;slight_right", "unsigned_ref": "SR 115" }, "geometry": { "type": "LineString", "coordinates": [ [ -81.6366101, 30.3350524 ], [ -81.6366037, 30.3352758 ], [ -81.6366162, 30.3363257 ] ] }, "id": "way/47281387" }, { "type": "Feature", "properties": { "@id": "way/47281388", "bridge": "yes", "destination:ref:to": "I 95", "destination:street": "Martin Luther King Jr Parkway", "hgv": "designated", "highway": "motorway", "lanes": "1", "layer": "1", "maxspeed": "45 mph", "oneway": "yes", "ref": "US 1 ALT", "source:hgv": "https://www.jacksonville.gov/departments/planning-and-development/transportation-planning/maps-and-data/maps-and-data-docs/coj-truck-route-systems-info.aspx", "source:maxspeed": "FDOT \"Maximum Speed Limits\" GIS data, updated August 27, 2011: http://www.dot.state.fl.us/planning/statistics/gis/roaddata.shtm", "surface": "concrete", "unsigned_ref": "SR 115A" }, "geometry": { "type": "LineString", "coordinates": [ [ -81.633134, 30.3209632 ], [ -81.6332278, 30.3210076 ], [ -81.6333058, 30.3210473 ], [ -81.6333771, 30.3210847 ], [ -81.6334374, 30.3211196 ], [ -81.6334995, 30.3211568 ], [ -81.6335608, 30.3211962 ], [ -81.6336311, 30.3212474 ], [ -81.633691, 30.3212925 ], [ -81.6337572, 30.3213461 ], [ -81.6338194, 30.3213994 ], [ -81.6338771, 30.3214513 ], [ -81.6339321, 30.3215053 ], [ -81.6339835, 30.3215583 ], [ -81.6340367, 30.3216173 ], [ -81.6340906, 30.3216806 ], [ -81.6341365, 30.3217408 ], [ -81.6341785, 30.3218003 ], [ -81.6342204, 30.3218625 ], [ -81.634256, 30.3219198 ], [ -81.6342947, 30.321985 ], [ -81.6343322, 30.3220535 ], [ -81.6343686, 30.3221259 ], [ -81.6344003, 30.322195 ], [ -81.6344283, 30.3222658 ], [ -81.6344527, 30.3223353 ], [ -81.6344737, 30.3223985 ], [ -81.6344918, 30.322463 ], [ -81.6345105, 30.3225316 ], [ -81.6345251, 30.322601 ], [ -81.634537, 30.3226645 ], [ -81.6345473, 30.3227286 ], [ -81.6345548, 30.3227972 ], [ -81.6345589, 30.322861 ], [ -81.6345617, 30.3229156 ], [ -81.6345631, 30.3229735 ], [ -81.6345631, 30.3230289 ] ] }, "id": "way/47281388" }, { "type": "Feature", "properties": { "@id": "way/47281390", "hgv": "designated", "highway": "motorway_link", "lanes": "1", "maxspeed": "35 mph", "oneway": "yes", "ref": "US 1 Alternate", "source:hgv": "https://www.jacksonville.gov/departments/planning-and-development/transportation-planning/maps-and-data/maps-and-data-docs/coj-truck-route-systems-info.aspx", "source:maxspeed": "FDOT \"Maximum Speed Limits\" GIS data, updated August 27, 2011: http://www.dot.state.fl.us/planning/statistics/gis/roaddata.shtm", "surface": "concrete", "unsigned_ref": "SR 115A" }, "geometry": { "type": "LineString", "coordinates": [ [ -81.6370584, 30.3336284 ], [ -81.6370718, 30.3335614 ], [ -81.6371923, 30.332986 ], [ -81.6372328, 30.3326389 ], [ -81.6372419, 30.332361 ], [ -81.637234, 30.3322131 ], [ -81.6371955, 30.3319246 ], [ -81.6371086, 30.3315729 ] ] }, "id": "way/47281390" }, { "type": "Feature", "properties": { "@id": "way/47281392", "destination": "Southside;Hart Bridge", "destination:ref": "US 1 South ALT", "destination:ref:to": "I 95", "hgv": "designated", "highway": "motorway_link", "lanes": "1", "maxspeed": "35 mph", "oneway": "yes", "ref": "US 1 Alternate", "source:hgv": "https://www.jacksonville.gov/departments/planning-and-development/transportation-planning/maps-and-data/maps-and-data-docs/coj-truck-route-systems-info.aspx", "source:maxspeed": "FDOT \"Maximum Speed Limits\" GIS data, updated August 27, 2011: http://www.dot.state.fl.us/planning/statistics/gis/roaddata.shtm", "surface": "concrete", "unsigned_ref": "SR 115A" }, "geometry": { "type": "LineString", "coordinates": [ [ -81.6367267, 30.3352457 ], [ -81.6369516, 30.3341662 ], [ -81.6369716, 30.3340736 ], [ -81.6370311, 30.3337757 ] ] }, "id": "way/47281392" }, { "type": "Feature", "properties": { "@id": "way/47281700", "bridge": "yes", "hgv": "designated", "highway": "motorway", "lanes": "1", "layer": "1", "maxspeed": "35 mph", "oneway": "yes", "ref": "US 1 ALT", "source:hgv": "https://www.jacksonville.gov/departments/planning-and-development/transportation-planning/maps-and-data/maps-and-data-docs/coj-truck-route-systems-info.aspx", "source:maxspeed": "FDOT \"Maximum Speed Limits\" GIS data, updated August 27, 2011: http://www.dot.state.fl.us/planning/statistics/gis/roaddata.shtm", "surface": "concrete", "unsigned_ref": "SR 115A" }, "geometry": { "type": "LineString", "coordinates": [ [ -81.6346543, 30.328987 ], [ -81.6345949, 30.3289273 ], [ -81.6345297, 30.3288586 ], [ -81.6344583, 30.3287756 ], [ -81.6343998, 30.3287032 ], [ -81.6343372, 30.3286222 ] ] }, "id": "way/47281700" }, { "type": "Feature", "properties": { "@id": "way/47281707", "destination:ref:to": "I 95", "destination:street": "Martin Luther King Jr Parkway", "hgv": "designated", "highway": "motorway_link", "lanes": "1", "maxspeed": "35 mph", "oneway": "yes", "ref": "US 1 Alternate", "source:hgv": "https://www.jacksonville.gov/departments/planning-and-development/transportation-planning/maps-and-data/maps-and-data-docs/coj-truck-route-systems-info.aspx", "source:maxspeed": "FDOT \"Maximum Speed Limits\" GIS data, updated August 27, 2011: http://www.dot.state.fl.us/planning/statistics/gis/roaddata.shtm", "surface": "concrete", "unsigned_ref": "SR 115A" }, "geometry": { "type": "LineString", "coordinates": [ [ -81.6346421, 30.3290765 ], [ -81.6354401, 30.3297481 ], [ -81.6355745, 30.3298647 ], [ -81.6356882, 30.3299633 ], [ -81.6357998, 30.3300605 ], [ -81.6358636, 30.3301177 ], [ -81.6359174, 30.3301696 ], [ -81.6359715, 30.3302238 ], [ -81.6360235, 30.3302811 ], [ -81.6360666, 30.3303334 ], [ -81.6361096, 30.3303874 ], [ -81.6361528, 30.3304432 ], [ -81.6361935, 30.3305024 ], [ -81.6362362, 30.3305709 ] ] }, "id": "way/47281707" }, { "type": "Feature", "properties": { "@id": "way/47281708", "bridge": "yes", "destination:ref:to": "I 95", "destination:street": "Martin Luther King Jr Parkway", "hgv": "designated", "highway": "motorway", "lanes": "1", "layer": "1", "maxspeed": "35 mph", "oneway": "yes", "ref": "US 1 ALT", "source:hgv": "https://www.jacksonville.gov/departments/planning-and-development/transportation-planning/maps-and-data/maps-and-data-docs/coj-truck-route-systems-info.aspx", "source:maxspeed": "FDOT \"Maximum Speed Limits\" GIS data, updated August 27, 2011: http://www.dot.state.fl.us/planning/statistics/gis/roaddata.shtm", "surface": "concrete", "turn:lanes": "through;slight_right", "unsigned_ref": "SR 115A" }, "geometry": { "type": "LineString", "coordinates": [ [ -81.6343223, 30.3287113 ], [ -81.634381, 30.3287847 ], [ -81.6344427, 30.3288581 ], [ -81.6345069, 30.3289342 ], [ -81.634567, 30.3289981 ], [ -81.6346421, 30.3290765 ] ] }, "id": "way/47281708" }, { "type": "Feature", "properties": { "@id": "way/47281709", "hgv": "designated", "highway": "motorway", "lanes": "1", "maxspeed": "35 mph", "oneway": "yes", "ref": "US 1 ALT", "source:hgv": "https://www.jacksonville.gov/departments/planning-and-development/transportation-planning/maps-and-data/maps-and-data-docs/coj-truck-route-systems-info.aspx", "source:maxspeed": "FDOT \"Maximum Speed Limits\" GIS data, updated August 27, 2011: http://www.dot.state.fl.us/planning/statistics/gis/roaddata.shtm", "surface": "concrete", "unsigned_ref": "SR 115A" }, "geometry": { "type": "LineString", "coordinates": [ [ -81.6343372, 30.3286222 ], [ -81.6342849, 30.3285448 ], [ -81.6342448, 30.3284821 ], [ -81.634203, 30.3284144 ], [ -81.6341658, 30.3283496 ], [ -81.6341297, 30.3282843 ], [ -81.6340977, 30.3282219 ], [ -81.6340671, 30.3281575 ], [ -81.6340406, 30.3280961 ], [ -81.6340111, 30.3280273 ], [ -81.633984, 30.3279589 ], [ -81.6339614, 30.3278909 ], [ -81.6339395, 30.3278234 ], [ -81.6339204, 30.3277577 ], [ -81.6339032, 30.3276929 ], [ -81.6338874, 30.3276244 ], [ -81.6338727, 30.3275565 ], [ -81.6338595, 30.3274755 ], [ -81.6338503, 30.3274001 ], [ -81.6338427, 30.3273183 ], [ -81.6338374, 30.32724 ], [ -81.6338338, 30.3271581 ], [ -81.6338324, 30.3270838 ], [ -81.6338332, 30.3270075 ], [ -81.6338359, 30.3269402 ], [ -81.6338409, 30.326877 ], [ -81.6338489, 30.3268062 ], [ -81.6338598, 30.3267284 ], [ -81.6338747, 30.3266466 ], [ -81.6338896, 30.3265657 ], [ -81.6342496, 30.3249442 ] ] }, "id": "way/47281709" }, { "type": "Feature", "properties": { "@id": "way/47281718", "bridge": "yes", "hgv": "designated", "highway": "motorway", "lanes": "1", "layer": "1", "maxspeed": "35 mph", "oneway": "yes", "ref": "US 1 ALT", "source:hgv": "https://www.jacksonville.gov/departments/planning-and-development/transportation-planning/maps-and-data/maps-and-data-docs/coj-truck-route-systems-info.aspx", "source:maxspeed": "FDOT \"Maximum Speed Limits\" GIS data, updated August 27, 2011: http://www.dot.state.fl.us/planning/statistics/gis/roaddata.shtm", "surface": "concrete", "unsigned_ref": "SR 115A" }, "geometry": { "type": "LineString", "coordinates": [ [ -81.6342496, 30.3249442 ], [ -81.634669, 30.3230445 ] ] }, "id": "way/47281718" }, { "type": "Feature", "properties": { "@id": "way/47281719", "destination:ref:to": "I 95", "destination:street": "Martin Luther King Jr Parkway", "hgv": "designated", "highway": "motorway", "lanes": "1", "maxspeed": "35 mph", "oneway": "yes", "ref": "US 1 ALT", "source:hgv": "https://www.jacksonville.gov/departments/planning-and-development/transportation-planning/maps-and-data/maps-and-data-docs/coj-truck-route-systems-info.aspx", "source:maxspeed": "FDOT \"Maximum Speed Limits\" GIS data, updated August 27, 2011: http://www.dot.state.fl.us/planning/statistics/gis/roaddata.shtm", "surface": "concrete", "unsigned_ref": "SR 115A" }, "geometry": { "type": "LineString", "coordinates": [ [ -81.6341814, 30.3249325 ], [ -81.6338218, 30.3265556 ], [ -81.6338059, 30.3266373 ], [ -81.6337904, 30.3267257 ], [ -81.6337784, 30.3268122 ], [ -81.6337681, 30.3268957 ], [ -81.6337632, 30.3269725 ], [ -81.6337602, 30.3270593 ], [ -81.6337608, 30.3271438 ], [ -81.6337628, 30.3272237 ], [ -81.6337693, 30.3273046 ], [ -81.6337757, 30.3273797 ], [ -81.6337854, 30.3274545 ], [ -81.6337972, 30.3275277 ], [ -81.6338109, 30.3275983 ], [ -81.6338267, 30.327671 ], [ -81.6338434, 30.3277369 ], [ -81.6338632, 30.3278102 ], [ -81.6338849, 30.3278832 ], [ -81.6339066, 30.3279496 ], [ -81.6339309, 30.3280172 ], [ -81.6339582, 30.3280823 ], [ -81.6339839, 30.3281443 ], [ -81.6340085, 30.3281977 ], [ -81.6340372, 30.3282572 ], [ -81.6340655, 30.3283143 ], [ -81.6340974, 30.3283723 ], [ -81.6341306, 30.3284304 ], [ -81.6341673, 30.3284912 ], [ -81.634205, 30.3285494 ], [ -81.6342452, 30.3286068 ], [ -81.6342812, 30.3286573 ], [ -81.6343223, 30.3287113 ] ] }, "id": "way/47281719" }, { "type": "Feature", "properties": { "@id": "way/47282586", "bridge": "yes", "hgv": "designated", "highway": "motorway", "lanes": "1", "layer": "1", "maxspeed": "45 mph", "oneway": "yes", "ref": "US 1 ALT", "source:hgv": "https://www.jacksonville.gov/departments/planning-and-development/transportation-planning/maps-and-data/maps-and-data-docs/coj-truck-route-systems-info.aspx", "source:maxspeed": "FDOT \"Maximum Speed Limits\" GIS data, updated August 27, 2011: http://www.dot.state.fl.us/planning/statistics/gis/roaddata.shtm", "surface": "concrete", "unsigned_ref": "SR 115A" }, "geometry": { "type": "LineString", "coordinates": [ [ -81.634669, 30.3230445 ], [ -81.634745, 30.3226979 ], [ -81.6347586, 30.3226357 ], [ -81.63477, 30.3225786 ], [ -81.6347797, 30.3225209 ], [ -81.6347878, 30.3224663 ], [ -81.6347933, 30.3224137 ], [ -81.6347975, 30.3223641 ], [ -81.6347999, 30.3223186 ], [ -81.6348008, 30.3222678 ], [ -81.6348004, 30.3222138 ], [ -81.634798, 30.3221608 ], [ -81.6347935, 30.3220995 ], [ -81.6347877, 30.3220437 ], [ -81.6347803, 30.3219895 ], [ -81.6347712, 30.3219383 ], [ -81.6347602, 30.3218838 ], [ -81.6347468, 30.3218238 ], [ -81.6347325, 30.3217708 ], [ -81.6347153, 30.3217138 ], [ -81.6346977, 30.3216565 ], [ -81.6346757, 30.3215937 ], [ -81.6346563, 30.3215394 ], [ -81.6346347, 30.3214812 ], [ -81.6346125, 30.3214263 ], [ -81.6345887, 30.3213732 ], [ -81.6345615, 30.3213176 ], [ -81.6345267, 30.3212557 ], [ -81.6344875, 30.3211982 ], [ -81.6344493, 30.321147 ], [ -81.6344111, 30.3211004 ], [ -81.6343565, 30.3210395 ], [ -81.634286, 30.3209667 ], [ -81.6342127, 30.3208962 ], [ -81.6341435, 30.3208331 ], [ -81.6340721, 30.3207716 ], [ -81.6340064, 30.3207181 ], [ -81.6339451, 30.3206717 ], [ -81.6338777, 30.3206252 ], [ -81.6338171, 30.3205855 ], [ -81.6337502, 30.3205451 ], [ -81.6336801, 30.3205051 ], [ -81.6336192, 30.320473 ], [ -81.6335556, 30.3204417 ], [ -81.6334899, 30.3204121 ], [ -81.6334285, 30.3203863 ], [ -81.6333657, 30.3203628 ], [ -81.6333011, 30.3203395 ], [ -81.6332355, 30.3203169 ], [ -81.6331663, 30.320296 ], [ -81.6330978, 30.3202771 ], [ -81.6330289, 30.3202613 ], [ -81.632959, 30.3202469 ], [ -81.6328902, 30.3202338 ], [ -81.632817, 30.3202221 ], [ -81.6327468, 30.3202134 ], [ -81.632676, 30.3202065 ], [ -81.6326028, 30.3202005 ], [ -81.6325313, 30.3201955 ], [ -81.6324581, 30.3201912 ], [ -81.6321649, 30.3201736 ], [ -81.6320972, 30.3201686 ], [ -81.6320393, 30.3201628 ], [ -81.631982, 30.3201564 ], [ -81.6319235, 30.3201484 ], [ -81.6318716, 30.3201401 ], [ -81.631818, 30.3201301 ], [ -81.6317631, 30.3201192 ], [ -81.6317073, 30.3201063 ], [ -81.6316516, 30.3200926 ], [ -81.6315962, 30.3200776 ], [ -81.6315399, 30.3200611 ], [ -81.6314786, 30.3200418 ], [ -81.631417, 30.3200209 ], [ -81.6313548, 30.3199989 ], [ -81.6312992, 30.3199769 ], [ -81.6312428, 30.319953 ], [ -81.6311868, 30.3199279 ], [ -81.6311301, 30.3199011 ], [ -81.6310721, 30.3198711 ], [ -81.6310086, 30.3198371 ], [ -81.6309482, 30.3198017 ], [ -81.6308879, 30.3197644 ], [ -81.630829, 30.3197253 ], [ -81.6307635, 30.319677 ], [ -81.630697, 30.3196248 ], [ -81.6306247, 30.3195652 ], [ -81.630536, 30.3194935 ], [ -81.6304527, 30.3194219 ], [ -81.6303696, 30.3193489 ], [ -81.6302811, 30.3192666 ], [ -81.6302079, 30.3191956 ], [ -81.6301396, 30.3191293 ], [ -81.6300676, 30.319058 ], [ -81.6299962, 30.3189821 ], [ -81.6299246, 30.3189033 ] ] }, "id": "way/47282586" }, { "type": "Feature", "properties": { "@id": "way/47318613", "bridge": "yes", "fixme": "Are bikes and peds allowed?", "hgv": "designated", "highway": "motorway", "lanes": "2", "layer": "1", "maxspeed": "55 mph", "name": "Emerson Street Expressway", "oneway": "yes", "ref": "US 1 Alternate", "source:hgv": "https://www.jacksonville.gov/departments/planning-and-development/transportation-planning/maps-and-data/maps-and-data-docs/coj-truck-route-systems-info.aspx", "source:maxspeed": "FDOT \"Maximum Speed Limits\" GIS data, updated August 27, 2011: http://www.dot.state.fl.us/planning/statistics/gis/roaddata.shtm", "surface": "concrete", "tiger:name_base": "Hart", "tiger:name_base_1": "United States Highway A-1", "tiger:name_type": "Expy", "unsigned_ref": "SR 228A" }, "geometry": { "type": "LineString", "coordinates": [ [ -81.6124582, 30.3017105 ], [ -81.6124389, 30.3015399 ], [ -81.6124331, 30.3013756 ], [ -81.6124405, 30.3012128 ] ] }, "id": "way/47318613" }, { "type": "Feature", "properties": { "@id": "way/47318614", "alt_name": "Hart Bridge Expressway", "bridge": "yes", "hgv": "designated", "highway": "motorway", "lanes": "3", "layer": "1", "maxspeed": "50 mph", "name": "Hart Expressway", "official_name": "Commodore Point Expressway", "oneway": "yes", "ref": "US 1 Alternate;SR 228", "source:hgv": "https://www.jacksonville.gov/departments/planning-and-development/transportation-planning/maps-and-data/maps-and-data-docs/coj-truck-route-systems-info.aspx", "source:maxspeed": "sign", "surface": "concrete", "turn:lanes": "||merge_to_left" }, "geometry": { "type": "LineString", "coordinates": [ [ -81.6187721, 30.3080423 ], [ -81.6189292, 30.3081475 ], [ -81.6190618, 30.3082323 ], [ -81.6191803, 30.3083011 ], [ -81.6192905, 30.3083629 ] ] }, "id": "way/47318614" }, { "type": "Feature", "properties": { "@id": "way/47318615", "alt_name": "Hart Bridge Expressway", "hgv": "designated", "highway": "motorway", "lanes": "2", "maxspeed": "50 mph", "name": "Hart Expressway", "official_name": "Commodore Point Expressway", "oneway": "yes", "ref": "US 1 Alternate;SR 228", "source:hgv": "https://www.jacksonville.gov/departments/planning-and-development/transportation-planning/maps-and-data/maps-and-data-docs/coj-truck-route-systems-info.aspx", "source:maxspeed": "sign", "surface": "concrete" }, "geometry": { "type": "LineString", "coordinates": [ [ -81.6203334, 30.3088293 ], [ -81.6215664, 30.3092559 ], [ -81.6218652, 30.3093648 ] ] }, "id": "way/47318615" }, { "type": "Feature", "properties": { "@id": "way/47318616", "alt_name": "Hart Bridge Expressway", "hgv": "designated", "highway": "motorway", "lanes": "2", "maxspeed": "50 mph", "name": "Hart Expressway", "official_name": "Commodore Point Expressway", "oneway": "yes", "ref": "US 1 Alternate;SR 228", "source:hgv": "https://www.jacksonville.gov/departments/planning-and-development/transportation-planning/maps-and-data/maps-and-data-docs/coj-truck-route-systems-info.aspx", "source:maxspeed": "sign", "surface": "concrete", "turn:lanes": "|through;slight_right" }, "geometry": { "type": "LineString", "coordinates": [ [ -81.6186896, 30.3077973 ], [ -81.6184147, 30.3075657 ], [ -81.6171835, 30.3064534 ], [ -81.616217, 30.3055954 ] ] }, "id": "way/47318616" }, { "type": "Feature", "properties": { "@id": "way/47318617", "alt_name": "Hart Bridge Expressway", "bridge": "yes", "destination:lanes": "|Emerson Street|Atlantic Boulevard;Art Museum Drive", "hgv": "designated", "highway": "motorway", "lanes": "3", "layer": "1", "maxspeed": "50 mph", "name": "Hart Expressway", "official_name": "Commodore Point Expressway", "oneway": "yes", "ref": "US 1 Alternate;SR 228", "source:hgv": "https://www.jacksonville.gov/departments/planning-and-development/transportation-planning/maps-and-data/maps-and-data-docs/coj-truck-route-systems-info.aspx", "source:maxspeed": "sign", "surface": "concrete", "turn:lanes": "||slight_right" }, "geometry": { "type": "LineString", "coordinates": [ [ -81.6194618, 30.3083121 ], [ -81.6193209, 30.3082297 ], [ -81.6191996, 30.3081552 ], [ -81.6190823, 30.3080807 ], [ -81.6189482, 30.3079901 ] ] }, "id": "way/47318617" }, { "type": "Feature", "properties": { "@id": "way/47318618", "bridge": "yes", "fixme": "Are bikes and peds allowed?", "hgv": "designated", "highway": "motorway", "lanes": "2", "layer": "1", "maxspeed": "55 mph", "name": "Emerson Street Expressway", "oneway": "yes", "ref": "US 1 Alternate", "source:hgv": "https://www.jacksonville.gov/departments/planning-and-development/transportation-planning/maps-and-data/maps-and-data-docs/coj-truck-route-systems-info.aspx", "source:maxspeed": "FDOT \"Maximum Speed Limits\" GIS data, updated August 27, 2011: http://www.dot.state.fl.us/planning/statistics/gis/roaddata.shtm", "surface": "concrete", "tiger:name_base": "Hart", "tiger:name_base_1": "United States Highway A-1", "tiger:name_type": "Expy", "unsigned_ref": "SR 228A" }, "geometry": { "type": "LineString", "coordinates": [ [ -81.6121289, 30.3013482 ], [ -81.6120766, 30.3015474 ], [ -81.6120396, 30.3017491 ], [ -81.6120227, 30.3019576 ], [ -81.6120215, 30.3021318 ], [ -81.612039, 30.3023001 ], [ -81.61208, 30.3025053 ], [ -81.612115, 30.3026321 ], [ -81.6121599, 30.3027609 ], [ -81.6122237, 30.3029175 ] ] }, "id": "way/47318618" }, { "type": "Feature", "properties": { "@id": "way/47318619", "fixme": "Are bikes and peds allowed?", "hgv": "designated", "highway": "motorway", "lanes": "2", "maxspeed": "55 mph", "name": "Emerson Street Expressway", "oneway": "yes", "ref": "US 1 Alternate", "source:hgv": "https://www.jacksonville.gov/departments/planning-and-development/transportation-planning/maps-and-data/maps-and-data-docs/coj-truck-route-systems-info.aspx", "source:maxspeed": "FDOT \"Maximum Speed Limits\" GIS data, updated August 27, 2011: http://www.dot.state.fl.us/planning/statistics/gis/roaddata.shtm", "surface": "concrete", "tiger:name_base": "Hart", "tiger:name_base_1": "United States Highway A-1", "tiger:name_type": "Expy", "unsigned_ref": "SR 228A" }, "geometry": { "type": "LineString", "coordinates": [ [ -81.6124405, 30.3012128 ], [ -81.6124532, 30.3010946 ], [ -81.6124774, 30.3009771 ], [ -81.612501, 30.3008845 ], [ -81.612537, 30.3007697 ], [ -81.6125947, 30.3006162 ], [ -81.6128071, 30.3001799 ] ] }, "id": "way/47318619" }, { "type": "Feature", "properties": { "@id": "way/47318620", "fixme": "Are bikes and peds allowed?", "hgv": "designated", "highway": "motorway", "lanes": "2", "maxspeed": "55 mph", "name": "Emerson Street Expressway", "oneway": "yes", "ref": "US 1 Alternate", "source:hgv": "https://www.jacksonville.gov/departments/planning-and-development/transportation-planning/maps-and-data/maps-and-data-docs/coj-truck-route-systems-info.aspx", "source:maxspeed": "FDOT \"Maximum Speed Limits\" GIS data, updated August 27, 2011: http://www.dot.state.fl.us/planning/statistics/gis/roaddata.shtm", "surface": "concrete", "tiger:name_base": "Hart", "tiger:name_base_1": "United States Highway A-1", "tiger:name_type": "Expy", "unsigned_ref": "SR 228A" }, "geometry": { "type": "LineString", "coordinates": [ [ -81.6122237, 30.3029175 ], [ -81.6122877, 30.3030339 ], [ -81.6123572, 30.303145 ], [ -81.612432, 30.303256 ], [ -81.6125145, 30.3033685 ], [ -81.6126036, 30.3034775 ], [ -81.6127558, 30.3036277 ], [ -81.6128917, 30.3037496 ], [ -81.6130941, 30.3038983 ], [ -81.6133126, 30.3040377 ], [ -81.6138179, 30.3042947 ], [ -81.6144033, 30.3046161 ] ] }, "id": "way/47318620" }, { "type": "Feature", "properties": { "@id": "way/47318624", "alt_name": "Hart Bridge Expressway", "hgv": "designated", "highway": "motorway", "lanes": "3", "maxspeed": "60 mph", "name": "Hart Expressway", "official_name": "Commodore Point Expressway", "oneway": "yes", "ref": "US 1 Alternate;SR 228", "source:hgv": "https://www.jacksonville.gov/departments/planning-and-development/transportation-planning/maps-and-data/maps-and-data-docs/coj-truck-route-systems-info.aspx", "source:maxspeed": "sign", "surface": "concrete", "turn:lanes": "||merge_to_left" }, "geometry": { "type": "LineString", "coordinates": [ [ -81.6163699, 30.3059421 ], [ -81.6174248, 30.3068869 ] ] }, "id": "way/47318624" }, { "type": "Feature", "properties": { "@id": "way/47321667", "hgv": "designated", "highway": "trunk", "lanes": "5", "lanes:backward": "2", "lanes:both_ways": "1", "lanes:forward": "2", "maxspeed": "40 mph", "name": "Emerson Street Expressway", "oneway": "no", "ref": "US 1 Alternate;SR 126", "source:hgv": "https://www.jacksonville.gov/departments/planning-and-development/transportation-planning/maps-and-data/maps-and-data-docs/coj-truck-route-systems-info.aspx", "source:maxspeed": "FDOT \"Maximum Speed Limits\" GIS data, updated August 27, 2011: http://www.dot.state.fl.us/planning/statistics/gis/roaddata.shtm", "surface": "asphalt", "turn:lanes:both_ways": "left" }, "geometry": { "type": "LineString", "coordinates": [ [ -81.6157873, 30.2930565 ], [ -81.6162317, 30.291961 ], [ -81.616269, 30.2918754 ], [ -81.616305, 30.2917981 ], [ -81.6163543, 30.2917068 ], [ -81.6164073, 30.2916126 ], [ -81.6164631, 30.2915279 ], [ -81.6165284, 30.2914383 ], [ -81.6165985, 30.2913512 ], [ -81.6166773, 30.2912609 ], [ -81.6167558, 30.2911822 ], [ -81.6168327, 30.2911103 ], [ -81.6169219, 30.2910313 ] ] }, "id": "way/47321667" }, { "type": "Feature", "properties": { "@id": "way/47321668", "HFCS": "Urban Minor Arterial", "hgv": "designated", "highway": "primary", "lanes": "4", "maxspeed": "40 mph", "name": "Emerson Street", "ref": "US 1 Alternate;SR 126", "sidewalk": "both", "source:hgv": "https://www.jacksonville.gov/departments/planning-and-development/transportation-planning/maps-and-data/maps-and-data-docs/coj-truck-route-systems-info.aspx", "source:maxspeed": "FDOT \"Maximum Speed Limits\" GIS data, updated August 27, 2011: http://www.dot.state.fl.us/planning/statistics/gis/roaddata.shtm", "surface": "asphalt", "tiger:name_base": "Emerson", "tiger:name_base_1": "State Highway 126;Emerson", "tiger:name_base_2": "United States Highway 1 (Alt)", "tiger:name_base_3": "State Highway 126", "tiger:name_type": "St;Expy", "tiger:name_type_1": "St" }, "geometry": { "type": "LineString", "coordinates": [ [ -81.6202911, 30.290565 ], [ -81.6205086, 30.2905838 ], [ -81.6213829, 30.2906656 ], [ -81.6214653, 30.2906733 ], [ -81.6220622, 30.2907287 ], [ -81.6221133, 30.2907334 ], [ -81.6226046, 30.2907799 ] ] }, "id": "way/47321668" }, { "type": "Feature", "properties": { "@id": "way/47321670", "hgv": "designated", "highway": "motorway", "lanes": "2", "maxspeed": "55 mph", "name": "Emerson Street Expressway", "oneway": "yes", "ref": "US 1 Alternate", "source:hgv": "https://www.jacksonville.gov/departments/planning-and-development/transportation-planning/maps-and-data/maps-and-data-docs/coj-truck-route-systems-info.aspx", "source:maxspeed": "FDOT \"Maximum Speed Limits\" GIS data, updated August 27, 2011: http://www.dot.state.fl.us/planning/statistics/gis/roaddata.shtm", "surface": "concrete", "tiger:name_base": "Hart", "tiger:name_base_1": "United States Highway A-1", "tiger:name_type": "Expy", "unsigned_ref": "SR 228A" }, "geometry": { "type": "LineString", "coordinates": [ [ -81.6143446, 30.2964271 ], [ -81.6140574, 30.2971172 ], [ -81.6137229, 30.2979301 ], [ -81.613492, 30.2984525 ], [ -81.6132301, 30.2990085 ], [ -81.6128922, 30.299712 ] ] }, "id": "way/47321670" }, { "type": "Feature", "properties": { "@id": "way/47321671", "bridge": "yes", "hgv": "designated", "highway": "motorway", "lanes": "2", "layer": "1", "maxspeed": "55 mph", "name": "Emerson Street Expressway", "oneway": "yes", "ref": "US 1 Alternate", "source:hgv": "https://www.jacksonville.gov/departments/planning-and-development/transportation-planning/maps-and-data/maps-and-data-docs/coj-truck-route-systems-info.aspx", "source:maxspeed": "FDOT \"Maximum Speed Limits\" GIS data, updated August 27, 2011: http://www.dot.state.fl.us/planning/statistics/gis/roaddata.shtm", "surface": "concrete", "tiger:name_base": "Hart", "tiger:name_base_1": "United States Highway A-1", "tiger:name_type": "Expy", "unsigned_ref": "SR 228A" }, "geometry": { "type": "LineString", "coordinates": [ [ -81.6145269, 30.2959795 ], [ -81.6143446, 30.2964271 ] ] }, "id": "way/47321671" }, { "type": "Feature", "properties": { "@id": "way/47321675", "hgv": "designated", "highway": "motorway", "lanes": "2", "maxspeed": "55 mph", "name": "Emerson Street Expressway", "oneway": "yes", "ref": "US 1 Alternate", "source:hgv": "https://www.jacksonville.gov/departments/planning-and-development/transportation-planning/maps-and-data/maps-and-data-docs/coj-truck-route-systems-info.aspx", "source:maxspeed": "FDOT \"Maximum Speed Limits\" GIS data, updated August 27, 2011: http://www.dot.state.fl.us/planning/statistics/gis/roaddata.shtm", "surface": "concrete", "tiger:name_base": "Hart", "tiger:name_base_1": "United States Highway A-1", "tiger:name_type": "Expy", "unsigned_ref": "SR 228A" }, "geometry": { "type": "LineString", "coordinates": [ [ -81.6133461, 30.2990504 ], [ -81.6136097, 30.2984854 ], [ -81.6138503, 30.2979428 ], [ -81.6144665, 30.2964642 ] ] }, "id": "way/47321675" }, { "type": "Feature", "properties": { "@id": "way/47321676", "bridge": "yes", "fixme": "Are bikes and peds allowed?", "hgv": "designated", "highway": "motorway", "lanes": "2", "layer": "1", "maxspeed": "55 mph", "name": "Emerson Street Expressway", "oneway": "yes", "ref": "US 1 Alternate", "source:hgv": "https://www.jacksonville.gov/departments/planning-and-development/transportation-planning/maps-and-data/maps-and-data-docs/coj-truck-route-systems-info.aspx", "source:maxspeed": "FDOT \"Maximum Speed Limits\" GIS data, updated August 27, 2011: http://www.dot.state.fl.us/planning/statistics/gis/roaddata.shtm", "surface": "concrete", "tiger:name_base": "Hart", "tiger:name_base_1": "United States Highway A-1", "tiger:name_type": "Expy", "unsigned_ref": "SR 228A" }, "geometry": { "type": "LineString", "coordinates": [ [ -81.6128922, 30.299712 ], [ -81.612714, 30.3000861 ] ] }, "id": "way/47321676" }, { "type": "Feature", "properties": { "@id": "way/47321677", "fixme": "Are bikes and peds allowed?", "hgv": "designated", "highway": "motorway", "lanes": "2", "maxspeed": "55 mph", "name": "Emerson Street Expressway", "oneway": "yes", "ref": "US 1 Alternate", "source:hgv": "https://www.jacksonville.gov/departments/planning-and-development/transportation-planning/maps-and-data/maps-and-data-docs/coj-truck-route-systems-info.aspx", "source:maxspeed": "FDOT \"Maximum Speed Limits\" GIS data, updated August 27, 2011: http://www.dot.state.fl.us/planning/statistics/gis/roaddata.shtm", "surface": "concrete", "tiger:name_base": "Hart", "tiger:name_base_1": "United States Highway A-1", "tiger:name_type": "Expy", "unsigned_ref": "SR 228A" }, "geometry": { "type": "LineString", "coordinates": [ [ -81.612714, 30.3000861 ], [ -81.6124828, 30.3005598 ], [ -81.6122844, 30.3009829 ], [ -81.6121986, 30.3011702 ], [ -81.6121289, 30.3013482 ] ] }, "id": "way/47321677" }, { "type": "Feature", "properties": { "@id": "way/47321678", "hgv": "designated", "highway": "motorway", "lanes": "2", "maxspeed": "55 mph", "name": "Emerson Street Expressway", "oneway": "yes", "ref": "US 1 Alternate", "source:hgv": "https://www.jacksonville.gov/departments/planning-and-development/transportation-planning/maps-and-data/maps-and-data-docs/coj-truck-route-systems-info.aspx", "source:maxspeed": "FDOT \"Maximum Speed Limits\" GIS data, updated August 27, 2011: http://www.dot.state.fl.us/planning/statistics/gis/roaddata.shtm", "surface": "concrete", "tiger:name_base": "Hart", "tiger:name_base_1": "United States Highway A-1", "tiger:name_type": "Expy", "unsigned_ref": "SR 228A" }, "geometry": { "type": "LineString", "coordinates": [ [ -81.6146479, 30.2960171 ], [ -81.6152897, 30.2944344 ], [ -81.6154474, 30.2940453 ] ] }, "id": "way/47321678" }, { "type": "Feature", "properties": { "@id": "way/47321679", "bridge": "yes", "hgv": "designated", "highway": "motorway", "lanes": "3", "layer": "1", "maxspeed": "55 mph", "name": "Emerson Street Expressway", "oneway": "yes", "ref": "US 1 Alternate", "source:hgv": "https://www.jacksonville.gov/departments/planning-and-development/transportation-planning/maps-and-data/maps-and-data-docs/coj-truck-route-systems-info.aspx", "source:maxspeed": "FDOT \"Maximum Speed Limits\" GIS data, updated August 27, 2011: http://www.dot.state.fl.us/planning/statistics/gis/roaddata.shtm", "surface": "concrete", "tiger:name_base": "Hart", "tiger:name_base_1": "United States Highway A-1", "tiger:name_type": "Expy", "turn:lanes": "none|none|right", "unsigned_ref": "SR 228A" }, "geometry": { "type": "LineString", "coordinates": [ [ -81.6144665, 30.2964642 ], [ -81.6146479, 30.2960171 ] ] }, "id": "way/47321679" }, { "type": "Feature", "properties": { "@id": "way/47321682", "bridge": "yes", "fixme": "Are bikes and peds allowed?", "hgv": "designated", "highway": "motorway", "lanes": "2", "layer": "1", "maxspeed": "55 mph", "name": "Emerson Street Expressway", "oneway": "yes", "ref": "US 1 Alternate", "source:hgv": "https://www.jacksonville.gov/departments/planning-and-development/transportation-planning/maps-and-data/maps-and-data-docs/coj-truck-route-systems-info.aspx", "source:maxspeed": "FDOT \"Maximum Speed Limits\" GIS data, updated August 27, 2011: http://www.dot.state.fl.us/planning/statistics/gis/roaddata.shtm", "surface": "concrete", "tiger:name_base": "Hart", "tiger:name_base_1": "United States Highway A-1", "tiger:name_type": "Expy", "unsigned_ref": "SR 228A" }, "geometry": { "type": "LineString", "coordinates": [ [ -81.6128071, 30.3001799 ], [ -81.6129845, 30.2998081 ] ] }, "id": "way/47321682" }, { "type": "Feature", "properties": { "@id": "way/86302301", "destination:lanes": "Hart Bridge|Atlantic Boulevard|Atlantic Boulevard", "fixme": "Are bikes and peds allowed?", "hgv": "designated", "highway": "motorway", "lanes": "3", "maxspeed": "55 mph", "name": "Emerson Street Expressway", "oneway": "yes", "ref": "US 1 Alternate", "source:hgv": "https://www.jacksonville.gov/departments/planning-and-development/transportation-planning/maps-and-data/maps-and-data-docs/coj-truck-route-systems-info.aspx", "source:maxspeed": "FDOT \"Maximum Speed Limits\" GIS data, updated August 27, 2011: http://www.dot.state.fl.us/planning/statistics/gis/roaddata.shtm", "surface": "concrete", "tiger:name_base": "Hart", "tiger:name_base_1": "United States Highway A-1", "tiger:name_type": "Expy", "turn:lanes": "|slight_right|slight_right", "unsigned_ref": "SR 228A" }, "geometry": { "type": "LineString", "coordinates": [ [ -81.6144033, 30.3046161 ], [ -81.6145513, 30.3046984 ], [ -81.6147053, 30.3047903 ], [ -81.6148734, 30.3049005 ] ] }, "id": "way/86302301" }, { "type": "Feature", "properties": { "@id": "way/86302308", "NHS": "intermodal", "fdot:sis": "yes (connector)", "hgv": "designated", "hgv:national_network": "yes", "highway": "motorway", "lanes": "2", "maxspeed": "55 mph", "name": "Martin Luther King Jr. Parkway", "name:etymology:wikidata": "Q8027", "old_name": "20th Street Expressway", "oneway": "yes", "ref": "US 1 Alternate", "surface": "concrete", "unsigned_ref": "SR 115" }, "geometry": { "type": "LineString", "coordinates": [ [ -81.654287, 30.3564378 ], [ -81.6579859, 30.3564033 ] ] }, "id": "way/86302308" }, { "type": "Feature", "properties": { "@id": "way/86302390", "fixme": "Are bikes and peds allowed?", "hgv": "designated", "highway": "motorway", "lanes": "1", "maxspeed": "55 mph", "name": "Emerson Street Expressway", "oneway": "yes", "ref": "US 1 Alternate", "source:hgv": "https://www.jacksonville.gov/departments/planning-and-development/transportation-planning/maps-and-data/maps-and-data-docs/coj-truck-route-systems-info.aspx", "source:maxspeed": "FDOT \"Maximum Speed Limits\" GIS data, updated August 27, 2011: http://www.dot.state.fl.us/planning/statistics/gis/roaddata.shtm", "surface": "concrete", "tiger:name_base": "Hart", "tiger:name_base_1": "United States Highway A-1", "tiger:name_type": "Expy", "unsigned_ref": "SR 228A" }, "geometry": { "type": "LineString", "coordinates": [ [ -81.6148734, 30.3049005 ], [ -81.6152472, 30.3051286 ], [ -81.6153811, 30.3052121 ], [ -81.615516, 30.3053032 ], [ -81.6156391, 30.3053936 ], [ -81.6163699, 30.3059421 ] ] }, "id": "way/86302390" }, { "type": "Feature", "properties": { "@id": "way/86302394", "alt_name": "Hart Bridge Expressway", "hgv": "designated", "highway": "motorway", "lanes": "3", "maxspeed": "60 mph", "name": "Hart Expressway", "official_name": "Commodore Point Expressway", "oneway": "yes", "ref": "US 1 Alternate;SR 228", "source:hgv": "https://www.jacksonville.gov/departments/planning-and-development/transportation-planning/maps-and-data/maps-and-data-docs/coj-truck-route-systems-info.aspx", "source:maxspeed": "sign", "surface": "concrete", "turn:lanes": "||slight_right" }, "geometry": { "type": "LineString", "coordinates": [ [ -81.616217, 30.3055954 ], [ -81.6158881, 30.3053107 ], [ -81.6154974, 30.304981 ], [ -81.6151875, 30.304725 ] ] }, "id": "way/86302394" }, { "type": "Feature", "properties": { "@id": "way/86302425", "NHS": "intermodal", "fdot:sis": "yes (connector)", "hgv": "designated", "hgv:national_network": "yes", "highway": "motorway", "lanes": "2", "maxspeed": "55 mph", "name": "Martin Luther King Jr. Parkway", "name:etymology:wikidata": "Q8027", "old_name": "20th Street Expressway", "oneway": "yes", "ref": "US 1 Alternate", "surface": "concrete", "unsigned_ref": "SR 115" }, "geometry": { "type": "LineString", "coordinates": [ [ -81.6463111, 30.3562092 ], [ -81.648669, 30.3561492 ], [ -81.6487942, 30.3561482 ], [ -81.6489389, 30.356147 ] ] }, "id": "way/86302425" }, { "type": "Feature", "properties": { "@id": "way/86302476", "NHS": "intermodal", "fdot:sis": "yes (connector)", "hgv": "designated", "hgv:national_network": "yes", "highway": "motorway", "lanes": "2", "maxspeed": "55 mph", "name": "Martin Luther King Jr. Parkway", "name:etymology:wikidata": "Q8027", "old_name": "20th Street Expressway", "oneway": "yes", "ref": "US 1 Alternate", "surface": "concrete", "unsigned_ref": "SR 115" }, "geometry": { "type": "LineString", "coordinates": [ [ -81.6536111, 30.3563586 ], [ -81.6528798, 30.3563652 ], [ -81.6527502, 30.356366 ], [ -81.6526263, 30.3563646 ], [ -81.6524976, 30.356361 ], [ -81.6523767, 30.3563573 ], [ -81.6522514, 30.3563519 ], [ -81.6521246, 30.3563451 ], [ -81.6520032, 30.356336 ], [ -81.6518791, 30.3563268 ], [ -81.6517537, 30.3563142 ], [ -81.6516273, 30.3562998 ], [ -81.6515044, 30.3562859 ], [ -81.6502593, 30.3561357 ], [ -81.6501297, 30.3561217 ], [ -81.6500102, 30.35611 ], [ -81.6498779, 30.3560971 ], [ -81.6497553, 30.3560874 ], [ -81.6496369, 30.35608 ], [ -81.6495158, 30.3560728 ] ] }, "id": "way/86302476" }, { "type": "Feature", "properties": { "@id": "way/129073805", "NHS": "intermodal", "hgv": "designated", "hgv:national_network": "yes", "highway": "motorway", "lanes": "2", "maxspeed": "55 mph", "name": "Martin Luther King Jr. Parkway", "name:etymology:wikidata": "Q8027", "old_name": "Haines Street Expressway", "oneway": "yes", "ref": "US 1 Alternate", "surface": "concrete", "unsigned_ref": "SR 115" }, "geometry": { "type": "LineString", "coordinates": [ [ -81.6369447, 30.3511079 ], [ -81.6369259, 30.3499867 ] ] }, "id": "way/129073805" }, { "type": "Feature", "properties": { "@id": "way/129073809", "NHS": "intermodal", "hgv": "designated", "hgv:national_network": "yes", "highway": "motorway", "lanes": "2", "maxspeed": "55 mph", "name": "Martin Luther King Jr. Parkway", "name:etymology:wikidata": "Q8027", "old_name": "20th Street Expressway", "oneway": "yes", "ref": "US 1 Alternate", "surface": "concrete", "unsigned_ref": "SR 115" }, "geometry": { "type": "LineString", "coordinates": [ [ -81.6414326, 30.3563287 ], [ -81.6430394, 30.3562844 ], [ -81.6439932, 30.3562652 ], [ -81.6447754, 30.3562642 ] ] }, "id": "way/129073809" }, { "type": "Feature", "properties": { "@id": "way/129073810", "NHS": "intermodal", "hgv": "designated", "hgv:national_network": "yes", "highway": "motorway", "lanes": "2", "maxspeed": "50 mph", "name": "Martin Luther King Jr. Parkway", "name:etymology:wikidata": "Q8027", "old_name": "Haines Street Expressway", "oneway": "yes", "ref": "US 1 Alternate", "surface": "asphalt", "unsigned_ref": "SR 115" }, "geometry": { "type": "LineString", "coordinates": [ [ -81.6368249, 30.3511144 ], [ -81.6368506, 30.3531052 ], [ -81.6368946, 30.3536188 ], [ -81.636919, 30.3538559 ], [ -81.6369444, 30.354081 ], [ -81.6369873, 30.3542925 ] ] }, "id": "way/129073810" }, { "type": "Feature", "properties": { "@id": "way/129073833", "bridge": "yes", "destination:ref:to": "I 95", "destination:street": "Martin Luther King Jr Parkway", "hgv": "designated", "highway": "motorway", "lanes": "1", "layer": "1", "maxspeed": "35 mph", "oneway": "yes", "ref": "US 1 ALT", "source:hgv": "https://www.jacksonville.gov/departments/planning-and-development/transportation-planning/maps-and-data/maps-and-data-docs/coj-truck-route-systems-info.aspx", "source:maxspeed": "FDOT \"Maximum Speed Limits\" GIS data, updated August 27, 2011: http://www.dot.state.fl.us/planning/statistics/gis/roaddata.shtm", "surface": "concrete", "unsigned_ref": "SR 115A" }, "geometry": { "type": "LineString", "coordinates": [ [ -81.6345631, 30.3230289 ], [ -81.6345616, 30.323079 ], [ -81.6345583, 30.3231362 ], [ -81.6345536, 30.3231905 ], [ -81.6345456, 30.3232589 ], [ -81.6345373, 30.3233161 ], [ -81.6345272, 30.3233721 ], [ -81.634515, 30.3234332 ], [ -81.6341814, 30.3249325 ] ] }, "id": "way/129073833" }, { "type": "Feature", "properties": { "@id": "way/129089728", "alt_name": "Hart Bridge Expressway", "hgv": "designated", "highway": "motorway", "lanes": "2", "maxspeed": "50 mph", "name": "Hart Expressway", "official_name": "Commodore Point Expressway", "oneway": "yes", "ref": "US 1 Alternate;SR 228", "source:hgv": "https://www.jacksonville.gov/departments/planning-and-development/transportation-planning/maps-and-data/maps-and-data-docs/coj-truck-route-systems-info.aspx", "source:maxspeed": "sign", "surface": "concrete" }, "geometry": { "type": "LineString", "coordinates": [ [ -81.6174248, 30.3068869 ], [ -81.6183166, 30.3076915 ], [ -81.6184686, 30.3078165 ], [ -81.6186111, 30.3079259 ], [ -81.6187721, 30.3080423 ] ] }, "id": "way/129089728" }, { "type": "Feature", "properties": { "@id": "way/162866132", "NHS": "intermodal", "bridge": "yes", "hgv": "designated", "hgv:national_network": "yes", "highway": "motorway", "lanes": "2", "layer": "1", "maxspeed": "50 mph", "name": "Martin Luther King Jr. Parkway", "name:etymology:wikidata": "Q8027", "old_name": "Haines Street Expressway", "oneway": "yes", "ref": "US 1 Alternate", "surface": "asphalt", "unsigned_ref": "SR 115" }, "geometry": { "type": "LineString", "coordinates": [ [ -81.6374243, 30.3547124 ], [ -81.6373186, 30.3545275 ], [ -81.6372163, 30.3543088 ] ] }, "id": "way/162866132" }, { "type": "Feature", "properties": { "@id": "way/162866141", "NHS": "intermodal", "bridge": "yes", "hgv": "designated", "hgv:national_network": "yes", "highway": "motorway", "lanes": "2", "layer": "1", "maxspeed": "35 mph", "name": "Martin Luther King Jr. Parkway", "name:etymology:wikidata": "Q8027", "old_name": "Haines Street Expressway", "oneway": "yes", "ref": "US 1 Alternate", "turn:lanes": "none|through;slight_right", "unsigned_ref": "SR 115" }, "geometry": { "type": "LineString", "coordinates": [ [ -81.6369873, 30.3542925 ], [ -81.6370725, 30.354522 ], [ -81.637171, 30.354745 ] ] }, "id": "way/162866141" }, { "type": "Feature", "properties": { "@id": "way/162866150", "NHS": "intermodal", "bridge": "yes", "hgv": "designated", "hgv:national_network": "yes", "highway": "motorway", "lanes": "2", "layer": "1", "maxspeed": "35 mph", "name": "Martin Luther King Jr. Parkway", "name:etymology:wikidata": "Q8027", "old_name": "Haines Street Expressway", "oneway": "yes", "ref": "US 1 Alternate", "unsigned_ref": "SR 115" }, "geometry": { "type": "LineString", "coordinates": [ [ -81.6372784, 30.3549356 ], [ -81.6373453, 30.3550436 ] ] }, "id": "way/162866150" }, { "type": "Feature", "properties": { "@id": "way/162866181", "NHS": "intermodal", "hgv": "designated", "hgv:national_network": "yes", "highway": "motorway", "lanes": "2", "maxspeed": "55 mph", "name": "Martin Luther King Jr. Parkway", "name:etymology:wikidata": "Q8027", "old_name": "20th Street Expressway", "oneway": "yes", "ref": "US 1 Alternate", "surface": "concrete", "unsigned_ref": "SR 115" }, "geometry": { "type": "LineString", "coordinates": [ [ -81.6435278, 30.3561587 ], [ -81.6414064, 30.3562117 ] ] }, "id": "way/162866181" }, { "type": "Feature", "properties": { "@id": "way/162866187", "NHS": "intermodal", "hgv": "designated", "hgv:national_network": "yes", "highway": "motorway", "lanes": "2", "maxspeed": "50 mph", "name": "Martin Luther King Jr. Parkway", "name:etymology:wikidata": "Q8027", "old_name": "20th Street Expressway", "oneway": "yes", "ref": "US 1 Alternate", "surface": "asphalt", "unsigned_ref": "SR 115" }, "geometry": { "type": "LineString", "coordinates": [ [ -81.6373453, 30.3550436 ], [ -81.6374191, 30.3551378 ], [ -81.6374908, 30.3552305 ], [ -81.637562, 30.3553106 ], [ -81.63765, 30.3553966 ], [ -81.6377357, 30.355477 ], [ -81.637818, 30.3555543 ], [ -81.6379109, 30.3556288 ], [ -81.6380005, 30.3556984 ], [ -81.6381069, 30.3557746 ], [ -81.6381978, 30.355836 ], [ -81.6382926, 30.3558948 ], [ -81.6384088, 30.3559568 ], [ -81.6385386, 30.3560177 ], [ -81.6386488, 30.3560637 ], [ -81.6387641, 30.3561098 ], [ -81.6388783, 30.3561504 ], [ -81.6389936, 30.356183 ], [ -81.6391143, 30.3562162 ], [ -81.639262, 30.3562481 ], [ -81.6393736, 30.3562727 ], [ -81.6395111, 30.356297 ], [ -81.6396435, 30.3563138 ], [ -81.6397712, 30.3563228 ], [ -81.6398905, 30.356334 ], [ -81.6400176, 30.3563414 ], [ -81.640275, 30.3563428 ], [ -81.6408789, 30.3563399 ] ] }, "id": "way/162866187" }, { "type": "Feature", "properties": { "@id": "way/191920679", "NHS": "intermodal", "hgv": "designated", "hgv:national_network": "yes", "highway": "motorway", "lanes": "2", "maxspeed": "55 mph", "name": "Martin Luther King Jr. Parkway", "name:etymology:wikidata": "Q8027", "old_name": "Haines Street Expressway", "oneway": "yes", "ref": "US 1 Alternate", "unsigned_ref": "SR 115" }, "geometry": { "type": "LineString", "coordinates": [ [ -81.6367768, 30.3477951 ], [ -81.6367949, 30.3494419 ] ] }, "id": "way/191920679" }, { "type": "Feature", "properties": { "@id": "way/191920785", "hgv": "designated", "hgv:national_network": "yes", "highway": "motorway", "lanes": "2", "maxspeed": "55 mph", "name": "Martin Luther King Jr. Parkway", "name:etymology:wikidata": "Q8027", "old_name": "Haines Street Expressway", "oneway": "yes", "ref": "US 1 Alternate", "surface": "asphalt", "unsigned_ref": "SR 115" }, "geometry": { "type": "LineString", "coordinates": [ [ -81.6368881, 30.3473564 ], [ -81.6368777, 30.3468209 ], [ -81.6368531, 30.3461722 ], [ -81.636837, 30.3455006 ] ] }, "id": "way/191920785" }, { "type": "Feature", "properties": { "@id": "way/196948103", "hgv": "designated", "highway": "motorway", "lanes": "2", "maxspeed": "55 mph", "name": "Emerson Street Expressway", "oneway": "yes", "ref": "US 1 Alternate", "source:hgv": "https://www.jacksonville.gov/departments/planning-and-development/transportation-planning/maps-and-data/maps-and-data-docs/coj-truck-route-systems-info.aspx", "source:maxspeed": "FDOT \"Maximum Speed Limits\" GIS data, updated August 27, 2011: http://www.dot.state.fl.us/planning/statistics/gis/roaddata.shtm", "surface": "asphalt", "tiger:name_base": "Hart", "tiger:name_base_1": "United States Highway A-1", "tiger:name_type": "Expy", "unsigned_ref": "SR 228A" }, "geometry": { "type": "LineString", "coordinates": [ [ -81.6154474, 30.2940453 ], [ -81.6154693, 30.2939864 ], [ -81.6154901, 30.2939283 ], [ -81.615509, 30.2938728 ], [ -81.6155239, 30.2938191 ], [ -81.6155383, 30.2937633 ], [ -81.6155497, 30.2937096 ], [ -81.6155697, 30.2935882 ] ] }, "id": "way/196948103" }, { "type": "Feature", "properties": { "@id": "way/196948104", "hgv": "designated", "highway": "motorway", "lanes": "2", "maxspeed": "55 mph", "name": "Emerson Street Expressway", "oneway": "yes", "ref": "US 1 Alternate", "source:hgv": "https://www.jacksonville.gov/departments/planning-and-development/transportation-planning/maps-and-data/maps-and-data-docs/coj-truck-route-systems-info.aspx", "source:maxspeed": "FDOT \"Maximum Speed Limits\" GIS data, updated August 27, 2011: http://www.dot.state.fl.us/planning/statistics/gis/roaddata.shtm", "surface": "concrete", "tiger:name_base": "Hart", "tiger:name_base_1": "United States Highway A-1", "tiger:name_type": "Expy", "unsigned_ref": "SR 228A" }, "geometry": { "type": "LineString", "coordinates": [ [ -81.6152388, 30.2942412 ], [ -81.6145269, 30.2959795 ] ] }, "id": "way/196948104" }, { "type": "Feature", "properties": { "@id": "way/196949072", "hgv": "designated", "hgv:national_network": "yes", "highway": "motorway", "lanes": "2", "maxspeed": "55 mph", "name": "Martin Luther King Jr. Parkway", "name:etymology:wikidata": "Q8027", "old_name": "Haines Street Expressway", "oneway": "yes", "ref": "US 1 Alternate", "surface": "asphalt", "unsigned_ref": "SR 115" }, "geometry": { "type": "LineString", "coordinates": [ [ -81.6366162, 30.3363257 ], [ -81.6366309, 30.3382829 ], [ -81.6366577, 30.3409081 ] ] }, "id": "way/196949072" }, { "type": "Feature", "properties": { "@id": "way/202219884", "HFCS": "Urban Minor Arterial", "hgv": "designated", "highway": "primary", "lanes": "6", "lanes:backward": "2", "lanes:forward": "4", "maxspeed": "40 mph", "name": "Emerson Street", "ref": "US 1 Alternate;SR 126", "sidewalk:both": "separate", "source:hgv": "https://www.jacksonville.gov/departments/planning-and-development/transportation-planning/maps-and-data/maps-and-data-docs/coj-truck-route-systems-info.aspx", "source:maxspeed": "FDOT \"Maximum Speed Limits\" GIS data, updated August 27, 2011: http://www.dot.state.fl.us/planning/statistics/gis/roaddata.shtm", "surface": "asphalt", "turn:lanes:forward": "left|left||" }, "geometry": { "type": "LineString", "coordinates": [ [ -81.6332385, 30.2878951 ], [ -81.6333947, 30.2878146 ], [ -81.6334592, 30.2877813 ], [ -81.6335358, 30.2877418 ] ] }, "id": "way/202219884" }, { "type": "Feature", "properties": { "@id": "way/202219896", "hgv": "designated", "highway": "primary_link", "lanes": "1", "oneway": "yes", "ref": "US 1 Alternate", "sidewalk": "right", "source:hgv": "https://www.jacksonville.gov/departments/planning-and-development/transportation-planning/maps-and-data/maps-and-data-docs/coj-truck-route-systems-info.aspx", "surface": "asphalt", "turn:lanes": "right" }, "geometry": { "type": "LineString", "coordinates": [ [ -81.6332787, 30.2873922 ], [ -81.6333171, 30.2875314 ], [ -81.633326, 30.2875743 ], [ -81.6333312, 30.2876083 ], [ -81.6333338, 30.2876378 ], [ -81.6333342, 30.2876681 ], [ -81.6333318, 30.2876967 ], [ -81.6333271, 30.287726 ], [ -81.6333187, 30.2877542 ], [ -81.6333074, 30.2877821 ], [ -81.6332947, 30.2878086 ], [ -81.6332725, 30.2878455 ], [ -81.6332385, 30.2878951 ] ] }, "id": "way/202219896" }, { "type": "Feature", "properties": { "@id": "way/202898015", "NHS": "intermodal", "hgv": "designated", "hgv:national_network": "yes", "highway": "motorway", "lanes": "2", "maxspeed": "55 mph", "name": "Martin Luther King Jr. Parkway", "name:etymology:wikidata": "Q8027", "old_name": "20th Street Expressway", "oneway": "yes", "ref": "US 1 Alternate", "surface": "concrete", "unsigned_ref": "SR 115" }, "geometry": { "type": "LineString", "coordinates": [ [ -81.6448089, 30.3561411 ], [ -81.6435278, 30.3561587 ] ] }, "id": "way/202898015" }, { "type": "Feature", "properties": { "@id": "way/203792288", "alt_name": "Hart Bridge Expressway", "bridge": "yes", "destination:lanes": "Gator Bowl Boulevard;Downtown|Gator Bowl Boulevard;Downtown;Martin Luther King Jr Parkway;EverBank Stadium", "hgv": "designated", "highway": "motorway", "lanes": "2", "layer": "1", "maxspeed": "45 mph", "name": "Hart Expressway", "official_name": "Commodore Point Expressway", "oneway": "yes", "ref": "US 1 Alternate;SR 228", "source:hgv": "https://www.jacksonville.gov/departments/planning-and-development/transportation-planning/maps-and-data/maps-and-data-docs/coj-truck-route-systems-info.aspx", "source:maxspeed": "FDOT \"Maximum Speed Limits\" GIS data, updated August 27, 2011: http://www.dot.state.fl.us/planning/statistics/gis/roaddata.shtm", "surface": "concrete", "turn:lanes": "slight_left|slight_left;slight_right" }, "geometry": { "type": "LineString", "coordinates": [ [ -81.6296401, 30.3186722 ], [ -81.6298288, 30.3189361 ], [ -81.6299011, 30.3190337 ], [ -81.629968, 30.319124 ], [ -81.6300362, 30.3192085 ], [ -81.6301126, 30.3192984 ], [ -81.630189, 30.3193811 ], [ -81.6302774, 30.3194732 ], [ -81.6303646, 30.3195555 ], [ -81.6304468, 30.3196307 ], [ -81.6305346, 30.3197053 ], [ -81.630632, 30.3197834 ], [ -81.6307269, 30.3198539 ], [ -81.630833, 30.3199294 ], [ -81.630935, 30.3199952 ] ] }, "id": "way/203792288" }, { "type": "Feature", "properties": { "@id": "way/203792290", "alt_name": "Hart Bridge Expressway", "bridge": "yes", "bridge:name": "Isaiah David Hart Bridge", "hgv": "designated", "highway": "motorway", "lanes": "2", "layer": "1", "maxspeed": "45 mph", "name": "Hart Expressway", "official_name": "Commodore Point Expressway", "oneway": "yes", "ref": "US 1 Alternate;SR 228", "source:hgv": "https://www.jacksonville.gov/departments/planning-and-development/transportation-planning/maps-and-data/maps-and-data-docs/coj-truck-route-systems-info.aspx", "source:maxspeed": "FDOT \"Maximum Speed Limits\" GIS data, updated August 27, 2011: http://www.dot.state.fl.us/planning/statistics/gis/roaddata.shtm", "surface": "concrete" }, "geometry": { "type": "LineString", "coordinates": [ [ -81.6297277, 30.3186258 ], [ -81.6245786, 30.3114526 ] ] }, "id": "way/203792290" }, { "type": "Feature", "properties": { "@id": "way/205858690", "HFCS": "Urban Minor Arterial", "hgv": "designated", "highway": "primary", "lanes": "2", "maxheight": "14'1\"", "maxspeed": "40 mph", "name": "Emerson Street", "oneway": "yes", "ref": "US 1 Alternate;SR 126", "sidewalk": "right", "source:hgv": "https://www.jacksonville.gov/departments/planning-and-development/transportation-planning/maps-and-data/maps-and-data-docs/coj-truck-route-systems-info.aspx", "source:maxspeed": "FDOT \"Maximum Speed Limits\" GIS data, updated August 27, 2011: http://www.dot.state.fl.us/planning/statistics/gis/roaddata.shtm", "surface": "asphalt", "tiger:cfcc": "A21", "tiger:county": "Duval, FL", "tiger:name_base": "Emerson", "tiger:name_base_1": "State Highway 126;Emerson", "tiger:name_base_2": "United States Highway 1 (Alt)", "tiger:name_base_3": "State Highway 126", "tiger:name_type": "St;Expy", "tiger:name_type_1": "St", "tiger:reviewed": "aerial", "tiger:zip_left": "32207", "tiger:zip_right": "32207" }, "geometry": { "type": "LineString", "coordinates": [ [ -81.6294712, 30.2908026 ], [ -81.6295884, 30.2908008 ], [ -81.6296843, 30.2907572 ], [ -81.6298388, 30.2906852 ], [ -81.6299844, 30.2906058 ], [ -81.6301374, 30.2905145 ], [ -81.6302177, 30.2904684 ], [ -81.6302734, 30.2904318 ], [ -81.6303166, 30.2904026 ], [ -81.6303612, 30.2903707 ], [ -81.6303772, 30.2903552 ], [ -81.6303896, 30.2903369 ], [ -81.6303985, 30.2903169 ], [ -81.6304039, 30.2902984 ], [ -81.6304093, 30.2902729 ] ] }, "id": "way/205858690" }, { "type": "Feature", "properties": { "@id": "way/205858691", "HFCS": "Urban Minor Arterial", "hgv": "designated", "highway": "primary", "lanes": "2", "maxheight": "14'1\"", "maxspeed": "40 mph", "name": "Emerson Street", "oneway": "yes", "ref": "US 1 Alternate;SR 126", "sidewalk": "right", "source:hgv": "https://www.jacksonville.gov/departments/planning-and-development/transportation-planning/maps-and-data/maps-and-data-docs/coj-truck-route-systems-info.aspx", "source:maxspeed": "FDOT \"Maximum Speed Limits\" GIS data, updated August 27, 2011: http://www.dot.state.fl.us/planning/statistics/gis/roaddata.shtm", "surface": "asphalt", "tiger:cfcc": "A21", "tiger:county": "Duval, FL", "tiger:name_base": "Emerson", "tiger:name_base_1": "State Highway 126;Emerson", "tiger:name_base_2": "United States Highway 1 (Alt)", "tiger:name_base_3": "State Highway 126", "tiger:name_type": "St;Expy", "tiger:name_type_1": "St", "tiger:reviewed": "aerial", "tiger:zip_left": "32207", "tiger:zip_right": "32207" }, "geometry": { "type": "LineString", "coordinates": [ [ -81.6304093, 30.2902729 ], [ -81.6303567, 30.2902813 ], [ -81.6303101, 30.2902912 ], [ -81.6302661, 30.2903042 ], [ -81.6302253, 30.2903202 ], [ -81.6301905, 30.2903374 ], [ -81.6301562, 30.2903576 ], [ -81.630064, 30.2904194 ], [ -81.6299704, 30.2904743 ], [ -81.6296104, 30.2906887 ], [ -81.6295252, 30.2907286 ], [ -81.6294712, 30.2908026 ] ] }, "id": "way/205858691" }, { "type": "Feature", "properties": { "@id": "way/467564931", "HFCS": "Urban Minor Arterial", "hgv": "designated", "highway": "primary", "lanes": "4", "lanes:backward": "2", "lanes:forward": "2", "maxspeed": "40 mph", "name": "Emerson Street", "ref": "US 1 Alternate;SR 126", "sidewalk:both": "separate", "source:hgv": "https://www.jacksonville.gov/departments/planning-and-development/transportation-planning/maps-and-data/maps-and-data-docs/coj-truck-route-systems-info.aspx", "source:maxspeed": "FDOT \"Maximum Speed Limits\" GIS data, updated August 27, 2011: http://www.dot.state.fl.us/planning/statistics/gis/roaddata.shtm", "surface": "asphalt" }, "geometry": { "type": "LineString", "coordinates": [ [ -81.6304093, 30.2902729 ], [ -81.6305002, 30.2901992 ] ] }, "id": "way/467564931" }, { "type": "Feature", "properties": { "@id": "way/478541863", "NHS": "intermodal", "hgv": "designated", "hgv:national_network": "yes", "highway": "motorway", "lanes": "2", "maxspeed": "55 mph", "name": "Martin Luther King Jr. Parkway", "name:etymology:wikidata": "Q8027", "old_name": "20th Street Expressway", "oneway": "yes", "ref": "US 1 Alternate", "surface": "concrete", "unsigned_ref": "SR 115" }, "geometry": { "type": "LineString", "coordinates": [ [ -81.6408752, 30.3562228 ], [ -81.6405573, 30.3562295 ], [ -81.640302, 30.3562235 ], [ -81.6401731, 30.3562126 ], [ -81.6400608, 30.3562025 ], [ -81.6398973, 30.3561866 ], [ -81.6396731, 30.3561553 ], [ -81.6395628, 30.3561361 ], [ -81.6394424, 30.3561106 ], [ -81.6393223, 30.356083 ], [ -81.6392054, 30.3560489 ], [ -81.6390796, 30.3560062 ], [ -81.6389582, 30.3559576 ], [ -81.6388515, 30.3559117 ], [ -81.6387495, 30.3558648 ], [ -81.6385224, 30.3557487 ], [ -81.6383157, 30.3556264 ], [ -81.6381258, 30.3554886 ], [ -81.637938, 30.3553377 ], [ -81.6377826, 30.3551831 ], [ -81.6376121, 30.3549795 ], [ -81.6375977, 30.3549591 ] ] }, "id": "way/478541863" }, { "type": "Feature", "properties": { "@id": "way/478541882", "NHS": "intermodal", "hgv": "designated", "hgv:national_network": "yes", "highway": "motorway", "lanes": "2", "maxspeed": "50 mph", "name": "Martin Luther King Jr. Parkway", "name:etymology:wikidata": "Q8027", "old_name": "Haines Street Expressway", "oneway": "yes", "ref": "US 1 Alternate", "surface": "asphalt", "unsigned_ref": "SR 115" }, "geometry": { "type": "LineString", "coordinates": [ [ -81.6372163, 30.3543088 ], [ -81.6371303, 30.3540308 ], [ -81.6370727, 30.353816 ], [ -81.6370355, 30.3536398 ], [ -81.6370186, 30.3534566 ], [ -81.6369738, 30.3530495 ], [ -81.6369447, 30.3511079 ] ] }, "id": "way/478541882" }, { "type": "Feature", "properties": { "@id": "way/478541887", "NHS": "intermodal", "bridge": "yes", "hgv": "designated", "hgv:national_network": "yes", "highway": "motorway", "lanes": "2", "layer": "1", "maxspeed": "55 mph", "name": "Martin Luther King Jr. Parkway", "name:etymology:wikidata": "Q8027", "old_name": "20th Street Expressway", "oneway": "yes", "ref": "US 1 Alternate", "surface": "concrete", "unsigned_ref": "SR 115" }, "geometry": { "type": "LineString", "coordinates": [ [ -81.6414064, 30.3562117 ], [ -81.6408752, 30.3562228 ] ] }, "id": "way/478541887" }, { "type": "Feature", "properties": { "@id": "way/478541894", "NHS": "intermodal", "hgv": "designated", "hgv:national_network": "yes", "highway": "motorway", "lanes": "2", "maxspeed": "50 mph", "name": "Martin Luther King Jr. Parkway", "name:etymology:wikidata": "Q8027", "old_name": "20th Street Expressway", "oneway": "yes", "ref": "US 1 Alternate", "surface": "asphalt", "unsigned_ref": "SR 115" }, "geometry": { "type": "LineString", "coordinates": [ [ -81.637171, 30.354745 ], [ -81.6372784, 30.3549356 ] ] }, "id": "way/478541894" }, { "type": "Feature", "properties": { "@id": "way/637090571", "HFCS": "Urban Minor Arterial", "hgv": "designated", "highway": "primary", "lanes": "5", "lanes:backward": "2", "lanes:forward": "3", "maxspeed": "40 mph", "name": "Emerson Street", "ref": "US 1 Alternate;SR 126", "sidewalk:both": "separate", "source:hgv": "https://www.jacksonville.gov/departments/planning-and-development/transportation-planning/maps-and-data/maps-and-data-docs/coj-truck-route-systems-info.aspx", "source:maxspeed": "FDOT \"Maximum Speed Limits\" GIS data, updated August 27, 2011: http://www.dot.state.fl.us/planning/statistics/gis/roaddata.shtm", "surface": "asphalt", "turn:lanes:backward": "left||" }, "geometry": { "type": "LineString", "coordinates": [ [ -81.6324858, 30.2884091 ], [ -81.6325776, 30.2883378 ], [ -81.6326701, 30.2882681 ], [ -81.6327418, 30.2882171 ], [ -81.6328133, 30.2881677 ] ] }, "id": "way/637090571" }, { "type": "Feature", "properties": { "@id": "way/683029279", "alt_name": "Hart Bridge Expressway", "destination:lanes": "|Emerson Street|Atlantic Boulevard;Art Museum Drive", "hgv": "designated", "highway": "motorway", "lanes": "3", "maxspeed": "50 mph", "name": "Hart Expressway", "official_name": "Commodore Point Expressway", "oneway": "yes", "ref": "US 1 Alternate;SR 228", "source:hgv": "https://www.jacksonville.gov/departments/planning-and-development/transportation-planning/maps-and-data/maps-and-data-docs/coj-truck-route-systems-info.aspx", "source:maxspeed": "sign", "surface": "concrete", "turn:lanes": "||slight_right" }, "geometry": { "type": "LineString", "coordinates": [ [ -81.6189482, 30.3079901 ], [ -81.6188364, 30.3079087 ], [ -81.6186896, 30.3077973 ] ] }, "id": "way/683029279" }, { "type": "Feature", "properties": { "@id": "way/683029280", "alt_name": "Hart Bridge Expressway", "hgv": "designated", "highway": "motorway", "lanes": "3", "maxspeed": "50 mph", "name": "Hart Expressway", "official_name": "Commodore Point Expressway", "oneway": "yes", "ref": "US 1 Alternate;SR 228", "source:hgv": "https://www.jacksonville.gov/departments/planning-and-development/transportation-planning/maps-and-data/maps-and-data-docs/coj-truck-route-systems-info.aspx", "source:maxspeed": "sign", "surface": "concrete", "turn:lanes": "||merge_to_left" }, "geometry": { "type": "LineString", "coordinates": [ [ -81.6218652, 30.3093648 ], [ -81.6220375, 30.3094354 ], [ -81.6221983, 30.3095082 ], [ -81.622359, 30.3095851 ], [ -81.622621, 30.3097277 ], [ -81.6227716, 30.3098163 ], [ -81.6229284, 30.3099142 ] ] }, "id": "way/683029280" }, { "type": "Feature", "properties": { "@id": "way/751868206", "HFCS": "Urban Minor Arterial", "hgv": "designated", "highway": "primary", "lanes": "4", "maxspeed": "40 mph", "name": "Emerson Street", "ref": "US 1 Alternate;SR 126", "sidewalk": "both", "source:hgv": "https://www.jacksonville.gov/departments/planning-and-development/transportation-planning/maps-and-data/maps-and-data-docs/coj-truck-route-systems-info.aspx", "source:maxspeed": "FDOT \"Maximum Speed Limits\" GIS data, updated August 27, 2011: http://www.dot.state.fl.us/planning/statistics/gis/roaddata.shtm", "surface": "asphalt" }, "geometry": { "type": "LineString", "coordinates": [ [ -81.6283507, 30.2911325 ], [ -81.6285319, 30.2910989 ], [ -81.6287204, 30.2910563 ], [ -81.6288867, 30.2910101 ], [ -81.6290593, 30.2909527 ], [ -81.6292103, 30.2909016 ], [ -81.6293443, 30.2908512 ], [ -81.6294712, 30.2908026 ] ] }, "id": "way/751868206" }, { "type": "Feature", "properties": { "@id": "way/764870950", "HFCS": "Urban Minor Arterial", "hgv": "designated", "highway": "primary", "lanes": "4", "maxspeed": "40 mph", "name": "Emerson Street", "ref": "US 1 Alternate;SR 126", "sidewalk": "both", "source:hgv": "https://www.jacksonville.gov/departments/planning-and-development/transportation-planning/maps-and-data/maps-and-data-docs/coj-truck-route-systems-info.aspx", "source:maxspeed": "FDOT \"Maximum Speed Limits\" GIS data, updated August 27, 2011: http://www.dot.state.fl.us/planning/statistics/gis/roaddata.shtm", "surface": "asphalt", "tiger:name_base": "Emerson", "tiger:name_base_1": "State Highway 126;Emerson", "tiger:name_base_2": "United States Highway 1 (Alt)", "tiger:name_base_3": "State Highway 126", "tiger:name_type": "St;Expy", "tiger:name_type_1": "St" }, "geometry": { "type": "LineString", "coordinates": [ [ -81.6246518, 30.2909565 ], [ -81.6252225, 30.2910084 ] ] }, "id": "way/764870950" }, { "type": "Feature", "properties": { "@id": "way/908684998", "NHS": "intermodal", "hgv": "designated", "hgv:national_network": "yes", "highway": "motorway", "lanes": "2", "maxspeed": "55 mph", "name": "Martin Luther King Jr. Parkway", "name:etymology:wikidata": "Q8027", "old_name": "20th Street Expressway", "oneway": "yes", "ref": "US 1 Alternate", "surface": "concrete", "unsigned_ref": "SR 115" }, "geometry": { "type": "LineString", "coordinates": [ [ -81.6375182, 30.3548471 ], [ -81.6374243, 30.3547124 ] ] }, "id": "way/908684998" }, { "type": "Feature", "properties": { "@id": "way/908684999", "NHS": "intermodal", "bridge": "yes", "hgv": "designated", "hgv:national_network": "yes", "highway": "motorway", "lanes": "2", "layer": "1", "maxspeed": "55 mph", "name": "Martin Luther King Jr. Parkway", "name:etymology:wikidata": "Q8027", "old_name": "20th Street Expressway", "oneway": "yes", "ref": "US 1 Alternate", "surface": "concrete", "unsigned_ref": "SR 115" }, "geometry": { "type": "LineString", "coordinates": [ [ -81.6375977, 30.3549591 ], [ -81.6375182, 30.3548471 ] ] }, "id": "way/908684999" }, { "type": "Feature", "properties": { "@id": "way/1100836441", "hgv": "designated", "hgv:national_network": "yes", "highway": "motorway", "lanes": "2", "maxspeed": "55 mph", "name": "Martin Luther King Jr. Parkway", "name:etymology:wikidata": "Q8027", "old_name": "Haines Street Expressway", "oneway": "yes", "ref": "US 1 Alternate", "surface": "asphalt", "unsigned_ref": "SR 115" }, "geometry": { "type": "LineString", "coordinates": [ [ -81.6366805, 30.3419597 ], [ -81.6366921, 30.3421978 ], [ -81.6367009, 30.3427324 ], [ -81.6367096, 30.3433369 ] ] }, "id": "way/1100836441" }, { "type": "Feature", "properties": { "@id": "way/1100836442", "hgv": "designated", "hgv:national_network": "yes", "highway": "motorway", "lanes": "2", "maxspeed": "55 mph", "name": "Martin Luther King Jr. Parkway", "name:etymology:wikidata": "Q8027", "old_name": "Haines Street Expressway", "oneway": "yes", "ref": "US 1 Alternate", "surface": "asphalt", "turn:lanes": "|through;slight_right", "unsigned_ref": "SR 115" }, "geometry": { "type": "LineString", "coordinates": [ [ -81.6366577, 30.3409081 ], [ -81.6366805, 30.3419597 ] ] }, "id": "way/1100836442" }, { "type": "Feature", "properties": { "@id": "way/1101414950", "alt_name": "Hart Bridge Expressway", "hgv": "designated", "highway": "motorway", "lanes": "3", "maxspeed": "50 mph", "name": "Hart Expressway", "official_name": "Commodore Point Expressway", "oneway": "yes", "ref": "US 1 Alternate;SR 228", "source:hgv": "https://www.jacksonville.gov/departments/planning-and-development/transportation-planning/maps-and-data/maps-and-data-docs/coj-truck-route-systems-info.aspx", "source:maxspeed": "sign", "surface": "concrete", "turn:lanes": "||merge_to_left" }, "geometry": { "type": "LineString", "coordinates": [ [ -81.6192905, 30.3083629 ], [ -81.6195042, 30.3084784 ], [ -81.6197328, 30.3085879 ], [ -81.6198998, 30.3086633 ], [ -81.6200837, 30.3087369 ], [ -81.6203334, 30.3088293 ] ] }, "id": "way/1101414950" }, { "type": "Feature", "properties": { "@id": "way/1102860613", "bridge": "yes", "destination": "EverBank Stadium", "destination:ref:to": "I 95", "destination:street": "Martin Luther King Jr Parkway", "hgv": "designated", "highway": "motorway", "lanes": "1", "layer": "1", "maxspeed": "45 mph", "oneway": "yes", "ref": "US 1 ALT", "source:hgv": "https://www.jacksonville.gov/departments/planning-and-development/transportation-planning/maps-and-data/maps-and-data-docs/coj-truck-route-systems-info.aspx", "source:maxspeed": "FDOT \"Maximum Speed Limits\" GIS data, updated August 27, 2011: http://www.dot.state.fl.us/planning/statistics/gis/roaddata.shtm", "surface": "concrete", "turn:lanes": "slight_left;slight_right", "unsigned_ref": "SR 115A" }, "geometry": { "type": "LineString", "coordinates": [ [ -81.630935, 30.3199952 ], [ -81.6312267, 30.3201948 ], [ -81.6312921, 30.3202396 ], [ -81.6313539, 30.3202793 ], [ -81.6314215, 30.3203195 ], [ -81.6314945, 30.3203595 ], [ -81.6315682, 30.3203949 ], [ -81.6316439, 30.3204304 ], [ -81.6317169, 30.3204624 ], [ -81.6317894, 30.3204932 ], [ -81.6318658, 30.3205228 ], [ -81.631949, 30.3205537 ], [ -81.6320415, 30.3205858 ], [ -81.6321388, 30.3206181 ], [ -81.6322638, 30.3206573 ], [ -81.6323672, 30.3206895 ], [ -81.6324754, 30.3207236 ], [ -81.6326193, 30.3207701 ], [ -81.6327412, 30.3208108 ], [ -81.6328124, 30.3208357 ], [ -81.6328801, 30.3208596 ], [ -81.6329477, 30.3208851 ], [ -81.6330088, 30.3209086 ], [ -81.633069, 30.320934 ], [ -81.633134, 30.3209632 ] ] }, "id": "way/1102860613" }, { "type": "Feature", "properties": { "@id": "way/1102862217", "alt_name": "Hart Bridge Expressway", "hgv": "designated", "highway": "motorway", "lanes": "2", "maxspeed": "50 mph", "name": "Hart Expressway", "official_name": "Commodore Point Expressway", "oneway": "yes", "ref": "US 1 Alternate;SR 228", "source:hgv": "https://www.jacksonville.gov/departments/planning-and-development/transportation-planning/maps-and-data/maps-and-data-docs/coj-truck-route-systems-info.aspx", "source:maxspeed": "sign", "surface": "concrete", "turn:lanes": "|through;slight_right" }, "geometry": { "type": "LineString", "coordinates": [ [ -81.6229847, 30.3098464 ], [ -81.6228185, 30.3097387 ], [ -81.6226945, 30.3096645 ] ] }, "id": "way/1102862217" }, { "type": "Feature", "properties": { "@id": "way/1103200374", "hgv": "designated", "hgv:national_network": "yes", "highway": "motorway", "lanes": "2", "maxspeed": "55 mph", "name": "Martin Luther King Jr. Parkway", "name:etymology:wikidata": "Q8027", "old_name": "Haines Street Expressway", "oneway": "yes", "ref": "US 1 Alternate", "unsigned_ref": "SR 115" }, "geometry": { "type": "LineString", "coordinates": [ [ -81.6368011, 30.3433769 ], [ -81.6367942, 30.3426122 ], [ -81.6367936, 30.3422922 ], [ -81.6367934, 30.3419589 ], [ -81.6367975, 30.3414208 ] ] }, "id": "way/1103200374" }, { "type": "Feature", "properties": { "@id": "way/1103200375", "hgv": "designated", "hgv:national_network": "yes", "highway": "motorway", "lanes": "3", "maxspeed": "55 mph", "name": "Martin Luther King Jr. Parkway", "name:etymology:wikidata": "Q8027", "old_name": "Haines Street Expressway", "oneway": "yes", "ref": "US 1 Alternate", "turn:lanes": "||slight_right", "unsigned_ref": "SR 115" }, "geometry": { "type": "LineString", "coordinates": [ [ -81.6367975, 30.3414208 ], [ -81.6367971, 30.3411015 ] ] }, "id": "way/1103200375" }, { "type": "Feature", "properties": { "@id": "way/1104912202", "HFCS": "Urban Minor Arterial", "hgv": "designated", "highway": "primary", "lanes": "5", "lanes:backward": "3", "lanes:forward": "2", "maxspeed": "40 mph", "name": "Emerson Street", "ref": "US 1 Alternate;SR 126", "sidewalk": "both", "source:hgv": "https://www.jacksonville.gov/departments/planning-and-development/transportation-planning/maps-and-data/maps-and-data-docs/coj-truck-route-systems-info.aspx", "source:maxspeed": "FDOT \"Maximum Speed Limits\" GIS data, updated August 27, 2011: http://www.dot.state.fl.us/planning/statistics/gis/roaddata.shtm", "surface": "asphalt", "turn:lanes:backward": "left||" }, "geometry": { "type": "LineString", "coordinates": [ [ -81.6257803, 30.2910635 ], [ -81.6259033, 30.291075 ], [ -81.6261113, 30.2910943 ], [ -81.6263443, 30.291116 ] ] }, "id": "way/1104912202" }, { "type": "Feature", "properties": { "@id": "way/1109957732", "destination:lanes": "Emerson Street|Beach Boulevard", "fixme": "Are bikes and peds allowed?", "hgv": "designated", "highway": "motorway", "lanes": "2", "maxspeed": "55 mph", "name": "Emerson Street Expressway", "oneway": "yes", "ref": "US 1 Alternate", "source:hgv": "https://www.jacksonville.gov/departments/planning-and-development/transportation-planning/maps-and-data/maps-and-data-docs/coj-truck-route-systems-info.aspx", "source:maxspeed": "FDOT \"Maximum Speed Limits\" GIS data, updated August 27, 2011: http://www.dot.state.fl.us/planning/statistics/gis/roaddata.shtm", "surface": "concrete", "tiger:name_base": "Hart", "tiger:name_base_1": "United States Highway A-1", "tiger:name_type": "Expy", "turn:lanes": "|through;slight_right", "unsigned_ref": "SR 228A" }, "geometry": { "type": "LineString", "coordinates": [ [ -81.6129845, 30.2998081 ], [ -81.6133461, 30.2990504 ] ] }, "id": "way/1109957732" }, { "type": "Feature", "properties": { "@id": "way/1335930621", "NHS": "intermodal", "fdot:sis": "yes (connector)", "fixme": "Are bikes and peds allowed?", "hgv": "designated", "hgv:national_network": "yes", "highway": "motorway", "lanes": "2", "maxspeed": "55 mph", "name": "Martin Luther King Jr. Parkway", "name:etymology:wikidata": "Q8027", "old_name": "20th Street Expressway", "oneway": "yes", "ref": "US 1 Alternate", "surface": "concrete", "turn:lanes": "|through;slight_right", "unsigned_ref": "SR 115" }, "geometry": { "type": "LineString", "coordinates": [ [ -81.6495174, 30.3561685 ], [ -81.6503675, 30.3562372 ] ] }, "id": "way/1335930621" }, { "type": "Feature", "properties": { "@id": "way/1368701995", "HFCS": "Urban Minor Arterial", "hgv": "designated", "highway": "primary", "lanes": "5", "lanes:backward": "2", "lanes:forward": "3", "maxspeed": "40 mph", "name": "Emerson Street", "ref": "US 1 Alternate;SR 126", "sidewalk": "both", "source:hgv": "https://www.jacksonville.gov/departments/planning-and-development/transportation-planning/maps-and-data/maps-and-data-docs/coj-truck-route-systems-info.aspx", "source:maxspeed": "FDOT \"Maximum Speed Limits\" GIS data, updated August 27, 2011: http://www.dot.state.fl.us/planning/statistics/gis/roaddata.shtm", "surface": "asphalt", "turn:lanes:forward": "left|none|none" }, "geometry": { "type": "LineString", "coordinates": [ [ -81.6263443, 30.291116 ], [ -81.6265831, 30.2911382 ], [ -81.6267707, 30.2911556 ] ] }, "id": "way/1368701995" }, { "type": "Feature", "properties": { "@id": "way/1375792771", "alt_name": "Hart Bridge Expressway", "destination:lanes": "|Emerson Street|Atlantic Boulevard;Art Museum Drive", "hgv": "designated", "highway": "motorway", "lanes": "3", "maxspeed": "50 mph", "name": "Hart Expressway", "official_name": "Commodore Point Expressway", "oneway": "yes", "ref": "US 1 Alternate;SR 228", "source:hgv": "https://www.jacksonville.gov/departments/planning-and-development/transportation-planning/maps-and-data/maps-and-data-docs/coj-truck-route-systems-info.aspx", "source:maxspeed": "sign", "surface": "concrete", "turn:lanes": "||slight_right" }, "geometry": { "type": "LineString", "coordinates": [ [ -81.6199117, 30.3085493 ], [ -81.6196965, 30.3084426 ], [ -81.6194618, 30.3083121 ] ] }, "id": "way/1375792771" }, { "type": "Feature", "properties": { "@id": "way/1375991582", "alt_name": "Hart Bridge Expressway", "bridge": "yes", "hgv": "designated", "highway": "motorway", "lanes": "2", "layer": "1", "maxspeed": "45 mph", "name": "Hart Expressway", "official_name": "Commodore Point Expressway", "oneway": "yes", "ref": "US 1 Alternate;SR 228", "source:hgv": "https://www.jacksonville.gov/departments/planning-and-development/transportation-planning/maps-and-data/maps-and-data-docs/coj-truck-route-systems-info.aspx", "source:maxspeed": "FDOT \"Maximum Speed Limits\" GIS data, updated August 27, 2011: http://www.dot.state.fl.us/planning/statistics/gis/roaddata.shtm", "surface": "concrete" }, "geometry": { "type": "LineString", "coordinates": [ [ -81.6245786, 30.3114526 ], [ -81.624409, 30.3112173 ], [ -81.6242492, 30.3109996 ], [ -81.6241056, 30.3108249 ], [ -81.6239485, 30.3106487 ], [ -81.6238016, 30.3104993 ], [ -81.6236531, 30.3103574 ], [ -81.6235507, 30.3102679 ], [ -81.623386, 30.3101326 ], [ -81.6232562, 30.3100342 ], [ -81.6231744, 30.3099732 ], [ -81.6229847, 30.3098464 ] ] }, "id": "way/1375991582" }, { "type": "Feature", "properties": { "@id": "way/1375991583", "alt_name": "Hart Bridge Expressway", "bridge": "yes", "hgv": "designated", "highway": "motorway", "lanes": "2", "layer": "1", "maxspeed": "45 mph", "name": "Hart Expressway", "official_name": "Commodore Point Expressway", "oneway": "yes", "ref": "US 1 Alternate;SR 228", "source:hgv": "https://www.jacksonville.gov/departments/planning-and-development/transportation-planning/maps-and-data/maps-and-data-docs/coj-truck-route-systems-info.aspx", "source:maxspeed": "FDOT \"Maximum Speed Limits\" GIS data, updated August 27, 2011: http://www.dot.state.fl.us/planning/statistics/gis/roaddata.shtm", "surface": "concrete" }, "geometry": { "type": "LineString", "coordinates": [ [ -81.6229284, 30.3099142 ], [ -81.6230698, 30.3100143 ], [ -81.6231829, 30.3100954 ], [ -81.6232809, 30.310171 ], [ -81.6233836, 30.3102513 ], [ -81.6235661, 30.3104065 ], [ -81.6237359, 30.310568 ], [ -81.6238952, 30.3107314 ], [ -81.624045, 30.3109043 ], [ -81.6242026, 30.3110967 ], [ -81.6244914, 30.3114998 ] ] }, "id": "way/1375991583" }, { "type": "Feature", "properties": { "@id": "way/1378195590", "alt_name": "Hart Bridge Expressway", "bridge": "yes", "hgv": "designated", "highway": "motorway", "lanes": "2", "layer": "1", "maxspeed": "45 mph", "name": "Hart Expressway", "official_name": "Commodore Point Expressway", "oneway": "yes", "ref": "US 1 Alternate;SR 228", "source:hgv": "https://www.jacksonville.gov/departments/planning-and-development/transportation-planning/maps-and-data/maps-and-data-docs/coj-truck-route-systems-info.aspx", "source:maxspeed": "FDOT \"Maximum Speed Limits\" GIS data, updated August 27, 2011: http://www.dot.state.fl.us/planning/statistics/gis/roaddata.shtm", "surface": "concrete" }, "geometry": { "type": "LineString", "coordinates": [ [ -81.6299246, 30.3189033 ], [ -81.6297277, 30.3186258 ] ] }, "id": "way/1378195590" }, { "type": "Feature", "properties": { "@id": "way/1379616899", "destination:ref:to": "I 95", "destination:street": "Martin Luther King Jr Parkway", "hgv": "designated", "highway": "motorway_link", "lanes": "1", "maxspeed": "35 mph", "oneway": "yes", "ref": "US 1 Alternate", "source:hgv": "https://www.jacksonville.gov/departments/planning-and-development/transportation-planning/maps-and-data/maps-and-data-docs/coj-truck-route-systems-info.aspx", "source:maxspeed": "FDOT \"Maximum Speed Limits\" GIS data, updated August 27, 2011: http://www.dot.state.fl.us/planning/statistics/gis/roaddata.shtm", "surface": "concrete", "unsigned_ref": "SR 115A" }, "geometry": { "type": "LineString", "coordinates": [ [ -81.6366138, 30.3337852 ], [ -81.6366332, 30.334257 ] ] }, "id": "way/1379616899" }, { "type": "Feature", "properties": { "@id": "way/1379616900", "bridge": "yes", "destination:ref:to": "I 95", "destination:street": "Martin Luther King Jr Parkway", "hgv": "designated", "highway": "motorway_link", "lanes": "1", "layer": "1", "maxspeed": "35 mph", "oneway": "yes", "ref": "US 1 Alternate", "source:hgv": "https://www.jacksonville.gov/departments/planning-and-development/transportation-planning/maps-and-data/maps-and-data-docs/coj-truck-route-systems-info.aspx", "source:maxspeed": "FDOT \"Maximum Speed Limits\" GIS data, updated August 27, 2011: http://www.dot.state.fl.us/planning/statistics/gis/roaddata.shtm", "surface": "concrete", "unsigned_ref": "SR 115A" }, "geometry": { "type": "LineString", "coordinates": [ [ -81.6366078, 30.3336384 ], [ -81.6366138, 30.3337852 ] ] }, "id": "way/1379616900" }, { "type": "Feature", "properties": { "@id": "way/1379616901", "hgv": "designated", "hgv:national_network": "yes", "highway": "motorway", "lanes": "3", "maxspeed": "55 mph", "name": "Martin Luther King Jr. Parkway", "name:etymology:wikidata": "Q8027", "old_name": "Haines Street Expressway", "oneway": "yes", "ref": "US 1 Alternate", "surface": "concrete", "turn:lanes": "||merge_to_left", "unsigned_ref": "SR 115" }, "geometry": { "type": "LineString", "coordinates": [ [ -81.6366332, 30.334257 ], [ -81.6366112, 30.3349202 ], [ -81.6366101, 30.3350524 ] ] }, "id": "way/1379616901" }, { "type": "Feature", "properties": { "@id": "way/1389565766", "HFCS": "Urban Minor Arterial", "hgv": "designated", "highway": "primary", "lanes": "6", "lanes:backward": "2", "lanes:forward": "4", "maxspeed": "40 mph", "name": "Emerson Street", "ref": "US 1 Alternate;SR 126", "sidewalk:both": "separate", "source:hgv": "https://www.jacksonville.gov/departments/planning-and-development/transportation-planning/maps-and-data/maps-and-data-docs/coj-truck-route-systems-info.aspx", "source:maxspeed": "FDOT \"Maximum Speed Limits\" GIS data, updated August 27, 2011: http://www.dot.state.fl.us/planning/statistics/gis/roaddata.shtm", "surface": "asphalt", "turn:lanes:forward": "left|left||" }, "geometry": { "type": "LineString", "coordinates": [ [ -81.6328133, 30.2881677 ], [ -81.6328798, 30.2881208 ], [ -81.632945, 30.2880766 ], [ -81.633017, 30.2880304 ], [ -81.6330911, 30.2879834 ], [ -81.6331601, 30.2879409 ], [ -81.6332385, 30.2878951 ] ] }, "id": "way/1389565766" }, { "type": "Feature", "properties": { "@id": "way/1389565767", "HFCS": "Urban Minor Arterial", "hgv": "designated", "highway": "primary", "lanes": "7", "lanes:backward": "3", "lanes:forward": "4", "maxspeed": "40 mph", "name": "Emerson Street", "ref": "US 1 Alternate;SR 126", "sidewalk": "both", "source:hgv": "https://www.jacksonville.gov/departments/planning-and-development/transportation-planning/maps-and-data/maps-and-data-docs/coj-truck-route-systems-info.aspx", "source:maxspeed": "FDOT \"Maximum Speed Limits\" GIS data, updated August 27, 2011: http://www.dot.state.fl.us/planning/statistics/gis/roaddata.shtm", "surface": "asphalt", "tiger:name_base": "Emerson", "tiger:name_base_1": "State Highway 126;Emerson", "tiger:name_base_2": "United States Highway 1 (Alt)", "tiger:name_base_3": "State Highway 126", "tiger:name_type": "St;Expy", "tiger:name_type_1": "St", "turn:lanes:backward": "left|none|none", "turn:lanes:forward": "left|left|none|none" }, "geometry": { "type": "LineString", "coordinates": [ [ -81.6335358, 30.2877418 ], [ -81.633687, 30.2876596 ] ] }, "id": "way/1389565767" }, { "type": "Feature", "properties": { "@id": "way/1389719078", "HFCS": "Urban Minor Arterial", "hgv": "designated", "highway": "primary", "lanes": "4", "maxspeed": "40 mph", "name": "Emerson Street", "ref": "US 1 Alternate;SR 126", "sidewalk": "both", "source:hgv": "https://www.jacksonville.gov/departments/planning-and-development/transportation-planning/maps-and-data/maps-and-data-docs/coj-truck-route-systems-info.aspx", "source:maxspeed": "FDOT \"Maximum Speed Limits\" GIS data, updated August 27, 2011: http://www.dot.state.fl.us/planning/statistics/gis/roaddata.shtm", "surface": "asphalt" }, "geometry": { "type": "LineString", "coordinates": [ [ -81.6267707, 30.2911556 ], [ -81.627164, 30.2911922 ] ] }, "id": "way/1389719078" }, { "type": "Feature", "properties": { "@id": "way/1390304569", "HFCS": "Urban Minor Arterial", "hgv": "designated", "highway": "primary", "lanes": "5", "lanes:backward": "2", "lanes:forward": "3", "maxspeed": "40 mph", "name": "Emerson Street", "ref": "US 1 Alternate;SR 126", "sidewalk:both": "separate", "source:hgv": "https://www.jacksonville.gov/departments/planning-and-development/transportation-planning/maps-and-data/maps-and-data-docs/coj-truck-route-systems-info.aspx", "source:maxspeed": "FDOT \"Maximum Speed Limits\" GIS data, updated August 27, 2011: http://www.dot.state.fl.us/planning/statistics/gis/roaddata.shtm", "surface": "asphalt", "turn:lanes:backward": "left||" }, "geometry": { "type": "LineString", "coordinates": [ [ -81.6314111, 30.289387 ], [ -81.6314338, 30.2893659 ], [ -81.6317881, 30.2890373 ] ] }, "id": "way/1390304569" }, { "type": "Feature", "properties": { "@id": "way/1390314952", "HFCS": "Urban Minor Arterial", "hgv": "designated", "highway": "primary", "lanes": "4", "maxspeed": "40 mph", "name": "Emerson Street", "ref": "US 1 Alternate;SR 126", "sidewalk": "both", "source:hgv": "https://www.jacksonville.gov/departments/planning-and-development/transportation-planning/maps-and-data/maps-and-data-docs/coj-truck-route-systems-info.aspx", "source:maxspeed": "FDOT \"Maximum Speed Limits\" GIS data, updated August 27, 2011: http://www.dot.state.fl.us/planning/statistics/gis/roaddata.shtm", "surface": "asphalt" }, "geometry": { "type": "LineString", "coordinates": [ [ -81.6277217, 30.2911979 ], [ -81.6278893, 30.2911895 ], [ -81.628039, 30.2911749 ] ] }, "id": "way/1390314952" }, { "type": "Feature", "properties": { "@id": "way/1390314953", "HFCS": "Urban Minor Arterial", "hgv": "designated", "highway": "primary", "lanes": "5", "lanes:backward": "3", "lanes:forward": "2", "maxspeed": "40 mph", "name": "Emerson Street", "ref": "US 1 Alternate;SR 126", "sidewalk": "both", "source:hgv": "https://www.jacksonville.gov/departments/planning-and-development/transportation-planning/maps-and-data/maps-and-data-docs/coj-truck-route-systems-info.aspx", "source:maxspeed": "FDOT \"Maximum Speed Limits\" GIS data, updated August 27, 2011: http://www.dot.state.fl.us/planning/statistics/gis/roaddata.shtm", "surface": "asphalt", "turn:lanes:backward": "left||" }, "geometry": { "type": "LineString", "coordinates": [ [ -81.628039, 30.2911749 ], [ -81.6281385, 30.291164 ], [ -81.6282469, 30.2911485 ], [ -81.6283507, 30.2911325 ] ] }, "id": "way/1390314953" }, { "type": "Feature", "properties": { "@id": "way/1390351150", "HFCS": "Urban Minor Arterial", "hgv": "designated", "highway": "primary", "lanes": "4", "maxspeed": "40 mph", "name": "Emerson Street", "ref": "US 1 Alternate;SR 126", "sidewalk": "both", "source:hgv": "https://www.jacksonville.gov/departments/planning-and-development/transportation-planning/maps-and-data/maps-and-data-docs/coj-truck-route-systems-info.aspx", "source:maxspeed": "FDOT \"Maximum Speed Limits\" GIS data, updated August 27, 2011: http://www.dot.state.fl.us/planning/statistics/gis/roaddata.shtm", "surface": "asphalt" }, "geometry": { "type": "LineString", "coordinates": [ [ -81.627164, 30.2911922 ], [ -81.6272595, 30.2911974 ], [ -81.6273517, 30.2912011 ] ] }, "id": "way/1390351150" }, { "type": "Feature", "properties": { "@id": "way/1390351151", "HFCS": "Urban Minor Arterial", "hgv": "designated", "highway": "primary", "lanes": "5", "lanes:backward": "2", "lanes:forward": "3", "maxspeed": "40 mph", "name": "Emerson Street", "ref": "US 1 Alternate;SR 126", "sidewalk": "both", "source:hgv": "https://www.jacksonville.gov/departments/planning-and-development/transportation-planning/maps-and-data/maps-and-data-docs/coj-truck-route-systems-info.aspx", "source:maxspeed": "FDOT \"Maximum Speed Limits\" GIS data, updated August 27, 2011: http://www.dot.state.fl.us/planning/statistics/gis/roaddata.shtm", "surface": "asphalt", "turn:lanes:forward": "left||" }, "geometry": { "type": "LineString", "coordinates": [ [ -81.6273517, 30.2912011 ], [ -81.6274646, 30.2912035 ], [ -81.6275904, 30.2912024 ], [ -81.6277217, 30.2911979 ] ] }, "id": "way/1390351151" }, { "type": "Feature", "properties": { "@id": "way/1391358085", "HFCS": "Urban Minor Arterial", "hgv": "designated", "highway": "primary", "lanes": "5", "lanes:backward": "2", "lanes:forward": "3", "maxspeed": "40 mph", "name": "Emerson Street", "ref": "US 1 Alternate;SR 126", "sidewalk": "both", "source:hgv": "https://www.jacksonville.gov/departments/planning-and-development/transportation-planning/maps-and-data/maps-and-data-docs/coj-truck-route-systems-info.aspx", "source:maxspeed": "FDOT \"Maximum Speed Limits\" GIS data, updated August 27, 2011: http://www.dot.state.fl.us/planning/statistics/gis/roaddata.shtm", "surface": "asphalt", "tiger:name_base": "Emerson", "tiger:name_base_1": "State Highway 126;Emerson", "tiger:name_base_2": "United States Highway 1 (Alt)", "tiger:name_base_3": "State Highway 126", "tiger:name_type": "St;Expy", "tiger:name_type_1": "St", "turn:lanes:forward": "left||" }, "geometry": { "type": "LineString", "coordinates": [ [ -81.6252225, 30.2910084 ], [ -81.62557, 30.29104 ], [ -81.6256402, 30.2910493 ], [ -81.6257803, 30.2910635 ] ] }, "id": "way/1391358085" }, { "type": "Feature", "properties": { "@id": "way/1391534839", "HFCS": "Urban Minor Arterial", "hgv": "designated", "highway": "primary", "lanes": "6", "lanes:backward": "4", "lanes:forward": "2", "maxspeed": "40 mph", "name": "Emerson Street", "ref": "US 1 Alternate;SR 126", "sidewalk": "both", "source:hgv": "https://www.jacksonville.gov/departments/planning-and-development/transportation-planning/maps-and-data/maps-and-data-docs/coj-truck-route-systems-info.aspx", "source:maxspeed": "FDOT \"Maximum Speed Limits\" GIS data, updated August 27, 2011: http://www.dot.state.fl.us/planning/statistics/gis/roaddata.shtm", "surface": "asphalt", "tiger:name_base": "Emerson", "tiger:name_base_1": "State Highway 126;Emerson", "tiger:name_base_2": "United States Highway 1 (Alt)", "tiger:name_base_3": "State Highway 126", "tiger:name_type": "St;Expy", "tiger:name_type_1": "St", "turn:lanes:backward": "left|||right" }, "geometry": { "type": "LineString", "coordinates": [ [ -81.6177658, 30.2905649 ], [ -81.6180834, 30.2904916 ], [ -81.6182646, 30.2904601 ], [ -81.618404, 30.2904445 ] ] }, "id": "way/1391534839" }, { "type": "Feature", "properties": { "@id": "way/1391534840", "HFCS": "Urban Minor Arterial", "hgv": "designated", "highway": "primary", "lanes": "5", "lanes:backward": "3", "lanes:forward": "2", "maxspeed": "40 mph", "name": "Emerson Street", "ref": "US 1 Alternate;SR 126", "sidewalk": "both", "source:hgv": "https://www.jacksonville.gov/departments/planning-and-development/transportation-planning/maps-and-data/maps-and-data-docs/coj-truck-route-systems-info.aspx", "source:maxspeed": "FDOT \"Maximum Speed Limits\" GIS data, updated August 27, 2011: http://www.dot.state.fl.us/planning/statistics/gis/roaddata.shtm", "surface": "asphalt", "tiger:name_base": "Emerson", "tiger:name_base_1": "State Highway 126;Emerson", "tiger:name_base_2": "United States Highway 1 (Alt)", "tiger:name_base_3": "State Highway 126", "tiger:name_type": "St;Expy", "tiger:name_type_1": "St", "turn:lanes:backward": "||right" }, "geometry": { "type": "LineString", "coordinates": [ [ -81.618404, 30.2904445 ], [ -81.6186129, 30.2904376 ] ] }, "id": "way/1391534840" }, { "type": "Feature", "properties": { "@id": "way/1392084281", "HFCS": "Urban Minor Arterial", "hgv": "designated", "highway": "primary", "lanes": "4", "maxspeed": "40 mph", "name": "Emerson Street", "ref": "US 1 Alternate;SR 126", "sidewalk": "both", "source:hgv": "https://www.jacksonville.gov/departments/planning-and-development/transportation-planning/maps-and-data/maps-and-data-docs/coj-truck-route-systems-info.aspx", "source:maxspeed": "FDOT \"Maximum Speed Limits\" GIS data, updated August 27, 2011: http://www.dot.state.fl.us/planning/statistics/gis/roaddata.shtm", "surface": "asphalt", "tiger:name_base": "Emerson", "tiger:name_base_1": "State Highway 126;Emerson", "tiger:name_base_2": "United States Highway 1 (Alt)", "tiger:name_base_3": "State Highway 126", "tiger:name_type": "St;Expy", "tiger:name_type_1": "St" }, "geometry": { "type": "LineString", "coordinates": [ [ -81.6229923, 30.2908147 ], [ -81.6236259, 30.2908681 ], [ -81.623849, 30.2908915 ], [ -81.6241337, 30.2909167 ], [ -81.6244956, 30.2909455 ], [ -81.624534, 30.2909482 ], [ -81.6246518, 30.2909565 ] ] }, "id": "way/1392084281" }, { "type": "Feature", "properties": { "@id": "way/1392084282", "HFCS": "Urban Minor Arterial", "hgv": "designated", "highway": "primary", "lanes": "5", "lanes:backward": "3", "lanes:forward": "2", "maxspeed": "40 mph", "name": "Emerson Street", "ref": "US 1 Alternate;SR 126", "sidewalk": "both", "source:hgv": "https://www.jacksonville.gov/departments/planning-and-development/transportation-planning/maps-and-data/maps-and-data-docs/coj-truck-route-systems-info.aspx", "source:maxspeed": "FDOT \"Maximum Speed Limits\" GIS data, updated August 27, 2011: http://www.dot.state.fl.us/planning/statistics/gis/roaddata.shtm", "surface": "asphalt", "tiger:name_base": "Emerson", "tiger:name_base_1": "State Highway 126;Emerson", "tiger:name_base_2": "United States Highway 1 (Alt)", "tiger:name_base_3": "State Highway 126", "tiger:name_type": "St;Expy", "tiger:name_type_1": "St", "turn:lanes:backward": "left||" }, "geometry": { "type": "LineString", "coordinates": [ [ -81.6226046, 30.2907799 ], [ -81.6229923, 30.2908147 ] ] }, "id": "way/1392084282" }, { "type": "Feature", "properties": { "@id": "way/1392649793", "hgv": "designated", "highway": "trunk", "lanes": "5", "lanes:backward": "2", "lanes:forward": "3", "maxspeed": "40 mph", "name": "Emerson Street Expressway", "oneway": "no", "ref": "US 1 Alternate;SR 126", "source:hgv": "https://www.jacksonville.gov/departments/planning-and-development/transportation-planning/maps-and-data/maps-and-data-docs/coj-truck-route-systems-info.aspx", "source:maxspeed": "FDOT \"Maximum Speed Limits\" GIS data, updated August 27, 2011: http://www.dot.state.fl.us/planning/statistics/gis/roaddata.shtm", "surface": "asphalt", "turn:lanes:forward": "left||" }, "geometry": { "type": "LineString", "coordinates": [ [ -81.6169219, 30.2910313 ], [ -81.6170305, 30.2909482 ], [ -81.6171565, 30.2908651 ], [ -81.6175203, 30.2906696 ], [ -81.6175932, 30.2906385 ], [ -81.6177658, 30.2905649 ] ] }, "id": "way/1392649793" }, { "type": "Feature", "properties": { "@id": "way/1427970750", "HFCS": "Urban Minor Arterial", "hgv": "designated", "highway": "primary", "lanes": "4", "lanes:backward": "2", "lanes:forward": "2", "maxspeed": "40 mph", "name": "Emerson Street", "ref": "US 1 Alternate;SR 126", "sidewalk:both": "separate", "source:hgv": "https://www.jacksonville.gov/departments/planning-and-development/transportation-planning/maps-and-data/maps-and-data-docs/coj-truck-route-systems-info.aspx", "source:maxspeed": "FDOT \"Maximum Speed Limits\" GIS data, updated August 27, 2011: http://www.dot.state.fl.us/planning/statistics/gis/roaddata.shtm", "surface": "asphalt" }, "geometry": { "type": "LineString", "coordinates": [ [ -81.6305002, 30.2901992 ], [ -81.6306124, 30.2901109 ], [ -81.6307339, 30.2900124 ], [ -81.6308594, 30.2898985 ] ] }, "id": "way/1427970750" }, { "type": "Feature", "properties": { "@id": "way/1427970753", "HFCS": "Urban Minor Arterial", "hgv": "designated", "highway": "primary", "lanes": "5", "lanes:backward": "3", "lanes:forward": "2", "maxspeed": "40 mph", "name": "Emerson Street", "ref": "US 1 Alternate;SR 126", "sidewalk:both": "separate", "source:hgv": "https://www.jacksonville.gov/departments/planning-and-development/transportation-planning/maps-and-data/maps-and-data-docs/coj-truck-route-systems-info.aspx", "source:maxspeed": "FDOT \"Maximum Speed Limits\" GIS data, updated August 27, 2011: http://www.dot.state.fl.us/planning/statistics/gis/roaddata.shtm", "surface": "asphalt", "turn:lanes:backward": "left||" }, "geometry": { "type": "LineString", "coordinates": [ [ -81.6308594, 30.2898985 ], [ -81.6311077, 30.2896682 ], [ -81.631176, 30.2896049 ] ] }, "id": "way/1427970753" }, { "type": "Feature", "properties": { "@id": "way/1431981731", "HFCS": "Urban Minor Arterial", "hgv": "designated", "highway": "primary", "lanes": "5", "lanes:backward": "2", "lanes:forward": "3", "maxspeed": "40 mph", "name": "Emerson Street", "ref": "US 1 Alternate;SR 126", "sidewalk:both": "separate", "source:hgv": "https://www.jacksonville.gov/departments/planning-and-development/transportation-planning/maps-and-data/maps-and-data-docs/coj-truck-route-systems-info.aspx", "source:maxspeed": "FDOT \"Maximum Speed Limits\" GIS data, updated August 27, 2011: http://www.dot.state.fl.us/planning/statistics/gis/roaddata.shtm", "surface": "asphalt", "turn:lanes:forward": "left||" }, "geometry": { "type": "LineString", "coordinates": [ [ -81.6317881, 30.2890373 ], [ -81.6318982, 30.2889353 ] ] }, "id": "way/1431981731" }, { "type": "Feature", "properties": { "@id": "way/1437064703", "HFCS": "Urban Minor Arterial", "hgv": "designated", "highway": "primary", "lanes": "4", "lanes:backward": "2", "lanes:forward": "2", "maxspeed": "40 mph", "name": "Emerson Street", "ref": "US 1 Alternate;SR 126", "sidewalk:both": "separate", "source:hgv": "https://www.jacksonville.gov/departments/planning-and-development/transportation-planning/maps-and-data/maps-and-data-docs/coj-truck-route-systems-info.aspx", "source:maxspeed": "FDOT \"Maximum Speed Limits\" GIS data, updated August 27, 2011: http://www.dot.state.fl.us/planning/statistics/gis/roaddata.shtm", "surface": "asphalt" }, "geometry": { "type": "LineString", "coordinates": [ [ -81.631176, 30.2896049 ], [ -81.6312339, 30.2895513 ], [ -81.6314111, 30.289387 ] ] }, "id": "way/1437064703" }, { "type": "Feature", "properties": { "@id": "way/1437073341", "hgv": "designated", "highway": "trunk", "lanes": "5", "lanes:backward": "2", "lanes:both_ways": "1", "lanes:forward": "2", "maxspeed:backward": "50 mph", "maxspeed:forward": "40 mph", "name": "Emerson Street Expressway", "oneway": "no", "ref": "US 1 Alternate;SR 126", "source:hgv": "https://www.jacksonville.gov/departments/planning-and-development/transportation-planning/maps-and-data/maps-and-data-docs/coj-truck-route-systems-info.aspx", "source:maxspeed": "FDOT \"Maximum Speed Limits\" GIS data, updated August 27, 2011: http://www.dot.state.fl.us/planning/statistics/gis/roaddata.shtm", "surface": "asphalt", "turn:lanes:both_ways": "left" }, "geometry": { "type": "LineString", "coordinates": [ [ -81.6155697, 30.2935882 ], [ -81.6157873, 30.2930565 ] ] }, "id": "way/1437073341" }, { "type": "Feature", "properties": { "@id": "way/1487075798", "NHS": "intermodal", "fdot:sis": "yes (connector)", "hgv": "designated", "hgv:national_network": "yes", "highway": "motorway", "lanes": "3", "maxspeed": "55 mph", "name": "Martin Luther King Jr. Parkway", "name:etymology:wikidata": "Q8027", "old_name": "20th Street Expressway", "oneway": "yes", "ref": "US 1 Alternate", "surface": "concrete", "turn:lanes": "none|none|slight_right", "unsigned_ref": "SR 115" }, "geometry": { "type": "LineString", "coordinates": [ [ -81.6542112, 30.3564386 ], [ -81.654287, 30.3564378 ] ] }, "id": "way/1487075798" }, { "type": "Feature", "properties": { "@id": "way/1489485437", "HFCS": "Urban Minor Arterial", "hgv": "designated", "highway": "primary", "lanes": "5", "lanes:backward": "2", "lanes:forward": "3", "maxspeed": "40 mph", "name": "Emerson Street", "ref": "US 1 Alternate;SR 126", "sidewalk:both": "separate", "source:hgv": "https://www.jacksonville.gov/departments/planning-and-development/transportation-planning/maps-and-data/maps-and-data-docs/coj-truck-route-systems-info.aspx", "source:maxspeed": "FDOT \"Maximum Speed Limits\" GIS data, updated August 27, 2011: http://www.dot.state.fl.us/planning/statistics/gis/roaddata.shtm", "surface": "asphalt", "turn:lanes:forward": "left||" }, "geometry": { "type": "LineString", "coordinates": [ [ -81.6318982, 30.2889353 ], [ -81.6321867, 30.2886678 ], [ -81.6322892, 30.2885747 ], [ -81.632388, 30.2884899 ], [ -81.6324858, 30.2884091 ] ] }, "id": "way/1489485437" }, { "type": "Feature", "properties": { "@id": "way/1492032778", "hgv": "designated", "hgv:national_network": "yes", "highway": "motorway", "lanes": "2", "maxspeed": "55 mph", "name": "Martin Luther King Jr. Parkway", "name:etymology:wikidata": "Q8027", "old_name": "Haines Street Expressway", "oneway": "yes", "ref": "US 1 Alternate", "turn:lanes": "none|through;slight_right", "unsigned_ref": "SR 115" }, "geometry": { "type": "LineString", "coordinates": [ [ -81.6367421, 30.3366739 ], [ -81.6367267, 30.3352457 ] ] }, "id": "way/1492032778" }, { "type": "Feature", "properties": { "@id": "way/1497278586", "hgv": "designated", "highway": "motorway", "lanes": "3", "maxspeed": "55 mph", "name": "Emerson Street Expressway", "oneway": "yes", "ref": "US 1 Alternate", "source:hgv": "https://www.jacksonville.gov/departments/planning-and-development/transportation-planning/maps-and-data/maps-and-data-docs/coj-truck-route-systems-info.aspx", "source:maxspeed": "FDOT \"Maximum Speed Limits\" GIS data, updated August 27, 2011: http://www.dot.state.fl.us/planning/statistics/gis/roaddata.shtm", "surface": "concrete", "tiger:name_base": "Hart", "tiger:name_base_1": "United States Highway A-1", "tiger:name_type": "Expy", "turn:lanes": "||slight_right", "unsigned_ref": "SR 228A" }, "geometry": { "type": "LineString", "coordinates": [ [ -81.6153339, 30.294009 ], [ -81.6152388, 30.2942412 ] ] }, "id": "way/1497278586" }, { "type": "Feature", "properties": { "@id": "way/1499851369", "HFCS": "Urban Minor Arterial", "hgv": "designated", "highway": "primary", "lanes": "4", "maxspeed": "40 mph", "name": "Emerson Street", "ref": "US 1 Alternate;SR 126", "sidewalk": "both", "source:hgv": "https://www.jacksonville.gov/departments/planning-and-development/transportation-planning/maps-and-data/maps-and-data-docs/coj-truck-route-systems-info.aspx", "source:maxspeed": "FDOT \"Maximum Speed Limits\" GIS data, updated August 27, 2011: http://www.dot.state.fl.us/planning/statistics/gis/roaddata.shtm", "surface": "asphalt", "tiger:name_base": "Emerson", "tiger:name_base_1": "State Highway 126;Emerson", "tiger:name_base_2": "United States Highway 1 (Alt)", "tiger:name_base_3": "State Highway 126", "tiger:name_type": "St;Expy", "tiger:name_type_1": "St" }, "geometry": { "type": "LineString", "coordinates": [ [ -81.6186129, 30.2904376 ], [ -81.618733, 30.2904356 ], [ -81.618959, 30.2904489 ], [ -81.619448, 30.290489 ], [ -81.6198029, 30.2905218 ] ] }, "id": "way/1499851369" }, { "type": "Feature", "properties": { "@id": "way/1502824411", "HFCS": "Urban Minor Arterial", "hgv": "designated", "highway": "primary", "lanes": "5", "lanes:backward": "2", "lanes:forward": "3", "maxspeed": "40 mph", "name": "Emerson Street", "ref": "US 1 Alternate;SR 126", "sidewalk": "both", "source:hgv": "https://www.jacksonville.gov/departments/planning-and-development/transportation-planning/maps-and-data/maps-and-data-docs/coj-truck-route-systems-info.aspx", "source:maxspeed": "FDOT \"Maximum Speed Limits\" GIS data, updated August 27, 2011: http://www.dot.state.fl.us/planning/statistics/gis/roaddata.shtm", "surface": "asphalt", "tiger:name_base": "Emerson", "tiger:name_base_1": "State Highway 126;Emerson", "tiger:name_base_2": "United States Highway 1 (Alt)", "tiger:name_base_3": "State Highway 126", "tiger:name_type": "St;Expy", "tiger:name_type_1": "St", "turn:lanes:forward": "left|none|none" }, "geometry": { "type": "LineString", "coordinates": [ [ -81.6198029, 30.2905218 ], [ -81.6198112, 30.2905226 ], [ -81.6202911, 30.290565 ] ] }, "id": "way/1502824411" }, { "type": "Feature", "properties": { "@id": "way/1535089469", "hgv": "designated", "highway": "motorway", "lanes": "1", "maxspeed": "35 mph", "oneway": "yes", "ref": "US 1 ALT", "source:hgv": "https://www.jacksonville.gov/departments/planning-and-development/transportation-planning/maps-and-data/maps-and-data-docs/coj-truck-route-systems-info.aspx", "source:maxspeed": "FDOT \"Maximum Speed Limits\" GIS data, updated August 27, 2011: http://www.dot.state.fl.us/planning/statistics/gis/roaddata.shtm", "surface": "concrete", "unsigned_ref": "SR 115A" }, "geometry": { "type": "LineString", "coordinates": [ [ -81.6371086, 30.3315729 ], [ -81.6370386, 30.3314065 ], [ -81.6369983, 30.3313164 ], [ -81.6369645, 30.3312437 ], [ -81.6369369, 30.3311878 ], [ -81.6369079, 30.3311324 ], [ -81.6368787, 30.3310786 ], [ -81.6368511, 30.3310306 ] ] }, "id": "way/1535089469" },

 { "type": "Feature", "properties": { "@id": "relation/385394", "is_in:state": "FL", "modifier": "Business", "name": "US 1 Business (St. Augustine, FL)", "network": "US:US:Business", "ref":"US 1 BUS", "route": "road", "type": "route" }, "geometry": { "type": "MultiLineString", "coordinates": [ [ [ -81.3252596, 29.9231544 ], [ -81.3251931, 29.9230054 ], [ -81.32514, 29.922907 ], [ -81.325068, 29.922785 ], [ -81.324988, 29.92268 ], [ -81.3249201, 29.9225963 ], [ -81.3246777, 29.9223894 ], [ -81.3246113, 29.9223338 ], [ -81.324602, 29.922326 ], [ -81.324491, 29.922213 ], [ -81.324397, 29.922095 ], [ -81.324315, 29.921966 ], [ -81.3242084, 29.9217935 ], [ -81.3241485, 29.921607 ], [ -81.3240457, 29.9212868 ], [ -81.3239792, 29.9210798 ], [ -81.3239304, 29.920928 ], [ -81.323792, 29.920497 ], [ -81.323705, 29.9202311 ], [ -81.323671, 29.920127 ], [ -81.323584, 29.919859 ], [ -81.323457, 29.919492 ], [ -81.3233779, 29.9192361 ], [ -81.3232914, 29.9189758 ], [ -81.323249, 29.918848 ], [ -81.3230803, 29.9183022 ], [ -81.323058, 29.91823 ], [ -81.322734, 29.917177 ], [ -81.322695, 29.917049 ], [ -81.3225689, 29.9166172 ], [ -81.322469, 29.916275 ], [ -81.322317, 29.915796 ], [ -81.322226, 29.915503 ], [ -81.322152, 29.91525 ], [ -81.3221236, 29.9151529 ], [ -81.322026, 29.914819 ], [ -81.3220087, 29.9147627 ], [ -81.321965, 29.91462 ], [ -81.321869, 29.9143061 ], [ -81.321798, 29.914074 ], [ -81.321767, 29.913977 ], [ -81.3216999, 29.9137739 ], [ -81.321697, 29.913765 ], [ -81.321581, 29.9133994 ], [ -81.321566, 29.913342 ], [ -81.3215511, 29.9132817 ], [ -81.321377, 29.912703 ], [ -81.321341, 29.912586 ], [ -81.3211807, 29.9120744 ], [ -81.3211464, 29.9119602 ], [ -81.321128, 29.911899 ], [ -81.321078, 29.9117415 ], [ -81.32098, 29.911433 ], [ -81.32093, 29.9112752 ], [ -81.320895, 29.911165 ], [ -81.3208196, 29.9109247 ], [ -81.320687, 29.910502 ], [ -81.3206154, 29.9102755 ], [ -81.320594, 29.9102076 ], [ -81.3205608, 29.9101025 ], [ -81.3205335, 29.9100823 ], [ -81.3205039, 29.9100605 ], [ -81.3204122, 29.9099202 ], [ -81.3203585, 29.9098014 ], [ -81.3201643, 29.9094373 ], [ -81.3201428, 29.909389 ], [ -81.3201267, 29.9093399 ], [ -81.3201221, 29.9092972 ], [ -81.3201185, 29.909225 ], [ -81.3201365, 29.9091555 ], [ -81.3201507, 29.9090899 ], [ -81.320156, 29.9090538 ], [ -81.3201611, 29.909019 ], [ -81.3201657, 29.908988 ], [ -81.3201332, 29.9088483 ], [ -81.3200913, 29.9087752 ], [ -81.3200123, 29.908654 ], [ -81.319978, 29.908592 ], [ -81.319939, 29.908529 ], [ -81.3199171, 29.9084904 ], [ -81.3197401, 29.9081604 ], [ -81.3196456, 29.9080167 ], [ -81.319465, 29.907716 ], [ -81.319384, 29.90758 ], [ -81.3193102, 29.907452 ], [ -81.3192702, 29.9073826 ], [ -81.3192458, 29.9073402 ], [ -81.3191948, 29.9072517 ], [ -81.3190626, 29.9070224 ], [ -81.319022, 29.906952 ], [ -81.3189016, 29.9067529 ], [ -81.318895, 29.906742 ], [ -81.3185684, 29.9062052 ], [ -81.3185125, 29.9061039 ], [ -81.3184204, 29.9059492 ], [ -81.3183852, 29.9058902 ], [ -81.3182266, 29.905624 ], [ -81.318148, 29.905492 ], [ -81.318073, 29.905364 ], [ -81.3179691, 29.9051895 ], [ -81.317882, 29.905043 ], [ -81.3176717, 29.9046967 ], [ -81.3175662, 29.9045153 ], [ -81.3175111, 29.904425 ], [ -81.3174053, 29.9042461 ], [ -81.3173124, 29.904089 ], [ -81.3172683, 29.9040198 ], [ -81.3171822, 29.9038742 ], [ -81.3171151, 29.9037603 ], [ -81.316853, 29.903318 ], [ -81.3167978, 29.9032257 ], [ -81.316514, 29.902751 ], [ -81.316354, 29.902488 ], [ -81.3161615, 29.9021594 ], [ -81.3160832, 29.9020257 ], [ -81.3160653, 29.9019952 ], [ -81.3160101, 29.9019012 ], [ -81.315829, 29.901593 ], [ -81.3156668, 29.9013151 ], [ -81.3155547, 29.9011351 ], [ -81.3153532, 29.9007876 ], [ -81.3152521, 29.9006192 ], [ -81.315228, 29.900579 ], [ -81.3151096, 29.9003822 ], [ -81.315025, 29.9002417 ], [ -81.314959, 29.900132 ], [ -81.314888, 29.90002 ], [ -81.3148708, 29.8999929 ], [ -81.3146853, 29.8996999 ], [ -81.314655, 29.899652 ], [ -81.314553, 29.8994949 ], [ -81.3145232, 29.8994373 ], [ -81.3145006, 29.8993934 ], [ -81.3144561, 29.8993185 ], [ -81.314361, 29.899171 ], [ -81.3142627, 29.8990206 ], [ -81.314178, 29.898891 ], [ -81.3140789, 29.8987442 ], [ -81.313897, 29.898475 ], [ -81.313796, 29.89835 ], [ -81.313734, 29.898285 ], [ -81.31344, 29.898032 ], [ -81.3133656, 29.89796 ], [ -81.313257, 29.897855 ], [ -81.3132226, 29.8978189 ], [ -81.313198, 29.897793 ], [ -81.313111, 29.89769 ], [ -81.313038, 29.897587 ], [ -81.3130064, 29.8975333 ], [ -81.312976, 29.897479 ], [ -81.3128747, 29.8972552 ], [ -81.312818, 29.89713 ], [ -81.312736, 29.896944 ], [ -81.312679, 29.896838 ], [ -81.312611, 29.896736 ], [ -81.312534, 29.896641 ], [ -81.312484, 29.8965887 ], [ -81.312448, 29.896551 ], [ -81.312327, 29.896453 ], [ -81.3122281, 29.8963888 ], [ -81.312196, 29.896368 ], [ -81.312055, 29.896294 ], [ -81.311919, 29.896233 ], [ -81.3117193, 29.8961401 ], [ -81.3116283, 29.8960978 ], [ -81.311547, 29.89606 ], [ -81.3113422, 29.8959679 ], [ -81.3113143, 29.895955 ], [ -81.3112946, 29.8959459 ], [ -81.311281, 29.8959396 ], [ -81.3112406, 29.8959072 ], [ -81.311192, 29.8958807 ], [ -81.3111649, 29.8958631 ], [ -81.3111401, 29.8958376 ], [ -81.3110836, 29.8957495 ], [ -81.3110599, 29.8956996 ], [ -81.311043, 29.8956418 ], [ -81.3110249, 29.8955302 ], [ -81.310996, 29.8951884 ], [ -81.3109872, 29.8950837 ], [ -81.3109855, 29.8950233 ], [ -81.3109573, 29.8943238 ], [ -81.3109553, 29.8942738 ], [ -81.3109424, 29.8939538 ], [ -81.3109161, 29.893424 ], [ -81.3109155, 29.8934114 ], [ -81.3109128, 29.8933785 ], [ -81.3109031, 29.8930795 ], [ -81.3108982, 29.8928675 ], [ -81.3108978, 29.892848 ], [ -81.3108971, 29.8928367 ], [ -81.310892, 29.8927624 ], [ -81.310887, 29.8926871 ], [ -81.3108869, 29.8926726 ], [ -81.3108857, 29.8926569 ], [ -81.310885, 29.8926374 ], [ -81.3108816, 29.8924301 ], [ -81.3109247, 29.8922874 ], [ -81.3110451, 29.8922834 ], [ -81.3112014, 29.8922784 ], [ -81.3113947, 29.8922715 ], [ -81.3116093, 29.8922585 ], [ -81.3116829, 29.8922552 ], [ -81.3117286, 29.8922531 ], [ -81.3117868, 29.8922514 ], [ -81.312056, 29.8922407 ], [ -81.3122571, 29.8922327 ], [ -81.3124928, 29.8922274 ], [ -81.3127372, 29.8922232 ], [ -81.3128017, 29.8922223 ], [ -81.3128597, 29.8922211 ], [ -81.3131162, 29.892216 ], [ -81.313446, 29.892209 ], [ -81.3135622, 29.8922064 ], [ -81.3137612, 29.8922021 ], [ -81.3137878, 29.8922015 ], [ -81.3138511, 29.892182 ], [ -81.3138577, 29.8921801 ], [ -81.3139386, 29.8921682 ], [ -81.313999, 29.8921646 ], [ -81.3140497, 29.8921682 ], [ -81.3142631, 29.8921097 ], [ -81.3145999, 29.892022 ], [ -81.3146587, 29.8920079 ], [ -81.3149781, 29.8919315 ], [ -81.3150288, 29.8919194 ], [ -81.3151548, 29.8918984 ], [ -81.3152942, 29.8918815 ], [ -81.3154171, 29.8918701 ], [ -81.3155384, 29.8918589 ], [ -81.3157932, 29.8918333 ], [ -81.3158888, 29.8918204 ], [ -81.316611, 29.891723 ], [ -81.3167446, 29.8917068 ], [ -81.3169048, 29.8916874 ], [ -81.317081, 29.891666 ], [ -81.317576, 29.8916099 ], [ -81.3177867, 29.891586 ], [ -81.3178417, 29.8915798 ], [ -81.3179835, 29.8915637 ], [ -81.3182017, 29.8915384 ], [ -81.3183147, 29.8915262 ], [ -81.318378, 29.891519 ], [ -81.3184733, 29.8915106 ], [ -81.3187312, 29.891488 ], [ -81.3190852, 29.8914569 ], [ -81.3192817, 29.8914397 ], [ -81.31962, 29.89141 ], [ -81.3199524, 29.8913829 ], [ -81.320258, 29.891358 ], [ -81.3203159, 29.891353 ], [ -81.3206046, 29.8913281 ], [ -81.3206325, 29.8913257 ], [ -81.3207239, 29.8913178 ], [ -81.3208196, 29.8913096 ], [ -81.3209521, 29.8912988 ], [ -81.3213988, 29.8912622 ], [ -81.321972, 29.8912153 ], [ -81.3221756, 29.8911987 ], [ -81.3222254, 29.8911945 ], [ -81.3229228, 29.8911292 ], [ -81.3233812, 29.891098 ], [ -81.3242416, 29.8910283 ], [ -81.3242963, 29.8910238 ], [ -81.3245211, 29.8910016 ], [ -81.3245932, 29.8909945 ], [ -81.3247419, 29.8909875 ] ], [ [ -81.3242084, 29.9217935 ], [ -81.3243066, 29.9221103 ], [ -81.32438, 29.922347 ], [ -81.324431, 29.92251 ], [ -81.324467, 29.922626 ], [ -81.3244973, 29.9227224 ], [ -81.32472, 29.92343 ], [ -81.324825, 29.923728 ], [ -81.324946, 29.924 ], [ -81.32506, 29.9242176 ], [ -81.3252673, 29.924529 ], [ -81.325281, 29.9245495 ] ], [ [ -81.3205608, 29.9101025 ], [ -81.3205527, 29.9100768 ], [ -81.3205356, 29.9100228 ], [ -81.320518, 29.909967 ], [ -81.3204869, 29.9098737 ], [ -81.320461, 29.9097844 ], [ -81.3203097, 29.909303 ], [ -81.3202633, 29.9091059 ], [ -81.3202502, 29.9090505 ], [ -81.3202368, 29.9090116 ], [ -81.3202214, 29.9089668 ], [ -81.3201933, 29.9089291 ], [ -81.3201332, 29.9088483 ] ], [ [ -81.3112406, 29.8959072 ], [ -81.3112316, 29.8958739 ], [ -81.3112214, 29.8958455 ], [ -81.3112078, 29.8958083 ], [ -81.3111886, 29.8957515 ], [ -81.3111796, 29.8957114 ], [ -81.3111762, 29.8956771 ], [ -81.3111523, 29.8953899 ], [ -81.3111348, 29.8951801 ], [ -81.3111316, 29.8951415 ], [ -81.3111198, 29.8950172 ], [ -81.3110926, 29.8944185 ], [ -81.3110859, 29.8942718 ], [ -81.3110712, 29.8939491 ], [ -81.3110644, 29.8938394 ], [ -81.3110343, 29.8933794 ], [ -81.3110691, 29.8933236 ], [ -81.3110662, 29.8931867 ], [ -81.3110615, 29.893009 ], [ -81.3110655, 29.8929767 ], [ -81.3110705, 29.8929517 ], [ -81.311076, 29.8929331 ], [ -81.3110835, 29.8929155 ], [ -81.311102, 29.892882 ], [ -81.3111174, 29.8928636 ], [ -81.3111274, 29.8928483 ], [ -81.3111421, 29.8928337 ], [ -81.3111583, 29.8928166 ], [ -81.3111799, 29.8928012 ], [ -81.3112066, 29.8927856 ], [ -81.31126, 29.8927585 ], [ -81.3114589, 29.8927544 ], [ -81.3115219, 29.8927521 ], [ -81.3118475, 29.8927408 ], [ -81.3120739, 29.8927326 ], [ -81.312745, 29.8927128 ], [ -81.3128036, 29.8927111 ], [ -81.3132716, 29.8927009 ], [ -81.3135793, 29.8926917 ], [ -81.3139891, 29.8926836 ], [ -81.3140438, 29.8926825 ], [ -81.3139949, 29.8924525 ], [ -81.3139592, 29.8922728 ], [ -81.3139688, 29.8922407 ], [ -81.313988, 29.8922134 ], [ -81.3140168, 29.8921896 ], [ -81.3140497, 29.8921682 ] ] ] }, "id": "relation/385394" }, { "type": "Feature", "properties": { "@id": "relation/418040", "description": "US 1 Business (Trenton, NJ)", "is_in:state": "NJ", "modifier": "Business", "network": "US:US:Business", "note": "as signed; hanging south end (not signed in PA)", "ref":"US 1 BUS", "route": "road", "type": "route", "wikidata": "Q811356", "wikipedia": "en:U.S. Route 1 Business (Trenton, New Jersey)" }, "geometry": { "type": "MultiLineString", "coordinates": [ [ [ -74.7125297, 40.2699296 ], [ -74.7128195, 40.2697255 ], [ -74.7132043, 40.2694328 ], [ -74.713959, 40.268877 ], [ -74.714127, 40.26875 ], [ -74.714593, 40.268382 ], [ -74.714675, 40.268317 ], [ -74.7147857, 40.2682225 ], [ -74.7148193, 40.2681938 ], [ -74.715262, 40.267816 ], [ -74.7152941, 40.2677866 ], [ -74.715709, 40.267407 ], [ -74.715954, 40.267171 ], [ -74.7160226, 40.2671026 ], [ -74.716293, 40.266833 ], [ -74.716594, 40.266545 ], [ -74.7168584, 40.2663101 ], [ -74.716908, 40.266266 ], [ -74.7169655, 40.2662188 ], [ -74.717326, 40.2659232 ], [ -74.718136, 40.265259 ], [ -74.7182718, 40.2651523 ], [ -74.7183233, 40.2651119 ], [ -74.718885, 40.264639 ], [ -74.7198284, 40.2638537 ], [ -74.720331, 40.263427 ], [ -74.7204396, 40.2633447 ], [ -74.720572, 40.263244 ], [ -74.7207609, 40.2630826 ], [ -74.720915, 40.262955 ], [ -74.7216756, 40.2623236 ], [ -74.7218977, 40.2621392 ], [ -74.7223505, 40.2617633 ], [ -74.722717, 40.261459 ], [ -74.7228691, 40.2613326 ], [ -74.7232595, 40.2610082 ], [ -74.723462, 40.26084 ], [ -74.72368, 40.260659 ], [ -74.7246131, 40.2598821 ], [ -74.724654, 40.259848 ], [ -74.726118, 40.258629 ], [ -74.7261758, 40.2585907 ], [ -74.7264652, 40.2583471 ], [ -74.7268604, 40.2580145 ], [ -74.7273392, 40.257618 ], [ -74.7281978, 40.2569073 ], [ -74.7283669, 40.2567672 ], [ -74.7284191, 40.256724 ], [ -74.729089, 40.256154 ], [ -74.7291483, 40.2561046 ], [ -74.7299076, 40.2554729 ], [ -74.7305087, 40.2549728 ], [ -74.7306913, 40.2548208 ], [ -74.7308165, 40.2547167 ], [ -74.7309073, 40.2546412 ], [ -74.7316766, 40.2540101 ], [ -74.7317616, 40.2539404 ], [ -74.7325358, 40.2533159 ], [ -74.7329556, 40.2529773 ], [ -74.7334831, 40.252551 ], [ -74.7336861, 40.2524675 ], [ -74.7337315, 40.2524666 ], [ -74.7337816, 40.2524583 ], [ -74.7338275, 40.2524407 ], [ -74.7338662, 40.2524151 ], [ -74.7338955, 40.252383 ], [ -74.7339136, 40.2523464 ], [ -74.7339164, 40.252327 ], [ -74.7339192, 40.2523075 ], [ -74.7339121, 40.2522687 ], [ -74.7340433, 40.252132 ], [ -74.7340674, 40.2521069 ], [ -74.7344438, 40.2517803 ], [ -74.7349403, 40.2513843 ], [ -74.7353347, 40.2510696 ], [ -74.735457, 40.250972 ], [ -74.7358376, 40.2506681 ], [ -74.7359469, 40.2505734 ], [ -74.7360252, 40.2505074 ], [ -74.7362332, 40.2503297 ], [ -74.7362453, 40.2503193 ], [ -74.7365792, 40.2500342 ], [ -74.7367025, 40.2499305 ], [ -74.7374213, 40.249326 ], [ -74.7375341, 40.2492311 ], [ -74.737568, 40.2492026 ], [ -74.737946, 40.2488846 ], [ -74.7381443, 40.2487178 ], [ -74.7382765, 40.2486066 ], [ -74.7384137, 40.2484913 ], [ -74.7386462, 40.2482957 ], [ -74.7390832, 40.2479433 ], [ -74.7391625, 40.2478793 ], [ -74.7395616, 40.2475574 ], [ -74.7398149, 40.2473493 ], [ -74.7399377, 40.2472484 ], [ -74.7406673, 40.246649 ], [ -74.7407768, 40.246559 ], [ -74.7411143, 40.2462817 ], [ -74.7415241, 40.2459386 ], [ -74.7418359, 40.2456623 ], [ -74.7419591, 40.2455738 ], [ -74.7420531, 40.2455435 ], [ -74.7421632, 40.2455512 ], [ -74.7422685, 40.2455761 ], [ -74.7423302, 40.2455799 ], [ -74.7423467, 40.245596 ], [ -74.7423997, 40.2456374 ], [ -74.7425105, 40.2456954 ], [ -74.7425881, 40.2457249 ], [ -74.7426459, 40.2457395 ], [ -74.7427158, 40.2457509 ], [ -74.7428113, 40.2457563 ], [ -74.7428868, 40.2457525 ], [ -74.7429406, 40.2457453 ], [ -74.7430189, 40.2457279 ], [ -74.7430822, 40.2457072 ], [ -74.743149, 40.2456777 ], [ -74.7432146, 40.2456392 ], [ -74.7432691, 40.2455975 ], [ -74.743391, 40.245555 ], [ -74.743548, 40.245528 ], [ -74.74369, 40.245521 ], [ -74.743738, 40.245522 ], [ -74.744079, 40.245611 ], [ -74.7441447, 40.2456306 ], [ -74.744505, 40.245689 ], [ -74.74463, 40.2457015 ], [ -74.744794, 40.245718 ], [ -74.7448882, 40.2457259 ], [ -74.745025, 40.245727 ], [ -74.7451839, 40.2457243 ], [ -74.745314, 40.245722 ], [ -74.7455859, 40.2457024 ], [ -74.7457653, 40.2456851 ], [ -74.7460044, 40.2456413 ], [ -74.746162, 40.2456581 ], [ -74.7463159, 40.2456935 ], [ -74.7463216, 40.2457329 ], [ -74.7463373, 40.2457707 ], [ -74.7463623, 40.2458055 ], [ -74.7463957, 40.2458359 ], [ -74.7464362, 40.2458607 ], [ -74.746479, 40.2458779 ], [ -74.7465251, 40.245889 ], [ -74.7465731, 40.2458935 ], [ -74.7466214, 40.2458912 ], [ -74.7466684, 40.2458823 ], [ -74.7467044, 40.2458704 ], [ -74.7467444, 40.2458507 ], [ -74.7467792, 40.2458259 ], [ -74.7468076, 40.2457967 ], [ -74.7468287, 40.2457641 ], [ -74.7468418, 40.2457291 ], [ -74.7472917, 40.2452895 ], [ -74.7476645, 40.2449435 ], [ -74.7478804, 40.2446852 ], [ -74.747908, 40.244652 ], [ -74.7479465, 40.2446123 ], [ -74.7481471, 40.2444046 ], [ -74.7482431, 40.2443065 ], [ -74.748392, 40.244153 ], [ -74.7485805, 40.2439583 ], [ -74.7486705, 40.2438653 ], [ -74.7487075, 40.2438271 ], [ -74.748756, 40.243777 ], [ -74.748965, 40.243571 ], [ -74.7491019, 40.2434378 ], [ -74.7492193, 40.2433237 ], [ -74.7493866, 40.2431543 ], [ -74.7495012, 40.2430437 ], [ -74.749531, 40.243015 ], [ -74.7495642, 40.2429823 ], [ -74.7497378, 40.2428115 ], [ -74.7498957, 40.2426561 ], [ -74.7499825, 40.2425707 ], [ -74.7500693, 40.2424853 ], [ -74.750094, 40.242461 ], [ -74.750216, 40.2423401 ], [ -74.7502869, 40.2422698 ], [ -74.75057, 40.241989 ], [ -74.7506038, 40.2419558 ], [ -74.750689, 40.241872 ], [ -74.7507738, 40.2417901 ], [ -74.7509512, 40.2416189 ], [ -74.751072, 40.2415 ], [ -74.7511003, 40.2414723 ], [ -74.7511875, 40.2413872 ], [ -74.751454, 40.241127 ], [ -74.7515122, 40.2410706 ], [ -74.751815, 40.240777 ], [ -74.7518356, 40.2407568 ], [ -74.751963, 40.240632 ], [ -74.751984, 40.2406122 ], [ -74.752, 40.240597 ], [ -74.7520372, 40.2405597 ], [ -74.7520631, 40.2405337 ], [ -74.7521672, 40.2404295 ], [ -74.7522701, 40.2403263 ], [ -74.7523559, 40.2402433 ], [ -74.752546, 40.2400593 ], [ -74.752663, 40.239946 ], [ -74.753212, 40.2394 ], [ -74.753308, 40.239307 ], [ -74.753593, 40.239028 ], [ -74.753688, 40.238936 ], [ -74.753766, 40.238861 ], [ -74.754231, 40.238406 ], [ -74.75486, 40.237792 ], [ -74.7549015, 40.2377507 ], [ -74.7550079, 40.2376446 ], [ -74.7551071, 40.2375458 ], [ -74.7552257, 40.2374678 ], [ -74.7552926, 40.2373484 ], [ -74.7553564, 40.2372885 ], [ -74.7557183, 40.236952 ], [ -74.7557738, 40.2368997 ], [ -74.756227, 40.236458 ], [ -74.756514, 40.23617 ], [ -74.756774, 40.235919 ], [ -74.756982, 40.235714 ], [ -74.757324, 40.235377 ], [ -74.757363, 40.235338 ], [ -74.757476, 40.235222 ], [ -74.757514, 40.235184 ], [ -74.757882, 40.234833 ], [ -74.758172, 40.234541 ], [ -74.758376, 40.234345 ], [ -74.758427, 40.234297 ], [ -74.758491, 40.234232 ], [ -74.758746, 40.233977 ], [ -74.758976, 40.233755 ], [ -74.759289, 40.233439 ], [ -74.7593672, 40.2333631 ], [ -74.759527, 40.233208 ], [ -74.759639, 40.233092 ], [ -74.759763, 40.232974 ], [ -74.759839, 40.232899 ], [ -74.760021, 40.232722 ], [ -74.760091, 40.23266 ], [ -74.76024, 40.23251 ], [ -74.7605544, 40.2321989 ], [ -74.760626, 40.232128 ], [ -74.7607043, 40.2320511 ], [ -74.761184, 40.23158 ], [ -74.7616762, 40.2310967 ], [ -74.761735, 40.231039 ], [ -74.761783, 40.2309921 ], [ -74.76233, 40.230458 ], [ -74.762633, 40.230164 ], [ -74.762671, 40.230126 ], [ -74.762815, 40.229982 ], [ -74.762972, 40.229825 ], [ -74.763066, 40.22972 ], [ -74.763141, 40.229606 ], [ -74.763202, 40.229475 ], [ -74.763225, 40.229425 ], [ -74.763517, 40.228819 ], [ -74.763655, 40.228536 ], [ -74.763901, 40.228019 ], [ -74.764338, 40.227145 ], [ -74.7644413, 40.2269415 ], [ -74.764477, 40.226871 ], [ -74.7645225, 40.2267761 ], [ -74.764598, 40.226619 ], [ -74.7648239, 40.2262133 ], [ -74.7648297, 40.2262057 ], [ -74.7648365, 40.2261966 ], [ -74.76491, 40.226099 ], [ -74.764924, 40.226074 ], [ -74.7649333, 40.2260408 ], [ -74.7649362, 40.2260304 ], [ -74.764945, 40.225999 ], [ -74.764956, 40.2259 ], [ -74.765005, 40.225612 ], [ -74.765014, 40.225553 ], [ -74.765028, 40.225471 ], [ -74.7650699, 40.2252131 ], [ -74.765081, 40.225145 ], [ -74.765102, 40.225017 ], [ -74.7651824, 40.2245538 ], [ -74.7651947, 40.2244617 ], [ -74.7652036, 40.2244242 ], [ -74.765207, 40.224404 ], [ -74.765235, 40.224246 ], [ -74.765262, 40.224087 ], [ -74.765278, 40.223985 ], [ -74.7652846, 40.2239421 ], [ -74.765312, 40.223764 ], [ -74.765331, 40.223642 ], [ -74.765345, 40.223552 ], [ -74.7653802, 40.2233485 ], [ -74.7654526, 40.2229289 ], [ -74.765467, 40.222846 ], [ -74.7654843, 40.2227433 ], [ -74.7654856, 40.2227353 ], [ -74.765523, 40.222514 ], [ -74.7656032, 40.2220259 ], [ -74.765685, 40.221528 ], [ -74.7656923, 40.2214853 ], [ -74.765756, 40.2211117 ], [ -74.7657674, 40.221045 ], [ -74.7657761, 40.2210014 ], [ -74.765797, 40.22088 ], [ -74.7658802, 40.2203835 ], [ -74.765894, 40.220301 ], [ -74.7659033, 40.2202444 ], [ -74.7659053, 40.2202351 ], [ -74.765957, 40.219919 ], [ -74.7659731, 40.2198419 ], [ -74.7659951, 40.2197359 ], [ -74.7659988, 40.2197181 ], [ -74.7660502, 40.2194208 ], [ -74.7660575, 40.2193762 ], [ -74.7660605, 40.2192998 ], [ -74.766039, 40.219084 ], [ -74.7659784, 40.2185421 ], [ -74.7659774, 40.2185307 ], [ -74.7659753, 40.2184389 ], [ -74.7659587, 40.218348 ], [ -74.765895, 40.21785 ], [ -74.7658911, 40.2178234 ], [ -74.7658775, 40.2177297 ], [ -74.7658612, 40.2176206 ], [ -74.7658409, 40.2174586 ], [ -74.765822, 40.217343 ], [ -74.765817, 40.217312 ], [ -74.7658055, 40.2172832 ], [ -74.765787, 40.217234 ], [ -74.765765, 40.2172 ], [ -74.765703, 40.217131 ], [ -74.765682, 40.2171121 ], [ -74.7655236, 40.2169693 ], [ -74.7654021, 40.2168789 ], [ -74.7652206, 40.2167396 ], [ -74.7650624, 40.2166127 ], [ -74.7649552, 40.2165329 ], [ -74.7648294, 40.2164393 ], [ -74.7648039, 40.2164191 ], [ -74.7647811, 40.2164009 ], [ -74.764755, 40.2163731 ], [ -74.7647402, 40.216351 ], [ -74.7647207, 40.2163176 ], [ -74.7647245, 40.2162827 ], [ -74.764723, 40.2162665 ], [ -74.7647179, 40.2162501 ], [ -74.7647134, 40.216241 ], [ -74.7647055, 40.2162285 ], [ -74.7646925, 40.2162143 ], [ -74.7646767, 40.2162011 ], [ -74.7646622, 40.2161931 ], [ -74.764643, 40.2161848 ], [ -74.7645967, 40.216175 ], [ -74.7645645, 40.2161528 ], [ -74.764556, 40.2161455 ], [ -74.7645478, 40.2161385 ], [ -74.7645377, 40.2161286 ], [ -74.7645286, 40.2161174 ], [ -74.7645078, 40.2160886 ], [ -74.7644908, 40.2160638 ], [ -74.7644833, 40.2160529 ], [ -74.7644329, 40.2159777 ], [ -74.7643606, 40.2158698 ], [ -74.7643304, 40.2158265 ], [ -74.7642715, 40.2157422 ], [ -74.7641777, 40.2156325 ], [ -74.764066, 40.215482 ], [ -74.7639307, 40.2152937 ], [ -74.763913, 40.215269 ], [ -74.7638288, 40.215153 ], [ -74.7637941, 40.2151051 ], [ -74.7636615, 40.2149263 ], [ -74.7636332, 40.2148906 ], [ -74.7635753, 40.2148177 ], [ -74.7635073, 40.2147332 ], [ -74.7634823, 40.2147019 ], [ -74.7634552, 40.2146673 ], [ -74.7633225, 40.2145018 ], [ -74.7632725, 40.2144378 ], [ -74.7629085, 40.2140208 ], [ -74.7627235, 40.2137818 ], [ -74.7626086, 40.2136191 ], [ -74.7625985, 40.2136048 ], [ -74.7625215, 40.2134938 ], [ -74.7624595, 40.2133668 ], [ -74.7624245, 40.2132428 ], [ -74.7624012, 40.2131246 ], [ -74.7623902, 40.2130481 ], [ -74.7623814, 40.2129781 ], [ -74.7623519, 40.2130205 ], [ -74.7623242, 40.2131221 ], [ -74.7623376, 40.2132525 ], [ -74.7623752, 40.2133856 ], [ -74.7624414, 40.2135213 ], [ -74.7625212, 40.2136363 ], [ -74.7626472, 40.2138147 ], [ -74.7628343, 40.2140564 ], [ -74.7631716, 40.2144675 ], [ -74.763233, 40.214546 ], [ -74.7633718, 40.2147145 ], [ -74.7634013, 40.2147496 ], [ -74.7634298, 40.2147841 ], [ -74.7634954, 40.2148645 ], [ -74.7635493, 40.2149289 ], [ -74.7636161, 40.2150094 ], [ -74.7638469, 40.2153059 ], [ -74.76409, 40.2156361 ], [ -74.7642574, 40.2158593 ], [ -74.7642697, 40.2158757 ], [ -74.7644056, 40.2160856 ], [ -74.7644159, 40.2161015 ], [ -74.7644438, 40.2161451 ], [ -74.7644572, 40.2161692 ], [ -74.7644615, 40.2161856 ], [ -74.7644712, 40.2162159 ], [ -74.7644521, 40.2162415 ], [ -74.7644401, 40.2162711 ], [ -74.7643997, 40.2162974 ], [ -74.7643753, 40.2163154 ], [ -74.7643253, 40.2163483 ], [ -74.7642906, 40.2163711 ], [ -74.7641597, 40.2164482 ], [ -74.7641312, 40.2164636 ], [ -74.7640388, 40.2165098 ], [ -74.7639826, 40.216538 ], [ -74.7639026, 40.2165791 ], [ -74.763851, 40.2166066 ], [ -74.7633448, 40.2168758 ], [ -74.7632714, 40.2169371 ], [ -74.7633222, 40.216988 ], [ -74.763782, 40.217449 ], [ -74.763998, 40.217673 ], [ -74.764051, 40.217754 ], [ -74.764085, 40.217852 ], [ -74.764127, 40.218059 ], [ -74.764146, 40.218153 ], [ -74.764153, 40.218184 ], [ -74.764167, 40.218337 ], [ -74.7641653, 40.2184192 ], [ -74.764163, 40.218533 ], [ -74.7641649, 40.2188824 ], [ -74.764158, 40.218972 ], [ -74.7641586, 40.2190546 ], [ -74.764161, 40.219232 ], [ -74.764172, 40.2194068 ], [ -74.7641794, 40.2195176 ], [ -74.7641846, 40.2195973 ], [ -74.764205, 40.219904 ], [ -74.7642082, 40.2201009 ], [ -74.7642083, 40.2201086 ], [ -74.764209, 40.22015 ], [ -74.7642125, 40.2202245 ], [ -74.7642329, 40.2206601 ], [ -74.7642449, 40.2209157 ], [ -74.764247, 40.220958 ], [ -74.7642526, 40.2210354 ], [ -74.7642766, 40.2213679 ], [ -74.764296, 40.221637 ], [ -74.7643078, 40.221791 ], [ -74.764309, 40.221807 ], [ -74.7643161, 40.2218951 ], [ -74.7643172, 40.2219094 ], [ -74.7643235, 40.221988 ], [ -74.7643533, 40.2223049 ], [ -74.7643611, 40.2224147 ], [ -74.7643782, 40.2226548 ], [ -74.764383, 40.222722 ], [ -74.7643912, 40.2228258 ], [ -74.764417, 40.223155 ], [ -74.7644331, 40.2236335 ], [ -74.764441, 40.223698 ], [ -74.764447, 40.223794 ], [ -74.7644514, 40.2238801 ], [ -74.764456, 40.223945 ], [ -74.764472, 40.224234 ], [ -74.764474, 40.22426 ], [ -74.7644807, 40.224332 ], [ -74.764482, 40.224377 ], [ -74.7644847, 40.2244155 ], [ -74.7644922, 40.2245302 ], [ -74.7645133, 40.2248361 ], [ -74.764528, 40.225046 ], [ -74.764536, 40.225225 ], [ -74.764557, 40.225601 ], [ -74.7645598, 40.2257049 ], [ -74.7645341, 40.2257787 ], [ -74.7645107, 40.2258196 ], [ -74.7644727, 40.2258686 ], [ -74.76443, 40.2259023 ], [ -74.7644214, 40.225908 ], [ -74.764236, 40.22603 ], [ -74.763682, 40.226406 ], [ -74.7633427, 40.2266175 ], [ -74.7632446, 40.2266787 ], [ -74.7631655, 40.2267344 ], [ -74.762584, 40.227144 ], [ -74.762278, 40.227353 ], [ -74.761653, 40.227767 ], [ -74.761188, 40.228073 ], [ -74.76112, 40.228121 ], [ -74.760563, 40.228487 ], [ -74.760493, 40.228535 ], [ -74.76021, 40.228725 ], [ -74.7598343, 40.2289666 ], [ -74.7596329, 40.2290961 ], [ -74.759504, 40.229179 ], [ -74.759186, 40.229385 ], [ -74.7585232, 40.2297727 ], [ -74.758444, 40.229819 ], [ -74.7583701, 40.2298618 ], [ -74.7582507, 40.2299308 ], [ -74.75774, 40.230226 ], [ -74.757108, 40.230596 ], [ -74.756863, 40.230746 ], [ -74.7567636, 40.2308054 ], [ -74.756704, 40.230841 ], [ -74.756657, 40.23087 ], [ -74.756282, 40.231109 ], [ -74.7562039, 40.2311629 ], [ -74.756143, 40.231205 ], [ -74.756089, 40.231252 ], [ -74.755467, 40.231772 ], [ -74.7551, 40.232086 ], [ -74.754879, 40.232326 ], [ -74.754827, 40.23239 ], [ -74.754692, 40.232618 ], [ -74.754678, 40.23264 ], [ -74.754489, 40.232959 ], [ -74.7543336, 40.2332307 ], [ -74.75429, 40.23329 ], [ -74.754209, 40.233428 ], [ -74.753871, 40.233999 ], [ -74.7534463, 40.2347457 ], [ -74.753412, 40.234806 ], [ -74.7533689, 40.2348814 ], [ -74.753341, 40.23493 ], [ -74.7530993, 40.235388 ], [ -74.753074, 40.235436 ], [ -74.7530428, 40.2354962 ], [ -74.752927, 40.23572 ], [ -74.752817, 40.2359384 ], [ -74.752725, 40.236109 ], [ -74.7526451, 40.236255 ], [ -74.7526127, 40.2363143 ], [ -74.7525922, 40.2363561 ], [ -74.752574, 40.236393 ], [ -74.752439, 40.236639 ], [ -74.7524071, 40.2366961 ], [ -74.752382, 40.236741 ], [ -74.7523521, 40.2367998 ], [ -74.7522874, 40.2369271 ], [ -74.752233, 40.237034 ], [ -74.7522, 40.237087 ], [ -74.7521725, 40.2371287 ], [ -74.751853, 40.237545 ], [ -74.7517118, 40.237665 ], [ -74.7516613, 40.2377079 ], [ -74.751628, 40.23773 ], [ -74.7516016, 40.2377548 ], [ -74.751561, 40.237793 ], [ -74.7515203, 40.2378272 ], [ -74.7512778, 40.2380308 ], [ -74.7512282, 40.2380725 ], [ -74.751006, 40.238259 ], [ -74.7506167, 40.2385725 ], [ -74.7504918, 40.2386818 ], [ -74.7503826, 40.238765 ], [ -74.750302, 40.238826 ], [ -74.750132, 40.238958 ], [ -74.7498647, 40.2391484 ], [ -74.749687, 40.239275 ], [ -74.749576, 40.239355 ], [ -74.749375, 40.239496 ], [ -74.7491686, 40.2396413 ], [ -74.749078, 40.239705 ], [ -74.748942, 40.239811 ], [ -74.748845, 40.239872 ], [ -74.748189, 40.240321 ], [ -74.7480222, 40.2404443 ], [ -74.747823, 40.240567 ], [ -74.7477908, 40.2405902 ], [ -74.747669, 40.240678 ], [ -74.747458, 40.24082 ], [ -74.747035, 40.241191 ], [ -74.7469751, 40.2412417 ], [ -74.746788, 40.2414 ], [ -74.746691, 40.241481 ], [ -74.746113, 40.241988 ], [ -74.7460478, 40.2420456 ], [ -74.745837, 40.242232 ], [ -74.745664, 40.242338 ], [ -74.745269, 40.242646 ], [ -74.745031, 40.242838 ], [ -74.744951, 40.242908 ], [ -74.744712, 40.243117 ], [ -74.7445564, 40.243247 ], [ -74.744031, 40.243686 ], [ -74.743923, 40.243782 ], [ -74.743788, 40.243929 ], [ -74.743764, 40.243966 ], [ -74.743751, 40.243984 ], [ -74.7437424, 40.2440039 ], [ -74.743649, 40.244221 ], [ -74.743607, 40.244305 ], [ -74.743554, 40.244391 ], [ -74.7434786, 40.2445233 ], [ -74.74339, 40.244683 ], [ -74.7433507, 40.2447194 ], [ -74.743317, 40.244746 ], [ -74.743245, 40.244776 ], [ -74.743207, 40.244787 ], [ -74.7430879, 40.244831 ], [ -74.7430459, 40.2448582 ], [ -74.7430099, 40.2448459 ], [ -74.742921, 40.2448279 ], [ -74.7428395, 40.2448204 ], [ -74.7426953, 40.2448218 ], [ -74.7426263, 40.2448348 ], [ -74.7425475, 40.2448646 ], [ -74.7424846, 40.2448907 ], [ -74.7424352, 40.2449169 ], [ -74.7423812, 40.2449526 ], [ -74.7423344, 40.2449914 ], [ -74.7422952, 40.2450322 ], [ -74.7422561, 40.2450852 ], [ -74.742211, 40.2451835 ], [ -74.7421612, 40.2452207 ], [ -74.7420519, 40.2453641 ], [ -74.7417819, 40.2456 ], [ -74.7414493, 40.2458746 ], [ -74.741032, 40.2462191 ], [ -74.7406939, 40.2464982 ], [ -74.7405887, 40.2465851 ], [ -74.7398485, 40.2471887 ], [ -74.7397304, 40.247285 ], [ -74.7394735, 40.2474946 ], [ -74.7392594, 40.2476692 ], [ -74.7390919, 40.2478057 ], [ -74.7388968, 40.2479648 ], [ -74.7385658, 40.2482348 ], [ -74.7383275, 40.2484318 ], [ -74.7381926, 40.2485432 ], [ -74.7374405, 40.2491709 ], [ -74.7373395, 40.2492552 ], [ -74.7366098, 40.2498641 ], [ -74.736491, 40.2499632 ], [ -74.7359555, 40.25041 ], [ -74.7358867, 40.2504696 ], [ -74.7357448, 40.2505987 ], [ -74.735039, 40.2511756 ], [ -74.7348583, 40.2513255 ], [ -74.7345812, 40.2515453 ], [ -74.7343534, 40.2517246 ], [ -74.7342399, 40.2518161 ], [ -74.7342248, 40.2518277 ], [ -74.7339153, 40.2520656 ], [ -74.7337904, 40.2521616 ], [ -74.7337677, 40.2521579 ], [ -74.7337115, 40.2521522 ], [ -74.7336554, 40.2521584 ], [ -74.7336259, 40.2521684 ], [ -74.7335963, 40.2521814 ], [ -74.7335668, 40.2521989 ], [ -74.7335429, 40.2522204 ], [ -74.7335248, 40.2522448 ], [ -74.7335077, 40.2522921 ], [ -74.7335062, 40.2523402 ], [ -74.7334037, 40.2524585 ], [ -74.7330991, 40.2527171 ], [ -74.7328368, 40.2529397 ], [ -74.7325554, 40.2531786 ], [ -74.732455, 40.2532594 ], [ -74.7316804, 40.2538828 ], [ -74.7315942, 40.2539535 ], [ -74.7308264, 40.2545837 ], [ -74.7307352, 40.2546597 ], [ -74.7298279, 40.2554155 ], [ -74.729152, 40.255971 ], [ -74.7290647, 40.2560442 ], [ -74.728991, 40.256106 ], [ -74.72847, 40.25654 ], [ -74.7282767, 40.2567011 ], [ -74.7280867, 40.2568596 ], [ -74.7280031, 40.2569293 ], [ -74.7271241, 40.257662 ], [ -74.7265856, 40.2581109 ], [ -74.7264163, 40.2582521 ], [ -74.7262724, 40.2583721 ], [ -74.7261409, 40.2584754 ], [ -74.7259233, 40.2586465 ], [ -74.7258009, 40.2587648 ], [ -74.725588, 40.258942 ], [ -74.72454, 40.259814 ], [ -74.7245193, 40.2598313 ], [ -74.7244329, 40.2599031 ], [ -74.7241569, 40.260131 ], [ -74.7238078, 40.2604227 ], [ -74.7235017, 40.2606802 ], [ -74.7232621, 40.2608817 ], [ -74.722624, 40.261406 ], [ -74.7220631, 40.2618703 ], [ -74.7218347, 40.2620593 ], [ -74.721189, 40.2625982 ], [ -74.7209152, 40.2628266 ], [ -74.720239, 40.263362 ], [ -74.7197114, 40.263797 ], [ -74.7196106, 40.263876 ], [ -74.7193004, 40.2641564 ], [ -74.7191544, 40.2642883 ], [ -74.718221, 40.265048 ], [ -74.7181754, 40.265085 ], [ -74.718168, 40.265091 ], [ -74.718044, 40.265194 ], [ -74.717909, 40.265304 ], [ -74.717807, 40.2653837 ], [ -74.717456, 40.265658 ], [ -74.717224, 40.265818 ], [ -74.7170953, 40.2658952 ], [ -74.716979, 40.265965 ], [ -74.716786, 40.266067 ], [ -74.716593, 40.266157 ], [ -74.715512, 40.26664 ], [ -74.714704, 40.267042 ], [ -74.714501, 40.267167 ], [ -74.714346, 40.267283 ], [ -74.714205, 40.267409 ], [ -74.714055, 40.267572 ], [ -74.713967, 40.267688 ], [ -74.713469, 40.268348 ], [ -74.712897, 40.269154 ], [ -74.712817, 40.269269 ], [ -74.712808, 40.2692816 ], [ -74.712745, 40.26937 ], [ -74.7125279, 40.2696139 ], [ -74.7120577, 40.2701425 ] ], [ [ -74.7682983, 40.2103983 ], [ -74.767871, 40.2104444 ], [ -74.7668929, 40.2105534 ], [ -74.7662015, 40.2106245 ], [ -74.7652754, 40.2107412 ], [ -74.7651868, 40.2107588 ], [ -74.765052, 40.2108017 ], [ -74.7649079, 40.210859 ], [ -74.764614, 40.210972 ], [ -74.764142, 40.2112409 ], [ -74.7641101, 40.2112639 ], [ -74.763991, 40.2113691 ], [ -74.7638186, 40.2114589 ], [ -74.763495, 40.211713 ], [ -74.7631404, 40.2120025 ], [ -74.762966, 40.212158 ], [ -74.762707, 40.212401 ], [ -74.762668, 40.212443 ], [ -74.7626302, 40.2124809 ], [ -74.762565, 40.212565 ], [ -74.762474, 40.212709 ], [ -74.762446, 40.212766 ], [ -74.7624092, 40.2128746 ], [ -74.7623814, 40.2129781 ] ], [ [ -74.763991, 40.2113691 ], [ -74.7641735, 40.2113151 ], [ -74.7643353, 40.2112369 ], [ -74.764822, 40.210979 ], [ -74.765024, 40.21089 ], [ -74.7652475, 40.2108193 ], [ -74.7653882, 40.2107905 ], [ -74.7662146, 40.2106956 ], [ -74.7669055, 40.210626 ], [ -74.7683193, 40.2104743 ] ] ] }, "id": "relation/418040" }, { "type": "Feature", "properties": { "@id": "relation/1019403", "description": "US 1 Business (Penndel, PA)", "is_in:state": "PA", "modifier": "Business", "network": "US:US:Business", "ref":"US 1 BUS", "route": "road", "type": "route", "wikidata": "Q2428801", "wikipedia": "en:U.S. Route 1 Business (Penndel, Pennsylvania)" }, "geometry": { "type": "MultiLineString", "coordinates": [ [ [ -74.7904596, 40.1986634 ], [ -74.7913593, 40.1986623 ], [ -74.7915122, 40.1986567 ], [ -74.791649, 40.1986454 ], [ -74.7917509, 40.1986357 ], [ -74.7918488, 40.1986203 ], [ -74.791947, 40.1986006 ], [ -74.7920416, 40.1985775 ], [ -74.7921335, 40.1985509 ], [ -74.7922166, 40.1985217 ], [ -74.7923018, 40.1984884 ], [ -74.7923843, 40.1984477 ], [ -74.7928419, 40.1981981 ], [ -74.7930224, 40.1981046 ], [ -74.7931941, 40.1980211 ], [ -74.7933939, 40.1979345 ], [ -74.7935051, 40.1978992 ], [ -74.7938444, 40.1977988 ], [ -74.7940375, 40.1977373 ], [ -74.7942246, 40.197684 ], [ -74.7944324, 40.1976282 ], [ -74.7946256, 40.1975837 ], [ -74.7948173, 40.1975463 ], [ -74.7950319, 40.1975089 ], [ -74.7952505, 40.1974751 ], [ -74.7954852, 40.1974449 ], [ -74.7957206, 40.1974192 ], [ -74.7970103, 40.1973402 ], [ -74.7979397, 40.1972716 ], [ -74.7982117, 40.1972542 ], [ -74.7986224, 40.1972161 ], [ -74.8011524, 40.1970212 ], [ -74.8015324, 40.1970002 ], [ -74.8029761, 40.196889 ], [ -74.8033529, 40.1968416 ], [ -74.8036042, 40.1968453 ], [ -74.8044143, 40.1967708 ], [ -74.8046669, 40.1967443 ], [ -74.8049193, 40.1967141 ], [ -74.8052567, 40.1966703 ], [ -74.8059282, 40.1965831 ], [ -74.8060594, 40.1965661 ], [ -74.8064686, 40.1965007 ], [ -74.8068879, 40.1964554 ], [ -74.8073261, 40.1964138 ], [ -74.8076464, 40.1963848 ], [ -74.8077585, 40.1963747 ], [ -74.8078668, 40.1963661 ], [ -74.8079629, 40.1963584 ], [ -74.8080444, 40.1963519 ], [ -74.8086741, 40.1963018 ], [ -74.8096548, 40.1962237 ], [ -74.8100026, 40.196196 ], [ -74.8103066, 40.1961718 ], [ -74.8106036, 40.1961482 ], [ -74.8114583, 40.1960801 ], [ -74.8123143, 40.1960113 ], [ -74.814277, 40.1958556 ], [ -74.8144848, 40.1958624 ], [ -74.8149063, 40.1958291 ], [ -74.8149255, 40.1958276 ], [ -74.8150686, 40.1958162 ], [ -74.815193, 40.1958174 ], [ -74.8152606, 40.1957488 ], [ -74.815345, 40.195663 ], [ -74.8156083, 40.1953954 ], [ -74.8161709, 40.1948236 ], [ -74.816352, 40.1946522 ], [ -74.8165398, 40.1944837 ], [ -74.8167403, 40.1943208 ], [ -74.8172549, 40.1939338 ], [ -74.8177232, 40.193536 ], [ -74.8189365, 40.1926399 ], [ -74.8191943, 40.1924496 ], [ -74.8193492, 40.1923446 ], [ -74.8195269, 40.1922308 ], [ -74.8196925, 40.1921361 ], [ -74.8198615, 40.1920469 ], [ -74.8200633, 40.1919507 ], [ -74.8203005, 40.191816 ], [ -74.8204639, 40.1917427 ], [ -74.8206136, 40.1916906 ], [ -74.820751, 40.1916472 ], [ -74.8208898, 40.1916075 ], [ -74.8210237, 40.1915755 ], [ -74.8211585, 40.1915486 ], [ -74.8213018, 40.1915251 ], [ -74.8214431, 40.1915064 ], [ -74.8218028, 40.1914672 ], [ -74.822017, 40.1914477 ], [ -74.823252, 40.191365 ], [ -74.8237428, 40.1913486 ], [ -74.8238977, 40.1913383 ], [ -74.8243052, 40.191311 ], [ -74.8246978, 40.1912847 ], [ -74.8247657, 40.1912791 ], [ -74.8248286, 40.1912739 ], [ -74.8249659, 40.1912601 ], [ -74.8254452, 40.1912027 ], [ -74.8256711, 40.1911779 ], [ -74.8258783, 40.1911579 ], [ -74.8260564, 40.1911432 ], [ -74.8260984, 40.1911397 ], [ -74.8269619, 40.1910834 ], [ -74.8272229, 40.191108 ], [ -74.8275225, 40.191089 ], [ -74.8281836, 40.1910471 ], [ -74.8288953, 40.191002 ], [ -74.8299221, 40.1909339 ], [ -74.8301423, 40.1909193 ], [ -74.8306582, 40.1908835 ], [ -74.830803, 40.1908746 ], [ -74.8310018, 40.1908624 ], [ -74.8316199, 40.1908214 ], [ -74.8322145, 40.190782 ], [ -74.8327033, 40.1907496 ], [ -74.8328052, 40.1907428 ], [ -74.8330583, 40.190727 ], [ -74.8334384, 40.1907009 ], [ -74.8337673, 40.1906837 ], [ -74.8339497, 40.1906747 ], [ -74.8339921, 40.1906726 ], [ -74.8340831, 40.1906682 ], [ -74.8341305, 40.1906665 ], [ -74.8342919, 40.1906608 ], [ -74.8345155, 40.1906529 ], [ -74.8348075, 40.1906426 ], [ -74.8348325, 40.1906417 ], [ -74.8352958, 40.1906253 ], [ -74.835358, 40.1906231 ], [ -74.8355845, 40.1906151 ], [ -74.8369862, 40.1905738 ], [ -74.8381212, 40.1905254 ], [ -74.8390559, 40.1904923 ], [ -74.8391247, 40.1904889 ], [ -74.839243, 40.1904832 ], [ -74.8394458, 40.1904686 ], [ -74.8395732, 40.1904575 ], [ -74.83966, 40.1904499 ], [ -74.8398962, 40.1904247 ], [ -74.8399242, 40.1904217 ], [ -74.8401569, 40.1903889 ], [ -74.8404137, 40.190349 ], [ -74.840645, 40.190308 ], [ -74.840861, 40.1902675 ], [ -74.8410364, 40.1902326 ], [ -74.8410796, 40.190224 ], [ -74.8411236, 40.1902135 ], [ -74.8413109, 40.1901717 ], [ -74.8415094, 40.1901241 ], [ -74.8416155, 40.1900962 ], [ -74.8417293, 40.1900662 ], [ -74.8419613, 40.1900006 ], [ -74.8419994, 40.189989 ], [ -74.8422192, 40.1899218 ], [ -74.8423419, 40.1898804 ], [ -74.8424274, 40.1898516 ], [ -74.8426688, 40.189764 ], [ -74.8428753, 40.1896882 ], [ -74.8429853, 40.1896446 ], [ -74.8430651, 40.1896129 ], [ -74.8433977, 40.189471 ], [ -74.8437227, 40.189328 ], [ -74.8437804, 40.189302 ], [ -74.8442529, 40.1890894 ], [ -74.844607, 40.1889301 ], [ -74.8458744, 40.1883597 ], [ -74.8485552, 40.1871533 ], [ -74.8489532, 40.1869702 ], [ -74.8495533, 40.1867107 ], [ -74.850273, 40.186359 ], [ -74.8504884, 40.1862537 ], [ -74.8508759, 40.1860644 ], [ -74.8510129, 40.1859974 ], [ -74.8522276, 40.1854237 ], [ -74.852364, 40.1853593 ], [ -74.8525691, 40.1852656 ], [ -74.8526603, 40.1852276 ], [ -74.8527784, 40.1851785 ], [ -74.8528875, 40.1851392 ], [ -74.8529902, 40.1851022 ], [ -74.8532298, 40.185022 ], [ -74.8533009, 40.1849989 ], [ -74.8538663, 40.1848155 ], [ -74.854039, 40.1847595 ], [ -74.8544495, 40.1846324 ], [ -74.8548506, 40.1845082 ], [ -74.8549974, 40.184463 ], [ -74.8553831, 40.184343 ], [ -74.8556202, 40.1842692 ], [ -74.8557895, 40.1842028 ], [ -74.8562916, 40.1840061 ], [ -74.8563846, 40.1839697 ], [ -74.8564524, 40.1839484 ], [ -74.8570305, 40.1837668 ], [ -74.8572649, 40.1836932 ], [ -74.8573831, 40.1836564 ], [ -74.8576949, 40.1835592 ], [ -74.8578936, 40.1834973 ], [ -74.8579311, 40.183486 ], [ -74.8587842, 40.1832276 ], [ -74.8588775, 40.1831993 ], [ -74.8589573, 40.1831752 ], [ -74.8589975, 40.183163 ], [ -74.8599368, 40.1828785 ], [ -74.8602919, 40.182771 ], [ -74.8604368, 40.1827271 ], [ -74.8606274, 40.1827295 ], [ -74.8608305, 40.1826675 ], [ -74.8610077, 40.1826134 ], [ -74.8612297, 40.1825456 ], [ -74.8614192, 40.1824877 ], [ -74.8617136, 40.1823999 ], [ -74.861888, 40.1823501 ], [ -74.8619656, 40.1823279 ], [ -74.8622238, 40.1822542 ], [ -74.8624191, 40.1821984 ], [ -74.8626699, 40.1821268 ], [ -74.8628444, 40.182077 ], [ -74.8633739, 40.1819317 ], [ -74.8636421, 40.1818581 ], [ -74.8637164, 40.1818384 ], [ -74.863994, 40.1817648 ], [ -74.8640772, 40.1817433 ], [ -74.8643199, 40.1816808 ], [ -74.8646702, 40.1815983 ], [ -74.864733, 40.1815835 ], [ -74.8650924, 40.1815087 ], [ -74.8651489, 40.1814989 ], [ -74.8653904, 40.1814572 ], [ -74.8656025, 40.1814175 ], [ -74.86577, 40.1813824 ], [ -74.8660485, 40.1813329 ], [ -74.8663384, 40.1812814 ], [ -74.8666888, 40.1812192 ], [ -74.8668623, 40.1811884 ], [ -74.8670312, 40.1811584 ], [ -74.8670962, 40.1811468 ], [ -74.8675796, 40.1810141 ], [ -74.8677883, 40.1809727 ], [ -74.8686902, 40.1808014 ], [ -74.8691961, 40.1807078 ], [ -74.8694118, 40.1806684 ], [ -74.869635, 40.1806266 ], [ -74.8698558, 40.1805887 ], [ -74.8700857, 40.1805525 ], [ -74.870227, 40.1805302 ], [ -74.8703048, 40.1805179 ], [ -74.8706496, 40.1804634 ], [ -74.871159, 40.1803829 ], [ -74.8717606, 40.1802878 ], [ -74.8724278, 40.1801887 ], [ -74.8725561, 40.1801696 ], [ -74.8729528, 40.1801107 ], [ -74.8733306, 40.1800486 ], [ -74.8734327, 40.1800318 ], [ -74.8736181, 40.1800013 ], [ -74.8736807, 40.1799908 ], [ -74.8740329, 40.1799316 ], [ -74.8744562, 40.1798605 ], [ -74.8749267, 40.1797815 ], [ -74.8755637, 40.1796745 ], [ -74.8760554, 40.1795918 ], [ -74.876278, 40.1795545 ], [ -74.8768832, 40.1794528 ], [ -74.877221, 40.1793934 ], [ -74.8773189, 40.179376 ], [ -74.8774953, 40.1793446 ], [ -74.8787834, 40.1791151 ], [ -74.8791486, 40.1790485 ], [ -74.8792878, 40.1790205 ], [ -74.8794206, 40.1789913 ], [ -74.8795627, 40.1789513 ], [ -74.8797606, 40.1788873 ], [ -74.8799547, 40.1788173 ], [ -74.8801947, 40.178722 ], [ -74.8804549, 40.1786114 ], [ -74.8809158, 40.1784074 ], [ -74.8814655, 40.1781542 ], [ -74.8817788, 40.1780099 ], [ -74.8823521, 40.1777369 ], [ -74.8825357, 40.1776495 ], [ -74.8827144, 40.1776333 ], [ -74.8827438, 40.1776207 ], [ -74.8828395, 40.1775796 ], [ -74.8829795, 40.1775145 ], [ -74.8831096, 40.177454 ], [ -74.883246, 40.1773883 ], [ -74.8833455, 40.177347 ], [ -74.883431, 40.1772446 ], [ -74.8836826, 40.1771305 ], [ -74.8838075, 40.1770738 ], [ -74.8842455, 40.1768752 ], [ -74.8845858, 40.1767208 ], [ -74.8847823, 40.1766317 ], [ -74.8849435, 40.1765586 ], [ -74.8850299, 40.1765194 ], [ -74.8851848, 40.1764441 ], [ -74.8853424, 40.1763616 ], [ -74.8854832, 40.1762801 ], [ -74.8856582, 40.17617 ], [ -74.8858125, 40.1760659 ], [ -74.8858834, 40.1760143 ], [ -74.8860223, 40.1759133 ], [ -74.8862262, 40.1757621 ], [ -74.8864327, 40.1756059 ], [ -74.8865197, 40.1755627 ], [ -74.8866405, 40.1755028 ], [ -74.8867072, 40.1754505 ], [ -74.8874222, 40.1748896 ], [ -74.8875392, 40.1747978 ], [ -74.8877543, 40.1746291 ], [ -74.8878267, 40.1745721 ], [ -74.8881623, 40.1743078 ], [ -74.8882778, 40.1742169 ], [ -74.8883452, 40.1741639 ], [ -74.8884854, 40.1740535 ], [ -74.8887085, 40.1738778 ], [ -74.8895961, 40.173179 ], [ -74.8904759, 40.1724863 ], [ -74.8906498, 40.1723493 ], [ -74.8906814, 40.1723244 ], [ -74.8908984, 40.1721536 ], [ -74.8912906, 40.1718428 ], [ -74.8914012, 40.1717582 ], [ -74.8917361, 40.171494 ], [ -74.8918267, 40.1714227 ], [ -74.8919336, 40.1713369 ], [ -74.8924286, 40.1709397 ], [ -74.8927798, 40.170658 ], [ -74.8934221, 40.1701427 ], [ -74.893851, 40.169803 ], [ -74.8938936, 40.1697693 ], [ -74.8939587, 40.1697177 ], [ -74.8940309, 40.1696606 ], [ -74.8941034, 40.1696038 ], [ -74.8941387, 40.169576 ], [ -74.8947552, 40.1690918 ], [ -74.8950755, 40.1688398 ], [ -74.8952072, 40.1687362 ], [ -74.895516, 40.1685035 ], [ -74.8958084, 40.1682824 ], [ -74.895865, 40.1682399 ], [ -74.8960972, 40.1680636 ], [ -74.896304, 40.1679075 ], [ -74.896354, 40.1678686 ], [ -74.8963949, 40.1678375 ], [ -74.896521, 40.1677418 ], [ -74.8965325, 40.167733 ], [ -74.8966293, 40.1676634 ], [ -74.8967663, 40.1675708 ], [ -74.8968642, 40.1675065 ], [ -74.8969548, 40.167447 ], [ -74.8974309, 40.167171 ], [ -74.8976713, 40.1669881 ], [ -74.8978927, 40.1668796 ], [ -74.8980542, 40.1667842 ], [ -74.8981701, 40.1667273 ], [ -74.8984446, 40.1665928 ], [ -74.8990272, 40.1663234 ], [ -74.8996237, 40.166031 ], [ -74.8998253, 40.1659321 ], [ -74.9004618, 40.1656201 ], [ -74.9011469, 40.1652842 ], [ -74.9012537, 40.1652319 ], [ -74.9019887, 40.1648769 ], [ -74.9021965, 40.1648349 ], [ -74.9024412, 40.1647146 ], [ -74.9028027, 40.1645368 ], [ -74.9031045, 40.1643884 ], [ -74.9031603, 40.164361 ], [ -74.9033442, 40.1642705 ], [ -74.9035814, 40.1641538 ], [ -74.9037113, 40.1640921 ], [ -74.9038696, 40.164012 ], [ -74.9039024, 40.1639959 ], [ -74.9040541, 40.1639181 ], [ -74.9041928, 40.163853 ], [ -74.9046457, 40.1636277 ], [ -74.9050257, 40.1634451 ], [ -74.9050853, 40.1634161 ], [ -74.9051248, 40.1633968 ], [ -74.90532, 40.1633016 ], [ -74.9054848, 40.1632213 ], [ -74.9058978, 40.16302 ], [ -74.9062381, 40.162854 ], [ -74.9063629, 40.1627932 ], [ -74.9065938, 40.1626807 ], [ -74.9069815, 40.1624917 ], [ -74.9074087, 40.1622834 ], [ -74.907815, 40.1620853 ], [ -74.9078695, 40.162055 ], [ -74.9080482, 40.1619716 ], [ -74.908075, 40.1619583 ], [ -74.9083103, 40.161842 ], [ -74.9085579, 40.1617219 ], [ -74.9086511, 40.1616767 ], [ -74.90894, 40.1615367 ], [ -74.9089998, 40.1615077 ], [ -74.9091446, 40.1614344 ], [ -74.9092881, 40.1613535 ], [ -74.9093811, 40.1612956 ], [ -74.9094296, 40.1612653 ], [ -74.909545, 40.1611751 ], [ -74.9096372, 40.1610914 ], [ -74.909659, 40.1610716 ], [ -74.9097662, 40.1609568 ], [ -74.9098688, 40.1608318 ], [ -74.909959, 40.1607027 ], [ -74.9100694, 40.1605261 ], [ -74.9100993, 40.1604783 ], [ -74.9101816, 40.1603466 ], [ -74.9103081, 40.160144 ], [ -74.9103808, 40.1600277 ], [ -74.9104253, 40.1599565 ], [ -74.9104582, 40.1599039 ], [ -74.9104841, 40.1598624 ], [ -74.9105612, 40.1597574 ], [ -74.9106288, 40.1596743 ], [ -74.9106524, 40.1596452 ], [ -74.9107396, 40.1595529 ], [ -74.9107518, 40.1595414 ], [ -74.9108343, 40.1594641 ], [ -74.9109283, 40.1593843 ], [ -74.9110323, 40.1593065 ], [ -74.9111089, 40.1592533 ], [ -74.9111703, 40.1592156 ], [ -74.911273, 40.1591583 ], [ -74.9113843, 40.1590999 ], [ -74.9115097, 40.1590399 ], [ -74.9116324, 40.1589918 ], [ -74.911737, 40.1589549 ], [ -74.9117692, 40.1589436 ], [ -74.9118919, 40.1589062 ], [ -74.9119857, 40.1588803 ], [ -74.9120807, 40.1588601 ], [ -74.9121727, 40.1588394 ], [ -74.9125937, 40.1587444 ], [ -74.9127506, 40.1587081 ], [ -74.9131686, 40.1586147 ], [ -74.9135232, 40.1585347 ], [ -74.9138184, 40.1584688 ], [ -74.9143709, 40.1583434 ], [ -74.9147984, 40.158247 ], [ -74.9149828, 40.1582054 ], [ -74.9152775, 40.1581354 ], [ -74.9155672, 40.1580592 ], [ -74.9158544, 40.1579763 ], [ -74.9161357, 40.1578886 ], [ -74.916403, 40.1578053 ], [ -74.9165057, 40.1577733 ], [ -74.9165921, 40.1577464 ], [ -74.9171067, 40.1575859 ], [ -74.917189, 40.1575603 ], [ -74.9172159, 40.1575519 ], [ -74.9176928, 40.1574032 ], [ -74.9181314, 40.1572664 ], [ -74.9184292, 40.1571736 ], [ -74.9186912, 40.1570919 ], [ -74.9188309, 40.1570484 ], [ -74.9189637, 40.157007 ], [ -74.9190661, 40.1569751 ], [ -74.9200845, 40.1566575 ], [ -74.9202829, 40.1565957 ], [ -74.9203854, 40.1565662 ], [ -74.9206285, 40.156488 ], [ -74.9207334, 40.1564553 ], [ -74.9212238, 40.1563024 ], [ -74.9214793, 40.1562332 ], [ -74.9217327, 40.1561686 ], [ -74.9220003, 40.1561071 ], [ -74.9222757, 40.1560498 ], [ -74.9226256, 40.1559827 ], [ -74.9227135, 40.1559658 ], [ -74.9229785, 40.1559151 ], [ -74.9233717, 40.1558397 ], [ -74.9240067, 40.155718 ], [ -74.9258125, 40.1553718 ], [ -74.9260814, 40.1553231 ], [ -74.9263138, 40.1552844 ], [ -74.926582, 40.1552434 ], [ -74.9268435, 40.1552081 ], [ -74.9270661, 40.1551824 ], [ -74.9273101, 40.1551592 ], [ -74.9279275, 40.1551193 ], [ -74.9280562, 40.1551109 ], [ -74.9282386, 40.1551038 ], [ -74.9284478, 40.1550992 ], [ -74.928657, 40.1550976 ], [ -74.9288723, 40.1550992 ], [ -74.9290962, 40.1551038 ], [ -74.9293088, 40.1551125 ], [ -74.9295354, 40.1551244 ], [ -74.9298438, 40.1551494 ], [ -74.9313942, 40.155275 ], [ -74.9317855, 40.1553067 ], [ -74.9319994, 40.1553206 ], [ -74.9322187, 40.1553308 ], [ -74.9324265, 40.1553334 ], [ -74.9326451, 40.1553303 ], [ -74.9328906, 40.1553206 ], [ -74.9331353, 40.1553011 ], [ -74.9333552, 40.155276 ], [ -74.9335678, 40.1552432 ], [ -74.9337757, 40.1552047 ], [ -74.9339842, 40.1551596 ], [ -74.9341748, 40.1551157 ], [ -74.9343426, 40.1550729 ], [ -74.9354705, 40.1547852 ], [ -74.9357932, 40.1547029 ], [ -74.9360031, 40.1546465 ], [ -74.9362096, 40.1545834 ], [ -74.9364148, 40.1545158 ], [ -74.9366255, 40.1544404 ], [ -74.9382824, 40.153802 ], [ -74.9385118, 40.153711 ], [ -74.9389012, 40.1535635 ], [ -74.9391949, 40.1534564 ], [ -74.9394725, 40.153357 ], [ -74.9397375, 40.1532682 ], [ -74.9403637, 40.1530681 ], [ -74.9419785, 40.152552 ], [ -74.9430879, 40.15219 ], [ -74.9438451, 40.1519447 ], [ -74.9442189, 40.151775 ], [ -74.9465585, 40.1509701 ], [ -74.9468213, 40.1508753 ], [ -74.9470604, 40.1507701 ], [ -74.9473016, 40.1506607 ], [ -74.9475429, 40.1505488 ], [ -74.9477595, 40.1504279 ], [ -74.9480061, 40.1502976 ], [ -74.9482091, 40.1501781 ], [ -74.9484569, 40.1500367 ], [ -74.9486749, 40.1498996 ], [ -74.9489012, 40.1497562 ], [ -74.9491074, 40.1496092 ], [ -74.9493008, 40.1494611 ], [ -74.9494793, 40.1493222 ], [ -74.9496763, 40.1491481 ], [ -74.9498762, 40.1489836 ], [ -74.9500426, 40.1488459 ], [ -74.9507347, 40.1483051 ], [ -74.9509546, 40.1481231 ], [ -74.9512227, 40.1478966 ], [ -74.9516341, 40.1475243 ], [ -74.9520337, 40.147162 ], [ -74.9530889, 40.1463236 ] ], [ [ -74.8177232, 40.193536 ], [ -74.8174045, 40.1937416 ], [ -74.8170013, 40.1939076 ], [ -74.8168708, 40.193956 ], [ -74.816726, 40.1940031 ], [ -74.8141366, 40.1947551 ], [ -74.8139214, 40.1948116 ], [ -74.8136532, 40.1948751 ], [ -74.8126624, 40.195101 ] ], [ [ -74.8200633, 40.1919507 ], [ -74.8203345, 40.1918687 ], [ -74.8205058, 40.1918259 ], [ -74.8206567, 40.1917813 ], [ -74.8207928, 40.1917454 ], [ -74.8209283, 40.1917132 ], [ -74.8210564, 40.1916865 ], [ -74.8211898, 40.1916635 ], [ -74.82133, 40.1916445 ], [ -74.8214674, 40.1916302 ], [ -74.8222445, 40.1915728 ], [ -74.8225893, 40.1915497 ], [ -74.8231852, 40.1915098 ], [ -74.8235515, 40.1914852 ], [ -74.8237373, 40.1914728 ], [ -74.824413, 40.1914412 ], [ -74.8247152, 40.1914209 ], [ -74.8248499, 40.1914099 ], [ -74.8249916, 40.1913956 ], [ -74.8254623, 40.191338 ], [ -74.8256877, 40.191304 ], [ -74.8261271, 40.1912347 ], [ -74.8262773, 40.1912148 ], [ -74.8264255, 40.1912008 ], [ -74.8269711, 40.1911652 ], [ -74.8272229, 40.191108 ] ], [ [ -74.8556202, 40.1842692 ], [ -74.8563062, 40.1841009 ], [ -74.8564377, 40.1840685 ], [ -74.8566556, 40.1840002 ], [ -74.8567445, 40.1839723 ], [ -74.8569704, 40.1839014 ], [ -74.8570431, 40.1838786 ], [ -74.8571095, 40.1838577 ], [ -74.8573124, 40.1837941 ], [ -74.8578457, 40.1836325 ], [ -74.8581523, 40.1835397 ], [ -74.8584832, 40.1834395 ], [ -74.8586874, 40.1833777 ], [ -74.8588027, 40.1833427 ], [ -74.8589169, 40.1833082 ], [ -74.8589962, 40.1832841 ], [ -74.8595331, 40.1831216 ], [ -74.8598626, 40.1830218 ], [ -74.8604162, 40.1828541 ], [ -74.8604909, 40.1828315 ], [ -74.8606274, 40.1827295 ] ], [ [ -74.8670962, 40.1811468 ], [ -74.8671094, 40.1811454 ], [ -74.8673638, 40.1811184 ], [ -74.8676031, 40.181093 ], [ -74.8679375, 40.1810368 ], [ -74.868192, 40.180994 ], [ -74.8687739, 40.1808925 ], [ -74.8691424, 40.1808302 ], [ -74.8695491, 40.1807553 ], [ -74.8699913, 40.1806794 ], [ -74.870101, 40.1806623 ], [ -74.870244, 40.1806399 ], [ -74.8706793, 40.1805718 ], [ -74.8709086, 40.1805359 ], [ -74.8711664, 40.1804926 ], [ -74.8715379, 40.1804302 ], [ -74.8719067, 40.1803735 ], [ -74.87272, 40.180238 ], [ -74.8730919, 40.1801755 ], [ -74.8736403, 40.1800833 ], [ -74.8737014, 40.1800731 ], [ -74.8740206, 40.1800196 ], [ -74.8769805, 40.1795231 ], [ -74.8772183, 40.1794847 ], [ -74.8773425, 40.1794645 ], [ -74.8774863, 40.1794413 ], [ -74.8780134, 40.179356 ], [ -74.878346, 40.1793022 ], [ -74.8784698, 40.1792822 ], [ -74.8784993, 40.1792774 ], [ -74.8790119, 40.1792115 ], [ -74.8790528, 40.1792062 ], [ -74.8794794, 40.1791342 ], [ -74.879974, 40.1790506 ], [ -74.8801987, 40.1790127 ], [ -74.8804013, 40.1789649 ], [ -74.8805421, 40.178927 ], [ -74.8806661, 40.1788885 ], [ -74.8807942, 40.1788424 ], [ -74.8809062, 40.1787984 ], [ -74.8810189, 40.1787476 ], [ -74.8811188, 40.1786985 ], [ -74.8812093, 40.1786508 ], [ -74.8812931, 40.1786021 ], [ -74.881365, 40.1785535 ], [ -74.8815116, 40.1784459 ], [ -74.8819905, 40.1780947 ], [ -74.8820958, 40.1780214 ], [ -74.8822024, 40.1779517 ], [ -74.882311, 40.1778877 ], [ -74.8824346, 40.1778235 ], [ -74.8826096, 40.1777401 ], [ -74.8827144, 40.1776333 ] ], [ [ -74.8833455, 40.177347 ], [ -74.8835041, 40.1773388 ], [ -74.8835755, 40.1773064 ], [ -74.8840328, 40.177099 ], [ -74.8845761, 40.1768526 ], [ -74.8846184, 40.1768334 ], [ -74.884805, 40.1767487 ], [ -74.8849532, 40.1766815 ], [ -74.8850843, 40.176621 ], [ -74.8851051, 40.1766126 ], [ -74.8852638, 40.1765355 ], [ -74.8854262, 40.1764505 ], [ -74.8855721, 40.1763661 ], [ -74.8857513, 40.1762533 ], [ -74.8859053, 40.1761452 ], [ -74.8861096, 40.1759851 ], [ -74.8861379, 40.1759623 ], [ -74.8865101, 40.1756617 ], [ -74.886553, 40.1756094 ], [ -74.8866405, 40.1755028 ] ], [ [ -74.8974309, 40.167171 ], [ -74.8977487, 40.1670803 ], [ -74.8979375, 40.1669877 ], [ -74.898147, 40.166885 ], [ -74.8991152, 40.1664104 ], [ -74.8996005, 40.1661724 ], [ -74.9003067, 40.1658263 ], [ -74.9004386, 40.1657616 ], [ -74.901051, 40.1654613 ], [ -74.9012409, 40.1653682 ], [ -74.9013311, 40.1653241 ], [ -74.9018815, 40.1650467 ], [ -74.9020515, 40.1649609 ], [ -74.9021965, 40.1648349 ] ], [ [ -74.9438451, 40.1519447 ], [ -74.9442558, 40.1518389 ], [ -74.9472214, 40.1508327 ], [ -74.9474906, 40.1507443 ], [ -74.9477628, 40.1506598 ], [ -74.9481507, 40.1505493 ], [ -74.9499367, 40.1500405 ], [ -74.9500776, 40.1499951 ], [ -74.9502117, 40.1499464 ], [ -74.9503337, 40.1498978 ], [ -74.9504712, 40.1498398 ], [ -74.9505912, 40.1497845 ], [ -74.9507159, 40.1497214 ], [ -74.9508339, 40.1496558 ], [ -74.9509499, 40.1495866 ], [ -74.9510599, 40.1495164 ], [ -74.9511726, 40.149439 ], [ -74.9512772, 40.1493616 ], [ -74.9513811, 40.1492812 ], [ -74.951477, 40.1491981 ], [ -74.9515729, 40.1491136 ], [ -74.9516168, 40.1490725 ], [ -74.9516607, 40.1490313 ], [ -74.9517506, 40.1489406 ], [ -74.9518331, 40.1488493 ], [ -74.9519122, 40.1487573 ], [ -74.9519839, 40.148662 ], [ -74.952057, 40.14856 ], [ -74.9521227, 40.148458 ], [ -74.9522669, 40.1482645 ], [ -74.9523506, 40.1481395 ], [ -74.9526652, 40.1476341 ], [ -74.9528329, 40.1474112 ], [ -74.9530246, 40.1471675 ], [ -74.9531547, 40.1469959 ], [ -74.9532653, 40.1468631 ], [ -74.9535683, 40.1465365 ], [ -74.9538958, 40.1461606 ] ] ] }, "id": "relation/1019403" }, { "type": "Feature", "properties": { "@id": "relation/1927789", "description": "US 1 Business (Gill-Henderson, NC)", "is_in:state": "NC", "modifier": "Business", "network": "US:US:Business", "ref":"US 1 BUS", "route": "road", "type": "route" }, "geometry": { "type": "MultiLineString", "coordinates": [ [ [ -78.436714, 36.2385466 ], [ -78.4364739, 36.2388949 ], [ -78.4363528, 36.2390888 ], [ -78.4362081, 36.2392876 ], [ -78.4356367, 36.2400222 ], [ -78.4355604, 36.240126 ], [ -78.4353517, 36.2403804 ], [ -78.4353319, 36.2404268 ], [ -78.4345449, 36.2414247 ], [ -78.4343228, 36.2417022 ], [ -78.43408, 36.241964 ], [ -78.4338479, 36.2421845 ], [ -78.433591, 36.2424133 ], [ -78.433047, 36.2428266 ], [ -78.4310221, 36.2443924 ], [ -78.4304911, 36.2448008 ], [ -78.4299214, 36.2452116 ], [ -78.4296341, 36.2454511 ], [ -78.4295238, 36.2455431 ], [ -78.4292998, 36.2457419 ], [ -78.4289727, 36.2460795 ], [ -78.428712, 36.246409 ], [ -78.428181, 36.2470323 ], [ -78.4279965, 36.2472388 ], [ -78.4277935, 36.2474478 ], [ -78.427592, 36.247631 ], [ -78.4273769, 36.247813 ], [ -78.4271757, 36.2479741 ], [ -78.4269728, 36.2481267 ], [ -78.426906, 36.2481781 ], [ -78.4260524, 36.2488346 ], [ -78.4256323, 36.2491577 ], [ -78.4255995, 36.2491829 ], [ -78.424349, 36.250147 ], [ -78.4243191, 36.2501694 ], [ -78.423744, 36.2506 ], [ -78.4236336, 36.2506798 ], [ -78.4235719, 36.2507262 ], [ -78.422149, 36.2518217 ], [ -78.4205069, 36.2530628 ], [ -78.420458, 36.253098 ], [ -78.420241, 36.253253 ], [ -78.4192802, 36.2539572 ], [ -78.4184449, 36.2545695 ], [ -78.4178358, 36.2550152 ], [ -78.41668, 36.255861 ], [ -78.4164118, 36.2560388 ], [ -78.4162043, 36.2561579 ], [ -78.4160343, 36.2562442 ], [ -78.4156653, 36.2564298 ], [ -78.4151174, 36.2567054 ], [ -78.4150124, 36.2567554 ], [ -78.414362, 36.257065 ], [ -78.414255, 36.257126 ], [ -78.4138752, 36.257307 ], [ -78.4134888, 36.2575137 ], [ -78.413026, 36.2577696 ], [ -78.4125919, 36.2580668 ], [ -78.4119927, 36.258488 ], [ -78.4113115, 36.2590766 ], [ -78.4107228, 36.2596385 ], [ -78.4105201, 36.2598991 ], [ -78.4103508, 36.2601261 ], [ -78.410141, 36.2604328 ], [ -78.4097315, 36.261231 ], [ -78.4094322, 36.2618089 ], [ -78.4091658, 36.262378 ], [ -78.4090619, 36.2626336 ], [ -78.4088352, 36.2633791 ], [ -78.4086188, 36.2642111 ], [ -78.4083254, 36.2653028 ], [ -78.4081246, 36.2659793 ], [ -78.4075906, 36.2679103 ], [ -78.4074026, 36.268582 ], [ -78.4073016, 36.2689717 ], [ -78.4072488, 36.2691575 ], [ -78.4071827, 36.2694311 ], [ -78.4070861, 36.2697512 ], [ -78.4069328, 36.2703047 ], [ -78.4068577, 36.2705788 ], [ -78.4068112, 36.2707281 ], [ -78.4066953, 36.2711845 ], [ -78.4065719, 36.271622 ], [ -78.4064814, 36.2720203 ], [ -78.4063973, 36.2726243 ], [ -78.4063293, 36.2734829 ], [ -78.4063261, 36.2735181 ], [ -78.4062892, 36.2739223 ], [ -78.4062383, 36.2746581 ], [ -78.4062313, 36.274742 ], [ -78.4061881, 36.2752569 ], [ -78.4060594, 36.2769968 ], [ -78.4060165, 36.277651 ], [ -78.4059906, 36.2780461 ], [ -78.4059886, 36.2780759 ], [ -78.4059867, 36.2781021 ], [ -78.4059736, 36.2782776 ], [ -78.4059358, 36.2787883 ], [ -78.405902, 36.2792184 ], [ -78.4058062, 36.2805025 ], [ -78.4057835, 36.2808061 ], [ -78.4057676, 36.2809711 ], [ -78.4057346, 36.2813135 ], [ -78.4057022, 36.2816497 ], [ -78.4056563, 36.2820173 ], [ -78.4056504, 36.2820496 ], [ -78.4055851, 36.2824103 ], [ -78.4055314, 36.2827413 ], [ -78.4054867, 36.2829198 ], [ -78.405466, 36.2830512 ], [ -78.405349, 36.2836392 ], [ -78.4052462, 36.2841489 ], [ -78.4051649, 36.2845992 ], [ -78.4051083, 36.2849127 ], [ -78.4050692, 36.2851911 ], [ -78.4050482, 36.2856023 ], [ -78.4050535, 36.2859538 ], [ -78.4050694, 36.2863869 ], [ -78.4050765, 36.2865797 ], [ -78.4050772, 36.2865977 ], [ -78.405102, 36.287238 ], [ -78.4051201, 36.2875536 ], [ -78.4051215, 36.2875817 ], [ -78.4051401, 36.2879618 ], [ -78.4051643, 36.289016 ], [ -78.4051669, 36.2891311 ], [ -78.4052497, 36.2906574 ], [ -78.4052957, 36.2915037 ], [ -78.4053159, 36.2922466 ], [ -78.4053593, 36.2930285 ], [ -78.4054446, 36.2948149 ], [ -78.4054579, 36.2949975 ], [ -78.4054897, 36.2954358 ], [ -78.4055042, 36.2956348 ], [ -78.4055431, 36.2958747 ], [ -78.4055762, 36.2960756 ], [ -78.4056733, 36.2964872 ], [ -78.4058366, 36.2970942 ], [ -78.4059095, 36.2973443 ], [ -78.4059991, 36.2976513 ], [ -78.406179, 36.298294 ], [ -78.4065153, 36.2994647 ], [ -78.4065826, 36.2996947 ], [ -78.4066461, 36.2999367 ], [ -78.4067035, 36.3001555 ], [ -78.4067264, 36.3002377 ], [ -78.4067986, 36.3005056 ], [ -78.4068143, 36.3005572 ], [ -78.4068874, 36.3007849 ], [ -78.4069073, 36.3008504 ], [ -78.406988, 36.3011168 ], [ -78.4071651, 36.3016442 ], [ -78.4073058, 36.3020137 ], [ -78.4073932, 36.3022432 ], [ -78.4076694, 36.3029179 ], [ -78.4079931, 36.3036985 ], [ -78.4083297, 36.3045587 ], [ -78.4084501, 36.3049408 ], [ -78.4085061, 36.3051646 ], [ -78.4085535, 36.3054089 ], [ -78.4086082, 36.3057155 ], [ -78.4086673, 36.3062772 ], [ -78.4087589, 36.3070281 ], [ -78.4087899, 36.3072765 ], [ -78.4088145, 36.307474 ], [ -78.4088539, 36.3077898 ], [ -78.4089585, 36.3084598 ], [ -78.4090664, 36.3090038 ], [ -78.4091125, 36.3091964 ], [ -78.4091962, 36.3095467 ], [ -78.4092141, 36.3096181 ], [ -78.4093869, 36.3103089 ], [ -78.4094668, 36.3106512 ], [ -78.4096157, 36.3112423 ], [ -78.4097572, 36.3118462 ], [ -78.4099274, 36.3125231 ], [ -78.4100576, 36.3130427 ], [ -78.4101472, 36.3134101 ], [ -78.4103122, 36.3140824 ], [ -78.4103201, 36.314112 ], [ -78.4104632, 36.3146521 ], [ -78.4105003, 36.314792 ], [ -78.4106817, 36.3154955 ], [ -78.4107131, 36.3156453 ], [ -78.4107297, 36.3157376 ], [ -78.4108036, 36.3161477 ], [ -78.4108108, 36.3162003 ], [ -78.4108535, 36.3165117 ], [ -78.410868, 36.3168762 ], [ -78.4108824, 36.3172407 ], [ -78.4108919, 36.3174802 ], [ -78.4109073, 36.3179585 ], [ -78.4109093, 36.3180192 ], [ -78.4109112, 36.3182023 ], [ -78.4109137, 36.3184435 ], [ -78.4109147, 36.3185353 ], [ -78.4109231, 36.3187295 ], [ -78.4109379, 36.3190717 ], [ -78.4109454, 36.3192439 ], [ -78.4109627, 36.3196437 ], [ -78.4109752, 36.3199777 ], [ -78.4109804, 36.3201 ], [ -78.4109935, 36.3204111 ], [ -78.4110065, 36.3206852 ], [ -78.4110224, 36.3208387 ], [ -78.4110483, 36.3209629 ], [ -78.4110949, 36.321116 ], [ -78.4111465, 36.3212433 ], [ -78.4112634, 36.3214388 ], [ -78.4114318, 36.3216894 ], [ -78.4114679, 36.321743 ], [ -78.4113757, 36.3217802 ], [ -78.4106208, 36.3220892 ], [ -78.4105469, 36.3221194 ], [ -78.4101163, 36.3222913 ], [ -78.4099876, 36.3223427 ], [ -78.4097958, 36.3224278 ], [ -78.4097114, 36.3224684 ], [ -78.4096326, 36.3225124 ], [ -78.4095198, 36.3225798 ], [ -78.4094344, 36.322635 ], [ -78.4091549, 36.3228203 ], [ -78.4091045, 36.322854 ], [ -78.409047, 36.3228914 ], [ -78.4088155, 36.3230416 ], [ -78.4081241, 36.3234905 ], [ -78.4074889, 36.3239118 ], [ -78.407325, 36.3240254 ], [ -78.4070971, 36.3241835 ], [ -78.4070597, 36.3242093 ], [ -78.4070034, 36.3242496 ], [ -78.406285, 36.3247609 ], [ -78.4054687, 36.3253348 ], [ -78.4054281, 36.3253631 ], [ -78.4053813, 36.3253957 ], [ -78.4052943, 36.3254578 ], [ -78.4046832, 36.3258939 ], [ -78.4046419, 36.3259222 ], [ -78.4045975, 36.3259526 ], [ -78.4037427, 36.3265351 ], [ -78.4036899, 36.326571 ], [ -78.4036131, 36.3266229 ], [ -78.4027191, 36.327228 ], [ -78.4026656, 36.3272643 ], [ -78.4026113, 36.3273003 ], [ -78.4023598, 36.3274669 ], [ -78.4018796, 36.3277849 ], [ -78.4017033, 36.3278993 ], [ -78.4014477, 36.3280652 ], [ -78.4012141, 36.3282252 ], [ -78.4006367, 36.3286125 ], [ -78.4003913, 36.3287718 ], [ -78.4001178, 36.3289494 ], [ -78.399724, 36.3292165 ], [ -78.3993718, 36.3294554 ], [ -78.3992162, 36.3295609 ], [ -78.3981252, 36.3303073 ], [ -78.3978705, 36.3304982 ], [ -78.3977694, 36.330581 ], [ -78.3976801, 36.3306719 ], [ -78.3975513, 36.3308244 ], [ -78.3970082, 36.3314647 ], [ -78.3968715, 36.3316538 ], [ -78.3960559, 36.3329069 ], [ -78.3949527, 36.3345893 ], [ -78.3948564, 36.3347485 ], [ -78.3947324, 36.3349908 ], [ -78.3946597, 36.3351631 ], [ -78.3946099, 36.3353293 ], [ -78.3945743, 36.3355175 ], [ -78.3945575, 36.3357237 ], [ -78.3945819, 36.3361302 ], [ -78.394625, 36.3365719 ], [ -78.3946361, 36.3366492 ], [ -78.3947041, 36.3367773 ], [ -78.3947359, 36.3368728 ], [ -78.394772, 36.3369586 ], [ -78.3948215, 36.3370571 ], [ -78.3948809, 36.3371495 ], [ -78.3949862, 36.3372833 ], [ -78.395087, 36.3373968 ], [ -78.3951645, 36.3375293 ], [ -78.3950109, 36.337806 ], [ -78.3949546, 36.3379246 ], [ -78.3949118, 36.3380422 ], [ -78.3948623, 36.338257 ], [ -78.3948595, 36.3382861 ], [ -78.394844, 36.3384467 ], [ -78.3948851, 36.3387449 ], [ -78.3949493, 36.339266 ], [ -78.3949627, 36.3393928 ], [ -78.3950147, 36.3398847 ], [ -78.3950259, 36.3401207 ], [ -78.3950269, 36.3404114 ], [ -78.3949856, 36.3409413 ], [ -78.3948898, 36.3414484 ], [ -78.3948177, 36.3417137 ], [ -78.3947128, 36.3419994 ], [ -78.3944556, 36.3425653 ], [ -78.3942897, 36.3428614 ], [ -78.3941755, 36.3430654 ], [ -78.3938572, 36.3435192 ], [ -78.3935908, 36.3438426 ], [ -78.3934247, 36.3440191 ], [ -78.3932546, 36.3441999 ], [ -78.3929902, 36.3444331 ], [ -78.3927735, 36.3446243 ], [ -78.3926198, 36.3447433 ], [ -78.3923874, 36.3449233 ], [ -78.392378, 36.3449302 ], [ -78.3921227, 36.3451181 ], [ -78.391904, 36.3452534 ], [ -78.3913267, 36.3455793 ], [ -78.3909581, 36.3457374 ], [ -78.3906765, 36.3458582 ], [ -78.3902617, 36.3460177 ], [ -78.3898246, 36.3461858 ], [ -78.3896717, 36.3462485 ], [ -78.3893483, 36.3463765 ], [ -78.3887926, 36.3465893 ], [ -78.3877663, 36.3469921 ], [ -78.3866317, 36.3474497 ], [ -78.3855906, 36.3479248 ], [ -78.3852, 36.3481115 ], [ -78.3845295, 36.348432 ], [ -78.3842783, 36.3485479 ], [ -78.3831532, 36.349064 ], [ -78.382817, 36.3491966 ], [ -78.3823092, 36.349378 ], [ -78.3821766, 36.3494224 ], [ -78.3814193, 36.3496759 ], [ -78.3804962, 36.3499847 ], [ -78.3803123, 36.3500452 ], [ -78.3799992, 36.3501483 ], [ -78.3799479, 36.3501652 ], [ -78.3793213, 36.3503851 ], [ -78.378757, 36.3506255 ], [ -78.3782499, 36.3508718 ], [ -78.3777238, 36.3511724 ], [ -78.3771171, 36.351564 ], [ -78.3763414, 36.352176 ], [ -78.3758953, 36.3525974 ], [ -78.3753221, 36.3531774 ], [ -78.3748145, 36.353691 ], [ -78.3746866, 36.3538204 ], [ -78.3745358, 36.3539721 ], [ -78.3738619, 36.3546502 ], [ -78.373026, 36.3555096 ], [ -78.3718906, 36.3566509 ], [ -78.3663174, 36.3622527 ], [ -78.3661599, 36.3623979 ], [ -78.3657771, 36.3627005 ], [ -78.3656416, 36.3627994 ], [ -78.3652188, 36.3630892 ], [ -78.3649465, 36.3632619 ], [ -78.3643134, 36.3636191 ], [ -78.3634931, 36.3640691 ], [ -78.3631488, 36.3642601 ], [ -78.3628616, 36.3644121 ] ], [ [ -78.4353319, 36.2404268 ], [ -78.4353902, 36.2403999 ], [ -78.4354621, 36.2403283 ], [ -78.4355139, 36.2402826 ], [ -78.435577, 36.240237 ], [ -78.4356505, 36.2401981 ], [ -78.4356941, 36.2401782 ], [ -78.4357376, 36.2401626 ], [ -78.4357848, 36.2401478 ], [ -78.4358289, 36.2401355 ], [ -78.4358868, 36.2401187 ], [ -78.4359912, 36.2401006 ], [ -78.4361241, 36.2400543 ], [ -78.4363489, 36.2400957 ] ], [ [ -78.3946361, 36.3366492 ], [ -78.39461, 36.3367844 ], [ -78.3946264, 36.3369441 ], [ -78.3946416, 36.3370519 ], [ -78.3946289, 36.3371235 ], [ -78.3946383, 36.3372212 ], [ -78.3946991, 36.337792 ], [ -78.3947476, 36.338203 ], [ -78.3947699, 36.3383238 ], [ -78.394844, 36.3384467 ] ] ] }, "id": "relation/1927789" }, { "type": "Feature", "properties": { "@id": "relation/1927790", "description": "US 1 Business (Sanford, NC)", "is_in:state": "NC", "modifier": "Business", "network": "US:US:Business", "ref":"US 1 BUS", "route": "road", "type": "route" }, "geometry": { "type": "MultiLineString", "coordinates": [ [ [ -79.2042518, 35.4648052 ], [ -79.203848, 35.465696 ], [ -79.203579, 35.466214 ], [ -79.203155, 35.466781 ], [ -79.202825, 35.467128 ], [ -79.202585, 35.467405 ], [ -79.202385, 35.467659 ], [ -79.202196, 35.468001 ], [ -79.202088, 35.468325 ], [ -79.202047, 35.468777 ], [ -79.202021, 35.469066 ], [ -79.20184, 35.469164 ], [ -79.2016558, 35.4692848 ], [ -79.201162, 35.469744 ], [ -79.200543, 35.470275 ], [ -79.2002633, 35.4704941 ], [ -79.2000669, 35.4706815 ], [ -79.1996216, 35.4710606 ], [ -79.1992646, 35.4713815 ], [ -79.1989701, 35.4716195 ], [ -79.1987167, 35.4718146 ], [ -79.1984557, 35.4719916 ], [ -79.1981248, 35.4721594 ], [ -79.1978531, 35.4722454 ], [ -79.1974792, 35.4723584 ], [ -79.197071, 35.472442 ], [ -79.1966771, 35.4725081 ], [ -79.1962641, 35.4725446 ], [ -79.1960488, 35.4725462 ], [ -79.1956925, 35.4725501 ], [ -79.1945387, 35.4723755 ], [ -79.19324, 35.472152 ], [ -79.193199, 35.472145 ], [ -79.192955, 35.472101 ], [ -79.192476, 35.47208 ], [ -79.191932, 35.472113 ], [ -79.191749, 35.472124 ], [ -79.19127, 35.472263 ], [ -79.191098, 35.47236 ], [ -79.19057, 35.472656 ], [ -79.190207, 35.472882 ], [ -79.1901101, 35.4729621 ], [ -79.1898264, 35.4731966 ], [ -79.1898063, 35.4732132 ], [ -79.1896099, 35.4733753 ], [ -79.189474, 35.473468 ], [ -79.1894173, 35.4735066 ], [ -79.18918, 35.473652 ], [ -79.188781, 35.473841 ], [ -79.187759, 35.4741132 ], [ -79.1876871, 35.4744395 ], [ -79.187681, 35.474467 ], [ -79.187498, 35.475277 ], [ -79.187456, 35.475452 ], [ -79.1874169, 35.4755553 ], [ -79.18737, 35.475679 ], [ -79.187325, 35.475781 ], [ -79.1872593, 35.4759042 ], [ -79.1872242, 35.4759506 ], [ -79.187107, 35.476101 ], [ -79.187023, 35.476191 ], [ -79.186881, 35.476319 ], [ -79.186753, 35.476428 ], [ -79.186525, 35.476594 ], [ -79.1863436, 35.4767074 ], [ -79.1862982, 35.4767408 ], [ -79.186194, 35.476801 ], [ -79.1860915, 35.4768591 ], [ -79.185711, 35.477075 ], [ -79.185585, 35.477147 ], [ -79.185276, 35.477337 ], [ -79.185069, 35.477456 ], [ -79.1850313, 35.4774775 ], [ -79.184844, 35.477584 ], [ -79.184589, 35.477734 ], [ -79.1842386, 35.477924 ], [ -79.184209, 35.47794 ], [ -79.1841102, 35.4779937 ], [ -79.1839588, 35.4780761 ], [ -79.1837198, 35.478206 ], [ -79.1836684, 35.4782339 ], [ -79.1835512, 35.4782976 ], [ -79.183065, 35.478562 ], [ -79.1826837, 35.4787767 ], [ -79.182457, 35.4789043 ], [ -79.1821605, 35.4790712 ], [ -79.182097, 35.479107 ], [ -79.1819042, 35.4792177 ], [ -79.181525, 35.4794267 ], [ -79.1815012, 35.4794404 ], [ -79.1811166, 35.479661 ], [ -79.180515, 35.480001 ], [ -79.1799049, 35.4803455 ], [ -79.179571, 35.480534 ], [ -79.179209, 35.480727 ], [ -79.1787415, 35.4809799 ], [ -79.1785499, 35.4810835 ], [ -79.178501, 35.48111 ], [ -79.178151, 35.48131 ], [ -79.178032, 35.4813821 ], [ -79.1779553, 35.4814285 ], [ -79.177827, 35.4815062 ], [ -79.1774828, 35.4817148 ], [ -79.1780028, 35.482804 ], [ -79.178071, 35.482947 ], [ -79.178089, 35.4829855 ], [ -79.1781777, 35.4831751 ], [ -79.1785025, 35.483869 ], [ -79.1786428, 35.4841686 ], [ -79.178723, 35.48434 ], [ -79.1789153, 35.4847632 ], [ -79.17909, 35.4851476 ], [ -79.179371, 35.485766 ], [ -79.17964, 35.486542 ], [ -79.179775, 35.487007 ], [ -79.179822, 35.487168 ], [ -79.180023, 35.488069 ], [ -79.18016, 35.488644 ], [ -79.180168, 35.488682 ], [ -79.1803618, 35.4895407 ], [ -79.1803686, 35.4895705 ], [ -79.180487, 35.490093 ], [ -79.18055, 35.490401 ], [ -79.18056, 35.490442 ], [ -79.1806048, 35.4906355 ], [ -79.180607, 35.490645 ], [ -79.180614, 35.490813 ], [ -79.180615, 35.491073 ], [ -79.180584, 35.491315 ], [ -79.180494, 35.491723 ], [ -79.180422, 35.492052 ], [ -79.1804068, 35.4921201 ], [ -79.180349, 35.49238 ], [ -79.1803312, 35.4925086 ], [ -79.1801765, 35.4936267 ], [ -79.1801329, 35.4940165 ], [ -79.180104, 35.4942703 ], [ -79.180069, 35.494579 ], [ -79.1800468, 35.4947964 ], [ -79.180014, 35.495117 ], [ -79.179978, 35.495462 ], [ -79.1799767, 35.4954747 ], [ -79.179968, 35.4955572 ], [ -79.1798806, 35.4963691 ], [ -79.179819, 35.496971 ], [ -79.179745, 35.497589 ], [ -79.179667, 35.498236 ], [ -79.179609, 35.498834 ], [ -79.179519, 35.499782 ], [ -79.179472, 35.500265 ], [ -79.179395, 35.500741 ], [ -79.17934, 35.501084 ], [ -79.1791326, 35.5022242 ], [ -79.1788742, 35.5036442 ], [ -79.178841, 35.503899 ], [ -79.1787978, 35.5042945 ], [ -79.1787665, 35.5046822 ], [ -79.1787575, 35.5050063 ], [ -79.1787532, 35.5054808 ], [ -79.1787567, 35.5059313 ], [ -79.1787659, 35.5061441 ], [ -79.1787896, 35.5065946 ], [ -79.178821, 35.5071921 ], [ -79.1788329, 35.5076245 ], [ -79.178836, 35.507656 ], [ -79.178835, 35.5076984 ], [ -79.1788438, 35.5084619 ], [ -79.1788637, 35.5092316 ], [ -79.1788657, 35.509545 ], [ -79.178875, 35.510985 ], [ -79.1787504, 35.511904 ], [ -79.1787489, 35.5119184 ], [ -79.178738, 35.5120212 ], [ -79.17866, 35.512417 ], [ -79.1786061, 35.5126745 ], [ -79.178499, 35.513186 ], [ -79.1784958, 35.5132095 ], [ -79.1784808, 35.5133217 ], [ -79.178422, 35.513599 ], [ -79.1783125, 35.5142227 ], [ -79.1782943, 35.5146376 ], [ -79.178332, 35.515065 ], [ -79.1784208, 35.5154901 ], [ -79.1784717, 35.5156727 ], [ -79.1785683, 35.5158972 ], [ -79.178667, 35.5160995 ], [ -79.178835, 35.516402 ], [ -79.179124, 35.516826 ], [ -79.179603, 35.517491 ], [ -79.179799, 35.517757 ], [ -79.1800297, 35.5180674 ], [ -79.180614, 35.518856 ], [ -79.1807313, 35.5190194 ], [ -79.181259, 35.519736 ], [ -79.1814338, 35.5199709 ], [ -79.1819585, 35.5206829 ], [ -79.1823116, 35.5211621 ], [ -79.182651, 35.521643 ], [ -79.182751, 35.521765 ], [ -79.182915, 35.521901 ], [ -79.183073, 35.522109 ], [ -79.1831929, 35.5222952 ], [ -79.1832341, 35.5223435 ], [ -79.1832713, 35.5223517 ], [ -79.1833062, 35.5223648 ], [ -79.1833378, 35.5223826 ], [ -79.1833726, 35.5224116 ], [ -79.1833987, 35.5224462 ], [ -79.1834149, 35.5224845 ], [ -79.1834205, 35.5225248 ], [ -79.1834151, 35.5225651 ], [ -79.183455, 35.5227 ], [ -79.183824, 35.523336 ], [ -79.184144, 35.523862 ], [ -79.184422, 35.524418 ], [ -79.184514, 35.524617 ], [ -79.1845682, 35.5246845 ], [ -79.184599, 35.5247259 ], [ -79.1846284, 35.5247707 ], [ -79.1846504, 35.5247855 ], [ -79.1846699, 35.5248024 ], [ -79.1846967, 35.5248357 ], [ -79.184714, 35.524873 ], [ -79.1847211, 35.5249124 ], [ -79.1847176, 35.5249521 ], [ -79.1847057, 35.524986 ], [ -79.184686, 35.5250175 ], [ -79.1846593, 35.5250453 ], [ -79.1846266, 35.5250684 ], [ -79.184589, 35.525086 ], [ -79.184548, 35.5250974 ], [ -79.1845064, 35.5251022 ], [ -79.1844645, 35.5251006 ], [ -79.1844236, 35.5250927 ], [ -79.1843853, 35.5250787 ], [ -79.1843508, 35.5250592 ], [ -79.1843213, 35.5250348 ], [ -79.184298, 35.5250064 ], [ -79.1842449, 35.5249912 ], [ -79.184196, 35.5249939 ], [ -79.1841498, 35.5250026 ], [ -79.1841208, 35.5250205 ], [ -79.1837637, 35.5254067 ], [ -79.1834959, 35.5257323 ], [ -79.1833427, 35.5259281 ], [ -79.1832227, 35.526117 ], [ -79.1831066, 35.5262966 ], [ -79.182916, 35.52666 ], [ -79.182624, 35.527317 ], [ -79.182563, 35.527455 ], [ -79.182402, 35.5278396 ] ], [ [ -79.202021, 35.469066 ], [ -79.202428, 35.468878 ], [ -79.202651, 35.468779 ], [ -79.2030063, 35.4686586 ], [ -79.203562, 35.468538 ], [ -79.20394, 35.468477 ], [ -79.203949, 35.467127 ], [ -79.203963, 35.466938 ], [ -79.204032, 35.466307 ], [ -79.204236, 35.465423 ] ], [ [ -79.182751, 35.521765 ], [ -79.182803, 35.521931 ], [ -79.182953, 35.52211 ], [ -79.1830252, 35.5222592 ], [ -79.1830197, 35.5223695 ], [ -79.183014, 35.5224129 ], [ -79.1829814, 35.5224611 ], [ -79.1829677, 35.5225149 ], [ -79.182934, 35.5225615 ], [ -79.1828308, 35.5226259 ], [ -79.182724, 35.52267 ], [ -79.182416, 35.522845 ], [ -79.18229, 35.522938 ], [ -79.1821629, 35.5230603 ], [ -79.1820496, 35.5232149 ], [ -79.181983, 35.523351 ], [ -79.181895, 35.523634 ], [ -79.181864, 35.523861 ], [ -79.181871, 35.523979 ], [ -79.181896, 35.524118 ], [ -79.181985, 35.524375 ], [ -79.182149, 35.524674 ], [ -79.182333, 35.524972 ], [ -79.182453, 35.525208 ], [ -79.182541, 35.525409 ], [ -79.182611, 35.525605 ], [ -79.182643, 35.52597 ], [ -79.1826334, 35.5260589 ], [ -79.182619, 35.526212 ], [ -79.18245, 35.526861 ], [ -79.1823584, 35.5271503 ], [ -79.1822501, 35.5275103 ], [ -79.1822273, 35.5277744 ] ] ] }, "id": "relation/1927790" }, { "type": "Feature", "properties": { "@id": "relation/1927791", "description": "US 1 Business (Vass-Cameron, NC)", "is_in:state": "NC", "modifier": "Business", "network": "US:US:Business", "ref":"US 1 BUS", "route": "road", "type": "route" }, "geometry": { "type": "MultiLineString", "coordinates": [ [ [ -79.2939852, 35.241549 ], [ -79.2938285, 35.2416337 ], [ -79.2936296, 35.2417043 ], [ -79.2935181, 35.241736 ], [ -79.2928817, 35.2418759 ], [ -79.2925801, 35.2419417 ], [ -79.2925443, 35.2419555 ], [ -79.2925166, 35.2419697 ], [ -79.2924962, 35.2419814 ], [ -79.2924757, 35.2419957 ], [ -79.2924595, 35.2420109 ], [ -79.2924448, 35.2420263 ], [ -79.2924297, 35.2420451 ], [ -79.292406, 35.2420989 ], [ -79.2925014, 35.2423756 ], [ -79.2925594, 35.2424396 ], [ -79.2930103, 35.2438527 ], [ -79.2930266, 35.2440794 ], [ -79.2930334, 35.2441732 ], [ -79.2929993, 35.2444481 ], [ -79.2928667, 35.24478 ], [ -79.292744, 35.245073 ], [ -79.292638, 35.245258 ], [ -79.291633, 35.247005 ], [ -79.2915412, 35.2471487 ], [ -79.291474, 35.247254 ], [ -79.291234, 35.247592 ], [ -79.291063, 35.247811 ], [ -79.290789, 35.248129 ], [ -79.289096, 35.249928 ], [ -79.286965, 35.252188 ], [ -79.286862, 35.25231 ], [ -79.286553, 35.252693 ], [ -79.285819, 35.253614 ], [ -79.285118, 35.25451 ], [ -79.284387, 35.255444 ], [ -79.284223, 35.255653 ], [ -79.284116, 35.255802 ], [ -79.283984, 35.255957 ], [ -79.283866, 35.256074 ], [ -79.2835552, 35.2563426 ], [ -79.283321, 35.256545 ], [ -79.2831152, 35.2567144 ], [ -79.2830803, 35.2567432 ], [ -79.282851, 35.256932 ], [ -79.2822995, 35.2573698 ], [ -79.2818847, 35.2577184 ], [ -79.2817055, 35.257869 ], [ -79.2813622, 35.2581518 ], [ -79.281328, 35.25818 ], [ -79.2812923, 35.2582113 ], [ -79.2811891, 35.2583017 ], [ -79.2810679, 35.2584079 ], [ -79.281037, 35.258435 ], [ -79.2808076, 35.2586513 ], [ -79.280758, 35.258698 ], [ -79.28049, 35.258968 ], [ -79.280234, 35.259246 ], [ -79.279989, 35.259532 ], [ -79.2799198, 35.259619 ], [ -79.279757, 35.259824 ], [ -79.279675, 35.259936 ], [ -79.279538, 35.260123 ], [ -79.279344, 35.260408 ], [ -79.278929, 35.261083 ], [ -79.2786471, 35.2615428 ], [ -79.278501, 35.261781 ], [ -79.277732, 35.2630342 ], [ -79.276344, 35.265296 ], [ -79.276177, 35.265609 ], [ -79.27603, 35.265928 ], [ -79.275293, 35.267803 ], [ -79.2752788, 35.2678393 ], [ -79.274989, 35.268579 ], [ -79.27466, 35.269419 ], [ -79.274426, 35.270016 ], [ -79.2736757, 35.2719283 ], [ -79.2734428, 35.272522 ], [ -79.273063, 35.27349 ], [ -79.273005, 35.2736385 ], [ -79.27292, 35.273856 ], [ -79.272465, 35.27504 ], [ -79.272353, 35.275359 ], [ -79.27229, 35.275574 ], [ -79.272213, 35.2759 ], [ -79.272156, 35.276229 ], [ -79.272131, 35.276449 ], [ -79.272109, 35.27678 ], [ -79.272109, 35.277112 ], [ -79.272126, 35.277392 ], [ -79.272176, 35.278609 ], [ -79.272182, 35.278752 ], [ -79.2721977, 35.2791342 ], [ -79.2722351, 35.2800408 ], [ -79.272305, 35.281739 ], [ -79.272298, 35.282084 ], [ -79.27227, 35.282429 ], [ -79.272238, 35.282646 ], [ -79.27222, 35.282771 ], [ -79.272148, 35.283112 ], [ -79.272088, 35.283336 ], [ -79.27198, 35.28367 ], [ -79.271851, 35.283999 ], [ -79.2716801, 35.2844292 ], [ -79.2715815, 35.2846298 ], [ -79.2689218, 35.2903742 ], [ -79.2688224, 35.2905805 ], [ -79.2686077, 35.2911116 ], [ -79.268143, 35.292041 ], [ -79.268003, 35.292355 ], [ -79.267934, 35.292567 ], [ -79.267869, 35.292838 ], [ -79.267836, 35.293043 ], [ -79.267815, 35.293249 ], [ -79.267808, 35.293524 ], [ -79.267823, 35.293778 ], [ -79.267833, 35.293868 ], [ -79.267874, 35.294116 ], [ -79.268111, 35.295172 ], [ -79.268393, 35.296591 ], [ -79.2688875, 35.299086 ], [ -79.269343, 35.301384 ], [ -79.269383, 35.301635 ], [ -79.269404, 35.301915 ], [ -79.269405, 35.302125 ], [ -79.269392, 35.302334 ], [ -79.2691492, 35.3041828 ], [ -79.2689597, 35.3052441 ], [ -79.2687121, 35.3066898 ], [ -79.2685418, 35.307713 ], [ -79.2685374, 35.3077453 ], [ -79.2685318, 35.3077856 ], [ -79.2682793, 35.309274 ], [ -79.2682663, 35.3093454 ], [ -79.268179, 35.309819 ], [ -79.268155, 35.309953 ], [ -79.26811, 35.31016 ], [ -79.2680824, 35.3102703 ], [ -79.26805, 35.3104 ], [ -79.268018, 35.310511 ], [ -79.2679776, 35.3106339 ], [ -79.267946, 35.31073 ], [ -79.267822, 35.311056 ], [ -79.267598, 35.311576 ], [ -79.267221, 35.312454 ], [ -79.267087, 35.3127542 ], [ -79.266977, 35.313053 ], [ -79.266879, 35.313344 ], [ -79.266794, 35.313633 ], [ -79.26679, 35.313652 ], [ -79.266677, 35.314171 ], [ -79.2664699, 35.3151198 ], [ -79.266369, 35.315582 ], [ -79.266302, 35.315887 ], [ -79.2661164, 35.3167191 ], [ -79.266052, 35.317008 ], [ -79.266016, 35.317168 ], [ -79.2658902, 35.3177319 ], [ -79.265858, 35.317876 ], [ -79.265826, 35.318012 ], [ -79.265722, 35.318447 ], [ -79.265637, 35.318766 ], [ -79.265545, 35.319083 ], [ -79.265533, 35.319121 ], [ -79.265498, 35.319229 ], [ -79.26514, 35.320351 ], [ -79.264948, 35.320953 ], [ -79.2649394, 35.32098 ], [ -79.264517, 35.322304 ], [ -79.264363, 35.322786 ], [ -79.264161, 35.323418 ], [ -79.263974, 35.324006 ], [ -79.263302, 35.326112 ], [ -79.263158, 35.326554 ], [ -79.26313, 35.326631 ], [ -79.2631, 35.326708 ], [ -79.263065, 35.326792 ], [ -79.263035, 35.32686 ], [ -79.262964, 35.32701 ], [ -79.262886, 35.327158 ], [ -79.262836, 35.327245 ], [ -79.262802, 35.327303 ], [ -79.262712, 35.327446 ], [ -79.26267, 35.327509 ], [ -79.262616, 35.327586 ], [ -79.26259, 35.3276212 ], [ -79.262514, 35.327724 ], [ -79.262324, 35.327953 ], [ -79.262173, 35.328118 ], [ -79.261997, 35.328291 ], [ -79.261919, 35.328363 ], [ -79.261868, 35.328406 ], [ -79.261645, 35.328594 ], [ -79.261454, 35.328735 ], [ -79.261426, 35.328756 ], [ -79.261198, 35.328908 ], [ -79.261098, 35.328968 ], [ -79.26096, 35.329051 ], [ -79.260677, 35.329201 ], [ -79.260513, 35.329277 ], [ -79.260501, 35.329282 ], [ -79.260373, 35.329342 ], [ -79.260108, 35.329449 ], [ -79.259838, 35.329544 ], [ -79.2543435, 35.3312439 ], [ -79.2539393, 35.3313641 ], [ -79.2538027, 35.3314072 ], [ -79.2518121, 35.3320027 ], [ -79.251206, 35.332184 ], [ -79.250941, 35.332276 ], [ -79.250597, 35.332416 ], [ -79.2503953, 35.3325116 ], [ -79.250348, 35.332534 ], [ -79.250106, 35.332662 ], [ -79.249797, 35.332849 ], [ -79.249567, 35.333008 ], [ -79.249229, 35.333274 ], [ -79.248664, 35.333726 ], [ -79.24765, 35.334538 ], [ -79.2466724, 35.3353203 ], [ -79.245525, 35.3362385 ], [ -79.244822, 35.336801 ], [ -79.244434, 35.337113 ], [ -79.244263, 35.33725 ], [ -79.24421, 35.337294 ], [ -79.244144, 35.337355 ], [ -79.24393, 35.337546 ], [ -79.2434288, 35.3380054 ], [ -79.2433984, 35.3380351 ], [ -79.2431459, 35.3382776 ], [ -79.242697, 35.3387018 ], [ -79.2424957, 35.3388907 ], [ -79.241055, 35.340257 ], [ -79.240802, 35.3405 ], [ -79.240636, 35.340694 ], [ -79.2403654, 35.3409694 ], [ -79.2399424, 35.3414624 ], [ -79.2397475, 35.3417047 ], [ -79.2394702, 35.3420639 ], [ -79.2391522, 35.3424939 ], [ -79.238624, 35.34335 ], [ -79.238435, 35.343622 ], [ -79.238219, 35.343929 ], [ -79.2381616, 35.3440236 ], [ -79.23776, 35.344686 ], [ -79.237123, 35.34571 ], [ -79.2365125, 35.3468807 ], [ -79.236383, 35.347129 ], [ -79.2362696, 35.3473821 ], [ -79.235929, 35.348142 ], [ -79.2359023, 35.3482019 ], [ -79.23588, 35.348252 ], [ -79.2357865, 35.3484669 ], [ -79.235678, 35.348716 ], [ -79.2352672, 35.3496784 ], [ -79.234759, 35.350869 ], [ -79.234649, 35.351062 ], [ -79.234247, 35.35201 ], [ -79.233886, 35.352834 ], [ -79.233635, 35.353409 ], [ -79.233615, 35.3534622 ], [ -79.2334204, 35.3539817 ], [ -79.2333663, 35.3542924 ], [ -79.2333609, 35.3544626 ], [ -79.2333555, 35.3546337 ], [ -79.2334199, 35.3550056 ], [ -79.2335379, 35.3553643 ], [ -79.2337471, 35.3556793 ], [ -79.2344713, 35.3564931 ], [ -79.2346805, 35.356795 ], [ -79.2348146, 35.3571187 ], [ -79.234879, 35.3574162 ], [ -79.2348844, 35.3577268 ], [ -79.2348361, 35.3580243 ], [ -79.2347342, 35.358335 ], [ -79.234584, 35.3586193 ], [ -79.234384, 35.358863 ], [ -79.233742, 35.358311 ], [ -79.233206, 35.357815 ], [ -79.233175, 35.357787 ], [ -79.2327847, 35.3574485 ], [ -79.2328828, 35.3555171 ], [ -79.2328461, 35.3554003 ], [ -79.2328339, 35.3552749 ], [ -79.2328235, 35.355141 ], [ -79.2328375, 35.3547716 ], [ -79.2328623, 35.3542683 ], [ -79.2328599, 35.3542355 ], [ -79.2328523, 35.3542125 ], [ -79.2328373, 35.3541893 ], [ -79.2328175, 35.3541735 ], [ -79.232794, 35.3541648 ], [ -79.2327658, 35.3541604 ], [ -79.2327283, 35.3541607 ] ], [ [ -79.2925594, 35.2424396 ], [ -79.2925688, 35.2423635 ], [ -79.2925369, 35.2422503 ], [ -79.2925347, 35.2422259 ], [ -79.2925355, 35.2422065 ], [ -79.2925384, 35.242187 ], [ -79.2925446, 35.2421623 ], [ -79.2925525, 35.2421437 ], [ -79.2925628, 35.2421246 ], [ -79.2926242, 35.24205 ] ] ] }, "id": "relation/1927791" }, { "type": "Feature", "properties": { "@id": "relation/1929144", "description": "US 1 Business (Fredericksburg, VA)", "is_in:state": "VA", "modifier": "Business", "network": "US:US:Business", "ref":"US 1 BUS", "route": "road", "type": "route" }, "geometry": { "type": "MultiLineString", "coordinates": [ [ [ -77.4722917, 38.3181536 ], [ -77.4721878, 38.3181258 ], [ -77.472116, 38.318105 ], [ -77.472029, 38.318075 ], [ -77.471965, 38.318042 ], [ -77.471896, 38.317992 ], [ -77.4718479, 38.3179389 ], [ -77.4717997, 38.317859 ], [ -77.4717898, 38.3178383 ], [ -77.4717104, 38.3176732 ], [ -77.471656, 38.317554 ], [ -77.4715792, 38.3173805 ], [ -77.4713916, 38.3169568 ], [ -77.4713547, 38.3168734 ], [ -77.471328, 38.316813 ], [ -77.4713038, 38.3167571 ], [ -77.471271, 38.316681 ], [ -77.471081, 38.316286 ], [ -77.4710041, 38.3161441 ], [ -77.470971, 38.316083 ], [ -77.4709398, 38.3160353 ], [ -77.470783, 38.315796 ], [ -77.470634, 38.315598 ], [ -77.4705343, 38.3154816 ], [ -77.47049, 38.31543 ], [ -77.4704489, 38.3153873 ], [ -77.4701668, 38.3150943 ], [ -77.4699756, 38.3148956 ], [ -77.469927, 38.314845 ], [ -77.4698773, 38.3147947 ], [ -77.4697957, 38.3147121 ], [ -77.4696529, 38.3145676 ], [ -77.469421, 38.314333 ], [ -77.469026, 38.313952 ], [ -77.4689861, 38.3139157 ], [ -77.4687953, 38.3137423 ], [ -77.468741, 38.313693 ], [ -77.4686878, 38.313647 ], [ -77.4685615, 38.3135439 ], [ -77.468504, 38.313488 ], [ -77.4682667, 38.3132828 ], [ -77.468119, 38.313155 ], [ -77.4677686, 38.3128597 ], [ -77.4676032, 38.3127203 ], [ -77.467559, 38.312683 ], [ -77.4673461, 38.3125025 ], [ -77.467303, 38.312466 ], [ -77.4672037, 38.3123848 ], [ -77.467175, 38.3123582 ], [ -77.4670634, 38.3122644 ], [ -77.4669342, 38.3121558 ], [ -77.4668246, 38.3120637 ], [ -77.466731, 38.311985 ], [ -77.466472, 38.311765 ], [ -77.465776, 38.311164 ], [ -77.4656869, 38.3110789 ], [ -77.465597, 38.310988 ], [ -77.4655821, 38.3109713 ], [ -77.4654931, 38.3108761 ], [ -77.4654654, 38.310847 ], [ -77.46541, 38.310777 ], [ -77.465377, 38.310738 ], [ -77.465296, 38.310631 ], [ -77.465185, 38.310479 ], [ -77.465109, 38.310359 ], [ -77.4649891, 38.31017 ], [ -77.4648964, 38.3100238 ], [ -77.4648407, 38.309936 ], [ -77.4648332, 38.3099242 ], [ -77.4648142, 38.3098942 ], [ -77.464734, 38.3099279 ], [ -77.4646974, 38.3099432 ], [ -77.4645706, 38.3099965 ], [ -77.4644751, 38.3100366 ], [ -77.4639206, 38.3102694 ], [ -77.4638678, 38.31027 ], [ -77.4638391, 38.3102703 ], [ -77.4638153, 38.3102681 ], [ -77.4637938, 38.3102643 ], [ -77.4637764, 38.3102582 ], [ -77.4637333, 38.3102341 ], [ -77.4635224, 38.3098837 ], [ -77.463472, 38.3098 ], [ -77.4633987, 38.3096936 ], [ -77.463199, 38.309367 ], [ -77.462602, 38.308423 ], [ -77.4625834, 38.3083934 ], [ -77.4623748, 38.3080625 ], [ -77.4620288, 38.3075135 ], [ -77.4617142, 38.3070159 ], [ -77.4614513, 38.3065994 ], [ -77.4614314, 38.306568 ], [ -77.4612545, 38.3062899 ], [ -77.460899, 38.3057301 ], [ -77.4608736, 38.3056891 ], [ -77.4608535, 38.305658 ], [ -77.4607307, 38.3054621 ], [ -77.4602775, 38.3047392 ], [ -77.4602446, 38.3046867 ], [ -77.4602016, 38.3046189 ], [ -77.4596605, 38.3037649 ], [ -77.4596249, 38.3037087 ], [ -77.4595888, 38.303652 ], [ -77.4595662, 38.3036164 ], [ -77.4594087, 38.3033689 ], [ -77.4590331, 38.3027867 ], [ -77.4589879, 38.3027167 ], [ -77.4589633, 38.3026762 ], [ -77.4589511, 38.3026562 ], [ -77.4584334, 38.3018047 ], [ -77.4584089, 38.3017644 ], [ -77.4583572, 38.3016847 ], [ -77.4578464, 38.3008974 ], [ -77.4578, 38.3008249 ], [ -77.45777, 38.3007782 ], [ -77.4577292, 38.3007141 ], [ -77.4571831, 38.2998593 ], [ -77.4571523, 38.2998111 ], [ -77.4571153, 38.2997532 ], [ -77.4569104, 38.2994326 ], [ -77.4565963, 38.2989349 ], [ -77.4565146, 38.2988055 ], [ -77.4564894, 38.2987656 ], [ -77.4565749, 38.2987341 ], [ -77.4570293, 38.2985677 ], [ -77.457142, 38.298526 ], [ -77.4574596, 38.2984085 ], [ -77.4575488, 38.2983757 ], [ -77.4576235, 38.2983472 ], [ -77.4579771, 38.2982122 ], [ -77.4581234, 38.2981563 ], [ -77.4583372, 38.2980746 ], [ -77.45857, 38.297988 ], [ -77.4586988, 38.2979374 ], [ -77.4587912, 38.2979012 ], [ -77.459021, 38.2977956 ], [ -77.4591322, 38.2977431 ], [ -77.4592412, 38.2976849 ], [ -77.4593371, 38.2976265 ], [ -77.4594208, 38.2975779 ], [ -77.4596903, 38.2974059 ], [ -77.459765, 38.2973418 ], [ -77.459877, 38.297214 ], [ -77.4600668, 38.296997 ], [ -77.460152, 38.296904 ], [ -77.4602401, 38.2968354 ], [ -77.4605202, 38.2966699 ], [ -77.4605903, 38.2966237 ], [ -77.4613865, 38.2961042 ], [ -77.461814, 38.295818 ], [ -77.4619568, 38.2957232 ], [ -77.462061, 38.295654 ], [ -77.4622003, 38.295567 ], [ -77.4624783, 38.2953933 ], [ -77.462538, 38.2953535 ], [ -77.4628641, 38.2951392 ], [ -77.4629258, 38.295106 ], [ -77.463036, 38.29505 ], [ -77.4633675, 38.2949223 ], [ -77.4635752, 38.2948423 ], [ -77.4636227, 38.294824 ], [ -77.4642512, 38.294582 ], [ -77.4644605, 38.2945014 ], [ -77.4645879, 38.2944523 ], [ -77.4649404, 38.2943165 ], [ -77.4652183, 38.2942061 ], [ -77.4654406, 38.2941239 ], [ -77.4655892, 38.2940667 ], [ -77.4656311, 38.2940506 ], [ -77.466349, 38.293774 ], [ -77.4664016, 38.2937546 ], [ -77.4667107, 38.2936407 ], [ -77.4669065, 38.2935685 ], [ -77.467206, 38.293451 ], [ -77.4673648, 38.2933816 ], [ -77.467411, 38.2933524 ], [ -77.4674442, 38.2933314 ], [ -77.467537, 38.293247 ], [ -77.4676, 38.293171 ], [ -77.467641, 38.293099 ], [ -77.467653, 38.293071 ], [ -77.46772, 38.292824 ], [ -77.4678397, 38.2920593 ], [ -77.467861, 38.291903 ], [ -77.467884, 38.291771 ], [ -77.4679, 38.291709 ], [ -77.467951, 38.291559 ], [ -77.468, 38.29147 ], [ -77.468065, 38.291388 ], [ -77.468144, 38.291315 ], [ -77.468224, 38.291263 ], [ -77.468356, 38.291201 ], [ -77.468452, 38.29117 ], [ -77.46856, 38.291146 ], [ -77.468601, 38.291139 ], [ -77.468871, 38.291113 ], [ -77.4694069, 38.2910746 ], [ -77.4700342, 38.2910297 ], [ -77.4703543, 38.2910086 ], [ -77.47057, 38.2909954 ], [ -77.4706622, 38.2909895 ], [ -77.4708129, 38.2909799 ], [ -77.4708421, 38.290978 ], [ -77.471035, 38.290967 ], [ -77.4710953, 38.2909625 ], [ -77.4715228, 38.2909304 ], [ -77.4715923, 38.2908738 ], [ -77.4719848, 38.2907285 ], [ -77.4721832, 38.2906476 ], [ -77.4724319, 38.2905361 ], [ -77.4726605, 38.2904413 ], [ -77.4730204, 38.2902724 ], [ -77.473284, 38.2901428 ], [ -77.4734195, 38.290072 ], [ -77.4736631, 38.2899457 ], [ -77.4738819, 38.2898421 ], [ -77.4741906, 38.2896674 ], [ -77.4742346, 38.2896376 ], [ -77.474284, 38.2895965 ], [ -77.4743001, 38.2895829 ], [ -77.474352, 38.2895388 ], [ -77.4745745, 38.2893499 ], [ -77.4746863, 38.289255 ], [ -77.4748848, 38.2890777 ], [ -77.4749941, 38.2889963 ], [ -77.4751372, 38.2888977 ], [ -77.4751736, 38.2888634 ], [ -77.4752167, 38.2888153 ], [ -77.4752812, 38.2887423 ], [ -77.4752949, 38.2887256 ], [ -77.4753119, 38.2887049 ], [ -77.4753543, 38.2886753 ], [ -77.4753995, 38.2886573 ], [ -77.4754369, 38.288649 ], [ -77.475453, 38.288648 ], [ -77.4755558, 38.2886088 ], [ -77.4756346, 38.2885702 ], [ -77.4756812, 38.2885356 ], [ -77.4757197, 38.2884982 ], [ -77.4757455, 38.2884566 ], [ -77.4757609, 38.2884145 ], [ -77.475767, 38.2883724 ], [ -77.4757737, 38.2883177 ], [ -77.4757852, 38.2882375 ], [ -77.4758206, 38.2881145 ], [ -77.4758635, 38.2880113 ], [ -77.4758936, 38.2879674 ], [ -77.4759306, 38.2879134 ], [ -77.4759891, 38.2878281 ], [ -77.476148, 38.287646 ], [ -77.476585, 38.287152 ], [ -77.4767673, 38.2869417 ], [ -77.4768868, 38.2868187 ], [ -77.4770236, 38.286692 ], [ -77.4772248, 38.2865429 ], [ -77.4773454, 38.2864624 ], [ -77.4774902, 38.2863674 ], [ -77.4777913, 38.2861599 ], [ -77.477887, 38.2860882 ], [ -77.4780026, 38.2860145 ], [ -77.4781553, 38.2859179 ], [ -77.4783111, 38.2858123 ], [ -77.4784, 38.2857474 ], [ -77.4785663, 38.2856308 ], [ -77.478649, 38.2855765 ], [ -77.4786945, 38.2855559 ], [ -77.478765, 38.2855257 ], [ -77.4788488, 38.2854671 ], [ -77.4789226, 38.2854039 ], [ -77.4789686, 38.2853596 ], [ -77.4789977, 38.2853315 ], [ -77.4790809, 38.2852502 ], [ -77.4791617, 38.2851574 ], [ -77.479328, 38.28494 ], [ -77.4794497, 38.284785 ], [ -77.4795018, 38.2847177 ], [ -77.4795258, 38.2846867 ], [ -77.4797135, 38.2844444 ], [ -77.480374, 38.28343 ], [ -77.480626, 38.283066 ], [ -77.480915, 38.282629 ], [ -77.481022, 38.282401 ], [ -77.481121, 38.282128 ], [ -77.481157, 38.281981 ], [ -77.481184, 38.281794 ], [ -77.481193, 38.281565 ], [ -77.481197, 38.28141 ], [ -77.4811909, 38.2811785 ], [ -77.4811847, 38.2809405 ], [ -77.481177, 38.280644 ], [ -77.481163, 38.280187 ], [ -77.481149, 38.279793 ], [ -77.4811458, 38.2796686 ], [ -77.481143, 38.279563 ], [ -77.481139, 38.279381 ], [ -77.481127, 38.278933 ], [ -77.481118, 38.278651 ], [ -77.481107, 38.278314 ], [ -77.481093, 38.27792 ], [ -77.481084, 38.277645 ], [ -77.4810724, 38.2773238 ], [ -77.4810706, 38.277286 ], [ -77.4810586, 38.2770682 ], [ -77.481051, 38.276905 ], [ -77.4810506, 38.2768781 ], [ -77.481049, 38.2767681 ], [ -77.4810487, 38.2767454 ], [ -77.481048, 38.276693 ], [ -77.481056, 38.27648 ], [ -77.481072, 38.276308 ], [ -77.481119, 38.276065 ], [ -77.4811536, 38.2759459 ], [ -77.481178, 38.275862 ], [ -77.481217, 38.275749 ], [ -77.4813093, 38.2754919 ], [ -77.481324, 38.275451 ], [ -77.481409, 38.275226 ], [ -77.481536, 38.274879 ], [ -77.481752, 38.274281 ], [ -77.481911, 38.273846 ], [ -77.4820136, 38.2736082 ], [ -77.4821052, 38.2734159 ], [ -77.4821959, 38.2732744 ], [ -77.4823799, 38.273027 ], [ -77.4823917, 38.2730116 ], [ -77.4824486, 38.2729375 ], [ -77.4825253, 38.2728355 ], [ -77.482601, 38.272739 ], [ -77.482616, 38.2727208 ], [ -77.4829146, 38.2723583 ], [ -77.482977, 38.27228 ], [ -77.4831354, 38.2720929 ], [ -77.4832338, 38.2719736 ], [ -77.4833218, 38.2718669 ], [ -77.4835535, 38.2715912 ], [ -77.483641, 38.271487 ], [ -77.4836585, 38.2714662 ], [ -77.48387, 38.2712145 ], [ -77.483994, 38.271067 ], [ -77.4840197, 38.2710362 ], [ -77.484126, 38.270909 ], [ -77.484272, 38.270744 ], [ -77.484468, 38.270545 ], [ -77.484678, 38.270356 ], [ -77.48483, 38.270232 ], [ -77.485059, 38.270069 ], [ -77.485228, 38.2699549 ], [ -77.4853713, 38.26987 ], [ -77.485846, 38.269615 ], [ -77.486389, 38.269328 ], [ -77.4865, 38.269269 ], [ -77.486948, 38.269034 ], [ -77.487399, 38.2688 ], [ -77.487754, 38.268607 ], [ -77.488086, 38.268431 ], [ -77.48866, 38.268132 ], [ -77.488925, 38.267994 ], [ -77.48918, 38.267852 ], [ -77.489425, 38.267698 ], [ -77.489637, 38.267549 ], [ -77.4898932, 38.2673598 ], [ -77.4901362, 38.2671804 ], [ -77.4903424, 38.2670281 ], [ -77.490593, 38.266843 ], [ -77.4906266, 38.2668155 ], [ -77.490769, 38.266699 ], [ -77.490819, 38.266655 ], [ -77.4909357, 38.2665417 ], [ -77.491025, 38.266455 ], [ -77.4910408, 38.266437 ], [ -77.49122, 38.266233 ], [ -77.491277, 38.26616 ], [ -77.491367, 38.266031 ], [ -77.491465, 38.265863 ], [ -77.491546, 38.26569 ], [ -77.4916171, 38.2654939 ], [ -77.491669, 38.265351 ], [ -77.491752, 38.265072 ], [ -77.491947, 38.264405 ], [ -77.492044, 38.264063 ], [ -77.4921421, 38.2637236 ], [ -77.492212, 38.263482 ], [ -77.492272, 38.263285 ], [ -77.4923747, 38.2628104 ], [ -77.492393, 38.262726 ], [ -77.492414, 38.262575 ], [ -77.4924377, 38.2623996 ], [ -77.492464, 38.262205 ], [ -77.492494, 38.26193 ], [ -77.492503, 38.261853 ], [ -77.4925366, 38.2615922 ], [ -77.492608, 38.261039 ], [ -77.49267, 38.260527 ], [ -77.492682, 38.260433 ], [ -77.492723, 38.260205 ], [ -77.492747, 38.260102 ], [ -77.492783, 38.259974 ], [ -77.492813, 38.259869 ], [ -77.49289, 38.259656 ], [ -77.493011, 38.259357 ], [ -77.493104, 38.259166 ], [ -77.4932125, 38.2589768 ], [ -77.493256, 38.258901 ], [ -77.493402, 38.258682 ], [ -77.493575, 38.258456 ], [ -77.493676, 38.258335 ], [ -77.493791, 38.258206 ], [ -77.493985, 38.258008 ], [ -77.494209, 38.257804 ], [ -77.494309, 38.257718 ], [ -77.494434, 38.25762 ], [ -77.4945035, 38.2575645 ], [ -77.4946644, 38.2574414 ], [ -77.4947833, 38.2573611 ], [ -77.4952232, 38.2570845 ], [ -77.4955855, 38.2568553 ], [ -77.4957125, 38.2567739 ], [ -77.495834, 38.2566955 ], [ -77.4962835, 38.2564048 ], [ -77.4965096, 38.256206 ], [ -77.4969517, 38.2559221 ], [ -77.4972125, 38.2557579 ], [ -77.4973095, 38.2556179 ], [ -77.4974076, 38.2554601 ], [ -77.49749, 38.2552895 ], [ -77.4976124, 38.2550038 ] ], [ [ -77.4717997, 38.317859 ], [ -77.4718249, 38.3179776 ], [ -77.4718507, 38.3180721 ], [ -77.4719375, 38.3182909 ], [ -77.4719471, 38.3183344 ], [ -77.4719466, 38.3183898 ], [ -77.4719359, 38.3184686 ] ], [ [ -77.4648142, 38.3098942 ], [ -77.4647958, 38.309865 ], [ -77.4646467, 38.309628 ], [ -77.4642616, 38.3090162 ], [ -77.4642322, 38.3089695 ], [ -77.4636592, 38.3080613 ], [ -77.46363, 38.308015 ], [ -77.463487, 38.3077865 ], [ -77.4633465, 38.3075619 ], [ -77.4632567, 38.3074183 ], [ -77.4631634, 38.3072692 ], [ -77.463062, 38.307107 ], [ -77.462749, 38.306618 ], [ -77.4625078, 38.3062273 ], [ -77.462486, 38.306192 ], [ -77.4624674, 38.3061625 ], [ -77.4619455, 38.3053307 ], [ -77.4619215, 38.3052953 ], [ -77.4618968, 38.3052565 ], [ -77.4613122, 38.3043401 ], [ -77.4612775, 38.3042857 ], [ -77.4612372, 38.3042194 ], [ -77.460967, 38.303775 ], [ -77.4609106, 38.3036867 ], [ -77.4609037, 38.303676 ], [ -77.4607027, 38.3033616 ], [ -77.460662, 38.303298 ], [ -77.4606274, 38.3032438 ], [ -77.4603724, 38.3028444 ], [ -77.4602336, 38.302627 ], [ -77.4600899, 38.3024018 ], [ -77.4600767, 38.3023812 ], [ -77.460037, 38.302319 ], [ -77.4599973, 38.3022548 ], [ -77.459818, 38.301965 ], [ -77.4594624, 38.3014165 ], [ -77.4594355, 38.301374 ], [ -77.4593812, 38.3012884 ], [ -77.459212, 38.3010215 ], [ -77.4591471, 38.3009192 ], [ -77.4590959, 38.3008378 ], [ -77.45884, 38.3004311 ], [ -77.4588044, 38.3003746 ], [ -77.4587656, 38.3003136 ], [ -77.4586102, 38.3000694 ], [ -77.4585492, 38.2999728 ], [ -77.4582275, 38.2994633 ], [ -77.4581883, 38.2994013 ], [ -77.4581508, 38.2993394 ], [ -77.4579605, 38.2990361 ], [ -77.4576907, 38.2986034 ], [ -77.4576397, 38.2985215 ], [ -77.4576042, 38.2984645 ], [ -77.4575488, 38.2983757 ] ], [ [ -77.4715228, 38.2909304 ], [ -77.4718084, 38.2908905 ], [ -77.4719495, 38.2908543 ], [ -77.472429, 38.2906415 ], [ -77.4725694, 38.2905727 ], [ -77.4728079, 38.2904822 ], [ -77.4734925, 38.2901841 ], [ -77.473788, 38.2900373 ], [ -77.473884, 38.289991 ], [ -77.4741236, 38.2898661 ], [ -77.4741809, 38.2898387 ], [ -77.4742609, 38.2897977 ], [ -77.4743162, 38.2897662 ], [ -77.4743615, 38.2897364 ], [ -77.474461, 38.2896665 ], [ -77.4746085, 38.2895352 ], [ -77.4748328, 38.2893132 ], [ -77.4750446, 38.2891089 ], [ -77.4751125, 38.2890587 ], [ -77.4751825, 38.2890242 ], [ -77.4752493, 38.2889998 ], [ -77.4753164, 38.288985 ], [ -77.4753522, 38.2889819 ], [ -77.4754398, 38.2889743 ], [ -77.475501, 38.2889744 ], [ -77.4755596, 38.2889607 ], [ -77.4756088, 38.2889355 ], [ -77.4756352, 38.2889175 ], [ -77.4756592, 38.2888849 ], [ -77.4756749, 38.2888489 ], [ -77.4756801, 38.2888042 ], [ -77.4756917, 38.288764 ], [ -77.4756983, 38.288724 ], [ -77.4757093, 38.2886892 ], [ -77.4757189, 38.2886651 ], [ -77.4757428, 38.2886313 ], [ -77.4757724, 38.2885977 ], [ -77.4758134, 38.2885581 ], [ -77.4758381, 38.2885208 ], [ -77.4758542, 38.2884777 ], [ -77.4758611, 38.2884495 ], [ -77.4758649, 38.2884339 ], [ -77.4758783, 38.2883292 ], [ -77.475889, 38.2882669 ], [ -77.4759018, 38.2882216 ], [ -77.4759034, 38.2882158 ], [ -77.4759091, 38.2881956 ], [ -77.4759314, 38.2881206 ], [ -77.4759561, 38.288045 ], [ -77.4759812, 38.2879965 ], [ -77.4760258, 38.2879324 ], [ -77.4760843, 38.2878488 ], [ -77.4762187, 38.287704 ], [ -77.4763528, 38.2875634 ], [ -77.4764784, 38.2874235 ], [ -77.476581, 38.2873103 ], [ -77.476657, 38.2872246 ], [ -77.4767527, 38.2871176 ], [ -77.4768865, 38.2869747 ], [ -77.4769793, 38.2868755 ], [ -77.477041, 38.286804 ], [ -77.4771205, 38.2867279 ], [ -77.4772006, 38.2866587 ], [ -77.4772945, 38.2865924 ], [ -77.4774256, 38.2865096 ], [ -77.4774863, 38.2864692 ], [ -77.4775821, 38.2864105 ], [ -77.4779354, 38.2861817 ], [ -77.4780176, 38.2861267 ], [ -77.4782977, 38.2859164 ], [ -77.4783925, 38.2858466 ], [ -77.47848, 38.2857808 ], [ -77.4785801, 38.2857115 ], [ -77.478735, 38.2855825 ], [ -77.478765, 38.2855257 ] ], [ [ -77.4962835, 38.2564048 ], [ -77.4965822, 38.2562713 ], [ -77.4970241, 38.2560007 ], [ -77.4971668, 38.2559119 ], [ -77.4973918, 38.255773 ], [ -77.497477, 38.2557204 ], [ -77.4976626, 38.2555983 ] ] ] }, "id": "relation/1929144" }, { "type": "Feature", "properties": { "@id": "relation/1929240", "description": "US 1 Business (Bel Air, MD)", "distance": "11.1045", "is_in:state": "MD", "modifier": "Business", "network": "US:US:Business", "ref":"US 1 BUS", "route": "road", "type": "route", "wikidata": "Q2214394", "wikipedia": "en:U.S. Route 1 Business (Bel Air, Maryland)" }, "geometry": { "type": "MultiLineString", "coordinates": [ [ [ -76.3489323, 39.536064 ], [ -76.3488682, 39.535961 ], [ -76.3488268, 39.5359048 ], [ -76.3486165, 39.5357116 ], [ -76.3485639, 39.5356897 ], [ -76.3484846, 39.5356573 ], [ -76.3485233, 39.535716 ], [ -76.3485571, 39.5357671 ], [ -76.3487346, 39.535934 ], [ -76.3487746, 39.5359666 ], [ -76.3488213, 39.5359931 ], [ -76.3488769, 39.5360189 ], [ -76.3489323, 39.536064 ], [ -76.3495041, 39.5365752 ], [ -76.3495685, 39.5366346 ], [ -76.3496432, 39.5367014 ], [ -76.3502287, 39.5372245 ], [ -76.3502796, 39.53727 ], [ -76.3503334, 39.5373121 ], [ -76.3504604, 39.5374113 ], [ -76.3505677, 39.5374982 ], [ -76.3506803, 39.5375685 ], [ -76.3507853, 39.5376321 ], [ -76.3508834, 39.5376715 ], [ -76.3513299, 39.5378579 ], [ -76.3514569, 39.5379109 ], [ -76.351581, 39.5379627 ], [ -76.3517441, 39.5380308 ], [ -76.3518375, 39.5380698 ], [ -76.3522282, 39.5382353 ], [ -76.3524299, 39.5383207 ], [ -76.3525619, 39.5383766 ], [ -76.3527222, 39.5384445 ], [ -76.3529327, 39.5385394 ], [ -76.3530419, 39.5385815 ], [ -76.353073, 39.5385936 ], [ -76.3531755, 39.5386491 ], [ -76.3536619, 39.5388217 ], [ -76.3539484, 39.53895 ], [ -76.3542142, 39.539069 ], [ -76.3547368, 39.5393029 ], [ -76.3546301, 39.5393585 ], [ -76.354558, 39.539396 ], [ -76.3539921, 39.5397617 ], [ -76.3538433, 39.5398579 ], [ -76.3536489, 39.5399845 ], [ -76.3535729, 39.540034 ], [ -76.3530069, 39.5404024 ], [ -76.3528179, 39.5405254 ], [ -76.3527466, 39.5405704 ], [ -76.3521183, 39.5409671 ], [ -76.3520565, 39.5410061 ], [ -76.3515342, 39.5413346 ], [ -76.3509426, 39.5417067 ], [ -76.3506369, 39.541899 ], [ -76.3505806, 39.5419349 ], [ -76.3504111, 39.5420431 ], [ -76.3501944, 39.5421814 ], [ -76.3501472, 39.5422116 ], [ -76.350043, 39.5422781 ], [ -76.349751, 39.542458 ], [ -76.3496048, 39.5425332 ], [ -76.3494874, 39.5425468 ], [ -76.3494973, 39.5430377 ], [ -76.3494999, 39.5431646 ], [ -76.3495004, 39.5431914 ], [ -76.3495068, 39.5435823 ], [ -76.3495158, 39.5439421 ], [ -76.3495091, 39.5440921 ], [ -76.3495131, 39.5441666 ], [ -76.3495199, 39.5444157 ], [ -76.3495282, 39.5446656 ], [ -76.3495338, 39.5448347 ], [ -76.349544, 39.5451395 ], [ -76.3495464, 39.5452124 ], [ -76.3495898, 39.5459635 ], [ -76.3495953, 39.5463391 ], [ -76.3496086, 39.5465764 ], [ -76.3496221, 39.5467832 ], [ -76.3496235, 39.5468051 ], [ -76.349625, 39.5468849 ], [ -76.3496301, 39.5471535 ], [ -76.3496337, 39.5473248 ], [ -76.3496361, 39.5474336 ], [ -76.3496383, 39.5474709 ], [ -76.3496466, 39.5476114 ], [ -76.3496593, 39.548025 ], [ -76.3497142, 39.5482515 ], [ -76.3497216, 39.548282 ], [ -76.3497765, 39.5484484 ], [ -76.349796, 39.5484854 ], [ -76.3498452, 39.5485788 ], [ -76.3498939, 39.5486662 ], [ -76.3500046, 39.5488646 ], [ -76.3502935, 39.5493421 ], [ -76.3504475, 39.5495996 ], [ -76.3506066, 39.5498896 ], [ -76.3506929, 39.5500433 ], [ -76.3507448, 39.5501358 ], [ -76.3511364, 39.5508085 ], [ -76.3513796, 39.5512229 ], [ -76.3514727, 39.5513813 ], [ -76.3518589, 39.5520121 ], [ -76.3520528, 39.5523015 ], [ -76.3522635, 39.5526338 ], [ -76.3525895, 39.5531117 ], [ -76.3527491, 39.5533399 ], [ -76.3532407, 39.5539499 ], [ -76.3534636, 39.5542444 ], [ -76.3536044, 39.5544465 ], [ -76.3536896, 39.5545956 ], [ -76.3537047, 39.5546267 ], [ -76.3537544, 39.5547296 ], [ -76.353801, 39.5548556 ], [ -76.353885, 39.5551026 ], [ -76.3539028, 39.5551551 ], [ -76.3540008, 39.5554489 ], [ -76.3540698, 39.5556911 ], [ -76.3540977, 39.5558163 ], [ -76.3541136, 39.5558876 ], [ -76.3541158, 39.5558996 ], [ -76.3541333, 39.5559953 ], [ -76.3541466, 39.5560682 ], [ -76.3541482, 39.5562027 ], [ -76.3541475, 39.5563549 ], [ -76.3541264, 39.5565003 ], [ -76.3540943, 39.5566543 ], [ -76.3540546, 39.5567671 ], [ -76.353992, 39.5569305 ], [ -76.3539216, 39.5570408 ], [ -76.3538819, 39.557103 ], [ -76.3538277, 39.5571865 ], [ -76.3537246, 39.5573454 ], [ -76.3535823, 39.5575632 ], [ -76.3534783, 39.5577327 ], [ -76.3534004, 39.5578699 ], [ -76.3533214, 39.5580209 ], [ -76.3532531, 39.5582798 ], [ -76.3532364, 39.5583785 ], [ -76.3532213, 39.5585096 ], [ -76.3531972, 39.5588682 ], [ -76.3531852, 39.5590208 ], [ -76.3531392, 39.5594676 ], [ -76.3530779, 39.5598747 ], [ -76.3529584, 39.5605417 ], [ -76.352932, 39.5607493 ], [ -76.3529166, 39.5608704 ], [ -76.352906, 39.5611866 ], [ -76.3529058, 39.5611932 ], [ -76.3529255, 39.5614715 ], [ -76.3529296, 39.5615116 ], [ -76.352961, 39.5618201 ], [ -76.3529708, 39.5619332 ], [ -76.3531417, 39.5630826 ], [ -76.3531996, 39.5635763 ], [ -76.3532401, 39.563897 ], [ -76.3533173, 39.5645572 ], [ -76.3533358, 39.5647155 ], [ -76.3533684, 39.5650243 ], [ -76.3534355, 39.5651746 ], [ -76.3534965, 39.5654182 ], [ -76.3535833, 39.5658471 ], [ -76.3536335, 39.5662519 ], [ -76.3536502, 39.566419 ], [ -76.353672, 39.5665888 ], [ -76.3536503, 39.5668486 ], [ -76.3536999, 39.5670281 ], [ -76.3538632, 39.5676197 ], [ -76.3539208, 39.5678284 ], [ -76.3540302, 39.5681772 ], [ -76.3541027, 39.5684084 ], [ -76.354173, 39.5687116 ], [ -76.3542219, 39.5689677 ], [ -76.354225, 39.568984 ], [ -76.354247, 39.5691579 ], [ -76.3542606, 39.5693041 ], [ -76.3542691, 39.569449 ], [ -76.3542696, 39.5696842 ], [ -76.3542698, 39.5697818 ], [ -76.3542703, 39.5700328 ], [ -76.3542718, 39.5707453 ], [ -76.3542727, 39.5711511 ], [ -76.3542561, 39.5713537 ], [ -76.3542176, 39.5716602 ], [ -76.3542011, 39.5718139 ], [ -76.3541915, 39.5718824 ], [ -76.35418, 39.5719811 ], [ -76.35415, 39.5722 ], [ -76.3541382, 39.5723868 ], [ -76.354129, 39.572526 ], [ -76.3541258, 39.5726092 ], [ -76.354126, 39.5727774 ], [ -76.3541371, 39.5731968 ], [ -76.3541363, 39.5734382 ], [ -76.3541265, 39.5735468 ], [ -76.3541177, 39.57361 ], [ -76.3540953, 39.5737095 ], [ -76.3540673, 39.573789 ], [ -76.3540356, 39.5738684 ], [ -76.3539816, 39.5739724 ], [ -76.3539115, 39.574073 ], [ -76.3538152, 39.5741908 ], [ -76.3537188, 39.5742994 ], [ -76.3535888, 39.5744317 ], [ -76.353433, 39.5745627 ], [ -76.353238, 39.5747154 ], [ -76.3525252, 39.575268 ], [ -76.3522271, 39.5754969 ], [ -76.3521411, 39.5755629 ], [ -76.3520967, 39.575597 ], [ -76.3514543, 39.57609 ], [ -76.35055, 39.5768107 ], [ -76.3504538, 39.5768778 ], [ -76.3503668, 39.5769343 ], [ -76.3502535, 39.5769908 ], [ -76.3500698, 39.5770633 ], [ -76.3498751, 39.5771279 ], [ -76.3482062, 39.5776537 ], [ -76.3469939, 39.5780356 ], [ -76.3468465, 39.5780821 ], [ -76.3462447, 39.5782717 ], [ -76.3457717, 39.5784207 ], [ -76.3455944, 39.5784766 ], [ -76.3452087, 39.5785981 ], [ -76.3449582, 39.5786632 ], [ -76.3446874, 39.5787309 ], [ -76.3443346, 39.5788114 ], [ -76.3441699, 39.5788451 ], [ -76.3438596, 39.578901 ], [ -76.3435976, 39.5789433 ], [ -76.3434573, 39.5789626 ], [ -76.34313, 39.579015 ], [ -76.3429681, 39.5790436 ], [ -76.3427668, 39.5790842 ], [ -76.3425962, 39.579123 ], [ -76.3424604, 39.5791551 ], [ -76.3422854, 39.5792 ], [ -76.3421096, 39.5792469 ], [ -76.3417676, 39.5793486 ], [ -76.3415421, 39.5794128 ], [ -76.3410914, 39.579541 ], [ -76.3406112, 39.5796841 ], [ -76.3395122, 39.5800065 ], [ -76.3388703, 39.5801982 ], [ -76.3375614, 39.5805957 ], [ -76.3373801, 39.5806547 ], [ -76.3368826, 39.5808063 ], [ -76.3368094, 39.5808245 ], [ -76.3367308, 39.5808424 ], [ -76.3366575, 39.5808515 ], [ -76.3365895, 39.5808526 ], [ -76.3365297, 39.5808497 ], [ -76.3364834, 39.5808444 ], [ -76.3364134, 39.5808304 ], [ -76.3363322, 39.5808042 ], [ -76.3362185, 39.5807555 ], [ -76.3360764, 39.5806897 ] ], [ [ -76.3814896, 39.5075138 ], [ -76.3813622, 39.5076606 ], [ -76.3813062, 39.5077752 ], [ -76.3812598, 39.5078387 ], [ -76.3811517, 39.507963 ], [ -76.3811055, 39.5079872 ], [ -76.3810385, 39.5080273 ], [ -76.3810154, 39.5080586 ], [ -76.3809727, 39.5081318 ], [ -76.3809078, 39.5081996 ], [ -76.3808292, 39.5082799 ], [ -76.3806776, 39.5084353 ], [ -76.380325, 39.5087956 ], [ -76.3802156, 39.5089101 ], [ -76.3801129, 39.5090073 ], [ -76.3800065, 39.5090974 ], [ -76.3798866, 39.5091971 ], [ -76.3797687, 39.5092912 ], [ -76.379672, 39.5093644 ], [ -76.3795691, 39.5094376 ], [ -76.3794457, 39.509518 ], [ -76.37936, 39.509571 ], [ -76.3792016, 39.5096591 ], [ -76.3790427, 39.5097416 ], [ -76.378902, 39.5098082 ], [ -76.3787603, 39.5098709 ], [ -76.3785938, 39.5099398 ], [ -76.3784411, 39.5100029 ], [ -76.3782678, 39.5100694 ], [ -76.3778773, 39.510215 ], [ -76.3765869, 39.5107014 ], [ -76.3760731, 39.5108974 ], [ -76.3755666, 39.5110906 ], [ -76.375308, 39.5111892 ], [ -76.3751304, 39.511257 ], [ -76.3743314, 39.5115618 ], [ -76.3740292, 39.5116796 ], [ -76.3735341, 39.5118727 ], [ -76.3733545, 39.51195 ], [ -76.3732634, 39.5119901 ], [ -76.3731591, 39.5120403 ], [ -76.3730298, 39.5121083 ], [ -76.3729248, 39.5121685 ], [ -76.3728081, 39.5122413 ], [ -76.3726918, 39.5123184 ], [ -76.3725167, 39.5124424 ], [ -76.3723863, 39.5125394 ], [ -76.3722885, 39.5126181 ], [ -76.3721982, 39.5126998 ], [ -76.3721124, 39.5127865 ], [ -76.3720401, 39.5128693 ], [ -76.3719679, 39.5129569 ], [ -76.3716303, 39.5133995 ], [ -76.3712832, 39.5138658 ], [ -76.3711441, 39.5140439 ], [ -76.3710052, 39.5142183 ], [ -76.3708862, 39.5143544 ], [ -76.3707943, 39.5144509 ], [ -76.3706978, 39.5145477 ], [ -76.3706004, 39.5146365 ], [ -76.3704887, 39.5147263 ], [ -76.370379, 39.5148112 ], [ -76.3702495, 39.5149017 ], [ -76.3701265, 39.5149778 ], [ -76.3700052, 39.5150495 ], [ -76.3698777, 39.5151165 ], [ -76.3697463, 39.5151814 ], [ -76.369602, 39.5152449 ], [ -76.369456, 39.5153052 ], [ -76.3691259, 39.5154365 ], [ -76.3688132, 39.5155574 ], [ -76.3686234, 39.5156322 ], [ -76.3681462, 39.5158201 ], [ -76.3666337, 39.5164113 ], [ -76.3661107, 39.5166141 ], [ -76.3650415, 39.5170272 ], [ -76.3640161, 39.5174193 ], [ -76.3638285, 39.5174904 ], [ -76.3634887, 39.5176001 ], [ -76.3633317, 39.5176651 ], [ -76.3629847, 39.5178351 ], [ -76.3626657, 39.5180191 ], [ -76.3623327, 39.5182641 ], [ -76.3622727, 39.5183071 ], [ -76.3621387, 39.5184191 ], [ -76.3618352, 39.5187039 ], [ -76.3616457, 39.5188971 ], [ -76.3615807, 39.5189654 ], [ -76.361135, 39.5194513 ], [ -76.3610878, 39.5195003 ], [ -76.3610328, 39.5195566 ], [ -76.3609668, 39.5196281 ], [ -76.3604515, 39.5201921 ], [ -76.3601179, 39.5205408 ], [ -76.3599408, 39.5207289 ], [ -76.3598553, 39.5208131 ], [ -76.3597066, 39.5209747 ], [ -76.3596793, 39.5210032 ], [ -76.3594974, 39.5211918 ], [ -76.3593578, 39.5213345 ], [ -76.359326, 39.5213659 ], [ -76.3592722, 39.521421 ], [ -76.359166, 39.5215298 ], [ -76.3589153, 39.5217864 ], [ -76.3585673, 39.5221413 ], [ -76.3583584, 39.5223604 ], [ -76.3581943, 39.5225286 ], [ -76.3580736, 39.5226467 ], [ -76.3579165, 39.5228067 ], [ -76.3577685, 39.5229554 ], [ -76.3577253, 39.5229975 ], [ -76.357696, 39.5230301 ], [ -76.3573372, 39.5234157 ], [ -76.3571207, 39.5236393 ], [ -76.3570188, 39.5237281 ], [ -76.3569532, 39.5237893 ], [ -76.356895, 39.5238436 ], [ -76.3566618, 39.524071 ], [ -76.3565991, 39.5241369 ], [ -76.3565306, 39.5242046 ], [ -76.3564477, 39.5242895 ], [ -76.3562752, 39.5244645 ], [ -76.3560107, 39.5247304 ], [ -76.3560197, 39.5248404 ], [ -76.3559255, 39.5249436 ], [ -76.3557801, 39.5250979 ], [ -76.3557261, 39.5251515 ], [ -76.3555977, 39.5252799 ], [ -76.3552754, 39.5255986 ], [ -76.3549502, 39.5259383 ], [ -76.3546464, 39.5262282 ], [ -76.3545697, 39.526311 ], [ -76.354508, 39.5263811 ], [ -76.3544277, 39.5264637 ], [ -76.3543681, 39.5265164 ], [ -76.3543379, 39.526543 ], [ -76.3540945, 39.5267246 ], [ -76.3540419, 39.5267827 ], [ -76.3538095, 39.5270348 ], [ -76.353705, 39.5271519 ], [ -76.3534239, 39.5274486 ], [ -76.3533718, 39.5274984 ], [ -76.3529554, 39.5279448 ], [ -76.3529002, 39.5280043 ], [ -76.3528121, 39.5281027 ], [ -76.3527476, 39.528171 ], [ -76.3526651, 39.5282539 ], [ -76.3525957, 39.5283149 ], [ -76.3525547, 39.5283547 ], [ -76.3524067, 39.5285091 ], [ -76.3522881, 39.5286388 ], [ -76.3522657, 39.5286636 ], [ -76.3518926, 39.5290704 ], [ -76.3517708, 39.5291805 ], [ -76.3517142, 39.5292378 ], [ -76.3513502, 39.5296065 ], [ -76.3511166, 39.529845 ], [ -76.3510574, 39.5299054 ], [ -76.3510275, 39.529936 ], [ -76.3508997, 39.5300627 ], [ -76.3508852, 39.5300793 ], [ -76.3508686, 39.5301018 ], [ -76.3506793, 39.5302863 ], [ -76.350587, 39.5303799 ], [ -76.3503765, 39.5305935 ], [ -76.3502728, 39.5306987 ], [ -76.3500836, 39.5308906 ], [ -76.3500115, 39.5309637 ], [ -76.3499483, 39.5310279 ], [ -76.349894, 39.531083 ], [ -76.3497494, 39.5312296 ], [ -76.3496344, 39.5313463 ], [ -76.3495639, 39.5314178 ], [ -76.3493934, 39.5315908 ], [ -76.3493653, 39.5316193 ], [ -76.3492396, 39.5317468 ], [ -76.349171, 39.5318125 ], [ -76.3490386, 39.5319506 ], [ -76.3490213, 39.5320745 ], [ -76.3490126, 39.5321323 ], [ -76.3490107, 39.5321811 ], [ -76.3490148, 39.532208 ], [ -76.3490181, 39.5322305 ], [ -76.3490321, 39.532271 ], [ -76.349059, 39.5323201 ], [ -76.3491956, 39.5325051 ], [ -76.3492244, 39.5325302 ], [ -76.3493511, 39.5326327 ], [ -76.3494849, 39.5327442 ], [ -76.3496019, 39.5328505 ], [ -76.3496649, 39.5329361 ], [ -76.3496844, 39.5330001 ], [ -76.3496891, 39.5330461 ], [ -76.3496876, 39.5330887 ], [ -76.3496801, 39.5331209 ], [ -76.3496722, 39.53315 ], [ -76.3496494, 39.5331893 ], [ -76.3496081, 39.5332371 ], [ -76.3495397, 39.533292 ], [ -76.3493585, 39.5334152 ], [ -76.3493312, 39.5334336 ], [ -76.3493242, 39.5334382 ], [ -76.3485799, 39.5339243 ], [ -76.3485285, 39.5339711 ], [ -76.3485236, 39.533978 ], [ -76.348472, 39.5340592 ], [ -76.3485715, 39.5341516 ], [ -76.3488772, 39.5344352 ], [ -76.3491726, 39.5347086 ], [ -76.3491818, 39.5347171 ], [ -76.3491963, 39.5347307 ], [ -76.3494227, 39.5349436 ], [ -76.3494922, 39.535009 ], [ -76.3496797, 39.5351732 ], [ -76.3498731, 39.535346 ], [ -76.3499536, 39.5354211 ], [ -76.3501681, 39.5356215 ], [ -76.3504015, 39.5358439 ], [ -76.3505112, 39.5359484 ], [ -76.3505521, 39.5359874 ], [ -76.350605, 39.5360366 ], [ -76.3508124, 39.5362296 ], [ -76.3510109, 39.5364143 ], [ -76.3512267, 39.5366151 ], [ -76.3512991, 39.5366814 ], [ -76.3513923, 39.5367667 ], [ -76.3515195, 39.5368832 ], [ -76.3515705, 39.5369296 ], [ -76.3517739, 39.5371148 ], [ -76.3518188, 39.5371562 ], [ -76.3520488, 39.5373683 ], [ -76.352285, 39.5375861 ], [ -76.3523224, 39.5376207 ], [ -76.3524871, 39.5377725 ], [ -76.3528481, 39.5381054 ], [ -76.3529932, 39.5382542 ], [ -76.3530435, 39.5383044 ], [ -76.3530937, 39.5383543 ], [ -76.3531692, 39.5384295 ], [ -76.3532444, 39.5384905 ], [ -76.353326, 39.5385733 ], [ -76.3533796, 39.5386171 ], [ -76.3534329, 39.5386586 ], [ -76.3534871, 39.5386924 ], [ -76.3535603, 39.5387396 ], [ -76.3536619, 39.5388217 ] ], [ [ -76.3809727, 39.5081318 ], [ -76.3810945, 39.5081017 ], [ -76.3811952, 39.5080518 ], [ -76.3813043, 39.5080002 ], [ -76.3814403, 39.5078983 ] ], [ [ -76.3560107, 39.5247304 ], [ -76.3559128, 39.524774 ], [ -76.3558417, 39.5248286 ], [ -76.3557665, 39.5249123 ], [ -76.3556632, 39.5250163 ], [ -76.3554929, 39.5251915 ], [ -76.3553572, 39.5253353 ], [ -76.355188, 39.5255144 ], [ -76.3550169, 39.5256983 ], [ -76.354845, 39.5258723 ], [ -76.3545536, 39.526176 ], [ -76.354485, 39.5262455 ], [ -76.3543392, 39.5263994 ], [ -76.3542764, 39.526459 ], [ -76.3542598, 39.5264758 ], [ -76.3540945, 39.5267246 ] ], [ [ -76.3490386, 39.5319506 ], [ -76.3488111, 39.5321796 ], [ -76.3484393, 39.5325722 ], [ -76.3483236, 39.5326944 ], [ -76.3480859, 39.5329454 ], [ -76.3477994, 39.5332479 ], [ -76.3477051, 39.5333474 ], [ -76.3476451, 39.5334226 ], [ -76.3476349, 39.5334316 ], [ -76.3475635, 39.5334951 ], [ -76.3474993, 39.533552 ], [ -76.3474093, 39.5336243 ], [ -76.3473965, 39.5336337 ], [ -76.3470929, 39.5338572 ], [ -76.3468001, 39.5340495 ], [ -76.3468946, 39.5341302 ], [ -76.3471371, 39.5343661 ], [ -76.3472785, 39.5345037 ], [ -76.3475135, 39.5347324 ], [ -76.3475582, 39.5347759 ], [ -76.347646, 39.5348564 ], [ -76.3478143, 39.5350081 ], [ -76.348005, 39.5351916 ], [ -76.3483395, 39.5355134 ], [ -76.3484439, 39.5356102 ], [ -76.3484846, 39.5356573 ] ], [ [ -76.3533684, 39.5650243 ], [ -76.3533546, 39.5652422 ], [ -76.3533825, 39.5654816 ], [ -76.3534265, 39.5658587 ], [ -76.3534846, 39.5662659 ], [ -76.3535491, 39.5666269 ], [ -76.3536503, 39.5668486 ] ] ] }, "id": "relation/1929240" }, { "type": "Feature", "properties": { "@id": "relation/1929685", "description": "US 1 Business (Louisville, GA)", "is_in:state": "GA", "modifier": "Business", "network": "US:US:Business", "ref":"US 1 BUS", "route": "road", "type": "route" }, "geometry": { "type": "MultiLineString", "coordinates": [ [ [ -82.3925181, 32.9868912 ], [ -82.3926225, 32.9868957 ], [ -82.3929014, 32.9868904 ], [ -82.3932958, 32.986883 ], [ -82.3934559, 32.9868852 ], [ -82.3937728, 32.9869287 ], [ -82.3940067, 32.9869889 ], [ -82.394139, 32.987028 ], [ -82.3942635, 32.9870805 ], [ -82.3943726, 32.9871345 ], [ -82.3944808, 32.9871889 ], [ -82.3946953, 32.9873077 ], [ -82.395106, 32.987667 ], [ -82.395785, 32.988248 ], [ -82.396741, 32.989064 ], [ -82.3976004, 32.9897847 ], [ -82.399102, 32.991081 ], [ -82.401727, 32.99331 ], [ -82.404238, 32.995441 ], [ -82.404531, 32.99569 ], [ -82.405639, 32.996727 ], [ -82.40652, 32.997493 ], [ -82.407485, 32.998229 ], [ -82.4084217, 32.999061 ], [ -82.408585, 32.999194 ], [ -82.408831, 32.999374 ], [ -82.409391, 32.999837 ], [ -82.409729, 33.000118 ], [ -82.410399, 33.000723 ], [ -82.4110719, 33.0013057 ], [ -82.411391, 33.001582 ], [ -82.410876, 33.001766 ], [ -82.410783, 33.001831 ], [ -82.4102842, 33.0022532 ], [ -82.40933, 33.003034 ], [ -82.4083531, 33.0038056 ], [ -82.4071434, 33.004761 ], [ -82.407075, 33.004815 ], [ -82.406502, 33.005316 ], [ -82.406084, 33.005636 ], [ -82.405383, 33.006186 ], [ -82.405082, 33.006473 ], [ -82.404729, 33.006866 ], [ -82.404601, 33.007275 ], [ -82.404517, 33.00772 ], [ -82.404457, 33.008687 ], [ -82.404368, 33.009442 ], [ -82.4043464, 33.0099076 ], [ -82.404332, 33.0102166 ], [ -82.4043172, 33.01046 ], [ -82.404231, 33.011881 ], [ -82.4041671, 33.0140914 ], [ -82.4040136, 33.0143694 ], [ -82.403651, 33.0147339 ], [ -82.4031747, 33.0150183 ] ], [ [ -82.3929014, 32.9868904 ], [ -82.3927828, 32.9868529 ], [ -82.3927092, 32.9868162 ], [ -82.3926218, 32.9867644 ], [ -82.3925545, 32.9867164 ], [ -82.3924664, 32.9866312 ] ], [ [ -82.4084217, 32.999061 ], [ -82.408511, 32.99935 ], [ -82.408558, 32.999468 ], [ -82.408696, 32.999614 ], [ -82.409194, 33.00002 ], [ -82.40982, 33.000569 ], [ -82.409838, 33.000585 ], [ -82.409924, 33.000669 ], [ -82.409951, 33.000686 ], [ -82.410123, 33.000737 ], [ -82.410274, 33.000735 ], [ -82.410399, 33.000723 ] ], [ [ -82.4110719, 33.0013057 ], [ -82.4111171, 33.0014158 ], [ -82.4111159, 33.0014988 ], [ -82.411061, 33.0015767 ], [ -82.4109633, 33.0016707 ], [ -82.410876, 33.001766 ] ] ] }, "id": "relation/1929685" }, { "type": "Feature", "properties": { "@id": "relation/1929686", "description": "US 1 Business (Swainsboro, GA)", "distance": "7 mi", "modifier": "Business", "network": "US:US:Business", "ref":"US 1 BUS", "route": "road", "type": "route" }, "geometry": { "type": "MultiLineString", "coordinates": [ [ [ -82.3661649, 32.6429149 ], [ -82.3659498, 32.6428853 ], [ -82.3658682, 32.6428734 ], [ -82.3655689, 32.6428187 ], [ -82.365495, 32.6428002 ], [ -82.3653824, 32.642772 ], [ -82.3651993, 32.6427165 ], [ -82.3650202, 32.6426525 ], [ -82.3648581, 32.6425856 ], [ -82.3647003, 32.6425117 ], [ -82.3645473, 32.642431 ], [ -82.3642714, 32.6422397 ], [ -82.3640062, 32.6420269 ], [ -82.363612, 32.641624 ], [ -82.363272, 32.641185 ], [ -82.3628261, 32.6405831 ], [ -82.3624836, 32.6400846 ], [ -82.3616193, 32.6387426 ], [ -82.3610872, 32.6379199 ], [ -82.35954, 32.635528 ], [ -82.3589649, 32.6346943 ], [ -82.358845, 32.6345204 ], [ -82.35868, 32.6342593 ], [ -82.3566369, 32.631025 ], [ -82.3552434, 32.6288279 ], [ -82.3552048, 32.6287517 ], [ -82.355028, 32.6284723 ], [ -82.3540098, 32.6268925 ], [ -82.3530613, 32.6253643 ], [ -82.3528663, 32.6250668 ], [ -82.3513873, 32.6227513 ], [ -82.3511013, 32.6222948 ], [ -82.3492903, 32.6194893 ], [ -82.3473937, 32.6165171 ], [ -82.3465403, 32.6151774 ], [ -82.3426128, 32.6090577 ], [ -82.3418441, 32.6078557 ], [ -82.3401887, 32.6054715 ], [ -82.339044, 32.603985 ], [ -82.338296, 32.602992 ], [ -82.3377735, 32.6021524 ], [ -82.3370092, 32.6011134 ], [ -82.336405, 32.600292 ], [ -82.3358951, 32.5995883 ], [ -82.3347848, 32.5981072 ], [ -82.3341911, 32.5972894 ], [ -82.333905, 32.5969 ], [ -82.3337809, 32.5967358 ], [ -82.3336584, 32.5965736 ], [ -82.3331323, 32.5958773 ], [ -82.3322671, 32.5948167 ], [ -82.3322528, 32.5948021 ], [ -82.331198, 32.593611 ], [ -82.330443, 32.592688 ], [ -82.329496, 32.591662 ], [ -82.329188, 32.5913388 ], [ -82.3284933, 32.5906099 ], [ -82.328154, 32.590254 ], [ -82.3274078, 32.589524 ], [ -82.3265784, 32.5887126 ], [ -82.325114, 32.58728 ], [ -82.324599, 32.586799 ], [ -82.324203, 32.586452 ], [ -82.323773, 32.586097 ], [ -82.3230772, 32.5855826 ], [ -82.322489, 32.5851478 ], [ -82.3216424, 32.5845219 ], [ -82.320954, 32.584013 ], [ -82.319287, 32.582726 ], [ -82.318764, 32.582217 ], [ -82.3184229, 32.5817719 ], [ -82.3176423, 32.580651 ], [ -82.3172486, 32.5799009 ], [ -82.3169149, 32.5789546 ], [ -82.3167238, 32.5779866 ], [ -82.3166821, 32.577281 ], [ -82.3167002, 32.5768823 ], [ -82.3167795, 32.574306 ], [ -82.3168289, 32.5729858 ], [ -82.3168777, 32.5718358 ], [ -82.3168952, 32.5714247 ], [ -82.3169575, 32.5699567 ], [ -82.316989, 32.568626 ], [ -82.317028, 32.567332 ], [ -82.317035, 32.566634 ], [ -82.317079, 32.565874 ], [ -82.317162, 32.563991 ], [ -82.317194, 32.563279 ], [ -82.317215, 32.56301 ], [ -82.317229, 32.562834 ], [ -82.317367, 32.562026 ], [ -82.317485, 32.561594 ], [ -82.317844, 32.560524 ], [ -82.317958, 32.560223 ], [ -82.318365, 32.559148 ], [ -82.318485, 32.558833 ], [ -82.31866, 32.558273 ], [ -82.318716, 32.557994 ], [ -82.318727, 32.557713 ], [ -82.318718, 32.557114 ], [ -82.318698, 32.556917 ], [ -82.318663, 32.556762 ], [ -82.318497, 32.55625 ], [ -82.31827, 32.555515 ], [ -82.318068, 32.554764 ], [ -82.317604, 32.553233 ], [ -82.317159, 32.551793 ], [ -82.316879, 32.550841 ], [ -82.316258, 32.548803 ], [ -82.3160826, 32.548139 ], [ -82.315017, 32.544691 ], [ -82.3148122, 32.5438989 ], [ -82.3148015, 32.5435462 ], [ -82.3148596, 32.5432204 ], [ -82.3148803, 32.5431099 ], [ -82.3149084, 32.5430006 ], [ -82.3149437, 32.5428927 ], [ -82.3149867, 32.5427854 ], [ -82.3150369, 32.5426804 ], [ -82.3152137, 32.5423182 ], [ -82.3152483, 32.5422425 ], [ -82.3153423, 32.542048 ] ], [ [ -82.365495, 32.6428002 ], [ -82.3657599, 32.6428983 ], [ -82.3658243, 32.6429457 ], [ -82.365886, 32.643009 ], [ -82.3659612, 32.6431716 ] ] ] }, "id": "relation/1929686" }, { "type": "Feature", "properties": { "@id": "relation/1929687", "description": "US 1 Business (Wadley, GA)", "is_in:state": "GA", "modifier": "Business", "network": "US:US:Business", "ref":"US 1 BUS", "route": "road", "type": "route" }, "geometry": { "type": "MultiLineString", "coordinates": [ [ [ -82.398523, 32.843579 ], [ -82.398942, 32.8436307 ], [ -82.399256, 32.8436694 ], [ -82.3997376, 32.8437995 ], [ -82.4002283, 32.8440051 ], [ -82.4006953, 32.844277 ], [ -82.4011623, 32.8446773 ], [ -82.4015517, 32.8452324 ], [ -82.401915, 32.846089 ], [ -82.4029035, 32.8482218 ], [ -82.4032399, 32.8489623 ], [ -82.4033396, 32.8492126 ], [ -82.4034529, 32.8495218 ], [ -82.4035555, 32.849858 ], [ -82.4036734, 32.8502929 ], [ -82.4037666, 32.8507294 ], [ -82.4037889, 32.8509509 ], [ -82.4038189, 32.8513101 ], [ -82.4039581, 32.8527322 ], [ -82.40401, 32.853413 ], [ -82.404028, 32.853617 ], [ -82.4041548, 32.8547277 ], [ -82.4042062, 32.8551771 ], [ -82.404226, 32.8555031 ], [ -82.404298, 32.856686 ], [ -82.404326, 32.857008 ], [ -82.404422, 32.858074 ], [ -82.404475, 32.858601 ], [ -82.40451, 32.858947 ], [ -82.404667, 32.860951 ], [ -82.404763, 32.8617689 ], [ -82.4047937, 32.8620727 ], [ -82.4047957, 32.8621093 ], [ -82.4048048, 32.8622741 ], [ -82.404793, 32.862932 ], [ -82.404729, 32.864573 ], [ -82.404615, 32.866407 ], [ -82.404559, 32.8675663 ], [ -82.404538, 32.8683306 ], [ -82.4044863, 32.8697488 ], [ -82.404358, 32.870708 ], [ -82.404284, 32.871322 ], [ -82.40419, 32.872219 ], [ -82.404053, 32.873179 ], [ -82.403901, 32.874681 ], [ -82.403866, 32.875076 ], [ -82.403816, 32.875526 ], [ -82.403649, 32.877049 ], [ -82.4035, 32.878164 ], [ -82.403371, 32.879177 ], [ -82.403327, 32.8796 ], [ -82.4032531, 32.8803212 ], [ -82.403249, 32.8803768 ], [ -82.403069, 32.881731 ], [ -82.403062, 32.8818005 ], [ -82.4029625, 32.8827956 ], [ -82.4029258, 32.8831002 ], [ -82.402782, 32.884224 ], [ -82.4027, 32.884957 ], [ -82.4025648, 32.8861354 ], [ -82.4024462, 32.8870653 ], [ -82.4023996, 32.8873786 ], [ -82.4022745, 32.8880703 ], [ -82.4018513, 32.8900586 ], [ -82.4013742, 32.8904392 ], [ -82.4002105, 32.8907737 ] ], [ [ -82.398942, 32.8436307 ], [ -82.3987663, 32.843526 ], [ -82.3986979, 32.8434356 ], [ -82.3986783, 32.843337 ], [ -82.3986694, 32.8432011 ] ] ] }, "id": "relation/1929687" }, { "type": "Feature", "properties": { "@id": "relation/1929689", "description": "US 1 Business (Waycross, GA)", "is_in:state": "GA", "modifier": "Business", "network": "US:US:Business", "ref":"US 1 BUS", "route": "road", "type": "route" }, "geometry": { "type": "MultiLineString", "coordinates": [ [ [ -82.3366194, 31.2062226 ], [ -82.3367376, 31.2064468 ], [ -82.3368264, 31.206634 ], [ -82.3368687, 31.2067259 ], [ -82.3369293, 31.2068562 ], [ -82.3369874, 31.2069707 ], [ -82.33706, 31.2071137 ], [ -82.3371605, 31.2072613 ], [ -82.3372699, 31.2073987 ], [ -82.3373784, 31.207515 ], [ -82.3375262, 31.2076525 ], [ -82.3376455, 31.207752 ], [ -82.3378003, 31.2078607 ], [ -82.3379363, 31.2079433 ], [ -82.338095, 31.2080319 ], [ -82.3381995, 31.2080833 ], [ -82.3383434, 31.2081372 ], [ -82.33851, 31.2081946 ], [ -82.3387722, 31.2082738 ], [ -82.3396061, 31.2085158 ], [ -82.3399617, 31.208566 ], [ -82.34115, 31.20892 ], [ -82.343316, 31.209552 ], [ -82.344086, 31.209781 ], [ -82.3441466, 31.2097986 ], [ -82.344645, 31.209943 ], [ -82.3452874, 31.2101217 ], [ -82.345965, 31.210327 ], [ -82.3467313, 31.2105499 ], [ -82.346938, 31.21061 ], [ -82.347365, 31.210736 ], [ -82.347544, 31.210788 ], [ -82.348093, 31.210933 ], [ -82.348725, 31.211062 ], [ -82.34925, 31.211142 ], [ -82.349435, 31.211171 ], [ -82.349965, 31.211222 ], [ -82.350556, 31.211234 ], [ -82.351956, 31.211278 ], [ -82.3521893, 31.2112851 ], [ -82.3527015, 31.2113008 ], [ -82.3534808, 31.2113285 ], [ -82.353952, 31.211339 ], [ -82.3543165, 31.2113472 ], [ -82.354668, 31.211357 ], [ -82.354921, 31.211389 ], [ -82.355104, 31.211456 ], [ -82.355685, 31.211969 ], [ -82.3558569, 31.2121199 ], [ -82.355566, 31.2123373 ], [ -82.3544725, 31.2131446 ], [ -82.3541255, 31.2134008 ], [ -82.3538514, 31.2136197 ], [ -82.3536763, 31.2137594 ], [ -82.353464, 31.213929 ], [ -82.3539815, 31.2144016 ], [ -82.354433, 31.214814 ], [ -82.35497, 31.215307 ], [ -82.3554274, 31.2157255 ], [ -82.355476, 31.21577 ], [ -82.355984, 31.216244 ], [ -82.35645, 31.216694 ], [ -82.356795, 31.216971 ], [ -82.357494, 31.217628 ], [ -82.357953, 31.21806 ], [ -82.3585697, 31.218639 ], [ -82.359543, 31.219579 ], [ -82.36061, 31.220568 ], [ -82.361241, 31.221174 ], [ -82.361669, 31.221567 ], [ -82.361894, 31.221776 ], [ -82.362542, 31.222397 ], [ -82.3628372, 31.2226638 ], [ -82.363069, 31.222894 ], [ -82.36353, 31.22333 ], [ -82.3649624, 31.2246597 ], [ -82.3656017, 31.2252484 ], [ -82.365898, 31.225533 ], [ -82.366225, 31.2258598 ], [ -82.366468, 31.2261703 ], [ -82.3665424, 31.226277 ], [ -82.3666086, 31.2263876 ], [ -82.3666662, 31.2265017 ], [ -82.3667184, 31.2266277 ], [ -82.3668344, 31.2269206 ], [ -82.3669507, 31.2272216 ], [ -82.3672145, 31.2279347 ], [ -82.36751, 31.228697 ], [ -82.367854, 31.229624 ], [ -82.3684575, 31.2312265 ], [ -82.3686106, 31.2315949 ], [ -82.368692, 31.231778 ], [ -82.3687406, 31.2318858 ], [ -82.3688672, 31.2321666 ], [ -82.368933, 31.232333 ], [ -82.3692711, 31.2332207 ], [ -82.3694109, 31.2335685 ], [ -82.3695446, 31.2339145 ], [ -82.369671, 31.2342418 ], [ -82.369942, 31.2349431 ], [ -82.3701032, 31.235394 ], [ -82.3702207, 31.2357226 ], [ -82.3703286, 31.2360151 ], [ -82.3703925, 31.2361884 ], [ -82.3705051, 31.2364986 ], [ -82.3706479, 31.2368961 ], [ -82.3708403, 31.2374291 ], [ -82.3708983, 31.2376012 ], [ -82.371891, 31.240276 ], [ -82.372144, 31.2409155 ], [ -82.372542, 31.242004 ], [ -82.3741808, 31.2463656 ], [ -82.3741885, 31.246386 ], [ -82.3747388, 31.2478014 ], [ -82.3750343, 31.248526 ], [ -82.376153, 31.251593 ], [ -82.376807, 31.253369 ], [ -82.377337, 31.254778 ], [ -82.377802, 31.256012 ], [ -82.3781445, 31.2567842 ], [ -82.3782759, 31.2571752 ], [ -82.3783264, 31.2572829 ], [ -82.3784797, 31.2577024 ], [ -82.378673, 31.2582121 ], [ -82.3788626, 31.2585275 ], [ -82.3789673, 31.2586611 ], [ -82.379078, 31.2587912 ], [ -82.3791945, 31.2589175 ], [ -82.379239, 31.2589633 ], [ -82.3793274, 31.2590473 ], [ -82.3794204, 31.2591274 ], [ -82.3795181, 31.2592035 ], [ -82.3796469, 31.2592931 ], [ -82.379782, 31.2593755 ], [ -82.3799373, 31.2594557 ], [ -82.3800962, 31.2595306 ], [ -82.3802583, 31.2596001 ], [ -82.3804374, 31.2596693 ], [ -82.3806197, 31.259732 ], [ -82.380805, 31.259788 ], [ -82.384255, 31.26078 ], [ -82.38586, 31.261241 ], [ -82.3874964, 31.2617113 ], [ -82.3889218, 31.2621087 ], [ -82.3907456, 31.2626292 ], [ -82.391482, 31.262855 ], [ -82.391982, 31.263101 ], [ -82.392482, 31.263396 ], [ -82.3943966, 31.2645659 ], [ -82.396044, 31.265575 ], [ -82.396912, 31.266079 ], [ -82.397809, 31.266633 ], [ -82.401798, 31.269058 ], [ -82.402651, 31.2695 ], [ -82.40309, 31.269645 ], [ -82.407455, 31.270875 ], [ -82.409916, 31.271575 ], [ -82.413051, 31.272455 ], [ -82.413545, 31.272687 ], [ -82.414071, 31.273021 ], [ -82.417256, 31.275654 ], [ -82.41831, 31.276601 ], [ -82.418385, 31.276664 ], [ -82.418537, 31.276788 ], [ -82.418693, 31.276909 ], [ -82.418772, 31.276969 ], [ -82.419013, 31.277143 ], [ -82.419179, 31.277254 ], [ -82.419263, 31.277307 ], [ -82.419349, 31.27736 ], [ -82.419436, 31.277411 ], [ -82.419524, 31.277459 ], [ -82.419614, 31.277506 ], [ -82.419705, 31.277551 ], [ -82.419797, 31.277594 ], [ -82.419891, 31.277635 ], [ -82.419986, 31.277673 ], [ -82.420082, 31.27771 ], [ -82.420179, 31.277744 ], [ -82.420277, 31.277776 ], [ -82.420377, 31.277806 ], [ -82.420477, 31.277833 ], [ -82.420578, 31.277858 ], [ -82.420664, 31.277878 ], [ -82.420939, 31.277957 ], [ -82.42104, 31.277984 ], [ -82.423485, 31.278799 ], [ -82.42349, 31.278804 ], [ -82.423721, 31.278868 ], [ -82.423789, 31.278888 ], [ -82.423987, 31.27895 ], [ -82.424085, 31.278982 ], [ -82.424279, 31.27905 ], [ -82.424376, 31.279086 ], [ -82.424567, 31.27916 ], [ -82.424662, 31.279199 ], [ -82.42485, 31.27928 ], [ -82.424943, 31.279322 ], [ -82.4251538, 31.2794228 ], [ -82.425218, 31.279454 ], [ -82.425398, 31.279547 ], [ -82.425487, 31.279595 ], [ -82.42575, 31.279743 ], [ -82.425843, 31.279797 ], [ -82.427164, 31.280696 ], [ -82.4280987, 31.2813272 ], [ -82.4296304, 31.2823595 ], [ -82.43017, 31.282723 ], [ -82.4323096, 31.2841847 ], [ -82.4326392, 31.2843991 ], [ -82.4329461, 31.2845795 ], [ -82.4332084, 31.2847145 ], [ -82.433391, 31.2848082 ], [ -82.4337313, 31.284941 ], [ -82.4357498, 31.2856546 ], [ -82.437863, 31.286396 ], [ -82.439727, 31.287037 ], [ -82.4399362, 31.287102 ], [ -82.4420848, 31.2878501 ], [ -82.442729, 31.288074 ], [ -82.4433954, 31.2883132 ], [ -82.443827, 31.2884694 ], [ -82.4441454, 31.2885923 ], [ -82.4443071, 31.2886589 ], [ -82.4446881, 31.288814 ], [ -82.4452262, 31.2890601 ], [ -82.4455362, 31.289212 ], [ -82.4458189, 31.2892814 ], [ -82.446333, 31.2895457 ], [ -82.4466645, 31.2897368 ], [ -82.4469427, 31.2898965 ], [ -82.4471474, 31.290023 ], [ -82.4474133, 31.2902027 ], [ -82.4476725, 31.2903833 ], [ -82.4478873, 31.2905421 ], [ -82.4480341, 31.2906524 ], [ -82.4482542, 31.2908345 ], [ -82.4483612, 31.2909186 ], [ -82.448448, 31.290989 ], [ -82.4485154, 31.2910488 ], [ -82.4485938, 31.2911183 ], [ -82.4487868, 31.2912799 ] ], [ [ -82.3399617, 31.208566 ], [ -82.3396425, 31.2084147 ], [ -82.3394985, 31.2083687 ], [ -82.3393511, 31.2083217 ], [ -82.3391811, 31.2082573 ], [ -82.3390166, 31.2081845 ], [ -82.3388781, 31.2081202 ], [ -82.3388548, 31.2081094 ], [ -82.3386193, 31.2079866 ], [ -82.3384575, 31.2078924 ], [ -82.3383247, 31.2078057 ], [ -82.3382805, 31.2077768 ], [ -82.3380324, 31.2075967 ], [ -82.3379633, 31.2075415 ], [ -82.3378233, 31.2074298 ], [ -82.3376183, 31.2072343 ], [ -82.3374901, 31.2071019 ], [ -82.3373465, 31.2069326 ], [ -82.337301, 31.2068705 ], [ -82.3372783, 31.2068427 ], [ -82.3371821, 31.2067234 ] ], [ [ -82.4455362, 31.289212 ], [ -82.4457369, 31.2893938 ], [ -82.4459329, 31.2895036 ], [ -82.4462461, 31.2896921 ], [ -82.4465899, 31.2899003 ], [ -82.4468792, 31.2900818 ], [ -82.4471661, 31.2902722 ], [ -82.4473153, 31.2903693 ], [ -82.44753, 31.2905228 ], [ -82.4477503, 31.2906842 ], [ -82.4480006, 31.2908753 ], [ -82.448163, 31.2910094 ] ] ] }, "id": "relation/1929689" }, { "type": "Feature", "properties": { "@id": "relation/1936016", "description": "US 1 Business (Newcastle-Damariscotta, ME)", "is_in:state": "ME", "modifier": "Business", "network": "US:US:Business", "ref":"US 1 BUS", "route": "road", "type": "route" }, "geometry": { "type": "MultiLineString", "coordinates": [ [ [ -69.5001607, 44.0553746 ], [ -69.5001978, 44.0552751 ], [ -69.5003665, 44.0550663 ], [ -69.5004821, 44.0549046 ], [ -69.5005197, 44.0547879 ], [ -69.5005264, 44.0547161 ], [ -69.5005207, 44.0546532 ], [ -69.5004958, 44.0545337 ], [ -69.500473, 44.0544705 ], [ -69.5004638, 44.0544376 ], [ -69.5004509, 44.0543434 ], [ -69.5004446, 44.0542266 ], [ -69.5004583, 44.0541654 ], [ -69.5004728, 44.0541009 ], [ -69.5004744, 44.0540169 ], [ -69.5005502, 44.0538672 ], [ -69.500723, 44.0535745 ], [ -69.5009503, 44.0531644 ], [ -69.5011113, 44.0528599 ], [ -69.5013575, 44.0523409 ], [ -69.5016014, 44.051747 ], [ -69.501793, 44.0512867 ], [ -69.5019473, 44.0509179 ], [ -69.5020543, 44.050659 ], [ -69.5021716, 44.0503801 ], [ -69.50229, 44.0500899 ], [ -69.502351, 44.0499429 ], [ -69.5024748, 44.0496502 ], [ -69.5026973, 44.0491472 ], [ -69.5028122, 44.0489164 ], [ -69.5029719, 44.0485643 ], [ -69.5031531, 44.0482303 ], [ -69.5032966, 44.0479801 ], [ -69.5034348, 44.0477763 ], [ -69.5035543, 44.0476037 ], [ -69.5038191, 44.0472934 ], [ -69.5045274, 44.0464715 ], [ -69.5057517, 44.0451899 ], [ -69.506131, 44.0448798 ], [ -69.5070492, 44.0442241 ], [ -69.5072965, 44.0440708 ], [ -69.507971, 44.0436197 ], [ -69.5086444, 44.0431581 ], [ -69.5089122, 44.0429515 ], [ -69.5094589, 44.0424833 ], [ -69.509541, 44.0423976 ], [ -69.5096006, 44.0423354 ], [ -69.5097529, 44.0421269 ], [ -69.5099229, 44.0418825 ], [ -69.510045, 44.0416588 ], [ -69.510124, 44.0415061 ], [ -69.510177, 44.0413927 ], [ -69.5102986, 44.041061 ], [ -69.510698, 44.0399695 ], [ -69.510773, 44.0397638 ], [ -69.5111725, 44.0386675 ], [ -69.5112528, 44.038424 ], [ -69.5113315, 44.0381853 ], [ -69.5114986, 44.0376783 ], [ -69.5116573, 44.0371967 ], [ -69.5118368, 44.0368681 ], [ -69.5119038, 44.0367382 ], [ -69.5120069, 44.0365384 ], [ -69.5120771, 44.0364429 ], [ -69.5125724, 44.0357787 ], [ -69.5126206, 44.0357229 ], [ -69.512664, 44.0356789 ], [ -69.5127198, 44.0356223 ], [ -69.513458, 44.0349339 ], [ -69.5143318, 44.0343417 ], [ -69.5145664, 44.0342218 ], [ -69.5150317, 44.0339841 ], [ -69.5154945, 44.0337788 ], [ -69.516049, 44.0335844 ], [ -69.5177564, 44.0330873 ], [ -69.5185661, 44.0328841 ], [ -69.5188957, 44.032801 ], [ -69.5193262, 44.0326881 ], [ -69.5199161, 44.0325334 ], [ -69.5205649, 44.0323632 ], [ -69.5207482, 44.0323152 ], [ -69.5225991, 44.0318298 ], [ -69.5232574, 44.0316572 ], [ -69.523278, 44.0316518 ], [ -69.5236174, 44.0315624 ], [ -69.5237074, 44.0315377 ], [ -69.5244281, 44.0313556 ], [ -69.5245133, 44.0313327 ], [ -69.5245814, 44.031315 ], [ -69.5246451, 44.0312989 ], [ -69.5248644, 44.0312461 ], [ -69.5249729, 44.0312228 ], [ -69.5251984, 44.0311744 ], [ -69.5253531, 44.0311476 ], [ -69.5255022, 44.0311244 ], [ -69.5257005, 44.0311028 ], [ -69.5259303, 44.0310827 ], [ -69.5261388, 44.0310705 ], [ -69.5263031, 44.031067 ], [ -69.5264889, 44.0310699 ], [ -69.5267642, 44.0310812 ], [ -69.5269458, 44.0310961 ], [ -69.5271028, 44.0311156 ], [ -69.527254, 44.0311374 ], [ -69.5272865, 44.0311426 ], [ -69.5273813, 44.031158 ], [ -69.5273981, 44.0311607 ], [ -69.5275137, 44.0311828 ], [ -69.5276809, 44.0312195 ], [ -69.5277939, 44.0312483 ], [ -69.5278442, 44.0312611 ], [ -69.5279825, 44.0313011 ], [ -69.528111, 44.031342 ], [ -69.5282191, 44.0313794 ], [ -69.5282438, 44.0313888 ], [ -69.5283171, 44.0314168 ], [ -69.5284846, 44.0314859 ], [ -69.5286466, 44.031561 ], [ -69.5289087, 44.031677 ], [ -69.529168, 44.0317868 ], [ -69.5293057, 44.031841 ], [ -69.5294404, 44.0318941 ], [ -69.5295642, 44.031938 ], [ -69.5297232, 44.031997 ], [ -69.5298737, 44.0320529 ], [ -69.5299474, 44.0320813 ], [ -69.530514, 44.0322996 ], [ -69.5308152, 44.0324253 ], [ -69.5312419, 44.0326036 ], [ -69.5313672, 44.0326544 ], [ -69.5314912, 44.0327047 ], [ -69.5318124, 44.0328325 ], [ -69.5318621, 44.0328522 ], [ -69.5321578, 44.0329695 ], [ -69.5323073, 44.0330231 ], [ -69.5324617, 44.0330788 ], [ -69.5327312, 44.0331653 ], [ -69.5327688, 44.0331768 ], [ -69.5328819, 44.0332114 ], [ -69.5330848, 44.033271 ], [ -69.5331269, 44.0332838 ], [ -69.5333562, 44.0333533 ], [ -69.5335858, 44.0334241 ], [ -69.5341659, 44.0336158 ], [ -69.5343784, 44.0336857 ], [ -69.5344985, 44.0337255 ], [ -69.534569, 44.03375 ], [ -69.5347405, 44.0338095 ], [ -69.5348194, 44.0338369 ], [ -69.5348681, 44.0338529 ], [ -69.5350137, 44.0339008 ], [ -69.5352426, 44.0339759 ], [ -69.5353287, 44.0340042 ], [ -69.5354268, 44.0340364 ], [ -69.535517, 44.0340692 ], [ -69.5355584, 44.0340849 ], [ -69.5355794, 44.0340928 ], [ -69.5356442, 44.03412 ], [ -69.5357492, 44.0341655 ], [ -69.5358049, 44.0341983 ], [ -69.535862, 44.0342308 ], [ -69.5358994, 44.0342569 ], [ -69.5359941, 44.034328 ], [ -69.5361416, 44.0344537 ], [ -69.5362288, 44.034528 ], [ -69.5362581, 44.0345509 ], [ -69.5363326, 44.0346091 ], [ -69.5364362, 44.0346942 ], [ -69.5365198, 44.0347621 ], [ -69.5365827, 44.0347995 ], [ -69.5366296, 44.0348218 ], [ -69.53668, 44.0348388 ], [ -69.5367499, 44.0348565 ], [ -69.536849, 44.0348705 ], [ -69.5369288, 44.0348743 ], [ -69.5370021, 44.0348728 ], [ -69.5370715, 44.0348649 ], [ -69.5371375, 44.0348529 ], [ -69.5371924, 44.0348366 ], [ -69.5372482, 44.0348123 ], [ -69.5372759, 44.0347921 ], [ -69.5373046, 44.0347712 ], [ -69.5373471, 44.0347403 ], [ -69.5374771, 44.0346457 ], [ -69.537677, 44.034485 ], [ -69.5377216, 44.0344494 ], [ -69.5383001, 44.0339868 ], [ -69.5384462, 44.033832 ], [ -69.538696, 44.0336966 ], [ -69.5388841, 44.0335947 ], [ -69.5391724, 44.0334761 ], [ -69.5395826, 44.0333638 ], [ -69.5399874, 44.033267 ], [ -69.5401171, 44.0332613 ], [ -69.5422024, 44.0327945 ], [ -69.5429677, 44.0326232 ], [ -69.5433432, 44.0325391 ], [ -69.5437221, 44.032428 ], [ -69.5438935, 44.0323546 ], [ -69.544038, 44.032262 ], [ -69.5441923, 44.0321374 ], [ -69.5443359, 44.0319626 ], [ -69.5447862, 44.0313471 ], [ -69.54495, 44.0311226 ], [ -69.5446305, 44.0312966 ], [ -69.5435099, 44.031919 ], [ -69.5419812, 44.0326492 ], [ -69.5412553, 44.0329026 ], [ -69.5401171, 44.0332031 ], [ -69.5399874, 44.033267 ] ], [ [ -69.5004744, 44.0540169 ], [ -69.5004071, 44.0540964 ], [ -69.500363, 44.0541839 ], [ -69.5003415, 44.0542266 ], [ -69.5003197, 44.0543052 ], [ -69.5003209, 44.0543359 ], [ -69.5003254, 44.0543903 ], [ -69.5003509, 44.054487 ], [ -69.5003572, 44.0545364 ], [ -69.5003567, 44.0546163 ] ] ] }, "id": "relation/1936016" }, { "type": "Feature", "properties": { "@id": "relation/12393731", "description": "US 1 Business", "is_in:state": "NJ", "modifier": "Business", "network": "US:US:Business", "note": "as inventoried by NJDOT", "ref":"US 1 BUS", "route": "road", "type": "route", "wikidata": "Q811356", "wikipedia": "en:U.S. Route 1 Business (Trenton, New Jersey)" }, "geometry": { "type": "MultiLineString", "coordinates": [ [ [ -74.7125297, 40.2699296 ], [ -74.7128195, 40.2697255 ], [ -74.7132043, 40.2694328 ], [ -74.713959, 40.268877 ], [ -74.714127, 40.26875 ], [ -74.714593, 40.268382 ], [ -74.714675, 40.268317 ], [ -74.7147857, 40.2682225 ], [ -74.7148193, 40.2681938 ], [ -74.715262, 40.267816 ], [ -74.7152941, 40.2677866 ], [ -74.715709, 40.267407 ], [ -74.715954, 40.267171 ], [ -74.7160226, 40.2671026 ], [ -74.716293, 40.266833 ], [ -74.716594, 40.266545 ], [ -74.7168584, 40.2663101 ], [ -74.716908, 40.266266 ], [ -74.7169655, 40.2662188 ], [ -74.717326, 40.2659232 ], [ -74.718136, 40.265259 ], [ -74.7182718, 40.2651523 ], [ -74.7183233, 40.2651119 ], [ -74.718885, 40.264639 ], [ -74.7198284, 40.2638537 ], [ -74.720331, 40.263427 ], [ -74.7204396, 40.2633447 ], [ -74.720572, 40.263244 ], [ -74.7207609, 40.2630826 ], [ -74.720915, 40.262955 ], [ -74.7216756, 40.2623236 ], [ -74.7218977, 40.2621392 ], [ -74.7223505, 40.2617633 ], [ -74.722717, 40.261459 ], [ -74.7228691, 40.2613326 ], [ -74.7232595, 40.2610082 ], [ -74.723462, 40.26084 ], [ -74.72368, 40.260659 ], [ -74.7246131, 40.2598821 ], [ -74.724654, 40.259848 ], [ -74.726118, 40.258629 ], [ -74.7261758, 40.2585907 ], [ -74.7264652, 40.2583471 ], [ -74.7268604, 40.2580145 ], [ -74.7273392, 40.257618 ], [ -74.7281978, 40.2569073 ], [ -74.7283669, 40.2567672 ], [ -74.7284191, 40.256724 ], [ -74.729089, 40.256154 ], [ -74.7291483, 40.2561046 ], [ -74.7299076, 40.2554729 ], [ -74.7305087, 40.2549728 ], [ -74.7306913, 40.2548208 ], [ -74.7308165, 40.2547167 ], [ -74.7309073, 40.2546412 ], [ -74.7316766, 40.2540101 ], [ -74.7317616, 40.2539404 ], [ -74.7325358, 40.2533159 ], [ -74.7329556, 40.2529773 ], [ -74.7334831, 40.252551 ], [ -74.7336861, 40.2524675 ], [ -74.7337315, 40.2524666 ], [ -74.7337816, 40.2524583 ], [ -74.7338275, 40.2524407 ], [ -74.7338662, 40.2524151 ], [ -74.7338955, 40.252383 ], [ -74.7339136, 40.2523464 ], [ -74.7339164, 40.252327 ], [ -74.7339192, 40.2523075 ], [ -74.7339121, 40.2522687 ], [ -74.7340433, 40.252132 ], [ -74.7340674, 40.2521069 ], [ -74.7344438, 40.2517803 ], [ -74.7349403, 40.2513843 ], [ -74.7353347, 40.2510696 ], [ -74.735457, 40.250972 ], [ -74.7358376, 40.2506681 ], [ -74.7359469, 40.2505734 ], [ -74.7360252, 40.2505074 ], [ -74.7362332, 40.2503297 ], [ -74.7362453, 40.2503193 ], [ -74.7365792, 40.2500342 ], [ -74.7367025, 40.2499305 ], [ -74.7374213, 40.249326 ], [ -74.7375341, 40.2492311 ], [ -74.737568, 40.2492026 ], [ -74.737946, 40.2488846 ], [ -74.7381443, 40.2487178 ], [ -74.7382765, 40.2486066 ], [ -74.7384137, 40.2484913 ], [ -74.7386462, 40.2482957 ], [ -74.7390832, 40.2479433 ], [ -74.7391625, 40.2478793 ], [ -74.7395616, 40.2475574 ], [ -74.7398149, 40.2473493 ], [ -74.7399377, 40.2472484 ], [ -74.7406673, 40.246649 ], [ -74.7407768, 40.246559 ], [ -74.7411143, 40.2462817 ], [ -74.7415241, 40.2459386 ], [ -74.7418359, 40.2456623 ], [ -74.7419591, 40.2455738 ], [ -74.7420531, 40.2455435 ], [ -74.7421632, 40.2455512 ], [ -74.7422685, 40.2455761 ], [ -74.7423302, 40.2455799 ], [ -74.7423467, 40.245596 ], [ -74.7423997, 40.2456374 ], [ -74.7425105, 40.2456954 ], [ -74.7425881, 40.2457249 ], [ -74.7426459, 40.2457395 ], [ -74.7427158, 40.2457509 ], [ -74.7428113, 40.2457563 ], [ -74.7428868, 40.2457525 ], [ -74.7429406, 40.2457453 ], [ -74.7430189, 40.2457279 ], [ -74.7430822, 40.2457072 ], [ -74.743149, 40.2456777 ], [ -74.7432146, 40.2456392 ], [ -74.7432691, 40.2455975 ], [ -74.743325, 40.2455409 ], [ -74.7433538, 40.2455028 ], [ -74.7433813, 40.2454559 ], [ -74.743404, 40.2454012 ], [ -74.7434163, 40.2453521 ], [ -74.7434221, 40.2452929 ], [ -74.7434085, 40.245198 ], [ -74.7433968, 40.2451571 ], [ -74.7433852, 40.2451313 ], [ -74.7433744, 40.2451071 ], [ -74.7433661, 40.2450945 ], [ -74.7433371, 40.2450504 ], [ -74.7432927, 40.2450006 ], [ -74.7432441, 40.2449584 ], [ -74.743191, 40.244922 ], [ -74.7431075, 40.2448793 ], [ -74.7430459, 40.2448582 ], [ -74.7430099, 40.2448459 ], [ -74.742921, 40.2448279 ], [ -74.7428395, 40.2448204 ], [ -74.7426953, 40.2448218 ], [ -74.7426263, 40.2448348 ], [ -74.7425589, 40.2448176 ], [ -74.7425327, 40.2448109 ], [ -74.7424392, 40.2447861 ], [ -74.7423636, 40.2447633 ], [ -74.7422904, 40.2447383 ], [ -74.742143, 40.244674 ], [ -74.7420345, 40.2445789 ], [ -74.7417271, 40.2443076 ], [ -74.7411017, 40.2437927 ], [ -74.7407912, 40.2435058 ], [ -74.7405074, 40.2432018 ], [ -74.7404032, 40.2431397 ], [ -74.739936, 40.242602 ], [ -74.739863, 40.242514 ], [ -74.739778, 40.242422 ], [ -74.739692, 40.242329 ], [ -74.739425, 40.242028 ], [ -74.739285, 40.2418221 ], [ -74.739165, 40.241575 ], [ -74.739127, 40.24147 ], [ -74.739101, 40.24135 ], [ -74.739066, 40.241192 ], [ -74.739066, 40.241146 ], [ -74.7390665, 40.2410055 ], [ -74.739067, 40.240887 ], [ -74.739078, 40.240807 ], [ -74.739085, 40.240751 ], [ -74.7391038, 40.2406439 ], [ -74.73914, 40.2405 ], [ -74.739174, 40.240411 ], [ -74.739225, 40.240307 ], [ -74.7393384, 40.240119 ], [ -74.739348, 40.240103 ], [ -74.739501, 40.2399 ], [ -74.739666, 40.239723 ], [ -74.739765, 40.239639 ] ], [ [ -74.742143, 40.244674 ], [ -74.74219, 40.24474 ], [ -74.742222, 40.244806 ], [ -74.7422473, 40.2448835 ], [ -74.7422595, 40.2449827 ], [ -74.7422561, 40.2450852 ], [ -74.742211, 40.2451835 ], [ -74.7421612, 40.2452207 ], [ -74.7420519, 40.2453641 ], [ -74.7417819, 40.2456 ], [ -74.7414493, 40.2458746 ], [ -74.741032, 40.2462191 ], [ -74.7406939, 40.2464982 ], [ -74.7405887, 40.2465851 ], [ -74.7398485, 40.2471887 ], [ -74.7397304, 40.247285 ], [ -74.7394735, 40.2474946 ], [ -74.7392594, 40.2476692 ], [ -74.7390919, 40.2478057 ], [ -74.7388968, 40.2479648 ], [ -74.7385658, 40.2482348 ], [ -74.7383275, 40.2484318 ], [ -74.7381926, 40.2485432 ], [ -74.7374405, 40.2491709 ], [ -74.7373395, 40.2492552 ], [ -74.7366098, 40.2498641 ], [ -74.736491, 40.2499632 ], [ -74.7359555, 40.25041 ], [ -74.7358867, 40.2504696 ], [ -74.7357448, 40.2505987 ], [ -74.735039, 40.2511756 ], [ -74.7348583, 40.2513255 ], [ -74.7345812, 40.2515453 ], [ -74.7343534, 40.2517246 ], [ -74.7342399, 40.2518161 ], [ -74.7342248, 40.2518277 ], [ -74.7339153, 40.2520656 ], [ -74.7337904, 40.2521616 ], [ -74.7337677, 40.2521579 ], [ -74.7337115, 40.2521522 ], [ -74.7336554, 40.2521584 ], [ -74.7336259, 40.2521684 ], [ -74.7335963, 40.2521814 ], [ -74.7335668, 40.2521989 ], [ -74.7335429, 40.2522204 ], [ -74.7335248, 40.2522448 ], [ -74.7335077, 40.2522921 ], [ -74.7335062, 40.2523402 ], [ -74.7334037, 40.2524585 ], [ -74.7330991, 40.2527171 ], [ -74.7328368, 40.2529397 ], [ -74.7325554, 40.2531786 ], [ -74.732455, 40.2532594 ], [ -74.7316804, 40.2538828 ], [ -74.7315942, 40.2539535 ], [ -74.7308264, 40.2545837 ], [ -74.7307352, 40.2546597 ], [ -74.7298279, 40.2554155 ], [ -74.729152, 40.255971 ], [ -74.7290647, 40.2560442 ], [ -74.728991, 40.256106 ], [ -74.72847, 40.25654 ], [ -74.7282767, 40.2567011 ], [ -74.7280867, 40.2568596 ], [ -74.7280031, 40.2569293 ], [ -74.7271241, 40.257662 ], [ -74.7265856, 40.2581109 ], [ -74.7264163, 40.2582521 ], [ -74.7262724, 40.2583721 ], [ -74.7261409, 40.2584754 ], [ -74.7259233, 40.2586465 ], [ -74.7258009, 40.2587648 ], [ -74.725588, 40.258942 ], [ -74.72454, 40.259814 ], [ -74.7245193, 40.2598313 ], [ -74.7244329, 40.2599031 ], [ -74.7241569, 40.260131 ], [ -74.7238078, 40.2604227 ], [ -74.7235017, 40.2606802 ], [ -74.7232621, 40.2608817 ], [ -74.722624, 40.261406 ], [ -74.7220631, 40.2618703 ], [ -74.7218347, 40.2620593 ], [ -74.721189, 40.2625982 ], [ -74.7209152, 40.2628266 ], [ -74.720239, 40.263362 ], [ -74.7197114, 40.263797 ], [ -74.7196106, 40.263876 ], [ -74.7193004, 40.2641564 ], [ -74.7191544, 40.2642883 ], [ -74.718221, 40.265048 ], [ -74.7181754, 40.265085 ], [ -74.718168, 40.265091 ], [ -74.718044, 40.265194 ], [ -74.717909, 40.265304 ], [ -74.717807, 40.2653837 ], [ -74.717456, 40.265658 ], [ -74.717224, 40.265818 ], [ -74.7170953, 40.2658952 ], [ -74.716979, 40.265965 ], [ -74.716786, 40.266067 ], [ -74.716593, 40.266157 ], [ -74.715512, 40.26664 ], [ -74.714704, 40.267042 ], [ -74.714501, 40.267167 ], [ -74.714346, 40.267283 ], [ -74.714205, 40.267409 ], [ -74.714055, 40.267572 ], [ -74.713967, 40.267688 ], [ -74.713469, 40.268348 ], [ -74.712897, 40.269154 ], [ -74.712817, 40.269269 ], [ -74.712808, 40.2692816 ], [ -74.712745, 40.26937 ], [ -74.7125279, 40.2696139 ], [ -74.7120577, 40.2701425 ] ], [ [ -74.7405074, 40.2432018 ], [ -74.7404903, 40.2430918 ], [ -74.739977, 40.242512 ], [ -74.7395339, 40.2419859 ], [ -74.7393794, 40.2417632 ], [ -74.739258, 40.241527 ], [ -74.739231, 40.241447 ], [ -74.739191, 40.241287 ], [ -74.73918, 40.241244 ], [ -74.739167, 40.241078 ], [ -74.7391695, 40.2409428 ], [ -74.739193, 40.240731 ], [ -74.739197, 40.240715 ], [ -74.73921, 40.240651 ], [ -74.739261, 40.240497 ], [ -74.739289, 40.240414 ], [ -74.739382, 40.240236 ], [ -74.739444, 40.240138 ], [ -74.739512, 40.240046 ], [ -74.739586, 40.239959 ], [ -74.7396421, 40.2398998 ], [ -74.73966, 40.239881 ], [ -74.739811, 40.239739 ], [ -74.73995, 40.239634 ], [ -74.740108, 40.239528 ], [ -74.740233, 40.239453 ], [ -74.740503, 40.239303 ], [ -74.7410577, 40.239032 ], [ -74.7414447, 40.2388502 ] ] ] }, "id": "relation/12393731" },
 
  { "type": "Feature", "properties": { "ref": "US 1 Bypass", "@id": "way/11518054", "expressway": "yes", "highway": "primary", "lanes": "2", "maxspeed": "35 mph", "oneway": "yes", "surface": "asphalt", "tiger:cfcc": "A25", "tiger:county": "York, ME", "tiger:name_base": "US Hwy 1 (Bypass)", "tiger:reviewed": "no" }, "geometry": { "type": "LineString", "coordinates": [ [ -70.753327, 43.093564 ], [ -70.7533852, 43.0935334 ], [ -70.7534568, 43.0934957 ], [ -70.753498, 43.093474 ], [ -70.7537441, 43.0932576 ], [ -70.7537617, 43.0932422 ] ] }, "id": "way/11518054" }, { "type": "Feature", "properties": { "@id": "way/11518056", "highway": "primary", "lanes": "2", "maxspeed": "35 mph", "oneway": "yes", "parking:both": "no", "ref": "US 1 Bypass", "surface": "asphalt", "tiger:cfcc": "A25", "tiger:county": "York, ME", "tiger:name_base": "US Hwy 1 (Bypass)", "tiger:reviewed": "no" }, "geometry": { "type": "LineString", "coordinates": [ [ -70.7468557, 43.0994287 ], [ -70.7466054, 43.0996141 ], [ -70.7462412, 43.10001 ], [ -70.745981, 43.100292 ], [ -70.7455624, 43.1007841 ], [ -70.7453144, 43.1010811 ] ] }, "id": "way/11518056" }, { "type": "Feature", "properties": { "@id": "way/29506451", "bicycle": "no", "expressway": "yes", "foot": "no", "highway": "primary", "lanes": "2", "maxspeed": "35 mph", "oneway": "yes", "ref": "US 1 Bypass", "sidewalk": "no", "surface": "asphalt", "tiger:cfcc": "A21", "tiger:county": "Rockingham, NH", "tiger:name_base": "US Hwy 1 (Bypass)" }, "geometry": { "type": "LineString", "coordinates": [ [ -70.7683659, 43.0812105 ], [ -70.7687478, 43.0810792 ], [ -70.7691327, 43.080896 ] ] }, "id": "way/29506451" }, { "type": "Feature", "properties": { "@id": "way/47841755", "highway": "primary", "lanes": "2", "maxspeed": "35 mph", "oneway": "yes", "ref": "US 1 Bypass", "surface": "asphalt", "tiger:cfcc": "A21", "tiger:county": "York, ME", "tiger:name_base": "US Hwy 1 (Bypass)", "tiger:reviewed": "no" }, "geometry": { "type": "LineString", "coordinates": [ [ -70.7432368, 43.1040991 ], [ -70.743385, 43.103867 ], [ -70.7435554, 43.1036121 ], [ -70.7438931, 43.1030983 ] ] }, "id": "way/47841755" }, { "type": "Feature", "properties": { "@id": "way/65250888", "cycleway:both": "no", "highway": "primary", "lanes": "5", "lanes:backward": "2", "lanes:both_ways": "1", "lanes:forward": "2", "maxspeed": "35 mph", "ref": "US 1 Bypass", "sidewalk": "no", "surface": "asphalt", "tiger:cfcc": "A21", "tiger:county": "York, ME", "tiger:name_base": "US Hwy 1 (Bypass)", "tiger:reviewed": "no", "turn:lanes:both_ways": "left" }, "geometry": { "type": "LineString", "coordinates": [ [ -70.753327, 43.093564 ], [ -70.7532182, 43.0936547 ], [ -70.75299, 43.093845 ], [ -70.7528748, 43.0939463 ], [ -70.7526949, 43.0941045 ], [ -70.7521858, 43.0945585 ], [ -70.752127, 43.0946099 ], [ -70.7520541, 43.0946748 ], [ -70.7513452, 43.0953034 ], [ -70.7511197, 43.0955033 ], [ -70.751022, 43.09559 ], [ -70.7508376, 43.0957518 ], [ -70.7506214, 43.0959426 ], [ -70.7504002, 43.0961378 ], [ -70.7500232, 43.0964723 ], [ -70.7497488, 43.0967196 ], [ -70.7493631, 43.0970607 ], [ -70.7489673, 43.0974255 ], [ -70.7487236, 43.0976478 ] ] }, "id": "way/65250888" }, { "type": "Feature", "properties": { "@id": "way/65250892", "expressway": "yes", "highway": "primary", "lanes": "2", "maxspeed": "35 mph", "oneway": "yes", "ref": "US 1 Bypass", "surface": "asphalt", "tiger:cfcc": "A25", "tiger:county": "York, ME", "tiger:name_base": "US Hwy 1 (Bypass)", "tiger:reviewed": "no" }, "geometry": { "type": "LineString", "coordinates": [ [ -70.7539757, 43.0930538 ], [ -70.754511, 43.092582 ], [ -70.755025, 43.092103 ], [ -70.7566741, 43.0903939 ] ] }, "id": "way/65250892" }, { "type": "Feature", "properties": { "@id": "way/65250893", "bridge": "yes", "expressway": "yes", "highway": "primary", "lanes": "2", "layer": "1", "maxspeed": "35 mph", "oneway": "yes", "ref": "US 1 Bypass", "surface": "asphalt", "tiger:cfcc": "A25", "tiger:county": "York, ME", "tiger:name_base": "US Hwy 1 (Bypass)", "tiger:reviewed": "no" }, "geometry": { "type": "LineString", "coordinates": [ [ -70.7537617, 43.0932422 ], [ -70.7539757, 43.0930538 ] ] }, "id": "way/65250893" }, { "type": "Feature", "properties": { "@id": "way/65250894", "bridge": "yes", "expressway": "yes", "highway": "primary", "lanes": "2", "layer": "1", "maxspeed": "35 mph", "oneway": "yes", "ref": "US 1 Bypass", "surface": "asphalt", "tiger:cfcc": "A21", "tiger:county": "York, ME", "tiger:name_base": "US Hwy 1 (Bypass)", "tiger:reviewed": "no" }, "geometry": { "type": "LineString", "coordinates": [ [ -70.7538846, 43.0930179 ], [ -70.7536632, 43.0932161 ] ] }, "id": "way/65250894" }, { "type": "Feature", "properties": { "@id": "way/65250895", "expressway": "yes", "highway": "primary", "lanes": "2", "maxspeed": "35 mph", "oneway": "yes", "ref": "US 1 Bypass", "surface": "asphalt", "tiger:cfcc": "A21", "tiger:county": "York, ME", "tiger:name_base": "US Hwy 1 (Bypass)", "tiger:reviewed": "no" }, "geometry": { "type": "LineString", "coordinates": [ [ -70.7536632, 43.0932161 ], [ -70.753465, 43.093395 ], [ -70.753327, 43.093564 ] ] }, "id": "way/65250895" }, { "type": "Feature", "properties": { "@id": "way/65250966", "highway": "primary", "lanes": "2", "maxspeed": "35 mph", "oneway": "yes", "ref": "US 1 Bypass", "surface": "asphalt", "tiger:cfcc": "A25", "tiger:county": "York, ME", "tiger:name_base": "US Hwy 1 (Bypass)", "tiger:reviewed": "no" }, "geometry": { "type": "LineString", "coordinates": [ [ -70.7450845, 43.1013604 ], [ -70.744885, 43.1016103 ], [ -70.744225, 43.1024528 ] ] }, "id": "way/65250966" }, { "type": "Feature", "properties": { "@id": "way/65250967", "bridge": "yes", "highway": "primary", "lanes": "2", "layer": "1", "maxspeed": "35 mph", "oneway": "yes", "parking:both": "no", "ref": "US 1 Bypass", "surface": "asphalt", "tiger:cfcc": "A25", "tiger:county": "York, ME", "tiger:name_base": "US Hwy 1 (Bypass)", "tiger:reviewed": "no" }, "geometry": { "type": "LineString", "coordinates": [ [ -70.7453144, 43.1010811 ], [ -70.7450845, 43.1013604 ] ] }, "id": "way/65250967" }, { "type": "Feature", "properties": { "@id": "way/65250968", "highway": "primary", "lanes": "2", "maxspeed": "35 mph", "oneway": "yes", "ref": "US 1 Bypass", "surface": "asphalt", "tiger:cfcc": "A21", "tiger:county": "York, ME", "tiger:name_base": "US Hwy 1 (Bypass)", "tiger:reviewed": "no" }, "geometry": { "type": "LineString", "coordinates": [ [ -70.7454165, 43.101123 ], [ -70.7459627, 43.1004839 ], [ -70.7462925, 43.1001213 ], [ -70.7465069, 43.0998847 ], [ -70.7467022, 43.0996691 ], [ -70.7468557, 43.0994287 ] ] }, "id": "way/65250968" }, { "type": "Feature", "properties": { "@id": "way/65250969", "highway": "primary", "lanes": "1", "maxspeed": "35 mph", "oneway": "yes", "ref": "US 1 Bypass", "surface": "asphalt", "tiger:cfcc": "A21", "tiger:county": "York, ME", "tiger:name_base": "US Hwy 1 (Bypass)", "tiger:reviewed": "no" }, "geometry": { "type": "LineString", "coordinates": [ [ -70.7438931, 43.1030983 ], [ -70.7444686, 43.1023079 ], [ -70.744784, 43.1018843 ], [ -70.7451425, 43.1014307 ] ] }, "id": "way/65250969" }, { "type": "Feature", "properties": { "@id": "way/87944114", "bicycle": "yes", "cycleway": "shared_lane", "expressway": "yes", "foot": "no", "highway": "primary", "lanes": "3", "lanes:backward": "1", "lanes:forward": "2", "maxspeed": "35 mph", "oneway": "no", "ref": "US 1 Bypass", "sidewalk": "no", "surface": "asphalt", "tiger:cfcc": "A21", "tiger:county": "Rockingham, NH", "tiger:name_base": "US Hwy 1 (Bypass)", "tiger:reviewed": "yes", "tiger:zip_right": "03848", "turn:lanes:forward": "through|right" }, "geometry": { "type": "LineString", "coordinates": [ [ -70.7650694, 43.0829093 ], [ -70.7652019, 43.0828217 ], [ -70.7654862, 43.0826361 ], [ -70.7658295, 43.0824461 ], [ -70.7660644, 43.0823056 ] ] }, "id": "way/87944114" }, { "type": "Feature", "properties": { "@id": "way/90113479", "destination:ref": "US 1 Bypass South", "expressway": "yes", "highway": "primary", "lanes": "2", "maxspeed": "35 mph", "old_name": "Yibird Street", "oneway": "yes", "ref": "US 1 Bypass", "surface": "asphalt", "tiger:cfcc": "A21", "tiger:county": "Rockingham, NH", "tiger:name_base": "US Hwy 1 (Bypass)" }, "geometry": { "type": "LineString", "coordinates": [ [ -70.7803676, 43.0721816 ], [ -70.7802865, 43.0721554 ], [ -70.7802093, 43.0721236 ], [ -70.7801366, 43.0720865 ], [ -70.7800821, 43.0720532 ], [ -70.7800312, 43.0720169 ], [ -70.7799844, 43.0719779 ], [ -70.7799418, 43.0719363 ], [ -70.779882, 43.0718635 ], [ -70.7798352, 43.0717859 ], [ -70.7797808, 43.0717025 ], [ -70.7796573, 43.0715095 ] ] }, "id": "way/90113479" }, { "type": "Feature", "properties": { "@id": "way/121865157", "expressway": "yes", "highway": "primary", "lanes": "1", "maxspeed": "35 mph", "oneway": "yes", "ref": "US 1 Bypass", "surface": "asphalt", "tiger:cfcc": "A25", "tiger:county": "York, ME", "tiger:name_base": "US Hwy 1 (Bypass)", "tiger:reviewed": "no" }, "geometry": { "type": "LineString", "coordinates": [ [ -70.7566741, 43.0903939 ], [ -70.757052, 43.0899909 ], [ -70.7573387, 43.0896853 ], [ -70.757354, 43.0896689 ], [ -70.7574931, 43.0895202 ] ] }, "id": "way/121865157" }, { "type": "Feature", "properties": { "@id": "way/121865166", "expressway": "yes", "highway": "primary", "lanes": "3", "maxspeed": "35 mph", "old_name": "Yibird Street", "oneway": "yes", "placement": "right_of:2", "ref": "US 1 Bypass", "sidewalk": "separate", "surface": "asphalt", "tiger:cfcc": "A21", "tiger:county": "Rockingham, NH", "tiger:name_base": "US Hwy 1 (Bypass)", "turn:lanes": "left|none|through;right" }, "geometry": { "type": "LineString", "coordinates": [ [ -70.7707959, 43.0576999 ], [ -70.7711082, 43.0580683 ], [ -70.771144, 43.0581103 ], [ -70.7711971, 43.0581727 ] ] }, "id": "way/121865166" }, { "type": "Feature", "properties": { "@id": "way/121865169", "expressway": "yes", "highway": "primary", "lanes": "2", "maxspeed": "35 mph", "old_name": "Yibird Street", "oneway": "yes", "ref": "US 1 Bypass", "sidewalk": "separate", "surface": "asphalt", "tiger:cfcc": "A21", "tiger:county": "Rockingham, NH", "tiger:name_base": "US Hwy 1 (Bypass)" }, "geometry": { "type": "LineString", "coordinates": [ [ -70.7709455, 43.0576573 ], [ -70.7707498, 43.0574305 ], [ -70.7706166, 43.0572742 ] ] }, "id": "way/121865169" }, { "type": "Feature", "properties": { "@id": "way/176731143", "cycleway:right": "lane", "expressway": "yes", "highway": "primary", "lanes": "2", "maxspeed": "35 mph", "name": "US 1 Bypass", "oneway": "yes", "ref": "US 1 Bypass", "surface": "asphalt", "tiger:cfcc": "A21", "tiger:county": "York, ME", "tiger:name_base": "US Hwy 1 (Bypass)", "tiger:reviewed": "no" }, "geometry": { "type": "LineString", "coordinates": [ [ -70.7578118, 43.0891274 ], [ -70.7577211, 43.0891807 ], [ -70.7576361, 43.0892541 ], [ -70.7574102, 43.0894856 ] ] }, "id": "way/176731143" }, { "type": "Feature", "properties": { "@id": "way/218174614", "bicycle": "no", "change": "no", "destination:lanes": "Portsmouth Traffic Circle|US 4;NH 16", "expressway": "yes", "foot": "no", "highway": "primary", "lanes": "2", "maxspeed": "35 mph", "oneway": "yes", "placement": "transition", "ref": "US 1 Bypass", "sidewalk": "no", "tiger:cfcc": "A21", "tiger:county": "Rockingham, NH", "tiger:name_base": "US Hwy 1 (Bypass)", "tiger:reviewed": "yes", "tiger:zip_right": "03848", "turn:lanes": "merge_to_left|slight_right" }, "geometry": { "type": "LineString", "coordinates": [ [ -70.7799934, 43.0736403 ], [ -70.7800619, 43.0736162 ], [ -70.7801337, 43.0735979 ], [ -70.7802597, 43.0735711 ], [ -70.7803878, 43.0735505 ], [ -70.7805174, 43.0735361 ], [ -70.7807346, 43.073504 ] ] }, "id": "way/218174614" }, { "type": "Feature", "properties": { "@id": "way/218175113", "change": "no", "destination:lanes": "Portsmouth Traffic Circle|US 1 Bypass", "expressway": "yes", "highway": "primary", "lanes": "2", "maxspeed": "35 mph", "old_name": "Yibird Street", "oneway": "yes", "placement": "transition", "ref": "US 1 Bypass", "surface": "asphalt", "tiger:cfcc": "A21", "tiger:county": "Rockingham, NH", "tiger:name_base": "US Hwy 1 (Bypass)", "turn:lanes": "merge_to_left|slight_right" }, "geometry": { "type": "LineString", "coordinates": [ [ -70.779463, 43.0714644 ], [ -70.7799301, 43.0721435 ], [ -70.7800076, 43.0722728 ], [ -70.780042, 43.072349 ], [ -70.7800673, 43.0724178 ], [ -70.7800815, 43.0725 ], [ -70.7801044, 43.0726844 ], [ -70.7801221, 43.0727448 ] ] }, "id": "way/218175113" }, { "type": "Feature", "properties": { "@id": "way/218175254", "bicycle": "no", "destination": "Portsmouth;Woodbury Avenue", "destination:ref": "US 1 Bypass North", "expressway": "yes", "foot": "no", "highway": "primary", "lanes": "2", "maxspeed": "35 mph", "old_name": "Yibird Street", "oneway": "yes", "ref": "US 1 Bypass", "sidewalk": "no", "surface": "asphalt", "tiger:cfcc": "A21", "tiger:county": "Rockingham, NH", "tiger:name_base": "US Hwy 1 (Bypass)" }, "geometry": { "type": "LineString", "coordinates": [ [ -70.7799784, 43.0733586 ], [ -70.779959, 43.0734079 ], [ -70.7799336, 43.0734558 ], [ -70.7799024, 43.0735018 ], [ -70.7798568, 43.073555 ], [ -70.7798035, 43.0736042 ], [ -70.7797432, 43.0736488 ] ] }, "id": "way/218175254" }, { "type": "Feature", "properties": { "@id": "way/218265080", "bridge": "yes", "highway": "primary", "lanes": "1", "layer": "1", "maxspeed": "35 mph", "oneway": "yes", "ref": "US 1 Bypass", "surface": "asphalt", "tiger:cfcc": "A21", "tiger:county": "York, ME", "tiger:name_base": "US Hwy 1 (Bypass)", "tiger:reviewed": "no" }, "geometry": { "type": "LineString", "coordinates": [ [ -70.7451425, 43.1014307 ], [ -70.7452818, 43.1012593 ], [ -70.7454165, 43.101123 ] ] }, "id": "way/218265080" }, { "type": "Feature", "properties": { "@id": "way/218266600", "highway": "primary", "lanes": "1", "maxspeed": "35 mph", "oneway": "yes", "ref": "US 1 Bypass", "surface": "asphalt", "tiger:cfcc": "A25", "tiger:county": "York, ME", "tiger:name_base": "US Hwy 1 (Bypass)", "tiger:reviewed": "no" }, "geometry": { "type": "LineString", "coordinates": [ [ -70.744225, 43.1024528 ], [ -70.7437585, 43.1031061 ], [ -70.7434758, 43.1035431 ], [ -70.7431141, 43.104082 ], [ -70.7429883, 43.1042498 ], [ -70.7428653, 43.1044285 ] ] }, "id": "way/218266600" }, { "type": "Feature", "properties": { "@id": "way/222639475", "bicycle": "no", "expressway": "yes", "foot": "no", "highway": "primary", "lanes": "2", "maxspeed": "40 mph", "old_name": "Yibird Street", "oneway": "yes", "ref": "US 1 Bypass", "sidewalk": "no", "surface": "asphalt", "tiger:cfcc": "A21", "tiger:county": "Rockingham, NH", "tiger:name_base": "US Hwy 1 (Bypass)" }, "geometry": { "type": "LineString", "coordinates": [ [ -70.7780138, 43.0748403 ], [ -70.7775053, 43.0751931 ], [ -70.7766367, 43.0757924 ], [ -70.7758845, 43.0763113 ], [ -70.7752068, 43.0767806 ], [ -70.774769, 43.077081 ], [ -70.7746094, 43.077189 ], [ -70.7740995, 43.0775428 ], [ -70.7737689, 43.0777708 ], [ -70.772832, 43.0784159 ], [ -70.772385, 43.078723 ], [ -70.7722545, 43.0788129 ], [ -70.7719404, 43.0790292 ], [ -70.7716867, 43.0792039 ] ] }, "id": "way/222639475" }, { "type": "Feature", "properties": { "@id": "way/222639476", "bicycle": "no", "expressway": "yes", "foot": "no", "highway": "primary", "lanes": "1", "maxspeed": "35 mph", "old_name": "Yibird Street", "oneway": "yes", "ref": "US 1 Bypass", "sidewalk": "no", "surface": "asphalt", "tiger:cfcc": "A21", "tiger:county": "Rockingham, NH", "tiger:name_base": "US Hwy 1 (Bypass)" }, "geometry": { "type": "LineString", "coordinates": [ [ -70.7690282, 43.0808368 ], [ -70.7686518, 43.0810137 ], [ -70.7683659, 43.0812105 ] ] }, "id": "way/222639476" }, { "type": "Feature", "properties": { "@id": "way/222639482", "bicycle": "no", "destination:lanes": "Hampton;Maine-Massachusetts|Dover;Concord", "destination:ref:lanes": "US 1 Bypass South|US 4;NH 16", "destination:street:lanes": "|Spaulding Turnpike", "expressway": "yes", "foot": "no", "highway": "primary", "lanes": "2", "maxspeed": "40 mph", "oneway": "yes", "ref": "US 1 Bypass", "sidewalk": "no", "surface": "asphalt", "tiger:cfcc": "A21", "tiger:county": "Rockingham, NH", "tiger:name_base": "US Hwy 1 (Bypass)" }, "geometry": { "type": "LineString", "coordinates": [ [ -70.7780989, 43.0749048 ], [ -70.7785756, 43.0745793 ], [ -70.7789135, 43.0743433 ], [ -70.7797692, 43.0737557 ], [ -70.7798811, 43.0736975 ], [ -70.7799352, 43.0736668 ], [ -70.7799934, 43.0736403 ] ] }, "id": "way/222639482" }, { "type": "Feature", "properties": { "@id": "way/222639486", "bicycle": "no", "expressway": "yes", "foot": "no", "highway": "primary", "lanes": "2", "maxspeed": "40 mph", "oneway": "yes", "ref": "US 1 Bypass", "sidewalk": "no", "surface": "asphalt", "tiger:cfcc": "A21", "tiger:county": "Rockingham, NH", "tiger:name_base": "US Hwy 1 (Bypass)" }, "geometry": { "type": "LineString", "coordinates": [ [ -70.7712871, 43.0796063 ], [ -70.7714068, 43.079521 ], [ -70.7718348, 43.0792283 ], [ -70.7720228, 43.0790985 ], [ -70.7729457, 43.0784615 ] ] }, "id": "way/222639486" }, { "type": "Feature", "properties": { "@id": "way/508247474", "bicycle": "yes", "bridge": "yes", "bridge:name": "Sarah Mildred Long Bridge", "cycleway": "lane", "expressway": "yes", "foot": "no", "highway": "primary", "lanes": "2", "layer": "2", "maxspeed": "35 mph", "name": "Sarah Mildred Long Bridge", "ref": "US 1 Bypass", "sidewalk": "no", "surface": "asphalt", "wikidata": "Q101007553", "wikipedia": "en:Sarah Mildred Long Bridge" }, "geometry": { "type": "LineString", "coordinates": [ [ -70.7614563, 43.0863255 ], [ -70.7619353, 43.0859751 ], [ -70.7621921, 43.085774 ], [ -70.7626149, 43.0854335 ], [ -70.7627919, 43.0852891 ], [ -70.763181, 43.0849295 ], [ -70.7634383, 43.0846808 ], [ -70.7641599, 43.0839305 ], [ -70.7648111, 43.0831644 ], [ -70.7649887, 43.0829824 ], [ -70.7650694, 43.0829093 ] ] }, "id": "way/508247474" }, { "type": "Feature", "properties": { "@id": "way/510185493", "expressway": "yes", "highway": "primary", "lanes": "2", "maxspeed": "35 mph", "oneway": "yes", "ref": "US 1 Bypass", "surface": "asphalt", "tiger:cfcc": "A21", "tiger:county": "York, ME", "tiger:name_base": "US Hwy 1 (Bypass)", "tiger:reviewed": "no" }, "geometry": { "type": "LineString", "coordinates": [ [ -70.7572761, 43.0896286 ], [ -70.7569739, 43.0899529 ], [ -70.756896, 43.090037 ], [ -70.756801, 43.090147 ], [ -70.755686, 43.0913045 ], [ -70.75528, 43.091726 ], [ -70.754761, 43.092237 ], [ -70.7538846, 43.0930179 ] ] }, "id": "way/510185493" }, { "type": "Feature", "properties": { "@id": "way/510185494", "cycleway:right": "lane", "expressway": "yes", "highway": "primary", "lanes": "1", "maxspeed": "35 mph", "oneway": "yes", "ref": "US 1 Bypass", "surface": "asphalt", "tiger:cfcc": "A25", "tiger:county": "York, ME", "tiger:name_base": "US Hwy 1 (Bypass)", "tiger:reviewed": "no" }, "geometry": { "type": "LineString", "coordinates": [ [ -70.7574931, 43.0895202 ], [ -70.757761, 43.0892354 ], [ -70.7578118, 43.0891274 ] ] }, "id": "way/510185494" }, { "type": "Feature", "properties": { "@id": "way/510468751", "cycleway:both": "no", "highway": "primary", "lanes": "4", "maxspeed": "35 mph", "ref": "US 1 Bypass", "sidewalk": "no", "surface": "asphalt", "tiger:cfcc": "A21", "tiger:county": "York, ME", "tiger:name_base": "US Hwy 1 (Bypass)", "tiger:reviewed": "no" }, "geometry": { "type": "LineString", "coordinates": [ [ -70.7480022, 43.0983073 ], [ -70.7475452, 43.0987352 ] ] }, "id": "way/510468751" }, { "type": "Feature", "properties": { "@id": "way/510497345", "bicycle": "no", "expressway": "yes", "foot": "no", "highway": "trunk", "junction": "roundabout", "lanes": "1", "lit": "yes", "maxspeed": "30 mph", "name": "Portsmouth Traffic Circle", "oneway": "yes", "operator": "New Hampshire Department of Transportation Bureau of Turnpikes", "ref": "US 1 Bypass", "surface": "asphalt", "tiger:cfcc": "A21", "tiger:county": "Rockingham, NH", "tiger:name_base": "US Hwy 1 (Bypass)" }, "geometry": { "type": "LineString", "coordinates": [ [ -70.7817783, 43.0728019 ], [ -70.781755, 43.072728 ], [ -70.7817195, 43.0726566 ], [ -70.7816724, 43.072589 ], [ -70.7816143, 43.0725261 ], [ -70.7815461, 43.0724688 ], [ -70.7814688, 43.0724181 ], [ -70.7813836, 43.0723747 ], [ -70.7812918, 43.0723392 ], [ -70.7811947, 43.0723122 ], [ -70.7810938, 43.072294 ] ] }, "id": "way/510497345" }, { "type": "Feature", "properties": { "@id": "way/717269467", "expressway": "yes", "highway": "primary", "lanes": "2", "maxspeed": "35 mph", "old_name": "Yibird Street", "oneway": "yes", "ref": "US 1 Bypass", "sidewalk": "separate", "surface": "asphalt", "tiger:cfcc": "A21", "tiger:county": "Rockingham, NH", "tiger:name_base": "US Hwy 1 (Bypass)" }, "geometry": { "type": "LineString", "coordinates": [ [ -70.7701198, 43.0567551 ], [ -70.7701563, 43.0568332 ], [ -70.7702716, 43.0570379 ], [ -70.7704041, 43.0572296 ], [ -70.7705751, 43.0574427 ], [ -70.7707959, 43.0576999 ] ] }, "id": "way/717269467" }, { "type": "Feature", "properties": { "@id": "way/772999049", "expressway": "yes", "highway": "primary", "lanes": "3", "maxspeed": "35 mph", "old_name": "Yibird Street", "oneway": "yes", "placement": "right_of:2", "ref": "US 1 Bypass", "surface": "asphalt", "tiger:cfcc": "A21", "tiger:county": "Rockingham, NH", "tiger:name_base": "US Hwy 1 (Bypass)", "turn:lanes": "left|through|through;right" }, "geometry": { "type": "LineString", "coordinates": [ [ -70.7790819, 43.0705133 ], [ -70.7788864, 43.0701672 ], [ -70.7788425, 43.0700896 ] ] }, "id": "way/772999049" }, { "type": "Feature", "properties": { "@id": "way/772999050", "expressway": "yes", "highway": "primary", "lanes": "3", "maxspeed": "35 mph", "old_name": "Yibird Street", "oneway": "yes", "placement": "right_of:2", "ref": "US 1 Bypass", "surface": "asphalt", "tiger:cfcc": "A21", "tiger:county": "Rockingham, NH", "tiger:name_base": "US Hwy 1 (Bypass)", "turn:lanes": "left|through|through;right" }, "geometry": { "type": "LineString", "coordinates": [ [ -70.7787067, 43.0698353 ], [ -70.7786606, 43.0697411 ], [ -70.7783883, 43.0692252 ], [ -70.7783697, 43.0691897 ], [ -70.778333, 43.0691198 ] ] }, "id": "way/772999050" }, { "type": "Feature", "properties": { "@id": "way/772999051", "expressway": "yes", "highway": "primary", "lanes": "2", "maxspeed": "35 mph", "old_name": "Yibird Street", "oneway": "yes", "ref": "US 1 Bypass", "surface": "asphalt", "tiger:cfcc": "A21", "tiger:county": "Rockingham, NH", "tiger:name_base": "US Hwy 1 (Bypass)" }, "geometry": { "type": "LineString", "coordinates": [ [ -70.7786897, 43.0701135 ], [ -70.7787403, 43.0702083 ], [ -70.7789807, 43.0706589 ], [ -70.7790629, 43.0708078 ], [ -70.7791563, 43.070966 ], [ -70.7793578, 43.0712865 ], [ -70.779463, 43.0714644 ] ] }, "id": "way/772999051" }, { "type": "Feature", "properties": { "@id": "way/772999052", "expressway": "yes", "highway": "primary", "lanes": "3", "maxspeed": "35 mph", "old_name": "Yibird Street", "oneway": "yes", "placement": "right_of:2", "ref": "US 1 Bypass", "surface": "asphalt", "tiger:cfcc": "A21", "tiger:county": "Rockingham, NH", "tiger:name_base": "US Hwy 1 (Bypass)", "turn:lanes": "left|through|through;right" }, "geometry": { "type": "LineString", "coordinates": [ [ -70.7782886, 43.069373 ], [ -70.7784812, 43.0697232 ], [ -70.7785655, 43.0698801 ], [ -70.7786897, 43.0701135 ] ] }, "id": "way/772999052" }, { "type": "Feature", "properties": { "@id": "way/772999054", "expressway": "yes", "highway": "primary", "lanes": "2", "maxspeed": "40 mph", "old_name": "Yibird Street", "oneway": "yes", "ref": "US 1 Bypass", "sidewalk": "no", "surface": "asphalt", "tiger:cfcc": "A21", "tiger:county": "Rockingham, NH", "tiger:name_base": "US Hwy 1 (Bypass)" }, "geometry": { "type": "LineString", "coordinates": [ [ -70.7777309, 43.0680312 ], [ -70.7776779, 43.0679414 ], [ -70.7775749, 43.0677382 ], [ -70.7772866, 43.0672129 ], [ -70.7770217, 43.0667304 ], [ -70.7767944, 43.0662919 ], [ -70.7756298, 43.0641077 ], [ -70.7750869, 43.0631061 ], [ -70.7748651, 43.0626936 ], [ -70.7747495, 43.0624924 ], [ -70.7746307, 43.0622941 ], [ -70.7745132, 43.0620965 ], [ -70.7743944, 43.0619073 ], [ -70.7742576, 43.0617058 ], [ -70.7741269, 43.0615144 ], [ -70.7739908, 43.0613197 ], [ -70.7738513, 43.0611334 ], [ -70.7737089, 43.060943 ], [ -70.7735601, 43.0607503 ], [ -70.7734081, 43.0605611 ], [ -70.7732552, 43.0603773 ], [ -70.7731002, 43.0601967 ], [ -70.7729487, 43.0600198 ], [ -70.7727189, 43.0597504 ] ] }, "id": "way/772999054" }, { "type": "Feature", "properties": { "@id": "way/772999057", "expressway": "yes", "highway": "primary", "lanes": "2", "maxspeed": "35 mph", "old_name": "Yibird Street", "oneway": "yes", "ref": "US 1 Bypass", "surface": "asphalt", "tiger:cfcc": "A21", "tiger:county": "Rockingham, NH", "tiger:name_base": "US Hwy 1 (Bypass)" }, "geometry": { "type": "LineString", "coordinates": [ [ -70.7781834, 43.069165 ], [ -70.7782207, 43.0692396 ], [ -70.7782886, 43.069373 ] ] }, "id": "way/772999057" }, { "type": "Feature", "properties": { "@id": "way/772999058", "expressway": "yes", "highway": "primary", "lanes": "4", "mapillary": "564336615722225", "maxspeed": "35 mph", "old_name": "Yibird Street", "oneway": "yes", "ref": "US 1 Bypass", "surface": "asphalt", "tiger:cfcc": "A21", "tiger:county": "Rockingham, NH", "tiger:name_base": "US Hwy 1 (Bypass)", "turn:lanes": "left|through|through|right" }, "geometry": { "type": "LineString", "coordinates": [ [ -70.777764, 43.0683683 ], [ -70.7781033, 43.0690098 ], [ -70.7781365, 43.0690743 ] ] }, "id": "way/772999058" }, { "type": "Feature", "properties": { "@id": "way/772999059", "expressway": "yes", "highway": "primary", "lanes": "2", "maxspeed": "35 mph", "old_name": "Yibird Street", "oneway": "yes", "ref": "US 1 Bypass", "sidewalk": "separate", "surface": "asphalt", "tiger:cfcc": "A21", "tiger:county": "Rockingham, NH", "tiger:name_base": "US Hwy 1 (Bypass)" }, "geometry": { "type": "LineString", "coordinates": [ [ -70.7712983, 43.0580861 ], [ -70.7712465, 43.0580228 ], [ -70.7712204, 43.0579908 ], [ -70.7709455, 43.0576573 ] ] }, "id": "way/772999059" }, { "type": "Feature", "properties": { "@id": "way/772999060", "expressway": "yes", "highway": "primary", "lanes": "3", "maxspeed": "35 mph", "old_name": "Yibird Street", "oneway": "yes", "placement": "right_of:2", "ref": "US 1 Bypass", "sidewalk": "no", "surface": "asphalt", "tiger:cfcc": "A21", "tiger:county": "Rockingham, NH", "tiger:name_base": "US Hwy 1 (Bypass)", "turn:lanes": "left|none|through;right" }, "geometry": { "type": "LineString", "coordinates": [ [ -70.7718033, 43.0586746 ], [ -70.7716151, 43.0584534 ], [ -70.7713777, 43.0581834 ], [ -70.7712983, 43.0580861 ] ] }, "id": "way/772999060" }, { "type": "Feature", "properties": { "@id": "way/772999061", "expressway": "yes", "highway": "primary", "lanes": "2", "maxspeed": "40 mph", "old_name": "Yibird Street", "oneway": "yes", "ref": "US 1 Bypass", "sidewalk": "no", "surface": "asphalt", "tiger:cfcc": "A21", "tiger:county": "Rockingham, NH", "tiger:name_base": "US Hwy 1 (Bypass)" }, "geometry": { "type": "LineString", "coordinates": [ [ -70.77176, 43.0588153 ], [ -70.7719258, 43.058999 ], [ -70.7720926, 43.0591838 ], [ -70.7728738, 43.0600919 ], [ -70.7730367, 43.0602808 ], [ -70.7731932, 43.0604609 ], [ -70.7732477, 43.0605272 ], [ -70.7733457, 43.0606465 ], [ -70.7734759, 43.0608086 ], [ -70.7735041, 43.0608439 ], [ -70.7736468, 43.0610255 ], [ -70.7736887, 43.061091 ], [ -70.7737833, 43.0612119 ], [ -70.7739241, 43.0614058 ], [ -70.7740568, 43.0615965 ], [ -70.7741871, 43.0617885 ], [ -70.774314, 43.0619819 ], [ -70.774441, 43.0621822 ], [ -70.7745588, 43.0623806 ], [ -70.7746746, 43.0625815 ], [ -70.7747874, 43.0627844 ], [ -70.7758981, 43.0648334 ], [ -70.7761257, 43.0652625 ] ] }, "id": "way/772999061" }, { "type": "Feature", "properties": { "@id": "way/772999062", "expressway": "yes", "highway": "primary", "lanes": "3", "maxspeed": "35 mph", "old_name": "Yibird Street", "oneway": "yes", "placement": "right_of:2", "ref": "US 1 Bypass", "sidewalk": "separate", "surface": "asphalt", "tiger:cfcc": "A21", "tiger:county": "Rockingham, NH", "tiger:name_base": "US Hwy 1 (Bypass)", "turn:lanes": "left|none|none" }, "geometry": { "type": "LineString", "coordinates": [ [ -70.7706166, 43.0572742 ], [ -70.7705181, 43.0571469 ], [ -70.7704283, 43.0570161 ], [ -70.7703578, 43.0569006 ], [ -70.7702942, 43.0567831 ], [ -70.7702549, 43.0567046 ] ] }, "id": "way/772999062" }, { "type": "Feature", "properties": { "@id": "way/814639952", "cycleway:both": "no", "highway": "primary", "lanes": "5", "lanes:backward": "2", "lanes:both_ways": "1", "lanes:forward": "2", "maxspeed": "35 mph", "ref": "US 1 Bypass", "surface": "asphalt", "tiger:cfcc": "A21", "tiger:county": "York, ME", "tiger:name_base": "US Hwy 1 (Bypass)", "tiger:reviewed": "no", "turn:lanes:both_ways": "left" }, "geometry": { "type": "LineString", "coordinates": [ [ -70.7475452, 43.0987352 ], [ -70.7474279, 43.0988519 ], [ -70.7469865, 43.0992969 ] ] }, "id": "way/814639952" }, { "type": "Feature", "properties": { "@id": "way/814639953", "cycleway:both": "no", "highway": "primary", "lanes": "5", "lanes:backward": "2", "lanes:forward": "3", "maxspeed": "35 mph", "ref": "US 1 Bypass", "sidewalk": "no", "surface": "asphalt", "tiger:cfcc": "A21", "tiger:county": "York, ME", "tiger:name_base": "US Hwy 1 (Bypass)", "tiger:reviewed": "no", "turn:lanes:forward": "left|none|none" }, "geometry": { "type": "LineString", "coordinates": [ [ -70.7487236, 43.0976478 ], [ -70.748355, 43.0979751 ], [ -70.7480022, 43.0983073 ] ] }, "id": "way/814639953" }, { "type": "Feature", "properties": { "@id": "way/814639954", "bicycle": "no", "expressway": "yes", "foot": "no", "highway": "primary", "lanes": "4", "lanes:backward": "2", "lanes:forward": "2", "maxspeed": "35 mph", "old_name": "Yibird Street", "ref": "US 1 Bypass", "sidewalk": "no", "surface": "asphalt", "tiger:cfcc": "A21", "tiger:county": "Rockingham, NH", "tiger:name_base": "US Hwy 1 (Bypass)", "turn:lanes:forward": "left|through" }, "geometry": { "type": "LineString", "coordinates": [ [ -70.767117, 43.081807 ], [ -70.7666724, 43.0820221 ], [ -70.7660644, 43.0823056 ] ] }, "id": "way/814639954" }, { "type": "Feature", "properties": { "@id": "way/865358480", "bicycle": "yes", "bridge": "yes", "bridge:movable": "lift", "bridge:name": "Sarah Mildred Long Bridge", "cycleway": "lane", "description": "Movable segment is in normal position for road traffic, raised position for vessel traffic, and lowered position for rail traffic", "expressway": "yes", "foot": "no", "highway": "primary", "horse": "no", "lanes": "2", "layer": "2", "maxspeed": "35 mph", "name": "Sarah Mildred Long Bridge", "ref": "US 1 Bypass", "sidewalk": "no", "surface": "asphalt", "tiger:cfcc": "B11", "wikidata": "Q101007553", "wikipedia": "en:Sarah Mildred Long Bridge" }, "geometry": { "type": "LineString", "coordinates": [ [ -70.7606473, 43.0869224 ], [ -70.7614563, 43.0863255 ] ] }, "id": "way/865358480" }, { "type": "Feature", "properties": { "@id": "way/865358492", "bicycle": "yes", "bridge": "yes", "bridge:name": "Sarah Mildred Long Bridge", "cycleway": "lane", "expressway": "yes", "foot": "no", "highway": "primary", "lanes": "2", "layer": "2", "maxspeed": "35 mph", "name": "Sarah Mildred Long Bridge", "ref": "US 1 Bypass", "sidewalk": "no", "surface": "asphalt", "wikidata": "Q101007553", "wikipedia": "en:Sarah Mildred Long Bridge" }, "geometry": { "type": "LineString", "coordinates": [ [ -70.7581462, 43.0888496 ], [ -70.7583234, 43.0887024 ], [ -70.7591012, 43.088056 ], [ -70.7593848, 43.0878434 ], [ -70.7594704, 43.0877808 ], [ -70.7598925, 43.0874644 ], [ -70.7606159, 43.0869449 ], [ -70.7606473, 43.0869224 ] ] }, "id": "way/865358492" }, { "type": "Feature", "properties": { "@id": "way/868203733", "bicycle": "no", "expressway": "yes", "foot": "no", "highway": "primary", "lanes": "2", "maxspeed": "40 mph", "old_name": "Yibird Street", "oneway": "yes", "ref": "US 1 Bypass", "sidewalk": "no", "surface": "asphalt", "tiger:cfcc": "A21", "tiger:county": "Rockingham, NH", "tiger:name_base": "US Hwy 1 (Bypass)" }, "geometry": { "type": "LineString", "coordinates": [ [ -70.7797432, 43.0736488 ], [ -70.7790778, 43.074105 ], [ -70.7780138, 43.0748403 ] ] }, "id": "way/868203733" }, { "type": "Feature", "properties": { "@id": "way/888326082", "expressway": "yes", "highway": "primary", "lanes": "3", "maxspeed": "35 mph", "old_name": "Yibird Street", "oneway": "yes", "placement": "right_of:2", "ref": "US 1 Bypass", "surface": "asphalt", "tiger:cfcc": "A21", "tiger:county": "Rockingham, NH", "tiger:name_base": "US Hwy 1 (Bypass)", "turn:lanes": "left|through|through" }, "geometry": { "type": "LineString", "coordinates": [ [ -70.778333, 43.0691198 ], [ -70.7782839, 43.0690264 ] ] }, "id": "way/888326082" }, { "type": "Feature", "properties": { "@id": "way/888326083", "expressway": "yes", "highway": "primary", "lanes": "3", "maxspeed": "35 mph", "old_name": "Yibird Street", "oneway": "yes", "placement": "right_of:2", "ref": "US 1 Bypass", "surface": "asphalt", "tiger:cfcc": "A21", "tiger:county": "Rockingham, NH", "tiger:name_base": "US Hwy 1 (Bypass)", "turn:lanes": "left|none|none" }, "geometry": { "type": "LineString", "coordinates": [ [ -70.7781365, 43.0690743 ], [ -70.7781834, 43.069165 ] ] }, "id": "way/888326083" }, { "type": "Feature", "properties": { "@id": "way/888333463", "bicycle": "no", "expressway": "yes", "foot": "no", "highway": "trunk", "junction": "roundabout", "lanes": "1", "lit": "yes", "maxspeed": "30 mph", "name": "Portsmouth Traffic Circle", "oneway": "yes", "operator": "New Hampshire Department of Transportation Bureau of Turnpikes", "ref": "US 1 Bypass", "surface": "asphalt", "tiger:cfcc": "A21", "tiger:county": "Rockingham, NH", "tiger:name_base": "US Hwy 1 (Bypass)" }, "geometry": { "type": "LineString", "coordinates": [ [ -70.7809941, 43.0735216 ], [ -70.7810799, 43.0735145 ], [ -70.7811643, 43.073501 ], [ -70.7812464, 43.0734814 ], [ -70.7813253, 43.0734558 ], [ -70.7814002, 43.0734244 ], [ -70.7814704, 43.0733877 ], [ -70.7815351, 43.0733459 ], [ -70.7815936, 43.0732995 ], [ -70.7816454, 43.073249 ], [ -70.7816899, 43.0731949 ], [ -70.7817266, 43.0731379 ], [ -70.7817552, 43.0730783 ], [ -70.7817753, 43.073017 ], [ -70.7817868, 43.0729545 ] ] }, "id": "way/888333463" }, { "type": "Feature", "properties": { "@id": "way/888333465", "bicycle": "no", "expressway": "yes", "foot": "no", "highway": "primary", "lanes": "2", "maxspeed": "40 mph", "oneway": "yes", "ref": "US 1 Bypass", "sidewalk": "no", "surface": "asphalt", "tiger:cfcc": "A21", "tiger:county": "Rockingham, NH", "tiger:name_base": "US Hwy 1 (Bypass)" }, "geometry": { "type": "LineString", "coordinates": [ [ -70.7691327, 43.080896 ], [ -70.7693449, 43.0807941 ], [ -70.7696123, 43.0806545 ], [ -70.7698277, 43.0805429 ], [ -70.7700665, 43.0804075 ], [ -70.7703103, 43.0802601 ], [ -70.7705306, 43.0801137 ], [ -70.7708772, 43.0798896 ], [ -70.7712871, 43.0796063 ] ] }, "id": "way/888333465" }, { "type": "Feature", "properties": { "@id": "way/888333467", "bicycle": "no", "expressway": "yes", "foot": "no", "highway": "primary", "lanes": "2", "maxspeed": "40 mph", "old_name": "Yibird Street", "oneway": "yes", "ref": "US 1 Bypass", "sidewalk": "no", "surface": "asphalt", "tiger:cfcc": "A21", "tiger:county": "Rockingham, NH", "tiger:name_base": "US Hwy 1 (Bypass)" }, "geometry": { "type": "LineString", "coordinates": [ [ -70.7716867, 43.0792039 ], [ -70.7711738, 43.0795549 ], [ -70.7707837, 43.0798281 ], [ -70.77029, 43.080159 ], [ -70.7698793, 43.080401 ], [ -70.769637, 43.0805364 ], [ -70.7694526, 43.0806308 ], [ -70.7692899, 43.0807138 ], [ -70.7690282, 43.0808368 ] ] }, "id": "way/888333467" }, { "type": "Feature", "properties": { "@id": "way/1068581588", "bicycle": "no", "expressway": "yes", "foot": "no", "highway": "trunk", "junction": "roundabout", "lanes": "2", "lit": "yes", "maxspeed": "30 mph", "name": "Portsmouth Traffic Circle", "oneway": "yes", "operator": "New Hampshire Department of Transportation Bureau of Turnpikes", "placement": "middle_of:1", "ref": "US 1 Bypass", "surface": "asphalt", "tiger:cfcc": "A21", "tiger:county": "Rockingham, NH", "tiger:name_base": "US Hwy 1 (Bypass)", "turn:lanes": "through;right|right" }, "geometry": { "type": "LineString", "coordinates": [ [ -70.7810938, 43.072294 ], [ -70.7809879, 43.0722849 ] ] }, "id": "way/1068581588" }, { "type": "Feature", "properties": { "@id": "way/1144576215", "expressway": "yes", "highway": "primary", "lanes": "3", "maxspeed": "35 mph", "old_name": "Yibird Street", "oneway": "yes", "placement": "right_of:1", "ref": "US 1 Bypass", "surface": "asphalt", "tiger:cfcc": "A21", "tiger:county": "Rockingham, NH", "tiger:name_base": "US Hwy 1 (Bypass)", "turn:lanes": "||right" }, "geometry": { "type": "LineString", "coordinates": [ [ -70.7774807, 43.0678303 ], [ -70.777522, 43.0679091 ], [ -70.7777217, 43.0682881 ], [ -70.777764, 43.0683683 ] ] }, "id": "way/1144576215" }, { "type": "Feature", "properties": { "@id": "way/1147753260", "bicycle": "no", "expressway": "yes", "foot": "no", "highway": "primary", "lanes": "3", "lanes:backward": "2", "lanes:forward": "1", "maxspeed": "35 mph", "old_name": "Yibird Street", "ref": "US 1 Bypass", "sidewalk": "no", "surface": "asphalt", "tiger:cfcc": "A21", "tiger:county": "Rockingham, NH", "tiger:name_base": "US Hwy 1 (Bypass)" }, "geometry": { "type": "LineString", "coordinates": [ [ -70.7683659, 43.0812105 ], [ -70.767117, 43.081807 ] ] }, "id": "way/1147753260" }, { "type": "Feature", "properties": { "@id": "way/1210442585", "expressway": "yes", "highway": "primary", "lanes": "2", "maxspeed": "35 mph", "name": "US 1 Bypass", "oneway": "yes", "ref": "US 1 Bypass", "surface": "asphalt", "tiger:cfcc": "A21", "tiger:county": "York, ME", "tiger:name_base": "US Hwy 1 (Bypass)", "tiger:reviewed": "no" }, "geometry": { "type": "LineString", "coordinates": [ [ -70.7574102, 43.0894856 ], [ -70.7572761, 43.0896286 ] ] }, "id": "way/1210442585" }, { "type": "Feature", "properties": { "@id": "way/1211944953", "bicycle": "no", "destination:lanes": "Hampton;Maine-Massachusetts|Dover;Concord", "destination:ref:lanes": "US 1 Bypass South|US 4;NH 16", "destination:street": "|Spaulding Turnpike", "expressway": "yes", "foot": "no", "highway": "primary", "lanes": "2", "maxspeed": "40 mph", "oneway": "yes", "ref": "US 1 Bypass", "sidewalk": "no", "surface": "asphalt", "tiger:cfcc": "A21", "tiger:county": "Rockingham, NH", "tiger:name_base": "US Hwy 1 (Bypass)" }, "geometry": { "type": "LineString", "coordinates": [ [ -70.7757956, 43.0764937 ], [ -70.7759897, 43.0763558 ], [ -70.7775866, 43.0752557 ], [ -70.7780989, 43.0749048 ] ] }, "id": "way/1211944953" }, { "type": "Feature", "properties": { "@id": "way/1228724787", "expressway": "yes", "highway": "primary", "lanes": "3", "maxspeed": "35 mph", "old_name": "Yibird Street", "oneway": "yes", "placement": "right_of:1", "ref": "US 1 Bypass", "sidewalk": "no", "surface": "asphalt", "tiger:cfcc": "A21", "tiger:county": "Rockingham, NH", "tiger:name_base": "US Hwy 1 (Bypass)", "turn:lanes": "||right" }, "geometry": { "type": "LineString", "coordinates": [ [ -70.7727189, 43.0597504 ], [ -70.7724579, 43.0594446 ] ] }, "id": "way/1228724787" }, { "type": "Feature", "properties": { "@id": "way/1228724788", "expressway": "yes", "highway": "primary", "lanes": "2", "maxspeed": "35 mph", "old_name": "Yibird Street", "oneway": "yes", "ref": "US 1 Bypass", "sidewalk": "no", "surface": "asphalt", "tiger:cfcc": "A21", "tiger:county": "Rockingham, NH", "tiger:name_base": "US Hwy 1 (Bypass)" }, "geometry": { "type": "LineString", "coordinates": [ [ -70.7724579, 43.0594446 ], [ -70.7722332, 43.0591812 ], [ -70.7719637, 43.0588615 ], [ -70.7718033, 43.0586746 ] ] }, "id": "way/1228724788" }, { "type": "Feature", "properties": { "@id": "way/1228882567", "expressway": "yes", "highway": "primary", "lanes": "2", "maxspeed": "35 mph", "old_name": "Yibird Street", "oneway": "yes", "ref": "US 1 Bypass", "surface": "asphalt", "tiger:cfcc": "A21", "tiger:county": "Rockingham, NH", "tiger:name_base": "US Hwy 1 (Bypass)" }, "geometry": { "type": "LineString", "coordinates": [ [ -70.7788425, 43.0700896 ], [ -70.7787067, 43.0698353 ] ] }, "id": "way/1228882567" }, { "type": "Feature", "properties": { "@id": "way/1228882574", "expressway": "yes", "highway": "primary", "lanes": "3", "maxspeed": "35 mph", "old_name": "Yibird Street", "oneway": "yes", "placement": "right_of:1", "ref": "US 1 Bypass", "surface": "asphalt", "tiger:cfcc": "A21", "tiger:county": "Rockingham, NH", "tiger:name_base": "US Hwy 1 (Bypass)", "turn:lanes": "||right" }, "geometry": { "type": "LineString", "coordinates": [ [ -70.7771069, 43.0671086 ], [ -70.7772564, 43.0674118 ], [ -70.7773986, 43.0676837 ], [ -70.7774807, 43.0678303 ] ] }, "id": "way/1228882574" }, { "type": "Feature", "properties": { "@id": "way/1230163879", "destination:ref": "US 1 Bypass South", "expressway": "yes", "highway": "primary", "lanes": "3", "maxspeed": "35 mph", "old_name": "Yibird Street", "oneway": "yes", "placement": "right_of:1", "ref": "US 1 Bypass", "surface": "asphalt", "tiger:cfcc": "A21", "tiger:county": "Rockingham, NH", "tiger:name_base": "US Hwy 1 (Bypass)", "turn:lanes": "||right" }, "geometry": { "type": "LineString", "coordinates": [ [ -70.7796573, 43.0715095 ], [ -70.7793543, 43.0710085 ] ] }, "id": "way/1230163879" }, { "type": "Feature", "properties": { "@id": "way/1230163880", "destination:ref": "US 1 Bypass South", "expressway": "yes", "highway": "primary", "lanes": "2", "maxspeed": "35 mph", "old_name": "Yibird Street", "oneway": "yes", "ref": "US 1 Bypass", "surface": "asphalt", "tiger:cfcc": "A21", "tiger:county": "Rockingham, NH", "tiger:name_base": "US Hwy 1 (Bypass)" }, "geometry": { "type": "LineString", "coordinates": [ [ -70.7793543, 43.0710085 ], [ -70.7793157, 43.0709441 ], [ -70.7791464, 43.0706394 ], [ -70.7790819, 43.0705133 ] ] }, "id": "way/1230163880" }, { "type": "Feature", "properties": { "@id": "way/1254192608", "destination:ref": "US 1 Bypass South", "expressway": "yes", "highway": "primary", "lanes": "2", "maxspeed": "35 mph", "old_name": "Yibird Street", "oneway": "yes", "placement": "transition", "ref": "US 1 Bypass", "surface": "asphalt", "tiger:cfcc": "A21", "tiger:county": "Rockingham, NH", "tiger:name_base": "US Hwy 1 (Bypass)" }, "geometry": { "type": "LineString", "coordinates": [ [ -70.7809879, 43.0722849 ], [ -70.7808585, 43.072272 ], [ -70.78073, 43.0722556 ], [ -70.780603, 43.0722336 ], [ -70.7804781, 43.0722062 ], [ -70.7803676, 43.0721816 ] ] }, "id": "way/1254192608" }, { "type": "Feature", "properties": { "@id": "way/1254192610", "bicycle": "no", "change": "no", "destination": "Portsmouth;Woodbury Avenue", "destination:ref": "US 1 Bypass North", "expressway": "yes", "foot": "no", "highway": "primary", "lanes": "2", "maxspeed": "35 mph", "old_name": "Yibird Street", "oneway": "yes", "placement": "transition", "ref": "US 1 Bypass", "sidewalk": "no", "surface": "asphalt", "tiger:cfcc": "A21", "tiger:county": "Rockingham, NH", "tiger:name_base": "US Hwy 1 (Bypass)" }, "geometry": { "type": "LineString", "coordinates": [ [ -70.7800973, 43.072959 ], [ -70.7800613, 43.0730813 ], [ -70.7800334, 43.0732025 ], [ -70.7799784, 43.0733586 ] ] }, "id": "way/1254192610" }, { "type": "Feature", "properties": { "@id": "way/1303313709", "highway": "primary", "lanes": "5", "lanes:backward": "2", "lanes:both_ways": "1", "lanes:forward": "2", "maxspeed": "35 mph", "ref": "US 1 Bypass", "surface": "asphalt", "tiger:cfcc": "A21", "tiger:county": "York, ME", "tiger:name_base": "US Hwy 1 (Bypass)", "tiger:reviewed": "no", "turn:lanes:both_ways": "left" }, "geometry": { "type": "LineString", "coordinates": [ [ -70.7469625, 43.099321 ], [ -70.7468557, 43.0994287 ] ] }, "id": "way/1303313709" }, { "type": "Feature", "properties": { "@id": "way/1303313710", "highway": "primary", "lanes": "5", "lanes:backward": "2", "lanes:both_ways": "1", "lanes:forward": "2", "maxspeed": "35 mph", "ref": "US 1 Bypass", "surface": "asphalt", "tiger:cfcc": "A21", "tiger:county": "York, ME", "tiger:name_base": "US Hwy 1 (Bypass)", "tiger:reviewed": "no", "turn:lanes:both_ways": "left" }, "geometry": { "type": "LineString", "coordinates": [ [ -70.7469865, 43.0992969 ], [ -70.7469625, 43.099321 ] ] }, "id": "way/1303313710" }, { "type": "Feature", "properties": { "@id": "way/1351668625", "bicycle": "yes", "bridge:name": "Sarah Mildred Long Bridge", "cycleway": "lane", "expressway": "yes", "foot": "no", "highway": "primary", "lanes": "2", "maxspeed": "35 mph", "ref": "US 1 Bypass", "sidewalk": "no", "surface": "asphalt" }, "geometry": { "type": "LineString", "coordinates": [ [ -70.7578118, 43.0891274 ], [ -70.7581462, 43.0888496 ] ] }, "id": "way/1351668625" }, { "type": "Feature", "properties": { "@id": "way/1364589969", "bicycle": "no", "expressway": "yes", "foot": "no", "highway": "primary", "lanes": "2", "maxspeed": "40 mph", "oneway": "yes", "ref": "US 1 Bypass", "sidewalk": "no", "surface": "asphalt", "tiger:cfcc": "A21", "tiger:county": "Rockingham, NH", "tiger:name_base": "US Hwy 1 (Bypass)" }, "geometry": { "type": "LineString", "coordinates": [ [ -70.7729457, 43.0784615 ], [ -70.7738386, 43.0778428 ], [ -70.7742737, 43.0775434 ], [ -70.7756713, 43.076582 ], [ -70.7757956, 43.0764937 ] ] }, "id": "way/1364589969" }, { "type": "Feature", "properties": { "@id": "way/1421434458", "expressway": "yes", "highway": "primary", "lanes": "2", "maxspeed": "35 mph", "old_name": "Yibird Street", "oneway": "yes", "ref": "US 1 Bypass", "sidewalk": "no", "surface": "asphalt", "tiger:cfcc": "A21", "tiger:county": "Rockingham, NH", "tiger:name_base": "US Hwy 1 (Bypass)" }, "geometry": { "type": "LineString", "coordinates": [ [ -70.7711971, 43.0581727 ], [ -70.7712865, 43.0582775 ], [ -70.7715934, 43.0586257 ], [ -70.77176, 43.0588153 ] ] }, "id": "way/1421434458" }, { "type": "Feature", "properties": { "@id": "way/1421434459", "expressway": "yes", "highway": "primary", "lanes": "2", "maxspeed": "35 mph", "old_name": "Yibird Street", "oneway": "yes", "ref": "US 1 Bypass", "sidewalk": "no", "surface": "asphalt", "tiger:cfcc": "A21", "tiger:county": "Rockingham, NH", "tiger:name_base": "US Hwy 1 (Bypass)" }, "geometry": { "type": "LineString", "coordinates": [ [ -70.7761257, 43.0652625 ], [ -70.7768259, 43.0665824 ], [ -70.7771069, 43.0671086 ] ] }, "id": "way/1421434459" }, { "type": "Feature", "properties": { "@id": "way/1421434460", "expressway": "yes", "highway": "primary", "lanes": "2", "maxspeed": "35 mph", "old_name": "Yibird Street", "oneway": "yes", "ref": "US 1 Bypass", "sidewalk": "no", "surface": "asphalt", "tiger:cfcc": "A21", "tiger:county": "Rockingham, NH", "tiger:name_base": "US Hwy 1 (Bypass)" }, "geometry": { "type": "LineString", "coordinates": [ [ -70.7782839, 43.0690264 ], [ -70.7782525, 43.0689662 ], [ -70.7780168, 43.0685365 ], [ -70.7779042, 43.0683298 ], [ -70.7777969, 43.0681466 ], [ -70.7777309, 43.0680312 ] ] }, "id": "way/1421434460" }, { "type": "Feature", "properties": { "@id": "way/1551037168", "bicycle": "no", "expressway": "yes", "foot": "no", "highway": "trunk", "junction": "roundabout", "lanes": "1", "lit": "yes", "maxspeed": "30 mph", "name": "Portsmouth Traffic Circle", "oneway": "yes", "operator": "New Hampshire Department of Transportation Bureau of Turnpikes", "ref": "US 1 Bypass", "surface": "asphalt", "tiger:cfcc": "A21", "tiger:county": "Rockingham, NH", "tiger:name_base": "US Hwy 1 (Bypass)" }, "geometry": { "type": "LineString", "coordinates": [ [ -70.7817868, 43.0729545 ], [ -70.7817783, 43.0728019 ] ] }, "id": "way/1551037168" }, { "type": "Feature", "properties": { "@id": "way/1551037169", "bicycle": "no", "expressway": "yes", "foot": "no", "highway": "trunk", "junction": "roundabout", "lanes": "1", "lit": "yes", "maxspeed": "30 mph", "name": "Portsmouth Traffic Circle", "oneway": "yes", "operator": "New Hampshire Department of Transportation Bureau of Turnpikes", "ref": "US 1 Bypass", "surface": "asphalt", "tiger:cfcc": "A21", "tiger:county": "Rockingham, NH", "tiger:name_base": "US Hwy 1 (Bypass)" }, "geometry": { "type": "LineString", "coordinates": [ [ -70.7807346, 43.073504 ], [ -70.7808634, 43.0735201 ], [ -70.7809941, 43.0735216 ] ] }, "id": "way/1551037169" },



{"type":"Feature","geometry":{"type":"LineString","coordinates":[[-71.48799,43.51655],[-71.48748,43.517],[-71.48665,43.51751],[-71.48594,43.51783],[-71.48301,43.51861],[-71.48208,43.51882],[-71.478,43.51952],[-71.47764,43.51961],[-71.47731,43.51976],[-71.47539,43.52087],[-71.474,43.52175],[-71.47326,43.52225],[-71.46975,43.52487],[-71.46858,43.52567],[-71.46782,43.52626],[-71.46755,43.52656],[-71.46737,43.52687],[-71.46706,43.52783],[-71.46692,43.5282],[-71.46673,43.52851],[-71.46439,43.53141],[-71.46338,43.53259],[-71.46321,43.53285],[-71.46312,43.53312],[-71.46313,43.53348],[-71.46329,43.53534],[-71.46336,43.53579],[-71.46352,43.53619],[-71.46584,43.54065],[-71.46597,43.54093],[-71.46581,43.54187],[-71.46568,43.54236],[-71.46547,43.54293],[-71.46515,43.54361],[-71.46477,43.54428],[-71.46325,43.54642],[-71.46275,43.5472],[-71.46069,43.55063],[-71.46039,43.55107],[-71.46002,43.55149],[-71.45959,43.55192],[-71.45918,43.55226],[-71.45871,43.55261],[-71.45829,43.55286],[-71.45777,43.5531],[-71.45742,43.55337],[-71.45711,43.55369],[-71.45682,43.55414],[-71.45513,43.55703],[-71.45442,43.55812],[-71.45421,43.55856],[-71.4539,43.55909],[-71.45276,43.56066],[-71.45228,43.56122],[-71.45185,43.5616],[-71.45142,43.56194],[-71.45097,43.56222],[-71.45072,43.56233],[-71.45029,43.56246],[-71.44858,43.56271]]},
"properties":{"name":"US 3 Business","description":"Lanconia, NH","stroke":"#0000ff","stroke-opacity":1,"stroke-width":3,"ref":"US 3","routeRef":"I 3","routeTier":"primary","routeTensDigit":0,"routeOnesDigit":"odd"}},


 { "type": "Feature", "properties": { "@id": "way/20579966", "highway": "secondary", "lanes": "2", "name": "White Street", "oneway": "yes", "ref": "US 11 BUS", "tiger:cfcc": "A41", "tiger:county": "Lexington, VA", "tiger:name_base": "White", "tiger:name_type": "St" }, "geometry": { "type": "LineString", "coordinates": [ [ -79.4473357, 37.7814702 ], [ -79.446828, 37.781081 ], [ -79.446744, 37.781018 ], [ -79.4465926, 37.7809272 ] ] }, "id": "way/20579966" }, { "type": "Feature", "properties": { "@id": "way/20580019", "highway": "secondary", "lanes": "2", "maxspeed": "25 mph", "name": "South Jefferson Street", "oneway": "yes", "ref": "US 11 BUS", "surface": "asphalt", "tiger:cfcc": "A41", "tiger:county": "Lexington, VA", "tiger:name_base": "Jefferson", "tiger:name_direction_prefix": "S", "tiger:name_type": "St", "tiger:reviewed": "no", "tiger:zip_left": "24450", "tiger:zip_right": "24450" }, "geometry": { "type": "LineString", "coordinates": [ [ -79.44275, 37.785601 ], [ -79.442787, 37.785567 ], [ -79.4429758, 37.7853932 ], [ -79.44315, 37.785233 ], [ -79.443246, 37.785149 ], [ -79.4436953, 37.7847512 ], [ -79.443743, 37.784709 ], [ -79.443775, 37.7846809 ], [ -79.4440719, 37.7844196 ], [ -79.4442322, 37.7842785 ], [ -79.4443892, 37.7841403 ], [ -79.4445174, 37.7840274 ], [ -79.444744, 37.783828 ], [ -79.445152, 37.783472 ], [ -79.445545, 37.783114 ], [ -79.4457647, 37.7829106 ], [ -79.446113, 37.78262 ], [ -79.446698, 37.782079 ], [ -79.446863, 37.781924 ], [ -79.4473357, 37.7814702 ] ] }, "id": "way/20580019" }, { "type": "Feature", "properties": { "@id": "way/20580269", "highway": "secondary", "name": "North Main Street", "oneway": "yes", "ref": "US 11 BUS", "tiger:cfcc": "A21", "tiger:county": "Lexington, VA", "tiger:name_base": "Main", "tiger:name_direction_prefix": "N", "tiger:name_type": "St", "tiger:reviewed": "no", "tiger:zip_left": "24450", "tiger:zip_right": "24450" }, "geometry": { "type": "LineString", "coordinates": [ [ -79.4305717, 37.7894625 ], [ -79.4301277, 37.7894892 ], [ -79.4300265, 37.7894976 ], [ -79.4297346, 37.7895218 ], [ -79.4296291, 37.7895552 ] ] }, "id": "way/20580269" }, { "type": "Feature", "properties": { "@id": "way/20581049", "highway": "secondary", "lanes": "2", "maxspeed": "25 mph", "name": "North Main Street", "oneway": "yes", "ref": "US 11 BUS", "sidewalk:both": "separate", "surface": "asphalt", "tiger:cfcc": "A21", "tiger:county": "Lexington, VA", "tiger:name_base": "Main", "tiger:name_direction_prefix": "N", "tiger:name_type": "St", "tiger:reviewed": "no", "tiger:zip_left": "24450", "tiger:zip_right": "24450" }, "geometry": { "type": "LineString", "coordinates": [ [ -79.4419599, 37.785049 ], [ -79.4419119, 37.7850919 ], [ -79.44158, 37.785388 ], [ -79.4414796, 37.7854843 ], [ -79.4412465, 37.7857077 ], [ -79.4411808, 37.7857707 ], [ -79.4410276, 37.7859175 ], [ -79.4409998, 37.7859442 ], [ -79.4409488, 37.7859952 ], [ -79.4407985, 37.7861453 ], [ -79.4407247, 37.7862772 ], [ -79.4406669, 37.7864032 ], [ -79.440615, 37.7865352 ], [ -79.4405704, 37.7866484 ], [ -79.4405603, 37.786674 ], [ -79.4405397, 37.7867485 ] ] }, "id": "way/20581049" }, { "type": "Feature", "properties": { "@id": "way/20581328", "highway": "secondary", "lanes": "1", "maxspeed": "25 mph", "name": "North Jefferson Street", "oneway": "yes", "ref": "US 11 BUS", "sidewalk:left": "no", "sidewalk:right": "separate", "surface": "asphalt", "tiger:cfcc": "A41", "tiger:county": "Lexington, VA", "tiger:name_base": "Jefferson", "tiger:name_direction_prefix": "N", "tiger:name_type": "St", "tiger:reviewed": "no" }, "geometry": { "type": "LineString", "coordinates": [ [ -79.4402541, 37.7873241 ], [ -79.4403733, 37.7872512 ], [ -79.4403879, 37.7872423 ], [ -79.4404905, 37.7871621 ], [ -79.4406226, 37.7871125 ], [ -79.4409778, 37.7870332 ] ] }, "id": "way/20581328" }, { "type": "Feature", "properties": { "@id": "way/20581493", "highway": "secondary", "lanes": "2", "maxspeed": "25 mph", "name": "South Main Street", "ref": "US 11 BUS", "tiger:cfcc": "A21", "tiger:county": "Lexington, VA", "tiger:name_base": "Main", "tiger:name_direction_prefix": "S", "tiger:name_type": "St", "tiger:zip_left": "24450", "tiger:zip_right": "24450" }, "geometry": { "type": "LineString", "coordinates": [ [ -79.4477556, 37.7697869 ], [ -79.447865, 37.7703859 ], [ -79.4479036, 37.7705975 ], [ -79.4479431, 37.7707806 ], [ -79.4479475, 37.7708011 ], [ -79.4479807, 37.7709513 ], [ -79.448047, 37.7711714 ], [ -79.448077, 37.7712539 ], [ -79.4480998, 37.771332 ], [ -79.448189, 37.7715281 ], [ -79.4482512, 37.77164 ], [ -79.448414, 37.7719028 ], [ -79.4485268, 37.7720527 ], [ -79.4486652, 37.7722354 ], [ -79.4487614, 37.7723522 ], [ -79.4489324, 37.7725345 ], [ -79.4490824, 37.7726817 ], [ -79.4493587, 37.7729344 ], [ -79.4495957, 37.773151 ], [ -79.4497564, 37.7733162 ], [ -79.4498301, 37.7733952 ], [ -79.449893, 37.7734714 ], [ -79.4500022, 37.7736273 ], [ -79.4500708, 37.7737629 ], [ -79.4501445, 37.7739452 ], [ -79.4502033, 37.7741281 ], [ -79.4502212, 37.7741988 ], [ -79.4502386, 37.7742811 ], [ -79.4502498, 37.7743593 ], [ -79.4502555, 37.7744686 ], [ -79.450259, 37.774602 ], [ -79.4502429, 37.7747923 ], [ -79.450205, 37.774941 ], [ -79.4501305, 37.7751134 ], [ -79.4497728, 37.7758136 ], [ -79.449404, 37.7765299 ], [ -79.449168, 37.7769939 ], [ -79.4491072, 37.7771053 ], [ -79.448965, 37.777406 ], [ -79.4486993, 37.777791 ], [ -79.4485487, 37.7780042 ], [ -79.4483341, 37.7783321 ], [ -79.4480301, 37.7787778 ], [ -79.4476654, 37.7793178 ], [ -79.447367, 37.779791 ], [ -79.447289, 37.779906 ], [ -79.446839, 37.780566 ], [ -79.4465926, 37.7809272 ] ] }, "id": "way/20581493" }, { "type": "Feature", "properties": { "@id": "way/51101601", "highway": "secondary", "lanes": "2", "name": "South Lee Highway", "ref": "US 11 BUS", "tiger:cfcc": "A21", "tiger:county": "Rockbridge, VA", "tiger:name_base": "Lee", "tiger:name_direction_prefix": "S", "tiger:name_type": "Hwy", "tiger:reviewed": "no" }, "geometry": { "type": "LineString", "coordinates": [ [ -79.4476684, 37.7692763 ], [ -79.4477178, 37.7695658 ] ] }, "id": "way/51101601" }, { "type": "Feature", "properties": { "@id": "way/69022833", "highway": "secondary", "lanes": "2", "maxspeed": "25 mph", "name": "North Main Street", "parking:both": "no", "ref": "US 11 BUS", "sidewalk:left": "no", "sidewalk:right": "separate", "tiger:cfcc": "A21", "tiger:county": "Lexington, VA", "tiger:name_base": "Main", "tiger:name_direction_prefix": "N", "tiger:name_type": "St", "tiger:reviewed": "no", "tiger:zip_left": "24450", "tiger:zip_right": "24450" }, "geometry": { "type": "LineString", "coordinates": [ [ -79.4402541, 37.7873241 ], [ -79.4402356, 37.7873507 ], [ -79.4401964, 37.787404 ], [ -79.4400839, 37.7875178 ], [ -79.440005, 37.787582 ], [ -79.4395335, 37.7878587 ], [ -79.4393985, 37.7879379 ], [ -79.439162, 37.78808 ], [ -79.439033, 37.788141 ], [ -79.4389843, 37.7881608 ], [ -79.438932, 37.788182 ], [ -79.438233, 37.788433 ], [ -79.437397, 37.788721 ], [ -79.4373161, 37.788748 ], [ -79.437202, 37.788789 ], [ -79.436338, 37.789121 ] ] }, "id": "way/69022833" }, { "type": "Feature", "properties": { "@id": "way/69022836", "highway": "secondary", "lanes": "2", "maxspeed": "25 mph", "name": "South Main Street", "oneway": "yes", "ref": "US 11 BUS", "surface": "asphalt", "tiger:cfcc": "A21", "tiger:county": "Lexington, VA", "tiger:name_base": "Main", "tiger:name_base_1": "United States Highway 11", "tiger:name_direction_prefix": "S", "tiger:name_type": "St", "tiger:zip_left": "24450", "tiger:zip_right": "24450" }, "geometry": { "type": "LineString", "coordinates": [ [ -79.4465926, 37.7809272 ], [ -79.4465745, 37.7809434 ], [ -79.446248, 37.7812346 ], [ -79.4459094, 37.7815365 ], [ -79.4457879, 37.7816448 ], [ -79.4453877, 37.7820017 ], [ -79.4450606, 37.7822933 ], [ -79.445011, 37.7823376 ], [ -79.4443764, 37.7828932 ], [ -79.4439688, 37.7832669 ], [ -79.4436683, 37.7835348 ], [ -79.4432172, 37.7839371 ], [ -79.443003, 37.7841281 ], [ -79.4429688, 37.7841586 ], [ -79.4429221, 37.7842002 ], [ -79.4427128, 37.7843869 ], [ -79.4425841, 37.7845017 ], [ -79.4424777, 37.7845965 ], [ -79.4420088, 37.7850063 ], [ -79.4419599, 37.785049 ] ] }, "id": "way/69022836" }, { "type": "Feature", "properties": { "@id": "way/123302300", "highway": "secondary", "name": "North Main Street", "oneway": "yes", "ref": "US 11 BUS", "tiger:cfcc": "A21", "tiger:county": "Lexington, VA", "tiger:name_base": "Main", "tiger:name_direction_prefix": "N", "tiger:name_type": "St", "tiger:reviewed": "no", "tiger:zip_left": "24450", "tiger:zip_right": "24450" }, "geometry": { "type": "LineString", "coordinates": [ [ -79.4291936, 37.7904047 ], [ -79.4292888, 37.7903136 ], [ -79.4294996, 37.7901255 ], [ -79.4296168, 37.790021 ], [ -79.4299649, 37.7897103 ], [ -79.4300929, 37.78963 ], [ -79.4301653, 37.7895904 ], [ -79.430248, 37.7895536 ], [ -79.4303496, 37.7895169 ], [ -79.4305717, 37.7894625 ] ] }, "id": "way/123302300" }, { "type": "Feature", "properties": { "@id": "way/123302304", "highway": "secondary", "oneway": "yes", "ref": "US 11 BUS", "tiger:cfcc": "A63", "tiger:county": "Lexington, VA", "tiger:reviewed": "no" }, "geometry": { "type": "LineString", "coordinates": [ [ -79.4290009, 37.7897596 ], [ -79.4288354, 37.7898586 ], [ -79.4287381, 37.7899485 ], [ -79.4286579, 37.7900558 ], [ -79.4285775, 37.7901596 ], [ -79.4285031, 37.7902847 ] ] }, "id": "way/123302304" }, { "type": "Feature", "properties": { "@id": "way/123302310", "bridge": "yes", "highway": "secondary", "layer": "1", "name": "North Main Street", "oneway": "no", "ref": "US 11 BUS", "tiger:cfcc": "A21", "tiger:county": "Lexington, VA", "tiger:name_base": "Main", "tiger:name_direction_prefix": "N", "tiger:name_type": "St", "tiger:reviewed": "no", "tiger:zip_left": "24450", "tiger:zip_right": "24450" }, "geometry": { "type": "LineString", "coordinates": [ [ -79.4295795, 37.7895578 ], [ -79.4295169, 37.7895666 ], [ -79.4294125, 37.7895925 ], [ -79.4293248, 37.7896137 ], [ -79.4292588, 37.789634 ], [ -79.4291652, 37.7896701 ], [ -79.4291004, 37.7896955 ] ] }, "id": "way/123302310" }, { "type": "Feature", "properties": { "@id": "way/123302750", "highway": "secondary", "maxspeed": "25 mph", "name": "North Main Street", "oneway": "yes", "ref": "US 11 BUS", "tiger:cfcc": "A21", "tiger:county": "Lexington, VA", "tiger:name_base": "Main", "tiger:name_base_1": "United States Highway 11", "tiger:name_direction_prefix": "N", "tiger:name_type": "St", "tiger:reviewed": "no", "tiger:zip_left": "24450", "tiger:zip_right": "24450" }, "geometry": { "type": "LineString", "coordinates": [ [ -79.4284505, 37.7910727 ], [ -79.4285319, 37.7910007 ], [ -79.4287194, 37.7908226 ], [ -79.4290501, 37.7905169 ], [ -79.4291936, 37.7904047 ] ] }, "id": "way/123302750" }, { "type": "Feature", "properties": { "@id": "way/356998691", "highway": "secondary", "lanes": "2", "maxspeed": "25 mph", "name": "North Main Street", "parking:both": "no", "ref": "US 11 BUS", "tiger:cfcc": "A21", "tiger:county": "Lexington, VA", "tiger:name_base": "Main", "tiger:name_base_1": "United States Highway 11", "tiger:name_direction_prefix": "N", "tiger:name_type": "St", "tiger:reviewed": "no", "tiger:zip_left": "24450", "tiger:zip_right": "24450" }, "geometry": { "type": "LineString", "coordinates": [ [ -79.434718, 37.78958 ], [ -79.4343508, 37.7896081 ], [ -79.4340114, 37.789634 ], [ -79.4334256, 37.7896859 ], [ -79.4332521, 37.7896821 ], [ -79.4330772, 37.7896749 ], [ -79.432984, 37.789671 ], [ -79.432055, 37.7895931 ], [ -79.431994, 37.789588 ], [ -79.431752, 37.78955 ], [ -79.4316722, 37.7895348 ], [ -79.431363, 37.789476 ], [ -79.431182, 37.789446 ], [ -79.43108, 37.789437 ], [ -79.430938, 37.789437 ], [ -79.430853, 37.789444 ], [ -79.4306349, 37.7894561 ], [ -79.4305717, 37.7894625 ] ] }, "id": "way/356998691" }, { "type": "Feature", "properties": { "@id": "way/363535926", "highway": "secondary", "lanes": "1", "maxspeed": "25 mph", "name": "North Main Street", "oneway": "yes", "ref": "US 11 BUS", "sidewalk:left": "no", "sidewalk:right": "separate", "surface": "asphalt", "tiger:cfcc": "A21", "tiger:county": "Lexington, VA", "tiger:name_base": "Main", "tiger:name_direction_prefix": "N", "tiger:name_type": "St", "tiger:reviewed": "no", "tiger:zip_left": "24450", "tiger:zip_right": "24450" }, "geometry": { "type": "LineString", "coordinates": [ [ -79.4405397, 37.7867485 ], [ -79.4404527, 37.7869517 ], [ -79.4404134, 37.7870731 ], [ -79.4402988, 37.7872391 ], [ -79.440294, 37.7872482 ], [ -79.4402541, 37.7873241 ] ] }, "id": "way/363535926" }, { "type": "Feature", "properties": { "@id": "way/363535942", "highway": "secondary", "lanes": "2", "name": "North Jefferson Street", "oneway": "yes", "ref": "US 11 BUS", "sidewalk:left": "separate", "sidewalk:right": "no", "surface": "asphalt", "tiger:cfcc": "A41", "tiger:county": "Lexington, VA", "tiger:name_base": "Jefferson", "tiger:name_direction_prefix": "N", "tiger:name_type": "St", "tiger:reviewed": "no" }, "geometry": { "type": "LineString", "coordinates": [ [ -79.4409778, 37.7870332 ], [ -79.441025, 37.787026 ], [ -79.4410515, 37.7870172 ], [ -79.4410617, 37.7870139 ], [ -79.441131, 37.786991 ], [ -79.441211, 37.786953 ], [ -79.441301, 37.786897 ], [ -79.441314, 37.7868851 ] ] }, "id": "way/363535942" }, { "type": "Feature", "properties": { "@id": "way/363535943", "highway": "secondary", "name": "North Main Street", "oneway": "no", "ref": "US 11 BUS", "tiger:cfcc": "A21", "tiger:county": "Lexington, VA", "tiger:name_base": "Main", "tiger:name_direction_prefix": "N", "tiger:name_type": "St", "tiger:reviewed": "no", "tiger:zip_left": "24450", "tiger:zip_right": "24450" }, "geometry": { "type": "LineString", "coordinates": [ [ -79.4291004, 37.7896955 ], [ -79.4290009, 37.7897596 ] ] }, "id": "way/363535943" }, { "type": "Feature", "properties": { "@id": "way/841532791", "highway": "secondary", "lanes": "2", "name": "South Lee Highway", "ref": "US 11 BUS", "tiger:cfcc": "A21", "tiger:county": "Rockbridge, VA", "tiger:name_base": "Lee", "tiger:name_direction_prefix": "S", "tiger:name_type": "Hwy", "tiger:reviewed": "no" }, "geometry": { "type": "LineString", "coordinates": [ [ -79.4477178, 37.7695658 ], [ -79.4477556, 37.7697869 ] ] }, "id": "way/841532791" }, { "type": "Feature", "properties": { "@id": "way/1004793394", "highway": "secondary", "maxspeed": "25 mph", "name": "North Main Street", "oneway": "yes", "ref": "US 11 BUS", "tiger:cfcc": "A21", "tiger:county": "Lexington, VA", "tiger:name_base": "Main", "tiger:name_base_1": "United States Highway 11", "tiger:name_direction_prefix": "N", "tiger:name_type": "St", "tiger:reviewed": "no", "tiger:zip_left": "24450", "tiger:zip_right": "24450" }, "geometry": { "type": "LineString", "coordinates": [ [ -79.4278076, 37.7915189 ], [ -79.4282939, 37.791201 ], [ -79.4283864, 37.7911234 ], [ -79.4284505, 37.7910727 ] ] }, "id": "way/1004793394" }, { "type": "Feature", "properties": { "@id": "way/1314754110", "cycleway:right": "lane", "highway": "secondary", "oneway": "yes", "ref": "US 11 BUS", "tiger:cfcc": "A63", "tiger:county": "Lexington, VA", "tiger:reviewed": "no" }, "geometry": { "type": "LineString", "coordinates": [ [ -79.4285031, 37.7902847 ], [ -79.4284765, 37.7903929 ], [ -79.4284245, 37.7905683 ], [ -79.42836, 37.79075 ], [ -79.4282444, 37.7909637 ], [ -79.4280799, 37.79116 ], [ -79.4278076, 37.7915189 ] ] }, "id": "way/1314754110" }, { "type": "Feature", "properties": { "@id": "way/1323647361", "highway": "secondary", "lanes": "2", "maxspeed": "25 mph", "name": "North Jefferson Street", "oneway": "yes", "ref": "US 11 BUS", "sidewalk:both": "separate", "surface": "asphalt", "tiger:cfcc": "A41", "tiger:county": "Lexington, VA", "tiger:name_base": "Jefferson", "tiger:name_direction_prefix": "N", "tiger:name_type": "St", "tiger:reviewed": "no" }, "geometry": { "type": "LineString", "coordinates": [ [ -79.441314, 37.7868851 ], [ -79.4417195, 37.7865148 ], [ -79.441762, 37.786476 ], [ -79.4418181, 37.7864247 ], [ -79.441975, 37.786281 ], [ -79.4422264, 37.7860602 ], [ -79.4423084, 37.7859876 ], [ -79.442386, 37.78592 ], [ -79.4426978, 37.7856467 ], [ -79.44275, 37.785601 ] ] }, "id": "way/1323647361" }, { "type": "Feature", "properties": { "@id": "way/1389130644", "highway": "secondary", "lanes": "2", "maxspeed": "25 mph", "name": "North Main Street", "parking:both": "no", "ref": "US 11 BUS", "tiger:cfcc": "A21", "tiger:county": "Lexington, VA", "tiger:name_base": "Main", "tiger:name_direction_prefix": "N", "tiger:name_type": "St", "tiger:reviewed": "no", "tiger:zip_left": "24450", "tiger:zip_right": "24450" }, "geometry": { "type": "LineString", "coordinates": [ [ -79.436338, 37.789121 ], [ -79.436098, 37.789212 ], [ -79.435624, 37.789371 ], [ -79.435127, 37.789522 ], [ -79.43499, 37.78955 ], [ -79.434815, 37.789572 ], [ -79.434718, 37.78958 ] ] }, "id": "way/1389130644" }, { "type": "Feature", "properties": { "@id": "node/219055019", "highway": "traffic_signals" }, "geometry": { "type": "Point", "coordinates": [ -79.4476684, 37.7692763 ] }, "id": "node/219055019" }, { "type": "Feature", "properties": { "@id": "node/220962866", "highway": "traffic_signals", "traffic_signals": "signal" }, "geometry": { "type": "Point", "coordinates": [ -79.4419599, 37.785049 ] }, "id": "node/220962866" }, { "type": "Feature", "properties": { "@id": "node/220962906", "highway": "traffic_signals" }, "geometry": { "type": "Point", "coordinates": [ -79.443743, 37.784709 ] }, "id": "node/220962906" }, { "type": "Feature", "properties": { "@id": "node/220967967", "highway": "traffic_signals", "traffic_signals": "signal" }, "geometry": { "type": "Point", "coordinates": [ -79.437397, 37.788721 ] }, "id": "node/220967967" }, { "type": "Feature", "properties": { "@id": "node/220971875", "highway": "traffic_signals" }, "geometry": { "type": "Point", "coordinates": [ -79.4429688, 37.7841586 ] }, "id": "node/220971875" }, { "type": "Feature", "properties": { "@id": "node/220972609", "crossing": "uncontrolled", "crossing:markings": "ladder:skewed", "highway": "crossing" }, "geometry": { "type": "Point", "coordinates": [ -79.435624, 37.789371 ] }, "id": "node/220972609" }, { "type": "Feature", "properties": { "@id": "node/220975631", "highway": "traffic_signals" }, "geometry": { "type": "Point", "coordinates": [ -79.4443764, 37.7828932 ] }, "id": "node/220975631" }, { "type": "Feature", "properties": { "@id": "node/1375513254", "highway": "motorway_junction" }, "geometry": { "type": "Point", "coordinates": [ -79.4278076, 37.7915189 ] }, "id": "node/1375513254" }, { "type": "Feature", "properties": { "@id": "node/9970931632", "crossing": "traffic_signals", "crossing:markings": "lines", "crossing:signals": "yes", "highway": "crossing" }, "geometry": { "type": "Point", "coordinates": [ -79.4373161, 37.788748 ] }, "id": "node/9970931632" }, { "type": "Feature", "properties": { "@id": "node/9970931643", "crossing": "uncontrolled", "crossing:markings": "ladder", "highway": "crossing" }, "geometry": { "type": "Point", "coordinates": [ -79.4343508, 37.7896081 ] }, "id": "node/9970931643" }, { "type": "Feature", "properties": { "@id": "node/9970931644", "crossing": "unmarked", "crossing:markings": "no", "highway": "crossing" }, "geometry": { "type": "Point", "coordinates": [ -79.4330772, 37.7896749 ] }, "id": "node/9970931644" }, { "type": "Feature", "properties": { "@id": "node/10032724042", "crossing": "uncontrolled", "crossing:markings": "ladder", "highway": "crossing" }, "geometry": { "type": "Point", "coordinates": [ -79.4300265, 37.7894976 ] }, "id": "node/10032724042" }, { "type": "Feature", "properties": { "@id": "node/10032724043", "crossing": "uncontrolled", "crossing:markings": "ladder", "highway": "crossing" }, "geometry": { "type": "Point", "coordinates": [ -79.4294996, 37.7901255 ] }, "id": "node/10032724043" }, { "type": "Feature", "properties": { "@id": "node/13271501832", "crossing": "uncontrolled", "crossing:markings": "ladder", "highway": "crossing" }, "geometry": { "type": "Point", "coordinates": [ -79.443003, 37.7841281 ] }, "id": "node/13271501832" }, { "type": "Feature", "properties": { "@id": "node/13271501836", "crossing": "uncontrolled", "crossing:markings": "ladder", "highway": "crossing" }, "geometry": { "type": "Point", "coordinates": [ -79.4429221, 37.7842002 ] }, "id": "node/13271501836" }, { "type": "Feature", "properties": { "@id": "node/13657747869", "crossing": "traffic_signals", "crossing:markings": "lines", "crossing:signals": "yes", "highway": "crossing" }, "geometry": { "type": "Point", "coordinates": [ -79.4426978, 37.7856467 ] }, "id": "node/13657747869" }, { "type": "Feature", "properties": { "@id": "node/13657747871", "crossing": "traffic_signals", "crossing:markings": "lines", "crossing:signals": "yes", "highway": "crossing" }, "geometry": { "type": "Point", "coordinates": [ -79.442787, 37.785567 ] }, "id": "node/13657747871" }, { "type": "Feature", "properties": { "@id": "node/13657747881", "crossing": "uncontrolled", "crossing:markings": "ladder:skewed", "crossing:signals": "no", "highway": "crossing" }, "geometry": { "type": "Point", "coordinates": [ -79.4418181, 37.7864247 ] }, "id": "node/13657747881" }, { "type": "Feature", "properties": { "@id": "node/13657747885", "crossing": "uncontrolled", "crossing:markings": "ladder:skewed", "crossing:signals": "no", "highway": "crossing" }, "geometry": { "type": "Point", "coordinates": [ -79.4417195, 37.7865148 ] }, "id": "node/13657747885" }, { "type": "Feature", "properties": { "@id": "node/13657841017", "crossing": "traffic_signals", "crossing:markings": "ladder", "crossing:signals": "yes", "highway": "crossing" }, "geometry": { "type": "Point", "coordinates": [ -79.4420088, 37.7850063 ] }, "id": "node/13657841017" }, { "type": "Feature", "properties": { "@id": "node/13657841019", "crossing": "traffic_signals", "crossing:markings": "ladder", "crossing:signals": "yes", "highway": "crossing" }, "geometry": { "type": "Point", "coordinates": [ -79.4419119, 37.7850919 ] }, "id": "node/13657841019" }, { "type": "Feature", "properties": { "@id": "node/13657841045", "crossing": "uncontrolled", "crossing:markings": "ladder", "crossing:signals": "no", "highway": "crossing" }, "geometry": { "type": "Point", "coordinates": [ -79.4410276, 37.7859175 ] }, "id": "node/13657841045" }, { "type": "Feature", "properties": { "@id": "node/13657841046", "crossing": "uncontrolled", "crossing:markings": "ladder", "crossing:signals": "no", "highway": "crossing" }, "geometry": { "type": "Point", "coordinates": [ -79.4409488, 37.7859952 ] }, "id": "node/13657841046" }, { "type": "Feature", "properties": { "@id": "node/13657841047", "crossing": "uncontrolled", "crossing:markings": "ladder", "crossing:signals": "no", "highway": "crossing" }, "geometry": { "type": "Point", "coordinates": [ -79.4405704, 37.7866484 ] }, "id": "node/13657841047" }, { "type": "Feature", "properties": { "@id": "node/13657841048", "crossing": "uncontrolled", "crossing:markings": "ladder:skewed", "crossing:signals": "no", "highway": "crossing" }, "geometry": { "type": "Point", "coordinates": [ -79.4410515, 37.7870172 ] }, "id": "node/13657841048" }, { "type": "Feature", "properties": { "@id": "node/13657841049", "crossing": "uncontrolled", "crossing:markings": "ladder", "crossing:signals": "no", "highway": "crossing" }, "geometry": { "type": "Point", "coordinates": [ -79.4403733, 37.7872512 ] }, "id": "node/13657841049" }, { "type": "Feature", "properties": { "@id": "node/13657841050", "crossing": "uncontrolled", "crossing:markings": "ladder", "crossing:signals": "no", "highway": "crossing" }, "geometry": { "type": "Point", "coordinates": [ -79.440294, 37.7872482 ] }, "id": "node/13657841050" }, { "type": "Feature", "properties": { "@id": "node/13663823936", "highway": "crossing" }, "geometry": { "type": "Point", "coordinates": [ -79.4436953, 37.7847512 ] }, "id": "node/13663823936" }, { "type": "Feature", "properties": { "@id": "node/13663823937", "highway": "crossing" }, "geometry": { "type": "Point", "coordinates": [ -79.443775, 37.7846809 ] }, "id": "node/13663823937" }, 
 
  { "type": "Feature", "properties": { "@id": "relation/1019420", "description": "US 22 Business (Monroeville, PA)", "is_in:state": "PA", "modifier": "Business", "network": "US:US:Business", "ref": "US 22 BUS", "route": "road", "type": "route" }, "geometry": { "type": "MultiLineString", "coordinates": [ [ [ -79.8377773, 40.4423227 ], [ -79.8370927, 40.441876 ], [ -79.8369804, 40.4418066 ], [ -79.8354768, 40.4409225 ], [ -79.835167, 40.4407403 ], [ -79.8326214, 40.4392361 ], [ -79.8324276, 40.4391284 ], [ -79.8319923, 40.4389106 ], [ -79.8317219, 40.4387824 ], [ -79.8306774, 40.438287 ], [ -79.8306142, 40.438257 ], [ -79.8305192, 40.4382119 ], [ -79.8281949, 40.4371095 ], [ -79.8279384, 40.4370337 ], [ -79.8270009, 40.4365892 ], [ -79.8246437, 40.4354717 ], [ -79.8243978, 40.4353551 ], [ -79.8236643, 40.4350073 ], [ -79.8233935, 40.4348788 ], [ -79.8232257, 40.4347993 ], [ -79.8219642, 40.4342012 ], [ -79.8216443, 40.4340968 ], [ -79.8212247, 40.4339146 ], [ -79.8205394, 40.4335949 ], [ -79.8196448, 40.4331815 ], [ -79.8192382, 40.4329885 ], [ -79.8161876, 40.4315411 ], [ -79.815938, 40.4314227 ], [ -79.8158955, 40.4314025 ], [ -79.8158162, 40.4313649 ], [ -79.8156431, 40.4312827 ], [ -79.8155423, 40.4312349 ], [ -79.815274, 40.4311076 ], [ -79.815165, 40.4309979 ], [ -79.8150616, 40.4309508 ], [ -79.8148862, 40.4308709 ], [ -79.8146191, 40.4307555 ], [ -79.814499, 40.4307072 ], [ -79.8144098, 40.4306713 ], [ -79.8141993, 40.4306371 ], [ -79.8138861, 40.4305289 ], [ -79.8136281, 40.4304489 ], [ -79.8134449, 40.4303961 ], [ -79.8129708, 40.4302744 ], [ -79.8127994, 40.4302348 ], [ -79.81263, 40.4302008 ], [ -79.8124378, 40.4301655 ], [ -79.8122375, 40.4301312 ], [ -79.8121611, 40.4301183 ], [ -79.8120944, 40.4301073 ], [ -79.8120346, 40.4300975 ], [ -79.8119228, 40.4300811 ], [ -79.8117901, 40.4300629 ], [ -79.8115241, 40.4300276 ], [ -79.8112113, 40.4299953 ], [ -79.8109034, 40.4299686 ], [ -79.8106893, 40.4299557 ], [ -79.8104729, 40.4299476 ], [ -79.8101659, 40.4299412 ], [ -79.8099211, 40.4299409 ], [ -79.8097253, 40.4299444 ], [ -79.8095282, 40.4299529 ], [ -79.8093914, 40.4299614 ], [ -79.8092984, 40.4299672 ], [ -79.8091304, 40.4299793 ], [ -79.809011, 40.429988 ], [ -79.8087438, 40.4300125 ], [ -79.8084739, 40.430042 ], [ -79.8082186, 40.4300235 ], [ -79.8080121, 40.4300537 ], [ -79.8078981, 40.4300705 ], [ -79.8075789, 40.4301292 ], [ -79.8072644, 40.4301925 ], [ -79.8071623, 40.4302165 ], [ -79.8069929, 40.4302557 ], [ -79.8069499, 40.4302665 ], [ -79.806746, 40.4303723 ], [ -79.8065542, 40.4304235 ], [ -79.8063625, 40.4304782 ], [ -79.8061354, 40.4305505 ], [ -79.8060216, 40.4305887 ], [ -79.8059068, 40.4306272 ], [ -79.8052605, 40.4308499 ], [ -79.8050627, 40.4309181 ], [ -79.8046722, 40.4310527 ], [ -79.8006146, 40.4324834 ], [ -79.7995799, 40.4328675 ], [ -79.7990187, 40.4330682 ], [ -79.7988208, 40.4331365 ], [ -79.7987048, 40.4331755 ], [ -79.7985952, 40.4332123 ], [ -79.7984956, 40.4332458 ], [ -79.798397, 40.4332789 ], [ -79.7982175, 40.4333371 ], [ -79.7981751, 40.4333499 ], [ -79.7979739, 40.4334091 ], [ -79.7976306, 40.4335066 ], [ -79.7974562, 40.4335531 ], [ -79.7972274, 40.4336081 ], [ -79.7970196, 40.4336568 ], [ -79.7963477, 40.433814 ], [ -79.7958712, 40.4339255 ], [ -79.7954924, 40.4340141 ], [ -79.7946686, 40.4342069 ], [ -79.7944481, 40.4342546 ], [ -79.7936886, 40.4344097 ], [ -79.7934618, 40.4344054 ], [ -79.7929149, 40.4345162 ], [ -79.792821, 40.4345352 ], [ -79.7925805, 40.434584 ], [ -79.792052, 40.4346911 ], [ -79.791195, 40.4348647 ], [ -79.7909801, 40.4349082 ], [ -79.7904788, 40.4350098 ], [ -79.7897984, 40.4351477 ], [ -79.7896197, 40.4351839 ], [ -79.7889478, 40.43532 ], [ -79.7882338, 40.4354647 ], [ -79.7881061, 40.4354906 ], [ -79.7880473, 40.4355025 ], [ -79.7880144, 40.4355092 ], [ -79.7874249, 40.4356286 ], [ -79.7871649, 40.4356813 ], [ -79.7868444, 40.4357462 ], [ -79.7863556, 40.4358453 ], [ -79.7861922, 40.4358784 ], [ -79.7859404, 40.4359294 ], [ -79.7857187, 40.4359743 ], [ -79.7855714, 40.4360042 ], [ -79.7853711, 40.4360448 ], [ -79.7852206, 40.4360753 ], [ -79.7850438, 40.4361111 ], [ -79.7848506, 40.4361503 ], [ -79.7846637, 40.4361881 ], [ -79.7844097, 40.4362396 ], [ -79.7841433, 40.4362935 ], [ -79.7840876, 40.4363048 ], [ -79.7837094, 40.4363815 ], [ -79.7835858, 40.4364065 ], [ -79.7833966, 40.4364449 ], [ -79.7831039, 40.4365041 ], [ -79.7829826, 40.4365287 ], [ -79.7827625, 40.4365733 ], [ -79.7822699, 40.4366731 ], [ -79.7817047, 40.4367876 ], [ -79.78155, 40.436819 ], [ -79.781414, 40.4368466 ], [ -79.7798239, 40.4371688 ], [ -79.7796457, 40.437262 ], [ -79.7794295, 40.437306 ], [ -79.7779358, 40.4376055 ], [ -79.7778047, 40.4376309 ], [ -79.777728, 40.4376459 ], [ -79.7776599, 40.4376591 ], [ -79.7774733, 40.4376954 ], [ -79.777213, 40.4377412 ], [ -79.7769027, 40.4377935 ], [ -79.7767926, 40.4378121 ], [ -79.7765706, 40.4377815 ], [ -79.7764897, 40.437796 ], [ -79.7761092, 40.437864 ], [ -79.7760182, 40.4378803 ], [ -79.7757363, 40.437928 ], [ -79.7754658, 40.4379753 ], [ -79.7753454, 40.4379942 ], [ -79.775322, 40.4379979 ], [ -79.7751901, 40.4380179 ], [ -79.7750191, 40.4380438 ], [ -79.7748658, 40.4380662 ], [ -79.7743809, 40.4381347 ], [ -79.7742411, 40.438153 ], [ -79.7741246, 40.4381686 ], [ -79.7737157, 40.4382231 ], [ -79.7735249, 40.4382485 ], [ -79.7734561, 40.438257 ], [ -79.7732713, 40.43828 ], [ -79.7730616, 40.438306 ], [ -79.772883, 40.4383282 ], [ -79.7727634, 40.438343 ], [ -79.7722547, 40.4384015 ], [ -79.7719865, 40.4384301 ], [ -79.7717742, 40.4384516 ], [ -79.7715559, 40.438474 ], [ -79.7714188, 40.4384881 ], [ -79.771178, 40.4385129 ], [ -79.7709814, 40.4385324 ], [ -79.7709427, 40.4385371 ], [ -79.7708046, 40.4385513 ], [ -79.7707172, 40.4386178 ], [ -79.7705746, 40.4386336 ], [ -79.7704085, 40.438652 ], [ -79.7701398, 40.4386767 ], [ -79.7691885, 40.438753 ], [ -79.7689809, 40.4387687 ], [ -79.7687856, 40.4387814 ], [ -79.7686843, 40.438788 ], [ -79.7678376, 40.4388431 ], [ -79.7678132, 40.4388447 ], [ -79.767416, 40.4388667 ], [ -79.7672186, 40.4388776 ], [ -79.7670958, 40.4388833 ], [ -79.7669298, 40.4388909 ], [ -79.7663979, 40.4389124 ], [ -79.766299, 40.4388539 ], [ -79.7662018, 40.4388571 ], [ -79.7659874, 40.4388642 ], [ -79.7657568, 40.4388718 ], [ -79.7654731, 40.4388812 ], [ -79.7653901, 40.4388839 ], [ -79.7652388, 40.438889 ], [ -79.7652115, 40.4388897 ], [ -79.7648231, 40.4388996 ], [ -79.764671, 40.4389025 ], [ -79.7645088, 40.4389055 ], [ -79.7643641, 40.4389082 ], [ -79.7640468, 40.4389141 ], [ -79.7634068, 40.4389259 ], [ -79.7633504, 40.4389269 ], [ -79.7631114, 40.4389313 ], [ -79.7627176, 40.4389386 ], [ -79.7625795, 40.4389411 ], [ -79.7624648, 40.4389413 ], [ -79.7621772, 40.4389417 ], [ -79.7619154, 40.4389405 ], [ -79.7617594, 40.4389398 ], [ -79.7614389, 40.4389361 ], [ -79.7613176, 40.4389347 ], [ -79.7607517, 40.438928 ], [ -79.7605578, 40.4389258 ], [ -79.7602546, 40.4389807 ], [ -79.7589686, 40.4389605 ], [ -79.7584993, 40.4389455 ], [ -79.7583547, 40.4389409 ], [ -79.7564332, 40.4388795 ], [ -79.7558161, 40.4388698 ], [ -79.7551175, 40.4388588 ], [ -79.7520556, 40.4388106 ] ], [ [ -79.8279384, 40.4370337 ], [ -79.8281406, 40.4371757 ], [ -79.8290044, 40.4376095 ], [ -79.8292734, 40.4377404 ], [ -79.8297699, 40.4379759 ], [ -79.8301477, 40.4381551 ], [ -79.830295, 40.438225 ], [ -79.8304474, 40.4382972 ], [ -79.8305309, 40.4383368 ], [ -79.8307086, 40.4384211 ], [ -79.8319249, 40.438998 ], [ -79.8321653, 40.4391121 ], [ -79.8323423, 40.439196 ], [ -79.832388, 40.4392177 ], [ -79.8325617, 40.4393126 ], [ -79.83273, 40.4394116 ], [ -79.8328923, 40.4395259 ], [ -79.8330378, 40.4396403 ], [ -79.8331598, 40.4397561 ], [ -79.8333128, 40.4399173 ], [ -79.8340882, 40.4407682 ], [ -79.8342136, 40.4408942 ], [ -79.8343343, 40.4410024 ], [ -79.8344674, 40.4411103 ], [ -79.8346122, 40.4412167 ], [ -79.8349904, 40.4414168 ], [ -79.8351363, 40.4414854 ], [ -79.8352633, 40.4415398 ], [ -79.8353921, 40.4415885 ], [ -79.8355088, 40.4416275 ], [ -79.8356241, 40.4416615 ], [ -79.8360999, 40.4417862 ], [ -79.8362537, 40.4418301 ], [ -79.8364026, 40.4418789 ], [ -79.8369236, 40.4420817 ], [ -79.8371432, 40.4421203 ] ], [ [ -79.8219642, 40.4342012 ], [ -79.8216955, 40.4340339 ], [ -79.8213725, 40.4338814 ], [ -79.8212335, 40.433811 ], [ -79.8204682, 40.4334572 ], [ -79.8203485, 40.4333981 ], [ -79.819868, 40.4331712 ], [ -79.8193036, 40.4329034 ], [ -79.8180934, 40.4323292 ], [ -79.8171922, 40.4319039 ], [ -79.8168396, 40.431735 ], [ -79.8166815, 40.4316593 ], [ -79.8161209, 40.4313933 ], [ -79.8159809, 40.4313269 ], [ -79.8159237, 40.4312998 ], [ -79.8155792, 40.4311363 ], [ -79.8153425, 40.431024 ], [ -79.815165, 40.4309979 ] ], [ [ -79.8144098, 40.4306713 ], [ -79.8143221, 40.4306134 ], [ -79.8142476, 40.4305643 ], [ -79.8140498, 40.430487 ], [ -79.81386, 40.4304166 ], [ -79.813801, 40.4303976 ], [ -79.8136763, 40.4303574 ], [ -79.813643, 40.4303478 ], [ -79.8134885, 40.4303033 ], [ -79.8132314, 40.4302373 ], [ -79.8131507, 40.4302166 ], [ -79.8130103, 40.4301805 ], [ -79.8128347, 40.4301399 ], [ -79.8126617, 40.4301052 ], [ -79.8124672, 40.4300695 ], [ -79.8122881, 40.4300388 ], [ -79.8122258, 40.4300281 ], [ -79.8120745, 40.4300032 ], [ -79.8118436, 40.42997 ], [ -79.8115439, 40.4299301 ], [ -79.8112274, 40.4298975 ], [ -79.810931, 40.4298714 ], [ -79.8106621, 40.4298531 ], [ -79.8104261, 40.4298434 ], [ -79.8101673, 40.4298383 ], [ -79.8099185, 40.4298393 ], [ -79.8096529, 40.4298464 ], [ -79.8094362, 40.4298545 ], [ -79.8093921, 40.4298561 ], [ -79.8093269, 40.4298591 ], [ -79.8093014, 40.4298603 ], [ -79.8090659, 40.4298769 ], [ -79.8089959, 40.4298818 ], [ -79.8087255, 40.4299066 ], [ -79.808454, 40.4299363 ], [ -79.8082186, 40.4300235 ] ], [ [ -79.8069499, 40.4302665 ], [ -79.8067032, 40.4302793 ], [ -79.8065101, 40.4303308 ], [ -79.8063149, 40.4303865 ], [ -79.8061806, 40.4304289 ], [ -79.8061178, 40.4304487 ], [ -79.8060739, 40.4304634 ], [ -79.806016, 40.4304828 ], [ -79.8058603, 40.430535 ], [ -79.805348, 40.4307118 ], [ -79.8051757, 40.4307713 ], [ -79.8050067, 40.4308341 ], [ -79.804856, 40.4308901 ], [ -79.8046253, 40.4309757 ], [ -79.8038836, 40.4312372 ], [ -79.8008157, 40.432319 ], [ -79.8005657, 40.432403 ], [ -79.7999045, 40.4326165 ], [ -79.7996476, 40.4327007 ], [ -79.7994193, 40.4327777 ], [ -79.7988543, 40.4329779 ], [ -79.7987402, 40.4330184 ], [ -79.7985427, 40.433086 ], [ -79.7984286, 40.433125 ], [ -79.7982327, 40.4331921 ], [ -79.7980047, 40.4332701 ], [ -79.7976869, 40.4333693 ], [ -79.7973517, 40.4334678 ], [ -79.7970808, 40.4335444 ], [ -79.7967515, 40.4336324 ], [ -79.7964209, 40.4337143 ], [ -79.7961353, 40.4337807 ], [ -79.7958731, 40.4338392 ], [ -79.7958402, 40.4338462 ], [ -79.7946347, 40.434103 ], [ -79.7943993, 40.4341532 ], [ -79.7939434, 40.4342503 ], [ -79.7936526, 40.434314 ], [ -79.7934618, 40.4344054 ] ], [ [ -79.7798239, 40.4371688 ], [ -79.7796094, 40.4371588 ], [ -79.7784274, 40.4373982 ], [ -79.7779549, 40.4374845 ], [ -79.7779069, 40.4374933 ], [ -79.7777235, 40.4375268 ], [ -79.7767582, 40.4377031 ], [ -79.7765706, 40.4377815 ] ], [ [ -79.7708046, 40.4385513 ], [ -79.7706657, 40.4385078 ], [ -79.7705832, 40.4385144 ], [ -79.7703159, 40.4385359 ], [ -79.7702087, 40.4385445 ], [ -79.7695736, 40.4385955 ], [ -79.7693828, 40.4386108 ], [ -79.7692674, 40.4386201 ], [ -79.7691036, 40.4386332 ], [ -79.7689755, 40.4386426 ], [ -79.7688745, 40.4386492 ], [ -79.7684673, 40.4386757 ], [ -79.7682311, 40.4386911 ], [ -79.7675577, 40.438735 ], [ -79.7673811, 40.4387465 ], [ -79.7669598, 40.4387739 ], [ -79.7665759, 40.4387922 ], [ -79.7663916, 40.438801 ], [ -79.766299, 40.4388539 ] ], [ [ -79.7605578, 40.4389258 ], [ -79.7602577, 40.4388657 ], [ -79.7600666, 40.4388627 ], [ -79.7594359, 40.4388528 ], [ -79.7564352, 40.4388057 ], [ -79.7548621, 40.4387974 ], [ -79.7538734, 40.4387819 ], [ -79.7525944, 40.4387454 ] ] ] }, "id": "relation/1019420" },
 
  { "type": "Feature", "properties": { "@id": "relation/1932008", "description": "US 61 Business (Palmyra, MO)", "is_in:state": "MO", "modifier": "Business", "network": "US:US:Business", "ref":"US 61 BUS", "route": "road", "type": "route" }, "geometry": { "type": "MultiLineString", "coordinates": [ [ [ -91.5190382, 39.7650633 ], [ -91.5189584, 39.7652724 ], [ -91.5189196, 39.7653669 ], [ -91.5188605, 39.7654704 ], [ -91.5188031, 39.7655661 ], [ -91.5187243, 39.765667 ], [ -91.5183993, 39.7659773 ], [ -91.5181947, 39.7661089 ], [ -91.5179963, 39.7662434 ], [ -91.517846, 39.766355 ], [ -91.517725, 39.766512 ], [ -91.51764, 39.766661 ], [ -91.517606, 39.766799 ], [ -91.517582, 39.766957 ], [ -91.517578, 39.767132 ], [ -91.517605, 39.767306 ], [ -91.517673, 39.767489 ], [ -91.517753, 39.767621 ], [ -91.517847, 39.767745 ], [ -91.5179515, 39.7678645 ], [ -91.5180739, 39.767968 ], [ -91.5182281, 39.7680713 ], [ -91.5185502, 39.7682179 ], [ -91.5193185, 39.7686119 ], [ -91.520013, 39.768961 ], [ -91.520535, 39.769223 ], [ -91.521175, 39.769543 ], [ -91.521623, 39.769766 ], [ -91.521676, 39.769801 ], [ -91.521947, 39.76998 ], [ -91.522148, 39.770145 ], [ -91.522314, 39.770305 ], [ -91.522475, 39.770478 ], [ -91.522635, 39.770694 ], [ -91.522763, 39.770921 ], [ -91.522866, 39.771132 ], [ -91.522948, 39.771414 ], [ -91.522999, 39.771715 ], [ -91.523015, 39.772058 ], [ -91.523097, 39.773789 ], [ -91.523249, 39.776519 ], [ -91.523322, 39.777826 ], [ -91.523383, 39.779087 ], [ -91.5234438, 39.779816 ], [ -91.5234488, 39.7799328 ], [ -91.5234714, 39.7808103 ], [ -91.5234691, 39.7811881 ], [ -91.5234655, 39.7817776 ], [ -91.5234351, 39.7833591 ], [ -91.5234156, 39.7839279 ], [ -91.5234056, 39.7841545 ], [ -91.5233916, 39.7844717 ], [ -91.523359, 39.78535 ], [ -91.523305, 39.786964 ], [ -91.52325, 39.788802 ], [ -91.523244, 39.789273 ], [ -91.523229, 39.790372 ], [ -91.5232251, 39.7916302 ], [ -91.5232096, 39.7925121 ], [ -91.5231915, 39.7933956 ], [ -91.5231781, 39.7938196 ], [ -91.5231623, 39.7942858 ], [ -91.5231486, 39.795177 ], [ -91.5231446, 39.7956122 ], [ -91.523138, 39.7960672 ], [ -91.5231072, 39.796956 ], [ -91.5230817, 39.797852 ], [ -91.5230692, 39.798677 ], [ -91.5230678, 39.798766 ], [ -91.523067, 39.7988187 ], [ -91.523054, 39.799674 ], [ -91.523033, 39.800569 ], [ -91.522999, 39.801592 ], [ -91.5229827, 39.8025005 ], [ -91.522969, 39.8034327 ], [ -91.5229643, 39.8043218 ], [ -91.5229214, 39.8052466 ], [ -91.522911, 39.806738 ], [ -91.522872, 39.807394 ], [ -91.522862, 39.807475 ], [ -91.522841, 39.807634 ], [ -91.522777, 39.80786 ], [ -91.522672, 39.808067 ], [ -91.522489, 39.808376 ], [ -91.5223247, 39.8086005 ], [ -91.5222044, 39.808689 ], [ -91.5220375, 39.8087594 ], [ -91.5217751, 39.8088087 ], [ -91.521518, 39.808857 ], [ -91.521045, 39.808949 ], [ -91.5204435, 39.80907 ], [ -91.5200189, 39.8091637 ], [ -91.519718, 39.8092232 ], [ -91.5192597, 39.8093043 ], [ -91.5188535, 39.8093587 ], [ -91.518441, 39.80939 ], [ -91.5180857, 39.8094117 ], [ -91.5181107, 39.808376 ], [ -91.5181105, 39.8082533 ], [ -91.518084, 39.8081348 ], [ -91.5180219, 39.8080349 ], [ -91.5179292, 39.8079258 ], [ -91.5178065, 39.8078208 ], [ -91.5176776, 39.8077499 ], [ -91.5175153, 39.8076872 ], [ -91.5173626, 39.8076524 ], [ -91.5171843, 39.8076428 ], [ -91.5168847, 39.8077084 ], [ -91.5167363, 39.8077772 ], [ -91.5166045, 39.8078561 ], [ -91.5165092, 39.8079488 ], [ -91.516409, 39.808051 ], [ -91.516308, 39.808185 ], [ -91.5161974, 39.80844 ], [ -91.5161072, 39.8087084 ] ], [ [ -91.520535, 39.769223 ], [ -91.520268, 39.769024 ], [ -91.519971, 39.768778 ], [ -91.51977, 39.76857 ], [ -91.5195787, 39.7682871 ], [ -91.5194066, 39.7679224 ], [ -91.519345, 39.7677082 ], [ -91.5192701, 39.7674208 ], [ -91.5192379, 39.767262 ], [ -91.5191898, 39.7667802 ] ], [ [ -91.5180857, 39.8094117 ], [ -91.5163138, 39.8093947 ], [ -91.5155284, 39.8093866 ], [ -91.514594, 39.809389 ], [ -91.514253, 39.809238 ], [ -91.514088, 39.809106 ], [ -91.513957, 39.808947 ], [ -91.513904, 39.808816 ], [ -91.513894, 39.808626 ], [ -91.513894, 39.808506 ], [ -91.513875, 39.8083215 ], [ -91.5138874, 39.8080821 ], [ -91.5139413, 39.8079579 ], [ -91.514023, 39.807852 ], [ -91.514138, 39.80774 ], [ -91.514238, 39.807676 ], [ -91.514324, 39.8076266 ], [ -91.5144335, 39.8075888 ], [ -91.5145616, 39.807559 ], [ -91.5147038, 39.8075503 ], [ -91.5148216, 39.8075502 ], [ -91.5150658, 39.8076011 ], [ -91.515229, 39.807678 ], [ -91.515361, 39.807767 ], [ -91.515498, 39.807915 ], [ -91.515628, 39.808084 ], [ -91.515756, 39.808335 ], [ -91.5158395, 39.8088387 ] ] ] }, "id": "relation/1932008" }, { "type": "Feature", "properties": { "@id": "relation/1932157", "description": "US 61 Business (Bowling Green, MO)", "is_in:state": "MO", "modifier": "Business", "network": "US:US:Business", "ref":"US 61 BUS", "route": "road", "type": "route" }, "geometry": { "type": "MultiLineString", "coordinates": [ [ [ -91.1759682, 39.3312353 ], [ -91.1763817, 39.3317777 ], [ -91.17654, 39.33202 ], [ -91.176636, 39.332293 ], [ -91.177086, 39.333431 ], [ -91.177375, 39.334194 ], [ -91.177488, 39.334334 ], [ -91.1780902, 39.3340418 ], [ -91.1788512, 39.3336859 ], [ -91.17947, 39.333398 ], [ -91.180045, 39.333134 ], [ -91.180888, 39.332854 ], [ -91.1810734, 39.332815 ], [ -91.1814221, 39.332783 ], [ -91.1818913, 39.3327587 ], [ -91.1823152, 39.3327367 ], [ -91.1823627, 39.3327323 ], [ -91.1824486, 39.3327161 ], [ -91.182519, 39.332695 ], [ -91.1826009, 39.3326603 ], [ -91.1826283, 39.3325758 ], [ -91.1827029, 39.332517 ], [ -91.1827956, 39.3324778 ], [ -91.1828829, 39.332464 ], [ -91.182988, 39.3324718 ], [ -91.1830481, 39.332494 ], [ -91.1830881, 39.3325088 ], [ -91.1831355, 39.3325461 ], [ -91.1831658, 39.33257 ], [ -91.1832117, 39.332648 ], [ -91.1832204, 39.3327336 ], [ -91.1831886, 39.3328222 ], [ -91.1831951, 39.3328573 ], [ -91.1832275, 39.3329367 ], [ -91.1832736, 39.3330166 ], [ -91.1833528, 39.3331291 ], [ -91.183569, 39.333242 ], [ -91.184118, 39.333347 ], [ -91.184525, 39.333395 ], [ -91.184788, 39.333426 ], [ -91.185212, 39.333452 ], [ -91.1854, 39.333463 ], [ -91.185659, 39.333478 ], [ -91.186444, 39.333513 ], [ -91.186512, 39.333513 ], [ -91.187205, 39.333507 ], [ -91.187291, 39.333506 ], [ -91.187662, 39.333498 ], [ -91.187819, 39.333497 ], [ -91.188858, 39.333492 ], [ -91.190079, 39.333485 ], [ -91.190177, 39.333485 ], [ -91.191057, 39.33348 ], [ -91.191746, 39.333474 ], [ -91.192447, 39.333463 ], [ -91.192895, 39.333461 ], [ -91.1939612, 39.333455 ], [ -91.1940098, 39.3334383 ], [ -91.1945588, 39.3334261 ], [ -91.1946209, 39.3334172 ], [ -91.1946974, 39.3334001 ], [ -91.1947573, 39.3333818 ], [ -91.1948303, 39.3333533 ], [ -91.1948455, 39.3333461 ], [ -91.1948822, 39.3333085 ], [ -91.1949304, 39.3332792 ], [ -91.1949884, 39.3332607 ], [ -91.1950342, 39.3332548 ], [ -91.1950806, 39.333256 ], [ -91.1951403, 39.3332678 ], [ -91.1951681, 39.3332792 ], [ -91.1952059, 39.3333003 ], [ -91.1952376, 39.3333267 ], [ -91.1952621, 39.3333561 ], [ -91.1953188, 39.3333819 ], [ -91.1953774, 39.3334014 ], [ -91.1954862, 39.3334235 ], [ -91.19556, 39.3334287 ], [ -91.1960935, 39.3334373 ], [ -91.1961312, 39.3334575 ], [ -91.1962436, 39.3334555 ], [ -91.19693, 39.333447 ], [ -91.197425, 39.33344 ], [ -91.197488, 39.3334416 ], [ -91.1978421, 39.3334509 ], [ -91.198153, 39.333459 ], [ -91.198666, 39.333491 ], [ -91.199034, 39.333545 ], [ -91.199406, 39.333616 ], [ -91.1994939, 39.3336403 ], [ -91.199793, 39.333723 ], [ -91.20013, 39.333855 ], [ -91.200369, 39.333949 ], [ -91.20075, 39.334117 ], [ -91.2008245, 39.334156 ], [ -91.200924, 39.334208 ], [ -91.201313, 39.334452 ], [ -91.20169, 39.334749 ], [ -91.201985, 39.335004 ], [ -91.20211, 39.335163 ], [ -91.202426, 39.335608 ], [ -91.202581, 39.335882 ], [ -91.20265, 39.336003 ], [ -91.202782, 39.336323 ], [ -91.202825, 39.336473 ], [ -91.202928, 39.336903 ], [ -91.202954, 39.337124 ], [ -91.202969, 39.337339 ], [ -91.202958, 39.337717 ], [ -91.2029529, 39.3381458 ], [ -91.202926, 39.338848 ], [ -91.202894, 39.339642 ], [ -91.2028903, 39.3397225 ], [ -91.202859, 39.3404006 ], [ -91.202836, 39.340909 ], [ -91.202832, 39.3411781 ], [ -91.20282, 39.341974 ], [ -91.2028071, 39.342785 ], [ -91.202804, 39.342946 ], [ -91.202783, 39.343402 ], [ -91.2028063, 39.3435691 ], [ -91.202836, 39.343766 ], [ -91.202952, 39.344099 ], [ -91.203053, 39.344309 ], [ -91.203179, 39.344566 ], [ -91.203324, 39.344811 ], [ -91.20348, 39.344999 ], [ -91.203506, 39.345025 ], [ -91.203855, 39.345384 ], [ -91.2044965, 39.3461043 ], [ -91.2047821, 39.3464262 ], [ -91.2050362, 39.3466933 ], [ -91.2053668, 39.3470408 ], [ -91.205407, 39.347083 ], [ -91.205762, 39.34746 ], [ -91.206216, 39.347943 ], [ -91.206454, 39.348196 ], [ -91.206975, 39.34875 ], [ -91.2073252, 39.3491755 ], [ -91.207878, 39.349722 ], [ -91.20822, 39.350095 ], [ -91.208492, 39.35039 ], [ -91.20875, 39.350668 ], [ -91.208977, 39.350907 ], [ -91.209328, 39.351276 ], [ -91.20954, 39.351527 ], [ -91.209655, 39.351663 ], [ -91.209817, 39.351856 ], [ -91.2098777, 39.3519408 ], [ -91.209963, 39.352051 ], [ -91.2103774, 39.3525962 ], [ -91.210464, 39.352726 ], [ -91.210778, 39.353189 ], [ -91.210876, 39.353333 ], [ -91.211063, 39.353654 ], [ -91.211299, 39.354059 ], [ -91.211575, 39.354605 ], [ -91.21171, 39.354872 ], [ -91.211735, 39.354931 ], [ -91.211969, 39.35548 ], [ -91.212029, 39.355623 ], [ -91.2121359, 39.3559105 ], [ -91.212408, 39.35665 ], [ -91.2126565, 39.357561 ], [ -91.212694, 39.357704 ], [ -91.2127379, 39.3579286 ], [ -91.212921, 39.358807 ], [ -91.213073, 39.359542 ], [ -91.213172, 39.360175 ], [ -91.213185, 39.360258 ], [ -91.213222, 39.360613 ], [ -91.213242, 39.360872 ], [ -91.2132658, 39.3615625 ], [ -91.2132651, 39.3616776 ], [ -91.213261, 39.361962 ], [ -91.2132611, 39.3624598 ], [ -91.213254, 39.363017 ], [ -91.213249, 39.363443 ], [ -91.213256, 39.36356 ], [ -91.2132695, 39.3639166 ], [ -91.2133019, 39.3642718 ], [ -91.213314, 39.36455 ], [ -91.213392, 39.365192 ], [ -91.2134114, 39.365307 ], [ -91.213451, 39.365528 ], [ -91.213566, 39.366095 ], [ -91.2136547, 39.3664322 ], [ -91.2137532, 39.3667816 ], [ -91.2138324, 39.3670346 ], [ -91.213925, 39.367323 ], [ -91.214102, 39.367822 ], [ -91.214272, 39.3682 ], [ -91.214455, 39.368558 ], [ -91.214686, 39.368873 ], [ -91.214898, 39.369118 ], [ -91.215121, 39.369331 ], [ -91.215413, 39.369538 ], [ -91.215834, 39.369742 ], [ -91.21619, 39.369871 ], [ -91.216344, 39.369927 ], [ -91.216895, 39.370145 ], [ -91.218635, 39.370807 ], [ -91.219119, 39.370991 ], [ -91.219483, 39.371186 ], [ -91.219882, 39.37147 ], [ -91.2199491, 39.3715446 ], [ -91.220114, 39.371728 ], [ -91.2198862, 39.3718597 ], [ -91.219604, 39.372023 ], [ -91.2191652, 39.3722515 ], [ -91.219073, 39.3723784 ], [ -91.2190274, 39.3724723 ], [ -91.2190255, 39.3725354 ], [ -91.219029, 39.37261 ], [ -91.219131, 39.372805 ], [ -91.219368, 39.37326 ], [ -91.21951, 39.373582 ], [ -91.219673, 39.374063 ], [ -91.220001, 39.375003 ], [ -91.220308, 39.37576 ], [ -91.220359, 39.375868 ], [ -91.2204, 39.375979 ] ], [ [ -91.17947, 39.333398 ], [ -91.179336, 39.333237 ], [ -91.178982, 39.333024 ], [ -91.17803, 39.332435 ], [ -91.177555, 39.332118 ], [ -91.177344, 39.331961 ], [ -91.1770813, 39.3318016 ], [ -91.176654, 39.331473 ] ], [ [ -91.1823152, 39.3327367 ], [ -91.1824032, 39.3327456 ], [ -91.1824774, 39.332763 ], [ -91.1825665, 39.3327948 ], [ -91.1826151, 39.3328174 ], [ -91.1826542, 39.3328592 ], [ -91.1826801, 39.3328869 ], [ -91.1827718, 39.3329351 ], [ -91.1828793, 39.3329561 ], [ -91.1829199, 39.3329529 ], [ -91.1829896, 39.3329474 ], [ -91.1831367, 39.3330033 ], [ -91.1832337, 39.3330488 ], [ -91.1833528, 39.3331291 ] ], [ [ -91.1939612, 39.333455 ], [ -91.1940108, 39.3334768 ], [ -91.194325, 39.3334828 ], [ -91.1946571, 39.3334892 ], [ -91.194715, 39.3334985 ], [ -91.1947624, 39.3335108 ], [ -91.1948176, 39.3335308 ], [ -91.1948565, 39.3335497 ], [ -91.1948822, 39.33357 ], [ -91.1949137, 39.3335903 ], [ -91.1949449, 39.3336051 ], [ -91.1949884, 39.3336178 ], [ -91.1950188, 39.3336226 ], [ -91.1950652, 39.3336237 ], [ -91.195111, 39.3336178 ], [ -91.1951412, 39.3336101 ], [ -91.1951813, 39.333593 ], [ -91.1952059, 39.3335783 ], [ -91.1952396, 39.3335468 ], [ -91.1952642, 39.3335359 ], [ -91.1953718, 39.333506 ], [ -91.1955003, 39.3334855 ], [ -91.1960935, 39.3334749 ], [ -91.1961312, 39.3334575 ] ], [ [ -91.2199491, 39.3715446 ], [ -91.2199567, 39.371664 ], [ -91.2199457, 39.3717467 ], [ -91.2199133, 39.3718261 ], [ -91.2198862, 39.3718597 ] ], [ [ -91.2191652, 39.3722515 ], [ -91.2188524, 39.3724156 ], [ -91.2182402, 39.3727194 ], [ -91.2175379, 39.3730825 ], [ -91.2169217, 39.3734023 ], [ -91.2171426, 39.3736271 ], [ -91.217326, 39.3737768 ], [ -91.217869, 39.374245 ], [ -91.218592, 39.374818 ], [ -91.218814, 39.375008 ], [ -91.218981, 39.375144 ], [ -91.2197, 39.375727 ], [ -91.219945, 39.375936 ], [ -91.220038, 39.376 ] ] ] }, "id": "relation/1932157" }, { "type": "Feature", "properties": { "@id": "relation/1932158", "description": "US 61 Business (Canton, MO)", "is_in:state": "MO", "modifier": "Business", "network": "US:US:Business", "ref":"US 61 BUS", "route": "road", "type": "route" }, "geometry": { "type": "MultiLineString", "coordinates": [ [ [ -91.541631, 40.1201508 ], [ -91.5413326, 40.1210646 ], [ -91.540588, 40.123221 ], [ -91.5398334, 40.1232142 ], [ -91.5389118, 40.1232043 ], [ -91.5380705, 40.1231854 ], [ -91.5357825, 40.1231738 ], [ -91.5341275, 40.1231551 ], [ -91.5338397, 40.1231777 ], [ -91.5336163, 40.1232289 ], [ -91.5334478, 40.1233275 ], [ -91.5333038, 40.1234647 ], [ -91.5332143, 40.1236059 ], [ -91.5331498, 40.1238232 ], [ -91.5331113, 40.1243872 ], [ -91.5330616, 40.1246504 ], [ -91.5330023, 40.1248366 ], [ -91.5329201, 40.1249448 ], [ -91.5326943, 40.1251847 ], [ -91.5326036, 40.1252953 ], [ -91.5325341, 40.1254154 ], [ -91.5322517, 40.1260592 ], [ -91.53202, 40.1266301 ], [ -91.5319544, 40.1268283 ], [ -91.5319239, 40.1271752 ], [ -91.531896, 40.1274762 ], [ -91.5318854, 40.1275334 ], [ -91.5318641, 40.1275988 ], [ -91.5318172, 40.1276706 ], [ -91.5317543, 40.1277218 ], [ -91.5316606, 40.1277709 ], [ -91.5315758, 40.1277873 ], [ -91.5313966, 40.1278019 ], [ -91.5310569, 40.1277961 ], [ -91.5308009, 40.1277949 ], [ -91.5293939, 40.1277564 ], [ -91.5292769, 40.1277612 ], [ -91.5291626, 40.1277803 ], [ -91.5291012, 40.1277958 ], [ -91.5290412, 40.1278165 ], [ -91.5290066, 40.1278323 ], [ -91.528812, 40.1279358 ], [ -91.5285232, 40.1281778 ], [ -91.5281784, 40.1284666 ], [ -91.5280131, 40.1286051 ], [ -91.5269923, 40.1293042 ], [ -91.5268575, 40.1293854 ], [ -91.5267013, 40.1294175 ], [ -91.5249905, 40.1294038 ], [ -91.5235169, 40.1293748 ], [ -91.5216892, 40.1293609 ], [ -91.5202125, 40.1293498 ], [ -91.520005, 40.1293683 ], [ -91.5193544, 40.1293878 ], [ -91.5186558, 40.1294087 ], [ -91.5187071, 40.1303677 ], [ -91.5187751, 40.13131 ], [ -91.5188233, 40.1322722 ], [ -91.5188937, 40.1332163 ], [ -91.518905, 40.1335404 ], [ -91.5189516, 40.1340389 ], [ -91.5189792, 40.1347475 ], [ -91.5189886, 40.13499 ], [ -91.5190558, 40.1360552 ], [ -91.5190623, 40.1361426 ], [ -91.5190853, 40.1364539 ], [ -91.5191883, 40.1367558 ], [ -91.5193158, 40.1371072 ], [ -91.5195144, 40.1374907 ], [ -91.5195814, 40.1376187 ], [ -91.5197033, 40.1378516 ], [ -91.5200598, 40.1383675 ], [ -91.5201324, 40.1384881 ], [ -91.5203734, 40.1387025 ], [ -91.5207899, 40.1391062 ], [ -91.5209117, 40.1392242 ], [ -91.5212311, 40.1395248 ], [ -91.5217982, 40.1400353 ], [ -91.5223128, 40.1405145 ], [ -91.5227014, 40.1410154 ], [ -91.5227266, 40.141062 ], [ -91.5229417, 40.1414604 ], [ -91.5230744, 40.1417412 ], [ -91.523225, 40.1423975 ], [ -91.5232481, 40.1429892 ], [ -91.5232282, 40.1449756 ], [ -91.5231269, 40.1498424 ], [ -91.5231046, 40.1516311 ], [ -91.5230743, 40.153252 ], [ -91.5230949, 40.1547223 ], [ -91.523154, 40.1552234 ], [ -91.5237617, 40.1579731 ], [ -91.5241434, 40.1595884 ], [ -91.5248462, 40.162533 ], [ -91.5252168, 40.1640381 ], [ -91.5255049, 40.1652619 ], [ -91.5256717, 40.1659606 ], [ -91.5259056, 40.1665495 ], [ -91.5262414, 40.1671752 ], [ -91.5266298, 40.1678049 ], [ -91.5271314, 40.1686346 ], [ -91.5273237, 40.169158 ], [ -91.527391, 40.1696005 ], [ -91.5273157, 40.1700496 ], [ -91.5271499, 40.1704917 ], [ -91.5264327, 40.1720918 ], [ -91.5258968, 40.1732331 ], [ -91.5256256, 40.1735797 ], [ -91.5249642, 40.1740955 ], [ -91.5243703, 40.1744796 ], [ -91.5241839, 40.1747454 ], [ -91.5241035, 40.1750192 ], [ -91.5242014, 40.1752963 ], [ -91.5244245, 40.1755184 ], [ -91.5248158, 40.175648 ], [ -91.5253426, 40.1757804 ], [ -91.5257028, 40.1758858 ] ], [ [ -91.540588, 40.123221 ], [ -91.5410941, 40.1232229 ], [ -91.5420851, 40.1232364 ], [ -91.5425373, 40.1232544 ], [ -91.542148, 40.1212812 ], [ -91.541954, 40.1204807 ] ] ] }, "id": "relation/1932158" }, { "type": "Feature", "properties": { "@id": "relation/1932160", "description": "US 61 Business (La Grange, MO)", "is_in:state": "MO", "modifier": "Business", "network": "US:US:Business", "ref":"US 61 BUS", "route": "road", "type": "route" }, "geometry": { "type": "MultiLineString", "coordinates": [ [ [ -91.5252773, 40.0508048 ], [ -91.5256893, 40.0496222 ], [ -91.526067, 40.0482424 ], [ -91.5256253, 40.0482468 ], [ -91.5246278, 40.0482525 ], [ -91.5242201, 40.0482607 ], [ -91.5234295, 40.0482492 ], [ -91.5140382, 40.0481949 ], [ -91.5138066, 40.0481936 ], [ -91.5132242, 40.0481902 ], [ -91.5124705, 40.0481863 ], [ -91.5108084, 40.0481777 ], [ -91.5083008, 40.0481527 ], [ -91.5074335, 40.0481455 ], [ -91.5074146, 40.0481454 ], [ -91.5044684, 40.0481366 ], [ -91.5042804, 40.0481162 ], [ -91.504119, 40.0480791 ], [ -91.5040092, 40.048032 ], [ -91.5039558, 40.0479897 ], [ -91.50391, 40.0478925 ], [ -91.5039196, 40.0474923 ], [ -91.504008, 40.0467373 ], [ -91.5040499, 40.0464823 ], [ -91.5041835, 40.0454745 ], [ -91.5043164, 40.0442931 ], [ -91.5044394, 40.0433179 ], [ -91.503301, 40.0432304 ], [ -91.5021871, 40.0431563 ], [ -91.5010486, 40.0430602 ], [ -91.4987887, 40.0428884 ], [ -91.4980449, 40.0428247 ], [ -91.4981526, 40.041999 ], [ -91.4983044, 40.0409104 ], [ -91.498445, 40.0398389 ], [ -91.4985822, 40.0390672 ], [ -91.4986141, 40.0387711 ], [ -91.4987303, 40.0376803 ], [ -91.4987703, 40.0373406 ], [ -91.4988182, 40.0369055 ], [ -91.4988763, 40.0365395 ], [ -91.4989637, 40.0360902 ], [ -91.4990887, 40.0357627 ], [ -91.4992318, 40.0353992 ], [ -91.4994944, 40.0349154 ], [ -91.4999103, 40.0343782 ], [ -91.5000333, 40.034247 ], [ -91.5004497, 40.0338067 ], [ -91.5008749, 40.0333562 ], [ -91.5015302, 40.032662 ], [ -91.5019512, 40.0321697 ], [ -91.5022335, 40.0318173 ], [ -91.5026257, 40.0312595 ], [ -91.503353, 40.0300185 ], [ -91.5041822, 40.0283822 ], [ -91.5043862, 40.0280132 ], [ -91.5045875, 40.0277194 ], [ -91.5051084, 40.0270987 ], [ -91.5062819, 40.0257781 ], [ -91.5066583, 40.0253246 ], [ -91.5068198, 40.0251508 ], [ -91.5070176, 40.0249328 ], [ -91.5073856, 40.0245116 ], [ -91.5083089, 40.0234783 ], [ -91.5087971, 40.0228889 ], [ -91.5090531, 40.0224871 ], [ -91.5093246, 40.0219932 ], [ -91.5096385, 40.0212848 ], [ -91.5099133, 40.020644 ], [ -91.5104044, 40.0195501 ], [ -91.5105258, 40.0193317 ], [ -91.5107664, 40.0190015 ], [ -91.5110405, 40.0186973 ], [ -91.5113825, 40.0183914 ], [ -91.511738, 40.0181174 ], [ -91.5122963, 40.0177924 ], [ -91.5136339, 40.0171596 ], [ -91.5151854, 40.0164603 ], [ -91.5162369, 40.0159647 ], [ -91.5163271, 40.0159235 ], [ -91.5172111, 40.0155202 ], [ -91.519978, 40.0143383 ], [ -91.5229592, 40.013102 ], [ -91.5247201, 40.0123718 ], [ -91.5251794, 40.0121776 ], [ -91.5254267, 40.0120771 ], [ -91.5253298, 40.0116044 ], [ -91.5253268, 40.0112614 ], [ -91.5258697, 40.0094356 ], [ -91.5262476, 40.0084141 ] ], [ [ -91.5242201, 40.0482607 ], [ -91.524429, 40.048804 ], [ -91.5246937, 40.0497536 ], [ -91.5249134, 40.0505422 ] ], [ [ -91.5254267, 40.0120771 ], [ -91.5272541, 40.0113487 ], [ -91.5269682, 40.0102683 ], [ -91.5265476, 40.0091375 ] ] ] }, "id": "relation/1932160" }, { "type": "Feature", "properties": { "@id": "relation/1932161", "description": "US 61 Business (New London, MO)", "is_in:state": "MO", "modifier": "Business", "network": "US:US:Business", "ref":"US 61 BUS", "route": "road", "type": "route" }, "geometry": { "type": "MultiLineString", "coordinates": [ [ [ -91.39847, 39.571708 ], [ -91.398971, 39.573038 ], [ -91.399272, 39.573922 ], [ -91.399477, 39.574418 ], [ -91.399578, 39.574617 ], [ -91.399398, 39.574685 ], [ -91.399252, 39.57476 ], [ -91.399033, 39.574916 ], [ -91.398823, 39.575119 ], [ -91.398683, 39.575405 ], [ -91.398633, 39.575636 ], [ -91.398614, 39.575777 ], [ -91.398631, 39.575979 ], [ -91.398787, 39.576427 ], [ -91.3990801, 39.5771929 ], [ -91.3991619, 39.5774541 ], [ -91.399299, 39.577962 ], [ -91.399358, 39.578139 ], [ -91.399729, 39.579345 ], [ -91.400178, 39.581051 ], [ -91.400292, 39.581485 ], [ -91.400555, 39.582485 ], [ -91.400732, 39.583487 ], [ -91.400913, 39.584528 ], [ -91.401074, 39.585514 ], [ -91.401239, 39.586519 ], [ -91.401405, 39.587504 ], [ -91.401588, 39.58848 ], [ -91.4018456, 39.5894783 ], [ -91.4019849, 39.5900158 ], [ -91.402247, 39.590991 ], [ -91.402399, 39.591517 ], [ -91.402494, 39.591845 ], [ -91.402573, 39.592161 ], [ -91.402881, 39.593224 ], [ -91.403145, 39.594085 ], [ -91.403361, 39.59481 ], [ -91.403585, 39.595565 ], [ -91.403654, 39.595809 ], [ -91.403997, 39.596953 ], [ -91.404281, 39.597972 ], [ -91.404327, 39.59814 ], [ -91.404422, 39.598404 ], [ -91.404438, 39.598446 ], [ -91.40449, 39.598557 ], [ -91.404544, 39.598653 ], [ -91.404622, 39.598735 ], [ -91.404808, 39.59885 ], [ -91.40503, 39.598889 ], [ -91.405746, 39.598911 ], [ -91.406063, 39.598921 ] ], [ [ -91.399578, 39.574617 ], [ -91.4001972, 39.5743891 ], [ -91.4010852, 39.5740633 ], [ -91.401591, 39.573876 ], [ -91.401123, 39.573462 ], [ -91.400072, 39.572654 ], [ -91.399521, 39.57226 ], [ -91.398994, 39.571803 ], [ -91.398422, 39.571156 ] ] ] }, "id": "relation/1932161" }, { "type": "Feature", "properties": { "@id": "relation/1941934", "description": "US 61 Business (Davenport, IA)", "is_in:state": "IA", "modifier": "Business", "network": "US:US:Business", "ref":"US 61 BUS", "route": "road", "type": "route", "wikipedia": "en:U.S. Route 61#Iowa" }, "geometry": { "type": "MultiLineString", "coordinates": [ [ [ -90.567816, 41.601866 ], [ -90.568443, 41.600617 ], [ -90.569556, 41.598168 ], [ -90.570108, 41.5967 ], [ -90.5702749, 41.5962115 ], [ -90.570437, 41.595722 ], [ -90.570504, 41.595519 ], [ -90.570737, 41.594901 ], [ -90.570936, 41.594304 ], [ -90.571056, 41.593849 ], [ -90.571179, 41.59327 ], [ -90.571252, 41.592775 ], [ -90.571274, 41.592477 ], [ -90.5713243, 41.5903666 ], [ -90.571341, 41.589668 ], [ -90.571365, 41.589035 ], [ -90.57137, 41.587191 ], [ -90.571421, 41.586542 ], [ -90.571436, 41.585998 ], [ -90.5714443, 41.5857806 ], [ -90.571454, 41.5856373 ], [ -90.5714623, 41.5851638 ], [ -90.5714756, 41.584393 ], [ -90.5714866, 41.583748 ], [ -90.571515, 41.581853 ], [ -90.5715382, 41.5800747 ], [ -90.5715394, 41.5799432 ], [ -90.5715678, 41.5788665 ], [ -90.5715732, 41.5784003 ], [ -90.5715596, 41.5780643 ], [ -90.5715659, 41.5779148 ], [ -90.5715674, 41.5776846 ], [ -90.5715848, 41.5772473 ], [ -90.5716119, 41.5767723 ], [ -90.571647, 41.576316 ], [ -90.571688, 41.575841 ], [ -90.571679, 41.575357 ], [ -90.571691, 41.574896 ], [ -90.5717115, 41.5746766 ], [ -90.5717123, 41.5746035 ], [ -90.571714, 41.574459 ], [ -90.5716455, 41.571014 ], [ -90.5716407, 41.5709263 ], [ -90.5715904, 41.5705282 ], [ -90.5714877, 41.5700587 ], [ -90.5713047, 41.5695486 ], [ -90.5711538, 41.5692164 ], [ -90.5703631, 41.5674624 ], [ -90.5703186, 41.567368 ], [ -90.5699258, 41.5665066 ], [ -90.5695948, 41.5657763 ], [ -90.5694714, 41.5654805 ], [ -90.569384, 41.565241 ], [ -90.5693588, 41.5650216 ], [ -90.5693359, 41.5648699 ], [ -90.5693303, 41.5646517 ], [ -90.5693349, 41.564411 ], [ -90.5693668, 41.564092 ], [ -90.5694491, 41.5637956 ], [ -90.569499, 41.563647 ], [ -90.5696603, 41.5631794 ], [ -90.569865, 41.562586 ], [ -90.5699721, 41.5622973 ], [ -90.5701276, 41.5618781 ], [ -90.5701555, 41.561805 ], [ -90.570324, 41.561363 ], [ -90.570437, 41.561086 ], [ -90.570576, 41.560805 ], [ -90.5707336, 41.5605235 ], [ -90.570759, 41.5604919 ], [ -90.570831, 41.560402 ], [ -90.570929, 41.56028 ], [ -90.570997, 41.560219 ], [ -90.571162, 41.560073 ], [ -90.5713266, 41.5599476 ], [ -90.5715032, 41.5598449 ], [ -90.571777, 41.5597184 ], [ -90.57219, 41.559547 ], [ -90.572576, 41.559406 ], [ -90.574047, 41.558868 ], [ -90.574717, 41.558595 ], [ -90.5749148, 41.5585257 ], [ -90.575545, 41.558292 ], [ -90.576032, 41.55809 ], [ -90.576332, 41.557957 ], [ -90.576515, 41.557833 ], [ -90.57667, 41.557719 ], [ -90.576874, 41.55753 ], [ -90.5770755, 41.5573243 ], [ -90.5771391, 41.5572275 ], [ -90.5772092, 41.557045 ], [ -90.5772478, 41.5568612 ], [ -90.5772605, 41.5566653 ], [ -90.5772505, 41.5564985 ], [ -90.5772258, 41.5563814 ], [ -90.5771971, 41.5562158 ], [ -90.5771864, 41.5561618 ], [ -90.5771589, 41.5560393 ], [ -90.5771313, 41.5559259 ], [ -90.5771119, 41.5558524 ], [ -90.5770784, 41.5557133 ], [ -90.5770069, 41.5554523 ], [ -90.576898, 41.555055 ], [ -90.5768641, 41.5547381 ], [ -90.5767482, 41.5542549 ], [ -90.5767178, 41.5541056 ], [ -90.5766857, 41.5539354 ], [ -90.5766505, 41.5537468 ], [ -90.5766175, 41.5535078 ], [ -90.5766248, 41.5527272 ], [ -90.5766348, 41.55218 ], [ -90.5766408, 41.5518107 ], [ -90.5766433, 41.5516553 ], [ -90.5766498, 41.5511506 ], [ -90.5766583, 41.5509408 ], [ -90.5766633, 41.5506692 ], [ -90.576661, 41.550175 ], [ -90.576664, 41.550062 ], [ -90.5766785, 41.5496872 ], [ -90.5766806, 41.5496203 ], [ -90.5766811, 41.5496045 ], [ -90.576693, 41.549178 ], [ -90.576713, 41.548635 ], [ -90.576766, 41.547844 ], [ -90.576779, 41.547663 ], [ -90.576831, 41.546938 ], [ -90.576852, 41.546689 ], [ -90.576868, 41.546505 ], [ -90.576909, 41.546036 ], [ -90.576913, 41.5459873 ], [ -90.5769309, 41.5457716 ], [ -90.576951, 41.545529 ], [ -90.5770018, 41.5449068 ], [ -90.577052, 41.544293 ], [ -90.577145, 41.543081 ], [ -90.5772707, 41.5418647 ], [ -90.5772916, 41.5416147 ], [ -90.5773083, 41.5414035 ], [ -90.5773139, 41.5411777 ], [ -90.5773117, 41.5409849 ], [ -90.5773035, 41.5406653 ], [ -90.5772995, 41.5400561 ], [ -90.5772946, 41.5394688 ], [ -90.5772921, 41.5393173 ], [ -90.5772894, 41.5391593 ], [ -90.5772845, 41.5388858 ], [ -90.5772828, 41.5387922 ], [ -90.5772835, 41.5386765 ], [ -90.5772847, 41.5384889 ], [ -90.5772854, 41.5383772 ], [ -90.5772806, 41.5382757 ], [ -90.5772767, 41.5381687 ], [ -90.5772662, 41.5379014 ], [ -90.57725, 41.537491 ], [ -90.577254, 41.536806 ], [ -90.5772775, 41.536385 ], [ -90.5772773, 41.5363003 ], [ -90.5772771, 41.536169 ], [ -90.5772748, 41.5358896 ], [ -90.577254, 41.535412 ], [ -90.57725, 41.535103 ], [ -90.577247, 41.534905 ], [ -90.577234, 41.534055 ], [ -90.577232, 41.53391 ], [ -90.5772246, 41.533237 ], [ -90.577222, 41.533003 ], [ -90.5772277, 41.5329167 ], [ -90.57723, 41.5319697 ], [ -90.577219, 41.530935 ], [ -90.577213, 41.530625 ], [ -90.57717, 41.529896 ], [ -90.5771311, 41.5291889 ], [ -90.577114, 41.528877 ], [ -90.577089, 41.5283 ], [ -90.577079, 41.528055 ], [ -90.5770821, 41.5278571 ], [ -90.5770752, 41.5277497 ], [ -90.5770628, 41.5275568 ], [ -90.5770565, 41.527433 ], [ -90.5770422, 41.5271504 ], [ -90.5770324, 41.5268162 ], [ -90.5770338, 41.5262891 ], [ -90.577017, 41.525734 ], [ -90.5770277, 41.525192 ], [ -90.5770276, 41.5251542 ], [ -90.577026, 41.5246486 ], [ -90.5770265, 41.5246198 ], [ -90.5770272, 41.5245022 ], [ -90.5770262, 41.5243234 ], [ -90.5770281, 41.5241812 ], [ -90.5770356, 41.5236353 ], [ -90.577037, 41.523536 ], [ -90.5770378, 41.5234463 ], [ -90.577042, 41.522995 ], [ -90.577045, 41.5225357 ], [ -90.5770458, 41.5224161 ], [ -90.5770462, 41.5223454 ], [ -90.5770488, 41.5218881 ], [ -90.5770489, 41.5218643 ], [ -90.5770498, 41.5217096 ], [ -90.5770504, 41.5216022 ], [ -90.5770513, 41.5214355 ], [ -90.5770514, 41.5214232 ], [ -90.577052, 41.5213184 ], [ -90.5770517, 41.5212336 ], [ -90.5770514, 41.521003 ], [ -90.5770517, 41.5209727 ], [ -90.5770552, 41.5208119 ], [ -90.5770641, 41.5203159 ], [ -90.5770646, 41.5202813 ], [ -90.5772039, 41.5202816 ], [ -90.5784158, 41.5202847 ], [ -90.5785373, 41.520285 ], [ -90.5786513, 41.5202848 ], [ -90.579013, 41.520284 ], [ -90.5792108, 41.5202838 ], [ -90.5800125, 41.5202829 ], [ -90.5813986, 41.5202823 ], [ -90.5815105, 41.5202822 ], [ -90.5816628, 41.5202803 ], [ -90.5824767, 41.52027 ], [ -90.5829098, 41.5202646 ], [ -90.5830213, 41.5202632 ], [ -90.5831487, 41.5202623 ], [ -90.584487, 41.5202529 ], [ -90.5855625, 41.5202467 ], [ -90.5858553, 41.5202458 ], [ -90.5859728, 41.5202455 ], [ -90.586093, 41.5202451 ], [ -90.5867076, 41.5202431 ], [ -90.5869367, 41.5202423 ], [ -90.5875998, 41.5202439 ], [ -90.5878446, 41.520232 ], [ -90.5881044, 41.52021 ], [ -90.5882732, 41.5201899 ], [ -90.5883617, 41.5201793 ], [ -90.5886278, 41.5201382 ], [ -90.5887833, 41.5201142 ], [ -90.5888819, 41.5200989 ], [ -90.5890974, 41.5200705 ], [ -90.5891491, 41.5200637 ], [ -90.5894706, 41.5200402 ], [ -90.5902411, 41.5200086 ], [ -90.5905434, 41.519955 ], [ -90.5909074, 41.5199372 ], [ -90.5911839, 41.5199227 ], [ -90.5914996, 41.5198947 ], [ -90.5921179, 41.5198269 ], [ -90.5922997, 41.5198106 ], [ -90.5932921, 41.5197132 ], [ -90.5941333, 41.5196318 ], [ -90.59493, 41.519554 ], [ -90.595886, 41.519466 ], [ -90.596409, 41.519409 ], [ -90.596553, 41.51938 ], [ -90.596895, 41.51931 ], [ -90.59748, 41.519143 ], [ -90.597552, 41.519121 ], [ -90.597639, 41.519095 ], [ -90.598106, 41.518917 ], [ -90.59874, 41.518615 ], [ -90.599344, 41.518272 ], [ -90.599485, 41.518188 ], [ -90.599911, 41.517881 ], [ -90.6004551, 41.5174723 ], [ -90.6005242, 41.5174201 ], [ -90.600871, 41.5171305 ], [ -90.601141, 41.5168884 ], [ -90.601316, 41.5167355 ], [ -90.601522, 41.516476 ], [ -90.60173, 41.516224 ], [ -90.6018353, 41.5160623 ], [ -90.6019475, 41.5158575 ], [ -90.6021011, 41.5155116 ], [ -90.6021199, 41.5154551 ], [ -90.6021164, 41.5153431 ], [ -90.6023508, 41.5146862 ], [ -90.6024036, 41.5145393 ], [ -90.6025303, 41.5141872 ], [ -90.6028461, 41.5133944 ], [ -90.6029316, 41.5133185 ], [ -90.6029679, 41.5132236 ], [ -90.60304, 41.5129958 ], [ -90.603594, 41.511661 ], [ -90.603775, 41.511344 ], [ -90.603818, 41.511269 ], [ -90.604115, 41.51092 ], [ -90.60441, 41.510631 ], [ -90.60457, 41.510491 ], [ -90.604896, 41.510244 ], [ -90.604988, 41.510188 ], [ -90.605318, 41.509988 ], [ -90.6062319, 41.5095474 ], [ -90.607264, 41.509004 ], [ -90.608727, 41.508282 ], [ -90.609309, 41.507988 ], [ -90.610672, 41.507235 ], [ -90.611779, 41.506547 ], [ -90.615687, 41.504 ], [ -90.6166933, 41.5033643 ], [ -90.616776, 41.5032566 ], [ -90.6170021, 41.5031148 ], [ -90.6172459, 41.5029751 ], [ -90.6174808, 41.5028498 ], [ -90.6177553, 41.5027145 ], [ -90.6180636, 41.5025826 ], [ -90.6183279, 41.5024825 ], [ -90.6186406, 41.5023736 ], [ -90.6189225, 41.5022912 ], [ -90.6192822, 41.5021966 ], [ -90.6196449, 41.5021043 ], [ -90.6200002, 41.5020174 ], [ -90.6216152, 41.5016105 ], [ -90.6237709, 41.5010506 ], [ -90.6240524, 41.5009794 ], [ -90.6250405, 41.5007375 ], [ -90.625525, 41.5006363 ], [ -90.6260169, 41.5005626 ], [ -90.6264382, 41.5005153 ], [ -90.6268229, 41.5004922 ], [ -90.6271929, 41.5004769 ], [ -90.62751, 41.5004813 ], [ -90.6277963, 41.5004901 ], [ -90.6282192, 41.5005241 ], [ -90.6287139, 41.5005879 ], [ -90.6291485, 41.5006627 ], [ -90.6295655, 41.500765 ], [ -90.6300529, 41.5009002 ], [ -90.6304332, 41.5010322 ], [ -90.6305352, 41.5010696 ], [ -90.6366475, 41.5032788 ], [ -90.6399103, 41.5044303 ], [ -90.6420227, 41.505205 ], [ -90.6424921, 41.5053853 ], [ -90.6427077, 41.5055224 ], [ -90.6437, 41.505846 ], [ -90.644705, 41.506147 ], [ -90.647825, 41.5069 ], [ -90.648789, 41.507153 ], [ -90.649476, 41.507353 ], [ -90.649493, 41.507358 ], [ -90.650444, 41.507685 ], [ -90.650829, 41.507838 ], [ -90.651508, 41.508108 ], [ -90.65206, 41.508295 ], [ -90.6524576, 41.508421 ], [ -90.6530347, 41.5086039 ], [ -90.6531595, 41.5086435 ], [ -90.6540645, 41.5088593 ], [ -90.654527, 41.5089614 ], [ -90.655057, 41.5090415 ], [ -90.655947, 41.509146 ], [ -90.656447, 41.509156 ], [ -90.656922, 41.5091645 ], [ -90.6593632, 41.5091636 ], [ -90.659768, 41.509148 ], [ -90.66122, 41.509147 ], [ -90.6619254, 41.5091437 ], [ -90.664455, 41.509132 ], [ -90.664993, 41.509137 ], [ -90.6650305, 41.5091373 ], [ -90.665136, 41.509138 ], [ -90.6651835, 41.5091379 ], [ -90.666079, 41.509136 ], [ -90.6661189, 41.5091358 ], [ -90.666808, 41.509132 ], [ -90.666879, 41.509132 ], [ -90.667864, 41.509126 ], [ -90.6689573, 41.5091348 ], [ -90.6693293, 41.5090922 ], [ -90.670912, 41.509057 ], [ -90.6713385, 41.5090563 ] ], [ [ -90.5905434, 41.519955 ], [ -90.5902846, 41.5199114 ], [ -90.5896878, 41.5199398 ], [ -90.5893569, 41.5199548 ], [ -90.5890951, 41.5199742 ], [ -90.5890499, 41.5199776 ], [ -90.5888806, 41.5199976 ], [ -90.5888181, 41.520005 ], [ -90.5887608, 41.5200142 ], [ -90.5885946, 41.520041 ], [ -90.5883362, 41.5200827 ], [ -90.5882422, 41.5200954 ], [ -90.5880822, 41.5201169 ], [ -90.587914, 41.5201341 ], [ -90.5876804, 41.52015 ], [ -90.5860928, 41.5201562 ], [ -90.5859677, 41.5201567 ], [ -90.5858551, 41.5201571 ], [ -90.5844886, 41.5201626 ], [ -90.5831677, 41.5201679 ], [ -90.5830184, 41.5201685 ], [ -90.5829138, 41.5201692 ], [ -90.582475, 41.5201719 ], [ -90.5816393, 41.520177 ], [ -90.5815111, 41.5201778 ], [ -90.5814085, 41.5201783 ], [ -90.5800121, 41.5201853 ], [ -90.5786586, 41.520192 ], [ -90.5785379, 41.5201926 ], [ -90.5784131, 41.5201921 ], [ -90.5772093, 41.5201876 ], [ -90.5770639, 41.5201871 ], [ -90.5769438, 41.5201879 ], [ -90.575726, 41.5201799 ], [ -90.5755961, 41.5201792 ], [ -90.5754721, 41.5201792 ], [ -90.5742488, 41.5201791 ], [ -90.5741243, 41.5201791 ], [ -90.5741253, 41.5202691 ], [ -90.574123, 41.5203303 ], [ -90.5741089, 41.5207612 ], [ -90.5740952, 41.5212409 ], [ -90.5740934, 41.521318 ], [ -90.5740917, 41.5214176 ], [ -90.574086, 41.521856 ], [ -90.5740852, 41.5219154 ], [ -90.5740818, 41.5223285 ], [ -90.5740817, 41.522427 ], [ -90.5740824, 41.5225157 ], [ -90.574088, 41.5228667 ], [ -90.5740895, 41.5229773 ], [ -90.5740907, 41.5230979 ], [ -90.5740921, 41.5233358 ], [ -90.5740922, 41.5234268 ], [ -90.5740919, 41.523524 ], [ -90.5740912, 41.5236207 ], [ -90.5740798, 41.5244928 ], [ -90.5740781, 41.5246516 ], [ -90.574078, 41.5251739 ], [ -90.574078, 41.5252542 ], [ -90.574078, 41.5252886 ], [ -90.574078, 41.525345 ], [ -90.5740775, 41.5253787 ], [ -90.5740749, 41.5255394 ], [ -90.574072, 41.525716 ], [ -90.5740627, 41.5262786 ], [ -90.574054, 41.526805 ], [ -90.574053, 41.5268836 ], [ -90.5740418, 41.5277207 ], [ -90.574036, 41.528157 ], [ -90.574034, 41.529275 ], [ -90.574032, 41.530053 ], [ -90.5740311, 41.5305267 ], [ -90.574031, 41.530576 ], [ -90.5740303, 41.5308935 ], [ -90.5740298, 41.5316006 ], [ -90.5740282, 41.5318281 ], [ -90.5740317, 41.5319618 ], [ -90.5740398, 41.5323686 ], [ -90.5740436, 41.5324999 ], [ -90.5740463, 41.5325914 ], [ -90.5740475, 41.5326328 ], [ -90.574056, 41.532921 ], [ -90.5740594, 41.5330605 ], [ -90.5740567, 41.5334192 ], [ -90.574053, 41.533913 ], [ -90.574055, 41.534069 ], [ -90.5740568, 41.5348358 ], [ -90.574057, 41.534907 ], [ -90.574055, 41.535125 ], [ -90.5740567, 41.5351938 ], [ -90.5740737, 41.5358959 ], [ -90.5740742, 41.5361045 ], [ -90.5740749, 41.536217 ], [ -90.5740716, 41.5363396 ], [ -90.5740704, 41.5365109 ], [ -90.5740666, 41.5367643 ], [ -90.5740627, 41.5370972 ], [ -90.57406, 41.5373302 ], [ -90.5740581, 41.5374883 ], [ -90.5740554, 41.5375243 ], [ -90.5740573, 41.5376144 ], [ -90.5740569, 41.5377184 ], [ -90.5740537, 41.5379308 ], [ -90.5740335, 41.5381325 ], [ -90.5740318, 41.5381446 ], [ -90.5740146, 41.5382698 ], [ -90.5740136, 41.5383917 ], [ -90.5740103, 41.5387913 ], [ -90.5740163, 41.5394693 ], [ -90.5740175, 41.5397518 ], [ -90.5740003, 41.5401692 ], [ -90.5739921, 41.5403665 ], [ -90.57398, 41.540659 ], [ -90.573982, 41.54083 ], [ -90.573913, 41.54124 ], [ -90.5738954, 41.5413055 ], [ -90.573878, 41.54137 ], [ -90.573782, 41.541725 ], [ -90.573711, 41.541911 ], [ -90.573424, 41.542666 ], [ -90.57308, 41.543564 ], [ -90.5727283, 41.5445497 ], [ -90.5723985, 41.5454003 ], [ -90.5723875, 41.5454281 ], [ -90.5723481, 41.5455282 ], [ -90.572287, 41.545663 ], [ -90.572191, 41.5458947 ], [ -90.5721367, 41.5460254 ], [ -90.5718946, 41.5466607 ], [ -90.5717656, 41.5469844 ], [ -90.5716795, 41.5472048 ], [ -90.57149, 41.54762 ], [ -90.571292, 41.548185 ], [ -90.571137, 41.548613 ], [ -90.5709113, 41.5491791 ], [ -90.5707005, 41.5496723 ], [ -90.5706918, 41.5496948 ], [ -90.5705998, 41.5499331 ], [ -90.570523, 41.550132 ], [ -90.570397, 41.550471 ], [ -90.570217, 41.550954 ], [ -90.570202, 41.550997 ], [ -90.570145, 41.55115 ], [ -90.569905, 41.55167 ], [ -90.5698486, 41.5518181 ], [ -90.56982, 41.551893 ], [ -90.5697007, 41.5521876 ], [ -90.569543, 41.552577 ], [ -90.569467, 41.552783 ], [ -90.569388, 41.553012 ], [ -90.5692899, 41.5533803 ], [ -90.569236, 41.553589 ], [ -90.5692155, 41.5536795 ], [ -90.5690816, 41.5541926 ], [ -90.5690677, 41.5542356 ], [ -90.5690051, 41.5545139 ], [ -90.5689733, 41.5546554 ], [ -90.5689555, 41.5547343 ], [ -90.568952, 41.55475 ], [ -90.5689329, 41.5548549 ], [ -90.568913, 41.554964 ], [ -90.5688797, 41.5552205 ], [ -90.5688268, 41.5555962 ], [ -90.5687953, 41.5558199 ], [ -90.568777, 41.55595 ], [ -90.568708, 41.556501 ], [ -90.568686, 41.556671 ], [ -90.5686395, 41.5570409 ], [ -90.5686029, 41.5573326 ], [ -90.568585, 41.557475 ], [ -90.5685661, 41.5576243 ], [ -90.5685241, 41.5579553 ], [ -90.568472, 41.558366 ], [ -90.5684511, 41.5585238 ], [ -90.5684226, 41.5587387 ], [ -90.568402, 41.5588938 ], [ -90.568364, 41.55918 ], [ -90.5683267, 41.5594597 ], [ -90.5682991, 41.5596865 ], [ -90.568231, 41.560178 ], [ -90.568205, 41.560368 ], [ -90.5681945, 41.5604455 ], [ -90.5681428, 41.560835 ], [ -90.568113, 41.561059 ], [ -90.568088, 41.561248 ], [ -90.568067, 41.561405 ], [ -90.568013, 41.561808 ], [ -90.567964, 41.56218 ], [ -90.5679221, 41.5624365 ], [ -90.567881, 41.562688 ], [ -90.5678781, 41.5627122 ], [ -90.567839, 41.563035 ], [ -90.567772, 41.563584 ], [ -90.567767, 41.563626 ], [ -90.567706, 41.564121 ], [ -90.5676754, 41.564373 ], [ -90.567658, 41.564516 ], [ -90.567647, 41.564601 ], [ -90.567634, 41.564711 ], [ -90.5676225, 41.5648271 ], [ -90.567605, 41.565034 ], [ -90.5675908, 41.5652524 ], [ -90.56759, 41.565335 ], [ -90.567586, 41.56554 ], [ -90.567598, 41.565705 ], [ -90.567622, 41.565985 ], [ -90.5676539, 41.5661554 ], [ -90.567668, 41.566265 ], [ -90.567709, 41.566485 ], [ -90.5677252, 41.5665658 ], [ -90.567792, 41.5668434 ], [ -90.567836, 41.567064 ], [ -90.567868, 41.567208 ], [ -90.567979, 41.5676283 ], [ -90.5680166, 41.5678713 ], [ -90.568037, 41.567973 ], [ -90.5681048, 41.5682707 ], [ -90.5681928, 41.568666 ], [ -90.568264, 41.56897 ], [ -90.568378, 41.569473 ], [ -90.568485, 41.569943 ], [ -90.568613, 41.570501 ], [ -90.568734, 41.57104 ], [ -90.568761, 41.571167 ], [ -90.568822, 41.571452 ], [ -90.568967, 41.572127 ], [ -90.5690923, 41.5727363 ], [ -90.569229, 41.573335 ], [ -90.569362, 41.573868 ], [ -90.569408, 41.573996 ], [ -90.569493, 41.574233 ], [ -90.5695813, 41.5744004 ], [ -90.5696138, 41.5744621 ], [ -90.5697023, 41.5746146 ], [ -90.569938, 41.575054 ], [ -90.570165, 41.575401 ], [ -90.570248, 41.575528 ], [ -90.570486, 41.575933 ], [ -90.5705563, 41.5760702 ], [ -90.5706866, 41.5763247 ], [ -90.5708062, 41.576555 ], [ -90.5709075, 41.5767695 ], [ -90.5710004, 41.5769785 ], [ -90.5711225, 41.5773175 ], [ -90.5711879, 41.5775128 ], [ -90.5712878, 41.5778583 ], [ -90.5713345, 41.5780489 ], [ -90.5713618, 41.5783191 ], [ -90.5713661, 41.5785985 ], [ -90.57136, 41.578727 ], [ -90.5713623, 41.5798053 ], [ -90.5713591, 41.579942 ], [ -90.5713527, 41.5804915 ], [ -90.5713142, 41.583022 ], [ -90.5713015, 41.58376 ], [ -90.5712975, 41.58414 ], [ -90.5712945, 41.5843241 ], [ -90.5712875, 41.584581 ], [ -90.5712635, 41.5854515 ], [ -90.5712665, 41.5856694 ], [ -90.571257, 41.586341 ], [ -90.571174, 41.587123 ], [ -90.571049, 41.58788 ], [ -90.57101, 41.588189 ], [ -90.570982, 41.588801 ], [ -90.570971, 41.589678 ], [ -90.570985, 41.59173 ], [ -90.570941, 41.592599 ], [ -90.570906, 41.592958 ], [ -90.57085, 41.593327 ], [ -90.570751, 41.593805 ], [ -90.5706683, 41.5941951 ], [ -90.5705502, 41.5945688 ], [ -90.5703485, 41.5951309 ], [ -90.5701527, 41.5956387 ] ], [ [ -90.6021199, 41.5154551 ], [ -90.6022157, 41.515368 ], [ -90.6022837, 41.515201 ], [ -90.6025566, 41.5145306 ], [ -90.6026855, 41.5141701 ], [ -90.6028144, 41.5138095 ], [ -90.6029568, 41.513421 ], [ -90.6029316, 41.5133185 ] ], [ [ -90.6166933, 41.5033643 ], [ -90.6168651, 41.5033116 ], [ -90.616983, 41.5032328 ], [ -90.6172723, 41.5030607 ], [ -90.6176233, 41.5028738 ], [ -90.6178221, 41.5027787 ], [ -90.618152, 41.5026364 ], [ -90.6184895, 41.502509 ], [ -90.6187878, 41.5024136 ], [ -90.619241, 41.5022879 ], [ -90.6200375, 41.5020889 ], [ -90.6216531, 41.5016861 ], [ -90.623839, 41.5011548 ], [ -90.6250942, 41.5008366 ], [ -90.6254983, 41.5007424 ], [ -90.6257718, 41.500685 ], [ -90.6261097, 41.5006291 ], [ -90.626544, 41.5005842 ], [ -90.6269459, 41.5005624 ], [ -90.6273363, 41.5005563 ], [ -90.627737, 41.5005645 ], [ -90.6281682, 41.5005986 ], [ -90.6284213, 41.5006275 ], [ -90.6287642, 41.5006856 ], [ -90.6292102, 41.500785 ], [ -90.6296265, 41.5008921 ], [ -90.630031, 41.5010195 ], [ -90.630463, 41.5011738 ], [ -90.6342827, 41.5025302 ], [ -90.6365763, 41.5033796 ], [ -90.6398366, 41.5045425 ], [ -90.6419625, 41.5053127 ], [ -90.6424366, 41.5054816 ], [ -90.6427077, 41.5055224 ] ], [ [ -90.6689573, 41.5091348 ], [ -90.6693547, 41.5091704 ], [ -90.6713211, 41.5091665 ], [ -90.672832, 41.509164 ], [ -90.673874, 41.509154 ], [ -90.6742824, 41.5091514 ] ] ] }, "id": "relation/1941934" }, { "type": "Feature", "properties": { "@id": "relation/1941935", "description": "US 61 Business (Fort Madison, IA)", "is_in:state": "IA", "modifier": "Business", "network": "US:US:Business", "ref":"US 61 BUS", "route": "road", "type": "route" }, "geometry": { "type": "MultiLineString", "coordinates": [ [ [ -91.2656561, 40.6722783 ], [ -91.2664535, 40.6719725 ], [ -91.2669471, 40.671826 ], [ -91.2674084, 40.6717121 ], [ -91.2678805, 40.6716226 ], [ -91.2684384, 40.6715738 ], [ -91.2689319, 40.6715982 ], [ -91.2723932, 40.6719213 ], [ -91.2723331, 40.6715405 ], [ -91.2722397, 40.670989 ], [ -91.2721217, 40.6702362 ], [ -91.2719896, 40.6693066 ], [ -91.2717752, 40.6679925 ], [ -91.2715101, 40.666265 ], [ -91.2714808, 40.6651235 ], [ -91.2715119, 40.6647617 ], [ -91.2715376, 40.6640793 ], [ -91.2716219, 40.6637796 ], [ -91.2717424, 40.6633517 ], [ -91.2719705, 40.6626241 ], [ -91.2722428, 40.6616946 ], [ -91.2726211, 40.6604833 ], [ -91.2733169, 40.6582681 ], [ -91.2740133, 40.6559862 ], [ -91.2747452, 40.6536539 ], [ -91.2751849, 40.6522275 ], [ -91.2753339, 40.6517566 ], [ -91.2754609, 40.6514026 ], [ -91.2756151, 40.6510575 ], [ -91.2758199, 40.6507074 ], [ -91.2760079, 40.6504409 ], [ -91.2762256, 40.6501783 ], [ -91.2764745, 40.6499148 ], [ -91.2767506, 40.6496591 ], [ -91.2769774, 40.6494772 ], [ -91.2772768, 40.6492667 ], [ -91.2776047, 40.649071 ], [ -91.2779806, 40.6488704 ], [ -91.2782969, 40.6487199 ], [ -91.2786714, 40.6485764 ], [ -91.2790097, 40.6484672 ], [ -91.2793895, 40.6483639 ], [ -91.2796008, 40.6483167 ], [ -91.2799598, 40.648244 ], [ -91.2803979, 40.648182 ], [ -91.2808619, 40.6481348 ], [ -91.2824933, 40.648001 ], [ -91.28733, 40.6475947 ], [ -91.2908778, 40.6472882 ], [ -91.291105, 40.6472528 ], [ -91.2914851, 40.6471788 ], [ -91.2918397, 40.6470965 ], [ -91.2921491, 40.6470075 ], [ -91.2924906, 40.6468865 ], [ -91.2928431, 40.6467412 ], [ -91.2931751, 40.6465755 ], [ -91.2935304, 40.646382 ], [ -91.2938086, 40.6462003 ], [ -91.2941223, 40.6459713 ], [ -91.2944067, 40.6457262 ], [ -91.2946795, 40.6454668 ], [ -91.2948597, 40.645259 ], [ -91.2950358, 40.6450277 ], [ -91.2952449, 40.6447324 ], [ -91.2956372, 40.6441651 ], [ -91.2958743, 40.6438055 ], [ -91.2973325, 40.641745 ], [ -91.2976143, 40.6413446 ], [ -91.2977743, 40.6411159 ], [ -91.29792, 40.6408624 ], [ -91.2980356, 40.6406131 ], [ -91.2981442, 40.6403379 ], [ -91.2982156, 40.6400648 ], [ -91.2982556, 40.6397614 ], [ -91.2982541, 40.639459 ], [ -91.2982156, 40.6387925 ], [ -91.2982105, 40.6384849 ], [ -91.2982427, 40.6382431 ], [ -91.2983027, 40.6379158 ], [ -91.2983798, 40.6376579 ], [ -91.2984926, 40.6373674 ], [ -91.2986297, 40.6370976 ], [ -91.2992097, 40.6362153 ], [ -91.2994873, 40.6358094 ], [ -91.299662, 40.6355496 ], [ -91.2998105, 40.6353143 ], [ -91.2999014, 40.6351664 ], [ -91.3000165, 40.6349572 ], [ -91.3001024, 40.6347837 ], [ -91.3001651, 40.634641 ], [ -91.3002922, 40.6343267 ], [ -91.3003788, 40.6340498 ], [ -91.3004185, 40.6339129 ], [ -91.3004562, 40.6337578 ], [ -91.300491, 40.6335933 ], [ -91.3005262, 40.6334003 ], [ -91.3005484, 40.6332398 ], [ -91.300562, 40.6331082 ], [ -91.300569, 40.6330129 ], [ -91.3005748, 40.6328755 ], [ -91.3005867, 40.6325165 ], [ -91.3005896, 40.6323715 ], [ -91.3006003, 40.6318426 ], [ -91.3006086, 40.6313414 ], [ -91.3006171, 40.6308297 ], [ -91.300654, 40.6307389 ], [ -91.3007145, 40.6305897 ], [ -91.3008441, 40.6304284 ], [ -91.3009352, 40.6303619 ], [ -91.3009506, 40.6303506 ], [ -91.3012255, 40.630241 ], [ -91.3018977, 40.6300549 ], [ -91.3020999, 40.6299969 ], [ -91.3022953, 40.6299422 ], [ -91.3024832, 40.6298974 ], [ -91.3026981, 40.6298595 ], [ -91.3029002, 40.6298381 ], [ -91.3030532, 40.6298287 ], [ -91.3032758, 40.6298256 ], [ -91.3034977, 40.6298261 ], [ -91.3043497, 40.6298399 ], [ -91.3062205, 40.6298542 ], [ -91.3073152, 40.6298556 ], [ -91.3074695, 40.6298586 ], [ -91.3075338, 40.6298622 ], [ -91.3076464, 40.6298835 ], [ -91.3078102, 40.6299122 ], [ -91.30794, 40.629933 ], [ -91.3080838, 40.6299584 ], [ -91.3082867, 40.6299755 ], [ -91.3097618, 40.6299895 ], [ -91.3116252, 40.6300159 ], [ -91.3134744, 40.6300327 ], [ -91.3139109, 40.6300368 ], [ -91.3153355, 40.6300566 ], [ -91.3164341, 40.6300721 ], [ -91.3166498, 40.6300752 ], [ -91.3167413, 40.6300765 ], [ -91.3171842, 40.6300791 ], [ -91.3190417, 40.6300991 ], [ -91.3209039, 40.6301141 ], [ -91.3226236, 40.6301375 ], [ -91.3227602, 40.6301403 ], [ -91.3245179, 40.6301626 ], [ -91.3246335, 40.6301641 ], [ -91.326469, 40.6301791 ], [ -91.3283322, 40.6302008 ], [ -91.3301754, 40.63022 ], [ -91.3301729, 40.6300871 ], [ -91.3301766, 40.6300364 ], [ -91.3301848, 40.6299716 ], [ -91.3301932, 40.6298734 ], [ -91.3301981, 40.6297769 ], [ -91.3302001, 40.6291899 ], [ -91.3302087, 40.6286732 ], [ -91.330217, 40.6281673 ], [ -91.3302271, 40.6277766 ], [ -91.3302289, 40.6277369 ], [ -91.3302435, 40.6274243 ], [ -91.3317102, 40.6273716 ], [ -91.331987, 40.6273625 ], [ -91.3330996, 40.6273171 ], [ -91.333229, 40.6273118 ], [ -91.3335792, 40.627301 ], [ -91.3347932, 40.6272669 ], [ -91.3351214, 40.6272597 ], [ -91.3356678, 40.6272439 ], [ -91.3364575, 40.6272211 ], [ -91.3369179, 40.6272078 ], [ -91.3375537, 40.6271848 ], [ -91.3382318, 40.6271603 ], [ -91.3389102, 40.6271411 ], [ -91.3396767, 40.6271193 ], [ -91.3399084, 40.627112 ], [ -91.3411097, 40.6270733 ], [ -91.342759, 40.627023 ], [ -91.3443384, 40.6269764 ], [ -91.3446169, 40.6269671 ], [ -91.3463829, 40.62691 ], [ -91.34815, 40.6268584 ], [ -91.3492652, 40.6268279 ], [ -91.3499236, 40.6268124 ], [ -91.3510599, 40.6267771 ], [ -91.3517187, 40.6267537 ], [ -91.3529007, 40.6267142 ], [ -91.3529836, 40.6267117 ], [ -91.3540186, 40.6266803 ], [ -91.3541457, 40.6266765 ], [ -91.3542629, 40.626673 ], [ -91.3553675, 40.6266396 ], [ -91.3554654, 40.6266354 ], [ -91.3560622, 40.6266184 ], [ -91.3574422, 40.6265792 ], [ -91.3576446, 40.6265636 ], [ -91.357767, 40.6265405 ], [ -91.3579249, 40.6264983 ], [ -91.3580196, 40.6264674 ], [ -91.3581356, 40.6264218 ], [ -91.3582553, 40.6263626 ], [ -91.3583566, 40.6262971 ], [ -91.3584544, 40.6262217 ], [ -91.3585094, 40.6261652 ], [ -91.3585358, 40.6261381 ], [ -91.3587507, 40.6258595 ], [ -91.3588331, 40.6257723 ], [ -91.3589254, 40.6256973 ], [ -91.3589695, 40.6256685 ], [ -91.3590511, 40.6256111 ], [ -91.3594058, 40.6253614 ], [ -91.3597125, 40.6251803 ], [ -91.3603745, 40.6248298 ], [ -91.3610914, 40.624523 ], [ -91.3611047, 40.6245183 ], [ -91.3614995, 40.624378 ], [ -91.3617964, 40.6242812 ], [ -91.3623394, 40.6241335 ], [ -91.3624775, 40.6241002 ], [ -91.3627365, 40.6240377 ], [ -91.363088, 40.623973 ], [ -91.3636278, 40.6238954 ], [ -91.3639963, 40.623856 ], [ -91.3644737, 40.6238153 ], [ -91.3648976, 40.6237987 ], [ -91.3650909, 40.6237967 ], [ -91.3658724, 40.623808 ], [ -91.3663233, 40.6238121 ], [ -91.3671619, 40.623827 ], [ -91.369082, 40.623861 ], [ -91.3692391, 40.6238643 ], [ -91.371689, 40.623915 ], [ -91.3731806, 40.6239601 ], [ -91.3744436, 40.6240016 ], [ -91.3757554, 40.6240446 ], [ -91.3770105, 40.6240858 ], [ -91.3786238, 40.624112 ], [ -91.3795946, 40.6241277 ], [ -91.3816561, 40.6241612 ], [ -91.3821059, 40.6241685 ], [ -91.3861247, 40.6242214 ], [ -91.386248, 40.624223 ], [ -91.3865468, 40.624228 ], [ -91.386728, 40.624231 ], [ -91.386804, 40.624233 ], [ -91.3878479, 40.6242513 ], [ -91.3883196, 40.6242596 ], [ -91.3892821, 40.6242764 ], [ -91.389941, 40.624288 ], [ -91.390051, 40.62429 ], [ -91.390301, 40.624294 ], [ -91.3909999, 40.6243141 ], [ -91.3914579, 40.6243223 ], [ -91.3922356, 40.6243361 ], [ -91.3927458, 40.6243099 ], [ -91.3927677, 40.6243088 ], [ -91.3930949, 40.6243047 ], [ -91.3934624, 40.6243095 ], [ -91.3943529, 40.624321 ], [ -91.3947069, 40.6243373 ], [ -91.3949269, 40.6243556 ], [ -91.3950959, 40.624376 ], [ -91.3951936, 40.6243917 ], [ -91.3952863, 40.6244065 ], [ -91.3954445, 40.6244391 ], [ -91.3955393, 40.6244661 ], [ -91.395702, 40.6245124 ], [ -91.3959032, 40.6245836 ], [ -91.3961258, 40.6246732 ], [ -91.3962787, 40.6247485 ], [ -91.3964343, 40.6248218 ], [ -91.3965791, 40.6249012 ], [ -91.396724, 40.6249949 ], [ -91.3969037, 40.6251089 ], [ -91.3971182, 40.6252493 ], [ -91.3973528, 40.6254032 ], [ -91.3980902, 40.624999 ], [ -91.3983423, 40.6249194 ], [ -91.3986971, 40.6248164 ], [ -91.3991702, 40.6247573 ], [ -91.4024712, 40.6247499 ], [ -91.4030059, 40.624721 ], [ -91.4036589, 40.6246146 ], [ -91.404896, 40.6243293 ], [ -91.4056972, 40.6241874 ] ], [ [ -91.2719896, 40.6693066 ], [ -91.2714748, 40.6693596 ], [ -91.2707667, 40.6696037 ], [ -91.2700156, 40.6698804 ], [ -91.2692217, 40.6702385 ], [ -91.2675105, 40.671097 ] ], [ [ -91.2715119, 40.6647617 ], [ -91.2717245, 40.6641836 ], [ -91.2718391, 40.6638349 ], [ -91.2719785, 40.6634108 ], [ -91.2725092, 40.6617178 ], [ -91.2736783, 40.6579818 ], [ -91.2742351, 40.656182 ], [ -91.2746677, 40.6547656 ], [ -91.2753611, 40.6525453 ], [ -91.2754544, 40.6522266 ], [ -91.2756281, 40.6516907 ], [ -91.2757564, 40.6513662 ], [ -91.2758951, 40.651083 ], [ -91.2760468, 40.6508205 ], [ -91.2762363, 40.6505439 ], [ -91.2764489, 40.650292 ], [ -91.276711, 40.6500168 ], [ -91.2769586, 40.6497903 ], [ -91.2772819, 40.6495373 ], [ -91.2776562, 40.6492942 ], [ -91.2780421, 40.6490887 ], [ -91.2783435, 40.6489396 ], [ -91.2786916, 40.6487948 ], [ -91.2790513, 40.6486666 ], [ -91.279344, 40.648586 ], [ -91.2796819, 40.6485053 ], [ -91.2800634, 40.6484368 ], [ -91.2805586, 40.6483694 ], [ -91.2811119, 40.6483186 ], [ -91.2825799, 40.6481993 ], [ -91.2873575, 40.6477883 ], [ -91.288487, 40.6476565 ], [ -91.2904154, 40.6473942 ], [ -91.2908778, 40.6472882 ] ], [ [ -91.3301754, 40.63022 ], [ -91.3319394, 40.6302425 ], [ -91.3327721, 40.630252 ], [ -91.3335084, 40.6302604 ], [ -91.3335159, 40.629755 ], [ -91.3335238, 40.6292317 ], [ -91.3335322, 40.6287107 ], [ -91.3335403, 40.6282026 ], [ -91.3335517, 40.6277757 ], [ -91.3335792, 40.627301 ] ], [ [ -91.3922356, 40.6243361 ], [ -91.3927078, 40.6243571 ], [ -91.3927465, 40.6243592 ], [ -91.3929605, 40.6243711 ], [ -91.3932409, 40.6243781 ], [ -91.3935643, 40.6243815 ], [ -91.393805, 40.6243869 ], [ -91.3942031, 40.6243963 ], [ -91.394419, 40.6244057 ], [ -91.3946349, 40.6244165 ], [ -91.3947782, 40.6244259 ], [ -91.3949393, 40.624442 ], [ -91.3951162, 40.6244635 ], [ -91.395272, 40.6244877 ], [ -91.3954011, 40.6245118 ], [ -91.3955, 40.6245366 ], [ -91.395702, 40.6245938 ], [ -91.3957739, 40.6246182 ], [ -91.3959037, 40.6246623 ], [ -91.396024, 40.6247146 ], [ -91.3961391, 40.6247697 ], [ -91.3964417, 40.6249282 ], [ -91.3966169, 40.6250262 ], [ -91.397267, 40.6254529 ], [ -91.3983794, 40.6262068 ], [ -91.3991245, 40.6266801 ], [ -91.3998147, 40.6270986 ], [ -91.4002604, 40.6273874 ], [ -91.40033, 40.6273383 ], [ -91.400526, 40.6271577 ], [ -91.4007814, 40.6269112 ], [ -91.401284, 40.6264077 ], [ -91.4019589, 40.6259401 ], [ -91.4025693, 40.6255688 ], [ -91.4040957, 40.6249241 ] ] ] }, "id": "relation/1941935" }, { "type": "Feature", "properties": { "@id": "relation/1941936", "description": "US 61 Business (Keokuk, IA)", "is_in:state": "IA", "modifier": "Business", "network": "US:US:Business", "ref":"US 61 BUS", "route": "road", "type": "route" }, "geometry": { "type": "MultiLineString", "coordinates": [ [ [ -91.4256721, 40.4365165 ], [ -91.4251418, 40.4362366 ], [ -91.423503, 40.4353714 ], [ -91.4224641, 40.4348854 ], [ -91.4214785, 40.4343411 ], [ -91.4206804, 40.433811 ], [ -91.4196183, 40.4331276 ], [ -91.4186533, 40.4324757 ], [ -91.418042, 40.4320511 ], [ -91.4176724, 40.4317024 ], [ -91.4166184, 40.4305481 ], [ -91.4159366, 40.4297647 ], [ -91.4151995, 40.428936 ], [ -91.4148759, 40.4285545 ], [ -91.4146371, 40.4282814 ], [ -91.4143621, 40.4279669 ], [ -91.4139187, 40.4274598 ], [ -91.4138153, 40.4273451 ], [ -91.4137125, 40.4272313 ], [ -91.4134584, 40.4269496 ], [ -91.4126534, 40.4260492 ], [ -91.4114338, 40.424621 ], [ -91.4112378, 40.4243457 ], [ -91.4110435, 40.4240647 ], [ -91.4109993, 40.4239925 ], [ -91.4108902, 40.4238145 ], [ -91.4107399, 40.4235444 ], [ -91.4105871, 40.4232391 ], [ -91.4105525, 40.4231611 ], [ -91.4104094, 40.4228379 ], [ -91.4102246, 40.4224205 ], [ -91.4100198, 40.4219978 ], [ -91.4099041, 40.4217851 ], [ -91.4098049, 40.421609 ], [ -91.4097563, 40.4215285 ], [ -91.4096752, 40.4213941 ], [ -91.4095451, 40.4211944 ], [ -91.4093982, 40.4209848 ], [ -91.4093118, 40.4208662 ], [ -91.4092985, 40.4208497 ], [ -91.4090485, 40.4205396 ], [ -91.4088654, 40.4203307 ], [ -91.4086826, 40.4201441 ], [ -91.4086343, 40.4200949 ], [ -91.408186, 40.4196585 ], [ -91.4081395, 40.4196133 ], [ -91.4078141, 40.4192992 ], [ -91.407165, 40.4186726 ], [ -91.4065103, 40.4180513 ], [ -91.4064619, 40.4180053 ], [ -91.4062181, 40.4177718 ], [ -91.4060552, 40.4176144 ], [ -91.4059368, 40.4175006 ], [ -91.4058068, 40.4173757 ], [ -91.4053737, 40.4169595 ], [ -91.4053245, 40.4169122 ], [ -91.4049512, 40.4165535 ], [ -91.4047034, 40.4163241 ], [ -91.4045137, 40.4161405 ], [ -91.403998, 40.4156414 ], [ -91.4036881, 40.4153453 ], [ -91.4031383, 40.4148128 ], [ -91.4031251, 40.4148006 ], [ -91.4027767, 40.4144783 ], [ -91.4019, 40.4136216 ], [ -91.4012251, 40.4129844 ], [ -91.4008402, 40.412623 ], [ -91.4001439, 40.4119537 ], [ -91.3996984, 40.4115213 ], [ -91.398986, 40.4108425 ], [ -91.3988573, 40.4107201 ], [ -91.3984527, 40.4103316 ], [ -91.3982378, 40.4101262 ], [ -91.3972394, 40.4091715 ], [ -91.3961506, 40.4081213 ], [ -91.3956022, 40.4075905 ], [ -91.3947974, 40.4068055 ], [ -91.3939735, 40.4060232 ], [ -91.3931444, 40.4052304 ], [ -91.3923289, 40.4044444 ], [ -91.3915092, 40.4036548 ], [ -91.3906863, 40.4028763 ], [ -91.3898728, 40.4020914 ], [ -91.3890439, 40.4013064 ], [ -91.3882206, 40.4005128 ], [ -91.387421, 40.3997248 ], [ -91.3865883, 40.3989349 ], [ -91.3857736, 40.3981431 ], [ -91.3849495, 40.3973607 ], [ -91.3855222, 40.3970115 ], [ -91.3860298, 40.396702 ], [ -91.3865454, 40.3963886 ], [ -91.3870688, 40.3960704 ], [ -91.3875816, 40.3957542 ], [ -91.3880894, 40.395441 ], [ -91.3886261, 40.3951176 ], [ -91.3891179, 40.3948212 ], [ -91.389641, 40.3944997 ], [ -91.3901541, 40.3941844 ], [ -91.3906466, 40.3938877 ], [ -91.3911872, 40.393562 ], [ -91.3916887, 40.3932507 ], [ -91.3921987, 40.3929341 ], [ -91.3927115, 40.3926263 ], [ -91.3932404, 40.3923088 ], [ -91.3936202, 40.3921015 ], [ -91.3939443, 40.391968 ], [ -91.394268, 40.3918423 ], [ -91.3945773, 40.3917442 ], [ -91.3947833, 40.3916846 ], [ -91.3950313, 40.3916329 ], [ -91.3951169, 40.3916133 ], [ -91.3962662, 40.391473 ], [ -91.3975689, 40.3913449 ], [ -91.3988636, 40.3912088 ], [ -91.4001708, 40.3910781 ], [ -91.4014732, 40.3909501 ], [ -91.4027791, 40.3908144 ], [ -91.4040964, 40.3906917 ], [ -91.4053787, 40.3905571 ], [ -91.4066904, 40.3904282 ], [ -91.4075191, 40.3903401 ], [ -91.4092213, 40.3901939 ], [ -91.4101561, 40.3901048 ], [ -91.4111251, 40.3899663 ], [ -91.4121493, 40.3897638 ], [ -91.4130524, 40.3895327 ], [ -91.4150133, 40.3890711 ], [ -91.4153797, 40.3890162 ], [ -91.4157493, 40.388975 ], [ -91.4204562, 40.3890226 ], [ -91.4210962, 40.3890612 ], [ -91.4217373, 40.3891186 ], [ -91.4218346, 40.3891344 ], [ -91.4222257, 40.3891981 ], [ -91.4226979, 40.3892921 ], [ -91.4228032, 40.3893131 ], [ -91.4240289, 40.3895603 ], [ -91.4245308, 40.3896455 ], [ -91.4250584, 40.3897046 ], [ -91.4253679, 40.3897303 ], [ -91.4256989, 40.3897415 ], [ -91.4261152, 40.3897344 ], [ -91.4265153, 40.3897023 ], [ -91.4270032, 40.3896331 ], [ -91.4273374, 40.3895636 ], [ -91.4283277, 40.3893548 ] ], [ [ -91.4224641, 40.4348854 ], [ -91.4229104, 40.4351571 ], [ -91.4242415, 40.4358826 ], [ -91.425673, 40.4366074 ] ] ] }, "id": "relation/1941936" }, { "type": "Feature", "properties": { "@id": "relation/1941937", "description": "US 61 Business (Muscatine, IA)", "is_in:state": "IA", "modifier": "Business", "network": "US:US:Business", "ref":"US 61 BUS", "route": "road", "type": "route" }, "geometry": { "type": "MultiLineString", "coordinates": [ [ [ -91.030245, 41.453593 ], [ -91.030247, 41.453451 ], [ -91.030269, 41.452959 ], [ -91.030302, 41.451849 ], [ -91.030301, 41.451781 ], [ -91.0303442, 41.4503877 ], [ -91.030387, 41.449005 ], [ -91.0304257, 41.4477216 ], [ -91.030438, 41.4473127 ], [ -91.030474, 41.446087 ], [ -91.0304952, 41.4453895 ], [ -91.0305058, 41.4450407 ], [ -91.030534, 41.4441171 ], [ -91.0305453, 41.4437449 ], [ -91.030555, 41.443455 ], [ -91.0305598, 41.4433713 ], [ -91.030596, 41.442842 ], [ -91.03059, 41.4426717 ], [ -91.0305707, 41.4426169 ], [ -91.0305729, 41.4425723 ], [ -91.030582, 41.4423851 ], [ -91.030594, 41.442139 ], [ -91.03063, 41.4413061 ], [ -91.0306364, 41.4410511 ], [ -91.0306488, 41.4405579 ], [ -91.030657, 41.440161 ], [ -91.030666, 41.439829 ], [ -91.03071, 41.438547 ], [ -91.030725, 41.438183 ], [ -91.0307412, 41.4377043 ], [ -91.030758, 41.437205 ], [ -91.030771, 41.436851 ], [ -91.03079, 41.43621 ], [ -91.0308006, 41.4358816 ], [ -91.0308055, 41.4357311 ], [ -91.030822, 41.435223 ], [ -91.030861, 41.434663 ], [ -91.030904, 41.434126 ], [ -91.030928, 41.433843 ], [ -91.03095, 41.433576 ], [ -91.0309843, 41.4331587 ], [ -91.0310009, 41.4329567 ], [ -91.031015, 41.432786 ], [ -91.031034, 41.432554 ], [ -91.0310509, 41.4323442 ], [ -91.0310712, 41.4320909 ], [ -91.031086, 41.431907 ], [ -91.031107, 41.431644 ], [ -91.0311215, 41.4314651 ], [ -91.0311425, 41.4312067 ], [ -91.031157, 41.431028 ], [ -91.03118, 41.430744 ], [ -91.0311921, 41.4305933 ], [ -91.0312155, 41.4303021 ], [ -91.031228, 41.430147 ], [ -91.03128, 41.429543 ], [ -91.031304, 41.429465 ], [ -91.031336, 41.429408 ], [ -91.03139, 41.429343 ], [ -91.03146, 41.429287 ], [ -91.031818, 41.429083 ], [ -91.033154, 41.428335 ], [ -91.033603, 41.428085 ], [ -91.034073, 41.427821 ], [ -91.035125, 41.42723 ], [ -91.035605, 41.42696 ], [ -91.036007, 41.426741 ], [ -91.0361967, 41.4266344 ], [ -91.0366591, 41.4263746 ], [ -91.0370445, 41.4261582 ], [ -91.0370941, 41.4261303 ], [ -91.0374718, 41.4259181 ], [ -91.0375866, 41.4258536 ], [ -91.0377914, 41.4257386 ], [ -91.0381518, 41.4255361 ], [ -91.0386203, 41.4252729 ], [ -91.0389028, 41.4251142 ], [ -91.038963, 41.4250804 ], [ -91.0393416, 41.4248676 ], [ -91.0394723, 41.4247943 ], [ -91.040434, 41.424254 ], [ -91.0407219, 41.4240922 ], [ -91.0408248, 41.4240028 ], [ -91.0409206, 41.4239371 ], [ -91.0409761, 41.4238901 ], [ -91.0410265, 41.4238341 ], [ -91.0410295, 41.4237844 ], [ -91.0410538, 41.4237382 ], [ -91.0410632, 41.4236702 ], [ -91.0410681, 41.4236234 ], [ -91.041057, 41.4235713 ], [ -91.0410094, 41.4233909 ], [ -91.0410268, 41.4233141 ], [ -91.0409948, 41.423231 ], [ -91.040795, 41.423016 ], [ -91.040751, 41.422962 ], [ -91.040716, 41.422898 ], [ -91.040708, 41.422857 ], [ -91.040713, 41.422798 ], [ -91.040729, 41.422766 ], [ -91.04076, 41.422729 ], [ -91.040822, 41.422683 ], [ -91.040901, 41.422635 ], [ -91.041542, 41.422298 ], [ -91.0416675, 41.4222454 ], [ -91.041779, 41.422141 ], [ -91.042178, 41.421917 ], [ -91.0425655, 41.4216945 ], [ -91.0426951, 41.4216227 ], [ -91.042827, 41.4215521 ], [ -91.043733, 41.421028 ], [ -91.0447315, 41.4204691 ], [ -91.044837, 41.42041 ], [ -91.0449307, 41.4203576 ], [ -91.045662, 41.419949 ], [ -91.0458926, 41.4198245 ], [ -91.045938, 41.4198 ], [ -91.046071, 41.41973 ], [ -91.046334, 41.419592 ], [ -91.046895, 41.419304 ], [ -91.046969, 41.419284 ], [ -91.047045, 41.41927 ], [ -91.047408, 41.419073 ], [ -91.047883, 41.418801 ], [ -91.048102, 41.418675 ], [ -91.048879, 41.418219 ], [ -91.0513838, 41.4168075 ], [ -91.053393, 41.415676 ], [ -91.053703, 41.415504 ], [ -91.05389, 41.415417 ], [ -91.054068, 41.415356 ], [ -91.054262, 41.415309 ], [ -91.054293, 41.4153038 ], [ -91.054393, 41.415287 ], [ -91.054583, 41.41527 ], [ -91.054897, 41.415274 ], [ -91.055149, 41.415281 ], [ -91.0574155, 41.4153417 ], [ -91.057503, 41.415344 ], [ -91.057777, 41.415352 ], [ -91.0577783, 41.4152928 ], [ -91.0577843, 41.4151585 ], [ -91.057829, 41.413971 ], [ -91.057843, 41.413865 ], [ -91.05787, 41.413756 ], [ -91.05791, 41.413651 ], [ -91.057943, 41.413578 ], [ -91.058013, 41.413459 ], [ -91.058124, 41.41332 ], [ -91.058223, 41.413223 ], [ -91.058366, 41.413103 ], [ -91.059036, 41.412557 ], [ -91.059255, 41.412379 ], [ -91.060143, 41.411657 ], [ -91.061039, 41.410927 ], [ -91.061935, 41.410199 ], [ -91.062461, 41.409766 ], [ -91.062662, 41.40961 ], [ -91.062828, 41.409472 ], [ -91.0629987, 41.4093316 ], [ -91.0632409, 41.4091323 ], [ -91.063725, 41.408734 ], [ -91.064606, 41.408021 ], [ -91.0652727, 41.4074827 ], [ -91.065453, 41.407327 ], [ -91.0662429, 41.4066865 ], [ -91.066975, 41.406093 ], [ -91.0672455, 41.405874 ], [ -91.068015, 41.405251 ], [ -91.0684405, 41.4049042 ], [ -91.069183, 41.404299 ], [ -91.0708112, 41.4029772 ], [ -91.071059, 41.402776 ], [ -91.0713921, 41.4025127 ], [ -91.071765, 41.402218 ], [ -91.0721342, 41.4019348 ], [ -91.0728319, 41.4013995 ], [ -91.0733317, 41.4010161 ], [ -91.0741808, 41.4003647 ], [ -91.075209, 41.399576 ], [ -91.0753281, 41.3994846 ], [ -91.0784175, 41.3971154 ], [ -91.078843, 41.3967891 ], [ -91.079439, 41.396332 ], [ -91.0795235, 41.3962649 ], [ -91.079633, 41.396178 ], [ -91.080068, 41.395863 ], [ -91.080212, 41.395763 ], [ -91.08055, 41.395531 ], [ -91.081013, 41.395231 ], [ -91.081449, 41.394964 ], [ -91.0815754, 41.3948912 ], [ -91.082034, 41.394627 ], [ -91.082624, 41.394312 ], [ -91.083034, 41.39411 ], [ -91.083545, 41.393867 ], [ -91.084186, 41.393586 ], [ -91.0843031, 41.3935366 ], [ -91.084767, 41.393341 ], [ -91.084833, 41.393295 ], [ -91.084909, 41.393258 ], [ -91.085744, 41.392903 ], [ -91.087004, 41.392354 ], [ -91.0870809, 41.3923217 ], [ -91.088035, 41.391921 ] ], [ [ -91.0305707, 41.4426169 ], [ -91.030531, 41.442751 ], [ -91.030463, 41.4433695 ], [ -91.030444, 41.443542 ], [ -91.0303919, 41.4441152 ], [ -91.03037, 41.44445 ], [ -91.0303547, 41.4448426 ], [ -91.0303506, 41.4449465 ], [ -91.030342, 41.445167 ], [ -91.03034, 41.44534 ], [ -91.030314, 41.446084 ], [ -91.030278, 41.447311 ], [ -91.03023, 41.448851 ], [ -91.03023, 41.449 ], [ -91.0301862, 41.4503868 ], [ -91.030143, 41.451753 ], [ -91.030137, 41.451842 ], [ -91.030136, 41.452033 ], [ -91.030114, 41.452626 ], [ -91.030085, 41.453633 ] ], [ [ -91.0407219, 41.4240922 ], [ -91.0408452, 41.4240611 ], [ -91.0409912, 41.4240002 ], [ -91.0410203, 41.423988 ], [ -91.0410851, 41.4239716 ], [ -91.0411733, 41.4239615 ], [ -91.0411979, 41.4239653 ], [ -91.0412229, 41.4239668 ], [ -91.0412762, 41.4239621 ], [ -91.0413261, 41.4239469 ], [ -91.0413687, 41.4239224 ], [ -91.0414013, 41.4238903 ], [ -91.0414213, 41.4238529 ], [ -91.0414267, 41.4238287 ], [ -91.041423, 41.4237847 ], [ -91.0414025, 41.4237433 ], [ -91.0413669, 41.4237081 ], [ -91.0413193, 41.4236822 ], [ -91.0412882, 41.4236725 ], [ -91.0412195, 41.4235929 ], [ -91.0411713, 41.4235305 ], [ -91.0411286, 41.4234579 ], [ -91.0410911, 41.4233711 ], [ -91.0410268, 41.4233141 ] ], [ [ -91.0416675, 41.4222454 ], [ -91.041754, 41.422223 ], [ -91.041835, 41.422201 ], [ -91.0420803, 41.422076 ], [ -91.042245, 41.4219832 ], [ -91.0424351, 41.4218531 ], [ -91.0426236, 41.4217547 ], [ -91.0427542, 41.421687 ], [ -91.0428908, 41.4216166 ], [ -91.043746, 41.421154 ], [ -91.043822, 41.421117 ], [ -91.0445385, 41.4207112 ], [ -91.044629, 41.42066 ], [ -91.04481, 41.4205504 ], [ -91.0449196, 41.420484 ], [ -91.0450041, 41.4204324 ], [ -91.0450561, 41.4204007 ], [ -91.046015, 41.419884 ], [ -91.046952, 41.419361 ], [ -91.046988, 41.419334 ], [ -91.047045, 41.41927 ] ], [ [ -91.084767, 41.393341 ], [ -91.084851, 41.39332 ], [ -91.084936, 41.39329 ], [ -91.084994, 41.393265 ], [ -91.085841, 41.392932 ], [ -91.086573, 41.392638 ], [ -91.086976, 41.392488 ], [ -91.0871386, 41.3924225 ], [ -91.087301, 41.392357 ], [ -91.0881, 41.392019 ], [ -91.08825, 41.391955 ] ] ] }, "id": "relation/1941937" }, { "type": "Feature", "properties": { "@id": "relation/11611052", "description": "US 61 Business (Kelso, MO)", "is_in:state": "MO", "modifier": "Business", "network": "US:US:Business", "ref":"US 61 BUS", "route": "road", "symbol": "https://upload.wikimedia.org/wikipedia/commons/thumb/b/bd/US_61.svg/600px-US_61.svg.png", "type": "route", "wikidata": "Q409964", "wikipedia": "en:U.S. Route 61" }, "geometry": { "type": "MultiLineString", "coordinates": [ [ [ -89.5464226, 37.2167476 ], [ -89.546169, 37.216356 ], [ -89.546071, 37.216145 ], [ -89.545988, 37.215927 ], [ -89.545945, 37.215711 ], [ -89.545931, 37.215496 ], [ -89.5460415, 37.2136091 ], [ -89.5459708, 37.2134223 ], [ -89.5451079, 37.2135268 ], [ -89.5446564, 37.2135831 ], [ -89.5441805, 37.2136782 ], [ -89.5443496, 37.2142262 ], [ -89.544476, 37.2143825 ], [ -89.544635, 37.2144635 ], [ -89.544817, 37.214492 ], [ -89.5450075, 37.2144755 ], [ -89.5451635, 37.214423 ], [ -89.545293, 37.214328 ], [ -89.5454047, 37.2142217 ], [ -89.5454912, 37.2140704 ], [ -89.545546, 37.213903 ], [ -89.5456104, 37.2136223 ], [ -89.5457569, 37.2129585 ], [ -89.54607, 37.211457 ], [ -89.546092, 37.21137 ], [ -89.546144, 37.211162 ], [ -89.546276, 37.21064 ], [ -89.546463, 37.209776 ], [ -89.546557, 37.2093502 ], [ -89.546617, 37.209065 ], [ -89.546828, 37.208162 ], [ -89.546855, 37.208046 ], [ -89.5471744, 37.2065768 ], [ -89.5472351, 37.2062975 ], [ -89.54734, 37.205815 ], [ -89.547446, 37.205346 ], [ -89.548074, 37.202551 ], [ -89.548691, 37.199761 ], [ -89.548731, 37.199571 ], [ -89.548832, 37.199089 ], [ -89.548976, 37.198351 ], [ -89.5493458, 37.1967029 ], [ -89.549458, 37.1962029 ], [ -89.549471, 37.196145 ], [ -89.549503, 37.19601 ], [ -89.549555, 37.195793 ], [ -89.549653, 37.195379 ], [ -89.549699, 37.195228 ], [ -89.549944, 37.194432 ], [ -89.549975, 37.194366 ], [ -89.550289, 37.193446 ], [ -89.550569, 37.192627 ], [ -89.550752, 37.191991 ], [ -89.551068, 37.191142 ], [ -89.5513097, 37.1904627 ], [ -89.55149, 37.189956 ], [ -89.55171, 37.189421 ], [ -89.55234, 37.18782 ], [ -89.5526974, 37.1869194 ], [ -89.5527832, 37.1867025 ], [ -89.5527966, 37.1865903 ], [ -89.5527886, 37.1864963 ], [ -89.5527618, 37.186398 ] ], [ [ -89.5441805, 37.2136782 ], [ -89.543259, 37.213899 ], [ -89.5430799, 37.2139279 ], [ -89.5431001, 37.2141444 ], [ -89.5438573, 37.2164424 ], [ -89.5439344, 37.2166555 ], [ -89.5440125, 37.2168047 ], [ -89.5441102, 37.21691 ], [ -89.5442819, 37.2169976 ], [ -89.544471, 37.2170656 ], [ -89.5446772, 37.2170904 ], [ -89.5452067, 37.217095 ], [ -89.5455378, 37.2171018 ], [ -89.5459505, 37.217164 ], [ -89.546365, 37.2172881 ], [ -89.5467138, 37.2174444 ], [ -89.547218, 37.2177559 ] ] ] }, "id": "relation/11611052" },
 { "type": "Feature", "properties": { "@id": "relation/1941933", "description": "US 61 Business (Baton Rouge, LA)", "is_in:state": "LA", "modifier": "Business", "network": "US:US:Business", "ref":"US 61 BUS", "route": "road", "type": "route", "wikidata": "Q2434765", "wikipedia": "en:U.S. Route 61/190 Business" }, "geometry": { "type": "MultiLineString", "coordinates": [ [ [ -91.1720698, 30.5086026 ], [ -91.1719719, 30.508432 ], [ -91.171707, 30.5079947 ], [ -91.171421, 30.5075125 ], [ -91.1712046, 30.5071476 ], [ -91.1711215, 30.507005 ], [ -91.1709764, 30.506715 ], [ -91.1708212, 30.5063223 ], [ -91.170669, 30.5056798 ], [ -91.1704584, 30.5049042 ], [ -91.1702718, 30.5040598 ], [ -91.1701317, 30.5032124 ], [ -91.1700644, 30.502862 ], [ -91.1700225, 30.5024841 ], [ -91.1699816, 30.5018412 ], [ -91.1699504, 30.5010022 ], [ -91.1699215, 30.5001278 ], [ -91.1698969, 30.499279 ], [ -91.1698939, 30.4991719 ], [ -91.1698914, 30.4990887 ], [ -91.1698669, 30.4982771 ], [ -91.1698139, 30.4973625 ], [ -91.1697599, 30.4964587 ], [ -91.1697052, 30.4955513 ], [ -91.1696576, 30.4947673 ], [ -91.1696504, 30.4946471 ], [ -91.1696477, 30.4945981 ], [ -91.1696463, 30.494571 ], [ -91.1696017, 30.4937423 ], [ -91.1695585, 30.4928328 ], [ -91.1695469, 30.4926792 ], [ -91.1695365, 30.4925399 ], [ -91.1695325, 30.4924615 ], [ -91.1695306, 30.4924232 ], [ -91.1695043, 30.4919007 ], [ -91.1694584, 30.4914477 ], [ -91.1694269, 30.490958 ], [ -91.1693666, 30.4899762 ], [ -91.1693086, 30.4889889 ], [ -91.1692439, 30.4879705 ], [ -91.1691626, 30.4866389 ], [ -91.1691512, 30.4864528 ], [ -91.1690941, 30.4853405 ], [ -91.1690926, 30.4853108 ], [ -91.1690401, 30.4844835 ], [ -91.1690385, 30.4844556 ], [ -91.1690341, 30.4843678 ], [ -91.1689552, 30.4830567 ], [ -91.1689499, 30.4829763 ], [ -91.1689448, 30.4829022 ], [ -91.1688996, 30.4822583 ], [ -91.1688651, 30.4816376 ], [ -91.1688063, 30.4806654 ], [ -91.1687874, 30.4803499 ], [ -91.1687467, 30.4796686 ], [ -91.168686, 30.4786876 ], [ -91.1686434, 30.4779191 ], [ -91.1686369, 30.4778023 ], [ -91.1686291, 30.4776819 ], [ -91.1686081, 30.477362 ], [ -91.1685781, 30.4769034 ], [ -91.1685706, 30.4767707 ], [ -91.1685279, 30.4760195 ], [ -91.1684702, 30.475037 ], [ -91.1684525, 30.4747838 ], [ -91.1684117, 30.4740452 ], [ -91.1683777, 30.473583 ], [ -91.1683756, 30.4734628 ], [ -91.1683622, 30.4732471 ], [ -91.1683572, 30.4731597 ], [ -91.1683525, 30.4730848 ], [ -91.1682242, 30.4730901 ], [ -91.1678559, 30.4730873 ], [ -91.1677291, 30.4730851 ], [ -91.1676202, 30.4730839 ], [ -91.1674852, 30.4730841 ], [ -91.1674067, 30.4730837 ], [ -91.1673787, 30.4726892 ], [ -91.1673143, 30.4725167 ], [ -91.1672697, 30.4722274 ], [ -91.1672099, 30.471704 ], [ -91.1671359, 30.4710361 ], [ -91.167016, 30.4700031 ], [ -91.1669842, 30.4697685 ], [ -91.1669664, 30.469605 ], [ -91.1669417, 30.4694078 ], [ -91.1668065, 30.468716 ], [ -91.1667988, 30.4685845 ], [ -91.1667877, 30.4684166 ], [ -91.166735, 30.4675998 ], [ -91.1667248, 30.4674349 ], [ -91.1666621, 30.4666064 ], [ -91.1666502, 30.4664428 ], [ -91.1666281, 30.466121 ], [ -91.1665796, 30.4654436 ], [ -91.1665425, 30.4646248 ], [ -91.166546, 30.4644628 ], [ -91.1665266, 30.4642866 ], [ -91.1665052, 30.4641191 ], [ -91.1664764, 30.4639413 ], [ -91.1664475, 30.4637673 ], [ -91.1664112, 30.4635924 ], [ -91.1663702, 30.4634223 ], [ -91.1663108, 30.4631946 ], [ -91.1660363, 30.4622121 ], [ -91.1657601, 30.4612248 ], [ -91.1657327, 30.4611283 ], [ -91.1657148, 30.4610524 ], [ -91.1656969, 30.4609544 ], [ -91.1656823, 30.460866 ], [ -91.1656712, 30.460757 ], [ -91.1656678, 30.4606737 ], [ -91.1656678, 30.4605765 ], [ -91.1656704, 30.4604793 ], [ -91.1656857, 30.4603511 ], [ -91.1657088, 30.4602399 ], [ -91.1657302, 30.4601456 ], [ -91.1657567, 30.4600557 ], [ -91.1657857, 30.4599651 ], [ -91.165825, 30.4598612 ], [ -91.1658626, 30.4597824 ], [ -91.1659011, 30.4597058 ], [ -91.1659626, 30.4596004 ], [ -91.1660319, 30.459498 ], [ -91.1660848, 30.4594266 ], [ -91.1661558, 30.4593411 ], [ -91.1662156, 30.4592734 ], [ -91.1662882, 30.4591953 ], [ -91.1663899, 30.4590995 ], [ -91.1664908, 30.459014 ], [ -91.1665634, 30.4589581 ], [ -91.1666446, 30.4588999 ], [ -91.1667215, 30.458852 ], [ -91.1668138, 30.4587975 ], [ -91.1669104, 30.4587459 ], [ -91.1670189, 30.4586929 ], [ -91.1671283, 30.4586464 ], [ -91.1672223, 30.4586118 ], [ -91.1677462, 30.4584439 ], [ -91.1683654, 30.4582503 ] ], [ [ -91.1700644, 30.502862 ], [ -91.1700639, 30.5032162 ], [ -91.1702031, 30.5040649 ], [ -91.1703777, 30.5049093 ], [ -91.1705797, 30.505689 ], [ -91.1706755, 30.5060853 ], [ -91.1707354, 30.5063331 ], [ -91.1708298, 30.5065722 ], [ -91.1709006, 30.5067517 ], [ -91.1709783, 30.5069079 ], [ -91.1710246, 30.5070098 ], [ -91.1715583, 30.5079069 ], [ -91.1718583, 30.5084066 ], [ -91.171968, 30.5085925 ], [ -91.1721838, 30.5089568 ] ], [ [ -91.1899371, 30.4561637 ], [ -91.189904, 30.4567063 ] ], [ [ -91.0961227, 30.4533451 ], [ -91.0960827, 30.453414 ], [ -91.0961197, 30.4535041 ], [ -91.0961435, 30.4536132 ], [ -91.0961511, 30.4537149 ], [ -91.0961451, 30.4538066 ], [ -91.0961193, 30.4538917 ], [ -91.0960811, 30.4539635 ], [ -91.0960333, 30.4540219 ], [ -91.0959751, 30.4540706 ], [ -91.0958995, 30.454116 ], [ -91.0958131, 30.4541495 ], [ -91.0957194, 30.4541696 ], [ -91.0956122, 30.4541747 ], [ -91.0954981, 30.454163 ], [ -91.0953821, 30.4541395 ], [ -91.0952708, 30.4541062 ], [ -91.0951654, 30.4540629 ], [ -91.0950537, 30.4539993 ], [ -91.0949536, 30.4539256 ], [ -91.0948781, 30.4538537 ], [ -91.0948104, 30.4537718 ], [ -91.0947588, 30.4536789 ], [ -91.0947285, 30.4535743 ], [ -91.0947247, 30.4534827 ], [ -91.094748, 30.4533893 ], [ -91.0947943, 30.4533049 ], [ -91.0948504, 30.4532388 ], [ -91.0949228, 30.4531806 ], [ -91.0950153, 30.4531281 ], [ -91.095089, 30.4531007 ], [ -91.0951426, 30.4530242 ], [ -91.0965695, 30.4527981 ], [ -91.0986292, 30.4524678 ], [ -91.0994511, 30.4523383 ], [ -91.0996042, 30.4523182 ], [ -91.1001923, 30.4522428 ], [ -91.1008404, 30.4521751 ], [ -91.1010486, 30.4521577 ], [ -91.1013801, 30.4521326 ], [ -91.1017365, 30.4521084 ], [ -91.1018952, 30.4521006 ], [ -91.1020928, 30.452091 ], [ -91.1024871, 30.4520749 ], [ -91.1028614, 30.4520629 ], [ -91.1033093, 30.4520464 ], [ -91.1036039, 30.4520389 ], [ -91.1037635, 30.4520326 ], [ -91.1041366, 30.452023 ], [ -91.1045962, 30.4520049 ], [ -91.1049762, 30.451995 ], [ -91.1051455, 30.4519887 ], [ -91.1056717, 30.4519705 ], [ -91.1063885, 30.4519477 ], [ -91.1067066, 30.4519365 ], [ -91.1074341, 30.4519138 ], [ -91.1080237, 30.451894 ], [ -91.1085867, 30.4518749 ], [ -91.1090776, 30.4518602 ], [ -91.1096747, 30.4518403 ], [ -91.1101468, 30.4518246 ], [ -91.1108153, 30.4518028 ], [ -91.1108896, 30.4518003 ], [ -91.111238, 30.4517886 ], [ -91.111321, 30.4517852 ], [ -91.1114827, 30.4517785 ], [ -91.1120139, 30.4517633 ], [ -91.112108, 30.4517598 ], [ -91.1121933, 30.4517567 ], [ -91.1127354, 30.4517387 ], [ -91.1130617, 30.4517282 ], [ -91.1135463, 30.451713 ], [ -91.114041, 30.4516974 ], [ -91.1147974, 30.4516712 ], [ -91.1154431, 30.4516507 ], [ -91.1157217, 30.4516414 ], [ -91.1164211, 30.4516182 ], [ -91.1169596, 30.4516004 ], [ -91.1173243, 30.4515884 ], [ -91.1176048, 30.4515791 ], [ -91.117773, 30.451574 ], [ -91.1180748, 30.4515649 ], [ -91.1184018, 30.4515533 ], [ -91.118597, 30.451547 ], [ -91.1189103, 30.4515364 ], [ -91.119095, 30.4515306 ], [ -91.1192848, 30.4515246 ], [ -91.1198335, 30.4515055 ], [ -91.1206626, 30.4514791 ], [ -91.1210147, 30.4514679 ], [ -91.1211038, 30.4514656 ], [ -91.1214607, 30.4514536 ], [ -91.1216762, 30.4514464 ], [ -91.1221793, 30.4514297 ], [ -91.1224415, 30.4514224 ], [ -91.1227598, 30.4514136 ], [ -91.1228079, 30.4514119 ], [ -91.1228954, 30.4514087 ], [ -91.1230794, 30.4514021 ], [ -91.1235873, 30.4513837 ], [ -91.1239338, 30.4513712 ], [ -91.124279, 30.4513588 ], [ -91.1250541, 30.4513343 ], [ -91.1263072, 30.4512944 ], [ -91.1265248, 30.4512877 ], [ -91.1274665, 30.4512548 ], [ -91.1277363, 30.4512482 ], [ -91.1281219, 30.4512354 ], [ -91.1283666, 30.4512273 ], [ -91.1287912, 30.4512133 ], [ -91.1290296, 30.4512054 ], [ -91.1291341, 30.4512018 ], [ -91.1299742, 30.4511729 ], [ -91.1303956, 30.4511601 ], [ -91.1313956, 30.4511273 ], [ -91.1315981, 30.4511207 ], [ -91.1321735, 30.4511018 ], [ -91.1334639, 30.4510601 ], [ -91.1337105, 30.4510521 ], [ -91.1339544, 30.4510443 ], [ -91.1344262, 30.4510284 ], [ -91.1348099, 30.451016 ], [ -91.1355441, 30.4509925 ], [ -91.1371913, 30.4509419 ], [ -91.1375381, 30.4509312 ], [ -91.1381316, 30.4509192 ], [ -91.1390101, 30.4509014 ], [ -91.1392492, 30.4508899 ], [ -91.1394895, 30.4508796 ], [ -91.1395816, 30.4508755 ], [ -91.139836, 30.4508642 ], [ -91.1400226, 30.4508559 ], [ -91.1403717, 30.4508402 ], [ -91.1409063, 30.4508165 ], [ -91.1409855, 30.4507633 ], [ -91.1412958, 30.4507499 ], [ -91.1414332, 30.4507452 ], [ -91.1415967, 30.4507397 ], [ -91.1416459, 30.450738 ], [ -91.1418314, 30.4507317 ], [ -91.1418953, 30.4507295 ], [ -91.1420649, 30.4507238 ], [ -91.1421277, 30.4507217 ], [ -91.1422328, 30.4507181 ], [ -91.1423279, 30.4507149 ], [ -91.1426062, 30.4507055 ], [ -91.1427058, 30.4507021 ], [ -91.1428655, 30.4506967 ], [ -91.1428776, 30.4506963 ], [ -91.1429743, 30.4506934 ], [ -91.1430295, 30.4506918 ], [ -91.1430495, 30.4506912 ], [ -91.1434168, 30.4506802 ], [ -91.1434569, 30.450679 ], [ -91.1441066, 30.4506596 ], [ -91.1441325, 30.4506588 ], [ -91.1443275, 30.450653 ], [ -91.1444363, 30.4506497 ], [ -91.1444962, 30.4506479 ], [ -91.1446866, 30.4506424 ], [ -91.1449094, 30.4506359 ], [ -91.1456217, 30.4506151 ], [ -91.1457595, 30.4506111 ], [ -91.1458782, 30.4506077 ], [ -91.1460465, 30.4506028 ], [ -91.1463848, 30.4505923 ], [ -91.1465874, 30.4505864 ], [ -91.1470428, 30.4505717 ], [ -91.1474342, 30.450559 ], [ -91.147742, 30.4505516 ], [ -91.1481411, 30.4505421 ], [ -91.148472, 30.4505337 ], [ -91.1485056, 30.4505329 ], [ -91.148946, 30.4505217 ], [ -91.1491966, 30.450514 ], [ -91.1493929, 30.4505092 ], [ -91.1496562, 30.4504999 ], [ -91.1501566, 30.4504851 ], [ -91.1503431, 30.4504791 ], [ -91.1506167, 30.4504694 ], [ -91.1506377, 30.4504688 ], [ -91.1513089, 30.450448 ], [ -91.1514063, 30.4504448 ], [ -91.1521495, 30.4504193 ], [ -91.1523692, 30.4504118 ], [ -91.1526379, 30.4504019 ], [ -91.1527333, 30.4503984 ], [ -91.1529351, 30.4503909 ], [ -91.1532337, 30.4503799 ], [ -91.1538305, 30.4503573 ], [ -91.154273, 30.4503454 ], [ -91.1545655, 30.4503356 ], [ -91.1546414, 30.450333 ], [ -91.1547601, 30.4503285 ], [ -91.1548765, 30.4503243 ], [ -91.1549852, 30.4503203 ], [ -91.1551026, 30.450316 ], [ -91.1553691, 30.4503064 ], [ -91.1555233, 30.4503008 ], [ -91.1558876, 30.4502899 ], [ -91.1565684, 30.4502657 ], [ -91.1565853, 30.4502652 ], [ -91.1567201, 30.4502603 ], [ -91.1569218, 30.450253 ], [ -91.1571438, 30.4502451 ], [ -91.1572514, 30.4502412 ], [ -91.1575067, 30.450234 ], [ -91.1581569, 30.4502157 ], [ -91.1587333, 30.4501979 ], [ -91.159074, 30.4501874 ], [ -91.1596491, 30.4501649 ], [ -91.1600107, 30.4501507 ], [ -91.1602581, 30.4501427 ], [ -91.1605218, 30.4501342 ], [ -91.1607739, 30.4501263 ], [ -91.1609327, 30.450121 ], [ -91.1614182, 30.4501059 ], [ -91.1618432, 30.4500927 ], [ -91.1620187, 30.4500856 ], [ -91.162752, 30.4500644 ], [ -91.1636231, 30.4500361 ], [ -91.1643027, 30.4500185 ], [ -91.1643859, 30.4500163 ], [ -91.164587, 30.4500099 ], [ -91.1650669, 30.4500034 ], [ -91.1655636, 30.4499884 ], [ -91.1659331, 30.4499773 ], [ -91.1692988, 30.4498782 ], [ -91.1699025, 30.4498601 ], [ -91.1703016, 30.4498492 ], [ -91.1711201, 30.4498269 ], [ -91.1716467, 30.449811 ], [ -91.1720541, 30.4497976 ], [ -91.1723415, 30.4497897 ], [ -91.172754, 30.4497745 ], [ -91.1735628, 30.4497526 ], [ -91.1739467, 30.4497395 ], [ -91.1739734, 30.4497389 ], [ -91.1740098, 30.4497378 ], [ -91.1741298, 30.4497343 ], [ -91.1743979, 30.4497265 ], [ -91.1747206, 30.4497171 ], [ -91.1747894, 30.4497157 ], [ -91.1750427, 30.4497071 ], [ -91.1751159, 30.4497048 ], [ -91.1752861, 30.4496997 ], [ -91.175806, 30.4496843 ], [ -91.1760136, 30.4496781 ], [ -91.1763081, 30.4496702 ], [ -91.1767162, 30.4496578 ], [ -91.1768123, 30.4496549 ], [ -91.1773182, 30.4496396 ], [ -91.1774953, 30.4496367 ], [ -91.1779783, 30.4496244 ], [ -91.1783254, 30.4496179 ], [ -91.1786817, 30.4496112 ], [ -91.1789569, 30.4496041 ], [ -91.1791414, 30.4495993 ], [ -91.1791506, 30.4495989 ], [ -91.1796399, 30.4495866 ], [ -91.1798569, 30.4495815 ], [ -91.1798247, 30.45063 ], [ -91.1798432, 30.4511072 ], [ -91.1798555, 30.4513887 ], [ -91.1798683, 30.4516828 ], [ -91.1800389, 30.4518472 ], [ -91.1801091, 30.4520144 ], [ -91.1801478, 30.4520953 ], [ -91.1801991, 30.4522117 ], [ -91.1802493, 30.45231 ], [ -91.1802791, 30.4523831 ], [ -91.1803089, 30.4524711 ], [ -91.1803272, 30.4525294 ], [ -91.1803444, 30.4526055 ], [ -91.1803547, 30.4526648 ], [ -91.1803742, 30.452818 ], [ -91.1803903, 30.452992 ], [ -91.1804109, 30.4531896 ], [ -91.180427, 30.4533468 ], [ -91.1804533, 30.4535257 ], [ -91.1805573, 30.4539553 ], [ -91.1806036, 30.4545012 ], [ -91.180632, 30.4548665 ], [ -91.1806366, 30.4549574 ], [ -91.180633, 30.4550705 ], [ -91.1806275, 30.4551527 ], [ -91.1806238, 30.4552184 ], [ -91.1806119, 30.4553006 ], [ -91.1805972, 30.455435 ], [ -91.1805825, 30.4555141 ], [ -91.180555, 30.4556145 ], [ -91.1805266, 30.4557054 ], [ -91.1804981, 30.455779 ], [ -91.1804706, 30.4558422 ], [ -91.1804385, 30.4559134 ], [ -91.1803963, 30.4559988 ], [ -91.1803495, 30.4560818 ], [ -91.1802927, 30.4561759 ], [ -91.1802569, 30.4562304 ], [ -91.180212, 30.4562929 ], [ -91.1801633, 30.4563554 ], [ -91.1800964, 30.4564368 ], [ -91.1800184, 30.4565222 ], [ -91.1799478, 30.4565949 ], [ -91.1798818, 30.4566534 ], [ -91.179802, 30.4567214 ], [ -91.1796983, 30.4567997 ], [ -91.1795616, 30.4568946 ], [ -91.1794296, 30.456976 ], [ -91.1793314, 30.4570306 ], [ -91.1792379, 30.4570772 ], [ -91.1791177, 30.457131 ], [ -91.1790113, 30.4571745 ], [ -91.1788994, 30.4572109 ], [ -91.178771, 30.457248 ], [ -91.1786591, 30.4572765 ], [ -91.1785426, 30.457301 ], [ -91.1784013, 30.4573255 ], [ -91.1782491, 30.4573453 ], [ -91.1780822, 30.4573563 ], [ -91.1779024, 30.4573603 ], [ -91.1775639, 30.4573714 ], [ -91.1761298, 30.4574131 ], [ -91.1742415, 30.4574771 ], [ -91.1726565, 30.4575218 ], [ -91.1714024, 30.4575598 ], [ -91.1711714, 30.4575712 ], [ -91.1710208, 30.4575796 ], [ -91.1708456, 30.4575944 ], [ -91.1706422, 30.4576143 ], [ -91.170485, 30.4576312 ], [ -91.1702713, 30.4576563 ], [ -91.1700765, 30.4576842 ], [ -91.1699402, 30.4577072 ], [ -91.169725, 30.4577489 ], [ -91.1695603, 30.4577785 ], [ -91.1694287, 30.4578058 ], [ -91.169227, 30.4578537 ], [ -91.1690603, 30.4578957 ], [ -91.1689056, 30.4579384 ], [ -91.1687318, 30.4579883 ], [ -91.1684066, 30.4580872 ], [ -91.1679895, 30.4582183 ], [ -91.1675884, 30.4583476 ], [ -91.1673579, 30.4584202 ], [ -91.1671708, 30.4584813 ], [ -91.1670597, 30.4585226 ], [ -91.1669648, 30.4585609 ], [ -91.1668375, 30.4586206 ], [ -91.1667503, 30.458667 ], [ -91.1666529, 30.4587207 ], [ -91.1665187, 30.4588061 ], [ -91.1664085, 30.4588858 ], [ -91.1662794, 30.4589918 ], [ -91.1661675, 30.459092 ], [ -91.1660897, 30.4591687 ], [ -91.1659965, 30.4592747 ], [ -91.1659273, 30.4593698 ], [ -91.1658632, 30.4594552 ], [ -91.1658168, 30.4595231 ], [ -91.1657863, 30.4595745 ], [ -91.1657385, 30.4596622 ], [ -91.1656889, 30.4597587 ], [ -91.1656504, 30.4598449 ], [ -91.1656213, 30.4599101 ], [ -91.1655966, 30.4599775 ], [ -91.1655692, 30.4600578 ], [ -91.1655453, 30.460158 ], [ -91.1655282, 30.4602339 ], [ -91.1655139, 30.4603184 ], [ -91.1655, 30.4604092 ], [ -91.1654915, 30.460502 ], [ -91.1654889, 30.4605911 ], [ -91.1654889, 30.4606633 ], [ -91.1654889, 30.4607436 ], [ -91.1654957, 30.4608055 ], [ -91.1655034, 30.4608747 ], [ -91.1655171, 30.4609573 ], [ -91.1655363, 30.4610586 ], [ -91.1655577, 30.4611608 ], [ -91.1655876, 30.4612685 ], [ -91.1657636, 30.4618807 ], [ -91.1659338, 30.4624831 ], [ -91.1661933, 30.4634506 ], [ -91.1662392, 30.4636274 ], [ -91.1662723, 30.463794 ], [ -91.1663055, 30.4639653 ], [ -91.1663322, 30.4641319 ], [ -91.1663546, 30.4643023 ], [ -91.1663696, 30.4644742 ], [ -91.1663829, 30.4646388 ], [ -91.1664369, 30.4656328 ], [ -91.1664696, 30.4661269 ], [ -91.1664934, 30.4664473 ], [ -91.1665019, 30.4666145 ], [ -91.1665504, 30.4674422 ], [ -91.1665615, 30.4676086 ], [ -91.16661, 30.4684254 ], [ -91.1666168, 30.4685896 ], [ -91.1666425, 30.4692074 ], [ -91.1665593, 30.4693957 ], [ -91.1665567, 30.4696174 ], [ -91.1665482, 30.469781 ], [ -91.1665463, 30.4700128 ], [ -91.1665669, 30.4711126 ], [ -91.1665741, 30.471729 ], [ -91.1665794, 30.4721969 ], [ -91.1665805, 30.4723811 ], [ -91.1665622, 30.4726221 ], [ -91.1665627, 30.4726978 ], [ -91.1665643, 30.4729241 ], [ -91.1665651, 30.4730301 ], [ -91.1665686, 30.4730924 ], [ -91.1665768, 30.4732347 ], [ -91.167218, 30.4732187 ], [ -91.1674116, 30.4732098 ], [ -91.1674831, 30.4732048 ], [ -91.1675935, 30.4731992 ], [ -91.1677518, 30.4731914 ], [ -91.1679501, 30.473181 ], [ -91.1680683, 30.4731746 ], [ -91.1681493, 30.47317 ], [ -91.1682063, 30.4731668 ], [ -91.1682434, 30.4731646 ], [ -91.1683572, 30.4731597 ] ], [ [ -91.1718049, 30.4577042 ], [ -91.1721963, 30.4576913 ], [ -91.1730633, 30.4576628 ], [ -91.1738613, 30.4576213 ], [ -91.1742705, 30.4576121 ], [ -91.1745726, 30.4576025 ], [ -91.1752062, 30.4575823 ], [ -91.1764997, 30.4575416 ], [ -91.1770989, 30.4575631 ], [ -91.1776878, 30.457571 ], [ -91.1777997, 30.4575781 ], [ -91.1779602, 30.45759 ], [ -91.1781308, 30.4575995 ], [ -91.1782225, 30.4576018 ], [ -91.178317, 30.4575979 ], [ -91.1784261, 30.4575892 ], [ -91.1785576, 30.4575722 ], [ -91.1790242, 30.4575048 ], [ -91.1791703, 30.4575031 ], [ -91.179305, 30.4574848 ], [ -91.1794706, 30.4574546 ], [ -91.1796181, 30.4574183 ], [ -91.1797557, 30.4573716 ], [ -91.179886, 30.4573218 ], [ -91.180007, 30.4572673 ], [ -91.1801409, 30.4571993 ], [ -91.1802391, 30.4571431 ], [ -91.180318, 30.4570909 ], [ -91.1804381, 30.4570079 ], [ -91.1805115, 30.4569494 ], [ -91.1805822, 30.4568865 ], [ -91.180672, 30.4567913 ], [ -91.1807546, 30.4566964 ], [ -91.1808333, 30.4565937 ], [ -91.1809481, 30.4564086 ], [ -91.1810107, 30.4562794 ], [ -91.1810261, 30.4562441 ], [ -91.1810692, 30.4561255 ], [ -91.1811004, 30.4560093 ], [ -91.1811224, 30.4559113 ], [ -91.1811349, 30.4558295 ], [ -91.1811432, 30.4557168 ], [ -91.1811461, 30.4555993 ], [ -91.1811456, 30.455506 ], [ -91.181138, 30.4553818 ], [ -91.1811241, 30.454926 ], [ -91.1811326, 30.4548174 ], [ -91.1811388, 30.4547314 ], [ -91.1811498, 30.4545811 ], [ -91.1811641, 30.454318 ], [ -91.1811299, 30.4529892 ], [ -91.1811227, 30.4527088 ], [ -91.1811148, 30.4525478 ], [ -91.1810993, 30.452264 ], [ -91.1810904, 30.4521358 ], [ -91.1810808, 30.4520427 ], [ -91.1810704, 30.451963 ], [ -91.1810571, 30.4518928 ], [ -91.1810313, 30.4517751 ], [ -91.1809978, 30.4516441 ], [ -91.1809808, 30.4515516 ], [ -91.1809657, 30.4512128 ], [ -91.1809615, 30.4511194 ], [ -91.1809475, 30.4508034 ], [ -91.1809376, 30.450588 ], [ -91.1809417, 30.4505408 ], [ -91.1809476, 30.4504724 ], [ -91.1809815, 30.4501331 ], [ -91.1810043, 30.4499224 ], [ -91.1810402, 30.4495175 ], [ -91.1808789, 30.4495222 ], [ -91.1801089, 30.4495731 ], [ -91.1798569, 30.4495815 ] ], [ [ -91.1409855, 30.4507633 ], [ -91.1409132, 30.4507091 ], [ -91.1407851, 30.4507118 ], [ -91.1405781, 30.4507166 ], [ -91.1399711, 30.4507308 ], [ -91.1398044, 30.4507334 ], [ -91.1396553, 30.450737 ], [ -91.1390081, 30.4507497 ], [ -91.1369264, 30.4508402 ], [ -91.1364458, 30.4508552 ], [ -91.1361748, 30.4508648 ], [ -91.1360586, 30.4508689 ], [ -91.1355374, 30.4508873 ], [ -91.1350363, 30.4509034 ], [ -91.1344305, 30.4509211 ], [ -91.1339494, 30.4509377 ], [ -91.1335738, 30.4509515 ], [ -91.1334486, 30.4509554 ], [ -91.1330622, 30.4509665 ], [ -91.1327969, 30.4509737 ], [ -91.1321694, 30.4509949 ], [ -91.1316083, 30.4510144 ], [ -91.1313148, 30.4510227 ], [ -91.1306979, 30.4510449 ], [ -91.1302815, 30.451058 ], [ -91.1299508, 30.4510669 ], [ -91.1297602, 30.4510735 ], [ -91.1295277, 30.4510816 ], [ -91.1294062, 30.4510855 ], [ -91.1290266, 30.4510948 ], [ -91.1287156, 30.4511084 ], [ -91.1286452, 30.4511104 ], [ -91.1283098, 30.4511203 ], [ -91.1274651, 30.4511479 ], [ -91.126818, 30.4511697 ], [ -91.126556, 30.4511806 ], [ -91.1262243, 30.4511896 ], [ -91.1260678, 30.4511937 ], [ -91.1259127, 30.4511986 ], [ -91.1256189, 30.4512105 ], [ -91.1254626, 30.4512152 ], [ -91.1250547, 30.4512276 ], [ -91.1242809, 30.4512518 ], [ -91.123881, 30.4512647 ], [ -91.123587, 30.4512746 ], [ -91.1233839, 30.4512814 ], [ -91.1232638, 30.4512855 ], [ -91.1228033, 30.451301 ], [ -91.1221718, 30.4513211 ], [ -91.1212859, 30.4513494 ], [ -91.1210131, 30.4513581 ], [ -91.1205222, 30.4513758 ], [ -91.1204175, 30.4513796 ], [ -91.1201782, 30.4513872 ], [ -91.1198443, 30.4513978 ], [ -91.1196789, 30.4514031 ], [ -91.1191825, 30.4514218 ], [ -91.1190284, 30.4514267 ], [ -91.1188326, 30.451433 ], [ -91.1187902, 30.4514342 ], [ -91.1183953, 30.4514454 ], [ -91.1181309, 30.4514551 ], [ -91.1177234, 30.4514678 ], [ -91.1174976, 30.4514749 ], [ -91.1173713, 30.4514792 ], [ -91.1169512, 30.4514933 ], [ -91.116599, 30.4515047 ], [ -91.1163917, 30.4515126 ], [ -91.1160988, 30.4515215 ], [ -91.1158774, 30.4515296 ], [ -91.1156357, 30.4515384 ], [ -91.1154224, 30.4515448 ], [ -91.1151854, 30.4515507 ], [ -91.1149916, 30.4515585 ], [ -91.1146612, 30.4515686 ], [ -91.1140336, 30.4515888 ], [ -91.1134013, 30.4516085 ], [ -91.1133061, 30.451613 ], [ -91.1127417, 30.4516318 ], [ -91.1125422, 30.4516382 ], [ -91.1121909, 30.4516517 ], [ -91.1121049, 30.4516541 ], [ -91.1120064, 30.4516583 ], [ -91.1118177, 30.4516631 ], [ -91.1114709, 30.4516732 ], [ -91.1106073, 30.4517007 ], [ -91.1101546, 30.4517179 ], [ -91.1099087, 30.4517249 ], [ -91.109466, 30.451738 ], [ -91.1091549, 30.4517487 ], [ -91.1090155, 30.4517535 ], [ -91.1085911, 30.4517681 ], [ -91.1083636, 30.4517759 ], [ -91.1081345, 30.4517839 ], [ -91.1079638, 30.4517897 ], [ -91.1077361, 30.4517969 ], [ -91.1074409, 30.4518063 ], [ -91.1072305, 30.451815 ], [ -91.106353, 30.4518426 ], [ -91.106235, 30.4518473 ], [ -91.1061021, 30.4518518 ], [ -91.1057115, 30.451863 ], [ -91.1052169, 30.4518773 ], [ -91.1050615, 30.4518826 ], [ -91.1048791, 30.4518889 ], [ -91.1047286, 30.4518941 ], [ -91.1045607, 30.4518998 ], [ -91.1043932, 30.4519056 ], [ -91.1040793, 30.4519171 ], [ -91.1032059, 30.4519423 ], [ -91.1029376, 30.4519527 ], [ -91.1024765, 30.4519681 ], [ -91.1019443, 30.4519885 ], [ -91.101546, 30.4520138 ], [ -91.1010272, 30.4520531 ], [ -91.1007833, 30.4520744 ], [ -91.1005553, 30.452098 ], [ -91.1002871, 30.4521259 ], [ -91.0997919, 30.4521848 ], [ -91.0995868, 30.4522111 ], [ -91.0987935, 30.4523315 ], [ -91.0980977, 30.45244 ], [ -91.098022, 30.4523968 ], [ -91.0979133, 30.4523952 ], [ -91.0978024, 30.4523805 ], [ -91.0977025, 30.4523568 ], [ -91.0976067, 30.4523223 ], [ -91.0974978, 30.4522728 ], [ -91.0973988, 30.4522148 ], [ -91.0973209, 30.4521547 ], [ -91.0972623, 30.4520936 ], [ -91.0969249, 30.4517541 ], [ -91.0968628, 30.4517028 ], [ -91.0967971, 30.451648 ], [ -91.096714, 30.4515942 ], [ -91.0966311, 30.4515478 ], [ -91.0965402, 30.451504 ], [ -91.0964269, 30.4514637 ], [ -91.0963364, 30.4514394 ], [ -91.0962294, 30.4514201 ], [ -91.0961267, 30.4514095 ], [ -91.0960266, 30.4514089 ], [ -91.0956152, 30.4514226 ], [ -91.0955407, 30.4514217 ], [ -91.0954642, 30.4514166 ], [ -91.0953814, 30.4514065 ], [ -91.0952898, 30.451389 ], [ -91.0952102, 30.4513673 ], [ -91.0951301, 30.4513395 ], [ -91.0950609, 30.4513108 ], [ -91.0949939, 30.4512774 ], [ -91.0949245, 30.4512363 ], [ -91.0948671, 30.451198 ], [ -91.0948119, 30.451153 ], [ -91.0947418, 30.4510874 ], [ -91.0946358, 30.4510584 ] ] ] }, "id": "relation/1941933" },
 
{"type":"Feature","properties":{"title":"U.S. Route 206 Bypass","stroke":"#00f","ref":"US 206 BYP"},"geometry":{"type":"MultiLineString","coordinates":[[[-74.6563339,40.4756027],[-74.6562051,40.4756843],[-74.6561477,40.4757941],[-74.6556855,40.4767915],[-74.655573,40.4770278],[-74.6554358,40.4772593],[-74.6552533,40.4775163],[-74.6551246,40.4776749],[-74.6549739,40.4778222],[-74.654863,40.477938],[-74.6546363,40.4781385],[-74.6544784,40.4782491],[-74.6541024,40.4785206],[-74.6537563,40.4786935],[-74.6534719,40.4788102],[-74.6532279,40.4789007],[-74.6530085,40.4789725],[-74.6527251,40.4790339],[-74.6525505,40.4790695],[-74.6523018,40.4791136],[-74.6521403,40.4791318],[-74.6518527,40.4791524],[-74.6516179,40.4791642],[-74.6514519,40.4791581],[-74.6513074,40.479152],[-74.6510505,40.4791316],[-74.6498882,40.4789887],[-74.6492587,40.4789113],[-74.6484488,40.478846],[-74.6480061,40.4788474],[-74.6475958,40.4788663],[-74.6471773,40.4789317],[-74.6467965,40.4790173],[-74.6463191,40.4791561],[-74.6459899,40.4792813],[-74.6457182,40.4793846],[-74.6453427,40.4795396],[-74.6452461,40.4795935],[-74.6450209,40.4797192],[-74.6449038,40.479791],[-74.6446615,40.4799395],[-74.6443879,40.4801435],[-74.6440902,40.4803857],[-74.6439285,40.4805172],[-74.6431196,40.4813759],[-74.6423948,40.4821454],[-74.642027,40.4825711],[-74.6418776,40.482744],[-74.6415144,40.4832088],[-74.6411365,40.4837197],[-74.6408533,40.4841312],[-74.6407568,40.4842705],[-74.6404205,40.4848491],[-74.6401669,40.4853479],[-74.6400387,40.4856274],[-74.6398397,40.4861006],[-74.6397385,40.4863405],[-74.6395382,40.4869338],[-74.6394658,40.4871888],[-74.6393432,40.487598],[-74.6391735,40.4882355],[-74.6390613,40.4886358],[-74.6388769,40.4893398],[-74.6384792,40.4908822],[-74.6383467,40.4913977],[-74.6382397,40.491744],[-74.6380105,40.4923775],[-74.6379554,40.4925068],[-74.63789,40.492675],[-74.6377535,40.4929816],[-74.6374694,40.4935348],[-74.6371194,40.4941537],[-74.636866,40.4945516],[-74.636704,40.4948171],[-74.6360253,40.4959292],[-74.6359914,40.4959893],[-74.6357386,40.4964377],[-74.6354548,40.4969238],[-74.6349908,40.4978479],[-74.6348781,40.4980903],[-74.6347371,40.4985687],[-74.6345547,40.4992298],[-74.6345075,40.4996253],[-74.6344511,40.5000364],[-74.634445,40.5002745],[-74.6344561,40.5004918],[-74.6344853,40.5008532],[-74.6346373,40.5021602],[-74.6346944,40.5027184],[-74.6348379,40.5038669],[-74.634929,40.5045958],[-74.6347819,40.5058829],[-74.6344737,40.5070354],[-74.6341078,40.5078623],[-74.6339947,40.5081179],[-74.6337148,40.5086511]],[[-74.6338934,40.5086816],[-74.6341449,40.5081937],[-74.6341991,40.5080887],[-74.6347845,40.5065794],[-74.6349718,40.5057489],[-74.6350571,40.5048042],[-74.6348638,40.5027079],[-74.6348066,40.5021495],[-74.6346547,40.5008435],[-74.6346258,40.5004853],[-74.6346149,40.5002732],[-74.6346209,40.5000444],[-74.6346766,40.4996378],[-74.634723,40.499249],[-74.6347713,40.499074],[-74.6348014,40.4989649],[-74.6349031,40.4985961],[-74.6349506,40.4984349],[-74.6350417,40.498126],[-74.6350986,40.4979783],[-74.6351445,40.4978845],[-74.6355954,40.4969679],[-74.6358779,40.496484],[-74.6361642,40.4959763],[-74.63661,40.4952358],[-74.6369718,40.4946348],[-74.6372039,40.4942251],[-74.6375922,40.4935722],[-74.6378649,40.4930209],[-74.6379946,40.4927115],[-74.6380666,40.4925404],[-74.638123,40.4924039],[-74.6382479,40.4920786],[-74.6383531,40.4917651],[-74.638535,40.4911901],[-74.638599,40.4909044],[-74.6390135,40.4892495],[-74.6392084,40.4885432],[-74.6392702,40.4882865],[-74.6394507,40.4876189],[-74.6395702,40.4871997],[-74.6396568,40.4869524],[-74.6398432,40.4863691],[-74.6399425,40.4861265],[-74.6401512,40.4856543],[-74.6403034,40.4853137],[-74.6405263,40.4848856],[-74.6407572,40.4844737],[-74.6409463,40.4841829],[-74.6410903,40.4839687],[-74.6412803,40.4837014],[-74.6416189,40.4832546],[-74.6419828,40.4828042],[-74.6425131,40.4822058],[-74.6429913,40.4816553],[-74.6431681,40.4814737],[-74.6432164,40.481424],[-74.6434833,40.4811497],[-74.6438642,40.4807583],[-74.6440692,40.4805476],[-74.6442285,40.4804303],[-74.6447204,40.480068],[-74.6448787,40.4799578],[-74.6450531,40.4798518],[-74.6452087,40.4797641],[-74.6454285,40.47966],[-74.6456431,40.4795743],[-74.6458309,40.4795029],[-74.6463646,40.4793112],[-74.6467912,40.4791745],[-74.647054,40.4791051],[-74.6472659,40.4790643],[-74.6474912,40.4790377],[-74.6477219,40.4790173],[-74.647974,40.4790132],[-74.6482609,40.4790133],[-74.6485104,40.4790132],[-74.6489745,40.47905],[-74.649162,40.4790677],[-74.6498133,40.4791294],[-74.6521233,40.4793481],[-74.6522777,40.4793533],[-74.6524,40.4793503],[-74.6526694,40.4793359],[-74.6529806,40.4792992],[-74.6533024,40.4792339],[-74.6535868,40.4791564],[-74.6538335,40.4790748],[-74.6540317,40.4789953],[-74.6541768,40.4789279],[-74.6543753,40.4788177],[-74.6545524,40.4787035],[-74.654724,40.4785809],[-74.6548152,40.4785158],[-74.6549869,40.4783934],[-74.6551156,40.4782709],[-74.6552407,40.478146],[-74.65534,40.478039]]]}},

 { "type": "Feature", "geometry": { "type": "LineString", "coordinates": [ [ -69.71718, 44.76246 ], [ -69.71751, 44.76232 ], [ -69.71836, 44.76193 ], [ -69.71885, 44.76175 ], [ -69.71939, 44.7616 ], [ -69.72008, 44.76141 ], [ -69.72053, 44.76124 ], [ -69.72091, 44.76106 ], [ -69.72148, 44.76068 ], [ -69.7218, 44.7605 ], [ -69.72228, 44.76029 ], [ -69.72374, 44.75969 ], [ -69.7243, 44.75944 ], [ -69.72828, 44.75738 ], [ -69.72878, 44.75709 ], [ -69.72923, 44.75677 ], [ -69.73122, 44.75521 ], [ -69.73245, 44.75419 ], [ -69.73284, 44.7538 ], [ -69.73411, 44.75219 ], [ -69.73457, 44.7517 ], [ -69.73508, 44.75128 ], [ -69.73559, 44.75094 ], [ -69.7362, 44.7506 ], [ -69.73731, 44.75005 ], [ -69.73798, 44.74967 ], [ -69.73847, 44.74934 ], [ -69.73892, 44.74896 ], [ -69.73947, 44.74842 ], [ -69.74152, 44.74633 ], [ -69.74199, 44.74588 ], [ -69.74248, 44.74547 ], [ -69.74522, 44.74349 ], [ -69.74581, 44.74311 ], [ -69.7464, 44.74277 ], [ -69.74696, 44.74251 ], [ -69.74751, 44.74229 ], [ -69.74898, 44.74178 ], [ -69.74944, 44.74159 ], [ -69.74995, 44.74132 ], [ -69.75069, 44.7409 ], [ -69.75227, 44.73994 ], [ -69.75304, 44.73955 ], [ -69.75382, 44.73922 ], [ -69.75566, 44.73858 ], [ -69.75658, 44.73822 ], [ -69.75725, 44.73789 ], [ -69.75788, 44.7375 ], [ -69.75835, 44.73714 ], [ -69.7589, 44.73668 ], [ -69.76133, 44.7345 ], [ -69.76204, 44.73398 ], [ -69.7687, 44.72957 ], [ -69.77245, 44.7272 ], [ -69.77317, 44.72678 ], [ -69.77394, 44.72638 ], [ -69.78118, 44.7226 ], [ -69.78173, 44.72226 ], [ -69.78217, 44.72195 ], [ -69.78303, 44.72119 ], [ -69.78346, 44.72084 ], [ -69.78396, 44.72049 ], [ -69.78513, 44.71975 ], [ -69.78568, 44.71932 ], [ -69.78607, 44.7189 ], [ -69.78639, 44.71844 ], [ -69.78765, 44.71648 ], [ -69.78858, 44.71511 ], [ -69.78875, 44.71472 ], [ -69.78884, 44.71442 ], [ -69.78884, 44.71415 ], [ -69.78879, 44.71377 ], [ -69.7887, 44.71317 ], [ -69.78874, 44.71291 ], [ -69.78955, 44.71298 ], [ -69.79252, 44.71313 ], [ -69.79358, 44.71323 ], [ -69.79682, 44.7136 ], [ -69.79703, 44.71396 ], [ -69.79711, 44.71425 ], [ -69.79712, 44.71457 ], [ -69.79716, 44.71558 ], [ -69.79765, 44.71908 ], [ -69.79777, 44.71968 ], [ -69.79796, 44.72014 ], [ -69.79839, 44.72082 ], [ -69.7988, 44.7213 ], [ -69.7995, 44.72187 ], [ -69.80019, 44.72229 ], [ -69.80094, 44.72262 ], [ -69.80208, 44.72299 ], [ -69.8077, 44.72479 ], [ -69.80861, 44.72512 ], [ -69.80957, 44.72557 ], [ -69.81044, 44.72607 ], [ -69.81116, 44.72657 ], [ -69.81184, 44.72712 ], [ -69.8235, 44.73696 ], [ -69.82431, 44.7377 ], [ -69.82514, 44.73855 ], [ -69.82583, 44.73933 ], [ -69.82924, 44.74322 ], [ -69.83016, 44.7442 ], [ -69.83093, 44.74493 ], [ -69.83186, 44.74571 ], [ -69.83277, 44.74638 ], [ -69.84085, 44.75228 ], [ -69.84205, 44.75308 ], [ -69.84319, 44.75376 ], [ -69.84436, 44.75439 ], [ -69.84551, 44.75496 ], [ -69.84675, 44.7555 ], [ -69.84675, 44.7555 ], [ -69.84799, 44.75599 ], [ -69.85208, 44.75753 ], [ -69.85351, 44.7581 ], [ -69.85481, 44.75868 ], [ -69.85595, 44.75923 ], [ -69.85707, 44.75984 ], [ -69.85831, 44.76056 ], [ -69.87369, 44.7698 ], [ -69.87478, 44.7705 ], [ -69.87565, 44.77114 ], [ -69.87672, 44.77204 ], [ -69.87748, 44.77278 ], [ -69.87839, 44.77381 ], [ -69.87905, 44.77467 ], [ -69.88391, 44.78177 ], [ -69.88414, 44.78225 ], [ -69.88429, 44.78271 ], [ -69.88435, 44.78313 ], [ -69.88435, 44.78357 ], [ -69.88424, 44.78413 ], [ -69.88406, 44.78473 ], [ -69.88233, 44.79011 ], [ -69.88151, 44.79259 ], [ -69.88106, 44.79382 ], [ -69.88051, 44.79526 ], [ -69.88013, 44.79635 ], [ -69.87976, 44.79773 ], [ -69.88021, 44.79776 ], [ -69.88591, 44.79823 ], [ -69.88692, 44.79836 ], [ -69.88723, 44.79843 ], [ -69.88747, 44.79852 ], [ -69.88772, 44.79865 ], [ -69.88908, 44.79943 ], [ -69.88882, 44.79978 ], [ -69.88854, 44.8001 ], [ -69.88828, 44.80045 ], [ -69.88753, 44.8019 ], [ -69.88744, 44.80217 ], [ -69.88743, 44.80241 ], [ -69.88751, 44.80265 ], [ -69.8877, 44.8029 ], [ -69.88879, 44.80416 ], [ -69.88912, 44.80461 ], [ -69.88935, 44.80508 ], [ -69.88988, 44.80624 ], [ -69.89023, 44.80687 ], [ -69.89065, 44.80747 ], [ -69.89187, 44.80899 ], [ -69.89254, 44.80974 ], [ -69.89285, 44.81016 ], [ -69.893, 44.81053 ], [ -69.89306, 44.81083 ], [ -69.89305, 44.81117 ], [ -69.89299, 44.81154 ], [ -69.89277, 44.8124 ], [ -69.89254, 44.81294 ], [ -69.89228, 44.81336 ], [ -69.89193, 44.81381 ], [ -69.89148, 44.81431 ], [ -69.89091, 44.81479 ], [ -69.89029, 44.81518 ], [ -69.88969, 44.8155 ], [ -69.88906, 44.81576 ], [ -69.88573, 44.8169 ], [ -69.88439, 44.81733 ], [ -69.88335, 44.81763 ], [ -69.88239, 44.81784 ], [ -69.8798, 44.81835 ], [ -69.87918, 44.81852 ], [ -69.8786, 44.81876 ], [ -69.87803, 44.81912 ], [ -69.87758, 44.8195 ], [ -69.87724, 44.81991 ], [ -69.87699, 44.82036 ], [ -69.87682, 44.82081 ], [ -69.87594, 44.82403 ], [ -69.87582, 44.82472 ], [ -69.87573, 44.82557 ], [ -69.87573, 44.82637 ], [ -69.87582, 44.82715 ], [ -69.87598, 44.82792 ], [ -69.87624, 44.82883 ], [ -69.87675, 44.83052 ], [ -69.87675, 44.83052 ], [ -69.87702, 44.83128 ], [ -69.87757, 44.83251 ], [ -69.87801, 44.83335 ], [ -69.88127, 44.83865 ], [ -69.88192, 44.83976 ], [ -69.8824, 44.8405 ], [ -69.88285, 44.8411 ], [ -69.88346, 44.84175 ], [ -69.8883, 44.84657 ], [ -69.88904, 44.84726 ], [ -69.88993, 44.84801 ], [ -69.89132, 44.84909 ], [ -69.8921, 44.84976 ], [ -69.89259, 44.85028 ], [ -69.89318, 44.85101 ], [ -69.89388, 44.85189 ], [ -69.8944, 44.85247 ], [ -69.89663, 44.85453 ], [ -69.89687, 44.85483 ], [ -69.89698, 44.85508 ], [ -69.89708, 44.85545 ], [ -69.89715, 44.85588 ], [ -69.89713, 44.85622 ], [ -69.89703, 44.85657 ], [ -69.89639, 44.85807 ], [ -69.89614, 44.85846 ], [ -69.89583, 44.85879 ], [ -69.89541, 44.85911 ], [ -69.89416, 44.85999 ], [ -69.89371, 44.86024 ], [ -69.89325, 44.8604 ], [ -69.89272, 44.86051 ], [ -69.88661, 44.86128 ], [ -69.88278, 44.8618 ], [ -69.87939, 44.86222 ], [ -69.87841, 44.86236 ], [ -69.87773, 44.86254 ], [ -69.87707, 44.86277 ], [ -69.87466, 44.86371 ], [ -69.87394, 44.86404 ], [ -69.87336, 44.86439 ], [ -69.871, 44.86592 ], [ -69.87044, 44.86634 ], [ -69.87002, 44.86677 ], [ -69.86976, 44.86719 ], [ -69.86965, 44.86753 ], [ -69.86962, 44.86795 ], [ -69.86962, 44.86891 ], [ -69.86957, 44.86968 ], [ -69.86947, 44.87037 ], [ -69.86929, 44.87157 ], [ -69.86904, 44.87264 ], [ -69.86873, 44.87417 ], [ -69.86858, 44.87466 ], [ -69.86838, 44.87508 ], [ -69.86808, 44.87554 ], [ -69.86757, 44.87627 ], [ -69.86737, 44.87665 ], [ -69.86731, 44.877 ], [ -69.86735, 44.87735 ], [ -69.86806, 44.87954 ], [ -69.86821, 44.88014 ], [ -69.86868, 44.88329 ], [ -69.86871, 44.88368 ], [ -69.86866, 44.88409 ], [ -69.86852, 44.88448 ], [ -69.86731, 44.88772 ], [ -69.86709, 44.88811 ], [ -69.86671, 44.88849 ], [ -69.86587, 44.88926 ], [ -69.86543, 44.88981 ], [ -69.86519, 44.89029 ], [ -69.86505, 44.89079 ], [ -69.86461, 44.89397 ], [ -69.86463, 44.89513 ], [ -69.86473, 44.89609 ], [ -69.865, 44.8973 ], [ -69.86545, 44.89935 ], [ -69.86569, 44.9003 ], [ -69.86683, 44.90319 ], [ -69.86689, 44.90354 ], [ -69.86687, 44.9039 ], [ -69.86618, 44.90739 ], [ -69.86612, 44.90805 ], [ -69.86619, 44.90875 ], [ -69.86651, 44.91056 ], [ -69.86808, 44.91954 ], [ -69.86819, 44.92058 ], [ -69.86827, 44.92201 ], [ -69.86822, 44.92296 ], [ -69.86806, 44.92436 ], [ -69.86792, 44.92501 ], [ -69.86752, 44.92625 ], [ -69.86683, 44.92882 ], [ -69.86671, 44.92955 ], [ -69.86669, 44.93032 ], [ -69.86704, 44.93261 ], [ -69.86727, 44.93308 ], [ -69.86753, 44.93349 ], [ -69.86912, 44.93541 ], [ -69.86977, 44.93613 ], [ -69.87037, 44.9368 ], [ -69.87065, 44.9372 ], [ -69.87082, 44.93748 ], [ -69.86755, 44.93825 ], [ -69.86695, 44.93842 ], [ -69.86656, 44.93863 ], [ -69.86624, 44.93893 ], [ -69.86599, 44.93927 ], [ -69.86549, 44.9405 ], [ -69.86465, 44.94256 ], [ -69.86449, 44.94318 ], [ -69.86452, 44.94364 ], [ -69.86474, 44.94473 ], [ -69.86483, 44.94546 ], [ -69.86477, 44.94605 ], [ -69.86465, 44.94659 ], [ -69.86443, 44.94707 ], [ -69.86408, 44.94748 ], [ -69.86365, 44.94781 ], [ -69.86313, 44.94808 ], [ -69.86059, 44.94939 ], [ -69.86013, 44.9496 ], [ -69.85981, 44.94973 ] ] }, 
 "properties": { "name": "U.S. Route 201A", "ref": "US 201A" } },



 {"type": "Feature", "properties": {"title": "US 319 Business (Tifton)", "stroke": "#c7c", "source": null, "notes": null, "ref": "US 319 BUS"}, "geometry": {"type": "MultiLineString", "coordinates": [[[-83.7848621, 31.115379], [-83.7849549, 31.1155695], [-83.7849995, 31.1156612], [-83.7850146, 31.1156921], [-83.785044, 31.115786], [-83.785124, 31.11604], [-83.7851351, 31.1160945], [-83.785165, 31.116223], [-83.7851975, 31.116541], [-83.7852104, 31.1169471], [-83.7851398, 31.1174727], [-83.7849852, 31.1182137], [-83.784606, 31.119846], [-83.78431, 31.1210448], [-83.7841461, 31.1217023], [-83.7840767, 31.1219351], [-83.7839669, 31.1224029], [-83.7837254, 31.1234299], [-83.7835592, 31.124106], [-83.7835127, 31.1243039], [-83.7834579, 31.1245367], [-83.7833598, 31.1249539], [-83.7832975, 31.1252185], [-83.7830307, 31.1263525], [-83.7828728, 31.1270235], [-83.7827903, 31.127366], [-83.7826429, 31.1279777], [-83.7825866, 31.1281919], [-83.7823474, 31.1291574], [-83.78223, 31.129624], [-83.7821052, 31.1301508], [-83.7819217, 31.1309258], [-83.781847, 31.131241], [-83.7817926, 31.1314997], [-83.7817466, 31.1317596], [-83.7817092, 31.1320205], [-83.7816785, 31.132303], [-83.7816577, 31.1325862], [-83.781655, 31.1328675], [-83.7816619, 31.1330352], [-83.781674, 31.1332027], [-83.7817009, 31.1334452], [-83.7817353, 31.1336939], [-83.7817767, 31.1339419], [-83.7818249, 31.134189], [-83.781914, 31.134504], [-83.782092, 31.135081], [-83.782857, 31.136936], [-83.7829285, 31.1370935], [-83.783222, 31.137748], [-83.7834463, 31.1382538], [-83.783531, 31.138445], [-83.7836332, 31.1386756], [-83.7838036, 31.1390565], [-83.7840289, 31.1395822], [-83.7842479, 31.1400616], [-83.784503, 31.140637], [-83.7851769, 31.142197], [-83.785462, 31.142828], [-83.785783, 31.143556], [-83.786685, 31.145602], [-83.787609, 31.14767], [-83.78789, 31.148345], [-83.7884143, 31.149513], [-83.7888267, 31.1504322], [-83.789107, 31.1510902], [-83.7892592, 31.1514739], [-83.7893032, 31.1515988], [-83.7893477, 31.1517591], [-83.7893509, 31.151779], [-83.7893692, 31.1518945], [-83.789387, 31.1519859], [-83.7893974, 31.1520575], [-83.789401, 31.152082], [-83.7894203, 31.1522152], [-83.7894314, 31.1525063], [-83.789424, 31.152857], [-83.789239, 31.156367], [-83.78922, 31.157094], [-83.7891693, 31.1581625], [-83.7890941, 31.1593787], [-83.789073, 31.160479], [-83.7890523, 31.1618563], [-83.7890477, 31.1621604], [-83.789046, 31.1624449], [-83.7890413, 31.162858], [-83.7890394, 31.1629986], [-83.789034, 31.1631111], [-83.7890326, 31.1632356], [-83.7890307, 31.1633928], [-83.7890223, 31.1641203], [-83.789013, 31.16489], [-83.7890178, 31.1651339], [-83.7889854, 31.168116], [-83.7889845, 31.1682172], [-83.7889607, 31.1708856], [-83.7889518, 31.1717516], [-83.7889341, 31.1728898], [-83.7889158, 31.1742496], [-83.7889076, 31.1748568], [-83.7888984, 31.1751857], [-83.7888987, 31.1755105], [-83.7888988, 31.1756195], [-83.7888977, 31.1758481], [-83.7888883, 31.1763735], [-83.7888844, 31.1765918], [-83.7888741, 31.1771697], [-83.7888714, 31.1773082], [-83.7888683, 31.1774709], [-83.788867, 31.1775377], [-83.7888613, 31.1778367], [-83.7888598, 31.177914], [-83.7888584, 31.1781535], [-83.7888543, 31.1788517], [-83.788853, 31.1789323], [-83.7888533, 31.1790136], [-83.7888573, 31.1799325], [-83.7888506, 31.1804449], [-83.788844, 31.18095], [-83.7888461, 31.1814058], [-83.7888465, 31.1819445], [-83.7888447, 31.1828563], [-83.7888435, 31.1829419], [-83.7888421, 31.1830448], [-83.788842, 31.183969], [-83.78883, 31.1847032], [-83.7888269, 31.1849329], [-83.7888289, 31.1851366], [-83.7888306, 31.1853549], [-83.7888226, 31.1873375], [-83.7888224, 31.1874447], [-83.788828, 31.188523], [-83.7888267, 31.18881], [-83.7888235, 31.1889065], [-83.788824, 31.1894211], [-83.7888382, 31.1897602], [-83.788911, 31.190227], [-83.789106, 31.191291], [-83.7891438, 31.1915154], [-83.7892627, 31.1925259], [-83.789373, 31.193583], [-83.7896021, 31.1953347], [-83.7896044, 31.1956627], [-83.7895953, 31.1959475], [-83.7895762, 31.1961761], [-83.7895725, 31.1962208], [-83.7895133, 31.1965238], [-83.7894153, 31.1969156], [-83.7892808, 31.1973143], [-83.7891413, 31.197629], [-83.788991, 31.197907], [-83.788936, 31.197987], [-83.7886878, 31.1983501], [-83.7884741, 31.1986235], [-83.7883137, 31.1988887], [-83.7880809, 31.199209], [-83.7880152, 31.1992865], [-83.7879529, 31.1993755], [-83.7879404, 31.1994078], [-83.7879212, 31.1994377], [-83.7878961, 31.1994641], [-83.78786, 31.1994903], [-83.78782943315167, 31.1995042671484], [-83.7878182, 31.1995094], [-83.7877728, 31.1995206], [-83.7877255, 31.1995234], [-83.7876787, 31.1995176], [-83.7876177, 31.1995323], [-83.7875359, 31.1995552], [-83.7874688, 31.1996], [-83.7874044, 31.1996619], [-83.787332, 31.1997388], [-83.7872869, 31.1998106], [-83.7867406, 31.200403], [-83.7866887, 31.2004611], [-83.7865912, 31.2005704], [-83.786382, 31.2007369], [-83.785819, 31.201327], [-83.785062, 31.202099], [-83.784908, 31.202258], [-83.784265, 31.202922], [-83.7823919, 31.2048061], [-83.780272, 31.206926], [-83.7794376, 31.207772], [-83.7793844, 31.2078259], [-83.7793046, 31.2079077], [-83.7792155, 31.2079987], [-83.7789378, 31.2083002], [-83.7788522, 31.2083931]], [[-83.7888977, 31.1758481], [-83.787624, 31.1758106], [-83.7876127, 31.1767846], [-83.7876016, 31.1773922], [-83.787603, 31.1779052], [-83.7876081, 31.1789108], [-83.7876043, 31.1799233], [-83.7875993, 31.1804289], [-83.7875914, 31.1809302], [-83.7875897, 31.1812528], [-83.7875895, 31.1812979], [-83.7875909, 31.1819489], [-83.7875925, 31.1827398], [-83.7875972, 31.1849417], [-83.7876022, 31.1873362], [-83.7876055, 31.188911], [-83.7876076, 31.1898191], [-83.7876099, 31.1906544], [-83.7876164, 31.1933366], [-83.78761, 31.1939816], [-83.787621, 31.194765], [-83.7876214, 31.1949712], [-83.7876265, 31.1978384], [-83.7875935, 31.1980571], [-83.7876043, 31.19822], [-83.7875604, 31.1985907], [-83.7875588, 31.1986742], [-83.7875569, 31.1987769], [-83.7875649, 31.1988674], [-83.7875883, 31.1989872], [-83.7876257, 31.1991031], [-83.787635, 31.199147], [-83.7876316, 31.1992242], [-83.7876082, 31.1992504], [-83.7875906, 31.1992799], [-83.7875795, 31.1993115], [-83.7875751, 31.1993443], [-83.7873581, 31.1995796], [-83.7871926, 31.1997732], [-83.7868734, 31.2001483], [-83.7866188, 31.2004244], [-83.7865099, 31.2005406], [-83.786382, 31.2007369]]]}},
 
{ "type": "Feature", "properties": { "@id": "relation/1019461", "description": "US 220 Business (Altoona, PA)", "is_in:state": "PA", "modifier": "Business", "network": "US:US:Business", "ref":"US 220 BUS", "route": "road", "type": "route" }, "geometry": { "type": "MultiLineString", "coordinates": [ [ [ -78.1815473, 40.7143519 ], [ -78.1830601, 40.7136951 ], [ -78.1836735, 40.7134546 ], [ -78.1849596, 40.7129864 ], [ -78.1868338, 40.7122953 ], [ -78.1870813, 40.712244 ], [ -78.1872018, 40.7122312 ], [ -78.187352, 40.712228 ], [ -78.1875001, 40.7122392 ], [ -78.1876376, 40.7122665 ], [ -78.187773, 40.7123018 ], [ -78.1878385, 40.7123354 ], [ -78.1878978, 40.7123755 ], [ -78.1879422, 40.7124172 ], [ -78.1879655, 40.7124605 ], [ -78.1879845, 40.7125294 ], [ -78.187861, 40.7128283 ], [ -78.1876097, 40.7135413 ], [ -78.1874198, 40.7140675 ], [ -78.1872556, 40.714561 ], [ -78.1872543, 40.7147681 ], [ -78.186602, 40.7166863 ], [ -78.1862257, 40.7178006 ], [ -78.1861146, 40.7181332 ], [ -78.1859561, 40.7185971 ], [ -78.1859726, 40.7187721 ], [ -78.1857856, 40.7193219 ], [ -78.1856418, 40.7195271 ], [ -78.1853682, 40.7203304 ], [ -78.1853224, 40.7204874 ], [ -78.1853477, 40.7206041 ], [ -78.1852963, 40.7209315 ], [ -78.1852869, 40.7210688 ], [ -78.1852919, 40.7212717 ], [ -78.1853688, 40.7213402 ], [ -78.1854092, 40.721381 ], [ -78.1854646, 40.7214161 ], [ -78.1855349, 40.7214422 ], [ -78.1856201, 40.7214558 ], [ -78.1857263, 40.7214501 ], [ -78.1858817, 40.7214147 ], [ -78.1872378, 40.7206447 ], [ -78.187498, 40.7204918 ], [ -78.1876909, 40.7203835 ], [ -78.1880087, 40.7202051 ], [ -78.1883329, 40.7200174 ], [ -78.1887377, 40.719784 ], [ -78.1902271, 40.7189285 ], [ -78.19067, 40.7186788 ], [ -78.1908865, 40.7185567 ], [ -78.191085, 40.718447 ], [ -78.1912357, 40.7183602 ], [ -78.1923393, 40.7177306 ], [ -78.1936826, 40.716957 ], [ -78.1947154, 40.7163666 ], [ -78.1947761, 40.7163281 ], [ -78.1949842, 40.7162123 ], [ -78.1952136, 40.7160801 ], [ -78.1957246, 40.7157885 ], [ -78.1957462, 40.7157759 ], [ -78.1959281, 40.7156714 ], [ -78.196428, 40.715384 ], [ -78.1965771, 40.7152983 ], [ -78.1972569, 40.7149144 ], [ -78.1976504, 40.71469 ], [ -78.1979786, 40.7145018 ], [ -78.1981655, 40.7143952 ], [ -78.1989274, 40.7139566 ], [ -78.1989919, 40.7139188 ], [ -78.200038, 40.7133345 ], [ -78.2007547, 40.7129125 ], [ -78.2010227, 40.7127609 ], [ -78.201476, 40.7125048 ], [ -78.2015296, 40.712473 ], [ -78.2015673, 40.7124496 ], [ -78.2022343, 40.7120611 ], [ -78.2024853, 40.7119099 ], [ -78.2026535, 40.7118119 ], [ -78.2030064, 40.7116057 ], [ -78.2037595, 40.7111727 ], [ -78.2039766, 40.7110559 ], [ -78.2042552, 40.7108937 ], [ -78.2044343, 40.7107881 ], [ -78.2048777, 40.7105336 ], [ -78.2049611, 40.7104878 ], [ -78.2052186, 40.7103352 ], [ -78.2071711, 40.7092202 ], [ -78.2072917, 40.7091109 ], [ -78.2075477, 40.7089663 ], [ -78.208133, 40.7086477 ], [ -78.2088786, 40.708263 ], [ -78.209225, 40.7080677 ], [ -78.2097508, 40.7077595 ], [ -78.2098217, 40.7077144 ], [ -78.2099218, 40.707645 ], [ -78.2100229, 40.7075724 ], [ -78.2102384, 40.7074046 ], [ -78.2103522, 40.7073094 ], [ -78.2104588, 40.7072115 ], [ -78.2106362, 40.7070334 ], [ -78.2108074, 40.7068441 ], [ -78.2108773, 40.7067554 ], [ -78.2109503, 40.7066598 ], [ -78.2110922, 40.7064622 ], [ -78.2112714, 40.7061996 ], [ -78.2121373, 40.7049632 ], [ -78.2122926, 40.7047317 ], [ -78.212461, 40.70451 ], [ -78.2126653, 40.7042023 ], [ -78.2127153, 40.704132 ], [ -78.21277, 40.7040564 ], [ -78.2128256, 40.7039868 ], [ -78.21288, 40.7039199 ], [ -78.2129624, 40.7038254 ], [ -78.2130436, 40.703739 ], [ -78.21313, 40.7036552 ], [ -78.2132218, 40.7035741 ], [ -78.213353, 40.7034698 ], [ -78.2134877, 40.70337 ], [ -78.2137218, 40.7032142 ], [ -78.2137701, 40.7031839 ], [ -78.2138536, 40.7031277 ], [ -78.2141032, 40.7029672 ], [ -78.2142563, 40.7028696 ], [ -78.2143697, 40.7027962 ], [ -78.2149981, 40.7023939 ], [ -78.2157744, 40.7018998 ], [ -78.2159809, 40.701765 ], [ -78.2167413, 40.7012789 ], [ -78.2169511, 40.701143 ], [ -78.2171096, 40.7010402 ], [ -78.2172628, 40.7009387 ], [ -78.2173775, 40.7008585 ], [ -78.2174814, 40.7007789 ], [ -78.2176111, 40.700669 ], [ -78.2177202, 40.7005658 ], [ -78.2177846, 40.7004987 ], [ -78.2178419, 40.7004316 ], [ -78.2179008, 40.7003611 ], [ -78.2179553, 40.7002906 ], [ -78.2180713, 40.7001212 ], [ -78.2181667, 40.6999591 ], [ -78.2182894, 40.6997275 ], [ -78.2183238, 40.6996588 ], [ -78.2185368, 40.6992247 ], [ -78.2187296, 40.6988444 ], [ -78.218795, 40.6987261 ], [ -78.2188636, 40.6986172 ], [ -78.2189115, 40.6985448 ], [ -78.2189625, 40.6984747 ], [ -78.2190716, 40.698343 ], [ -78.2191496, 40.6982543 ], [ -78.2192367, 40.6981637 ], [ -78.2193299, 40.6980754 ], [ -78.2193914, 40.6980201 ], [ -78.219456, 40.6979664 ], [ -78.2195222, 40.6979126 ], [ -78.2195925, 40.6978605 ], [ -78.2198767, 40.6976619 ], [ -78.2213925, 40.6966357 ], [ -78.2225869, 40.6958265 ], [ -78.2231679, 40.6954341 ], [ -78.2232967, 40.6953465 ], [ -78.2234081, 40.6952723 ], [ -78.2239979, 40.6948743 ], [ -78.2241121, 40.6947966 ], [ -78.2242224, 40.694719 ], [ -78.2243307, 40.6946356 ], [ -78.2244296, 40.6945522 ], [ -78.2245637, 40.6944208 ], [ -78.2246479, 40.6943201 ], [ -78.2247214, 40.6942259 ], [ -78.2248219, 40.6940804 ], [ -78.2249656, 40.6938521 ], [ -78.224998, 40.6937973 ], [ -78.225032, 40.6937393 ], [ -78.225202, 40.693462 ], [ -78.2252843, 40.6933284 ], [ -78.2253701, 40.693194 ], [ -78.2254991, 40.6930076 ], [ -78.2256341, 40.6928213 ], [ -78.2257866, 40.6926141 ], [ -78.2258676, 40.6925101 ], [ -78.2259498, 40.6924069 ], [ -78.2260688, 40.6922596 ], [ -78.2261949, 40.6921123 ], [ -78.2268416, 40.6914036 ], [ -78.2271926, 40.6910101 ], [ -78.2272999, 40.6908879 ], [ -78.2274073, 40.6907576 ], [ -78.2275285, 40.6906013 ], [ -78.2275887, 40.6905173 ], [ -78.2276449, 40.6904332 ], [ -78.2284482, 40.6891755 ], [ -78.2292946, 40.6878927 ], [ -78.230761, 40.6856227 ], [ -78.2307929, 40.6855754 ], [ -78.2308356, 40.6855159 ], [ -78.2313736, 40.6847052 ], [ -78.2314292, 40.6846271 ], [ -78.2314884, 40.6845481 ], [ -78.231551, 40.6844713 ], [ -78.231622, 40.6843954 ], [ -78.2317309, 40.6842908 ], [ -78.2317897, 40.6842467 ], [ -78.231885, 40.6841756 ], [ -78.2319857, 40.6841055 ], [ -78.2321458, 40.6840055 ], [ -78.2322858, 40.6839234 ], [ -78.2324982, 40.6838003 ], [ -78.2327143, 40.6836749 ], [ -78.2328667, 40.6835835 ], [ -78.2329945, 40.683503 ], [ -78.2331115, 40.6834226 ], [ -78.233263, 40.6833083 ], [ -78.2334009, 40.683194 ], [ -78.2335275, 40.68308 ], [ -78.2336514, 40.6829629 ], [ -78.2339486, 40.6826827 ], [ -78.2342338, 40.6823966 ], [ -78.2343527, 40.6822675 ], [ -78.2344644, 40.6821377 ], [ -78.2345786, 40.6819932 ], [ -78.2346288, 40.6819227 ], [ -78.2346656, 40.6818577 ], [ -78.2346896, 40.681799 ], [ -78.2347054, 40.6817404 ], [ -78.2347124, 40.6816879 ], [ -78.2347102, 40.6816369 ], [ -78.2346984, 40.6815859 ], [ -78.2346855, 40.6815458 ], [ -78.2346593, 40.681494 ], [ -78.2346301, 40.6814563 ], [ -78.2345958, 40.681417 ], [ -78.2345543, 40.6813809 ], [ -78.2345065, 40.6813435 ], [ -78.2344422, 40.6813039 ], [ -78.2341155, 40.6811388 ], [ -78.23406, 40.6811056 ], [ -78.2340138, 40.6810677 ], [ -78.2339772, 40.6810245 ], [ -78.2339519, 40.6809813 ], [ -78.2339385, 40.6809443 ], [ -78.2339333, 40.680912 ], [ -78.2339957, 40.680657 ], [ -78.234901, 40.6785101 ], [ -78.2352249, 40.6777569 ], [ -78.2355495, 40.677002 ], [ -78.2358865, 40.6762437 ], [ -78.2362215, 40.6754896 ], [ -78.2365381, 40.6747348 ], [ -78.23685, 40.6739933 ], [ -78.2371582, 40.673259 ], [ -78.2374677, 40.6725221 ], [ -78.2375985, 40.6722105 ], [ -78.2377886, 40.6717578 ], [ -78.23809, 40.6710577 ], [ -78.2383531, 40.6704747 ], [ -78.2389313, 40.670617 ], [ -78.2391425, 40.6706684 ], [ -78.239794, 40.6708293 ], [ -78.2405042, 40.6710049 ], [ -78.2410484, 40.6711508 ], [ -78.2411272, 40.6711689 ], [ -78.2412199, 40.6711781 ], [ -78.2413236, 40.6711539 ], [ -78.241414, 40.6710976 ], [ -78.241744, 40.6708147 ], [ -78.2420726, 40.670499 ], [ -78.2425429, 40.6699897 ], [ -78.2433473, 40.6691363 ], [ -78.2437911, 40.6686853 ], [ -78.2441788, 40.6682688 ], [ -78.2444899, 40.6679402 ], [ -78.2445928, 40.6678304 ], [ -78.2451852, 40.6671988 ], [ -78.245799, 40.6666265 ], [ -78.2464116, 40.6660552 ], [ -78.2471095, 40.6655246 ], [ -78.2474618, 40.6652714 ], [ -78.2476342, 40.6651845 ], [ -78.2477173, 40.665146 ], [ -78.2480547, 40.6650145 ], [ -78.2486357, 40.6648153 ], [ -78.2490321, 40.6647009 ], [ -78.2492981, 40.6646727 ], [ -78.2497571, 40.6646881 ], [ -78.2501315, 40.6647061 ], [ -78.2503795, 40.6647183 ], [ -78.2510259, 40.6647446 ], [ -78.2513698, 40.6647254 ], [ -78.2516509, 40.664674 ], [ -78.2522632, 40.6644709 ], [ -78.2524319, 40.6644132 ], [ -78.25255, 40.6643629 ], [ -78.2526569, 40.6643026 ], [ -78.2529793, 40.6640616 ], [ -78.2533124, 40.6638125 ], [ -78.2536964, 40.6635254 ], [ -78.2539183, 40.6633577 ], [ -78.2540302, 40.6632732 ], [ -78.254364, 40.663021 ], [ -78.2547181, 40.6627534 ], [ -78.2555284, 40.6621465 ], [ -78.2564121, 40.6614813 ], [ -78.2572534, 40.660848 ], [ -78.2578695, 40.6603843 ], [ -78.2581007, 40.6602103 ], [ -78.2583398, 40.6600303 ], [ -78.2585649, 40.6598608 ], [ -78.2587171, 40.6597463 ], [ -78.2588272, 40.6596568 ], [ -78.2590048, 40.659497 ], [ -78.2591627, 40.6593509 ], [ -78.25932, 40.6591934 ], [ -78.2598538, 40.6586446 ], [ -78.2601864, 40.6583026 ], [ -78.2603698, 40.658111 ], [ -78.260475, 40.6580012 ], [ -78.260717, 40.6577483 ], [ -78.2608829, 40.6575751 ], [ -78.2613654, 40.6570711 ], [ -78.2616487, 40.6567752 ], [ -78.2624071, 40.655983 ], [ -78.2625365, 40.6558487 ], [ -78.2631863, 40.6551742 ], [ -78.2633877, 40.6549652 ], [ -78.2636833, 40.6546585 ], [ -78.2639246, 40.654408 ], [ -78.2642713, 40.6540456 ], [ -78.2646849, 40.6536133 ], [ -78.2649406, 40.6533614 ], [ -78.2651446, 40.653174 ], [ -78.2653233, 40.6530255 ], [ -78.2655205, 40.6528781 ], [ -78.2657305, 40.6527299 ], [ -78.2659417, 40.6525927 ], [ -78.2661796, 40.6524493 ], [ -78.2664126, 40.6523213 ], [ -78.2666119, 40.6522242 ], [ -78.2666727, 40.6521906 ], [ -78.2669905, 40.6520445 ], [ -78.2675614, 40.6517904 ], [ -78.2677468, 40.6517021 ], [ -78.2679233, 40.6516037 ], [ -78.2681314, 40.6514758 ], [ -78.2683151, 40.6513458 ], [ -78.2684631, 40.6512251 ], [ -78.2686203, 40.6510759 ], [ -78.2687686, 40.6509174 ], [ -78.2689045, 40.6507475 ], [ -78.2691736, 40.6503888 ], [ -78.2695688, 40.6498326 ], [ -78.2698282, 40.6494757 ], [ -78.2699521, 40.649319 ], [ -78.270116, 40.6491196 ], [ -78.2702738, 40.6489509 ], [ -78.2705479, 40.6486855 ], [ -78.270822, 40.6484313 ], [ -78.2711217, 40.64816 ], [ -78.2715126, 40.6478062 ], [ -78.2724722, 40.6469717 ], [ -78.2730725, 40.6464597 ], [ -78.273199, 40.6463518 ], [ -78.2737352, 40.6459013 ], [ -78.2741729, 40.6455374 ], [ -78.2752202, 40.6446719 ], [ -78.2752836, 40.6446165 ], [ -78.2778179, 40.6424605 ], [ -78.2781073, 40.6422137 ], [ -78.2781654, 40.6421641 ], [ -78.2795768, 40.6409615 ], [ -78.2798094, 40.6407632 ], [ -78.2800567, 40.6405369 ], [ -78.2802334, 40.6403624 ], [ -78.2804471, 40.6401412 ], [ -78.2805927, 40.6399853 ], [ -78.280727, 40.6398343 ], [ -78.2808954, 40.6396395 ], [ -78.2810391, 40.6394587 ], [ -78.2812157, 40.6392151 ], [ -78.281729, 40.6384764 ], [ -78.2821001, 40.6379482 ], [ -78.2823985, 40.6375556 ], [ -78.2826021, 40.6373087 ], [ -78.282974, 40.6368969 ], [ -78.2831725, 40.6366899 ], [ -78.283408, 40.6364631 ], [ -78.2837411, 40.6361581 ], [ -78.2839249, 40.6359952 ], [ -78.2840677, 40.6358782 ], [ -78.2842388, 40.6357406 ], [ -78.2846314, 40.6354534 ], [ -78.2862493, 40.6342914 ], [ -78.2871081, 40.633668 ], [ -78.2887412, 40.6325079 ], [ -78.2899596, 40.6316407 ], [ -78.2904709, 40.6312775 ], [ -78.2906362, 40.6311579 ], [ -78.2907463, 40.6310782 ], [ -78.291373, 40.6306213 ], [ -78.2921658, 40.6300102 ], [ -78.2927222, 40.6295648 ], [ -78.2934367, 40.6289776 ], [ -78.2937798, 40.6286787 ], [ -78.2939823, 40.6284935 ], [ -78.2940969, 40.6283887 ], [ -78.2942817, 40.6282242 ], [ -78.2945674, 40.6279698 ], [ -78.2951341, 40.6274671 ], [ -78.295638, 40.6270206 ], [ -78.297948, 40.6249013 ], [ -78.2990854, 40.6237841 ], [ -78.299725, 40.623136 ], [ -78.3004603, 40.6223952 ], [ -78.3016871, 40.621161 ], [ -78.3021226, 40.6207209 ], [ -78.3024419, 40.6204006 ], [ -78.304359, 40.6184668 ], [ -78.307167, 40.6156321 ], [ -78.3086876, 40.6140725 ], [ -78.3114906, 40.6111684 ], [ -78.3156636, 40.6068034 ], [ -78.3160934, 40.6063774 ], [ -78.3161433, 40.6063249 ], [ -78.3164165, 40.6060492 ], [ -78.316909, 40.605527 ], [ -78.3169266, 40.6055083 ], [ -78.3171289, 40.6052663 ], [ -78.3173569, 40.604966 ], [ -78.3179442, 40.6042083 ], [ -78.3184312, 40.6035883 ], [ -78.3190103, 40.602836 ], [ -78.3192221, 40.6025353 ], [ -78.3193811, 40.6022795 ], [ -78.3195147, 40.6020295 ], [ -78.3198288, 40.601468 ], [ -78.319976, 40.6011093 ], [ -78.3203338, 40.6001045 ], [ -78.3204083, 40.5998674 ], [ -78.3208035, 40.5986033 ], [ -78.3208503, 40.5984528 ], [ -78.3211006, 40.5976144 ], [ -78.3212318, 40.5971747 ], [ -78.3217859, 40.5955184 ], [ -78.3225349, 40.5935538 ], [ -78.3228478, 40.5927355 ], [ -78.3234491, 40.5912068 ], [ -78.3235267, 40.5910035 ], [ -78.3236454, 40.5906925 ], [ -78.3239549, 40.5898742 ], [ -78.3240112, 40.5897287 ], [ -78.3245531, 40.5883271 ], [ -78.3251768, 40.5867076 ], [ -78.3253448, 40.5862746 ], [ -78.3254352, 40.5860491 ], [ -78.3255734, 40.5857178 ], [ -78.3257032, 40.5854147 ], [ -78.3257405, 40.5853326 ], [ -78.3257989, 40.5852041 ], [ -78.3260625, 40.5846712 ], [ -78.3262411, 40.5843246 ], [ -78.3265196, 40.5838226 ], [ -78.3265934, 40.5836942 ], [ -78.3266316, 40.5836312 ], [ -78.3275206, 40.5821181 ], [ -78.3277673, 40.5816959 ], [ -78.3278798, 40.5815034 ], [ -78.328032, 40.581243 ], [ -78.3297825, 40.5782998 ], [ -78.3301079, 40.5777455 ], [ -78.3309042, 40.5764165 ], [ -78.3320898, 40.5745442 ], [ -78.3324628, 40.5739537 ], [ -78.333481, 40.5723419 ], [ -78.3338513, 40.5717616 ], [ -78.3344037, 40.5708691 ], [ -78.3352274, 40.5695753 ], [ -78.3367174, 40.567234 ], [ -78.3367612, 40.5670828 ], [ -78.3372749, 40.5662686 ], [ -78.3374664, 40.5659594 ], [ -78.3376233, 40.5658427 ], [ -78.3376664, 40.5656863 ], [ -78.3378825, 40.5653229 ], [ -78.3380445, 40.5650516 ], [ -78.3381502, 40.5648833 ], [ -78.3382795, 40.5647758 ], [ -78.3383311, 40.5646952 ], [ -78.3387492, 40.5640395 ], [ -78.3391013, 40.5635083 ], [ -78.3392909, 40.5632174 ], [ -78.3393254, 40.5631649 ], [ -78.3397034, 40.5625564 ], [ -78.3398876, 40.5622644 ], [ -78.340081, 40.561957 ], [ -78.3408817, 40.5606844 ], [ -78.3425601, 40.5580133 ], [ -78.34299, 40.5573292 ], [ -78.3433647, 40.5567328 ], [ -78.3441242, 40.5555351 ], [ -78.3443227, 40.5552221 ], [ -78.344637, 40.5547265 ], [ -78.345594, 40.5531841 ], [ -78.3458033, 40.5528494 ], [ -78.3459269, 40.5526508 ], [ -78.3462526, 40.5521426 ], [ -78.346595, 40.5515958 ], [ -78.3467973, 40.551277 ], [ -78.3476766, 40.5499068 ], [ -78.3478986, 40.5495558 ], [ -78.3482771, 40.5489573 ], [ -78.349535, 40.546968 ], [ -78.349802, 40.546462 ], [ -78.350001, 40.54615 ], [ -78.3501455, 40.5459305 ], [ -78.350657, 40.5451907 ], [ -78.3508946, 40.5448872 ], [ -78.351012, 40.5447342 ], [ -78.3511277, 40.5445871 ], [ -78.3512419, 40.5444413 ], [ -78.3513545, 40.5443026 ], [ -78.3515079, 40.5441178 ], [ -78.3516306, 40.5439763 ], [ -78.3517832, 40.5438013 ], [ -78.3520114, 40.5435505 ], [ -78.352171, 40.5433841 ], [ -78.3531819, 40.5423191 ], [ -78.3533412, 40.5421518 ], [ -78.3537396, 40.5417247 ], [ -78.3540418, 40.5414023 ], [ -78.3541219, 40.5413128 ], [ -78.3542261, 40.5411924 ], [ -78.354328, 40.5410721 ], [ -78.3544248, 40.5409608 ], [ -78.354523, 40.540844 ], [ -78.3547042, 40.5406217 ], [ -78.3549048, 40.5403604 ], [ -78.3551398, 40.5400261 ], [ -78.3554825, 40.5395539 ], [ -78.3557697, 40.5391349 ], [ -78.3560947, 40.5386816 ], [ -78.3565991, 40.5379618 ], [ -78.356882, 40.537567 ], [ -78.3570578, 40.5373158 ], [ -78.3572565, 40.5370208 ], [ -78.3580351, 40.5358782 ], [ -78.3585877, 40.535012 ], [ -78.3591386, 40.534151 ], [ -78.3592232, 40.5340188 ], [ -78.359296, 40.5339073 ], [ -78.3594289, 40.5337129 ], [ -78.3595424, 40.533559 ], [ -78.3597417, 40.5332885 ], [ -78.3598394, 40.5331545 ], [ -78.3599343, 40.5330376 ], [ -78.3600302, 40.5329172 ], [ -78.360256, 40.532648 ], [ -78.3603453, 40.5325438 ], [ -78.360625, 40.5322356 ], [ -78.3608692, 40.531964 ], [ -78.3609447, 40.5318823 ], [ -78.3610303, 40.5317932 ], [ -78.3611643, 40.5316632 ], [ -78.3614307, 40.5314076 ], [ -78.3616068, 40.5312479 ], [ -78.3617346, 40.531128 ], [ -78.3619019, 40.5309598 ], [ -78.3620486, 40.5308166 ], [ -78.3621761, 40.5306901 ], [ -78.3624669, 40.5304151 ], [ -78.3625841, 40.5302956 ], [ -78.362706, 40.5301562 ], [ -78.3627953, 40.5300459 ], [ -78.3629277, 40.5298826 ], [ -78.3630305, 40.5297461 ], [ -78.3631037, 40.5296207 ], [ -78.3631716, 40.5295021 ], [ -78.3632284, 40.5293856 ], [ -78.363426, 40.5289597 ], [ -78.3636173, 40.5285733 ], [ -78.363743, 40.5282772 ], [ -78.3637711, 40.5282107 ], [ -78.3639424, 40.5278061 ], [ -78.3641846, 40.5272641 ], [ -78.3644176, 40.5267492 ], [ -78.3647048, 40.5260952 ], [ -78.3648472, 40.5257682 ], [ -78.3649249, 40.5256098 ], [ -78.3649893, 40.525498 ], [ -78.3650621, 40.5253875 ], [ -78.3651351, 40.525298 ], [ -78.3652081, 40.5252086 ], [ -78.3653908, 40.5249951 ], [ -78.3654625, 40.5249194 ], [ -78.3659116, 40.5244667 ], [ -78.3665066, 40.5239272 ], [ -78.3673459, 40.5230894 ], [ -78.3679326, 40.522512 ], [ -78.3686681, 40.5217971 ], [ -78.368797, 40.5216596 ], [ -78.3692301, 40.5212199 ], [ -78.3693022, 40.5211423 ], [ -78.3694266, 40.5210131 ], [ -78.3699485, 40.5204809 ], [ -78.3703437, 40.5201451 ], [ -78.3705853, 40.5199672 ], [ -78.3708508, 40.5197862 ], [ -78.371779, 40.51919 ], [ -78.3722677, 40.5188815 ], [ -78.3727653, 40.5185673 ], [ -78.373105, 40.5183508 ], [ -78.3736464, 40.5179947 ], [ -78.3741259, 40.5176784 ], [ -78.374216, 40.517619 ], [ -78.3748635, 40.517202 ], [ -78.3751519, 40.5170036 ], [ -78.3754185, 40.5167909 ], [ -78.3757295, 40.5165224 ], [ -78.375972, 40.5162879 ], [ -78.3764084, 40.5158178 ], [ -78.3765727, 40.5154983 ], [ -78.3768715, 40.514977 ], [ -78.3770303, 40.5146607 ], [ -78.3772056, 40.5142817 ], [ -78.3775378, 40.5134584 ], [ -78.377858, 40.5126568 ], [ -78.3778842, 40.5125947 ], [ -78.3779267, 40.5124941 ], [ -78.3780584, 40.5121821 ], [ -78.3781279, 40.5120187 ], [ -78.3783601, 40.5115098 ], [ -78.3785612, 40.511133 ], [ -78.3785743, 40.5111071 ], [ -78.3787026, 40.5109015 ], [ -78.3790514, 40.510406 ], [ -78.3792995, 40.5100983 ], [ -78.379577, 40.5097868 ], [ -78.3798949, 40.5094652 ], [ -78.380042, 40.5093249 ], [ -78.380094, 40.5092753 ], [ -78.3801721, 40.509209 ], [ -78.3804259, 40.5089939 ], [ -78.3804914, 40.5089383 ], [ -78.3805521, 40.5088879 ], [ -78.3809916, 40.5085236 ], [ -78.3814136, 40.5081761 ], [ -78.3817906, 40.5078667 ], [ -78.3821613, 40.5075485 ], [ -78.3825261, 40.5072255 ], [ -78.3828601, 40.5069114 ], [ -78.383691, 40.5059868 ], [ -78.3845307, 40.5048468 ], [ -78.3853634, 40.50375 ], [ -78.3856433, 40.5033758 ], [ -78.3858998, 40.5030726 ], [ -78.3862422, 40.5027129 ], [ -78.3881401, 40.5010141 ], [ -78.3886239, 40.500593 ], [ -78.3887009, 40.500526 ], [ -78.3887778, 40.5004592 ], [ -78.3892413, 40.5000748 ], [ -78.3894868, 40.4998828 ], [ -78.3901322, 40.4994033 ], [ -78.3902685, 40.499301 ], [ -78.3903608, 40.4992331 ], [ -78.3913496, 40.49855 ], [ -78.3921489, 40.4980085 ], [ -78.3929093, 40.4974979 ], [ -78.3931574, 40.4973317 ], [ -78.3936057, 40.4969811 ], [ -78.3941569, 40.4965186 ], [ -78.3947905, 40.495576 ], [ -78.3949149, 40.4953889 ], [ -78.3954302, 40.4946149 ], [ -78.3956803, 40.4942056 ], [ -78.3957253, 40.494132 ], [ -78.396393, 40.4929475 ], [ -78.397256, 40.4914076 ], [ -78.3975186, 40.4908785 ], [ -78.3977571, 40.4904019 ], [ -78.3980675, 40.4897466 ], [ -78.3983805, 40.4891163 ], [ -78.3983925, 40.4890822 ], [ -78.3985177, 40.4888271 ], [ -78.3986042, 40.4886449 ], [ -78.3986167, 40.4886186 ], [ -78.398654, 40.48854 ], [ -78.3987115, 40.4884185 ], [ -78.3988716, 40.4880844 ], [ -78.3993162, 40.4871904 ], [ -78.3993598, 40.4870993 ], [ -78.3994224, 40.4869682 ], [ -78.3995402, 40.4867219 ], [ -78.3998113, 40.4861548 ], [ -78.3998359, 40.4861033 ], [ -78.3998692, 40.4860353 ], [ -78.399997, 40.4857741 ], [ -78.4000588, 40.4856478 ], [ -78.4001824, 40.4853952 ], [ -78.4002883, 40.4851786 ], [ -78.4003211, 40.4851116 ], [ -78.4005305, 40.484685 ], [ -78.4005884, 40.48456 ], [ -78.4006335, 40.4844667 ], [ -78.4007584, 40.484208 ], [ -78.4007904, 40.4841417 ], [ -78.4008593, 40.4839991 ], [ -78.4008915, 40.4839324 ], [ -78.4009443, 40.4838228 ], [ -78.4010241, 40.4836575 ], [ -78.4011621, 40.4833713 ], [ -78.4012168, 40.4832578 ], [ -78.4012295, 40.4832315 ], [ -78.401387, 40.4829129 ], [ -78.4014172, 40.4828502 ], [ -78.4014811, 40.4827177 ], [ -78.401781, 40.482095 ], [ -78.4018655, 40.4819196 ], [ -78.401957, 40.4817345 ], [ -78.4020942, 40.4814418 ], [ -78.4021145, 40.4813984 ], [ -78.4021468, 40.4813295 ], [ -78.4022708, 40.4810628 ], [ -78.40231, 40.4809786 ], [ -78.402423, 40.480739 ], [ -78.4025024, 40.4805707 ], [ -78.402519, 40.4805354 ], [ -78.4026048, 40.4803536 ], [ -78.4026793, 40.4801956 ], [ -78.402755, 40.4800316 ], [ -78.4027786, 40.4799805 ], [ -78.4030116, 40.4794758 ], [ -78.4030743, 40.4793393 ], [ -78.4031595, 40.4791537 ], [ -78.403194, 40.4790787 ], [ -78.4033943, 40.4786353 ], [ -78.4034788, 40.4784355 ], [ -78.4035563, 40.4782471 ], [ -78.4036214, 40.478091 ], [ -78.4037291, 40.4778522 ], [ -78.4038489, 40.4775865 ], [ -78.4039004, 40.4774723 ], [ -78.4044572, 40.4762992 ], [ -78.4046169, 40.4759643 ], [ -78.4048458, 40.4754804 ], [ -78.4049673, 40.4752318 ], [ -78.4051373, 40.474884 ], [ -78.4052779, 40.4745964 ], [ -78.40542, 40.4743101 ], [ -78.4057158, 40.4737142 ], [ -78.4057664, 40.4736066 ], [ -78.4059657, 40.4731826 ], [ -78.4061342, 40.4727076 ], [ -78.4061818, 40.4725063 ], [ -78.4062265, 40.4723176 ], [ -78.4062848, 40.4720709 ], [ -78.4063731, 40.471698 ], [ -78.40654, 40.4709925 ], [ -78.4066971, 40.4703796 ], [ -78.4067153, 40.4703088 ], [ -78.4067779, 40.4700582 ], [ -78.4068433, 40.4697884 ], [ -78.4069238, 40.4694581 ], [ -78.406995, 40.4691602 ], [ -78.4072671, 40.4680218 ], [ -78.4072869, 40.4679386 ], [ -78.407363, 40.4676442 ], [ -78.4075602, 40.4667747 ], [ -78.4076086, 40.4665581 ], [ -78.4077211, 40.4660642 ], [ -78.4078535, 40.465564 ], [ -78.4079085, 40.4653761 ], [ -78.4080155, 40.4649961 ], [ -78.4080765, 40.4647811 ], [ -78.408466, 40.4634928 ], [ -78.4085119, 40.4633889 ], [ -78.4085727, 40.4632335 ], [ -78.4087842, 40.4626787 ], [ -78.409091, 40.4616913 ], [ -78.4091122, 40.4615365 ], [ -78.4091518, 40.461234 ], [ -78.4091548, 40.4612101 ], [ -78.4091602, 40.461167 ], [ -78.4092, 40.460894 ], [ -78.4092795, 40.4603128 ], [ -78.40929, 40.4601719 ], [ -78.4093263, 40.4596846 ], [ -78.4093958, 40.4590432 ], [ -78.4094183, 40.4588354 ], [ -78.4094248, 40.4587757 ], [ -78.4094295, 40.4587407 ], [ -78.4094413, 40.4586518 ], [ -78.4094531, 40.4585629 ], [ -78.4096943, 40.4567519 ], [ -78.4098798, 40.4554397 ], [ -78.410003, 40.4540014 ], [ -78.4099389, 40.4537343 ], [ -78.4096034, 40.4521208 ], [ -78.409406, 40.4512998 ], [ -78.4093405, 40.4510165 ], [ -78.4091994, 40.4504517 ], [ -78.40908, 40.4497746 ], [ -78.4090642, 40.4495228 ], [ -78.4090603, 40.4492719 ], [ -78.409098, 40.449 ], [ -78.4091362, 40.4487959 ], [ -78.4091917, 40.4486068 ], [ -78.4093371, 40.4482586 ], [ -78.4095741, 40.4477936 ], [ -78.4099644, 40.4470254 ], [ -78.4100618, 40.4468374 ], [ -78.4101848, 40.4465749 ], [ -78.4103125, 40.4463187 ], [ -78.4103753, 40.4461928 ], [ -78.4104434, 40.4460211 ], [ -78.4104622, 40.4459861 ], [ -78.4105879, 40.4457517 ], [ -78.4107017, 40.4455267 ], [ -78.4107775, 40.4453727 ], [ -78.410913, 40.4451147 ], [ -78.4109885, 40.444966 ], [ -78.4111245, 40.4446589 ], [ -78.411299, 40.4443547 ], [ -78.4114283, 40.4441091 ], [ -78.4115593, 40.4439188 ], [ -78.4118078, 40.4434076 ], [ -78.4118506, 40.4432809 ], [ -78.412028, 40.4429331 ], [ -78.4121028, 40.4427797 ], [ -78.4123974, 40.4421758 ], [ -78.4125276, 40.4418114 ], [ -78.4126106, 40.4413535 ], [ -78.4126177, 40.440947 ], [ -78.4125632, 40.4406186 ], [ -78.4121602, 40.4386701 ], [ -78.4121237, 40.4384444 ], [ -78.4121026, 40.4379922 ], [ -78.4121705, 40.4375914 ], [ -78.4122049, 40.4374262 ], [ -78.4122545, 40.4372737 ], [ -78.4123528, 40.4370406 ], [ -78.4124581, 40.4368504 ], [ -78.4125703, 40.4366766 ], [ -78.4128311, 40.4363654 ], [ -78.4130582, 40.4360943 ], [ -78.4132252, 40.4359024 ], [ -78.4138453, 40.4351901 ], [ -78.4141201, 40.4348587 ], [ -78.4143268, 40.4346286 ], [ -78.4145261, 40.4343984 ], [ -78.4149314, 40.4339141 ], [ -78.4154579, 40.4332849 ], [ -78.4157002, 40.4329915 ], [ -78.4162075, 40.4323842 ], [ -78.4166894, 40.4318024 ], [ -78.4169012, 40.4315371 ], [ -78.4169649, 40.4314574 ], [ -78.4172158, 40.4311041 ], [ -78.4173804, 40.4308243 ], [ -78.4175287, 40.4305076 ], [ -78.4176212, 40.4302362 ], [ -78.4176555, 40.4301001 ], [ -78.4176803, 40.4299623 ], [ -78.4176984, 40.4298245 ], [ -78.4177078, 40.4296872 ], [ -78.4177103, 40.4295097 ], [ -78.4177034, 40.4293312 ], [ -78.417683, 40.4291548 ], [ -78.4176535, 40.4289935 ], [ -78.417616, 40.4288327 ], [ -78.4175704, 40.4286867 ], [ -78.4175187, 40.4285413 ], [ -78.4174604, 40.4284014 ], [ -78.4173442, 40.4281609 ], [ -78.4178015, 40.4280243 ], [ -78.4180981, 40.4279358 ], [ -78.419222, 40.4276 ], [ -78.4198479, 40.427413 ], [ -78.4205958, 40.4271896 ], [ -78.421053, 40.4270531 ], [ -78.4218174, 40.4268247 ], [ -78.4226606, 40.4265728 ], [ -78.4232668, 40.4263917 ], [ -78.423381, 40.4263576 ], [ -78.4234795, 40.4263282 ], [ -78.4246375, 40.4259822 ], [ -78.4255956, 40.425696 ], [ -78.426513, 40.425422 ], [ -78.4271723, 40.425225 ], [ -78.4272261, 40.4252089 ], [ -78.4272887, 40.4251902 ], [ -78.4286345, 40.4247882 ], [ -78.429328, 40.424581 ], [ -78.4294707, 40.42454 ], [ -78.4297384, 40.4244632 ], [ -78.4298544, 40.4244299 ], [ -78.4299667, 40.4243977 ], [ -78.4306978, 40.4241876 ], [ -78.4322265, 40.4237598 ], [ -78.4329398, 40.4235602 ], [ -78.4342289, 40.423182 ], [ -78.4343306, 40.4231541 ], [ -78.4344378, 40.4231241 ], [ -78.4349624, 40.4229743 ], [ -78.4355443, 40.4228105 ], [ -78.4357788, 40.4227478 ], [ -78.4360165, 40.4226775 ], [ -78.4364944, 40.4225388 ], [ -78.4371973, 40.4223386 ], [ -78.4378837, 40.422144 ], [ -78.4381096, 40.4220526 ], [ -78.4383533, 40.4219789 ], [ -78.4389214, 40.4218071 ], [ -78.4393167, 40.4216925 ], [ -78.4394458, 40.4216031 ], [ -78.4394921, 40.4215648 ], [ -78.4395336, 40.4215224 ], [ -78.4395705, 40.4214755 ], [ -78.4395994, 40.4214244 ], [ -78.4396215, 40.4213683 ], [ -78.4396382, 40.4213111 ], [ -78.4396463, 40.4212442 ], [ -78.4396476, 40.4211758 ], [ -78.4396375, 40.4210352 ], [ -78.4395202, 40.4208004 ], [ -78.4394383, 40.4206365 ], [ -78.4390271, 40.4198134 ], [ -78.4389013, 40.4195545 ], [ -78.4388965, 40.4194301 ], [ -78.4387511, 40.4191149 ], [ -78.4386541, 40.4189006 ], [ -78.4385758, 40.4187009 ], [ -78.4385078, 40.4184864 ], [ -78.4384336, 40.4182242 ], [ -78.4383712, 40.4179627 ], [ -78.438299, 40.4175923 ], [ -78.4382233, 40.4174016 ], [ -78.4381576, 40.4172174 ], [ -78.4380504, 40.4165886 ], [ -78.437949, 40.4160785 ], [ -78.4376513, 40.4145873 ], [ -78.4374142, 40.4135846 ], [ -78.437324, 40.4129956 ], [ -78.4372343, 40.4124341 ], [ -78.4372222, 40.4123666 ], [ -78.4370539, 40.4114404 ], [ -78.4367911, 40.4100758 ], [ -78.4367065, 40.4096989 ], [ -78.4365986, 40.4093103 ], [ -78.4364785, 40.4089403 ], [ -78.4364024, 40.4086864 ], [ -78.4363558, 40.4084953 ], [ -78.4362513, 40.4079825 ], [ -78.4361452, 40.4074242 ], [ -78.4360256, 40.4066448 ], [ -78.4359873, 40.4062751 ], [ -78.4359799, 40.405849 ], [ -78.4360403, 40.4041997 ], [ -78.436036, 40.401651 ], [ -78.436036, 40.401173 ], [ -78.4360731, 40.4005517 ], [ -78.4360267, 40.3996364 ], [ -78.436057, 40.3990314 ], [ -78.4360367, 40.3980877 ], [ -78.435973, 40.3957105 ], [ -78.4359632, 40.3952771 ], [ -78.4359594, 40.3951076 ], [ -78.4359482, 40.3945029 ], [ -78.4359467, 40.3943731 ], [ -78.4359345, 40.3937206 ], [ -78.4359369, 40.3930617 ], [ -78.4359458, 40.3924006 ], [ -78.4359557, 40.3915873 ], [ -78.4359471, 40.391345 ], [ -78.435933, 40.3912041 ], [ -78.4359133, 40.3911055 ], [ -78.4358973, 40.3910414 ], [ -78.4358759, 40.3909788 ], [ -78.4355669, 40.3903636 ], [ -78.4354178, 40.390069 ], [ -78.4352975, 40.3898386 ], [ -78.4349922, 40.3892408 ], [ -78.434734, 40.388745 ], [ -78.434535, 40.388287 ], [ -78.4344072, 40.3878957 ], [ -78.4343361, 40.3876329 ], [ -78.4342296, 40.3872468 ], [ -78.4341452, 40.386871 ], [ -78.4341144, 40.3866945 ], [ -78.4340903, 40.3865399 ], [ -78.4340489, 40.3862237 ], [ -78.4340291, 40.3859998 ], [ -78.4340081, 40.3857539 ], [ -78.4340006, 40.385556 ], [ -78.4339974, 40.3853675 ], [ -78.4340025, 40.3850665 ], [ -78.4340148, 40.3847936 ], [ -78.4340849, 40.3841462 ], [ -78.4341652, 40.3835196 ], [ -78.4342659, 40.3826805 ], [ -78.4342998, 40.3823272 ], [ -78.434314, 40.3820514 ], [ -78.4343166, 40.3817814 ], [ -78.4343078, 40.3815107 ], [ -78.4342912, 40.3812629 ], [ -78.4342769, 40.3811122 ], [ -78.4342581, 40.3809499 ], [ -78.4342535, 40.3809143 ], [ -78.4341658, 40.3804093 ], [ -78.4340861, 40.3800851 ], [ -78.4340319, 40.3798904 ], [ -78.433937, 40.3795973 ], [ -78.4338867, 40.3794517 ], [ -78.4338294, 40.3792995 ], [ -78.4337201, 40.3790392 ], [ -78.4336031, 40.3787798 ], [ -78.4335525, 40.3786719 ], [ -78.4332165, 40.3779891 ], [ -78.432924, 40.3773925 ], [ -78.4327533, 40.377055 ], [ -78.4326245, 40.376797 ], [ -78.4325787, 40.3767035 ], [ -78.4324897, 40.3765286 ], [ -78.4323996, 40.3763512 ], [ -78.4320775, 40.3756915 ], [ -78.4317727, 40.3750791 ], [ -78.4315012, 40.3745262 ], [ -78.4313149, 40.3741392 ], [ -78.4311381, 40.3737486 ], [ -78.4308866, 40.3731018 ], [ -78.4307876, 40.3729497 ], [ -78.4306557, 40.3726267 ], [ -78.4303895, 40.3718569 ], [ -78.4302883, 40.371525 ], [ -78.4302341, 40.3713186 ], [ -78.4299986, 40.370294 ], [ -78.4298761, 40.3696211 ], [ -78.429796, 40.3690918 ], [ -78.4297139, 40.3683033 ], [ -78.4297051, 40.3681856 ], [ -78.4296979, 40.3680707 ], [ -78.4296738, 40.3677193 ], [ -78.4296821, 40.3675333 ], [ -78.4296961, 40.367171 ], [ -78.4297519, 40.3667524 ], [ -78.4298315, 40.3649359 ], [ -78.4298352, 40.3648544 ], [ -78.4298357, 40.3648216 ], [ -78.4298942, 40.3637642 ], [ -78.4300633, 40.3602616 ], [ -78.4301116, 40.3594297 ], [ -78.4301716, 40.3584755 ], [ -78.4302026, 40.3579824 ], [ -78.4302083, 40.3579121 ], [ -78.4302188, 40.3577449 ], [ -78.4302204, 40.3577112 ], [ -78.4302681, 40.3567294 ], [ -78.4303888, 40.354786 ], [ -78.4304678, 40.3532008 ], [ -78.4305514, 40.3515236 ], [ -78.4306818, 40.3502855 ], [ -78.4307689, 40.3496532 ], [ -78.4308739, 40.3490127 ], [ -78.4310451, 40.3481917 ], [ -78.4313519, 40.3469767 ], [ -78.4319152, 40.3452031 ], [ -78.4320753, 40.3447614 ], [ -78.4321733, 40.3444976 ], [ -78.4326689, 40.3433272 ], [ -78.4342633, 40.3397144 ], [ -78.4345564, 40.3390383 ], [ -78.4346988, 40.3387084 ], [ -78.4349926, 40.3379837 ], [ -78.4352535, 40.3372872 ], [ -78.4359907, 40.334831 ], [ -78.4365836, 40.3327878 ], [ -78.4382173, 40.3272321 ], [ -78.4382744, 40.3270543 ], [ -78.4383315, 40.3269003 ], [ -78.4384427, 40.3266652 ], [ -78.438587, 40.3263913 ], [ -78.4386676, 40.3262562 ], [ -78.4387483, 40.3261317 ], [ -78.4388402, 40.3260012 ], [ -78.438943, 40.3258647 ], [ -78.439186, 40.3255444 ], [ -78.4405643, 40.3237611 ], [ -78.4407701, 40.323495 ], [ -78.4417642, 40.3222466 ], [ -78.4421633, 40.3217443 ], [ -78.4440746, 40.3192301 ], [ -78.4448129, 40.3182911 ], [ -78.4453984, 40.3173213 ], [ -78.4457619, 40.3165037 ], [ -78.4464551, 40.3149447 ], [ -78.4475775, 40.3123744 ], [ -78.447823, 40.3118441 ], [ -78.4481369, 40.3111392 ], [ -78.4486545, 40.3099706 ], [ -78.449088, 40.3089691 ], [ -78.4496974, 40.307561 ], [ -78.4498402, 40.307161 ], [ -78.4500132, 40.3066767 ], [ -78.4505622, 40.3051395 ], [ -78.4510923, 40.3036553 ], [ -78.4514251, 40.3027157 ], [ -78.4517437, 40.3017575 ], [ -78.4523408, 40.3001204 ], [ -78.4527449, 40.29896 ], [ -78.454032, 40.2951859 ], [ -78.4543973, 40.2941874 ], [ -78.4544409, 40.2940594 ], [ -78.4551884, 40.2918562 ], [ -78.4560692, 40.289138 ], [ -78.4563563, 40.2880991 ], [ -78.4567176, 40.286781 ], [ -78.4569509, 40.2860073 ], [ -78.4575515, 40.2839133 ], [ -78.4575765, 40.2838237 ], [ -78.4576354, 40.2836105 ], [ -78.4576955, 40.2833932 ], [ -78.457988, 40.2823426 ], [ -78.4581831, 40.2816481 ], [ -78.4584704, 40.280664 ], [ -78.4587875, 40.279549 ], [ -78.4588602, 40.2792988 ], [ -78.4592561, 40.27789 ], [ -78.4595362, 40.2768341 ], [ -78.4595835, 40.2766689 ], [ -78.4596894, 40.2762821 ], [ -78.4598288, 40.2758014 ], [ -78.4599809, 40.2752101 ], [ -78.4600425, 40.2749202 ], [ -78.4601042, 40.2746181 ], [ -78.4601447, 40.2744041 ], [ -78.4601892, 40.2741567 ], [ -78.4602181, 40.2739854 ], [ -78.4602077, 40.2738625 ], [ -78.4602637, 40.2733324 ], [ -78.46027, 40.2732717 ], [ -78.460283, 40.2731206 ], [ -78.4603108, 40.2728488 ], [ -78.460336, 40.2724797 ], [ -78.4603489, 40.2723477 ], [ -78.4603563, 40.2722174 ], [ -78.4603524, 40.2721008 ], [ -78.4603648, 40.2713715 ], [ -78.4603521, 40.2708485 ], [ -78.4603524, 40.2701143 ], [ -78.4603682, 40.2697573 ], [ -78.4603635, 40.2695909 ], [ -78.4603305, 40.2682288 ], [ -78.4603164, 40.2677113 ], [ -78.4602779, 40.266434 ], [ -78.4602518, 40.2653254 ], [ -78.4601822, 40.2627143 ], [ -78.4601564, 40.2620445 ], [ -78.4601524, 40.2616407 ], [ -78.4600999, 40.2609789 ], [ -78.4600793, 40.2606121 ], [ -78.4600732, 40.2605455 ], [ -78.460066, 40.2604953 ], [ -78.4600557, 40.2604365 ], [ -78.4600413, 40.2603699 ], [ -78.4600239, 40.2602986 ], [ -78.4599239, 40.2600284 ], [ -78.4598719, 40.2598973 ], [ -78.4597949, 40.2597641 ], [ -78.4596973, 40.2596277 ], [ -78.4595576, 40.2594694 ], [ -78.4594416, 40.2593628 ], [ -78.4592495, 40.2592155 ], [ -78.4591602, 40.2591504 ], [ -78.4589568, 40.2590407 ], [ -78.4586703, 40.2589051 ], [ -78.4585296, 40.2588495 ], [ -78.4583488, 40.2587907 ], [ -78.4581732, 40.2587491 ], [ -78.4580417, 40.2587209 ], [ -78.4580102, 40.2587153 ], [ -78.4577696, 40.2586723 ], [ -78.4575219, 40.2586343 ], [ -78.455895, 40.2583824 ], [ -78.4557987, 40.2583675 ], [ -78.4556803, 40.2583494 ], [ -78.4556918, 40.2582721 ], [ -78.4558399, 40.2577773 ], [ -78.45597, 40.2574216 ], [ -78.4561022, 40.2570755 ], [ -78.4562853, 40.2566938 ], [ -78.4568248, 40.2557746 ], [ -78.4570312, 40.255344 ], [ -78.457285, 40.2547278 ], [ -78.4574773, 40.2542406 ], [ -78.457901, 40.2527922 ] ], [ [ -78.1872543, 40.7147681 ], [ -78.1873513, 40.714574 ], [ -78.1875533, 40.714043 ], [ -78.1877273, 40.7135075 ], [ -78.1879687, 40.7127921 ], [ -78.1880449, 40.7126109 ], [ -78.1881826, 40.7122286 ], [ -78.1883427, 40.711768 ], [ -78.1885042, 40.711334 ], [ -78.1885535, 40.7112014 ], [ -78.1885715, 40.7111095 ], [ -78.1885366, 40.7109549 ], [ -78.188526, 40.7108924 ], [ -78.188507, 40.710817 ], [ -78.1884689, 40.7107416 ], [ -78.1884181, 40.7106631 ], [ -78.1883679, 40.7105927 ], [ -78.1882021, 40.7106699 ], [ -78.1877548, 40.7108717 ], [ -78.1872952, 40.7111019 ], [ -78.1865536, 40.7115056 ], [ -78.1861318, 40.711729 ], [ -78.1858356, 40.7118866 ], [ -78.1854781, 40.7120669 ], [ -78.1850398, 40.7122846 ], [ -78.1841192, 40.7127398 ], [ -78.1829001, 40.7133475 ], [ -78.1821237, 40.7137922 ] ], [ [ -78.1859561, 40.7185971 ], [ -78.1858258, 40.7187415 ], [ -78.1856397, 40.7192882 ], [ -78.1856418, 40.7195271 ] ], [ [ -78.1853224, 40.7204874 ], [ -78.1852044, 40.7206034 ], [ -78.1851862, 40.7206892 ], [ -78.1851597, 40.7208445 ], [ -78.1851419, 40.7210263 ], [ -78.1851418, 40.7211878 ], [ -78.1851524, 40.7213884 ], [ -78.1851817, 40.7216043 ], [ -78.1852297, 40.7217915 ], [ -78.1853498, 40.7217248 ], [ -78.1858817, 40.7214147 ] ], [ [ -78.2071711, 40.7092202 ], [ -78.2073396, 40.7091684 ], [ -78.2075921, 40.7090245 ], [ -78.2081716, 40.7086909 ], [ -78.2088786, 40.708263 ] ], [ [ -78.3367174, 40.567234 ], [ -78.3368542, 40.5671054 ], [ -78.3375766, 40.5659929 ], [ -78.3376233, 40.5658427 ], [ -78.337759, 40.5657085 ], [ -78.3382555, 40.5649148 ], [ -78.3382795, 40.5647758 ] ], [ [ -78.3764084, 40.5158178 ], [ -78.3766281, 40.5156541 ], [ -78.3774276, 40.514839 ], [ -78.3777522, 40.5144898 ], [ -78.3783468, 40.5138503 ], [ -78.3784143, 40.513783 ], [ -78.3792274, 40.5129547 ], [ -78.3794562, 40.5127185 ], [ -78.3798075, 40.5123549 ], [ -78.3803307, 40.5118696 ], [ -78.3805072, 40.5116927 ], [ -78.3806127, 40.5116024 ], [ -78.3813131, 40.5110033 ], [ -78.3816354, 40.5107276 ], [ -78.3827174, 40.5097758 ], [ -78.3831628, 40.5093976 ], [ -78.3832836, 40.5092922 ], [ -78.3837934, 40.5088586 ], [ -78.3839413, 40.508731 ], [ -78.3847527, 40.5080431 ], [ -78.3856133, 40.5073062 ], [ -78.3863037, 40.5067162 ], [ -78.3868431, 40.5061866 ], [ -78.3877874, 40.5051774 ], [ -78.3886603, 40.5042586 ], [ -78.38951, 40.5033483 ], [ -78.3898052, 40.5030025 ], [ -78.3898651, 40.5029185 ], [ -78.390187, 40.5023966 ], [ -78.3905083, 40.5018412 ], [ -78.3909024, 40.5011576 ], [ -78.3914886, 40.5003485 ], [ -78.3915483, 40.5002661 ], [ -78.3916338, 40.5001465 ], [ -78.3917508, 40.4999828 ], [ -78.3918978, 40.499777 ], [ -78.3921066, 40.4994849 ], [ -78.3922729, 40.4992523 ], [ -78.3928254, 40.4984585 ], [ -78.3933673, 40.4977097 ], [ -78.3934385, 40.4976104 ], [ -78.3935232, 40.4974926 ], [ -78.3937842, 40.4971009 ], [ -78.3940932, 40.496661 ], [ -78.3941569, 40.4965186 ] ], [ [ -78.4378837, 40.422144 ], [ -78.4381243, 40.4221113 ], [ -78.4384995, 40.4220096 ], [ -78.4389529, 40.4218886 ], [ -78.4391008, 40.4218519 ], [ -78.4396311, 40.4217 ], [ -78.4398317, 40.4216404 ], [ -78.4399109, 40.4216289 ], [ -78.4400308, 40.4215915 ], [ -78.4399776, 40.4214927 ], [ -78.4397431, 40.4210233 ], [ -78.4396272, 40.4207914 ], [ -78.4395454, 40.4206275 ], [ -78.4391248, 40.4197855 ], [ -78.4389991, 40.4195269 ], [ -78.4388965, 40.4194301 ] ], [ [ -78.4308866, 40.3731018 ], [ -78.4308779, 40.3729288 ], [ -78.4307332, 40.3725086 ], [ -78.4305988, 40.3720535 ], [ -78.4304848, 40.3716788 ], [ -78.4304437, 40.3715405 ], [ -78.4304227, 40.3714575 ], [ -78.4303774, 40.3712695 ], [ -78.4302718, 40.3708753 ], [ -78.430185, 40.3705044 ], [ -78.4300278, 40.3695977 ], [ -78.4299435, 40.3690393 ], [ -78.4298821, 40.3684644 ], [ -78.4298761, 40.3683358 ], [ -78.4298668, 40.3682148 ], [ -78.4298372, 40.3677128 ], [ -78.4298239, 40.3671773 ], [ -78.4297519, 40.3667524 ] ], [ [ -78.4602181, 40.2739854 ], [ -78.4602678, 40.2738701 ], [ -78.4602908, 40.2737317 ], [ -78.4603453, 40.2733679 ], [ -78.4603556, 40.2732873 ], [ -78.4603615, 40.2732243 ], [ -78.4603649, 40.273163 ], [ -78.4603816, 40.2728547 ], [ -78.460402, 40.2726907 ], [ -78.4604343, 40.2723549 ], [ -78.4604429, 40.2722207 ], [ -78.460447, 40.2721107 ], [ -78.4604558, 40.2718797 ], [ -78.460458, 40.2718227 ], [ -78.460459, 40.2715226 ], [ -78.460456, 40.2713406 ], [ -78.460457, 40.2711398 ], [ -78.460449, 40.2709313 ], [ -78.4604282, 40.2705258 ], [ -78.4604053, 40.2701059 ], [ -78.4603682, 40.2697573 ] ], [ [ -78.4601524, 40.2616407 ], [ -78.4601634, 40.2606362 ], [ -78.4601558, 40.2605158 ], [ -78.4601426, 40.2604002 ], [ -78.4601226, 40.2603018 ], [ -78.460097, 40.2602051 ], [ -78.460026, 40.2600007 ], [ -78.4599862, 40.2599289 ], [ -78.459893, 40.2597604 ], [ -78.4597165, 40.259525 ], [ -78.459592, 40.2593852 ], [ -78.4594416, 40.2592446 ], [ -78.4590694, 40.258873 ], [ -78.4586823, 40.2585035 ], [ -78.4585775, 40.2583818 ], [ -78.4584883, 40.2582624 ], [ -78.4583658, 40.2580568 ], [ -78.4582616, 40.2578237 ], [ -78.4582107, 40.2576524 ], [ -78.4581622, 40.2573212 ], [ -78.4581861, 40.2566192 ], [ -78.4582353, 40.2553657 ], [ -78.4582619, 40.2551046 ], [ -78.4582931, 40.2548399 ], [ -78.4584847, 40.2540939 ], [ -78.4587184, 40.2530067 ] ] ] }, "id": "relation/1019461" }, { "type": "Feature", "properties": { "@id": "relation/1019465", "description": "US 220 Business (Bedford, PA)", "is_in:state": "PA", "modifier": "Business", "network": "US:US:Business", "ref":"US 220 BUS", "route": "road", "type": "route" }, "geometry": { "type": "MultiLineString", "coordinates": [ [ [ -78.562754, 39.95878 ], [ -78.5626094, 39.9588888 ], [ -78.5625041, 39.9589641 ], [ -78.562377, 39.959045 ], [ -78.562193, 39.959172 ], [ -78.562005, 39.959288 ], [ -78.5618795, 39.959367 ], [ -78.5617455, 39.9594498 ], [ -78.560596, 39.96015 ], [ -78.560386, 39.960267 ], [ -78.560186, 39.960371 ], [ -78.559905, 39.960493 ], [ -78.559868, 39.960505 ], [ -78.559582, 39.960596 ], [ -78.559378, 39.960653 ], [ -78.558525, 39.960858 ], [ -78.558376, 39.960897 ], [ -78.558172, 39.960943 ], [ -78.558019, 39.960971 ], [ -78.557608, 39.961015 ], [ -78.557444, 39.961024 ], [ -78.55714, 39.961026 ], [ -78.556864, 39.961011 ], [ -78.556528, 39.960972 ], [ -78.556398, 39.960943 ], [ -78.556364, 39.960936 ], [ -78.556206, 39.960907 ], [ -78.556059, 39.960874 ], [ -78.553975, 39.96035 ], [ -78.553606, 39.96026 ], [ -78.553442, 39.960236 ], [ -78.553289, 39.960224 ], [ -78.553149, 39.96022 ], [ -78.552923, 39.960243 ], [ -78.552806, 39.960271 ], [ -78.552661, 39.960316 ], [ -78.552553, 39.960359 ], [ -78.55243, 39.96042 ], [ -78.552322, 39.960488 ], [ -78.552222, 39.960572 ], [ -78.552103, 39.960692 ], [ -78.552002, 39.960791 ], [ -78.551929, 39.960869 ], [ -78.551508, 39.961322 ], [ -78.55146, 39.961373 ], [ -78.550772, 39.962146 ], [ -78.550619, 39.96234 ], [ -78.549272, 39.964034 ], [ -78.549009, 39.964375 ], [ -78.548707, 39.964719 ], [ -78.548246, 39.965217 ], [ -78.547377, 39.966138 ], [ -78.547067, 39.966478 ], [ -78.546957, 39.966614 ], [ -78.546278, 39.967524 ], [ -78.546047, 39.967848 ], [ -78.545569, 39.968498 ], [ -78.545412, 39.96873 ], [ -78.545218, 39.969077 ], [ -78.545049, 39.969418 ], [ -78.544776, 39.969993 ], [ -78.544536, 39.970468 ], [ -78.544406, 39.970701 ], [ -78.544228, 39.970975 ], [ -78.544118, 39.971125 ], [ -78.543935, 39.971397 ], [ -78.543549, 39.971852 ], [ -78.543446, 39.971968 ], [ -78.543219, 39.972201 ], [ -78.542901, 39.972507 ], [ -78.54262, 39.972768 ], [ -78.542515, 39.972877 ], [ -78.542226, 39.973223 ], [ -78.541759, 39.973811 ], [ -78.540626, 39.975201 ], [ -78.540456, 39.975392 ], [ -78.540263, 39.975586 ], [ -78.539969, 39.975851 ], [ -78.53956, 39.976181 ], [ -78.539302, 39.976399 ], [ -78.539129, 39.976538 ], [ -78.53902, 39.976633 ], [ -78.538834, 39.976821 ], [ -78.538711, 39.97697 ], [ -78.538578, 39.977129 ], [ -78.538487, 39.977249 ], [ -78.537946, 39.977924 ], [ -78.53779, 39.978129 ], [ -78.537514, 39.978463 ], [ -78.537085, 39.978999 ], [ -78.536845, 39.979285 ], [ -78.536636, 39.979494 ], [ -78.536456, 39.979665 ], [ -78.536127, 39.979927 ], [ -78.535975, 39.980054 ], [ -78.535695, 39.980275 ], [ -78.534731, 39.981078 ], [ -78.53419, 39.981569 ], [ -78.532407, 39.983162 ], [ -78.532257, 39.983291 ], [ -78.531687, 39.983769 ], [ -78.531236, 39.984104 ], [ -78.529751, 39.985171 ], [ -78.529511, 39.985342 ], [ -78.529382, 39.985407 ], [ -78.529229, 39.985495 ], [ -78.529175, 39.985522 ], [ -78.528822, 39.985699 ], [ -78.528505, 39.985807 ], [ -78.528459, 39.985826 ], [ -78.528157, 39.985905 ], [ -78.528043, 39.98594 ], [ -78.527515, 39.986029 ], [ -78.526838, 39.986096 ], [ -78.526781, 39.986114 ], [ -78.526428, 39.986201 ], [ -78.52606, 39.986341 ], [ -78.525957, 39.986392 ], [ -78.525487, 39.986708 ], [ -78.52544, 39.986749 ], [ -78.525411, 39.986782 ], [ -78.525073, 39.987061 ], [ -78.524976, 39.987177 ], [ -78.524635, 39.987503 ], [ -78.52446, 39.9876479 ], [ -78.5242016, 39.9878276 ], [ -78.523932, 39.9879877 ], [ -78.5236049, 39.9881561 ], [ -78.5229416, 39.9884958 ], [ -78.5218279, 39.9890653 ], [ -78.5213855, 39.9892914 ], [ -78.5210387, 39.9894931 ], [ -78.520914, 39.989568 ], [ -78.520637, 39.989752 ], [ -78.520413, 39.98993 ], [ -78.520088, 39.99024 ], [ -78.519844, 39.990525 ], [ -78.519487, 39.990998 ], [ -78.519248, 39.991264 ], [ -78.518912, 39.991539 ], [ -78.518397, 39.991901 ], [ -78.517744, 39.992328 ], [ -78.516732, 39.992999 ], [ -78.516236, 39.9933395 ], [ -78.5157818, 39.9936697 ], [ -78.5154182, 39.9939715 ], [ -78.5150474, 39.994284 ], [ -78.5147308, 39.9945366 ], [ -78.5145474, 39.9946723 ], [ -78.514368, 39.994785 ], [ -78.514051, 39.994957 ], [ -78.513654, 39.995151 ], [ -78.513223, 39.995316 ], [ -78.512964, 39.9954 ], [ -78.5128478, 39.9954335 ], [ -78.512558, 39.9955336 ], [ -78.5123817, 39.9956124 ], [ -78.5122351, 39.9957017 ], [ -78.51208, 39.9958432 ], [ -78.5119499, 39.9959824 ], [ -78.511877, 39.9960836 ], [ -78.5118084, 39.9961983 ], [ -78.5117154, 39.9963721 ], [ -78.5115873, 39.9966013 ], [ -78.5111741, 39.9974022 ], [ -78.5109356, 39.997761 ], [ -78.5107468, 39.997926 ], [ -78.5105154, 39.9980807 ], [ -78.5101431, 39.9982253 ], [ -78.5098436, 39.9982884 ], [ -78.5095295, 39.998306 ], [ -78.5092858, 39.9982855 ], [ -78.5089408, 39.9982136 ], [ -78.5086005, 39.9981289 ], [ -78.5083031, 39.998054 ], [ -78.5080015, 39.9979698 ], [ -78.5076883, 39.997895 ], [ -78.5074368, 39.9978488 ], [ -78.5071089, 39.9978183 ], [ -78.5068213, 39.9978235 ], [ -78.5065065, 39.9978519 ], [ -78.5062726, 39.9978972 ], [ -78.5060319, 39.9979625 ], [ -78.5057982, 39.998034 ], [ -78.5055502, 39.9981521 ], [ -78.5053185, 39.9982819 ], [ -78.5050985, 39.9984436 ], [ -78.5049464, 39.9985608 ], [ -78.5047886, 39.9986924 ], [ -78.5044788, 39.9989445 ], [ -78.5042042, 39.9991575 ], [ -78.5038178, 39.9994629 ], [ -78.5034747, 39.9997309 ], [ -78.5031375, 39.9999943 ], [ -78.5025168, 40.0004782 ], [ -78.5024002, 40.000589 ], [ -78.5022198, 40.0008123 ], [ -78.5020477, 40.0010456 ], [ -78.5015566, 40.0017359 ], [ -78.501132, 40.002347 ], [ -78.500931, 40.002594 ], [ -78.500898, 40.002648 ], [ -78.50088, 40.002689 ], [ -78.500728, 40.002914 ], [ -78.500642, 40.003118 ], [ -78.500617, 40.003255 ], [ -78.500614, 40.003428 ], [ -78.50063, 40.003754 ], [ -78.500642, 40.003991 ], [ -78.5007209, 40.0049102 ], [ -78.500788, 40.005608 ], [ -78.500823, 40.006076 ], [ -78.5008796, 40.0064047 ], [ -78.500902, 40.006535 ], [ -78.50096, 40.006774 ], [ -78.5010036, 40.0069158 ], [ -78.501043, 40.007044 ], [ -78.501384, 40.008006 ], [ -78.501507, 40.008435 ], [ -78.501519, 40.008521 ], [ -78.501552, 40.008743 ], [ -78.501558, 40.009034 ], [ -78.501539, 40.009278 ], [ -78.501523, 40.009375 ], [ -78.501508, 40.009467 ], [ -78.501462, 40.009656 ], [ -78.501254, 40.010287 ], [ -78.501183, 40.010561 ], [ -78.5011723, 40.0107157 ], [ -78.501171, 40.010933 ], [ -78.501261, 40.012101 ], [ -78.5013286, 40.0128809 ], [ -78.5013911, 40.0136527 ], [ -78.5014491, 40.0144264 ], [ -78.501507, 40.0151922 ], [ -78.5015685, 40.0159689 ], [ -78.5016335, 40.0167362 ], [ -78.5016696, 40.0171801 ], [ -78.501698, 40.0175292 ], [ -78.501724, 40.0178483 ], [ -78.5017446, 40.0181011 ], [ -78.5017634, 40.0183319 ], [ -78.5017918, 40.018727 ], [ -78.5018198, 40.0191172 ], [ -78.5018444, 40.019471 ], [ -78.5018802, 40.0199856 ], [ -78.5018906, 40.0201344 ], [ -78.501898, 40.0202411 ], [ -78.5019333, 40.0207348 ], [ -78.5019357, 40.0207679 ], [ -78.5019605, 40.0211391 ], [ -78.502025, 40.0215054 ], [ -78.502105, 40.021915 ], [ -78.502207, 40.022522 ], [ -78.502301, 40.023634 ], [ -78.502355, 40.024397 ], [ -78.502366, 40.024476 ], [ -78.502452, 40.024994 ], [ -78.502467, 40.025072 ], [ -78.5026, 40.025596 ], [ -78.502655, 40.025803 ], [ -78.5030377, 40.0267009 ], [ -78.503466, 40.027597 ], [ -78.503563, 40.027799 ], [ -78.504188, 40.029182 ], [ -78.504485, 40.029972 ], [ -78.504616, 40.030407 ], [ -78.50498, 40.031764 ], [ -78.5052631, 40.0328789 ], [ -78.505284, 40.032961 ], [ -78.505616, 40.034566 ], [ -78.505739, 40.035346 ], [ -78.505817, 40.035985 ], [ -78.505889, 40.036709 ], [ -78.505958, 40.037708 ], [ -78.5059796, 40.038267 ], [ -78.5059992, 40.0385931 ], [ -78.5060339, 40.039123 ], [ -78.506127, 40.039763 ], [ -78.50624, 40.040434 ], [ -78.5062768, 40.0406084 ], [ -78.506286, 40.0406518 ], [ -78.5062947, 40.04069 ], [ -78.506635, 40.042176 ], [ -78.506855, 40.0430979 ], [ -78.5068922, 40.0432538 ], [ -78.506992, 40.043672 ], [ -78.507081, 40.043979 ], [ -78.507231, 40.044406 ], [ -78.507395, 40.04479 ], [ -78.507562, 40.045143 ], [ -78.507706, 40.04541 ], [ -78.507888, 40.045716 ], [ -78.508054, 40.045969 ], [ -78.508221, 40.046211 ], [ -78.508384, 40.046435 ], [ -78.508571, 40.046672 ], [ -78.5089229, 40.0471067 ], [ -78.509157, 40.0473477 ], [ -78.5092392, 40.0474293 ], [ -78.510106, 40.048216 ], [ -78.5102868, 40.0483856 ], [ -78.510622, 40.0487 ], [ -78.51083, 40.048906 ], [ -78.5109181, 40.049011 ], [ -78.511008, 40.049118 ], [ -78.511108, 40.049283 ], [ -78.51113, 40.049345 ], [ -78.51126, 40.049707 ], [ -78.511282, 40.049823 ], [ -78.511296, 40.049972 ], [ -78.511285, 40.050171 ], [ -78.511268, 40.050327 ], [ -78.511172, 40.0508134 ], [ -78.511142, 40.0509653 ], [ -78.5111015, 40.0511706 ], [ -78.5110811, 40.0512737 ], [ -78.5110681, 40.0513398 ], [ -78.511033, 40.0515174 ], [ -78.5110244, 40.051561 ], [ -78.5109564, 40.0518636 ], [ -78.5109257, 40.052065 ], [ -78.5108964, 40.0522171 ], [ -78.5108843, 40.0522935 ], [ -78.5108653, 40.0524113 ], [ -78.5108113, 40.0527449 ], [ -78.5107957, 40.0528818 ], [ -78.5107791, 40.0530283 ], [ -78.5107775, 40.0531824 ], [ -78.5107765, 40.0532767 ], [ -78.5107867, 40.0534286 ], [ -78.5107926, 40.0535169 ], [ -78.5108199, 40.0537536 ], [ -78.5108321, 40.0538597 ], [ -78.5108643, 40.0541384 ], [ -78.5109112, 40.0545445 ], [ -78.5109683, 40.0550394 ], [ -78.5109937, 40.0552597 ], [ -78.5110108, 40.0554078 ], [ -78.5110455, 40.0557081 ], [ -78.5110885, 40.0560802 ], [ -78.5110981, 40.0561537 ], [ -78.5111043, 40.0562084 ], [ -78.5111099, 40.0562659 ], [ -78.5111393, 40.0565208 ], [ -78.5111683, 40.0567716 ], [ -78.5111722, 40.0568052 ], [ -78.5112031, 40.0570726 ], [ -78.5112266, 40.0572766 ], [ -78.5112531, 40.0575059 ], [ -78.5112995, 40.0579083 ], [ -78.5113159, 40.0581474 ], [ -78.511321, 40.0582224 ], [ -78.511329, 40.0585345 ], [ -78.511329, 40.0588855 ], [ -78.5113193, 40.059063 ], [ -78.5113095, 40.0592411 ], [ -78.5112833, 40.0597179 ], [ -78.511253, 40.060269 ], [ -78.511214, 40.061424 ], [ -78.511179, 40.062216 ], [ -78.5111675, 40.062676 ], [ -78.511166, 40.062737 ], [ -78.511178, 40.062984 ], [ -78.511223, 40.063296 ], [ -78.5112422, 40.0633862 ], [ -78.511268, 40.063507 ], [ -78.5112934, 40.0635839 ], [ -78.511349, 40.063752 ], [ -78.511436, 40.063962 ], [ -78.511488, 40.064068 ], [ -78.5115542, 40.0642049 ], [ -78.5117292, 40.0644928 ], [ -78.5117798, 40.0645647 ], [ -78.511849, 40.064663 ], [ -78.51198, 40.06483 ], [ -78.512008, 40.06486 ], [ -78.512133, 40.064994 ], [ -78.512361, 40.065221 ], [ -78.513393, 40.066166 ], [ -78.513664, 40.066434 ], [ -78.513736, 40.066513 ], [ -78.513887, 40.066678 ], [ -78.5141009, 40.0669151 ], [ -78.514613, 40.067498 ], [ -78.515066, 40.06801 ], [ -78.51541, 40.068405 ], [ -78.515552, 40.068579 ], [ -78.515806, 40.068988 ], [ -78.5160461, 40.0694621 ], [ -78.5165133, 40.0703652 ], [ -78.517069, 40.07144 ], [ -78.5172289, 40.0717489 ], [ -78.517332, 40.071948 ], [ -78.517644, 40.072558 ], [ -78.517958, 40.073171 ], [ -78.518068, 40.073423 ], [ -78.518143, 40.073656 ], [ -78.5181801, 40.073791 ], [ -78.51821, 40.0739 ], [ -78.518341, 40.074434 ], [ -78.518392, 40.0746577 ], [ -78.518426, 40.074807 ], [ -78.518492, 40.075096 ], [ -78.5186716, 40.0758409 ], [ -78.518757, 40.076195 ], [ -78.518951, 40.076825 ], [ -78.519172, 40.077368 ], [ -78.519839, 40.078722 ], [ -78.520036, 40.079174 ], [ -78.520152, 40.079498 ], [ -78.520406, 40.079981 ], [ -78.520689, 40.080474 ], [ -78.520846, 40.080763 ], [ -78.521112, 40.081292 ], [ -78.521234, 40.08155 ], [ -78.521316, 40.08171 ], [ -78.521378, 40.081832 ], [ -78.5214742, 40.0821214 ], [ -78.521519, 40.08227 ], [ -78.521555, 40.082409 ], [ -78.521967, 40.084182 ], [ -78.522056, 40.084385 ], [ -78.522158, 40.084594 ], [ -78.522286, 40.084768 ], [ -78.522492, 40.084961 ], [ -78.523901, 40.086154 ], [ -78.5241762, 40.0863809 ], [ -78.524254, 40.086445 ], [ -78.524428, 40.086586 ], [ -78.524474, 40.086625 ], [ -78.5257468, 40.0876529 ], [ -78.5261834, 40.0878887 ], [ -78.526537, 40.0880796 ], [ -78.5269574, 40.0881974 ], [ -78.5272509, 40.0882966 ], [ -78.5274859, 40.0883515 ], [ -78.5277019, 40.0884162 ], [ -78.5277675, 40.0884358 ], [ -78.5275685, 40.0889287 ], [ -78.526629, 40.091193 ], [ -78.526243, 40.092125 ], [ -78.525832, 40.093105 ], [ -78.5257, 40.09343 ], [ -78.525685, 40.093466 ], [ -78.52566, 40.093589 ], [ -78.525665, 40.093678 ], [ -78.525682, 40.09378 ], [ -78.525714, 40.093862 ], [ -78.525797, 40.094 ], [ -78.525861, 40.094068 ], [ -78.525936, 40.094126 ], [ -78.527632, 40.095065 ], [ -78.528237, 40.095398 ], [ -78.5286438, 40.0956211 ], [ -78.528899, 40.095761 ], [ -78.5299405, 40.0963182 ], [ -78.52997, 40.096484 ], [ -78.529797, 40.097076 ], [ -78.52974, 40.097272 ], [ -78.529466, 40.098304 ], [ -78.529321, 40.0989 ], [ -78.529239, 40.09932 ], [ -78.529213, 40.099471 ], [ -78.529168, 40.099714 ], [ -78.529147, 40.099825 ], [ -78.529037, 40.100467 ], [ -78.528907, 40.101183 ] ], [ [ -78.5618795, 39.959367 ], [ -78.5619307, 39.9593459 ], [ -78.561988, 39.959336 ], [ -78.56208, 39.959336 ], [ -78.562133, 39.959345 ], [ -78.5622811, 39.9594066 ] ], [ [ -78.5272509, 40.0882966 ], [ -78.5274561, 40.0884925 ], [ -78.5275202, 40.0885971 ], [ -78.5275507, 40.0887168 ], [ -78.5275685, 40.0889287 ] ], [ [ -78.525685, 40.093466 ], [ -78.52558, 40.093728 ], [ -78.5254607, 40.0940171 ], [ -78.525683, 40.094137 ], [ -78.525803, 40.094189 ], [ -78.525936, 40.09426 ], [ -78.526143, 40.094375 ], [ -78.527766, 40.095278 ], [ -78.527865, 40.095351 ], [ -78.527894, 40.095378 ], [ -78.527959, 40.095469 ], [ -78.52802, 40.095636 ], [ -78.528068, 40.095806 ], [ -78.5281, 40.095953 ], [ -78.528172, 40.096183 ], [ -78.528563, 40.097462 ], [ -78.528638, 40.097816 ], [ -78.528667, 40.0983 ], [ -78.52862, 40.099325 ], [ -78.528583, 40.099938 ], [ -78.528568, 40.100353 ] ] ] }, "id": "relation/1019465" }, { "type": "Feature", "properties": { "@id": "relation/1927822", "description": "US 220 Business (Asheboro-Randleman, NC)", "is_in:state": "NC", "modifier": "Business", "network": "US:US:Business", "ref":"US 220 BUS", "route": "road", "type": "route" }, "geometry": { "type": "MultiLineString", "coordinates": [ [ [ -79.8221225, 35.8870551 ], [ -79.8221547, 35.8869672 ], [ -79.8220303, 35.8862942 ], [ -79.821909, 35.8856037 ], [ -79.8218812, 35.8854131 ], [ -79.8218658, 35.8851559 ], [ -79.8218577, 35.8848859 ], [ -79.8218905, 35.8845321 ], [ -79.8219387, 35.8841733 ], [ -79.8220846, 35.8832688 ], [ -79.8221342, 35.8829467 ], [ -79.8221473, 35.8827912 ], [ -79.8221442, 35.8826764 ], [ -79.8221319, 35.8825765 ], [ -79.8221095, 35.8824798 ], [ -79.8220676, 35.8823147 ], [ -79.8219727, 35.8821662 ], [ -79.8219115, 35.8820862 ], [ -79.8211711, 35.8825233 ], [ -79.8204526, 35.8829434 ], [ -79.8196645, 35.8833917 ], [ -79.8194404, 35.8835111 ], [ -79.8190564, 35.8837448 ], [ -79.8185414, 35.8840517 ], [ -79.8184246, 35.8841133 ], [ -79.8183757, 35.8841684 ], [ -79.8182782, 35.8842261 ], [ -79.815029, 35.886094 ], [ -79.8134729, 35.8869833 ], [ -79.8129113, 35.8873043 ], [ -79.8127363, 35.8874043 ], [ -79.8125799, 35.8874937 ], [ -79.81168, 35.888008 ], [ -79.8107618, 35.8884131 ], [ -79.809964, 35.88869 ], [ -79.809774, 35.8887275 ], [ -79.8095262, 35.8887764 ], [ -79.809128, 35.888855 ], [ -79.8086681, 35.8888903 ], [ -79.808424, 35.888909 ], [ -79.807727, 35.88894 ], [ -79.8073667, 35.8875003 ], [ -79.80727, 35.887114 ], [ -79.8071618, 35.8867434 ], [ -79.8070614, 35.8864791 ], [ -79.806921, 35.886278 ], [ -79.8066671, 35.8860489 ], [ -79.8066063, 35.885994 ], [ -79.806377, 35.885787 ], [ -79.8053841, 35.8848606 ], [ -79.8050449, 35.884577 ], [ -79.804955, 35.8845024 ], [ -79.803048, 35.8829333 ], [ -79.8011473, 35.8813539 ], [ -79.8007511, 35.8810246 ], [ -79.8006662, 35.880954 ], [ -79.8003642, 35.8807031 ], [ -79.8002631, 35.880619 ], [ -79.7999235, 35.8803368 ], [ -79.7990368, 35.8796 ], [ -79.7984794, 35.8791368 ], [ -79.7981923, 35.8789192 ], [ -79.7980229, 35.8788501 ], [ -79.797993, 35.8788999 ], [ -79.7979445, 35.8789389 ], [ -79.7978827, 35.8789627 ], [ -79.7978147, 35.8789685 ], [ -79.7977481, 35.8789558 ], [ -79.7976905, 35.8789259 ], [ -79.7976478, 35.8788815 ], [ -79.7976261, 35.8788279 ], [ -79.7976279, 35.8787715 ], [ -79.797653, 35.878719 ], [ -79.7976985, 35.8786763 ], [ -79.797759, 35.8786486 ], [ -79.7976911, 35.8785106 ], [ -79.7972907, 35.8781695 ], [ -79.7971295, 35.8780296 ], [ -79.7970056, 35.8779261 ], [ -79.7961088, 35.8771627 ], [ -79.7958429, 35.8768967 ], [ -79.7956245, 35.8766004 ], [ -79.7954734, 35.8763248 ], [ -79.7953471, 35.8759692 ], [ -79.7953386, 35.8759452 ], [ -79.795265, 35.8754595 ], [ -79.7952378, 35.8750461 ], [ -79.7951629, 35.8739078 ], [ -79.7951391, 35.8735462 ], [ -79.7949955, 35.8710248 ], [ -79.794974, 35.8706483 ], [ -79.794949, 35.8702107 ], [ -79.794829, 35.868108 ], [ -79.7948111, 35.867788 ], [ -79.7947779, 35.8671962 ], [ -79.7946927, 35.8664774 ], [ -79.7946822, 35.8661813 ], [ -79.7946703, 35.865999 ], [ -79.7946913, 35.8656529 ], [ -79.794665, 35.865186 ], [ -79.7946638, 35.8651256 ], [ -79.794658, 35.864836 ], [ -79.794639, 35.863772 ], [ -79.7947206, 35.8627584 ], [ -79.7947489, 35.8624071 ], [ -79.794786, 35.861947 ], [ -79.794998, 35.86015 ], [ -79.795116, 35.8596776 ], [ -79.79524, 35.859181 ], [ -79.795591, 35.85835 ], [ -79.7964652, 35.856654 ], [ -79.796977, 35.855661 ], [ -79.797183, 35.85495 ], [ -79.7973708, 35.8543256 ], [ -79.7974929, 35.8533879 ], [ -79.79752, 35.85318 ], [ -79.797475, 35.851789 ], [ -79.797455, 35.851154 ], [ -79.7974522, 35.851064 ], [ -79.7974309, 35.8503892 ], [ -79.797404, 35.849534 ], [ -79.7974016, 35.849422 ], [ -79.797399, 35.8493005 ], [ -79.797376, 35.848243 ], [ -79.7973334, 35.8468209 ], [ -79.797308, 35.845973 ], [ -79.797303, 35.8458074 ], [ -79.797296, 35.8455746 ], [ -79.79728, 35.8450445 ], [ -79.797274, 35.844845 ], [ -79.7972457, 35.8439009 ], [ -79.7972394, 35.843692 ], [ -79.797228, 35.843314 ], [ -79.7972703, 35.842934 ], [ -79.7973034, 35.8426368 ], [ -79.7974748, 35.841096 ], [ -79.797525, 35.840645 ], [ -79.79756, 35.840383 ], [ -79.797744, 35.838989 ], [ -79.7978551, 35.8386296 ], [ -79.7978895, 35.8385183 ], [ -79.7982447, 35.8373692 ], [ -79.7984554, 35.8366758 ], [ -79.7985417, 35.8363918 ], [ -79.7988698, 35.8353761 ], [ -79.7989956, 35.8349801 ], [ -79.7991627, 35.8345579 ], [ -79.7992735, 35.8342813 ], [ -79.7993375, 35.8341485 ], [ -79.799442, 35.833955 ], [ -79.7995624, 35.833737 ], [ -79.7996976, 35.8335126 ], [ -79.7999541, 35.8331036 ], [ -79.8002262, 35.8326838 ], [ -79.800368, 35.832454 ], [ -79.800527, 35.8321931 ], [ -79.8007285, 35.8318771 ], [ -79.801215, 35.831108 ], [ -79.801314, 35.830951 ], [ -79.8014203, 35.8307322 ], [ -79.801825, 35.829899 ], [ -79.8019839, 35.8295139 ], [ -79.8020809, 35.8292789 ], [ -79.8022605, 35.8289003 ], [ -79.8023116, 35.8287683 ], [ -79.8023574, 35.8286276 ], [ -79.8023887, 35.8284969 ], [ -79.8024183, 35.8283048 ], [ -79.8024318, 35.828091 ], [ -79.8024266, 35.8279113 ], [ -79.8024105, 35.8277746 ], [ -79.8023826, 35.8275379 ], [ -79.8023386, 35.8272461 ], [ -79.8023341, 35.827216 ], [ -79.802087, 35.825551 ], [ -79.8021057, 35.8252743 ], [ -79.802133, 35.824871 ], [ -79.802258, 35.8244549 ], [ -79.8025421, 35.8239107 ], [ -79.8030721, 35.8228905 ], [ -79.8032448, 35.8225203 ], [ -79.8033068, 35.8222258 ], [ -79.8033489, 35.8218718 ], [ -79.803268, 35.8212466 ], [ -79.8032356, 35.8209958 ], [ -79.803209, 35.820903 ], [ -79.8030224, 35.8204276 ], [ -79.802999, 35.820368 ], [ -79.8029734, 35.8203028 ], [ -79.802784, 35.819821 ], [ -79.8027404, 35.8195767 ], [ -79.8027395, 35.8193243 ], [ -79.8028503, 35.8186818 ], [ -79.8029155, 35.8184655 ], [ -79.803103, 35.817844 ], [ -79.8031851, 35.8175133 ], [ -79.8032807, 35.8171287 ], [ -79.803295, 35.817071 ], [ -79.803347, 35.816456 ], [ -79.8033646, 35.8161248 ], [ -79.8033814, 35.8158096 ], [ -79.8033828, 35.8157837 ], [ -79.8034114, 35.8152449 ], [ -79.803431, 35.814876 ], [ -79.803457, 35.81439 ], [ -79.8034676, 35.8141878 ], [ -79.8034857, 35.8138439 ], [ -79.803502, 35.813533 ], [ -79.8035585, 35.8124794 ], [ -79.8035667, 35.8123272 ], [ -79.803571, 35.812247 ], [ -79.8035731, 35.8121991 ], [ -79.80359, 35.811817 ], [ -79.803625, 35.811045 ], [ -79.803656, 35.810361 ], [ -79.8036819, 35.8100953 ], [ -79.803752, 35.809376 ], [ -79.803784, 35.809052 ], [ -79.8038626, 35.8087793 ], [ -79.80395, 35.808476 ], [ -79.80406, 35.808094 ], [ -79.804246, 35.807772 ], [ -79.8044804, 35.8073664 ], [ -79.8045452, 35.8072542 ], [ -79.805066, 35.806353 ], [ -79.8053002, 35.8058997 ], [ -79.8054141, 35.8056795 ], [ -79.8054352, 35.8056429 ], [ -79.805528, 35.805459 ], [ -79.8055637, 35.8053852 ], [ -79.805738, 35.805054 ], [ -79.8059118, 35.8047169 ], [ -79.806004, 35.804538 ], [ -79.806465, 35.803646 ], [ -79.8066863, 35.8033895 ], [ -79.8068552, 35.8031973 ], [ -79.8069012, 35.8031402 ], [ -79.8070351, 35.802985 ], [ -79.8075731, 35.8023613 ], [ -79.8077427, 35.8021776 ], [ -79.8077805, 35.8021411 ], [ -79.808817, 35.801141 ], [ -79.809834, 35.800435 ], [ -79.8100687, 35.8003354 ], [ -79.810277, 35.800247 ], [ -79.8108935, 35.7999896 ], [ -79.811893, 35.799559 ], [ -79.812058, 35.799464 ], [ -79.812511, 35.799205 ], [ -79.812748, 35.798938 ], [ -79.81286, 35.798679 ], [ -79.8129393, 35.7981266 ], [ -79.8129459, 35.7980804 ], [ -79.8129519, 35.7980388 ], [ -79.8129762, 35.7978694 ], [ -79.8130073, 35.7976526 ], [ -79.813024, 35.797536 ], [ -79.8130325, 35.797472 ], [ -79.8130696, 35.7971932 ], [ -79.813106, 35.79692 ], [ -79.813207, 35.796166 ], [ -79.8132975, 35.7954133 ], [ -79.8134163, 35.7944248 ], [ -79.813489, 35.7938194 ], [ -79.813543, 35.79337 ], [ -79.813537, 35.793261 ], [ -79.8135365, 35.7932514 ], [ -79.813512, 35.792782 ], [ -79.8135, 35.792566 ], [ -79.813427, 35.79223 ], [ -79.813402, 35.792167 ], [ -79.813142, 35.791498 ], [ -79.8117362, 35.7887767 ], [ -79.811587, 35.788488 ], [ -79.811303, 35.78787 ], [ -79.811217, 35.787683 ], [ -79.8110699, 35.787287 ], [ -79.810796, 35.78655 ], [ -79.810716, 35.786326 ], [ -79.8102819, 35.783996 ], [ -79.8102293, 35.7837138 ], [ -79.8101736, 35.7834151 ], [ -79.810103, 35.783036 ], [ -79.809904, 35.781942 ], [ -79.8097859, 35.7813011 ], [ -79.8096651, 35.7806465 ], [ -79.8095966, 35.7802749 ], [ -79.80958, 35.780185 ], [ -79.8094104, 35.779265 ], [ -79.809366, 35.779024 ], [ -79.8093186, 35.7787683 ], [ -79.809302, 35.778679 ], [ -79.8092553, 35.7784835 ], [ -79.809197, 35.778154 ], [ -79.8091295, 35.7777729 ], [ -79.8090585, 35.7773717 ], [ -79.8090499, 35.7773232 ], [ -79.809006, 35.777075 ], [ -79.8088696, 35.7763902 ], [ -79.8086678, 35.7753776 ], [ -79.808651, 35.775293 ], [ -79.8085768, 35.7749027 ], [ -79.8084633, 35.7743057 ], [ -79.8084515, 35.7742465 ], [ -79.808386, 35.773918 ], [ -79.8083145, 35.7735368 ], [ -79.8082494, 35.7731899 ], [ -79.8082135, 35.7729983 ], [ -79.808122, 35.772511 ], [ -79.8080826, 35.772295 ], [ -79.8080258, 35.7719835 ], [ -79.8079474, 35.771554 ], [ -79.807922, 35.771415 ], [ -79.8078492, 35.7710046 ], [ -79.8077995, 35.770735 ], [ -79.807735, 35.770385 ], [ -79.8077191, 35.7702977 ], [ -79.8076796, 35.7700816 ], [ -79.8076424, 35.7698781 ], [ -79.8075875, 35.7695776 ], [ -79.8075041, 35.7691186 ], [ -79.8074698, 35.768929 ], [ -79.8074387, 35.7687573 ], [ -79.807236, 35.767639 ], [ -79.8071702, 35.7673026 ], [ -79.8069742, 35.766289 ], [ -79.8069663, 35.7662507 ], [ -79.8069531, 35.766186 ], [ -79.806934, 35.766093 ], [ -79.8068277, 35.7655084 ], [ -79.806637, 35.76446 ], [ -79.8064359, 35.7633577 ], [ -79.806336, 35.76281 ], [ -79.8063291, 35.7627721 ], [ -79.8061546, 35.761812 ], [ -79.8061095, 35.7615636 ], [ -79.8060955, 35.7614867 ], [ -79.8060354, 35.7611559 ], [ -79.8060022, 35.7609734 ], [ -79.8059193, 35.7605069 ], [ -79.8058052, 35.7599136 ], [ -79.8056963, 35.7593071 ], [ -79.805663, 35.7591261 ], [ -79.8056222, 35.7589048 ], [ -79.805437, 35.757877 ], [ -79.8054076, 35.7577405 ], [ -79.8053599, 35.7574814 ], [ -79.8052738, 35.7570144 ], [ -79.8050817, 35.7559733 ], [ -79.804993, 35.755488 ], [ -79.8049415, 35.7551542 ], [ -79.8049104, 35.7547418 ], [ -79.804903, 35.7544652 ], [ -79.8049045, 35.754414 ], [ -79.8049069, 35.7543647 ], [ -79.8049417, 35.7540328 ], [ -79.8049685, 35.7538485 ], [ -79.8050077, 35.7536389 ], [ -79.8050696, 35.7533045 ], [ -79.8051679, 35.7528037 ], [ -79.8052726, 35.75227 ], [ -79.805462, 35.751305 ], [ -79.8054881, 35.7511716 ], [ -79.8055178, 35.7510201 ], [ -79.8055287, 35.7509645 ], [ -79.8055779, 35.7507065 ], [ -79.8056228, 35.7504842 ], [ -79.805722, 35.749978 ], [ -79.8057967, 35.7495967 ], [ -79.8058332, 35.7494492 ], [ -79.8059237, 35.7491494 ], [ -79.806022, 35.7488514 ], [ -79.8060458, 35.7487791 ], [ -79.8060879, 35.7486513 ], [ -79.8061857, 35.7483492 ], [ -79.8062274, 35.7482279 ], [ -79.806372, 35.7478033 ], [ -79.806531, 35.7473044 ], [ -79.8066659, 35.746894 ], [ -79.8067628, 35.7465992 ], [ -79.8068, 35.746486 ], [ -79.8068966, 35.7461889 ], [ -79.8071637, 35.7453674 ], [ -79.807243, 35.7451184 ], [ -79.8073013, 35.7449356 ], [ -79.8073335, 35.7448344 ], [ -79.8073532, 35.7447723 ], [ -79.8074297, 35.7445323 ], [ -79.8074855, 35.7443568 ], [ -79.8075805, 35.7440585 ], [ -79.8078418, 35.7433144 ], [ -79.8078804, 35.7432032 ], [ -79.8080213, 35.7427703 ], [ -79.8080461, 35.7426963 ], [ -79.808138, 35.742392 ], [ -79.8081582, 35.7422902 ], [ -79.8082335, 35.7419479 ], [ -79.808252, 35.741819 ], [ -79.808278, 35.741687 ], [ -79.8082945, 35.7416103 ], [ -79.8083255, 35.7412769 ], [ -79.8083403, 35.7409415 ], [ -79.808346, 35.7407157 ], [ -79.808349, 35.7400721 ], [ -79.8083422, 35.7395285 ], [ -79.8083394, 35.7392224 ], [ -79.8083381, 35.7390978 ], [ -79.8083297, 35.7387741 ], [ -79.8083373, 35.7383395 ], [ -79.8083385, 35.7382738 ], [ -79.8083401, 35.7381819 ], [ -79.8083434, 35.7379932 ], [ -79.8083453, 35.737883 ], [ -79.8083475, 35.7376363 ], [ -79.808352, 35.737497 ], [ -79.8083435, 35.7369553 ], [ -79.8083612, 35.736273 ], [ -79.8083465, 35.7356956 ], [ -79.8083365, 35.7353665 ], [ -79.8083335, 35.7352793 ], [ -79.8083199, 35.7350179 ], [ -79.8083, 35.7347434 ], [ -79.8082907, 35.7346142 ], [ -79.8082869, 35.7345015 ], [ -79.8082815, 35.7343422 ], [ -79.808257, 35.7340708 ], [ -79.8082368, 35.7338101 ], [ -79.8082146, 35.7335923 ], [ -79.8082029, 35.7334174 ], [ -79.8081909, 35.7332622 ], [ -79.8081789, 35.7331082 ], [ -79.8081778, 35.7330909 ], [ -79.8081598, 35.7328 ], [ -79.8081572, 35.7327577 ], [ -79.808149, 35.732625 ], [ -79.8081346, 35.7323916 ], [ -79.8081293, 35.7323252 ], [ -79.8080817, 35.7318713 ], [ -79.8080548, 35.7315576 ], [ -79.8080399, 35.7312777 ], [ -79.8080193, 35.7311032 ], [ -79.8079971, 35.7306824 ], [ -79.8079931, 35.7303617 ], [ -79.8080088, 35.730027 ], [ -79.808017, 35.7297785 ], [ -79.8080733, 35.7293874 ], [ -79.808207, 35.728744 ], [ -79.8082655, 35.7285473 ], [ -79.8083035, 35.7284191 ], [ -79.8083108, 35.7283948 ], [ -79.8083995, 35.7280962 ], [ -79.8084812, 35.727785 ], [ -79.808522, 35.7276417 ], [ -79.8086763, 35.7271362 ], [ -79.8089177, 35.7263546 ], [ -79.8089697, 35.7261798 ], [ -79.8090031, 35.7260367 ], [ -79.8090547, 35.7258579 ], [ -79.8090844, 35.7257581 ], [ -79.8090989, 35.7257095 ], [ -79.8091772, 35.7254348 ], [ -79.8092342, 35.7252348 ], [ -79.8093514, 35.7248232 ], [ -79.8093708, 35.7247553 ], [ -79.8094227, 35.7244718 ], [ -79.8094455, 35.724334 ], [ -79.8094985, 35.7240678 ], [ -79.8095242, 35.7238969 ], [ -79.8095342, 35.7238306 ], [ -79.8095913, 35.72345 ], [ -79.8096475, 35.7230762 ], [ -79.8096626, 35.7229754 ], [ -79.8096928, 35.722774 ], [ -79.8097322, 35.7225115 ], [ -79.8097566, 35.7223496 ], [ -79.809778, 35.722207 ], [ -79.809797, 35.7220636 ], [ -79.809828, 35.721829 ], [ -79.8098509, 35.7216669 ], [ -79.809859, 35.7216098 ], [ -79.8098725, 35.7215138 ], [ -79.8098975, 35.7213366 ], [ -79.809922, 35.721163 ], [ -79.809939, 35.721042 ], [ -79.8099654, 35.7208556 ], [ -79.8100052, 35.7205736 ], [ -79.8100387, 35.7203359 ], [ -79.8100419, 35.7203129 ], [ -79.810058, 35.7201991 ], [ -79.810075, 35.720079 ], [ -79.8101633, 35.7195603 ], [ -79.810225, 35.719198 ], [ -79.8102338, 35.7191375 ], [ -79.8102448, 35.7190611 ], [ -79.8103199, 35.7185855 ], [ -79.810453, 35.718157 ], [ -79.8105712, 35.717784 ], [ -79.810678, 35.717447 ], [ -79.8107415, 35.7172472 ], [ -79.81084, 35.716937 ], [ -79.8109066, 35.7167273 ], [ -79.8110503, 35.7162642 ], [ -79.8110601, 35.7162342 ], [ -79.8111561, 35.7159388 ], [ -79.811185, 35.71585 ], [ -79.811205, 35.7157869 ], [ -79.8112319, 35.715702 ], [ -79.8113734, 35.7152556 ], [ -79.8114425, 35.715034 ], [ -79.8115348, 35.7147382 ], [ -79.8115696, 35.7146265 ], [ -79.8116054, 35.7145196 ], [ -79.8116418, 35.7143825 ], [ -79.8116973, 35.7142103 ], [ -79.8117233, 35.7141241 ], [ -79.8117939, 35.7138896 ], [ -79.8119366, 35.7134501 ], [ -79.81214, 35.712856 ], [ -79.8123351, 35.7122323 ], [ -79.8125063, 35.7116968 ], [ -79.812586, 35.7114474 ], [ -79.8126513, 35.7112433 ], [ -79.8127582, 35.710898 ], [ -79.812843, 35.710624 ], [ -79.812958, 35.7102626 ], [ -79.8130542, 35.7099602 ], [ -79.81308, 35.709879 ], [ -79.8131947, 35.7095161 ], [ -79.8132226, 35.7094278 ], [ -79.8132462, 35.7093559 ], [ -79.8133587, 35.7090137 ], [ -79.8134081, 35.7088634 ], [ -79.8134316, 35.7087919 ], [ -79.8135036, 35.7085733 ], [ -79.8135972, 35.7082888 ], [ -79.8137635, 35.7077833 ], [ -79.8138576, 35.707279 ], [ -79.8138647, 35.7072412 ], [ -79.8139117, 35.7069897 ], [ -79.8139182, 35.706955 ], [ -79.8139867, 35.7066112 ], [ -79.8140145, 35.7064721 ], [ -79.8140639, 35.7062352 ], [ -79.8140952, 35.706067 ], [ -79.814111, 35.7059728 ], [ -79.814161, 35.7056757 ], [ -79.8141929, 35.7054015 ], [ -79.8142162, 35.7052009 ], [ -79.8142359, 35.705032 ], [ -79.8142601, 35.7048334 ], [ -79.8142666, 35.7047806 ], [ -79.8142828, 35.7046434 ], [ -79.8143058, 35.7044485 ], [ -79.8143492, 35.704128 ], [ -79.8143743, 35.7039424 ], [ -79.8144065, 35.7036984 ], [ -79.8144345, 35.7034375 ], [ -79.8144642, 35.703018 ], [ -79.8144871, 35.7028442 ], [ -79.8145283, 35.7025721 ], [ -79.8145485, 35.7024386 ], [ -79.8145842, 35.7022029 ], [ -79.814598, 35.7021118 ], [ -79.8146299, 35.7018765 ], [ -79.8146477, 35.7017452 ], [ -79.8146621, 35.701612 ], [ -79.814708, 35.7011883 ], [ -79.8147136, 35.7011365 ], [ -79.8147227, 35.7010523 ], [ -79.8147534, 35.7007687 ], [ -79.8147682, 35.7006323 ], [ -79.81481, 35.700246 ], [ -79.8148713, 35.6997248 ], [ -79.8148942, 35.6995297 ], [ -79.8149029, 35.6994557 ], [ -79.8149398, 35.6991415 ], [ -79.814946, 35.699089 ], [ -79.8149671, 35.6989085 ], [ -79.8149892, 35.6987195 ], [ -79.8150014, 35.6986153 ], [ -79.8150179, 35.6984751 ], [ -79.815033, 35.6983267 ], [ -79.8150428, 35.6982615 ], [ -79.8150551, 35.6981562 ], [ -79.815075, 35.6979866 ], [ -79.815117, 35.697628 ], [ -79.8152137, 35.6968723 ], [ -79.8152274, 35.6967716 ], [ -79.8152625, 35.6963827 ], [ -79.8152771, 35.6962576 ], [ -79.8152911, 35.6961385 ], [ -79.8153217, 35.6958769 ], [ -79.8154118, 35.6951084 ], [ -79.8154542, 35.6947464 ], [ -79.8155207, 35.6941791 ], [ -79.8155361, 35.6940476 ], [ -79.8156183, 35.6933459 ], [ -79.8156316, 35.6932318 ], [ -79.8156511, 35.6930657 ], [ -79.8156558, 35.6930253 ], [ -79.815663, 35.6929529 ], [ -79.8156942, 35.6926408 ], [ -79.8156696, 35.6924249 ], [ -79.8156826, 35.6922499 ], [ -79.8157145, 35.6920403 ], [ -79.8157364, 35.6919937 ], [ -79.8157723, 35.6919174 ], [ -79.8157902, 35.6917647 ], [ -79.8158101, 35.691595 ], [ -79.8158469, 35.6912806 ], [ -79.8159107, 35.6908321 ], [ -79.8159217, 35.690755 ], [ -79.8160348, 35.6896716 ], [ -79.8160878, 35.6892796 ], [ -79.8160525, 35.6892129 ], [ -79.8160909, 35.6888867 ], [ -79.816183, 35.6881064 ], [ -79.8162401, 35.6880405 ], [ -79.8162933, 35.6875875 ], [ -79.816316, 35.687394 ], [ -79.8163252, 35.6873034 ], [ -79.8162808, 35.6872464 ], [ -79.8163225, 35.6868987 ], [ -79.8163899, 35.6863378 ], [ -79.8164225, 35.6862638 ], [ -79.816505, 35.68577 ], [ -79.8165193, 35.6856417 ], [ -79.8165835, 35.685064 ], [ -79.8166, 35.684916 ], [ -79.816713, 35.683898 ], [ -79.8167373, 35.6837369 ], [ -79.8167737, 35.6834956 ], [ -79.816855, 35.682957 ], [ -79.8169064, 35.6828128 ], [ -79.8169771, 35.6826141 ], [ -79.817105, 35.682255 ], [ -79.817303, 35.681699 ], [ -79.8175355, 35.6810832 ], [ -79.8179276, 35.6800428 ], [ -79.817975, 35.679917 ], [ -79.818321, 35.6789026 ], [ -79.8183995, 35.6786867 ], [ -79.8184545, 35.678543 ], [ -79.8186069, 35.6781155 ], [ -79.8187112, 35.6778373 ], [ -79.8187417, 35.6777471 ], [ -79.819192, 35.676514 ], [ -79.8195383, 35.67555 ], [ -79.8195673, 35.6754693 ], [ -79.8195892, 35.6754102 ], [ -79.8196619, 35.675214 ], [ -79.819869, 35.674655 ], [ -79.819939, 35.674461 ], [ -79.8200778, 35.6740678 ], [ -79.8201255, 35.673939 ], [ -79.820362, 35.6733 ], [ -79.820574, 35.672719 ], [ -79.820924, 35.671763 ], [ -79.8211, 35.671282 ], [ -79.8213761, 35.6705422 ], [ -79.821678, 35.669701 ], [ -79.8221955, 35.6682853 ], [ -79.822208, 35.668251 ], [ -79.822385, 35.667769 ], [ -79.8228811, 35.6664109 ], [ -79.8229561, 35.6661979 ], [ -79.8230302, 35.6659874 ], [ -79.823038, 35.6659578 ], [ -79.8230804, 35.665797 ], [ -79.8231176, 35.6655967 ], [ -79.8231307, 35.6654526 ], [ -79.8231345, 35.6653414 ], [ -79.823133, 35.665203 ], [ -79.8231185, 35.6650198 ], [ -79.8230908, 35.6648278 ], [ -79.823047, 35.664639 ], [ -79.823034, 35.664558 ], [ -79.8227844, 35.6636815 ], [ -79.8226659, 35.6632656 ], [ -79.8225679, 35.6629217 ], [ -79.82248, 35.662613 ], [ -79.822326, 35.662075 ], [ -79.822135, 35.661424 ], [ -79.8219721, 35.6609098 ], [ -79.8218277, 35.6603772 ], [ -79.8217648, 35.6601629 ], [ -79.8216715, 35.6598685 ], [ -79.8215514, 35.659466 ], [ -79.8215055, 35.6592914 ], [ -79.8214398, 35.6590392 ], [ -79.8214104, 35.6588903 ], [ -79.8213881, 35.6587369 ], [ -79.821374, 35.6586152 ], [ -79.8213663, 35.6585261 ], [ -79.8213636, 35.6584118 ], [ -79.8213673, 35.65826 ], [ -79.8213788, 35.6580987 ], [ -79.8213955, 35.6579799 ], [ -79.8214295, 35.6577709 ], [ -79.8214679, 35.6575687 ], [ -79.8215397, 35.6572013 ], [ -79.8216483, 35.6566642 ], [ -79.8218255, 35.6557622 ], [ -79.821852, 35.655624 ], [ -79.8218711, 35.6555287 ], [ -79.8219041, 35.6553649 ], [ -79.822168, 35.654051 ], [ -79.8221928, 35.6539287 ], [ -79.822257, 35.653612 ], [ -79.8222888, 35.653452 ], [ -79.822377, 35.653009 ], [ -79.822418, 35.652804 ], [ -79.8224825, 35.652483 ], [ -79.8225376, 35.6522084 ], [ -79.8226026, 35.6519196 ], [ -79.8226051, 35.6519094 ], [ -79.8226731, 35.6516308 ], [ -79.8227401, 35.6513737 ], [ -79.8228139, 35.6511143 ], [ -79.8228883, 35.6508746 ], [ -79.8229668, 35.6506381 ], [ -79.8230521, 35.6503994 ], [ -79.823501, 35.6492217 ], [ -79.8235507, 35.6490912 ], [ -79.8236634, 35.6487954 ], [ -79.8238818, 35.6482224 ], [ -79.8241261, 35.6475812 ], [ -79.824629, 35.6462617 ], [ -79.8246773, 35.6461302 ], [ -79.8248142, 35.6457578 ], [ -79.8249536, 35.6453182 ], [ -79.8250879, 35.6448703 ], [ -79.8251197, 35.6447519 ], [ -79.8252606, 35.6442279 ], [ -79.8254862, 35.6434107 ], [ -79.82553, 35.6432256 ], [ -79.8256385, 35.6428221 ], [ -79.8256735, 35.6426905 ], [ -79.8259524, 35.6416413 ], [ -79.82605, 35.6412793 ], [ -79.8261093, 35.6410595 ], [ -79.8264697, 35.6397228 ], [ -79.8265334, 35.6394735 ], [ -79.8265774, 35.6392798 ], [ -79.8266159, 35.639095 ], [ -79.8266441, 35.6389026 ], [ -79.8266602, 35.6387146 ], [ -79.8266642, 35.6384961 ], [ -79.8266604, 35.6381866 ], [ -79.8266594, 35.6381035 ], [ -79.8266545, 35.6377078 ], [ -79.8266355, 35.6361599 ], [ -79.8266336, 35.636007 ], [ -79.8266401, 35.6352927 ], [ -79.8266142, 35.6352366 ], [ -79.8266286, 35.6351112 ], [ -79.8266283, 35.6350765 ], [ -79.8266183, 35.6350555 ], [ -79.8265943, 35.6350378 ], [ -79.8265788, 35.6350147 ], [ -79.8265734, 35.6349888 ], [ -79.8265787, 35.6349629 ], [ -79.8265942, 35.6349398 ], [ -79.826616, 35.6349004 ], [ -79.8266211, 35.6348759 ], [ -79.8266123, 35.6346646 ], [ -79.8266333, 35.634623 ], [ -79.8266196, 35.6344556 ], [ -79.8265816, 35.6340307 ], [ -79.8265032, 35.6334996 ], [ -79.8264896, 35.6334261 ], [ -79.8262254, 35.631957 ], [ -79.826211, 35.631881 ], [ -79.826186, 35.631733 ], [ -79.8261802, 35.6316987 ], [ -79.8261576, 35.631566 ], [ -79.8260156, 35.6307972 ], [ -79.8259245, 35.6302895 ], [ -79.8258817, 35.6300344 ], [ -79.8258359, 35.6297871 ], [ -79.8257749, 35.6294579 ], [ -79.8257625, 35.6293898 ], [ -79.8257322, 35.6292198 ], [ -79.8256406, 35.6286948 ], [ -79.8255855, 35.6283779 ], [ -79.8255581, 35.6282204 ], [ -79.8255115, 35.6279779 ], [ -79.8254594, 35.6276715 ], [ -79.8253684, 35.6271232 ], [ -79.8253172, 35.6267749 ], [ -79.8252751, 35.6264384 ], [ -79.8252642, 35.626348 ], [ -79.8252415, 35.626163 ], [ -79.8251976, 35.6258263 ], [ -79.8251778, 35.6256539 ], [ -79.825124, 35.6251943 ], [ -79.8250816, 35.6248445 ], [ -79.8250437, 35.624513 ], [ -79.8249794, 35.6239701 ], [ -79.8249389, 35.623603 ], [ -79.8248308, 35.622665 ], [ -79.8247899, 35.6222785 ], [ -79.8248006, 35.622058 ], [ -79.8248389, 35.6218151 ], [ -79.8248868, 35.6216352 ], [ -79.8249496, 35.6214528 ], [ -79.8250846, 35.621167 ], [ -79.8252518, 35.6209031 ], [ -79.8251467, 35.6208428 ], [ -79.8250902, 35.6207887 ], [ -79.8250369, 35.6207064 ], [ -79.8249534, 35.6205916 ], [ -79.8248762, 35.6204781 ], [ -79.8247763, 35.6203177 ], [ -79.8246986, 35.6201714 ], [ -79.82463, 35.6200167 ], [ -79.824574, 35.6198692 ], [ -79.8244685, 35.6195972 ], [ -79.824372, 35.6193488 ], [ -79.8242962, 35.6191721 ], [ -79.8242311, 35.6190368 ], [ -79.8241102, 35.6188254 ], [ -79.8240297, 35.6187015 ], [ -79.8239302, 35.6185549 ], [ -79.8238461, 35.6184396 ], [ -79.8237518, 35.6182332 ] ], [ [ -79.8183757, 35.8841684 ], [ -79.8184519, 35.8841422 ], [ -79.8197256, 35.8834549 ], [ -79.8198165, 35.8835534 ], [ -79.8202129, 35.8840156 ], [ -79.8206664, 35.8845598 ], [ -79.8208546, 35.8848092 ], [ -79.8209602, 35.8849604 ], [ -79.821064, 35.8851324 ], [ -79.8211386, 35.8852688 ], [ -79.8212098, 35.885418 ], [ -79.821271, 35.8855531 ], [ -79.8213239, 35.8856964 ], [ -79.821391, 35.8858812 ], [ -79.8216599, 35.8867786 ], [ -79.8217543, 35.8868772 ] ], [ [ -79.7980229, 35.8788501 ], [ -79.798031, 35.8787989 ], [ -79.7980191, 35.8787482 ], [ -79.7979886, 35.878703 ], [ -79.7979422, 35.8786677 ], [ -79.7978847, 35.8786456 ], [ -79.7978216, 35.878639 ], [ -79.797759, 35.8786486 ] ], [ [ -79.8156942, 35.6926408 ], [ -79.8157432, 35.6925589 ], [ -79.815781, 35.6924957 ], [ -79.815808, 35.6922518 ], [ -79.8158298, 35.6920354 ], [ -79.8157723, 35.6919174 ] ], [ [ -79.8160878, 35.6892796 ], [ -79.8161348, 35.6892168 ], [ -79.8162633, 35.688109 ], [ -79.8162401, 35.6880405 ] ], [ [ -79.8163252, 35.6873034 ], [ -79.8163606, 35.6872471 ], [ -79.8164044, 35.6869079 ], [ -79.8164045, 35.6867343 ], [ -79.8164618, 35.6863422 ], [ -79.8164225, 35.6862638 ] ], [ [ -79.8266401, 35.6352927 ], [ -79.8266737, 35.6352403 ], [ -79.8266942, 35.6351014 ], [ -79.8267146, 35.6350599 ], [ -79.8267396, 35.6350454 ], [ -79.8267579, 35.6350253 ], [ -79.8267676, 35.6350015 ], [ -79.8267691, 35.6349911 ], [ -79.8267677, 35.6349765 ], [ -79.8267582, 35.6349527 ], [ -79.8267401, 35.6349324 ], [ -79.8267222, 35.6349213 ], [ -79.8267128, 35.6349166 ], [ -79.8266933, 35.6348848 ], [ -79.8266602, 35.6346629 ], [ -79.8266333, 35.634623 ] ], [ [ -79.8235424, 35.6176801 ], [ -79.8238205, 35.617922 ], [ -79.8241135, 35.6182587 ], [ -79.8242487, 35.6184054 ], [ -79.8244308, 35.6185682 ], [ -79.8246155, 35.618721 ], [ -79.8248528, 35.6188983 ], [ -79.8250943, 35.6190789 ], [ -79.8255841, 35.6194313 ], [ -79.8257312, 35.6195348 ], [ -79.8258761, 35.6196344 ], [ -79.8259583, 35.6196887 ], [ -79.8259981, 35.6197322 ], [ -79.8260396, 35.6197904 ], [ -79.8260997, 35.619897 ], [ -79.826046, 35.6199602 ], [ -79.8257714, 35.6202785 ], [ -79.8255349, 35.6205526 ], [ -79.8253336, 35.620799 ], [ -79.8252518, 35.6209031 ] ] ] }, "id": "relation/1927822" }, { "type": "Feature", "properties": { "@id": "relation/1927823", "description": "US 220 Business (Madison-Mayodan, NC)", "is_in:state": "NC", "modifier": "Business", "network": "US:US:Business", "ref":"US 220 BUS", "route": "road", "type": "route" }, "geometry": { "type": "MultiLineString", "coordinates": [ [ [ -79.9309655, 36.449739 ], [ -79.9310604, 36.4495092 ], [ -79.93124, 36.448564 ], [ -79.931297, 36.448335 ], [ -79.93139, 36.448056 ], [ -79.931515, 36.447768 ], [ -79.931673, 36.447434 ], [ -79.93211, 36.446544 ], [ -79.932157, 36.446394 ], [ -79.932169, 36.446276 ], [ -79.932161, 36.446111 ], [ -79.932082, 36.445879 ], [ -79.931929, 36.445656 ], [ -79.9318575, 36.4455695 ], [ -79.931786, 36.445483 ], [ -79.932371, 36.444641 ], [ -79.932604, 36.444292 ], [ -79.932841, 36.443926 ], [ -79.933286, 36.443268 ], [ -79.933601, 36.442816 ], [ -79.9340541, 36.4421501 ], [ -79.9342715, 36.4418307 ], [ -79.934504, 36.441489 ], [ -79.9351211, 36.440587 ], [ -79.9352878, 36.4403496 ], [ -79.9354323, 36.440159 ], [ -79.9356291, 36.4399425 ], [ -79.9358118, 36.4397664 ], [ -79.9360488, 36.4395871 ], [ -79.9363246, 36.4393987 ], [ -79.9364858, 36.4393062 ], [ -79.9366063, 36.4392437 ], [ -79.9367715, 36.4391641 ], [ -79.9369564, 36.4390815 ], [ -79.937627, 36.4388651 ], [ -79.9385888, 36.4385678 ], [ -79.9388479, 36.4384799 ], [ -79.9395245, 36.4382545 ], [ -79.940979, 36.43781 ], [ -79.94166, 36.437552 ], [ -79.94203, 36.437379 ], [ -79.942344, 36.437163 ], [ -79.942635, 36.436909 ], [ -79.942853, 36.436672 ], [ -79.943036, 36.436424 ], [ -79.943265, 36.436044 ], [ -79.943821, 36.435023 ], [ -79.943854, 36.43497 ], [ -79.943939, 36.434829 ], [ -79.944196, 36.434366 ], [ -79.944494, 36.433871 ], [ -79.944701, 36.43363 ], [ -79.944926, 36.433469 ], [ -79.945153, 36.433347 ], [ -79.945463, 36.433213 ], [ -79.945831, 36.433071 ], [ -79.946742, 36.432706 ], [ -79.947101, 36.432552 ], [ -79.947493, 36.432359 ], [ -79.947977, 36.432089 ], [ -79.948506, 36.431776 ], [ -79.94895, 36.431525 ], [ -79.9507193, 36.430496 ], [ -79.951046, 36.430306 ], [ -79.951322, 36.430146 ], [ -79.952701, 36.429344 ], [ -79.953485, 36.428899 ], [ -79.953773, 36.428747 ], [ -79.953884, 36.428689 ], [ -79.954259, 36.428547 ], [ -79.954574, 36.428459 ], [ -79.954653, 36.428441 ], [ -79.954895, 36.428387 ], [ -79.95528, 36.428321 ], [ -79.9556106, 36.4282586 ], [ -79.955757, 36.428231 ], [ -79.956269, 36.428141 ], [ -79.956751, 36.428067 ], [ -79.957305, 36.427975 ], [ -79.9583, 36.427791 ], [ -79.958714, 36.427695 ], [ -79.958799, 36.427666 ], [ -79.959324, 36.427491 ], [ -79.960732, 36.426875 ], [ -79.962309, 36.426133 ], [ -79.962539, 36.426016 ], [ -79.962728, 36.425869 ], [ -79.962899, 36.425728 ], [ -79.9629333, 36.4256932 ], [ -79.963027, 36.425598 ], [ -79.963127, 36.42548 ], [ -79.963226, 36.425346 ], [ -79.963274, 36.425267 ], [ -79.96339, 36.425009 ], [ -79.963449, 36.424832 ], [ -79.963991, 36.423093 ], [ -79.964074, 36.422809 ], [ -79.964128, 36.422594 ], [ -79.964163, 36.422419 ], [ -79.964199, 36.422188 ], [ -79.964232, 36.421895 ], [ -79.964248, 36.421725 ], [ -79.9642639, 36.4215501 ], [ -79.964282, 36.4213302 ], [ -79.9642897, 36.4212465 ], [ -79.964299, 36.421145 ], [ -79.964434, 36.419467 ], [ -79.964464, 36.419197 ], [ -79.964545, 36.418644 ], [ -79.9645461, 36.4186379 ], [ -79.9645609, 36.418555 ], [ -79.964607, 36.418296 ], [ -79.9646602, 36.4180478 ], [ -79.964666, 36.418021 ], [ -79.96473, 36.41773 ], [ -79.964816, 36.417396 ], [ -79.964896, 36.417109 ], [ -79.96491, 36.417058 ], [ -79.965063, 36.416569 ], [ -79.9651795, 36.4162687 ], [ -79.965489, 36.415471 ], [ -79.965778, 36.414744 ], [ -79.966233, 36.413567 ], [ -79.9663448, 36.4132798 ], [ -79.9663948, 36.4131513 ], [ -79.9664521, 36.413004 ], [ -79.9666379, 36.4125266 ], [ -79.966656, 36.41248 ], [ -79.9668024, 36.4121076 ], [ -79.9668467, 36.4119947 ], [ -79.9668526, 36.4119798 ], [ -79.9670869, 36.4113904 ], [ -79.9672864, 36.4108776 ], [ -79.967415, 36.410533 ], [ -79.9675451, 36.4102142 ], [ -79.9677265, 36.4097181 ], [ -79.967826, 36.409446 ], [ -79.967937, 36.409107 ], [ -79.968019, 36.408794 ], [ -79.968066, 36.408532 ], [ -79.968207, 36.407643 ], [ -79.9683906, 36.4065056 ], [ -79.968474, 36.406027 ], [ -79.968527, 36.405827 ], [ -79.968548, 36.405748 ], [ -79.96864, 36.405519 ], [ -79.968656, 36.405486 ], [ -79.9686723, 36.4054531 ], [ -79.968743, 36.405311 ], [ -79.968885, 36.405068 ], [ -79.969035, 36.404853 ], [ -79.969142, 36.404718 ], [ -79.9693476, 36.4044603 ], [ -79.969537, 36.404223 ], [ -79.9697074, 36.4039802 ], [ -79.969805, 36.403811 ], [ -79.969911, 36.403605 ], [ -79.970091, 36.403187 ], [ -79.970366, 36.40252 ], [ -79.970413, 36.402381 ], [ -79.9704294, 36.4023041 ], [ -79.970432, 36.4022834 ], [ -79.970527, 36.401836 ], [ -79.970549, 36.401737 ], [ -79.970595, 36.4013977 ], [ -79.9706234, 36.4011878 ], [ -79.9706482, 36.4010049 ], [ -79.970675, 36.400807 ], [ -79.9706907, 36.4006829 ], [ -79.970705, 36.40057 ], [ -79.9707278, 36.4004146 ], [ -79.970778, 36.400072 ], [ -79.970805, 36.399779 ], [ -79.970814, 36.399667 ], [ -79.97081, 36.399401 ], [ -79.970782, 36.399078 ], [ -79.970731, 36.398813 ], [ -79.970656, 36.398547 ], [ -79.970579, 36.398335 ], [ -79.970405, 36.397951 ], [ -79.970342, 36.397816 ], [ -79.9703067, 36.397749 ], [ -79.9701981, 36.397543 ], [ -79.97012, 36.397386 ], [ -79.970053, 36.397266 ], [ -79.969985, 36.397114 ], [ -79.969887, 36.396897 ], [ -79.9697222, 36.3965489 ], [ -79.9696694, 36.3964374 ], [ -79.9695615, 36.3962117 ], [ -79.9695085, 36.3961009 ], [ -79.9694433, 36.3959601 ], [ -79.9694172, 36.3959061 ], [ -79.9693203, 36.3956757 ], [ -79.9693016, 36.3956311 ], [ -79.9692638, 36.3955534 ], [ -79.9692136, 36.3954456 ], [ -79.9691593, 36.3952956 ], [ -79.9691199, 36.3951869 ], [ -79.9690914, 36.3950873 ], [ -79.969038, 36.394901 ], [ -79.969012, 36.394797 ], [ -79.9689887, 36.3946793 ], [ -79.968973, 36.3946 ], [ -79.9689561, 36.3944792 ], [ -79.9689373, 36.3943455 ], [ -79.968934, 36.394322 ], [ -79.968914, 36.394089 ], [ -79.968887, 36.393566 ], [ -79.968877, 36.393354 ], [ -79.968873, 36.39304 ], [ -79.9688618, 36.3926274 ], [ -79.968854, 36.392338 ], [ -79.96885, 36.392214 ], [ -79.968838, 36.392114 ], [ -79.96882, 36.3919632 ], [ -79.9688071, 36.3918657 ], [ -79.968711, 36.391577 ], [ -79.968692, 36.391536 ], [ -79.9686769, 36.3915013 ], [ -79.968615, 36.391359 ], [ -79.9685758, 36.3912846 ], [ -79.96851, 36.39116 ], [ -79.9684927, 36.3911307 ], [ -79.9683404, 36.3908731 ], [ -79.9682974, 36.3908004 ], [ -79.968205, 36.390644 ], [ -79.9681556, 36.390558 ], [ -79.967779, 36.389902 ], [ -79.967698, 36.389725 ], [ -79.967686, 36.389699 ], [ -79.967632, 36.389526 ], [ -79.967591, 36.389364 ], [ -79.967569, 36.389209 ], [ -79.967556, 36.388974 ], [ -79.967533, 36.388862 ], [ -79.967478, 36.388774 ], [ -79.96738, 36.388682 ], [ -79.967292, 36.388634 ], [ -79.967163, 36.388602 ], [ -79.967038, 36.388593 ], [ -79.9664729, 36.3886004 ], [ -79.9657596, 36.3886097 ], [ -79.965507, 36.388613 ], [ -79.964909, 36.388627 ], [ -79.963781, 36.388643 ], [ -79.9632874, 36.3886499 ], [ -79.962796, 36.3886568 ], [ -79.9627299, 36.3886577 ], [ -79.962252, 36.3886644 ], [ -79.961707, 36.388672 ], [ -79.9608843, 36.3886819 ], [ -79.9606492, 36.3886847 ], [ -79.960628, 36.388685 ], [ -79.959988, 36.388693 ], [ -79.959737, 36.3886892 ], [ -79.959659, 36.388688 ], [ -79.9596575, 36.3886077 ], [ -79.9596561, 36.3885299 ], [ -79.95965, 36.388199 ], [ -79.959628, 36.387528 ], [ -79.9596005, 36.3866086 ], [ -79.9595978, 36.386457 ], [ -79.9595618, 36.3854363 ], [ -79.959559, 36.385354 ], [ -79.958419, 36.385369 ], [ -79.9578941, 36.3853885 ], [ -79.95788, 36.385389 ], [ -79.9572422, 36.385383 ], [ -79.956919, 36.3853745 ], [ -79.9567529, 36.3853678 ], [ -79.9564528, 36.3853514 ], [ -79.9560988, 36.3853252 ], [ -79.9557969, 36.3852969 ], [ -79.9555061, 36.3852644 ], [ -79.9552093, 36.385226 ], [ -79.9549284, 36.3851845 ], [ -79.9546112, 36.3851318 ], [ -79.9543574, 36.3850851 ], [ -79.9540641, 36.3850259 ], [ -79.953819, 36.3849721 ], [ -79.953154, 36.384837 ], [ -79.952058, 36.38462 ], [ -79.951778, 36.384552 ], [ -79.951606, 36.384502 ], [ -79.95138, 36.384423 ], [ -79.951067, 36.384288 ], [ -79.950776, 36.384133 ], [ -79.950581, 36.384011 ], [ -79.9503365, 36.3838334 ], [ -79.950296, 36.383804 ], [ -79.949959, 36.383506 ], [ -79.949786, 36.383334 ], [ -79.949604, 36.383153 ], [ -79.948848, 36.382375 ], [ -79.9487813, 36.3823028 ], [ -79.9486302, 36.3821395 ], [ -79.94843, 36.381923 ], [ -79.9482587, 36.3816965 ], [ -79.948117, 36.381509 ], [ -79.947722, 36.380925 ], [ -79.947652, 36.380802 ], [ -79.947464, 36.38047 ], [ -79.947321, 36.380159 ], [ -79.947124, 36.379671 ], [ -79.946951, 36.3792142 ], [ -79.946918, 36.379127 ], [ -79.9467169, 36.3786116 ], [ -79.946655, 36.378453 ], [ -79.946445, 36.377983 ], [ -79.946182, 36.377532 ], [ -79.945924, 36.377199 ], [ -79.94585, 36.3771031 ], [ -79.945708, 36.376919 ], [ -79.945376, 36.376567 ], [ -79.9452599, 36.3764435 ], [ -79.945174, 36.376352 ], [ -79.9449427, 36.3761512 ], [ -79.944633, 36.37591 ], [ -79.9443859, 36.3757514 ], [ -79.944279, 36.375689 ], [ -79.9442215, 36.3756583 ], [ -79.9441409, 36.3756157 ], [ -79.9439491, 36.3755323 ], [ -79.9437469, 36.3754482 ], [ -79.9435185, 36.3753703 ], [ -79.943261, 36.3752947 ], [ -79.942985, 36.375229 ], [ -79.942701, 36.375149 ], [ -79.9424248, 36.3750803 ], [ -79.941736, 36.374909 ], [ -79.9415972, 36.3748791 ], [ -79.941308, 36.3749014 ], [ -79.9412923, 36.3749017 ], [ -79.9411865, 36.3749164 ], [ -79.9410603, 36.3749377 ], [ -79.9409699, 36.3749597 ], [ -79.9408795, 36.3749903 ], [ -79.9408224, 36.3750153 ], [ -79.9407565, 36.3750517 ], [ -79.9406936, 36.3750953 ], [ -79.9406415, 36.3751429 ], [ -79.9406041, 36.3751874 ], [ -79.9405773, 36.3752276 ], [ -79.9405375, 36.3753064 ], [ -79.940519, 36.375368 ], [ -79.9405054, 36.3754101 ], [ -79.940524, 36.375485 ], [ -79.940554, 36.375578 ], [ -79.940588, 36.37564 ], [ -79.940647, 36.375714 ], [ -79.940709, 36.375768 ], [ -79.94078, 36.375811 ], [ -79.940888, 36.375853 ], [ -79.940973, 36.375874 ], [ -79.941093, 36.375886 ], [ -79.94118, 36.375881 ], [ -79.941269, 36.375863 ], [ -79.941377, 36.375822 ], [ -79.941478, 36.375769 ], [ -79.941574, 36.375697 ], [ -79.941628, 36.375643 ], [ -79.94171, 36.375547 ], [ -79.941789, 36.375433 ], [ -79.9418387, 36.3753504 ], [ -79.9418896, 36.3752322 ], [ -79.9419957, 36.3751087 ] ], [ [ -79.931786, 36.445483 ], [ -79.93122, 36.446315 ], [ -79.930372, 36.447553 ], [ -79.930225, 36.447765 ], [ -79.9301891, 36.4478184 ], [ -79.93006, 36.448011 ], [ -79.930178, 36.4481282 ], [ -79.930322, 36.44862 ], [ -79.930478, 36.449233 ], [ -79.930553, 36.449876 ], [ -79.9305533, 36.4501013 ], [ -79.930515, 36.4504541 ], [ -79.9304736, 36.4506356 ], [ -79.9304231, 36.4508268 ], [ -79.9304079, 36.4510619 ] ], [ [ -79.9441409, 36.3756157 ], [ -79.9440792, 36.3755348 ], [ -79.9438302, 36.3753926 ], [ -79.943592, 36.3752579 ], [ -79.9434371, 36.3751578 ], [ -79.9433307, 36.3750765 ], [ -79.9432462, 36.3749925 ], [ -79.9431654, 36.3748879 ], [ -79.9431196, 36.3747998 ], [ -79.9430743, 36.3746915 ], [ -79.9430748, 36.3745856 ], [ -79.9430884, 36.374381 ], [ -79.9433289, 36.3725174 ], [ -79.9433596, 36.3722911 ], [ -79.9434085, 36.3720597 ], [ -79.9434493, 36.3718649 ], [ -79.9435252, 36.371614 ], [ -79.9435388, 36.3713778 ] ] ] }, "id": "relation/1927823" }, { "type": "Feature", "properties": { "@id": "relation/1928815", "description": "US 220 Business (Clifton Forge, VA)", "is_in:state": "VA", "modifier": "Business", "network": "US:US:Business", "ref":"US 220 BUS", "route": "road", "type": "route" }, "geometry": { "type": "MultiLineString", "coordinates": [ [ [ -79.851746, 37.807597 ], [ -79.851496, 37.807716 ], [ -79.851255, 37.807848 ], [ -79.850901, 37.808065 ], [ -79.850633, 37.808204 ], [ -79.850249, 37.80839 ], [ -79.849372, 37.80878 ], [ -79.849208, 37.808864 ], [ -79.849013, 37.808981 ], [ -79.848803, 37.80913 ], [ -79.848543, 37.809329 ], [ -79.848467, 37.809383 ], [ -79.847054, 37.8092888 ], [ -79.8465261, 37.8092515 ], [ -79.8456942, 37.8091947 ], [ -79.8454348, 37.8091795 ], [ -79.8451646, 37.8091751 ], [ -79.8449459, 37.8091844 ], [ -79.8449001, 37.8091897 ], [ -79.844699, 37.809244 ], [ -79.844494, 37.809268 ], [ -79.844242, 37.809311 ], [ -79.843993, 37.809369 ], [ -79.8438358, 37.8094143 ], [ -79.8426875, 37.8097271 ], [ -79.842128, 37.809885 ], [ -79.841538, 37.8100575 ], [ -79.840098, 37.810472 ], [ -79.83921, 37.810778 ], [ -79.838964, 37.810892 ], [ -79.838465, 37.811153 ], [ -79.838394, 37.81119 ], [ -79.838178, 37.811311 ], [ -79.837951, 37.81142 ], [ -79.837715, 37.811516 ], [ -79.837616, 37.811551 ], [ -79.836166, 37.812036 ], [ -79.834729, 37.812512 ], [ -79.833295, 37.81299 ], [ -79.831854, 37.813469 ], [ -79.8305683, 37.8138969 ], [ -79.829841, 37.814139 ], [ -79.828004, 37.814762 ], [ -79.8280386, 37.8148355 ], [ -79.8282579, 37.8153019 ], [ -79.828289, 37.815368 ], [ -79.82828, 37.815399 ], [ -79.828255, 37.81543 ], [ -79.828234, 37.815445 ], [ -79.828185, 37.815467 ], [ -79.827824, 37.8156309 ], [ -79.8268429, 37.8160465 ], [ -79.826181, 37.816321 ], [ -79.82602, 37.816295 ], [ -79.8258991, 37.8162758 ], [ -79.825697, 37.8162437 ], [ -79.8249977, 37.8161321 ], [ -79.8248346, 37.8161065 ], [ -79.8245554, 37.8160625 ], [ -79.8242854, 37.8160157 ], [ -79.8241298, 37.8159926 ], [ -79.8239242, 37.8159622 ], [ -79.823714, 37.815931 ], [ -79.8233923, 37.8158813 ], [ -79.8230844, 37.8158338 ], [ -79.8226373, 37.8157647 ], [ -79.822529, 37.815748 ], [ -79.82245, 37.8157354 ], [ -79.821335, 37.815557 ], [ -79.821013, 37.815504 ], [ -79.820425, 37.8154107 ], [ -79.820143, 37.815366 ], [ -79.819091, 37.815206 ], [ -79.818928, 37.815196 ], [ -79.819083, 37.814593 ], [ -79.8191761, 37.8143219 ], [ -79.8192087, 37.8142485 ], [ -79.8192382, 37.8141893 ], [ -79.8198009, 37.8131984 ], [ -79.8203956, 37.8121789 ], [ -79.820412, 37.8121455 ], [ -79.8204174, 37.8121222 ], [ -79.8204175, 37.8120849 ], [ -79.8204126, 37.812033 ], [ -79.8203719, 37.811949 ], [ -79.8203384, 37.8119122 ], [ -79.8202111, 37.8118369 ], [ -79.8195267, 37.8115829 ], [ -79.818015, 37.81099 ], [ -79.817675, 37.810876 ], [ -79.817347, 37.810784 ], [ -79.81711, 37.810727 ], [ -79.816811, 37.810664 ], [ -79.816633, 37.810635 ], [ -79.816591, 37.810629 ], [ -79.816452, 37.810608 ], [ -79.816426, 37.810605 ], [ -79.816292, 37.810587 ], [ -79.815992, 37.810555 ], [ -79.815523, 37.810526 ], [ -79.815374, 37.81052 ], [ -79.814789, 37.810508 ], [ -79.814535, 37.810508 ], [ -79.814267, 37.810511 ], [ -79.813353, 37.810529 ], [ -79.813279, 37.810532 ], [ -79.812976, 37.810545 ], [ -79.812845, 37.810557 ], [ -79.812587, 37.810582 ], [ -79.812448, 37.810602 ], [ -79.812259, 37.810629 ], [ -79.812008, 37.810677 ], [ -79.81164, 37.810767 ], [ -79.811343, 37.810858 ], [ -79.81106, 37.810959 ], [ -79.81084, 37.81105 ], [ -79.810626, 37.811149 ], [ -79.80937, 37.811806 ], [ -79.809039, 37.811962 ], [ -79.808535, 37.812172 ], [ -79.808299, 37.812263 ], [ -79.807858, 37.812421 ], [ -79.806805, 37.81277 ], [ -79.806039, 37.813023 ], [ -79.805347, 37.813222 ], [ -79.805088, 37.813286 ], [ -79.804685, 37.813367 ], [ -79.804347, 37.813427 ], [ -79.803899, 37.813489 ], [ -79.803393, 37.813544 ], [ -79.803099, 37.813565 ], [ -79.80284, 37.813584 ], [ -79.802465, 37.813599 ], [ -79.802137, 37.8136 ], [ -79.801768, 37.813588 ], [ -79.801408, 37.813567 ], [ -79.801076, 37.813537 ], [ -79.800816, 37.813504 ], [ -79.800597, 37.813462 ], [ -79.800348, 37.813397 ], [ -79.800154, 37.813332 ], [ -79.800041, 37.813286 ], [ -79.799931, 37.813236 ], [ -79.799727, 37.813127 ], [ -79.799654, 37.813082 ], [ -79.799565, 37.813028 ], [ -79.799344, 37.812864 ], [ -79.799279, 37.812832 ], [ -79.799189, 37.812804 ], [ -79.799114, 37.812793 ], [ -79.799037, 37.812791 ] ], [ [ -79.844699, 37.809244 ], [ -79.8449022, 37.8092739 ], [ -79.8449458, 37.8092808 ], [ -79.8450476, 37.8092808 ], [ -79.8451725, 37.8092854 ], [ -79.8453063, 37.80929 ], [ -79.8456991, 37.8093161 ], [ -79.8465165, 37.8093703 ], [ -79.8477672, 37.8094517 ], [ -79.8483515, 37.8094898 ], [ -79.8500366, 37.8096024 ], [ -79.8504826, 37.8096322 ], [ -79.850787, 37.809584 ], [ -79.8508926, 37.8093957 ], [ -79.850921, 37.809345 ], [ -79.851058, 37.809041 ], [ -79.851248, 37.808636 ], [ -79.851356, 37.808437 ], [ -79.85152, 37.808187 ], [ -79.851631, 37.808049 ], [ -79.851756, 37.807919 ], [ -79.851921, 37.807772 ], [ -79.852142, 37.807595 ], [ -79.85262, 37.80725 ] ], [ [ -79.828004, 37.814762 ], [ -79.82768, 37.814877 ], [ -79.827618, 37.814899 ], [ -79.8275009, 37.8149465 ], [ -79.827181, 37.815076 ], [ -79.8259328, 37.8156004 ], [ -79.825836, 37.815641 ], [ -79.8257129, 37.8156926 ], [ -79.8255256, 37.8157711 ], [ -79.825146, 37.815931 ], [ -79.8249914, 37.8160041 ], [ -79.8248346, 37.8161065 ] ] ] }, "id": "relation/1928815" }, { "type": "Feature", "properties": { "@id": "relation/1928816", "description": "US 220 Business (Martinsville, VA)", "is_in:state": "VA", "modifier": "Business", "network": "US:US:Business", "ref":"US 220 BUS", "route": "road", "type": "route" }, "geometry": { "type": "MultiLineString", "coordinates": [ [ [ -79.8598623, 36.6229739 ], [ -79.8597738, 36.6239974 ], [ -79.8597641, 36.6241099 ], [ -79.8594452, 36.6274414 ], [ -79.859427, 36.627632 ], [ -79.859369, 36.628264 ], [ -79.8591684, 36.6303684 ], [ -79.859132, 36.63075 ], [ -79.858967, 36.63249 ], [ -79.858856, 36.633664 ], [ -79.858845, 36.633788 ], [ -79.8588124, 36.6341403 ], [ -79.858785, 36.634436 ], [ -79.858766, 36.634647 ], [ -79.85874, 36.635073 ], [ -79.858739, 36.635342 ], [ -79.858751, 36.635598 ], [ -79.858781, 36.63592 ], [ -79.858829, 36.636254 ], [ -79.858892, 36.636562 ], [ -79.8589118, 36.636641 ], [ -79.858966, 36.636857 ], [ -79.859023, 36.637083 ], [ -79.8590585, 36.6371924 ], [ -79.859118, 36.637376 ], [ -79.859259, 36.637746 ], [ -79.859388, 36.638033 ], [ -79.859562, 36.638379 ], [ -79.859735, 36.638687 ], [ -79.859911, 36.638969 ], [ -79.860149, 36.639309 ], [ -79.860267, 36.639466 ], [ -79.861007, 36.64038 ], [ -79.861088, 36.640483 ], [ -79.861418, 36.640894 ], [ -79.861634, 36.641159 ], [ -79.861871, 36.64145 ], [ -79.862009, 36.64162 ], [ -79.862652, 36.642415 ], [ -79.86273, 36.642511 ], [ -79.862981, 36.642828 ], [ -79.863207, 36.643103 ], [ -79.863326, 36.643245 ], [ -79.8640076, 36.6441069 ], [ -79.864101, 36.644225 ], [ -79.864293, 36.64447 ], [ -79.864913, 36.645321 ], [ -79.865869, 36.646711 ], [ -79.865962, 36.646836 ], [ -79.866057, 36.64696 ], [ -79.866306, 36.647264 ], [ -79.866689, 36.647695 ], [ -79.866979, 36.647986 ], [ -79.867236, 36.648218 ], [ -79.867704, 36.648609 ], [ -79.869073, 36.6497 ], [ -79.869689, 36.6501955 ], [ -79.869824, 36.650304 ], [ -79.870634, 36.650947 ], [ -79.870967, 36.651196 ], [ -79.871285, 36.651416 ], [ -79.871621, 36.65162 ], [ -79.871862, 36.651775 ], [ -79.872808, 36.65237 ], [ -79.873319, 36.652701 ], [ -79.873748, 36.652968 ], [ -79.8740747, 36.6531814 ], [ -79.874169, 36.653243 ], [ -79.874277, 36.653308 ], [ -79.874443, 36.65341 ], [ -79.875076, 36.653814 ], [ -79.87526, 36.65393 ], [ -79.875744, 36.654248 ], [ -79.876016, 36.654486 ], [ -79.876146, 36.654606 ], [ -79.877227, 36.655677 ], [ -79.87827, 36.65672 ], [ -79.87936, 36.657801 ], [ -79.879702, 36.658133 ], [ -79.879953, 36.658391 ], [ -79.880419, 36.65885 ], [ -79.881162, 36.659592 ], [ -79.881401, 36.659853 ], [ -79.881573, 36.660063 ], [ -79.881716, 36.660267 ], [ -79.881904, 36.660578 ], [ -79.8821354, 36.6609503 ], [ -79.8824115, 36.6613947 ], [ -79.882595, 36.66169 ], [ -79.882624, 36.661748 ], [ -79.882658, 36.661817 ], [ -79.88268, 36.661867 ], [ -79.882733, 36.662014 ], [ -79.882776, 36.662182 ], [ -79.882795, 36.662311 ], [ -79.8828, 36.662466 ], [ -79.882787, 36.662621 ], [ -79.8827765, 36.6627525 ], [ -79.8827513, 36.6628444 ], [ -79.8826966, 36.6629989 ], [ -79.8825423, 36.6633059 ], [ -79.8822994, 36.663778 ], [ -79.8821994, 36.6640235 ], [ -79.8821483, 36.6642321 ], [ -79.8821432, 36.6643069 ], [ -79.8821383, 36.664379 ], [ -79.882144, 36.6645081 ], [ -79.8821562, 36.6646563 ], [ -79.8821716, 36.664732 ], [ -79.8822019, 36.6648619 ], [ -79.8822554, 36.6650082 ], [ -79.8823009, 36.6651037 ], [ -79.8823649, 36.6651995 ], [ -79.8824245, 36.6652904 ], [ -79.8824558, 36.6653358 ], [ -79.8825451, 36.6654511 ], [ -79.8826795, 36.6655874 ], [ -79.882735, 36.665636 ], [ -79.882964, 36.665808 ], [ -79.883158, 36.665963 ], [ -79.883433, 36.666207 ], [ -79.883479, 36.666258 ], [ -79.883584, 36.666391 ], [ -79.883674, 36.66653 ], [ -79.883747, 36.666676 ], [ -79.88382, 36.66686 ], [ -79.883864, 36.667019 ], [ -79.883889, 36.66718 ], [ -79.883896, 36.667321 ], [ -79.883913, 36.667531 ], [ -79.883911, 36.667723 ], [ -79.883889, 36.667915 ], [ -79.883815, 36.668082 ], [ -79.883704, 36.668274 ], [ -79.883594, 36.668428 ], [ -79.883493, 36.668547 ], [ -79.883219, 36.668814 ], [ -79.883054, 36.668957 ], [ -79.882483, 36.669435 ], [ -79.88227, 36.669616 ], [ -79.881832, 36.669987 ], [ -79.8818001, 36.6700154 ], [ -79.881723, 36.670084 ], [ -79.8816442, 36.6701512 ], [ -79.881533, 36.670246 ], [ -79.8815119, 36.6702638 ], [ -79.881372, 36.670382 ], [ -79.8812279, 36.6705058 ], [ -79.880974, 36.670712 ], [ -79.880755, 36.670869 ], [ -79.880568, 36.670988 ], [ -79.879714, 36.671464 ], [ -79.879209, 36.671751 ], [ -79.879163, 36.671781 ], [ -79.8790903, 36.6718378 ], [ -79.879026, 36.671888 ], [ -79.878913, 36.671989 ], [ -79.878815, 36.672094 ], [ -79.878719, 36.67222 ], [ -79.878637, 36.672353 ], [ -79.878572, 36.672492 ], [ -79.8783927, 36.6730429 ], [ -79.8783032, 36.6733176 ], [ -79.878195, 36.67365 ], [ -79.878119, 36.673821 ], [ -79.878025, 36.673986 ], [ -79.877942, 36.674108 ], [ -79.877841, 36.674237 ], [ -79.877675, 36.674417 ], [ -79.877521, 36.674556 ], [ -79.877141, 36.6748568 ], [ -79.876841, 36.675078 ], [ -79.876294, 36.675498 ], [ -79.876154, 36.675609 ], [ -79.87602, 36.675737 ], [ -79.875903, 36.67587 ], [ -79.87586, 36.67594 ], [ -79.875811, 36.676036 ], [ -79.875765, 36.676162 ], [ -79.875737, 36.67629 ], [ -79.875647, 36.677426 ], [ -79.875616, 36.677695 ], [ -79.875585, 36.677923 ], [ -79.8755724, 36.6779804 ], [ -79.875541, 36.678123 ], [ -79.875476, 36.678333 ], [ -79.875404, 36.6785136 ], [ -79.875344, 36.678664 ], [ -79.8753159, 36.6787205 ], [ -79.8752929, 36.6787668 ], [ -79.875205, 36.678944 ], [ -79.8750069, 36.6792846 ], [ -79.874963, 36.67936 ], [ -79.874876, 36.679554 ], [ -79.874823, 36.679713 ], [ -79.874802, 36.679793 ], [ -79.874767, 36.679962 ], [ -79.87475, 36.680103 ], [ -79.874744, 36.680279 ], [ -79.874757, 36.680483 ], [ -79.874787, 36.680647 ], [ -79.874836, 36.680809 ], [ -79.87501, 36.681226 ], [ -79.875073, 36.681376 ], [ -79.875196, 36.681631 ], [ -79.8752147, 36.6816648 ], [ -79.8752173, 36.6816695 ], [ -79.8752809, 36.6817849 ], [ -79.875303, 36.681825 ], [ -79.875403, 36.6819747 ], [ -79.875474, 36.682081 ], [ -79.8754945, 36.6821079 ], [ -79.8756, 36.682246 ], [ -79.875753, 36.682411 ], [ -79.875957, 36.682609 ], [ -79.876167, 36.682788 ], [ -79.876383, 36.682949 ], [ -79.8764585, 36.6829964 ], [ -79.876496, 36.68302 ], [ -79.876621, 36.683092 ], [ -79.8766784, 36.683121 ], [ -79.87688, 36.683223 ], [ -79.877186, 36.683362 ], [ -79.877451, 36.683464 ], [ -79.877722, 36.683553 ], [ -79.877882, 36.683591 ], [ -79.8780361, 36.6836206 ], [ -79.878153, 36.683643 ], [ -79.878891, 36.683742 ], [ -79.879157, 36.683778 ], [ -79.879954, 36.683879 ], [ -79.880849, 36.683999 ], [ -79.881204, 36.684043 ], [ -79.881686, 36.684103 ], [ -79.88177, 36.684118 ], [ -79.881895, 36.684141 ], [ -79.882096, 36.684193 ], [ -79.882277, 36.684256 ], [ -79.882417, 36.684316 ], [ -79.882584, 36.684402 ], [ -79.88274, 36.684499 ], [ -79.882897, 36.684616 ], [ -79.883003, 36.684714 ], [ -79.883135, 36.684859 ], [ -79.883233, 36.68499 ], [ -79.883317, 36.685127 ], [ -79.883385, 36.68527 ], [ -79.88354, 36.685704 ], [ -79.883778, 36.686373 ], [ -79.88403, 36.687104 ], [ -79.88418, 36.687517 ], [ -79.884289, 36.687833 ], [ -79.884333, 36.687948 ], [ -79.884449, 36.688193 ], [ -79.884558, 36.688386 ], [ -79.884686, 36.688575 ], [ -79.88486, 36.688792 ], [ -79.885022, 36.688968 ], [ -79.885137, 36.689075 ], [ -79.8853941, 36.6892825 ], [ -79.885427, 36.689309 ], [ -79.885482, 36.6893486 ], [ -79.8855369, 36.6893882 ], [ -79.885674, 36.689487 ], [ -79.885822, 36.689578 ], [ -79.8858656, 36.6896005 ], [ -79.886048, 36.689695 ], [ -79.886285, 36.689798 ], [ -79.886645, 36.689931 ], [ -79.887076, 36.690078 ], [ -79.887328, 36.690153 ], [ -79.887647, 36.690233 ], [ -79.88788, 36.690279 ], [ -79.888187, 36.690323 ], [ -79.888391, 36.690343 ], [ -79.888678, 36.690358 ], [ -79.889303, 36.690356 ], [ -79.889658, 36.690359 ], [ -79.889908, 36.690372 ], [ -79.890177, 36.690397 ], [ -79.890444, 36.690436 ], [ -79.890707, 36.690489 ], [ -79.891033, 36.690568 ], [ -79.8914, 36.690682 ], [ -79.891649, 36.690774 ], [ -79.891889, 36.690879 ], [ -79.892121, 36.690996 ], [ -79.892378, 36.691143 ], [ -79.892644, 36.691315 ], [ -79.892871, 36.691481 ], [ -79.892936, 36.691533 ], [ -79.894183, 36.692604 ], [ -79.894383, 36.692769 ], [ -79.89497, 36.693273 ], [ -79.89579, 36.693969 ], [ -79.89585, 36.694016 ], [ -79.8959929, 36.6941399 ], [ -79.896375, 36.694471 ], [ -79.897179, 36.69516 ], [ -79.89755, 36.695471 ], [ -79.8976352, 36.6955354 ], [ -79.8978166, 36.6956727 ], [ -79.897998, 36.6958099 ], [ -79.8981969, 36.6959868 ], [ -79.898692, 36.696427 ], [ -79.8992138, 36.6969017 ], [ -79.8998246, 36.6974284 ], [ -79.900286, 36.697802 ], [ -79.900663, 36.698122 ], [ -79.901732, 36.699045 ], [ -79.901979, 36.699253 ], [ -79.902121, 36.699372 ], [ -79.9029925, 36.7001048 ], [ -79.9031979, 36.7002792 ], [ -79.903796, 36.700793 ], [ -79.9038252, 36.700816 ], [ -79.904014, 36.700965 ], [ -79.904159, 36.701079 ], [ -79.904305, 36.7012057 ], [ -79.904401, 36.701289 ], [ -79.9045245, 36.7013961 ], [ -79.905463, 36.70221 ], [ -79.906049, 36.702706 ], [ -79.906818, 36.703358 ], [ -79.907601, 36.704028 ], [ -79.908198, 36.704536 ], [ -79.908423, 36.704747 ], [ -79.908552, 36.704879 ], [ -79.908682, 36.705037 ], [ -79.908776, 36.705168 ], [ -79.9088315, 36.7052602 ], [ -79.908879, 36.705339 ], [ -79.908951, 36.705479 ], [ -79.909037, 36.705691 ], [ -79.909084, 36.705843 ], [ -79.9091, 36.705918 ], [ -79.909133, 36.706067 ], [ -79.909154, 36.706256 ], [ -79.909159, 36.706484 ], [ -79.909153, 36.7065796 ], [ -79.909147, 36.706674 ], [ -79.909131, 36.706761 ], [ -79.9091238, 36.7067863 ], [ -79.909101, 36.70693 ], [ -79.909043, 36.707124 ], [ -79.908986, 36.707269 ], [ -79.9089, 36.707446 ], [ -79.90884, 36.70755 ], [ -79.908653, 36.707812 ], [ -79.908533, 36.707954 ], [ -79.908378, 36.708117 ], [ -79.908213, 36.708273 ], [ -79.907735, 36.708703 ], [ -79.907553, 36.708874 ], [ -79.907414, 36.709028 ], [ -79.907313, 36.709158 ], [ -79.907198, 36.709333 ], [ -79.907079, 36.709559 ], [ -79.906984, 36.709791 ], [ -79.906945, 36.709914 ], [ -79.906909, 36.710054 ], [ -79.906874, 36.710273 ], [ -79.906864, 36.710457 ], [ -79.906869, 36.710605 ], [ -79.906901, 36.710862 ], [ -79.906951, 36.711078 ], [ -79.9069985, 36.711222 ], [ -79.907015, 36.711272 ], [ -79.907096, 36.711461 ], [ -79.907191, 36.711639 ], [ -79.907332, 36.711869 ], [ -79.907489, 36.712092 ], [ -79.9075997, 36.7122585 ], [ -79.908117, 36.713037 ], [ -79.9082426, 36.71322 ], [ -79.908397, 36.713445 ], [ -79.908538, 36.7136507 ], [ -79.908556, 36.713677 ], [ -79.909129, 36.714522 ], [ -79.9092132, 36.7146472 ], [ -79.9095545, 36.7151542 ], [ -79.909662, 36.715314 ], [ -79.9099952, 36.71581 ], [ -79.910135, 36.716018 ], [ -79.9102132, 36.7161349 ], [ -79.910381, 36.7163857 ], [ -79.910598, 36.71671 ], [ -79.910781, 36.716976 ], [ -79.9109045, 36.7171568 ], [ -79.911413, 36.717901 ], [ -79.9114781, 36.7179984 ], [ -79.911588, 36.718163 ], [ -79.911644, 36.718247 ], [ -79.91173, 36.718377 ], [ -79.911957, 36.718723 ], [ -79.912476, 36.719484 ], [ -79.913227, 36.7205956 ], [ -79.9134184, 36.7208744 ], [ -79.913582, 36.721113 ], [ -79.9137128, 36.7213091 ], [ -79.913864, 36.7215357 ], [ -79.9141382, 36.7219429 ], [ -79.9144512, 36.7224117 ], [ -79.915017, 36.723256 ], [ -79.91534, 36.723728 ], [ -79.9153615, 36.7237598 ], [ -79.9154723, 36.7239237 ], [ -79.9156004, 36.7241134 ], [ -79.915857, 36.724493 ], [ -79.9160748, 36.7248205 ], [ -79.916117, 36.724884 ], [ -79.916509, 36.725458 ], [ -79.916781, 36.725857 ], [ -79.9168546, 36.7259679 ], [ -79.9171214, 36.7263698 ], [ -79.9172856, 36.7266172 ], [ -79.91732, 36.726669 ], [ -79.9174361, 36.7268382 ], [ -79.917541, 36.726991 ], [ -79.9176987, 36.7272162 ], [ -79.91773, 36.727261 ], [ -79.9178089, 36.7273803 ], [ -79.917906, 36.727527 ], [ -79.9180088, 36.7276775 ], [ -79.918184, 36.727934 ], [ -79.91823, 36.728008 ], [ -79.918452, 36.728349 ], [ -79.918809, 36.728861 ], [ -79.9189656, 36.7290983 ], [ -79.9190691, 36.7292551 ], [ -79.9190854, 36.7292797 ], [ -79.919178, 36.72942 ], [ -79.9192843, 36.7295805 ], [ -79.919338, 36.7296616 ], [ -79.9193958, 36.7297488 ], [ -79.919439, 36.729814 ], [ -79.9196061, 36.7300589 ], [ -79.9196404, 36.7301091 ], [ -79.91983, 36.730387 ], [ -79.9200173, 36.730637 ], [ -79.920045, 36.730674 ], [ -79.920291, 36.73097 ], [ -79.920532, 36.731239 ], [ -79.921054, 36.731748 ], [ -79.921209, 36.731874 ], [ -79.921452, 36.732079 ], [ -79.921942, 36.732443 ], [ -79.9221547, 36.7325784 ], [ -79.9223963, 36.7327321 ], [ -79.922492, 36.732793 ], [ -79.923104, 36.733145 ], [ -79.92347, 36.733355 ], [ -79.923752, 36.733518 ], [ -79.924302, 36.733833 ], [ -79.924426, 36.733904 ], [ -79.9246489, 36.7340323 ], [ -79.9248448, 36.734145 ], [ -79.9251726, 36.7343337 ], [ -79.925903, 36.734754 ], [ -79.9262214, 36.7349417 ], [ -79.9263322, 36.735007 ], [ -79.926451, 36.735077 ], [ -79.926702, 36.735243 ], [ -79.9267597, 36.7352851 ], [ -79.926894, 36.735383 ], [ -79.927104, 36.735573 ], [ -79.927299, 36.735772 ], [ -79.927445, 36.735938 ], [ -79.927508, 36.736028 ], [ -79.9275499, 36.7360942 ], [ -79.927653, 36.736257 ], [ -79.927782, 36.736493 ], [ -79.927926, 36.736803 ], [ -79.928344, 36.737709 ], [ -79.928571, 36.738176 ], [ -79.928813, 36.738502 ], [ -79.92899, 36.73874 ], [ -79.9290081, 36.7387679 ], [ -79.9293775, 36.7391024 ], [ -79.929425, 36.739141 ], [ -79.929615, 36.739273 ], [ -79.929823, 36.739399 ], [ -79.930024, 36.739506 ], [ -79.930268, 36.739616 ], [ -79.930543, 36.739702 ], [ -79.930825, 36.739775 ], [ -79.931112, 36.739833 ], [ -79.93184, 36.739906 ], [ -79.932528, 36.739961 ], [ -79.93283, 36.73997 ], [ -79.932968, 36.739971 ], [ -79.933408, 36.739959 ], [ -79.93366, 36.739946 ], [ -79.934021, 36.739911 ], [ -79.93428, 36.739873 ], [ -79.934634, 36.739807 ], [ -79.934923, 36.739737 ], [ -79.935151, 36.739671 ], [ -79.935454, 36.739572 ], [ -79.935767, 36.739462 ], [ -79.93615, 36.739327 ], [ -79.936189, 36.739313 ], [ -79.937078, 36.739097 ], [ -79.937234, 36.73907 ], [ -79.9375671, 36.7389578 ], [ -79.9377926, 36.7388662 ], [ -79.937988, 36.7387465 ], [ -79.9381942, 36.7385515 ], [ -79.9383348, 36.7383395 ], [ -79.9384327, 36.7381395 ], [ -79.9385247, 36.7378786 ], [ -79.9385414, 36.7376678 ], [ -79.9385238, 36.7374903 ], [ -79.9384147, 36.737307 ], [ -79.938243, 36.737135 ], [ -79.9380599, 36.7370737 ], [ -79.9378745, 36.7370441 ], [ -79.9376589, 36.7370548 ], [ -79.9375082, 36.7370975 ], [ -79.9373438, 36.7371883 ], [ -79.9372269, 36.7373034 ], [ -79.9371403, 36.7374535 ], [ -79.936947, 36.7378173 ] ], [ [ -79.883889, 36.667915 ], [ -79.883933, 36.667837 ], [ -79.883994, 36.667703 ], [ -79.884035, 36.667576 ], [ -79.88406, 36.667451 ], [ -79.884071, 36.66732 ], [ -79.884058, 36.667093 ], [ -79.884028, 36.666914 ], [ -79.883986, 36.666756 ], [ -79.883928, 36.666607 ], [ -79.883853, 36.666463 ], [ -79.883722, 36.666261 ], [ -79.883634, 36.66615 ], [ -79.883511, 36.666018 ], [ -79.883403, 36.665918 ], [ -79.8828676, 36.6654891 ], [ -79.8827975, 36.6654267 ], [ -79.8827315, 36.6653657 ], [ -79.8826745, 36.6652997 ], [ -79.8826178, 36.6652011 ], [ -79.8825671, 36.6651011 ], [ -79.8825358, 36.6650196 ], [ -79.8825179, 36.664889 ], [ -79.8825201, 36.6647732 ], [ -79.8825506, 36.6646314 ], [ -79.8826253, 36.6644738 ], [ -79.8828519, 36.6640049 ], [ -79.8829688, 36.6637744 ], [ -79.883075, 36.6635341 ], [ -79.8831479, 36.6633265 ], [ -79.8831877, 36.6631374 ], [ -79.883197, 36.66302 ], [ -79.883193, 36.662848 ], [ -79.883172, 36.662677 ], [ -79.883133, 36.662508 ], [ -79.883101, 36.662409 ], [ -79.883042, 36.662261 ], [ -79.882963, 36.662106 ], [ -79.882787, 36.661805 ], [ -79.882746, 36.661736 ], [ -79.8825304, 36.6613922 ], [ -79.8822393, 36.6609281 ], [ -79.881528, 36.659794 ], [ -79.881431, 36.659648 ], [ -79.881278, 36.659445 ], [ -79.881145, 36.659289 ], [ -79.880663, 36.658821 ], [ -79.879979, 36.658132 ], [ -79.879548, 36.657709 ], [ -79.878321, 36.656482 ], [ -79.877886, 36.656053 ], [ -79.877395, 36.655564 ], [ -79.87633, 36.654507 ], [ -79.876179, 36.654366 ], [ -79.875977, 36.654192 ], [ -79.87574, 36.654007 ], [ -79.875525, 36.653856 ], [ -79.875053, 36.653543 ], [ -79.8745718, 36.6532369 ], [ -79.87444, 36.653153 ], [ -79.8740491, 36.6529099 ], [ -79.873838, 36.6527632 ], [ -79.87291, 36.652186 ], [ -79.872008, 36.651609 ], [ -79.871415, 36.651237 ], [ -79.871083, 36.651007 ], [ -79.87076, 36.650766 ], [ -79.870171, 36.6503015 ], [ -79.870017, 36.65018 ], [ -79.869195, 36.649519 ], [ -79.868514, 36.648979 ], [ -79.867717, 36.648337 ], [ -79.867364, 36.648029 ], [ -79.867037, 36.647723 ], [ -79.866771, 36.647451 ], [ -79.866464, 36.647106 ], [ -79.866339, 36.646957 ], [ -79.866089, 36.646643 ], [ -79.866037, 36.646571 ], [ -79.865578, 36.645924 ], [ -79.865109, 36.645237 ], [ -79.864751, 36.644733 ], [ -79.8644056, 36.6442632 ], [ -79.864304, 36.644125 ], [ -79.86416, 36.643929 ], [ -79.86358, 36.643206 ], [ -79.863408, 36.642994 ], [ -79.862946, 36.642421 ], [ -79.862804, 36.642243 ], [ -79.862727, 36.642147 ], [ -79.862359, 36.641685 ], [ -79.862202, 36.641496 ], [ -79.861901, 36.641125 ], [ -79.861827, 36.641034 ], [ -79.861287, 36.640373 ], [ -79.860955, 36.639961 ], [ -79.860621, 36.639543 ], [ -79.860348, 36.639189 ], [ -79.860171, 36.638939 ], [ -79.859958, 36.63861 ], [ -79.859847, 36.63842 ], [ -79.859712, 36.638169 ], [ -79.859561, 36.637851 ], [ -79.859492, 36.637695 ], [ -79.8593944, 36.6374278 ], [ -79.859336, 36.637268 ], [ -79.8592542, 36.6370147 ], [ -79.859223, 36.636918 ], [ -79.859196, 36.636809 ], [ -79.859149, 36.636625 ], [ -79.859078, 36.63627 ], [ -79.859011, 36.635782 ], [ -79.858989, 36.635472 ], [ -79.858988, 36.635065 ], [ -79.858998, 36.63482 ], [ -79.859063, 36.634063 ], [ -79.8591, 36.633685 ], [ -79.859102, 36.633663 ], [ -79.859216, 36.632448 ], [ -79.859359, 36.63097 ], [ -79.85938, 36.630759 ], [ -79.859475, 36.629735 ], [ -79.859611, 36.628276 ], [ -79.8596553, 36.6278187 ], [ -79.859672, 36.627646 ], [ -79.859929, 36.6249 ], [ -79.85999, 36.624196 ], [ -79.860003, 36.624046 ], [ -79.8601054, 36.6230021 ], [ -79.8601689, 36.6223544 ], [ -79.8601948, 36.6220604 ], [ -79.8602061, 36.6219319 ], [ -79.8602674, 36.6214114 ] ], [ [ -79.928571, 36.738176 ], [ -79.928713, 36.738487 ], [ -79.928845, 36.738776 ], [ -79.9289024, 36.7388469 ], [ -79.9292055, 36.7392144 ], [ -79.929263, 36.739265 ], [ -79.929366, 36.739351 ], [ -79.929477, 36.739429 ], [ -79.929626, 36.739516 ], [ -79.929852, 36.739638 ], [ -79.929915, 36.739668 ], [ -79.930096, 36.739742 ], [ -79.930321, 36.739815 ], [ -79.930487, 36.739862 ], [ -79.930657, 36.739901 ], [ -79.930829, 36.739932 ], [ -79.931026, 36.73995 ], [ -79.93181, 36.74002 ], [ -79.9322061, 36.7400412 ], [ -79.932332, 36.740048 ], [ -79.932604, 36.740071 ], [ -79.932832, 36.740079 ], [ -79.933094, 36.740076 ], [ -79.933525, 36.740054 ], [ -79.933645, 36.740045 ], [ -79.933987, 36.740098 ], [ -79.934227, 36.740153 ], [ -79.934348, 36.74019 ], [ -79.934527, 36.740259 ], [ -79.934665, 36.740323 ], [ -79.93483, 36.740414 ], [ -79.935495, 36.740862 ], [ -79.935639, 36.740971 ], [ -79.935771, 36.741089 ], [ -79.935893, 36.741221 ], [ -79.936007, 36.741368 ], [ -79.936105, 36.741521 ], [ -79.936204, 36.741723 ], [ -79.9363361, 36.7418912 ] ] ] }, "id": "relation/1928816" }, { "type": "Feature", "properties": { "@id": "relation/1928817", "description": "US 220 Business (Ridgeway, VA)", "is_in:state": "VA", "modifier": "Business", "network": "US:US:Business", "ref":"US 220 BUS", "route": "road", "type": "route" }, "geometry": { "type": "MultiLineString", "coordinates": [ [ [ -79.8718844, 36.5711415 ], [ -79.8716161, 36.5713501 ], [ -79.8715875, 36.5713713 ], [ -79.8715581, 36.5713904 ], [ -79.8715175, 36.571414 ], [ -79.8714741, 36.5714376 ], [ -79.8714251, 36.571459 ], [ -79.8713326, 36.5714916 ], [ -79.8712598, 36.5715175 ], [ -79.8712276, 36.5715321 ], [ -79.8711845, 36.5715524 ], [ -79.871119, 36.571592 ], [ -79.8709802, 36.571671 ], [ -79.870716, 36.571852 ], [ -79.870558, 36.571975 ], [ -79.87012, 36.572302 ], [ -79.869856, 36.572475 ], [ -79.869728, 36.572554 ], [ -79.869472, 36.572699 ], [ -79.869346, 36.572757 ], [ -79.868867, 36.572959 ], [ -79.868312, 36.573172 ], [ -79.8681228, 36.573242 ], [ -79.867809, 36.573358 ], [ -79.8676729, 36.5734112 ], [ -79.867333, 36.573544 ], [ -79.867221, 36.573583 ], [ -79.866946, 36.57369 ], [ -79.866899, 36.573709 ], [ -79.866636, 36.573816 ], [ -79.8664321, 36.5739298 ], [ -79.866308, 36.5740095 ], [ -79.866147, 36.574134 ], [ -79.865808, 36.574443 ], [ -79.865566, 36.574672 ], [ -79.865249, 36.574971 ], [ -79.8651885, 36.575024 ], [ -79.865137, 36.575069 ], [ -79.865018, 36.575161 ], [ -79.864824, 36.575286 ], [ -79.864583, 36.575399 ], [ -79.8645466, 36.5754143 ], [ -79.864018, 36.575636 ], [ -79.863182, 36.575976 ], [ -79.862494, 36.576259 ], [ -79.862428, 36.576286 ], [ -79.86188, 36.576504 ], [ -79.861647, 36.576571 ], [ -79.8616244, 36.5765758 ], [ -79.861571, 36.576587 ], [ -79.861471, 36.576608 ], [ -79.861305, 36.576633 ], [ -79.861136, 36.576642 ], [ -79.8606219, 36.5766383 ], [ -79.8602006, 36.576625 ], [ -79.8596043, 36.5766042 ], [ -79.859485, 36.5766034 ], [ -79.8593864, 36.5766086 ], [ -79.859272, 36.5766264 ], [ -79.8591903, 36.5766451 ], [ -79.8590783, 36.5766806 ], [ -79.8589579, 36.5767257 ], [ -79.8588267, 36.5767899 ], [ -79.8587015, 36.5768569 ], [ -79.8586218, 36.5769101 ], [ -79.8585795, 36.576945 ], [ -79.8585219, 36.5770054 ], [ -79.8584682, 36.5770752 ], [ -79.8584257, 36.5771374 ], [ -79.8583581, 36.5772482 ], [ -79.8582412, 36.5774686 ], [ -79.85814, 36.577658 ], [ -79.857956, 36.578037 ], [ -79.857866, 36.57825 ], [ -79.857806, 36.578431 ], [ -79.857755, 36.578632 ], [ -79.857718, 36.578823 ], [ -79.857622, 36.579353 ], [ -79.857507, 36.579967 ], [ -79.857491, 36.580066 ], [ -79.8574806, 36.5801664 ], [ -79.857469, 36.580278 ], [ -79.857472, 36.580403 ], [ -79.857509, 36.580593 ], [ -79.857547, 36.5807 ], [ -79.857614, 36.580822 ], [ -79.85771, 36.580941 ], [ -79.857802, 36.581034 ], [ -79.857896, 36.581118 ], [ -79.859223, 36.582213 ], [ -79.859623, 36.582546 ], [ -79.859811, 36.582717 ], [ -79.859935, 36.582847 ], [ -79.860054, 36.582992 ], [ -79.860195, 36.583187 ], [ -79.8607788, 36.5840855 ], [ -79.8612386, 36.5848104 ], [ -79.861712, 36.5855508 ], [ -79.862279, 36.586443 ], [ -79.862326, 36.58651 ], [ -79.862481, 36.58671 ], [ -79.862604, 36.586845 ], [ -79.862735, 36.586959 ], [ -79.862895, 36.587074 ], [ -79.863059, 36.587173 ], [ -79.86317, 36.587229 ], [ -79.8634198, 36.5872359 ] ], [ [ -79.871119, 36.571592 ], [ -79.8712368, 36.5715663 ], [ -79.8712636, 36.5715626 ], [ -79.8712904, 36.5715619 ], [ -79.8713126, 36.5715626 ], [ -79.8713357, 36.5715663 ], [ -79.8713588, 36.5715752 ], [ -79.8713754, 36.5715834 ], [ -79.871392, 36.5715945 ], [ -79.871405, 36.5716064 ], [ -79.8714114, 36.5716183 ], [ -79.8714151, 36.5716346 ], [ -79.8714132, 36.5716627 ] ] ] }, "id": "relation/1928817" }, { "type": "Feature", "properties": { "@id": "relation/1928818", "description": "US 220 Business (Roanoke, VA)", "is_in:state": "VA", "modifier": "Business", "network": "US:US:Business", "ref":"US 220 BUS", "route": "road", "type": "route" }, "geometry": { "type": "MultiLineString", "coordinates": [ [ [ -79.971256, 37.22968 ], [ -79.971462, 37.230201 ], [ -79.971599, 37.230589 ], [ -79.971701, 37.230949 ], [ -79.971743, 37.231151 ], [ -79.971774, 37.231365 ], [ -79.971795, 37.231649 ], [ -79.971794, 37.232134 ], [ -79.971809, 37.232248 ], [ -79.97184, 37.232353 ], [ -79.971841, 37.232357 ], [ -79.971891, 37.232458 ], [ -79.971958, 37.232553 ], [ -79.971996, 37.232652 ], [ -79.972024, 37.232779 ], [ -79.97202, 37.232848 ], [ -79.972003, 37.232927 ], [ -79.971836, 37.233075 ], [ -79.971714, 37.233194 ], [ -79.971579, 37.233325 ], [ -79.971411, 37.233512 ], [ -79.971317, 37.233628 ], [ -79.971216, 37.233762 ], [ -79.9711003, 37.2339289 ], [ -79.971051, 37.234 ], [ -79.9709931, 37.234093 ], [ -79.970957, 37.234151 ], [ -79.9708069, 37.2343808 ], [ -79.970731, 37.234497 ], [ -79.970609, 37.234685 ], [ -79.970592, 37.2347102 ], [ -79.9704113, 37.2349768 ], [ -79.9702711, 37.2351837 ], [ -79.970235, 37.235237 ], [ -79.970124, 37.2353928 ], [ -79.9700006, 37.2355662 ], [ -79.9699068, 37.2357004 ], [ -79.969802, 37.235845 ], [ -79.969624, 37.236086 ], [ -79.9693615, 37.2364089 ], [ -79.969294, 37.236492 ], [ -79.969115, 37.236697 ], [ -79.9690003, 37.2368158 ], [ -79.9689792, 37.2368377 ], [ -79.96876, 37.237042 ], [ -79.96852, 37.237245 ], [ -79.9683426, 37.237382 ], [ -79.968296, 37.237418 ], [ -79.968137, 37.23753 ], [ -79.9680678, 37.2375747 ], [ -79.967973, 37.237636 ], [ -79.9672196, 37.2380973 ], [ -79.966928, 37.238304 ], [ -79.96664, 37.238536 ], [ -79.966438, 37.238722 ], [ -79.9662709, 37.2388998 ], [ -79.966102, 37.239097 ], [ -79.965982, 37.239256 ], [ -79.9659065, 37.2393581 ], [ -79.965791, 37.239546 ], [ -79.965682, 37.239746 ], [ -79.965557, 37.240031 ], [ -79.965505, 37.240182 ], [ -79.965333, 37.240734 ], [ -79.965322, 37.240793 ], [ -79.965335, 37.240911 ], [ -79.96517, 37.241369 ], [ -79.965087, 37.241564 ], [ -79.964947, 37.241834 ], [ -79.96489, 37.241931 ], [ -79.964668, 37.242283 ], [ -79.9640162, 37.2432741 ], [ -79.963986, 37.24332 ], [ -79.9638517, 37.243502 ], [ -79.963834, 37.243526 ], [ -79.96367, 37.243717 ], [ -79.963512, 37.243873 ], [ -79.963375, 37.24399 ], [ -79.963042, 37.244247 ], [ -79.962535, 37.244613 ], [ -79.9623643, 37.2447368 ], [ -79.9618883, 37.2450821 ], [ -79.961778, 37.2451621 ], [ -79.9615571, 37.2453223 ], [ -79.961308, 37.245503 ], [ -79.9609222, 37.2457842 ], [ -79.96088, 37.245815 ], [ -79.9606952, 37.2459482 ], [ -79.960428, 37.2461407 ], [ -79.9602286, 37.2462873 ], [ -79.9600817, 37.2463938 ], [ -79.959574, 37.246762 ], [ -79.9592556, 37.2470012 ], [ -79.9591347, 37.247092 ], [ -79.958983, 37.247206 ], [ -79.9587976, 37.2473433 ], [ -79.9587161, 37.2474076 ], [ -79.9586278, 37.2474772 ], [ -79.9584655, 37.2476151 ], [ -79.9583684, 37.24769 ], [ -79.9578668, 37.2480767 ], [ -79.9578395, 37.2480977 ], [ -79.9574583, 37.2483916 ], [ -79.9572586, 37.2485456 ], [ -79.9572154, 37.2485789 ], [ -79.9571456, 37.2486327 ], [ -79.9570057, 37.2487405 ], [ -79.9567366, 37.248948 ], [ -79.9566329, 37.249028 ], [ -79.9565465, 37.2490946 ], [ -79.9564287, 37.249181 ], [ -79.9563639, 37.2492286 ], [ -79.9561883, 37.2493662 ], [ -79.9556456, 37.2497913 ], [ -79.9546222, 37.2505982 ], [ -79.9535345, 37.2514328 ], [ -79.9529563, 37.2518765 ], [ -79.9526644, 37.2521005 ], [ -79.952496, 37.2522345 ], [ -79.9523145, 37.25249 ], [ -79.9522388, 37.2525761 ], [ -79.9520448, 37.2527827 ], [ -79.9516749, 37.2531801 ], [ -79.95157, 37.2532928 ], [ -79.9514909, 37.2533825 ], [ -79.9514305, 37.2534504 ], [ -79.9513678, 37.253521 ], [ -79.9509608, 37.2539811 ], [ -79.9508818, 37.254063 ], [ -79.9507391, 37.2541166 ], [ -79.9502349, 37.2546677 ], [ -79.9501982, 37.254709 ], [ -79.950012, 37.254909 ], [ -79.949897, 37.2550358 ], [ -79.949692, 37.255262 ], [ -79.949578, 37.255387 ], [ -79.9494139, 37.2555672 ], [ -79.9490236, 37.2559903 ], [ -79.9489773, 37.2560351 ], [ -79.9487756, 37.2562437 ], [ -79.9484786, 37.256551 ], [ -79.9472648, 37.2578316 ], [ -79.9471918, 37.2579593 ], [ -79.9471288, 37.2580453 ], [ -79.9470734, 37.2581322 ], [ -79.9469506, 37.2583895 ], [ -79.9469163, 37.258501 ], [ -79.9468943, 37.258641 ], [ -79.9468959, 37.2587844 ], [ -79.946911, 37.2589773 ], [ -79.9469818, 37.2594939 ], [ -79.9469993, 37.2596577 ], [ -79.946995, 37.259871 ], [ -79.9470081, 37.2599374 ], [ -79.947026, 37.2600431 ], [ -79.9470303, 37.2601699 ], [ -79.947022, 37.260431 ], [ -79.947005, 37.2606249 ], [ -79.9469604, 37.2608641 ], [ -79.9469063, 37.2610836 ], [ -79.9468346, 37.2613635 ], [ -79.9467031, 37.2617573 ], [ -79.9466826, 37.2618167 ], [ -79.9466498, 37.2619168 ], [ -79.9466089, 37.2620641 ], [ -79.9465989, 37.2621605 ], [ -79.9466001, 37.2622178 ], [ -79.946614, 37.262326 ], [ -79.9466828, 37.2631546 ], [ -79.9466879, 37.2632409 ], [ -79.946691, 37.263293 ], [ -79.94669, 37.263515 ], [ -79.9466819, 37.2636432 ], [ -79.9466659, 37.263735 ], [ -79.9466363, 37.2638666 ], [ -79.9466184, 37.263955 ], [ -79.9466017, 37.2640375 ], [ -79.9464339, 37.264822 ], [ -79.9464142, 37.2649251 ], [ -79.9463746, 37.2652148 ], [ -79.9463477, 37.2653898 ], [ -79.9463098, 37.2657133 ], [ -79.9463034, 37.2658172 ], [ -79.94632, 37.2659314 ], [ -79.9463159, 37.2660586 ], [ -79.946317, 37.26619 ], [ -79.946319, 37.266263 ], [ -79.946313, 37.266368 ], [ -79.9463055, 37.2665019 ], [ -79.9462896, 37.2666279 ], [ -79.946275, 37.266744 ], [ -79.9462608, 37.2668404 ], [ -79.9462553, 37.266878 ], [ -79.9462213, 37.2671562 ], [ -79.9462036, 37.2672263 ], [ -79.946171, 37.2673565 ], [ -79.946134, 37.267446 ], [ -79.946018, 37.267637 ], [ -79.945966, 37.267706 ], [ -79.945709, 37.268026 ], [ -79.9456326, 37.2681187 ], [ -79.945515, 37.2682616 ], [ -79.945396, 37.268406 ], [ -79.945317, 37.268482 ], [ -79.9452238, 37.2685524 ], [ -79.9451623, 37.2685722 ], [ -79.9450716, 37.2686014 ], [ -79.9450091, 37.2686375 ], [ -79.944513, 37.2688566 ], [ -79.9440897, 37.2690436 ], [ -79.9439734, 37.2690949 ], [ -79.943878, 37.269137 ], [ -79.9437699, 37.2691746 ], [ -79.9436447, 37.2691928 ], [ -79.9435242, 37.269204 ], [ -79.942724, 37.269237 ], [ -79.9426192, 37.2692413 ], [ -79.9425584, 37.2692438 ], [ -79.9423934, 37.2692468 ], [ -79.941681, 37.26926 ], [ -79.9407156, 37.2692962 ], [ -79.940613, 37.2693 ], [ -79.9404975, 37.2693112 ], [ -79.9401897, 37.2693411 ], [ -79.9399354, 37.2693686 ], [ -79.9397328, 37.2694026 ], [ -79.9395249, 37.2694464 ], [ -79.9391371, 37.269544 ], [ -79.9385162, 37.2696973 ], [ -79.9384605, 37.2697111 ], [ -79.9383, 37.2697522 ], [ -79.938161, 37.2697896 ], [ -79.9381158, 37.2698829 ], [ -79.9380771, 37.2699666 ], [ -79.9379869, 37.2701557 ], [ -79.9379109, 37.2703099 ], [ -79.9378511, 37.2704312 ], [ -79.9378147, 37.2705059 ], [ -79.9377505, 37.2706378 ], [ -79.9377516, 37.2706837 ], [ -79.9377526, 37.2707295 ], [ -79.9377096, 37.2708283 ], [ -79.9376761, 37.2709601 ], [ -79.937658, 37.2711092 ], [ -79.937621, 37.2717105 ], [ -79.937617, 37.271775 ], [ -79.937618, 37.2718303 ], [ -79.9376172, 37.2718577 ], [ -79.9376102, 37.2721035 ], [ -79.9376185, 37.27241 ], [ -79.9376115, 37.2725813 ], [ -79.937608, 37.2727343 ], [ -79.9376025, 37.2728862 ], [ -79.9375945, 37.2729748 ], [ -79.9375835, 37.2730778 ], [ -79.9375639, 37.2731872 ], [ -79.9374566, 37.2735842 ], [ -79.9373573, 37.2738793 ], [ -79.9373251, 37.2739635 ], [ -79.9373067, 37.2740114 ], [ -79.9370399, 37.2747629 ], [ -79.9369147, 37.2750945 ], [ -79.9368859, 37.2751636 ], [ -79.9368642, 37.2752157 ], [ -79.9368373, 37.2752804 ], [ -79.9366268, 37.2758595 ], [ -79.9366377, 37.2759462 ], [ -79.9366497, 37.2760231 ], [ -79.9366717, 37.2761645 ], [ -79.9366875, 37.2762536 ], [ -79.9367059, 37.2763441 ], [ -79.9367669, 37.2766024 ], [ -79.9368497, 37.2768667 ], [ -79.9370253, 37.277651 ], [ -79.9370768, 37.2778703 ], [ -79.9371814, 37.2784564 ] ], [ [ -79.965335, 37.240911 ], [ -79.965425, 37.240809 ], [ -79.965491, 37.240658 ], [ -79.965573, 37.240416 ], [ -79.965679, 37.240155 ], [ -79.965742, 37.240013 ], [ -79.965862, 37.239779 ], [ -79.965998, 37.239552 ], [ -79.966117, 37.239375 ], [ -79.96628, 37.239161 ], [ -79.966403, 37.239017 ], [ -79.966496, 37.238915 ], [ -79.966707, 37.238705 ], [ -79.966954, 37.238487 ], [ -79.967254, 37.238254 ], [ -79.967321, 37.23821 ], [ -79.967519, 37.238079 ], [ -79.9676212, 37.2380148 ], [ -79.967917, 37.237829 ], [ -79.9679714, 37.2377948 ], [ -79.968108, 37.237709 ], [ -79.9681596, 37.2376746 ], [ -79.968243, 37.237619 ], [ -79.968478, 37.23745 ], [ -79.968773, 37.237212 ], [ -79.968951, 37.237054 ], [ -79.9690659, 37.2369475 ], [ -79.9691433, 37.2368657 ], [ -79.9693224, 37.2366664 ], [ -79.969458, 37.236515 ], [ -79.9696179, 37.2363191 ], [ -79.9697541, 37.2361485 ], [ -79.969928, 37.23591 ], [ -79.9700671, 37.2357132 ], [ -79.970266, 37.235436 ], [ -79.970778, 37.234684 ], [ -79.9707935, 37.2346598 ], [ -79.97086, 37.234556 ], [ -79.971043, 37.23427 ], [ -79.971332, 37.233833 ], [ -79.971434, 37.233694 ], [ -79.971598, 37.233496 ], [ -79.971815, 37.233269 ], [ -79.971966, 37.233123 ], [ -79.9723874, 37.2327677 ], [ -79.972489, 37.232682 ], [ -79.972677, 37.232516 ], [ -79.973231, 37.232052 ], [ -79.9733053, 37.2319878 ], [ -79.9735959, 37.2317459 ], [ -79.9738, 37.231576 ], [ -79.973691, 37.231506 ], [ -79.9733885, 37.2312689 ], [ -79.973372, 37.231256 ], [ -79.972964, 37.230997 ], [ -79.972588, 37.230745 ], [ -79.972152, 37.230426 ], [ -79.971978, 37.230279 ], [ -79.9717422, 37.2300743 ], [ -79.97145, 37.229729 ] ], [ [ -79.952496, 37.2522345 ], [ -79.9522268, 37.2523841 ], [ -79.9520887, 37.2525088 ], [ -79.9518983, 37.252701 ], [ -79.9516687, 37.2529593 ], [ -79.9515565, 37.2530924 ], [ -79.9515025, 37.2531604 ], [ -79.9514217, 37.2532624 ], [ -79.951343, 37.2533561 ], [ -79.951282, 37.2534287 ], [ -79.950777, 37.253995 ], [ -79.9507391, 37.2541166 ] ], [ [ -79.9472648, 37.2578316 ], [ -79.9471853, 37.2578942 ], [ -79.9471243, 37.2579423 ], [ -79.9470798, 37.2579886 ], [ -79.9469955, 37.2580958 ], [ -79.9469167, 37.2582421 ], [ -79.9468509, 37.2583825 ], [ -79.9468113, 37.2585013 ], [ -79.9467936, 37.2586042 ], [ -79.9467836, 37.2587125 ], [ -79.9467947, 37.2589327 ], [ -79.9467986, 37.2591118 ], [ -79.9468229, 37.2594383 ], [ -79.9468658, 37.2596011 ], [ -79.9469409, 37.2597633 ], [ -79.946995, 37.259871 ] ], [ [ -79.9463034, 37.2658172 ], [ -79.9462504, 37.2659342 ], [ -79.9462303, 37.2661173 ], [ -79.9462044, 37.2662521 ], [ -79.9461754, 37.2664006 ], [ -79.9461589, 37.2665753 ], [ -79.9461461, 37.2666536 ], [ -79.9461311, 37.2667454 ], [ -79.9461149, 37.2668448 ], [ -79.9460939, 37.2669502 ], [ -79.946067, 37.2671535 ], [ -79.946019, 37.267319 ], [ -79.945972, 37.267428 ], [ -79.9458924, 37.267557 ], [ -79.9458278, 37.267645 ], [ -79.9451588, 37.2684658 ], [ -79.94515, 37.268476 ], [ -79.9450716, 37.2686014 ] ], [ [ -79.9377505, 37.2706378 ], [ -79.9376815, 37.2706986 ], [ -79.937605, 37.2708469 ], [ -79.9375968, 37.2708684 ], [ -79.9375594, 37.2709659 ], [ -79.9375393, 37.2711073 ], [ -79.9375333, 37.2713688 ], [ -79.9375299, 37.2714448 ], [ -79.9375181, 37.2717045 ], [ -79.937515, 37.2717718 ], [ -79.9375153, 37.2718634 ], [ -79.9375171, 37.2724069 ], [ -79.9375142, 37.2725748 ], [ -79.9375068, 37.2728806 ], [ -79.9375007, 37.2729757 ], [ -79.9374882, 37.2730788 ], [ -79.9374642, 37.2731953 ], [ -79.9374383, 37.2732889 ], [ -79.937407, 37.27339 ], [ -79.9373405, 37.2735821 ], [ -79.9372597, 37.2738011 ], [ -79.9372251, 37.2738873 ], [ -79.9371874, 37.2739762 ], [ -79.937171, 37.2740149 ], [ -79.9370906, 37.2742118 ], [ -79.9370798, 37.2742382 ], [ -79.9370384, 37.2743477 ], [ -79.9369341, 37.2746358 ], [ -79.9368403, 37.2748951 ], [ -79.9368194, 37.2749529 ], [ -79.9367695, 37.2750952 ], [ -79.9367457, 37.2751646 ], [ -79.9367184, 37.2752428 ], [ -79.9366994, 37.2752974 ], [ -79.9365811, 37.275635 ], [ -79.9365298, 37.2757924 ], [ -79.9364691, 37.2759793 ], [ -79.9363995, 37.2761634 ], [ -79.9362734, 37.2764611 ], [ -79.9361575, 37.2767136 ], [ -79.9360539, 37.2767998 ], [ -79.9359817, 37.2768514 ], [ -79.9358893, 37.2769001 ], [ -79.9358219, 37.276929 ], [ -79.9357222, 37.2769501 ], [ -79.9356253, 37.2769581 ], [ -79.9355186, 37.2769478 ], [ -79.935426, 37.276923 ], [ -79.935354, 37.276896 ], [ -79.935273, 37.27685 ], [ -79.935206, 37.27679 ], [ -79.935163, 37.276736 ], [ -79.935125, 37.276664 ], [ -79.935109, 37.276608 ], [ -79.935103, 37.276537 ], [ -79.93512, 37.276451 ], [ -79.935146, 37.276393 ], [ -79.935193, 37.276325 ], [ -79.935268, 37.276254 ], [ -79.935345, 37.276207 ], [ -79.935433, 37.276171 ], [ -79.935525, 37.276151 ], [ -79.935601, 37.276145 ], [ -79.935696, 37.27615 ], [ -79.935769, 37.276165 ], [ -79.935854, 37.276195 ], [ -79.9359213, 37.2762273 ], [ -79.9359855, 37.2762699 ], [ -79.9360371, 37.2763144 ], [ -79.9361223, 37.2764052 ], [ -79.9362154, 37.2764984 ] ] ] }, "id": "relation/1928818" }, { "type": "Feature", "properties": { "@id": "relation/1928819", "description": "US 220 Business (Rocky Mount, VA)", "is_in:state": "VA", "modifier": "Business", "network": "US:US:Business", "ref":"US 220 BUS", "route": "road", "type": "route" }, "geometry": { "type": "MultiLineString", "coordinates": [ [ [ -79.875934, 36.960316 ], [ -79.875478, 36.960695 ], [ -79.875313, 36.960817 ], [ -79.875218, 36.960879 ], [ -79.875112, 36.960949 ], [ -79.874943, 36.961046 ], [ -79.874531, 36.961252 ], [ -79.874405, 36.96133 ], [ -79.874258, 36.961438 ], [ -79.87415, 36.961532 ], [ -79.874052, 36.961634 ], [ -79.873944, 36.961769 ], [ -79.873843, 36.961918 ], [ -79.873778, 36.962044 ], [ -79.87373, 36.962175 ], [ -79.873683, 36.962338 ], [ -79.87366, 36.962477 ], [ -79.873655, 36.962648 ], [ -79.873667, 36.962802 ], [ -79.873692, 36.962927 ], [ -79.873715, 36.9630155 ], [ -79.873885, 36.9636694 ], [ -79.873951, 36.963923 ], [ -79.874065, 36.964409 ], [ -79.874158, 36.964769 ], [ -79.874265, 36.965186 ], [ -79.874383, 36.965677 ], [ -79.874439, 36.965864 ], [ -79.874762, 36.967105 ], [ -79.874905, 36.967542 ], [ -79.874913, 36.967577 ], [ -79.874925, 36.967625 ], [ -79.87512, 36.968382 ], [ -79.875142, 36.968465 ], [ -79.875187, 36.968641 ], [ -79.875251, 36.968893 ], [ -79.875293, 36.969058 ], [ -79.875469, 36.969746 ], [ -79.875883, 36.971348 ], [ -79.876074, 36.9721 ], [ -79.876211, 36.972643 ], [ -79.876313, 36.973053 ], [ -79.876478, 36.973715 ], [ -79.876806, 36.974963 ], [ -79.876938, 36.975442 ], [ -79.876955, 36.975492 ], [ -79.877015, 36.975653 ], [ -79.877116, 36.975871 ], [ -79.877189, 36.976003 ], [ -79.877378, 36.976304 ], [ -79.877481, 36.976456 ], [ -79.877609, 36.976632 ], [ -79.878577, 36.977961 ], [ -79.878949, 36.978448 ], [ -79.879011, 36.978523 ], [ -79.879184, 36.978702 ], [ -79.87941, 36.978895 ], [ -79.879603, 36.979042 ], [ -79.879765, 36.979152 ], [ -79.879774, 36.979157 ], [ -79.879978, 36.979279 ], [ -79.880156, 36.979373 ], [ -79.880418, 36.979487 ], [ -79.880752, 36.979617 ], [ -79.881787, 36.979974 ], [ -79.882371, 36.980179 ], [ -79.882895, 36.98036 ], [ -79.883179, 36.980468 ], [ -79.883504, 36.980611 ], [ -79.883624, 36.980668 ], [ -79.884082, 36.980934 ], [ -79.88423, 36.981023 ], [ -79.884649, 36.981295 ], [ -79.88505, 36.981554 ], [ -79.885121, 36.981603 ], [ -79.885554, 36.981881 ], [ -79.885989, 36.982186 ], [ -79.8861294, 36.9823288 ], [ -79.8862139, 36.9824365 ], [ -79.8862953, 36.9825577 ], [ -79.8863731, 36.9827005 ], [ -79.8864239, 36.9828243 ], [ -79.8864981, 36.9830336 ], [ -79.8865716, 36.9833105 ], [ -79.8868073, 36.9840596 ], [ -79.886982, 36.9846437 ], [ -79.8870498, 36.9848663 ], [ -79.8871233, 36.9850857 ], [ -79.8871712, 36.9851955 ], [ -79.8872284, 36.9853052 ], [ -79.8873338, 36.9854863 ], [ -79.8874138, 36.985596 ], [ -79.887508, 36.985717 ], [ -79.887602, 36.98583 ], [ -79.887827, 36.986017 ], [ -79.887957, 36.986125 ], [ -79.888218, 36.986331 ], [ -79.888456, 36.986519 ], [ -79.888629, 36.986661 ], [ -79.889107, 36.987036 ], [ -79.890092, 36.987822 ], [ -79.890189, 36.987911 ], [ -79.890314, 36.988047 ], [ -79.890413, 36.988178 ], [ -79.890494, 36.988309 ], [ -79.890559, 36.988448 ], [ -79.890605, 36.988591 ], [ -79.890642, 36.988766 ], [ -79.890656, 36.988914 ], [ -79.890651, 36.989062 ], [ -79.890624, 36.989196 ], [ -79.890562, 36.989443 ], [ -79.89042, 36.989953 ], [ -79.890324, 36.990307 ], [ -79.890263, 36.99051 ], [ -79.890212, 36.990668 ], [ -79.889997, 36.991408 ], [ -79.889924, 36.991676 ], [ -79.889823, 36.992099 ], [ -79.889761, 36.992379 ], [ -79.889705, 36.992757 ], [ -79.8896924, 36.9928775 ], [ -79.8896849, 36.9929497 ], [ -79.8896687, 36.9931054 ], [ -79.889656, 36.993227 ], [ -79.889606, 36.993774 ], [ -79.889578, 36.99395 ], [ -79.889529, 36.994137 ], [ -79.8894719, 36.9943684 ], [ -79.8893936, 36.9945998 ], [ -79.8893639, 36.9947332 ], [ -79.8893139, 36.9949334 ], [ -79.889298, 36.994997 ], [ -79.889201, 36.995535 ], [ -79.889171, 36.995737 ], [ -79.889161, 36.995808 ], [ -79.8890742, 36.9962339 ], [ -79.8890403, 36.9963893 ], [ -79.88902, 36.996487 ], [ -79.888892, 36.997152 ], [ -79.888743, 36.997935 ], [ -79.888685, 36.998152 ], [ -79.888636, 36.998252 ], [ -79.888549, 36.998388 ], [ -79.888479, 36.998471 ], [ -79.888389, 36.998555 ], [ -79.888283, 36.99863 ], [ -79.88816, 36.998699 ], [ -79.888055, 36.998746 ], [ -79.887754, 36.998859 ], [ -79.8876307, 36.9989054 ], [ -79.8876195, 36.9990284 ], [ -79.887602, 36.999167 ], [ -79.887622, 36.999426 ], [ -79.887643, 36.999604 ], [ -79.887664, 36.999863 ], [ -79.887693, 36.999989 ], [ -79.887718, 37.00006 ], [ -79.887775, 37.000179 ], [ -79.88784, 37.000276 ], [ -79.887876, 37.000318 ], [ -79.887958, 37.000396 ], [ -79.88804, 37.000456 ], [ -79.888162, 37.00052 ], [ -79.888293, 37.000572 ], [ -79.888431, 37.000609 ], [ -79.889259, 37.000787 ], [ -79.889524, 37.000858 ], [ -79.889698, 37.000916 ], [ -79.889842, 37.000981 ], [ -79.889998, 37.001072 ], [ -79.890147, 37.001178 ], [ -79.890578, 37.001546 ], [ -79.890741, 37.001689 ], [ -79.8910318, 37.0019281 ], [ -79.8911475, 37.0020017 ], [ -79.891305, 37.002082 ], [ -79.891696, 37.002235 ], [ -79.8917987, 37.0022781 ], [ -79.892908, 37.002698 ], [ -79.893081, 37.002765 ], [ -79.894014, 37.003121 ], [ -79.894123, 37.003169 ], [ -79.894292, 37.003243 ], [ -79.89449, 37.003341 ], [ -79.895105, 37.003705 ], [ -79.89556, 37.003979 ], [ -79.895642, 37.004049 ], [ -79.89571, 37.004127 ], [ -79.89576, 37.004211 ], [ -79.895788, 37.004295 ], [ -79.895798, 37.004382 ], [ -79.895794, 37.004446 ], [ -79.895767, 37.004563 ], [ -79.895727, 37.004656 ], [ -79.895428, 37.005109 ], [ -79.895152, 37.005533 ], [ -79.895074, 37.00567 ], [ -79.894984, 37.005876 ], [ -79.894925, 37.006044 ], [ -79.894901, 37.00613 ], [ -79.894713, 37.006772 ], [ -79.894414, 37.0078 ], [ -79.894209, 37.008504 ], [ -79.894026, 37.009138 ], [ -79.893908, 37.009501 ], [ -79.89373, 37.01 ], [ -79.893181, 37.011829 ], [ -79.892999, 37.012495 ], [ -79.892823, 37.013143 ], [ -79.892608, 37.014018 ], [ -79.89253, 37.014311 ], [ -79.892395, 37.01482 ], [ -79.892336, 37.015042 ], [ -79.892242, 37.015384 ], [ -79.892143, 37.015747 ], [ -79.892051, 37.015998 ], [ -79.891951, 37.016316 ], [ -79.891859, 37.016515 ], [ -79.891762, 37.016685 ], [ -79.891688, 37.016796 ], [ -79.891562, 37.016961 ], [ -79.891477, 37.017059 ], [ -79.891354, 37.017186 ], [ -79.891168, 37.017352 ], [ -79.890911, 37.017548 ], [ -79.8901371, 37.0180956 ], [ -79.889755, 37.018366 ], [ -79.889174, 37.018794 ], [ -79.888722, 37.019132 ], [ -79.888135, 37.019553 ], [ -79.887788, 37.019791 ], [ -79.887274, 37.020145 ], [ -79.887239, 37.02017 ], [ -79.886629, 37.020607 ], [ -79.886297, 37.020848 ], [ -79.885884, 37.021157 ], [ -79.885631, 37.021338 ], [ -79.885205, 37.021626 ], [ -79.884825, 37.021902 ], [ -79.884579, 37.022079 ], [ -79.8839391, 37.0226184 ], [ -79.8829818, 37.0232872 ], [ -79.8822071, 37.0239409 ], [ -79.8814324, 37.0247253 ], [ -79.880896, 37.025367 ] ], [ [ -79.874905, 36.967542 ], [ -79.874874, 36.967285 ], [ -79.87472, 36.966451 ], [ -79.874697, 36.966352 ], [ -79.874615, 36.966011 ], [ -79.874572, 36.965854 ], [ -79.874283, 36.964725 ], [ -79.874178, 36.964313 ], [ -79.874135, 36.964115 ], [ -79.874115, 36.963863 ], [ -79.874116, 36.963732 ], [ -79.874127, 36.963519 ], [ -79.874162, 36.963292 ], [ -79.874182, 36.9632122 ], [ -79.874212, 36.963093 ], [ -79.874282, 36.962895 ], [ -79.874356, 36.962733 ], [ -79.874495, 36.962486 ], [ -79.874606, 36.962314 ], [ -79.874753, 36.962048 ] ], [ [ -79.884579, 37.022079 ], [ -79.883948, 37.022457 ], [ -79.883784, 37.022529 ], [ -79.883612, 37.022588 ], [ -79.883506, 37.022617 ], [ -79.883264, 37.02267 ], [ -79.883091, 37.022692 ], [ -79.882872, 37.022705 ], [ -79.882653, 37.022702 ], [ -79.8824645, 37.0226943 ], [ -79.8819599, 37.0226738 ], [ -79.881891, 37.022671 ], [ -79.881757, 37.022681 ], [ -79.881666, 37.022697 ], [ -79.881524, 37.022734 ], [ -79.881401, 37.022781 ], [ -79.881309, 37.022828 ], [ -79.881203, 37.022897 ], [ -79.881124, 37.022963 ], [ -79.881057, 37.023032 ], [ -79.880977, 37.023134 ], [ -79.880907, 37.023251 ], [ -79.880875, 37.023345 ], [ -79.880853, 37.02344 ], [ -79.880845, 37.023537 ], [ -79.880859, 37.023658 ], [ -79.880892, 37.023776 ], [ -79.880968, 37.023981 ], [ -79.881017, 37.024136 ], [ -79.881036, 37.024295 ], [ -79.881034, 37.024481 ], [ -79.881019, 37.024608 ], [ -79.880986, 37.024733 ], [ -79.88093, 37.024895 ], [ -79.880886, 37.024995 ], [ -79.880646, 37.025516 ] ] ] }, "id": "relation/1928819" },


{ "type": "Feature", "properties": { "@id": "way/6045746", "destination": "Downtown", "destination:ref": "I 581 South;US 220 South", "highway": "motorway_link", "lanes": "1", "maxspeed:advisory": "20 mph", "oneway": "yes", "ref": "US 220 Alt", "start_date": "1968", "surface": "asphalt" }, "geometry": { "type": "LineString", "coordinates": [ [ -79.9392166, 37.2823363 ], [ -79.939339, 37.2823991 ], [ -79.9394195, 37.2824494 ], [ -79.9394339, 37.2824619 ], [ -79.9394718, 37.2824948 ], [ -79.93951, 37.282553 ], [ -79.939543, 37.282632 ], [ -79.939551, 37.282702 ], [ -79.9395453, 37.2827515 ], [ -79.939543, 37.282772 ], [ -79.939514, 37.282841 ], [ -79.939462, 37.282923 ], [ -79.939274, 37.283123 ], [ -79.9390907, 37.283342 ], [ -79.9390471, 37.2833736 ], [ -79.9389951, 37.2833976 ] ] }, "id": "way/6045746" }, { "type": "Feature", "properties": { "@id": "way/6046518", "destination": "Orange Avenue", "destination:ref": "US 460 East", "destination:street": "Orange Avenue", "embankment": "yes", "highway": "motorway_link", "lanes": "1", "maxspeed:advisory": "35 mph", "oneway": "yes", "ref": "US 220 Alt", "start_date": "1968", "surface": "asphalt" }, "geometry": { "type": "LineString", "coordinates": [ [ -79.9376627, 37.2798506 ], [ -79.9376583, 37.2801836 ], [ -79.9376598, 37.2803295 ], [ -79.9376442, 37.2804636 ], [ -79.9376165, 37.2805748 ], [ -79.9375798, 37.2807033 ], [ -79.9375264, 37.2808265 ], [ -79.9374592, 37.2809373 ] ] }, "id": "way/6046518" }, { "type": "Feature", "properties": { "@id": "way/6048885", "NHS": "STRAHNET", "hgv": "designated", "hgv:national_network": "yes", "highway": "trunk", "lanes": "2", "maxspeed": "40 mph", "name": "Orange Avenue Northeast", "oneway": "yes", "ref": "US 221;US 460;US 220 Alternate", "source:hgv:national_network": "Title 23: Highways Part 658 http://ecfr.gpoaccess.gov/cgi/t/text/text-idx?c=ecfr&rgn=div5&view=text&node=23:1.0.1.7.33&idno=23", "surface": "asphalt", "tiger:cfcc": "A25", "tiger:county": "Roanoke-City, VA", "tiger:name_base": "Orange", "tiger:name_direction_suffix": "NE", "tiger:name_type": "Ave", "tiger:zip_left": "24012" }, "geometry": { "type": "LineString", "coordinates": [ [ -79.8891655, 37.3068665 ], [ -79.8893621, 37.30667 ], [ -79.8897443, 37.3062915 ], [ -79.8899574, 37.3060805 ], [ -79.890346, 37.3056956 ], [ -79.8904115, 37.3056284 ], [ -79.8908095, 37.3052201 ], [ -79.8911965, 37.304823 ], [ -79.8913283, 37.3046878 ], [ -79.8915188, 37.304474 ], [ -79.8917381, 37.3042278 ], [ -79.8918701, 37.3040392 ], [ -79.8920465, 37.3037872 ], [ -79.892716, 37.30272 ], [ -79.892981, 37.302318 ], [ -79.893216, 37.301989 ], [ -79.893383, 37.301772 ], [ -79.893499, 37.301621 ], [ -79.893541, 37.3015701 ], [ -79.893644, 37.301445 ] ] }, "id": "way/6048885" }, { "type": "Feature", "properties": { "@id": "way/11830296", "bridge": "yes", "destination": "Milesburg;Blanchard", "destination:ref": "PA 150;US 220 Alt. south", "hgv": "designated", "highway": "motorway_link", "lanes": "1", "layer": "1", "oneway": "yes", "ref": "US 220 Alternate", "source:hgv": "https://www.dot.state.pa.us/public/pubsforms/Publications/TruckersMap.pdf", "surface": "asphalt" }, "geometry": { "type": "LineString", "coordinates": [ [ -77.7673989, 40.956171 ], [ -77.768176, 40.956259 ], [ -77.7692228, 40.9564108 ] ] }, "id": "way/11830296" }, { "type": "Feature", "properties": { "@id": "way/11831385", "hgv": "designated", "highway": "motorway_link", "lanes": "1", "oneway": "yes", "ref": "US 220 Alternate", "source:hgv": "https://www.dot.state.pa.us/public/pubsforms/Publications/TruckersMap.pdf", "surface": "asphalt" }, "geometry": { "type": "LineString", "coordinates": [ [ -77.7751785, 40.9535438 ], [ -77.7752495, 40.95371 ], [ -77.7754135, 40.9539777 ], [ -77.7754648, 40.9541285 ], [ -77.77549, 40.954237 ], [ -77.7755, 40.954408 ], [ -77.775483, 40.954566 ], [ -77.775443, 40.954693 ], [ -77.775413, 40.954763 ], [ -77.775386, 40.954819 ], [ -77.775328, 40.954916 ], [ -77.775242, 40.955035 ], [ -77.775129, 40.955146 ], [ -77.775002, 40.955244 ], [ -77.774857, 40.955337 ], [ -77.774709, 40.955413 ], [ -77.774563, 40.955471 ], [ -77.774431, 40.95551 ], [ -77.7743, 40.95554 ], [ -77.774155, 40.955561 ], [ -77.773965, 40.95557 ], [ -77.773028, 40.955553 ], [ -77.772182, 40.955528 ], [ -77.771444, 40.9555544 ] ] }, "id": "way/11831385" }, { "type": "Feature", "properties": { "@id": "way/11836719", "hgv": "designated", "highway": "primary", "lanes": "2", "name": "South Eagle Valley Road", "old_ref": "US 220;US 322", "old_ref_legislative": "107", "ref": "US 220 Alternate", "sidewalk": "no", "source:hgv": "https://www.dot.state.pa.us/public/pubsforms/Publications/TruckersMap.pdf", "tiger:cfcc": "A21", "tiger:county": "Centre, PA", "tiger:name_base": "Eagle Valley", "tiger:name_base_1": "United States Highway 220", "tiger:name_base_2": "United States Highway 322", "tiger:name_direction_prefix": "S", "tiger:name_type": "Rd" }, "geometry": { "type": "LineString", "coordinates": [ [ -78.0476226, 40.805837 ], [ -78.0464143, 40.8069517 ] ] }, "id": "way/11836719" }, { "type": "Feature", "properties": { "@id": "way/11836720", "NHS": "yes", "hgv": "designated", "highway": "primary", "name": "South Eagle Valley Road", "name_1": "Union St", "old_ref_legislative": "107", "ref": "US 220 Alternate", "source:hgv": "https://www.dot.state.pa.us/public/pubsforms/Publications/TruckersMap.pdf", "surface": "asphalt", "tiger:cfcc": "A21", "tiger:county": "Centre, PA", "tiger:name_base": "Eagle Valley", "tiger:name_base_1": "United States Highway 220", "tiger:name_base_2": "Union", "tiger:name_direction_prefix": "S", "tiger:name_type": "Rd", "tiger:name_type_2": "St", "tiger:reviewed": "no", "tiger:zip_left": "16844", "tiger:zip_right": "16844" }, "geometry": { "type": "LineString", "coordinates": [ [ -77.8921338, 40.8952801 ], [ -77.8919833, 40.8953812 ], [ -77.891413, 40.8957983 ], [ -77.891069, 40.896062 ], [ -77.890253, 40.896754 ], [ -77.888109, 40.898572 ], [ -77.886132, 40.900249 ], [ -77.8839816, 40.9020688 ], [ -77.883407, 40.902567 ], [ -77.883316, 40.902653 ], [ -77.8819119, 40.9040329 ], [ -77.8816324, 40.9042655 ], [ -77.881484, 40.9043788 ], [ -77.8813558, 40.9044757 ], [ -77.8812563, 40.9045444 ], [ -77.8809122, 40.9047609 ], [ -77.8805104, 40.9049758 ], [ -77.880217, 40.9051047 ], [ -77.8800584, 40.905172 ], [ -77.8798508, 40.9052466 ], [ -77.8794933, 40.9053737 ], [ -77.8791275, 40.9054944 ] ] }, "id": "way/11836720" }, { "type": "Feature", "properties": { "@id": "way/11836740", "NHS": "yes", "hgv": "designated", "highway": "primary", "lanes": "1", "maxspeed": "55 mph", "name": "South Eagle Valley Road", "old_ref_legislative": "107", "oneway": "yes", "rcn_ref": "V", "ref": "US 220 Alternate;PA 144", "source:hgv": "https://www.dot.state.pa.us/public/pubsforms/Publications/TruckersMap.pdf", "surface": "asphalt", "tiger:cfcc": "A25", "tiger:county": "Centre, PA", "tiger:name_base": "Eagle Valley", "tiger:name_base_1": "State Route 144", "tiger:name_base_2": "United States Highway 220", "tiger:name_direction_prefix": "S", "tiger:name_type": "Rd", "turn:lanes": "through;slight_right" }, "geometry": { "type": "LineString", "coordinates": [ [ -77.804397, 40.9382937 ], [ -77.8041299, 40.9383321 ], [ -77.8038304, 40.9384287 ] ] }, "id": "way/11836740" }, { "type": "Feature", "properties": { "@id": "way/11836759", "hgv": "designated", "highway": "primary", "lanes": "2", "name": "South Eagle Valley Road", "name_1": "Appalachian Highway", "name_2": "Twenty-Eight Division Highway", "old_ref": "US 220;US 322", "old_ref:legislative": "107", "oneway": "no", "ref": "US 220 Alternate", "source:hgv": "https://www.dot.state.pa.us/public/pubsforms/Publications/TruckersMap.pdf", "surface": "asphalt", "tiger:cfcc": "A41;A21", "tiger:county": "Centre, PA", "tiger:name_base": "Eagle Valley", "tiger:name_base_1": "United States Highway 220;Appalachian", "tiger:name_base_2": "Twenty-Eight Division", "tiger:name_base_3": "United States Highway 220", "tiger:name_base_4": "United States Highway 322", "tiger:name_direction_prefix": "S", "tiger:name_type": "Rd", "tiger:name_type_1": "Hwy", "tiger:name_type_2": "Hwy" }, "geometry": { "type": "LineString", "coordinates": [ [ -78.039548, 40.8127667 ], [ -78.0389731, 40.8131448 ], [ -78.0386791, 40.8133336 ], [ -78.0380218, 40.8137653 ], [ -78.0376477, 40.8140185 ], [ -78.0372916, 40.8142772 ], [ -78.036945, 40.8145504 ], [ -78.0365637, 40.8148832 ], [ -78.03623, 40.8151889 ], [ -78.0350412, 40.8162603 ], [ -78.0349443, 40.8163476 ], [ -78.0345384, 40.8167078 ], [ -78.0344663, 40.8167718 ], [ -78.0334621, 40.8176744 ], [ -78.0323461, 40.8186775 ], [ -78.0301889, 40.8206203 ], [ -78.0293989, 40.8213284 ], [ -78.0287643, 40.8219037 ], [ -78.0284906, 40.8221442 ], [ -78.0282862, 40.8223206 ], [ -78.0281501, 40.822429 ], [ -78.0278416, 40.8226742 ], [ -78.0276294, 40.822844 ], [ -78.0272297, 40.82314 ], [ -78.026876, 40.8233887 ], [ -78.0266178, 40.8235659 ], [ -78.0264266, 40.8236935 ], [ -78.0258589, 40.8240471 ], [ -78.0246339, 40.8248122 ], [ -78.0235355, 40.8255008 ], [ -78.0214779, 40.8267877 ], [ -78.0212104, 40.8269539 ] ] }, "id": "way/11836759" }, { "type": "Feature", "properties": { "@id": "way/11836785", "NHS": "yes", "expressway": "yes", "hgv": "designated", "highway": "primary", "lanes": "3", "maxspeed": "55 mph", "name": "South Eagle Valley Road", "old_ref:legislative": "107", "oneway": "yes", "rcn_ref": "V", "ref": "US 220 Alternate;PA 144;PA 150", "source:hgv": "https://www.dot.state.pa.us/public/pubsforms/Publications/TruckersMap.pdf", "surface": "asphalt", "tiger:cfcc": "A25", "tiger:county": "Centre, PA", "tiger:name_base": "Eagle Valley", "tiger:name_base_1": "United States Highway 220", "tiger:name_base_2": "State Route 144", "tiger:name_direction_prefix": "S", "tiger:name_type": "Rd", "turn:lanes": "none|none|slight_right" }, "geometry": { "type": "LineString", "coordinates": [ [ -77.7904704, 40.9478586 ], [ -77.7906, 40.947774 ], [ -77.790637, 40.947748 ], [ -77.790676, 40.947723 ], [ -77.7907235, 40.9476939 ] ] }, "id": "way/11836785" }, { "type": "Feature", "properties": { "@id": "way/11841419", "NHS": "yes", "hgv": "designated", "highway": "primary", "name": "West Union Street", "old_ref_legislative": "107", "ref": "US 220 Alternate", "source:hgv": "https://www.dot.state.pa.us/public/pubsforms/Publications/TruckersMap.pdf", "surface": "asphalt", "tiger:cfcc": "A21", "tiger:county": "Centre, PA", "tiger:name_base": "United States Highway 220", "tiger:name_base_1": "Union", "tiger:name_type_1": "St", "tiger:reviewed": "no" }, "geometry": { "type": "LineString", "coordinates": [ [ -77.8791275, 40.9054944 ], [ -77.879025, 40.9055319 ], [ -77.878893, 40.9055811 ], [ -77.8786565, 40.9056849 ], [ -77.8779618, 40.906059 ], [ -77.8773734, 40.9063858 ], [ -77.8772474, 40.9064483 ] ] }, "id": "way/11841419" }, { "type": "Feature", "properties": { "@id": "way/11841420", "NHS": "yes", "hgv": "designated", "highway": "primary", "maxspeed": "55 mph", "name": "South Eagle Valley Road", "old_ref_legislative": "107", "ref": "US 220 Alternate", "source:hgv": "https://www.dot.state.pa.us/public/pubsforms/Publications/TruckersMap.pdf", "surface": "asphalt", "tiger:cfcc": "A21", "tiger:county": "Centre, PA", "tiger:name_base": "United States Highway 220", "tiger:name_base_1": "Eagle Valley", "tiger:name_direction_prefix_1": "S", "tiger:name_type_1": "Rd", "tiger:reviewed": "no" }, "geometry": { "type": "LineString", "coordinates": [ [ -77.930933, 40.871678 ], [ -77.929545, 40.872479 ], [ -77.92925, 40.872657 ], [ -77.928281, 40.873281 ], [ -77.927455, 40.873856 ], [ -77.92717, 40.874047 ], [ -77.926615, 40.87444 ], [ -77.925843, 40.874968 ], [ -77.925483, 40.875201 ], [ -77.925191, 40.87539 ], [ -77.924776, 40.87568 ], [ -77.924447, 40.8759 ], [ -77.924413, 40.875928 ], [ -77.924116, 40.876129 ], [ -77.92408, 40.876155 ], [ -77.923349, 40.87668 ], [ -77.922788, 40.877095 ], [ -77.92264, 40.877198 ], [ -77.922331, 40.87739 ], [ -77.922143, 40.877494 ], [ -77.919441, 40.878882 ], [ -77.918027, 40.879595 ], [ -77.917853, 40.879683 ], [ -77.916632, 40.880313 ], [ -77.91609, 40.880593 ], [ -77.915748, 40.880768 ], [ -77.914315, 40.881507 ], [ -77.909704, 40.883858 ], [ -77.905535, 40.885984 ], [ -77.9054123, 40.8860467 ], [ -77.904795, 40.886362 ], [ -77.904634, 40.886444 ], [ -77.90393, 40.886822 ], [ -77.902964, 40.887393 ], [ -77.902362, 40.887748 ], [ -77.901895, 40.888057 ], [ -77.901227, 40.888551 ], [ -77.8986953, 40.8904536 ], [ -77.898591, 40.890532 ], [ -77.89699, 40.891779 ], [ -77.89592, 40.892639 ], [ -77.895247, 40.893142 ], [ -77.8946672, 40.8935416 ], [ -77.8929739, 40.8947087 ], [ -77.8926037, 40.8949589 ], [ -77.8925205, 40.8950158 ] ] }, "id": "way/11841420" }, { "type": "Feature", "properties": { "@id": "way/11844609", "hgv": "designated", "highway": "primary", "lanes": "2", "name": "South Eagle Valley Road", "name_1": "28th Division Highway", "old_ref": "US 220;US 322", "old_ref_legislative": "107", "ref": "US 220 Alternate", "sidewalk": "no", "source:hgv": "https://www.dot.state.pa.us/public/pubsforms/Publications/TruckersMap.pdf", "tiger:cfcc": "A21", "tiger:county": "Centre, PA", "tiger:name_base": "28th Division", "tiger:name_base_1": "United States Highway 322", "tiger:name_base_2": "Eagle Valley", "tiger:name_base_3": "United States Highway 220", "tiger:name_direction_prefix_2": "S", "tiger:name_type": "Hwy", "tiger:name_type_2": "Rd" }, "geometry": { "type": "LineString", "coordinates": [ [ -78.0464143, 40.8069517 ], [ -78.0447997, 40.808436 ], [ -78.044538, 40.8086798 ], [ -78.0428269, 40.810261 ], [ -78.042155, 40.8108633 ], [ -78.0418364, 40.8111511 ], [ -78.0414137, 40.8114834 ], [ -78.0409957, 40.8117892 ], [ -78.0406126, 40.8120648 ], [ -78.0401791, 40.8123541 ], [ -78.0396665, 40.8126905 ] ] }, "id": "way/11844609" }, { "type": "Feature", "properties": { "@id": "way/11845734", "hgv": "designated", "highway": "primary", "lanes": "2", "maxspeed": "35 mph", "name": "East Plank Road", "name_1": "Twenty-Eighth Division Highway", "name_2": "Appalachain Thruway", "old_ref": "US 220;US 322", "old_ref_legislative": "107", "ref": "US 220 Alternate", "source:hgv": "https://www.dot.state.pa.us/public/pubsforms/Publications/TruckersMap.pdf", "surface": "asphalt", "tiger:cfcc": "A21", "tiger:county": "Centre, PA", "tiger:name_base": "Plank", "tiger:name_base_1": "Twenty-Eighth Division", "tiger:name_base_2": "United States Highway 220", "tiger:name_base_3": "Appalachain", "tiger:name_base_4": "United States Highway 322", "tiger:name_direction_prefix": "E", "tiger:name_type": "Rd", "tiger:name_type_1": "Hwy", "tiger:name_type_3": "Thwy", "tiger:zip_left": "16870", "tiger:zip_right": "16870" }, "geometry": { "type": "LineString", "coordinates": [ [ -78.0529129, 40.8006456 ], [ -78.0523481, 40.8011273 ], [ -78.0518229, 40.8015826 ], [ -78.051593, 40.8017897 ] ] }, "id": "way/11845734" }, { "type": "Feature", "properties": { "@id": "way/11845735", "hgv": "designated", "highway": "primary", "lanes": "2", "name": "West Plank Road", "name_1": "Appalachain Thruway", "old_ref": "US 220;US 322", "old_ref_legislative": "107", "ref": "US 220 Alternate", "source:hgv": "https://www.dot.state.pa.us/public/pubsforms/Publications/TruckersMap.pdf", "surface": "asphalt", "tiger:cfcc": "A21", "tiger:county": "Centre, PA", "tiger:name_base": "Plank", "tiger:name_base_1": "United States Highway 220", "tiger:name_base_2": "Appalachain", "tiger:name_base_3": "United States Highway 322", "tiger:name_direction_prefix": "E", "tiger:name_type": "Rd", "tiger:name_type_2": "Thwy" }, "geometry": { "type": "LineString", "coordinates": [ [ -78.0541693, 40.799721 ], [ -78.0540899, 40.7997776 ], [ -78.0535307, 40.8001761 ] ] }, "id": "way/11845735" }, { "type": "Feature", "properties": { "@id": "way/11846368", "NHS": "yes", "expressway": "yes", "hgv": "designated", "highway": "primary", "lanes": "2", "maxspeed": "55 mph", "name": "North Eagle Valley Road", "old_ref_legislative": "219", "oneway": "yes", "ref": "US 220 Alternate;PA 150", "source:hgv": "https://www.dot.state.pa.us/public/pubsforms/Publications/TruckersMap.pdf", "surface": "asphalt" }, "geometry": { "type": "LineString", "coordinates": [ [ -77.768453, 40.9564162 ], [ -77.7695555, 40.9559807 ], [ -77.7705318, 40.9555884 ], [ -77.77379, 40.954287 ], [ -77.7744317, 40.9540292 ] ] }, "id": "way/11846368" }, { "type": "Feature", "properties": { "@id": "way/11846448", "NHS": "yes", "expressway": "yes", "hgv": "designated", "highway": "primary", "lanes": "2", "maxspeed": "55 mph", "name": "North Eagle Valley Road", "old_ref:legislative": "219", "oneway": "yes", "ref": "US 220 Alternate", "source:hgv": "https://www.dot.state.pa.us/public/pubsforms/Publications/TruckersMap.pdf", "surface": "asphalt" }, "geometry": { "type": "LineString", "coordinates": [ [ -77.7906312, 40.9475315 ], [ -77.79017, 40.947839 ], [ -77.789824, 40.948045 ], [ -77.789129, 40.948409 ], [ -77.788918, 40.9485 ], [ -77.788335, 40.948748 ], [ -77.787787, 40.948955 ], [ -77.7854243, 40.9497804 ] ] }, "id": "way/11846448" }, { "type": "Feature", "properties": { "@id": "way/12205489", "hgv": "designated", "highway": "primary", "lanes": "2", "name": "West Plank Road", "name_1": "Appalachain Thruway", "old_ref": "US 220;US 322", "old_ref_legislative": "107", "ref": "US 220 Alternate", "source:hgv": "https://www.dot.state.pa.us/public/pubsforms/Publications/TruckersMap.pdf", "tiger:cfcc": "A21", "tiger:name_base": "Plank", "tiger:name_base_1": "United States Highway 322", "tiger:name_base_2": "Appalachain", "tiger:name_base_3": "United States Highway 220", "tiger:name_direction_prefix": "E", "tiger:name_type": "Rd", "tiger:name_type_2": "Thwy", "tiger:zip_left": "16870", "tiger:zip_right": "16870" }, "geometry": { "type": "LineString", "coordinates": [ [ -78.0535307, 40.8001761 ], [ -78.0529129, 40.8006456 ] ] }, "id": "way/12205489" }, { "type": "Feature", "properties": { "@id": "way/16664927", "highway": "primary", "lanes": "2", "maxspeed": "55 mph", "old_ref": "US 220", "oneway": "no", "ref": "US 220 ALT", "surface": "asphalt", "tiger:cfcc": "A21", "tiger:county": "Montgomery, NC", "tiger:name_base": "US Hwy 220 (Alt)", "tiger:name_direction_suffix": "N", "tiger:reviewed": "no", "tiger:zip_left": "27341", "tiger:zip_right": "27341" }, "geometry": { "type": "LineString", "coordinates": [ [ -79.784601, 35.408072 ], [ -79.784542, 35.4090695 ], [ -79.7845283, 35.4094459 ], [ -79.784488, 35.410208 ], [ -79.784453, 35.410958 ], [ -79.78438, 35.411626 ], [ -79.784318, 35.412009 ], [ -79.784283, 35.412228 ], [ -79.784144, 35.412818 ], [ -79.7841135, 35.4129133 ], [ -79.7840554, 35.413095 ], [ -79.783925, 35.413503 ], [ -79.783836, 35.413767 ], [ -79.783515, 35.414727 ], [ -79.783078, 35.415997 ], [ -79.782888, 35.416561 ], [ -79.782712, 35.417084 ], [ -79.782412, 35.417996 ], [ -79.782206, 35.418571 ], [ -79.781652, 35.42019 ], [ -79.78147, 35.420812 ], [ -79.78134, 35.421425 ], [ -79.781329, 35.421476 ], [ -79.781228, 35.422159 ], [ -79.781175, 35.422707 ], [ -79.781173, 35.423126 ], [ -79.781193, 35.423558 ], [ -79.781327, 35.424783 ], [ -79.781412, 35.425504 ], [ -79.781658, 35.427584 ], [ -79.781684, 35.427799 ], [ -79.781827, 35.428978 ], [ -79.782065, 35.431071 ], [ -79.782085, 35.431234 ], [ -79.782182, 35.432042 ], [ -79.782585, 35.43542 ], [ -79.78259, 35.435451 ], [ -79.782715, 35.436143 ], [ -79.782903, 35.43695 ], [ -79.782944, 35.437128 ], [ -79.783129, 35.437897 ], [ -79.783303, 35.438594 ], [ -79.7834418, 35.439162 ], [ -79.7836705, 35.4401447 ], [ -79.783844, 35.440803 ], [ -79.783969, 35.441279 ], [ -79.784082, 35.441754 ], [ -79.784184, 35.442233 ], [ -79.784217, 35.442515 ], [ -79.784229, 35.442798 ], [ -79.784217, 35.443081 ], [ -79.784184, 35.443363 ], [ -79.784068, 35.443873 ], [ -79.784029, 35.443977 ], [ -79.783965, 35.444148 ], [ -79.783814, 35.444495 ], [ -79.783111, 35.445783 ], [ -79.78267, 35.446575 ], [ -79.782314, 35.447244 ], [ -79.781864, 35.44825 ], [ -79.781727, 35.448624 ], [ -79.781545, 35.44915 ], [ -79.7811255, 35.45029 ], [ -79.7808755, 35.4511215 ], [ -79.7801306, 35.4532987 ], [ -79.779682, 35.45465 ], [ -79.779407, 35.455466 ], [ -79.779384, 35.4555293 ], [ -79.779228, 35.455958 ], [ -79.7791012, 35.4563059 ], [ -79.779049, 35.456449 ], [ -79.778919, 35.456835 ], [ -79.778764, 35.457297 ], [ -79.7786552, 35.4576197 ], [ -79.778295, 35.458688 ], [ -79.778172, 35.459055 ], [ -79.777925, 35.459764 ], [ -79.777905, 35.459822 ], [ -79.777627, 35.460663 ], [ -79.777513, 35.46099 ], [ -79.777291, 35.461629 ], [ -79.777133, 35.462166 ], [ -79.776779, 35.463125 ], [ -79.7767175, 35.4633069 ], [ -79.7764498, 35.4640982 ], [ -79.776297, 35.46455 ], [ -79.776257, 35.464712 ], [ -79.776212, 35.464959 ], [ -79.776186, 35.465207 ], [ -79.776179, 35.465455 ], [ -79.77619, 35.465704 ], [ -79.77636, 35.466819 ], [ -79.7765548, 35.468191 ], [ -79.776942, 35.470439 ], [ -79.7771282, 35.4715484 ], [ -79.777137, 35.471601 ], [ -79.777345, 35.472837 ], [ -79.777512, 35.473883 ], [ -79.7775415, 35.4741284 ], [ -79.777592, 35.474549 ], [ -79.777602, 35.47508 ], [ -79.777595, 35.475873 ], [ -79.777578, 35.476657 ], [ -79.7775654, 35.4770813 ], [ -79.777552, 35.477532 ], [ -79.777509, 35.479443 ], [ -79.777514, 35.479651 ], [ -79.777482, 35.480831 ], [ -79.7774602, 35.4815482 ], [ -79.777452, 35.482046 ], [ -79.7774413, 35.4825746 ], [ -79.777435, 35.482888 ], [ -79.7774055, 35.4839378 ], [ -79.7773923, 35.4845798 ], [ -79.7773792, 35.4848298 ], [ -79.777356, 35.485065 ], [ -79.77732, 35.485334 ], [ -79.7772767, 35.4855576 ], [ -79.7772103, 35.4858517 ], [ -79.7771117, 35.4862055 ], [ -79.776992, 35.486565 ], [ -79.7769197, 35.4867527 ], [ -79.776825, 35.486976 ], [ -79.7767215, 35.4871998 ], [ -79.7765898, 35.4874511 ], [ -79.7764388, 35.4877138 ], [ -79.7762139, 35.4880798 ], [ -79.776077, 35.488302 ], [ -79.7756025, 35.4890698 ], [ -79.774905, 35.490202 ], [ -79.774639, 35.490614 ], [ -79.774625, 35.490633 ], [ -79.774361, 35.491107 ], [ -79.774239, 35.491356 ], [ -79.774144, 35.491601 ], [ -79.77408, 35.491798 ], [ -79.773984, 35.492096 ], [ -79.773925, 35.492313 ], [ -79.773879, 35.492644 ], [ -79.773858, 35.492891 ], [ -79.773846, 35.493095 ], [ -79.773849, 35.493356 ], [ -79.773863, 35.493559 ], [ -79.773908, 35.493953 ], [ -79.773949, 35.49408 ], [ -79.773979, 35.494258 ], [ -79.774099, 35.494652 ], [ -79.774193, 35.494889 ], [ -79.774369, 35.495266 ], [ -79.774469, 35.49545 ], [ -79.774538, 35.495578 ], [ -79.775045, 35.496489 ], [ -79.775372, 35.497061 ], [ -79.775566, 35.49742 ], [ -79.775736, 35.4977446 ], [ -79.775798, 35.497863 ], [ -79.775878, 35.498053 ], [ -79.775954, 35.498268 ], [ -79.776042, 35.498493 ], [ -79.776119, 35.498709 ], [ -79.776161, 35.498898 ], [ -79.776211, 35.499074 ], [ -79.776299, 35.499485 ], [ -79.776339, 35.499738 ], [ -79.776371, 35.500047 ], [ -79.776374, 35.50009 ], [ -79.776417, 35.500571 ], [ -79.77647, 35.500901 ], [ -79.776482, 35.500955 ], [ -79.776506, 35.501058 ], [ -79.776651, 35.501509 ], [ -79.776722, 35.501689 ], [ -79.776886, 35.50203 ], [ -79.7770038, 35.5022298 ], [ -79.777024, 35.502264 ], [ -79.777395, 35.502926 ], [ -79.777691, 35.503443 ], [ -79.777946, 35.503919 ], [ -79.77809, 35.504226 ], [ -79.778255, 35.504532 ], [ -79.778358, 35.504827 ], [ -79.778465, 35.505252 ], [ -79.77851, 35.505502 ], [ -79.778554, 35.505885 ], [ -79.778565, 35.50608 ], [ -79.778545, 35.5066 ], [ -79.778528, 35.50676 ], [ -79.778525, 35.506789 ], [ -79.778448, 35.507168 ], [ -79.778336, 35.507625 ], [ -79.778192, 35.508111 ], [ -79.7780617, 35.508574 ], [ -79.777874, 35.509241 ], [ -79.777594, 35.510256 ], [ -79.777388, 35.511054 ], [ -79.777349, 35.511207 ], [ -79.777322, 35.511336 ] ] }, "id": "way/16664927" }, { "type": "Feature", "properties": { "@id": "way/16665015", "highway": "primary", "lanes": "2", "maxspeed": "35 mph", "old_ref": "US 220", "oneway": "no", "ref": "US 220 ALT", "surface": "asphalt", "tiger:cfcc": "A21", "tiger:county": "Montgomery, NC", "tiger:name_base": "US Hwy 220 (Alt)", "tiger:name_direction_suffix": "S", "tiger:reviewed": "no", "tiger:zip_left": "27209", "tiger:zip_right": "27209" }, "geometry": { "type": "LineString", "coordinates": [ [ -79.745841, 35.299822 ], [ -79.745907, 35.299961 ], [ -79.746024, 35.300162 ], [ -79.746114, 35.300291 ], [ -79.746212, 35.300415 ], [ -79.746319, 35.300534 ], [ -79.746432, 35.300645 ], [ -79.746551, 35.300745 ], [ -79.746742, 35.300883 ], [ -79.746878, 35.300968 ], [ -79.747019, 35.301045 ], [ -79.747166, 35.301116 ], [ -79.747395, 35.301208 ] ] }, "id": "way/16665015" }, { "type": "Feature", "properties": { "@id": "way/16667757", "highway": "primary", "lanes": "2", "maxspeed": "45 mph", "name": "South Main Street", "old_ref": "US 220", "oneway": "no", "ref": "US 220 ALT", "surface": "asphalt", "tiger:cfcc": "A21", "tiger:county": "Montgomery, NC", "tiger:name_base": "Main", "tiger:name_base_1": "US Hwy 220 (Alt)", "tiger:name_direction_prefix": "S", "tiger:name_type": "St", "tiger:reviewed": "no" }, "geometry": { "type": "LineString", "coordinates": [ [ -79.776796, 35.377323 ], [ -79.7768, 35.377603 ], [ -79.776836, 35.377912 ], [ -79.776881, 35.37817 ], [ -79.77694, 35.378424 ], [ -79.777029, 35.378726 ], [ -79.777138, 35.379025 ], [ -79.777205, 35.379183 ], [ -79.777221, 35.37922 ], [ -79.777373, 35.379508 ], [ -79.777544, 35.379789 ], [ -79.777732, 35.380063 ], [ -79.777938, 35.380328 ], [ -79.778001, 35.380403 ], [ -79.778159, 35.380584 ], [ -79.778972, 35.381466 ], [ -79.780283, 35.382907 ], [ -79.782253, 35.385051 ], [ -79.783934, 35.386866 ], [ -79.7842, 35.387183 ], [ -79.784448, 35.38751 ], [ -79.784612, 35.387746 ], [ -79.78482, 35.388073 ], [ -79.784963, 35.388337 ], [ -79.785159, 35.388737 ], [ -79.785198, 35.388826 ], [ -79.7853203, 35.3891481 ], [ -79.7854239, 35.3894493 ], [ -79.7855006, 35.3896786 ], [ -79.7855853, 35.3900219 ], [ -79.785665, 35.39042 ], [ -79.785695, 35.390672 ], [ -79.78573, 35.391172 ], [ -79.785737, 35.391539 ], [ -79.785723, 35.391909 ], [ -79.785702, 35.392154 ], [ -79.785654, 35.392497 ], [ -79.7856233, 35.3926607 ], [ -79.78559, 35.392838 ], [ -79.785481, 35.39329 ], [ -79.7854525, 35.3933776 ], [ -79.785416, 35.3934901 ] ] }, "id": "way/16667757" }, { "type": "Feature", "properties": { "@id": "way/16667759", "highway": "primary", "lanes": "2", "maxspeed": "35 mph", "name": "South Main Street", "old_ref": "US 220", "oneway": "no", "ref": "US 220 ALT", "surface": "asphalt", "tiger:cfcc": "A21", "tiger:county": "Montgomery, NC", "tiger:name_base": "Main", "tiger:name_base_1": "US Hwy 220 (Alt)", "tiger:name_direction_prefix": "S", "tiger:name_direction_suffix_1": "S", "tiger:name_type": "St", "tiger:reviewed": "no", "tiger:zip_left": "27209", "tiger:zip_right": "27209" }, "geometry": { "type": "LineString", "coordinates": [ [ -79.779802, 35.346193 ], [ -79.779853, 35.346273 ], [ -79.779976, 35.346493 ], [ -79.78009, 35.346716 ], [ -79.7801874, 35.3469139 ], [ -79.780309, 35.347201 ], [ -79.7803774, 35.3473996 ], [ -79.7805225, 35.3478164 ], [ -79.780671, 35.3482534 ], [ -79.7807547, 35.3485017 ], [ -79.780874, 35.3488516 ], [ -79.781021, 35.349309 ], [ -79.781416, 35.350497 ], [ -79.7814731, 35.3507151 ], [ -79.781502, 35.350915 ], [ -79.781516, 35.351056 ], [ -79.781517, 35.351287 ], [ -79.78151, 35.3514 ], [ -79.781499, 35.351517 ], [ -79.781462, 35.351746 ], [ -79.7813914, 35.3519577 ], [ -79.7811004, 35.3529987 ], [ -79.7810646, 35.3531182 ], [ -79.7808093, 35.3539969 ], [ -79.780518, 35.355021 ], [ -79.78024, 35.355945 ], [ -79.780169, 35.35618 ], [ -79.779987, 35.356837 ], [ -79.7798925, 35.3571766 ], [ -79.7798633, 35.3572898 ], [ -79.779822, 35.357507 ], [ -79.7797795, 35.357808 ], [ -79.779771, 35.357952 ], [ -79.779764, 35.35813 ], [ -79.779785, 35.358462 ], [ -79.779831, 35.359374 ], [ -79.7798572, 35.3598274 ] ] }, "id": "way/16667759" }, { "type": "Feature", "properties": { "@id": "way/16667762", "highway": "primary", "lanes": "2", "maxspeed": "35 mph", "name": "South Main Street", "old_ref": "US 220", "oneway": "no", "ref": "US 220 ALT;NC 731", "surface": "asphalt", "tiger:cfcc": "A21", "tiger:county": "Montgomery, NC", "tiger:name_base": "Main", "tiger:name_base_1": "US Hwy 220 (Alt)", "tiger:name_direction_prefix": "S", "tiger:name_type": "St" }, "geometry": { "type": "LineString", "coordinates": [ [ -79.745941, 35.282185 ], [ -79.746013, 35.282726 ], [ -79.746039, 35.283034 ], [ -79.746047, 35.283344 ], [ -79.7460465, 35.284046 ], [ -79.746019, 35.284521 ], [ -79.746012, 35.28465 ], [ -79.745973, 35.285447 ], [ -79.74596, 35.285612 ], [ -79.74589, 35.286463 ], [ -79.745852, 35.286936 ], [ -79.745816, 35.287375 ], [ -79.745767, 35.287981 ], [ -79.745702, 35.288965 ], [ -79.745667, 35.2895471 ], [ -79.745634, 35.290096 ], [ -79.7456153, 35.29083 ], [ -79.745613, 35.291067 ], [ -79.74561, 35.291228 ], [ -79.745638, 35.293359 ] ] }, "id": "way/16667762" }, { "type": "Feature", "properties": { "@id": "way/16667890", "highway": "primary", "lanes": "2", "maxspeed": "35 mph", "name": "North Main Street", "old_ref": "US 220", "oneway": "no", "ref": "US 220 ALT", "surface": "asphalt", "tiger:cfcc": "A21", "tiger:county": "Montgomery, NC", "tiger:name_base": "Main", "tiger:name_base_1": "US Hwy 220 (Alt)", "tiger:name_direction_prefix": "N", "tiger:name_type": "St", "tiger:reviewed": "no" }, "geometry": { "type": "LineString", "coordinates": [ [ -79.7798572, 35.3598274 ], [ -79.779898, 35.360423 ], [ -79.7799563, 35.3609977 ], [ -79.780001, 35.361439 ], [ -79.780007, 35.361532 ], [ -79.780054, 35.362234 ], [ -79.7802554, 35.3642605 ], [ -79.780291, 35.364619 ], [ -79.780288, 35.365125 ], [ -79.780291, 35.365204 ], [ -79.780296, 35.365355 ], [ -79.780294, 35.365585 ], [ -79.780272, 35.365914 ] ] }, "id": "way/16667890" }, { "type": "Feature", "properties": { "@id": "way/16667891", "highway": "primary", "lanes": "2", "maxspeed": "20 mph", "name": "North Main Street", "old_ref": "US 220", "oneway": "yes", "ref": "US 220 ALT", "surface": "asphalt", "tiger:cfcc": "A25", "tiger:county": "Montgomery, NC", "tiger:name_base": "Main", "tiger:name_base_1": "US Hwy 220 (Alt)", "tiger:name_direction_prefix": "N", "tiger:name_type": "St", "tiger:reviewed": "no" }, "geometry": { "type": "LineString", "coordinates": [ [ -79.74567, 35.29516 ], [ -79.745625, 35.295953 ] ] }, "id": "way/16667891" }, { "type": "Feature", "properties": { "@id": "way/16667898", "highway": "primary", "lanes": "1", "maxspeed": "35 mph", "name": "North Main Street", "old_ref": "US 220", "oneway": "yes", "ref": "US 220 ALT", "surface": "asphalt", "tiger:cfcc": "A25", "tiger:county": "Montgomery, NC", "tiger:name_base": "Main", "tiger:name_base_1": "US Hwy 220 (Alt)", "tiger:name_direction_prefix": "N", "tiger:name_type": "St", "tiger:reviewed": "no", "tiger:zip_left": "27229", "tiger:zip_right": "27229" }, "geometry": { "type": "LineString", "coordinates": [ [ -79.745691, 35.299021 ], [ -79.7457583, 35.2985898 ] ] }, "id": "way/16667898" }, { "type": "Feature", "properties": { "@id": "way/16668317", "highway": "primary", "lanes": "2", "maxspeed": "35 mph", "name": "Main Street", "old_ref": "US 220", "oneway": "no", "ref": "US 220 ALT", "surface": "asphalt", "tiger:cfcc": "A21", "tiger:county": "Montgomery, NC", "tiger:name_base": "Main", "tiger:name_base_1": "US Hwy 220 (Alt)", "tiger:name_type": "St", "tiger:reviewed": "no" }, "geometry": { "type": "LineString", "coordinates": [ [ -79.7841281, 35.4022223 ], [ -79.7841425, 35.402461 ], [ -79.784196, 35.402872 ], [ -79.784204, 35.402937 ], [ -79.7842681, 35.4032922 ], [ -79.7843962, 35.4041521 ], [ -79.78453, 35.40505 ], [ -79.7845943, 35.4055211 ], [ -79.784667, 35.406152 ], [ -79.784655, 35.406818 ], [ -79.784651, 35.407011 ], [ -79.784602, 35.408064 ], [ -79.784601, 35.408072 ] ] }, "id": "way/16668317" }, { "type": "Feature", "properties": { "@id": "way/16668323", "highway": "primary", "lanes": "2", "maxspeed": "35 mph", "name": "Main Street", "old_ref": "US 220", "oneway": "no", "ref": "US 220 ALT", "surface": "asphalt", "tiger:cfcc": "A21", "tiger:county": "Montgomery, NC", "tiger:name_base": "Main", "tiger:name_base_1": "US Hwy 220 (Alt)", "tiger:name_type": "St", "tiger:reviewed": "no" }, "geometry": { "type": "LineString", "coordinates": [ [ -79.780272, 35.365914 ], [ -79.780271, 35.365929 ], [ -79.780243, 35.366158 ], [ -79.780194, 35.366422 ], [ -79.7801784, 35.3665151 ] ] }, "id": "way/16668323" }, { "type": "Feature", "properties": { "@id": "way/16725136", "highway": "primary", "lanes": "2", "maxspeed": "55 mph", "oneway": "no", "ref": "US 220 ALT;US 220 BUS", "surface": "asphalt", "tiger:cfcc": "A21", "tiger:county": "Randolph, NC", "tiger:name_base": "United States Highway 220 Bus", "tiger:name_direction_suffix": "S", "tiger:reviewed": "no", "tiger:zip_left": "27205", "tiger:zip_right": "27205" }, "geometry": { "type": "LineString", "coordinates": [ [ -79.8257714, 35.6202785 ], [ -79.8255349, 35.6205526 ], [ -79.8253336, 35.620799 ], [ -79.8252518, 35.6209031 ] ] }, "id": "way/16725136" }, { "type": "Feature", "properties": { "@id": "way/16728209", "highway": "primary", "lanes": "2", "maxspeed": "35 mph", "name": "North Broad Street", "old_ref": "US 220", "oneway": "no", "ref": "US 220 ALT", "surface": "asphalt", "tiger:cfcc": "A21", "tiger:county": "Randolph, NC", "tiger:name_base": "Broad", "tiger:name_base_1": "United States Highway 220A", "tiger:name_type": "St", "tiger:reviewed": "no", "tiger:zip_left": "27341", "tiger:zip_right": "27341" }, "geometry": { "type": "LineString", "coordinates": [ [ -79.780729, 35.545051 ], [ -79.7807989, 35.5452346 ], [ -79.781039, 35.545953 ], [ -79.781357, 35.547505 ], [ -79.7814357, 35.5479192 ], [ -79.781495, 35.548231 ], [ -79.7815604, 35.5485758 ], [ -79.7817057, 35.5493416 ], [ -79.7817367, 35.5495047 ], [ -79.781862, 35.550165 ] ] }, "id": "way/16728209" }, { "type": "Feature", "properties": { "@id": "way/16733392", "highway": "primary", "lanes": "2", "maxspeed": "55 mph", "old_ref": "US 220", "oneway": "no", "ref": "US 220 ALT", "surface": "asphalt", "tiger:cfcc": "A21", "tiger:county": "Randolph, NC", "tiger:name_base": "United States Highway 220", "tiger:name_base_1": "State Road 2842", "tiger:name_direction_suffix": "S", "tiger:reviewed": "no", "tiger:zip_left": "27203", "tiger:zip_left_1": "27205", "tiger:zip_right": "27203", "tiger:zip_right_1": "27205" }, "geometry": { "type": "LineString", "coordinates": [ [ -79.781862, 35.550165 ], [ -79.7818854, 35.5502911 ], [ -79.7819715, 35.550755 ], [ -79.7820878, 35.5513818 ], [ -79.782354, 35.552817 ], [ -79.782393, 35.553032 ], [ -79.7825617, 35.5538692 ], [ -79.782767, 35.554888 ], [ -79.78288, 35.5554465 ], [ -79.7829968, 35.5558496 ], [ -79.783116, 35.556134 ], [ -79.7833409, 35.5565244 ], [ -79.783502, 35.556804 ], [ -79.783881, 35.557263 ], [ -79.7841495, 35.5575358 ], [ -79.7844773, 35.5578689 ], [ -79.7861559, 35.5595744 ], [ -79.786312, 35.559733 ], [ -79.7870565, 35.5604894 ], [ -79.787442, 35.560881 ], [ -79.7878063, 35.5612491 ], [ -79.7884595, 35.5619091 ], [ -79.7888951, 35.5623493 ], [ -79.7891944, 35.5626517 ], [ -79.790886, 35.564361 ], [ -79.791967, 35.565446 ], [ -79.7920011, 35.5654804 ], [ -79.7922847, 35.5657668 ], [ -79.7923143, 35.5657967 ], [ -79.7924019, 35.5658852 ], [ -79.7932112, 35.5667022 ], [ -79.7936594, 35.5671547 ], [ -79.7942967, 35.5677947 ], [ -79.7949425, 35.5684578 ], [ -79.7950612, 35.5685955 ], [ -79.79517, 35.568738 ], [ -79.7952663, 35.5688775 ], [ -79.7953351, 35.5689934 ], [ -79.795429, 35.5691754 ], [ -79.7954918, 35.5693262 ], [ -79.7955421, 35.5694588 ], [ -79.7955905, 35.5695932 ], [ -79.795741, 35.5700688 ], [ -79.7957841, 35.5702149 ], [ -79.7961518, 35.5714124 ], [ -79.7962845, 35.5718744 ], [ -79.7965604, 35.5727484 ], [ -79.79763, 35.57623 ], [ -79.7976698, 35.5763587 ], [ -79.7979927, 35.5774035 ], [ -79.798067, 35.577644 ], [ -79.798144, 35.577893 ], [ -79.798224, 35.578152 ], [ -79.798354, 35.578574 ], [ -79.7986546, 35.5795474 ], [ -79.7989441, 35.5804847 ], [ -79.7992133, 35.5813914 ], [ -79.7992719, 35.5815852 ], [ -79.7993361, 35.5817789 ], [ -79.7993906, 35.5819267 ], [ -79.7994456, 35.5820789 ], [ -79.7995068, 35.5822235 ], [ -79.7995305, 35.5822794 ], [ -79.7996595, 35.5825682 ], [ -79.7997905, 35.5828372 ], [ -79.7998202, 35.5828987 ], [ -79.7998721, 35.5830128 ], [ -79.8000277, 35.5833483 ], [ -79.8004441, 35.5841861 ], [ -79.8005906, 35.5844964 ], [ -79.801027, 35.585421 ], [ -79.8010389, 35.5854461 ], [ -79.8011397, 35.5856601 ], [ -79.8012882, 35.5859749 ], [ -79.8020965, 35.5876893 ], [ -79.802399, 35.588331 ], [ -79.8024307, 35.5883984 ], [ -79.8026893, 35.5889474 ], [ -79.802698, 35.588966 ], [ -79.8028669, 35.5893241 ], [ -79.8029459, 35.5894916 ], [ -79.803055, 35.589723 ], [ -79.8033351, 35.5903102 ], [ -79.8037037, 35.5910831 ], [ -79.8039434, 35.5915857 ], [ -79.80416, 35.59204 ], [ -79.804289, 35.592261 ], [ -79.804573, 35.592749 ], [ -79.805051, 35.59328 ], [ -79.8055405, 35.5936527 ], [ -79.8056891, 35.5937658 ], [ -79.8057269, 35.5937946 ], [ -79.8067404, 35.5945662 ], [ -79.806752, 35.594575 ], [ -79.8076454, 35.5952212 ], [ -79.8081322, 35.5955732 ], [ -79.8086308, 35.5959338 ], [ -79.808822, 35.596072 ], [ -79.809047, 35.596234 ], [ -79.81059, 35.59735 ], [ -79.812035, 35.598413 ], [ -79.8121871, 35.5985611 ], [ -79.81264, 35.599002 ], [ -79.8132009, 35.599821 ], [ -79.8132932, 35.5999558 ], [ -79.8134392, 35.600169 ], [ -79.814181, 35.601252 ], [ -79.814278, 35.601393 ], [ -79.814596, 35.601857 ], [ -79.814963, 35.60244 ], [ -79.8155348, 35.6033503 ], [ -79.815806, 35.603782 ], [ -79.815997, 35.604581 ], [ -79.816085, 35.606359 ], [ -79.8161371, 35.6075172 ], [ -79.816178, 35.6084275 ], [ -79.8162344, 35.6087388 ], [ -79.816326, 35.6090349 ], [ -79.8163577, 35.6091073 ], [ -79.8164978, 35.6094267 ], [ -79.816747, 35.609746 ], [ -79.8168279, 35.6098433 ], [ -79.8175761, 35.6107432 ], [ -79.8182045, 35.611499 ], [ -79.8183573, 35.6116833 ], [ -79.8185155, 35.6118911 ], [ -79.8186776, 35.6121255 ], [ -79.8189439, 35.6125508 ], [ -79.8191927, 35.6130051 ], [ -79.819284, 35.613173 ], [ -79.8193716, 35.6133352 ], [ -79.8195775, 35.6136965 ], [ -79.8198032, 35.6140482 ], [ -79.8199594, 35.6142642 ], [ -79.8201097, 35.6144639 ], [ -79.821268, 35.6158109 ], [ -79.8222378, 35.6169471 ], [ -79.8225829, 35.6173339 ], [ -79.8231908, 35.6180508 ], [ -79.823731, 35.618717 ], [ -79.823971, 35.61911 ], [ -79.8245645, 35.6206428 ], [ -79.8246158, 35.6208572 ], [ -79.8246369, 35.6210679 ], [ -79.8246696, 35.6212426 ], [ -79.8246906, 35.6213147 ], [ -79.8247256, 35.6213678 ], [ -79.8247956, 35.6214077 ], [ -79.8249496, 35.6214528 ] ] }, "id": "way/16733392" }, { "type": "Feature", "properties": { "@id": "way/16734737", "highway": "primary", "lanes": "2", "maxspeed": "55 mph", "name": "South Broad Street", "old_ref": "US 220", "oneway": "no", "ref": "US 220 ALT", "surface": "asphalt", "tiger:cfcc": "A21", "tiger:county": "Randolph, NC", "tiger:name_base": "Broad", "tiger:name_base_1": "United States Highway 220A", "tiger:name_direction_prefix": "S", "tiger:name_type": "St", "tiger:reviewed": "no", "tiger:zip_left": "27341", "tiger:zip_right": "27341" }, "geometry": { "type": "LineString", "coordinates": [ [ -79.7798127, 35.5335406 ], [ -79.7798037, 35.5337457 ], [ -79.779733, 35.534016 ], [ -79.7795248, 35.5346109 ] ] }, "id": "way/16734737" }, { "type": "Feature", "properties": { "@id": "way/16736360", "highway": "primary", "lanes": "2", "maxspeed": "55 mph", "old_ref": "US 220", "oneway": "no", "ref": "US 220 ALT", "surface": "asphalt", "tiger:cfcc": "A21", "tiger:county": "Randolph, NC", "tiger:name_base": "United States Highway 220A", "tiger:reviewed": "no", "tiger:zip_left": "27341", "tiger:zip_right": "27341" }, "geometry": { "type": "LineString", "coordinates": [ [ -79.777322, 35.511336 ], [ -79.777068, 35.512574 ], [ -79.776967, 35.513537 ], [ -79.776905, 35.514213 ], [ -79.776856, 35.514742 ], [ -79.7768027, 35.5153233 ], [ -79.776793, 35.515429 ], [ -79.776747, 35.515927 ], [ -79.776707, 35.516367 ], [ -79.7766493, 35.5169955 ], [ -79.7766228, 35.5172844 ], [ -79.7765747, 35.5178083 ], [ -79.7765173, 35.5184333 ], [ -79.7764659, 35.5189938 ], [ -79.776335, 35.520422 ], [ -79.7763048, 35.5208716 ], [ -79.7762505, 35.5216808 ], [ -79.776135, 35.5229508 ], [ -79.7761086, 35.5231952 ], [ -79.7761011, 35.5232642 ], [ -79.7760807, 35.5234836 ], [ -79.7760691, 35.5237444 ], [ -79.7760576, 35.5239924 ], [ -79.7760544, 35.5242284 ], [ -79.7760686, 35.5245212 ], [ -79.7760919, 35.5247873 ], [ -79.7761239, 35.5250545 ], [ -79.776156, 35.5252663 ], [ -79.7762292, 35.5256234 ], [ -79.7764245, 35.5262553 ], [ -79.7764899, 35.5264406 ], [ -79.7765765, 35.5266561 ], [ -79.7766942, 35.5269181 ], [ -79.7768414, 35.5272081 ], [ -79.7769362, 35.5273824 ], [ -79.7771183, 35.527699 ], [ -79.7775502, 35.5284388 ], [ -79.7776856, 35.5286899 ], [ -79.777787, 35.528878 ], [ -79.7790529, 35.5310122 ], [ -79.7794294, 35.5316822 ], [ -79.779567, 35.5319745 ], [ -79.7796769, 35.5322796 ], [ -79.7797028, 35.532373 ], [ -79.7797546, 35.5325595 ], [ -79.7798066, 35.532908 ], [ -79.7798102, 35.532969 ], [ -79.7798267, 35.5332499 ], [ -79.7798237, 35.5333131 ], [ -79.7798127, 35.5335406 ] ] }, "id": "way/16736360" }, { "type": "Feature", "properties": { "@id": "way/16738036", "highway": "primary", "lanes": "2", "maxspeed": "35 mph", "name": "North Broad Street", "old_ref": "US 220", "oneway": "no", "ref": "US 220 ALT", "surface": "asphalt", "tiger:cfcc": "A21", "tiger:county": "Randolph, NC", "tiger:name_base": "Broad", "tiger:name_base_1": "United States Highway 220A", "tiger:name_direction_prefix": "N", "tiger:name_type": "St", "tiger:reviewed": "no", "tiger:zip_left": "27341", "tiger:zip_right": "27341" }, "geometry": { "type": "LineString", "coordinates": [ [ -79.7783429, 35.5410273 ], [ -79.7793135, 35.5421221 ], [ -79.779488, 35.542319 ], [ -79.7797644, 35.5426383 ], [ -79.7797887, 35.5426774 ], [ -79.779992, 35.543004 ], [ -79.7800265, 35.5430803 ], [ -79.7800439, 35.5431334 ], [ -79.7801307, 35.5433654 ], [ -79.780228, 35.543659 ], [ -79.7805652, 35.5445843 ], [ -79.78072, 35.545022 ], [ -79.780729, 35.545051 ] ] }, "id": "way/16738036" }, { "type": "Feature", "properties": { "@id": "way/19851506", "NHS": "yes", "expressway": "yes", "hgv": "yes", "highway": "trunk", "lanes": "2", "maxspeed": "55 mph", "name": "Cloverdale Road", "oneway": "yes", "ref": "US 220 Alternate", "surface": "asphalt", "tiger:cfcc": "A15", "tiger:county": "Botetourt, VA", "tiger:name_base": "Cloverdale", "tiger:name_base_1": "US Hwy 220 (Alt)", "tiger:name_type": "Rd", "tiger:reviewed": "no" }, "geometry": { "type": "LineString", "coordinates": [ [ -79.872538, 37.331468 ], [ -79.872554, 37.331526 ], [ -79.872615, 37.331676 ], [ -79.872737, 37.331898 ], [ -79.87282, 37.332027 ], [ -79.873016, 37.332288 ], [ -79.873121, 37.332417 ], [ -79.873714, 37.333136 ], [ -79.873736, 37.333162 ], [ -79.874004, 37.333487 ], [ -79.874306, 37.333882 ], [ -79.874449, 37.334101 ], [ -79.874574, 37.334327 ], [ -79.874646, 37.334479 ], [ -79.874764, 37.334784 ], [ -79.874865, 37.335093 ], [ -79.874924, 37.335245 ], [ -79.875067, 37.335657 ], [ -79.875117, 37.335819 ], [ -79.875344, 37.336473 ], [ -79.875459, 37.336828 ], [ -79.87552, 37.337112 ], [ -79.875552, 37.337351 ], [ -79.8755549, 37.3374224 ], [ -79.875569, 37.337763 ], [ -79.87557, 37.337994 ], [ -79.875583, 37.338697 ], [ -79.875602, 37.339368 ], [ -79.875624, 37.339685 ], [ -79.875658, 37.339924 ], [ -79.87572, 37.340197 ], [ -79.875764, 37.340335 ], [ -79.875802, 37.340454 ], [ -79.87587, 37.340621 ], [ -79.875999, 37.340881 ], [ -79.876135, 37.341109 ], [ -79.876288, 37.341329 ], [ -79.876385, 37.341453 ], [ -79.87655, 37.341637 ], [ -79.876623, 37.341707 ], [ -79.876768, 37.341846 ], [ -79.876924, 37.341978 ], [ -79.877131, 37.342138 ], [ -79.877306, 37.342258 ], [ -79.877488, 37.342371 ], [ -79.877721, 37.342499 ], [ -79.877902, 37.342584 ], [ -79.87829, 37.342749 ], [ -79.878698, 37.342905 ], [ -79.879, 37.343016 ], [ -79.879263, 37.343112 ], [ -79.879646, 37.343267 ], [ -79.879735, 37.343307 ], [ -79.880016, 37.34344 ], [ -79.880205, 37.343548 ], [ -79.880388, 37.343662 ], [ -79.880606, 37.343815 ], [ -79.880772, 37.343945 ], [ -79.880932, 37.344087 ], [ -79.880967, 37.344118 ], [ -79.881032, 37.344187 ], [ -79.881142, 37.344302 ], [ -79.881306, 37.344493 ], [ -79.881477, 37.344726 ], [ -79.881567, 37.344861 ], [ -79.881698, 37.345075 ], [ -79.881851, 37.345345 ], [ -79.881963, 37.345562 ], [ -79.881987, 37.345605 ], [ -79.882099, 37.34586 ], [ -79.882268, 37.346287 ], [ -79.882278, 37.346311 ], [ -79.882369, 37.346581 ], [ -79.882397, 37.346677 ], [ -79.882516, 37.347134 ], [ -79.882587, 37.347468 ], [ -79.882801, 37.348592 ], [ -79.8829379, 37.3492476 ], [ -79.883036, 37.34974 ] ] }, "id": "way/19851506" }, { "type": "Feature", "properties": { "@id": "way/19851512", "NHS": "yes", "expressway": "yes", "hgv": "designated", "hgv:national_network": "yes", "highway": "trunk", "lanes": "2", "name": "Cloverdale Road", "oneway": "yes", "ref": "US 220 Alternate", "source:hgv:national_network": "Title 23: Highways Part 658 http://ecfr.gpoaccess.gov/cgi/t/text/text-idx?c=ecfr&rgn=div5&view=text&node=23:1.0.1.7.33&idno=23", "surface": "asphalt", "tiger:cfcc": "A15", "tiger:county": "Botetourt, VA", "tiger:name_base": "Cloverdale", "tiger:name_base_1": "US Hwy 220 (Alt)", "tiger:reviewed": "no" }, "geometry": { "type": "LineString", "coordinates": [ [ -79.9058636, 37.3904458 ], [ -79.905788, 37.390069 ], [ -79.905741, 37.38986 ], [ -79.90566, 37.389564 ], [ -79.905593, 37.389382 ], [ -79.905508, 37.389204 ], [ -79.905428, 37.389065 ], [ -79.905412, 37.389041 ], [ -79.905338, 37.388931 ], [ -79.90522, 37.388779 ], [ -79.905092, 37.388632 ], [ -79.90499, 37.388526 ], [ -79.9048706, 37.3883853 ], [ -79.904482, 37.38811 ], [ -79.9043268, 37.3880222 ] ] }, "id": "way/19851512" }, { "type": "Feature", "properties": { "@id": "way/20462577", "highway": "trunk_link", "lanes": "1", "oneway": "yes", "ref": "US 220 Alt", "surface": "asphalt", "tiger:cfcc": "A63", "tiger:county": "Roanoke, VA", "tiger:reviewed": "no" }, "geometry": { "type": "LineString", "coordinates": [ [ -79.8698962, 37.3257126 ], [ -79.869789, 37.325562 ], [ -79.869741, 37.325507 ], [ -79.869696, 37.325433 ], [ -79.869666, 37.32534 ], [ -79.869655, 37.325223 ], [ -79.869665, 37.325129 ], [ -79.869693, 37.325042 ], [ -79.869739, 37.32496 ], [ -79.8698639, 37.3247422 ] ] }, "id": "way/20462577" }, { "type": "Feature", "properties": { "@id": "way/20465712", "NHS": "STRAHNET", "hgv": "designated", "hgv:national_network": "yes", "highway": "trunk", "lanes": "2", "maxspeed": "40 mph", "name": "Challenger Avenue Northeast", "oneway": "yes", "ref": "US 221;US 460;US 220 Alternate", "source:hgv:national_network": "Title 23: Highways Part 658 http://ecfr.gpoaccess.gov/cgi/t/text/text-idx?c=ecfr&rgn=div5&view=text&node=23:1.0.1.7.33&idno=23", "surface": "asphalt", "tiger:cfcc": "A25", "tiger:county": "Roanoke, VA", "tiger:name_base": "Challenger", "tiger:name_direction_suffix": "NE", "tiger:name_type": "Ave", "tiger:reviewed": "no" }, "geometry": { "type": "LineString", "coordinates": [ [ -79.8884914, 37.3072595 ], [ -79.8881583, 37.3076013 ] ] }, "id": "way/20465712" }, { "type": "Feature", "properties": { "@id": "way/38795867", "hgv": "designated", "highway": "primary", "maxspeed": "35 mph", "name": "North High Street", "name_1": "28th Division Highway", "old_ref": "US 322", "old_ref:legislative": "107", "ref": "US 220 Alternate", "source:hgv": "https://www.dot.state.pa.us/public/pubsforms/Publications/TruckersMap.pdf", "surface": "asphalt", "tiger:cfcc": "A25", "tiger:name_base": "High", "tiger:name_base_1": "28th Division", "tiger:name_base_2": "United States Highway 322", "tiger:name_direction_prefix": "N", "tiger:name_type": "St", "tiger:name_type_1": "Hwy", "tiger:reviewed": "aerial" }, "geometry": { "type": "LineString", "coordinates": [ [ -78.0630441, 40.8037349 ], [ -78.0608912, 40.8027126 ], [ -78.060056, 40.802316 ], [ -78.059343, 40.802011 ], [ -78.05889, 40.801838 ], [ -78.058236, 40.801599 ], [ -78.056258, 40.800904 ], [ -78.0557484, 40.80073 ], [ -78.055585, 40.8006711 ], [ -78.0553937, 40.8005885 ], [ -78.0552162, 40.8005001 ], [ -78.0550756, 40.8004146 ], [ -78.0549622, 40.8003439 ], [ -78.0547933, 40.8002132 ], [ -78.0543455, 40.7998577 ], [ -78.054262, 40.7997929 ], [ -78.0541693, 40.799721 ] ] }, "id": "way/38795867" }, { "type": "Feature", "properties": { "@id": "way/41497343", "NHS": "STRAHNET", "expressway": "no", "hgv": "designated", "hgv:national_network": "yes", "highway": "trunk", "lanes": "3", "maxspeed": "35 mph", "name": "Orange Avenue Northeast", "oneway": "yes", "placement": "transition", "ref": "US 460;US 11 Alt;US 220 Alt;VA 116", "sidewalk:left": "no", "sidewalk:right": "separate", "source:hgv:national_network": "Title 23: Highways Part 658 http://ecfr.gpoaccess.gov/cgi/t/text/text-idx?c=ecfr&rgn=div5&view=text&node=23:1.0.1.7.33&idno=23", "surface": "asphalt", "tiger:cfcc": "A25", "tiger:county": "Roanoke-City, VA", "tiger:name_base": "Orange", "tiger:name_direction_suffix": "NE", "tiger:name_type": "Ave", "tiger:reviewed": "no", "tiger:zip_left": "24012", "turn:lanes": "through|through|slight_right" }, "geometry": { "type": "LineString", "coordinates": [ [ -79.9353938, 37.2823216 ], [ -79.9363867, 37.2822748 ], [ -79.9373918, 37.282248 ] ] }, "id": "way/41497343" }, { "type": "Feature", "properties": { "@id": "way/41497344", "NHS": "STRAHNET", "expressway": "no", "hgv": "designated", "hgv:national_network": "yes", "highway": "trunk", "lanes": "3", "maxspeed": "35 mph", "name": "Orange Avenue Northeast", "oneway": "yes", "ref": "US 221;US 460;US 220 Alt", "source:hgv:national_network": "Title 23: Highways Part 658 http://ecfr.gpoaccess.gov/cgi/t/text/text-idx?c=ecfr&rgn=div5&view=text&node=23:1.0.1.7.33&idno=23", "surface": "asphalt", "tiger:cfcc": "A25", "tiger:county": "Roanoke-City, VA", "tiger:name_base": "Orange", "tiger:name_direction_suffix": "NE", "tiger:name_type": "Ave" }, "geometry": { "type": "LineString", "coordinates": [ [ -79.933465, 37.282258 ], [ -79.9333105, 37.2822631 ], [ -79.9329421, 37.2822728 ] ] }, "id": "way/41497344" }, { "type": "Feature", "properties": { "@id": "way/44013497", "NHS": "STRAHNET", "bridge": "yes", "expressway": "no", "hgv": "designated", "hgv:national_network": "yes", "highway": "trunk", "lanes": "2", "layer": "1", "maxspeed": "35 mph", "name": "Orange Avenue Northeast", "oneway": "yes", "ref": "US 221;US 460;US 220 Alt", "sidewalk:left": "no", "sidewalk:right": "separate", "source:hgv:national_network": "Title 23: Highways Part 658 http://ecfr.gpoaccess.gov/cgi/t/text/text-idx?c=ecfr&rgn=div5&view=text&node=23:1.0.1.7.33&idno=23", "surface": "asphalt", "tiger:cfcc": "A25", "tiger:county": "Roanoke-City, VA", "tiger:name_base": "Orange", "tiger:name_base_1": "United States Highway 221", "tiger:name_base_2": "United States Highway 460", "tiger:name_base_3": "US Hwy 220 (Alt)", "tiger:name_direction_suffix": "NE", "tiger:name_type": "Ave", "tiger:zip_left": "24012" }, "geometry": { "type": "LineString", "coordinates": [ [ -79.9194454, 37.2842075 ], [ -79.9198942, 37.2840827 ] ] }, "id": "way/44013497" }, { "type": "Feature", "properties": { "@id": "way/44013498", "NHS": "STRAHNET", "expressway": "no", "hgv": "designated", "hgv:national_network": "yes", "highway": "trunk", "lanes": "2", "maxspeed": "35 mph", "name": "Orange Avenue Northeast", "oneway": "yes", "ref": "US 221;US 460;US 220 Alternate", "sidewalk:left": "no", "sidewalk:right": "separate", "source:hgv:national_network": "Title 23: Highways Part 658 http://ecfr.gpoaccess.gov/cgi/t/text/text-idx?c=ecfr&rgn=div5&view=text&node=23:1.0.1.7.33&idno=23", "surface": "asphalt", "tiger:cfcc": "A25", "tiger:county": "Roanoke-City, VA", "tiger:name_base": "Orange", "tiger:name_base_1": "United States Highway 221", "tiger:name_base_2": "United States Highway 460", "tiger:name_base_3": "US Hwy 220 (Alt)", "tiger:name_direction_suffix": "NE", "tiger:name_type": "Ave", "tiger:zip_left": "24012" }, "geometry": { "type": "LineString", "coordinates": [ [ -79.9198942, 37.2840827 ], [ -79.9202073, 37.2839969 ], [ -79.9211181, 37.2837388 ], [ -79.9214336, 37.2836632 ], [ -79.9217728, 37.2836013 ] ] }, "id": "way/44013498" }, { "type": "Feature", "properties": { "@id": "way/44013499", "NHS": "STRAHNET", "bridge": "yes", "expressway": "no", "hgv": "designated", "hgv:national_network": "yes", "highway": "trunk", "lanes": "2", "layer": "1", "maxspeed": "35 mph", "name": "Orange Avenue Northeast", "oneway": "yes", "ref": "US 221;US 460;US 220 Alt", "sidewalk:left": "no", "sidewalk:right": "separate", "source:hgv:national_network": "Title 23: Highways Part 658 http://ecfr.gpoaccess.gov/cgi/t/text/text-idx?c=ecfr&rgn=div5&view=text&node=23:1.0.1.7.33&idno=23", "surface": "concrete", "tiger:cfcc": "A25", "tiger:county": "Roanoke-City, VA", "tiger:name_base": "Orange", "tiger:name_base_1": "US Hwy 220 (Alt)", "tiger:name_base_2": "United States Highway 221", "tiger:name_base_3": "United States Highway 460", "tiger:name_direction_suffix": "NE", "tiger:name_type": "Ave" }, "geometry": { "type": "LineString", "coordinates": [ [ -79.9198432, 37.2839717 ], [ -79.9194302, 37.2840851 ] ] }, "id": "way/44013499" }, { "type": "Feature", "properties": { "@id": "way/44013502", "NHS": "STRAHNET", "hgv": "designated", "hgv:national_network": "yes", "highway": "trunk", "lanes": "2", "maxspeed": "40 mph", "name": "Orange Avenue Northeast", "oneway": "yes", "ref": "US 221;US 460;US 220 Alternate", "source:hgv:national_network": "Title 23: Highways Part 658 http://ecfr.gpoaccess.gov/cgi/t/text/text-idx?c=ecfr&rgn=div5&view=text&node=23:1.0.1.7.33&idno=23", "surface": "asphalt", "tiger:cfcc": "A25", "tiger:county": "Roanoke-City, VA", "tiger:name_base": "Orange", "tiger:name_direction_suffix": "NE", "tiger:name_type": "Ave" }, "geometry": { "type": "LineString", "coordinates": [ [ -79.9062505, 37.2925278 ], [ -79.9060307, 37.2926461 ], [ -79.9057819, 37.29278 ], [ -79.9049651, 37.2932194 ], [ -79.904793, 37.293312 ], [ -79.904377, 37.2935413 ], [ -79.9041369, 37.2936706 ], [ -79.9037773, 37.2938761 ], [ -79.903436, 37.294068 ], [ -79.902672, 37.294515 ], [ -79.9013521, 37.2953142 ], [ -79.900889, 37.2955943 ], [ -79.8997616, 37.2962761 ], [ -79.8996656, 37.2963376 ], [ -79.898527, 37.297017 ], [ -79.898204, 37.297214 ], [ -79.897926, 37.297396 ], [ -79.897545, 37.297668 ], [ -79.897346, 37.297819 ], [ -79.897062, 37.298044 ], [ -79.896239, 37.298745 ], [ -79.8956586, 37.2992405 ], [ -79.895569, 37.299317 ], [ -79.8953564, 37.299503 ], [ -79.895201, 37.299639 ], [ -79.894989, 37.2998272 ], [ -79.894741, 37.300056 ], [ -79.8944928, 37.3002835 ], [ -79.8943369, 37.3004441 ], [ -79.8942984, 37.3004912 ], [ -79.894043, 37.300748 ], [ -79.893753, 37.301059 ], [ -79.8936655, 37.301161 ], [ -79.8935552, 37.3012895 ], [ -79.893487, 37.301369 ] ] }, "id": "way/44013502" }, { "type": "Feature", "properties": { "@id": "way/49905298", "highway": "motorway_link", "lanes": "1", "oneway": "yes", "ref": "US 220 Alternate", "surface": "asphalt" }, "geometry": { "type": "LineString", "coordinates": [ [ -79.8254835, 35.6210761 ], [ -79.8257009, 35.6212289 ], [ -79.8262109, 35.6215996 ], [ -79.8266692, 35.621929 ], [ -79.8268875, 35.6220927 ], [ -79.8269995, 35.6221892 ], [ -79.8271318, 35.6223122 ], [ -79.8272569, 35.6224319 ], [ -79.8274506, 35.6226322 ], [ -79.8276727, 35.6228813 ], [ -79.8279157, 35.6230783 ] ] }, "id": "way/49905298" }, { "type": "Feature", "properties": { "@id": "way/49905300", "highway": "motorway_link", "oneway": "yes", "ref": "US 220 Alternate" }, "geometry": { "type": "LineString", "coordinates": [ [ -79.8276849, 35.6225026 ], [ -79.8276131, 35.6223361 ], [ -79.8274238, 35.6221019 ], [ -79.8273036, 35.6219183 ], [ -79.827195, 35.6217355 ], [ -79.8270641, 35.6214992 ], [ -79.8268734, 35.6211502 ], [ -79.8264373, 35.6203474 ], [ -79.8263138, 35.6201219 ], [ -79.8262584, 35.6200318 ] ] }, "id": "way/49905300" }, { "type": "Feature", "properties": { "@id": "way/49907724", "highway": "primary", "lanes": "2", "maxspeed": "35 mph", "name": "North Main Street", "old_ref": "US 220", "oneway": "no", "ref": "US 220 ALT", "surface": "asphalt", "tiger:cfcc": "A25", "tiger:county": "Montgomery, NC", "tiger:name_base": "Main", "tiger:name_base_1": "US Hwy 220 (Alt)", "tiger:name_direction_prefix": "N", "tiger:name_type": "St", "tiger:reviewed": "no" }, "geometry": { "type": "LineString", "coordinates": [ [ -79.745691, 35.299021 ], [ -79.74569, 35.299197 ], [ -79.745707, 35.29937 ], [ -79.745743, 35.299543 ], [ -79.745796, 35.299712 ], [ -79.745841, 35.299822 ] ] }, "id": "way/49907724" }, { "type": "Feature", "properties": { "@id": "way/49908703", "highway": "primary", "lanes": "2", "maxspeed": "55 mph", "old_ref": "US 220", "ref": "US 220 ALT", "tiger:cfcc": "A21", "tiger:county": "Montgomery, NC", "tiger:name_base": "US Hwy 220 (Alt)", "tiger:name_direction_suffix": "S", "tiger:reviewed": "no", "tiger:zip_left": "27229", "tiger:zip_right": "27229" }, "geometry": { "type": "LineString", "coordinates": [ [ -79.7305597, 35.2546956 ], [ -79.7307533, 35.2549638 ], [ -79.731765, 35.256365 ], [ -79.732109, 35.256866 ], [ -79.732739, 35.257743 ], [ -79.733565, 35.258933 ], [ -79.733642, 35.25904 ], [ -79.7341016, 35.2596991 ], [ -79.7343333, 35.2600294 ], [ -79.7345424, 35.2603178 ], [ -79.73603, 35.262384 ], [ -79.736638, 35.263252 ], [ -79.736897, 35.263609 ], [ -79.73713, 35.263955 ], [ -79.737588, 35.264744 ], [ -79.738416, 35.266403 ], [ -79.738781, 35.267036 ], [ -79.739165, 35.267661 ], [ -79.73967, 35.268424 ], [ -79.740933, 35.270364 ], [ -79.742622, 35.272927 ], [ -79.742822, 35.27323 ], [ -79.743418, 35.274158 ], [ -79.744081, 35.275167 ], [ -79.744397, 35.275693 ], [ -79.744627, 35.276077 ], [ -79.74466, 35.276131 ], [ -79.745048, 35.277041 ], [ -79.745216, 35.2775041 ] ] }, "id": "way/49908703" }, { "type": "Feature", "properties": { "@id": "way/49908704", "bridge": "yes", "highway": "primary", "lanes": "1", "layer": "1", "old_ref": "US 220", "oneway": "yes", "ref": "US 220 ALT", "tiger:cfcc": "A21", "tiger:county": "Montgomery, NC", "tiger:name_base": "US Hwy 220 (Alt)", "tiger:name_direction_suffix": "S", "tiger:zip_left": "27229", "tiger:zip_right": "27229" }, "geometry": { "type": "LineString", "coordinates": [ [ -79.729487, 35.2532671 ], [ -79.7299613, 35.2539401 ] ] }, "id": "way/49908704" }, { "type": "Feature", "properties": { "@id": "way/51045622", "NHS": "STRAHNET", "expressway": "no", "hgv": "designated", "hgv:national_network": "yes", "highway": "trunk", "lanes": "3", "maxspeed": "35 mph", "name": "Orange Avenue Northeast", "oneway": "yes", "ref": "US 221;US 460;US 220 Alternate;VA 116", "source:hgv:national_network": "Title 23: Highways Part 658 http://ecfr.gpoaccess.gov/cgi/t/text/text-idx?c=ecfr&rgn=div5&view=text&node=23:1.0.1.7.33&idno=23", "surface": "asphalt", "tiger:cfcc": "A25", "tiger:county": "Roanoke-City, VA", "tiger:name_base": "Orange", "tiger:name_direction_suffix": "NE", "tiger:name_type": "Ave", "tiger:zip_left": "24012" }, "geometry": { "type": "LineString", "coordinates": [ [ -79.9333656, 37.2824055 ], [ -79.9334977, 37.2823996 ] ] }, "id": "way/51045622" }, { "type": "Feature", "properties": { "@id": "way/51045628", "NHS": "STRAHNET", "expressway": "no", "hgv": "designated", "hgv:national_network": "yes", "highway": "trunk", "lanes": "3", "maxspeed": "35 mph", "name": "Orange Avenue Northeast", "oneway": "yes", "ref": "US 460;US 11 Alt;US 220 Alt", "sidewalk:left": "no", "sidewalk:right": "separate", "source:hgv:national_network": "Title 23: Highways Part 658 http://ecfr.gpoaccess.gov/cgi/t/text/text-idx?c=ecfr&rgn=div5&view=text&node=23:1.0.1.7.33&idno=23", "surface": "asphalt", "tiger:cfcc": "A25", "tiger:county": "Roanoke-City, VA", "tiger:name_base": "Orange", "tiger:name_direction_suffix": "NE", "tiger:name_type": "Ave", "turn:lanes": "through|through|through" }, "geometry": { "type": "LineString", "coordinates": [ [ -79.9347192, 37.2822104 ], [ -79.9337388, 37.2822474 ], [ -79.9336013, 37.2822526 ] ] }, "id": "way/51045628" }, { "type": "Feature", "properties": { "@id": "way/51048089", "NHS": "STRAHNET", "alt_name": "116th Infantry Regiment Memorial Highway", "hgv": "designated", "hgv:national_network": "yes", "highway": "trunk", "lanes": "2", "maxspeed": "45 mph", "name": "Challenger Avenue Northeast", "oneway": "yes", "ref": "US 221;US 460;US 220 Alternate", "source:hgv:national_network": "Title 23: Highways Part 658 http://ecfr.gpoaccess.gov/cgi/t/text/text-idx?c=ecfr&rgn=div5&view=text&node=23:1.0.1.7.33&idno=23", "surface": "asphalt", "tiger:cfcc": "A25", "tiger:county": "Roanoke, VA", "tiger:name_base": "Challenger", "tiger:name_direction_suffix": "NE", "tiger:name_type": "Ave" }, "geometry": { "type": "LineString", "coordinates": [ [ -79.8698639, 37.3247422 ], [ -79.8701031, 37.324501 ], [ -79.870619, 37.3239853 ], [ -79.8709967, 37.3236123 ], [ -79.8713353, 37.3232955 ], [ -79.8714116, 37.3232253 ], [ -79.872222, 37.322384 ], [ -79.8734992, 37.3211477 ], [ -79.874488, 37.320124 ], [ -79.875127, 37.319503 ], [ -79.875475, 37.319186 ], [ -79.875997, 37.318745 ], [ -79.8762466, 37.3185473 ], [ -79.876396, 37.318429 ], [ -79.876949, 37.318014 ], [ -79.877161, 37.317869 ], [ -79.877367, 37.317728 ], [ -79.878724, 37.31683 ], [ -79.8799419, 37.3160373 ], [ -79.8801415, 37.315907 ], [ -79.8805996, 37.3156012 ], [ -79.881215, 37.315177 ], [ -79.881327, 37.315096 ], [ -79.881546, 37.314932 ], [ -79.881803, 37.314729 ], [ -79.882062, 37.31451 ], [ -79.882413, 37.314192 ], [ -79.8834125, 37.3132061 ], [ -79.8835778, 37.3130519 ], [ -79.8836788, 37.3129542 ], [ -79.8853594, 37.3112704 ], [ -79.885746, 37.310883 ], [ -79.885973, 37.310627 ], [ -79.886081, 37.310491 ], [ -79.886274, 37.310247 ], [ -79.8870679, 37.3092181 ], [ -79.887669, 37.3084567 ], [ -79.887901, 37.3081831 ], [ -79.888026, 37.3080512 ], [ -79.8881176, 37.3079524 ] ] }, "id": "way/51048089" }, { "type": "Feature", "properties": { "@id": "way/51048090", "NHS": "STRAHNET", "alt_name": "116th Infantry Regiment Memorial Highway", "hgv": "designated", "hgv:national_network": "yes", "highway": "trunk", "lanes": "4", "maxspeed": "45 mph", "name": "Challenger Avenue Northeast", "oneway": "yes", "placement": "right_of:3", "ref": "US 221;US 460;US 220 Alt", "source:hgv:national_network": "Title 23: Highways Part 658 http://ecfr.gpoaccess.gov/cgi/t/text/text-idx?c=ecfr&rgn=div5&view=text&node=23:1.0.1.7.33&idno=23", "surface": "asphalt", "tiger:cfcc": "A25", "tiger:county": "Roanoke, VA", "tiger:name_base": "Challenger", "tiger:name_base_1": "United States Highway 221", "tiger:name_base_2": "United States Highway 460", "tiger:name_direction_suffix": "NE", "tiger:name_type": "Ave", "tiger:reviewed": "no", "turn:lanes": "left|left|through|through" }, "geometry": { "type": "LineString", "coordinates": [ [ -79.870058, 37.3242742 ], [ -79.8691945, 37.3251298 ], [ -79.8690621, 37.3252623 ] ] }, "id": "way/51048090" }, { "type": "Feature", "properties": { "@id": "way/51048097", "NHS": "STRAHNET", "expressway": "no", "hgv": "designated", "hgv:national_network": "yes", "highway": "trunk", "lanes": "3", "maxspeed": "35 mph", "name": "Orange Avenue Northeast", "oneway": "yes", "ref": "US 460;US 11 Alt;US 220 Alt;VA 116", "sidewalk:left": "no", "sidewalk:right": "separate", "source:hgv:national_network": "Title 23: Highways Part 658 http://ecfr.gpoaccess.gov/cgi/t/text/text-idx?c=ecfr&rgn=div5&view=text&node=23:1.0.1.7.33&idno=23", "surface": "asphalt", "tiger:cfcc": "A25", "tiger:county": "Roanoke-City, VA", "tiger:name_base": "Orange", "tiger:name_direction_suffix": "NE", "tiger:name_type": "Ave" }, "geometry": { "type": "LineString", "coordinates": [ [ -79.9353046, 37.2821824 ], [ -79.9347192, 37.2822104 ] ] }, "id": "way/51048097" }, { "type": "Feature", "properties": { "@id": "way/51250698", "NHS": "yes", "hgv": "designated", "highway": "primary", "lanes": "3", "lanes:backward": "1", "lanes:both_ways": "1", "lanes:forward": "1", "name": "South Eagle Valley Road", "old_ref_legislative": "107", "rcn_ref": "V", "ref": "US 220 Alternate;PA 144", "source:hgv": "https://www.dot.state.pa.us/public/pubsforms/Publications/TruckersMap.pdf", "source:lanes": "Bing", "surface": "asphalt", "tiger:cfcc": "A25", "tiger:county": "Centre, PA", "tiger:name_base": "Eagle Valley", "tiger:name_base_1": "United States Highway 220", "tiger:name_base_2": "State Route 144", "tiger:name_direction_prefix": "S", "tiger:name_type": "Rd", "turn:lanes:both_ways": "left" }, "geometry": { "type": "LineString", "coordinates": [ [ -77.804397, 40.9382937 ], [ -77.805789, 40.9377994 ], [ -77.8061871, 40.9376604 ], [ -77.8088243, 40.9367312 ], [ -77.8094177, 40.9365322 ], [ -77.8104173, 40.9361687 ], [ -77.8112088, 40.935888 ], [ -77.8116538, 40.9357342 ], [ -77.8120666, 40.9355857 ], [ -77.8129955, 40.9352595 ], [ -77.8134461, 40.9351023 ], [ -77.8135146, 40.9350779 ], [ -77.8138552, 40.9349564 ], [ -77.8140271, 40.934898 ] ] }, "id": "way/51250698" }, { "type": "Feature", "properties": { "@id": "way/55784052", "NHS": "yes", "hgv": "designated", "highway": "primary", "lanes": "2", "name": "South Eagle Valley Road", "name_1": "Appalachian Highway", "name_2": "Twenty-Eight Division Highway", "old_ref": "US 220;US 322", "old_ref:legislative": "107", "oneway": "no", "ref": "US 220 Alternate", "source:hgv": "https://www.dot.state.pa.us/public/pubsforms/Publications/TruckersMap.pdf", "surface": "asphalt", "tiger:cfcc": "A41;A21", "tiger:county": "Centre, PA", "tiger:name_base": "Eagle Valley", "tiger:name_base_1": "United States Highway 220;Appalachian", "tiger:name_base_2": "Twenty-Eight Division", "tiger:name_base_3": "United States Highway 220", "tiger:name_base_4": "United States Highway 322", "tiger:name_direction_prefix": "S", "tiger:name_type": "Rd", "tiger:name_type_1": "Hwy", "tiger:name_type_2": "Hwy", "tiger:reviewed": "no" }, "geometry": { "type": "LineString", "coordinates": [ [ -78.0212104, 40.8269539 ], [ -78.0205877, 40.8273362 ], [ -78.0204869, 40.8273986 ] ] }, "id": "way/55784052" }, { "type": "Feature", "properties": { "@id": "way/55842969", "NHS": "Interstate", "hgv": "designated", "hgv:national_network": "yes", "highway": "motorway", "lanes": "2", "maxspeed": "70 mph", "name": "Z. H. Confair Memorial Highway", "old_name": "Keystone Shortway", "oneway": "yes", "ref": "I 80;US 220 Alternate", "ref:penndot": "SR 0080", "source:hgv:national_network": "https://www.ecfr.gov/current/title-23/chapter-I/subchapter-G/part-658;https://hepgis-usdot.hub.arcgis.com/apps/usdot::national-network-conventional-combination-trucks-map", "source:maxspeed": "sign;survey", "surface": "asphalt" }, "geometry": { "type": "LineString", "coordinates": [ [ -77.7201272, 40.9451481 ], [ -77.7250253, 40.944553 ], [ -77.7253123, 40.9445226 ], [ -77.725598, 40.9444978 ], [ -77.7261733, 40.9444659 ], [ -77.7267594, 40.9444588 ], [ -77.7273387, 40.9444775 ], [ -77.7279141, 40.9445221 ], [ -77.7284854, 40.9445879 ], [ -77.7287757, 40.9446325 ], [ -77.7293403, 40.9447353 ], [ -77.7298936, 40.9448614 ], [ -77.7301651, 40.9449334 ], [ -77.7307069, 40.9450985 ], [ -77.731232, 40.9452793 ], [ -77.7317376, 40.9454834 ], [ -77.7322398, 40.9457129 ], [ -77.7327172, 40.945961 ], [ -77.7329506, 40.9460922 ], [ -77.7363209, 40.9481171 ], [ -77.7414029, 40.9511701 ], [ -77.7437438, 40.9525764 ], [ -77.7440925, 40.952779 ], [ -77.7448086, 40.9531598 ], [ -77.7455489, 40.9535113 ], [ -77.7463134, 40.9538314 ], [ -77.7470899, 40.954119 ], [ -77.7474922, 40.9542527 ], [ -77.7478999, 40.9543793 ], [ -77.7487193, 40.9546042 ], [ -77.7491364, 40.9547044 ], [ -77.7499451, 40.9548813 ] ] }, "id": "way/55842969" }, { "type": "Feature", "properties": { "@id": "way/55843076", "NHS": "Interstate", "hgv": "designated", "hgv:national_network": "yes", "highway": "motorway", "lanes": "2", "maxspeed": "70 mph", "name": "Z. H. Confair Memorial Highway", "old_name": "Keystone Shortway", "oneway": "yes", "ref": "I 80;US 220 Alternate", "ref:penndot": "SR 0080", "source:hgv:national_network": "https://www.ecfr.gov/current/title-23/chapter-I/subchapter-G/part-658;https://hepgis-usdot.hub.arcgis.com/apps/usdot::national-network-conventional-combination-trucks-map", "source:maxspeed": "sign;survey", "surface": "asphalt" }, "geometry": { "type": "LineString", "coordinates": [ [ -77.7141027, 40.9458801 ], [ -77.7187528, 40.9453151 ] ] }, "id": "way/55843076" }, { "type": "Feature", "properties": { "@id": "way/55843091", "NHS": "Interstate", "bridge": "yes", "hgv": "designated", "hgv:national_network": "yes", "highway": "motorway", "lanes": "3", "layer": "1", "maxspeed": "70 mph", "name": "Z. H. Confair Memorial Highway", "old_name": "Keystone Shortway", "oneway": "yes", "placement": "left_of:2", "ref": "I 80;US 220 Alternate", "ref:penndot": "SR 0080", "source:hgv:national_network": "https://www.ecfr.gov/current/title-23/chapter-I/subchapter-G/part-658;https://hepgis-usdot.hub.arcgis.com/apps/usdot::national-network-conventional-combination-trucks-map", "source:maxspeed": "sign;survey", "surface": "asphalt", "turn:lanes": "||merge_to_left" }, "geometry": { "type": "LineString", "coordinates": [ [ -77.7195629, 40.9452167 ], [ -77.7201272, 40.9451481 ] ] }, "id": "way/55843091" }, { "type": "Feature", "properties": { "@id": "way/55847151", "NHS": "Interstate", "hgv": "designated", "hgv:national_network": "yes", "highway": "motorway", "lanes": "2", "maxspeed": "70 mph", "name": "Z. H. Confair Memorial Highway", "old_name": "Keystone Shortway", "oneway": "yes", "ref": "I 80;US 220 Alternate", "ref:penndot": "SR 0080", "source:hgv:national_network": "https://www.ecfr.gov/current/title-23/chapter-I/subchapter-G/part-658;https://hepgis-usdot.hub.arcgis.com/apps/usdot::national-network-conventional-combination-trucks-map", "source:maxspeed": "sign;survey", "surface": "asphalt" }, "geometry": { "type": "LineString", "coordinates": [ [ -77.7502736, 40.9545319 ], [ -77.7501288, 40.9545029 ], [ -77.7496903, 40.9544203 ], [ -77.7492745, 40.9543342 ], [ -77.7488588, 40.954237 ], [ -77.7484457, 40.9541342 ], [ -77.7480434, 40.9540213 ], [ -77.7476323, 40.9538992 ], [ -77.7472367, 40.9537726 ], [ -77.7468451, 40.9536359 ], [ -77.7464542, 40.953491 ], [ -77.7460726, 40.9533401 ], [ -77.7456911, 40.9531806 ], [ -77.7453142, 40.9530115 ], [ -77.7449488, 40.9528398 ], [ -77.7445934, 40.95266 ], [ -77.744236, 40.9524691 ], [ -77.7438846, 40.9522751 ], [ -77.7435453, 40.952074 ], [ -77.743208, 40.9518624 ], [ -77.7397926, 40.9496687 ], [ -77.7341227, 40.9460268 ], [ -77.7334998, 40.9456267 ], [ -77.7332718, 40.945488 ], [ -77.7330478, 40.9453573 ], [ -77.7328111, 40.9452271 ], [ -77.7325711, 40.9451056 ], [ -77.7323256, 40.9449881 ], [ -77.7320762, 40.9448751 ], [ -77.7318281, 40.9447687 ], [ -77.7315693, 40.9446634 ], [ -77.7313098, 40.9445672 ], [ -77.7310509, 40.944478 ], [ -77.7307794, 40.9443899 ], [ -77.7305125, 40.9443104 ], [ -77.7302396, 40.9442374 ], [ -77.7299901, 40.9441731 ], [ -77.729689, 40.9441037 ], [ -77.7294081, 40.9440465 ], [ -77.7291325, 40.9439953 ], [ -77.7288428, 40.9439487 ], [ -77.7285578, 40.9439097 ], [ -77.7282748, 40.9438763 ], [ -77.7279872, 40.9438489 ], [ -77.7277002, 40.9438262 ], [ -77.7274172, 40.9438115 ], [ -77.7271248, 40.9438008 ], [ -77.7268345, 40.9437963 ], [ -77.7265462, 40.9437993 ], [ -77.7262585, 40.9438079 ], [ -77.7259701, 40.9438236 ], [ -77.7256771, 40.9438439 ], [ -77.7253901, 40.9438702 ], [ -77.7251051, 40.9439016 ], [ -77.7233184, 40.9441428 ] ] }, "id": "way/55847151" }, { "type": "Feature", "properties": { "@id": "way/55847155", "NHS": "Interstate", "bicycle": "no", "bridge": "yes", "foot": "no", "hgv": "designated", "hgv:national_network": "yes", "highway": "motorway", "horse": "no", "lanes": "2", "layer": "1", "maxspeed": "70 mph", "name": "Z. H. Confair Memorial Highway", "old_name": "Keystone Shortway", "oneway": "yes", "ref": "I 80;US 220 Alternate", "source:hgv:national_network": "https://www.ecfr.gov/current/title-23/chapter-I/subchapter-G/part-658;https://hepgis-usdot.hub.arcgis.com/apps/usdot::national-network-conventional-combination-trucks-map", "source:maxspeed": "sign;survey", "surface": "concrete" }, "geometry": { "type": "LineString", "coordinates": [ [ -77.75093, 40.954619 ], [ -77.7502736, 40.9545319 ] ] }, "id": "way/55847155" }, { "type": "Feature", "properties": { "@id": "way/55847158", "NHS": "Interstate", "bicycle": "no", "foot": "no", "hgv": "designated", "hgv:national_network": "yes", "highway": "motorway", "horse": "no", "lanes": "2", "maxspeed": "70 mph", "name": "Z. H. Confair Memorial Highway", "old_name": "Keystone Shortway", "oneway": "yes", "ref": "I 80;US 220 Alternate", "source:hgv:national_network": "https://www.ecfr.gov/current/title-23/chapter-I/subchapter-G/part-658;https://hepgis-usdot.hub.arcgis.com/apps/usdot::national-network-conventional-combination-trucks-map", "source:maxspeed": "sign;survey", "surface": "asphalt" }, "geometry": { "type": "LineString", "coordinates": [ [ -77.7504346, 40.9549694 ], [ -77.751268, 40.955074 ], [ -77.751936, 40.955144 ], [ -77.7540991, 40.9553058 ] ] }, "id": "way/55847158" }, { "type": "Feature", "properties": { "@id": "way/55847179", "NHS": "Interstate", "bicycle": "no", "bridge": "yes", "foot": "no", "hgv": "designated", "hgv:national_network": "yes", "highway": "motorway", "horse": "no", "lanes": "2", "layer": "1", "maxspeed": "70 mph", "name": "Z. H. Confair Memorial Highway", "old_name": "Keystone Shortway", "oneway": "yes", "ref": "I 80;US 220 Alternate", "source:hgv:national_network": "https://www.ecfr.gov/current/title-23/chapter-I/subchapter-G/part-658;https://hepgis-usdot.hub.arcgis.com/apps/usdot::national-network-conventional-combination-trucks-map", "source:maxspeed": "sign;survey", "surface": "concrete" }, "geometry": { "type": "LineString", "coordinates": [ [ -77.7499451, 40.9548813 ], [ -77.7504346, 40.9549694 ] ] }, "id": "way/55847179" }, { "type": "Feature", "properties": { "@id": "way/55847410", "NHS": "Interstate", "bicycle": "no", "foot": "no", "hgv": "designated", "hgv:national_network": "yes", "highway": "motorway", "horse": "no", "lanes": "2", "maxspeed": "70 mph", "name": "Z. H. Confair Memorial Highway", "old_name": "Keystone Shortway", "oneway": "yes", "ref": "I 80;US 220 Alternate", "source:hgv:national_network": "https://www.ecfr.gov/current/title-23/chapter-I/subchapter-G/part-658;https://hepgis-usdot.hub.arcgis.com/apps/usdot::national-network-conventional-combination-trucks-map", "source:maxspeed": "sign;survey", "surface": "asphalt" }, "geometry": { "type": "LineString", "coordinates": [ [ -77.7692185, 40.955481 ], [ -77.768514, 40.955449 ], [ -77.762844, 40.955207 ], [ -77.760999, 40.955139 ], [ -77.7588201, 40.9550465 ], [ -77.75716, 40.954976 ], [ -77.75559, 40.9549071 ] ] }, "id": "way/55847410" }, { "type": "Feature", "properties": { "@id": "way/55847453", "NHS": "Interstate", "bicycle": "no", "bridge": "yes", "foot": "no", "hgv": "designated", "hgv:national_network": "yes", "highway": "motorway", "horse": "no", "lanes": "2", "layer": "1", "maxspeed": "70 mph", "name": "Z. H. Confair Memorial Highway", "old_name": "Keystone Shortway", "oneway": "yes", "ref": "I 80;US 220 Alternate", "source:hgv:national_network": "https://www.ecfr.gov/current/title-23/chapter-I/subchapter-G/part-658;https://hepgis-usdot.hub.arcgis.com/apps/usdot::national-network-conventional-combination-trucks-map", "source:maxspeed": "sign;survey", "surface": "asphalt" }, "geometry": { "type": "LineString", "coordinates": [ [ -77.771444, 40.9555544 ], [ -77.7692185, 40.955481 ] ] }, "id": "way/55847453" }, { "type": "Feature", "properties": { "@id": "way/55847596", "hgv": "designated", "highway": "motorway_link", "lanes": "1", "oneway": "yes", "ref": "US 220 Alternate", "source:hgv": "https://www.dot.state.pa.us/public/pubsforms/Publications/TruckersMap.pdf", "surface": "asphalt" }, "geometry": { "type": "LineString", "coordinates": [ [ -77.7692228, 40.9564108 ], [ -77.769568, 40.956451 ], [ -77.769723, 40.956497 ], [ -77.769914, 40.956591 ], [ -77.770034, 40.956687 ], [ -77.770097, 40.956762 ], [ -77.770161, 40.956882 ], [ -77.770191, 40.957021 ], [ -77.770197, 40.957125 ], [ -77.770175, 40.957229 ], [ -77.770092, 40.957384 ], [ -77.769976, 40.957504 ], [ -77.769849, 40.957588 ], [ -77.769684, 40.957664 ], [ -77.769576, 40.957698 ], [ -77.769366, 40.957717 ], [ -77.769202, 40.957712 ], [ -77.769053, 40.957684 ], [ -77.768834, 40.957594 ], [ -77.768729, 40.957529 ], [ -77.768651, 40.957455 ], [ -77.768489, 40.957251 ], [ -77.768259, 40.956915 ], [ -77.768233, 40.956731 ], [ -77.76826, 40.956631 ], [ -77.768301, 40.956562 ], [ -77.768453, 40.9564162 ] ] }, "id": "way/55847596" }, { "type": "Feature", "properties": { "@id": "way/64202239", "NHS": "yes", "expressway": "yes", "hgv": "designated", "highway": "primary", "lanes": "2", "maxspeed": "55 mph", "name": "South Eagle Valley Road", "old_ref:legislative": "219", "oneway": "yes", "ref": "US 220 Alternate", "source:hgv": "https://www.dot.state.pa.us/public/pubsforms/Publications/TruckersMap.pdf", "surface": "asphalt", "tiger:cfcc": "A25", "tiger:county": "Centre, PA", "tiger:name_base": "Eagle Valley", "tiger:name_base_1": "State Route 144", "tiger:name_base_2": "United States Highway 220", "tiger:name_direction_prefix": "S", "tiger:name_type": "Rd", "tiger:reviewed": "aerial" }, "geometry": { "type": "LineString", "coordinates": [ [ -77.7944941, 40.9446703 ], [ -77.7940398, 40.9450074 ], [ -77.7906312, 40.9475315 ] ] }, "id": "way/64202239" }, { "type": "Feature", "properties": { "@id": "way/64202245", "NHS": "yes", "expressway": "yes", "hgv": "designated", "highway": "primary", "lanes": "2", "maxspeed": "55 mph", "name": "South Eagle Valley Road", "old_ref:legislative": "107", "oneway": "yes", "rcn_ref": "V", "ref": "US 220 Alternate;PA 144", "source:hgv": "https://www.dot.state.pa.us/public/pubsforms/Publications/TruckersMap.pdf", "surface": "asphalt", "tiger:cfcc": "A25", "tiger:county": "Centre, PA", "tiger:name_base": "Eagle Valley", "tiger:name_base_1": "United States Highway 220", "tiger:name_base_2": "State Route 144", "tiger:name_direction_prefix": "S", "tiger:name_type": "Rd" }, "geometry": { "type": "LineString", "coordinates": [ [ -77.7907235, 40.9476939 ], [ -77.791509, 40.9471205 ], [ -77.791919, 40.946809 ], [ -77.792364, 40.94648 ], [ -77.7931554, 40.9458981 ], [ -77.7941679, 40.9451521 ], [ -77.7957494, 40.9439809 ], [ -77.7965599, 40.9433687 ], [ -77.800294, 40.940587 ] ] }, "id": "way/64202245" }, { "type": "Feature", "properties": { "@id": "way/64202252", "NHS": "yes", "expressway": "yes", "hgv": "designated", "highway": "primary", "lanes": "2", "maxspeed": "55 mph", "name": "North Eagle Valley Road", "old_ref_legislative": "219", "oneway": "yes", "ref": "US 220 Alternate;PA 150", "source:hgv": "https://www.dot.state.pa.us/public/pubsforms/Publications/TruckersMap.pdf", "surface": "asphalt" }, "geometry": { "type": "LineString", "coordinates": [ [ -77.7854243, 40.9497804 ], [ -77.784099, 40.950246 ], [ -77.782017, 40.950968 ], [ -77.781361, 40.951204 ], [ -77.780563, 40.951475 ], [ -77.7794465, 40.9518746 ] ] }, "id": "way/64202252" }, { "type": "Feature", "properties": { "@id": "way/64232718", "NHS": "yes", "hgv": "designated", "highway": "primary", "lanes": "2", "lanes:backward": "1", "lanes:forward": "1", "name": "South Eagle Valley Road", "old_ref_legislative": "107", "ref": "US 220 Alternate;PA 504", "source:hgv": "https://www.dot.state.pa.us/public/pubsforms/Publications/TruckersMap.pdf", "surface": "asphalt", "tiger:cfcc": "A25", "tiger:county": "Centre, PA", "tiger:name_base": "Eagle Valley", "tiger:name_base_1": "United States Highway 220", "tiger:name_base_2": "State Route 144", "tiger:name_direction_prefix": "S", "tiger:name_type": "Rd" }, "geometry": { "type": "LineString", "coordinates": [ [ -77.840109, 40.925241 ], [ -77.840544, 40.925012 ], [ -77.840593, 40.924986 ], [ -77.840791, 40.924891 ], [ -77.840881, 40.924851 ], [ -77.84097, 40.92481 ], [ -77.8415207, 40.9245841 ], [ -77.8419469, 40.9244069 ], [ -77.842431, 40.924184 ], [ -77.84298, 40.923945 ], [ -77.844161, 40.923385 ], [ -77.84441, 40.923279 ], [ -77.844605, 40.923207 ], [ -77.844859, 40.923124 ], [ -77.845123, 40.92305 ], [ -77.845637, 40.922889 ], [ -77.846115, 40.922706 ], [ -77.846405, 40.922579 ], [ -77.846974, 40.922329 ], [ -77.850228, 40.920857 ], [ -77.850442, 40.920757 ], [ -77.850773, 40.920614 ], [ -77.851071, 40.920471 ], [ -77.85234, 40.91989 ], [ -77.853597, 40.919296 ], [ -77.854069, 40.919077 ], [ -77.854315, 40.918963 ], [ -77.854752, 40.918756 ], [ -77.8560658, 40.918142 ], [ -77.8563147, 40.9180253 ], [ -77.856912, 40.917728 ], [ -77.8574505, 40.9174297 ], [ -77.857504, 40.9174 ], [ -77.8579824, 40.9171426 ], [ -77.858399, 40.916897 ], [ -77.85862, 40.916772 ], [ -77.859524, 40.916249 ], [ -77.859826, 40.916066 ], [ -77.860048, 40.915912 ], [ -77.860534, 40.915553 ], [ -77.860805, 40.91538 ], [ -77.861056, 40.91523 ], [ -77.861863, 40.914786 ], [ -77.862148, 40.91464 ], [ -77.862409, 40.914516 ], [ -77.862707, 40.9144 ], [ -77.864516, 40.913815 ], [ -77.865413, 40.913523 ], [ -77.86579, 40.913387 ], [ -77.865935, 40.913329 ], [ -77.866129, 40.913239 ], [ -77.867025, 40.912771 ], [ -77.867412, 40.912563 ], [ -77.868294, 40.912064 ], [ -77.869433, 40.911391 ], [ -77.8698351, 40.9111542 ], [ -77.871077, 40.910423 ], [ -77.871457, 40.910202 ], [ -77.8716834, 40.91007 ], [ -77.8718579, 40.9099581 ], [ -77.8720078, 40.9098577 ], [ -77.8721511, 40.9097615 ], [ -77.8722916, 40.9096631 ], [ -77.8724297, 40.9095571 ], [ -77.8725384, 40.9094692 ], [ -77.8726549, 40.9093672 ], [ -77.8728384, 40.9091641 ], [ -77.8732379, 40.9086831 ] ] }, "id": "way/64232718" }, { "type": "Feature", "properties": { "@id": "way/65983599", "NHS": "yes", "hgv": "designated", "highway": "primary", "name": "East Union Street", "old_ref_legislative": "107", "ref": "US 220 Alternate;PA 504", "source:hgv": "https://www.dot.state.pa.us/public/pubsforms/Publications/TruckersMap.pdf", "surface": "asphalt", "tiger:cfcc": "A21", "tiger:county": "Centre, PA", "tiger:name_base": "United States Highway 220", "tiger:name_base_1": "Union", "tiger:name_type_1": "St" }, "geometry": { "type": "LineString", "coordinates": [ [ -77.8754803, 40.9072524 ], [ -77.8749954, 40.9074772 ], [ -77.8746462, 40.9076375 ], [ -77.8743637, 40.9077843 ], [ -77.8741279, 40.9079236 ], [ -77.8739876, 40.9080142 ], [ -77.8738105, 40.9081427 ], [ -77.8736187, 40.908297 ], [ -77.8734116, 40.9084883 ], [ -77.8733319, 40.9085759 ], [ -77.8732379, 40.9086831 ] ] }, "id": "way/65983599" }, { "type": "Feature", "properties": { "@id": "way/89179119", "NHS": "yes", "expressway": "yes", "hgv": "yes", "highway": "trunk", "lanes": "2", "name": "Cloverdale Road", "oneway": "yes", "ref": "US 220 Alternate", "surface": "asphalt", "tiger:cfcc": "A25", "tiger:county": "Roanoke, VA", "tiger:name_base": "Cloverdale", "tiger:name_base_1": "US Hwy 220 (Alt)", "tiger:name_type": "Rd", "tiger:reviewed": "no" }, "geometry": { "type": "LineString", "coordinates": [ [ -79.8701711, 37.32613 ], [ -79.870416, 37.326287 ], [ -79.870815, 37.326559 ], [ -79.871017, 37.326696 ], [ -79.871462, 37.327014 ], [ -79.871622, 37.327147 ], [ -79.871767, 37.32729 ], [ -79.871899, 37.327442 ], [ -79.8720001, 37.3275814 ], [ -79.872015, 37.327602 ], [ -79.872142, 37.327808 ], [ -79.872194, 37.327908 ], [ -79.872231, 37.327986 ], [ -79.872303, 37.32817 ], [ -79.872359, 37.328359 ], [ -79.872393, 37.328525 ], [ -79.872415, 37.328708 ], [ -79.872422, 37.328864 ], [ -79.872422, 37.329715 ], [ -79.872427, 37.330514 ], [ -79.872442, 37.330935 ], [ -79.872468, 37.331152 ], [ -79.872528, 37.331417 ], [ -79.872538, 37.331468 ] ] }, "id": "way/89179119" }, { "type": "Feature", "properties": { "@id": "way/112017171", "highway": "primary", "lanes": "2", "maxspeed": "55 mph", "old_ref": "US 220", "ref": "US 220 ALT;NC 731", "tiger:cfcc": "A21", "tiger:county": "Montgomery, NC", "tiger:name_base": "US Hwy 220 (Alt)", "tiger:name_direction_suffix": "S", "tiger:zip_left": "27229", "tiger:zip_right": "27229" }, "geometry": { "type": "LineString", "coordinates": [ [ -79.745216, 35.2775041 ], [ -79.745329, 35.278108 ], [ -79.745392, 35.27846 ], [ -79.745448, 35.278771 ] ] }, "id": "way/112017171" }, { "type": "Feature", "properties": { "@id": "way/116044067", "NHS": "STRAHNET", "expressway": "no", "hgv": "designated", "hgv:national_network": "yes", "highway": "trunk", "lanes": "2", "maxspeed": "35 mph", "name": "Orange Avenue Northeast", "oneway": "yes", "ref": "US 221;US 460;US 220 Alternate", "sidewalk:left": "no", "sidewalk:right": "separate", "source:hgv:national_network": "Title 23: Highways Part 658 http://ecfr.gpoaccess.gov/cgi/t/text/text-idx?c=ecfr&rgn=div5&view=text&node=23:1.0.1.7.33&idno=23", "surface": "asphalt", "tiger:cfcc": "A25", "tiger:county": "Roanoke-City, VA", "tiger:name_base": "Orange", "tiger:name_base_1": "US Hwy 220 (Alt)", "tiger:name_base_2": "United States Highway 221", "tiger:name_base_3": "United States Highway 460", "tiger:name_direction_suffix": "NE", "tiger:name_type": "Ave" }, "geometry": { "type": "LineString", "coordinates": [ [ -79.9224347, 37.2832935 ], [ -79.9223133, 37.2833184 ], [ -79.9221806, 37.2833457 ], [ -79.921773, 37.2834346 ], [ -79.921521, 37.283504 ], [ -79.9211418, 37.2836071 ], [ -79.920134, 37.283885 ], [ -79.9198432, 37.2839717 ] ] }, "id": "way/116044067" }, { "type": "Feature", "properties": { "@id": "way/116044186", "NHS": "STRAHNET", "expressway": "no", "hgv": "designated", "hgv:national_network": "yes", "highway": "trunk", "lanes": "3", "maxspeed": "35 mph", "name": "Orange Avenue Northeast", "oneway": "yes", "ref": "US 221;US 460;US 220 Alt", "sidewalk:left": "no", "sidewalk:right": "separate", "source:hgv:national_network": "Title 23: Highways Part 658 http://ecfr.gpoaccess.gov/cgi/t/text/text-idx?c=ecfr&rgn=div5&view=text&node=23:1.0.1.7.33&idno=23", "surface": "asphalt", "tiger:cfcc": "A25", "tiger:county": "Roanoke-City, VA", "tiger:name_base": "Orange", "tiger:name_direction_suffix": "NE", "tiger:name_type": "Ave", "tiger:zip_left": "24012" }, "geometry": { "type": "LineString", "coordinates": [ [ -79.9217728, 37.2836013 ], [ -79.9220048, 37.2835627 ], [ -79.9221004, 37.2835426 ], [ -79.9223445, 37.2834996 ], [ -79.9224755, 37.2834765 ], [ -79.9225865, 37.2834569 ], [ -79.9233665, 37.2833194 ], [ -79.9240586, 37.2831974 ], [ -79.9245114, 37.2831162 ], [ -79.92469, 37.2830841 ], [ -79.924796, 37.2830652 ], [ -79.9249166, 37.2830436 ], [ -79.9252625, 37.2829815 ] ] }, "id": "way/116044186" }, { "type": "Feature", "properties": { "@id": "way/116044329", "NHS": "STRAHNET", "expressway": "no", "hgv": "designated", "hgv:national_network": "yes", "highway": "trunk", "lanes": "2", "maxspeed": "35 mph", "name": "Orange Avenue Northeast", "oneway": "yes", "ref": "US 460;US 11 Alt;US 220 Alt;VA 116", "sidewalk:left": "no", "sidewalk:right": "separate", "source:hgv:national_network": "Title 23: Highways Part 658 http://ecfr.gpoaccess.gov/cgi/t/text/text-idx?c=ecfr&rgn=div5&view=text&node=23:1.0.1.7.33&idno=23", "surface": "asphalt", "tiger:cfcc": "A25", "tiger:county": "Roanoke-City, VA", "tiger:name_base": "Orange", "tiger:name_direction_suffix": "NE", "tiger:name_type": "Ave", "tiger:reviewed": "no", "tiger:zip_left": "24012" }, "geometry": { "type": "LineString", "coordinates": [ [ -79.9373918, 37.282248 ], [ -79.9376637, 37.2822465 ], [ -79.9380814, 37.2822513 ] ] }, "id": "way/116044329" }, { "type": "Feature", "properties": { "@id": "way/129639450", "highway": "primary", "lanes": "3", "maxspeed": "20 mph", "name": "South Main Street", "note:lanes": "1 southbound, 2 northbound", "old_ref": "US 220", "oneway": "no", "ref": "US 220 ALT;NC 731", "surface": "asphalt", "tiger:cfcc": "A21", "tiger:county": "Montgomery, NC", "tiger:name_base": "Main", "tiger:name_base_1": "US Hwy 220 (Alt)", "tiger:name_direction_prefix": "S", "tiger:name_type": "St" }, "geometry": { "type": "LineString", "coordinates": [ [ -79.7456636, 35.2948231 ], [ -79.74567, 35.29516 ] ] }, "id": "way/129639450" }, { "type": "Feature", "properties": { "@id": "way/130144138", "highway": "primary", "lanes": "1", "maxspeed": "35 mph", "name": "North Main Street", "old_ref": "US 220", "oneway": "yes", "ref": "US 220 ALT", "surface": "asphalt", "tiger:cfcc": "A25", "tiger:county": "Montgomery, NC", "tiger:name_base": "Main", "tiger:name_base_1": "US Hwy 220 (Alt)", "tiger:name_direction_prefix": "N", "tiger:name_type": "St", "tiger:reviewed": "no" }, "geometry": { "type": "LineString", "coordinates": [ [ -79.7456312, 35.2986315 ], [ -79.745691, 35.299021 ] ] }, "id": "way/130144138" }, { "type": "Feature", "properties": { "@id": "way/130144141", "highway": "primary", "lanes": "2", "maxspeed": "35 mph", "name": "North Main Street", "old_ref": "US 220", "oneway": "yes", "ref": "US 220 ALT", "surface": "asphalt", "tiger:cfcc": "A25", "tiger:county": "Montgomery, NC", "tiger:name_base": "Main", "tiger:name_base_1": "US Hwy 220 (Alt)", "tiger:name_direction_prefix": "N", "tiger:name_type": "St", "tiger:reviewed": "no", "tiger:zip_left": "27229", "tiger:zip_right": "27229" }, "geometry": { "type": "LineString", "coordinates": [ [ -79.7457583, 35.2985898 ], [ -79.745762, 35.298566 ], [ -79.745758, 35.297344 ], [ -79.745757, 35.2967 ], [ -79.745729, 35.295955 ] ] }, "id": "way/130144141" }, { "type": "Feature", "properties": { "@id": "way/138231515", "NHS": "yes", "expressway": "yes", "hgv": "yes", "highway": "trunk", "lanes": "2", "maxspeed": "55 mph", "name": "Cloverdale Road", "oneway": "yes", "ref": "US 220 Alternate", "surface": "asphalt", "tiger:cfcc": "A15", "tiger:county": "Botetourt, VA", "tiger:name_base": "Cloverdale", "tiger:name_base_1": "US Hwy 220 (Alt)", "tiger:name_type": "Rd", "tiger:reviewed": "no" }, "geometry": { "type": "LineString", "coordinates": [ [ -79.9026939, 37.3872518 ], [ -79.9025927, 37.387204 ] ] }, "id": "way/138231515" }, { "type": "Feature", "properties": { "@id": "way/142441120", "highway": "primary", "lanes": "2", "maxspeed": "55 mph", "oneway": "no", "ref": "US 220 ALT;US 220 BUS", "surface": "asphalt", "tiger:cfcc": "A21", "tiger:county": "Randolph, NC", "tiger:name_base": "United States Highway 220 Bus", "tiger:name_direction_suffix": "S", "tiger:reviewed": "no", "tiger:zip_left": "27205", "tiger:zip_right": "27205" }, "geometry": { "type": "LineString", "coordinates": [ [ -79.8252518, 35.6209031 ], [ -79.8250846, 35.621167 ] ] }, "id": "way/142441120" }, { "type": "Feature", "properties": { "@id": "way/144204413", "hgv": "designated", "highway": "trunk", "lanes": "1", "maxspeed": "35 mph", "name": "North High Street", "name_1": "28th Division Highway", "old_ref": "US 322", "old_ref:legislative": "107", "oneway": "yes", "ref": "US 220 Alternate", "source:hgv": "https://www.dot.state.pa.us/public/pubsforms/Publications/TruckersMap.pdf", "surface": "asphalt", "tiger:cfcc": "A25", "tiger:name_base": "High", "tiger:name_base_1": "28th Division", "tiger:name_base_2": "United States Highway 322", "tiger:name_direction_prefix": "N", "tiger:name_type": "St", "tiger:name_type_1": "Hwy" }, "geometry": { "type": "LineString", "coordinates": [ [ -78.0630441, 40.8037349 ], [ -78.0633509, 40.8039153 ], [ -78.0641059, 40.8042558 ], [ -78.0643411, 40.8043227 ] ] }, "id": "way/144204413" }, { "type": "Feature", "properties": { "@id": "way/146312949", "NHS": "yes", "expressway": "yes", "hgv": "designated", "hgv:national_network": "yes", "highway": "trunk", "lanes": "2", "name": "Cloverdale Road", "oneway": "yes", "ref": "US 220 Alternate", "source:hgv:national_network": "Title 23: Highways Part 658 http://ecfr.gpoaccess.gov/cgi/t/text/text-idx?c=ecfr&rgn=div5&view=text&node=23:1.0.1.7.33&idno=23", "surface": "asphalt", "tiger:cfcc": "A15", "tiger:county": "Botetourt, VA", "tiger:name_base": "Cloverdale", "tiger:name_base_1": "US Hwy 220 (Alt)", "tiger:name_type": "Rd", "tiger:reviewed": "no" }, "geometry": { "type": "LineString", "coordinates": [ [ -79.9043268, 37.3880222 ], [ -79.904251, 37.387978 ], [ -79.903957, 37.387839 ], [ -79.9034881, 37.3876278 ], [ -79.9034149, 37.3875949 ], [ -79.9028781, 37.3873479 ], [ -79.9028093, 37.387312 ], [ -79.9026939, 37.3872518 ] ] }, "id": "way/146312949" }, { "type": "Feature", "properties": { "@id": "way/152638927", "hgv": "designated", "highway": "primary", "lanes": "2", "maxspeed": "35 mph", "name": "East Plank Road", "name_1": "Twenty-Eighth Division Highway", "name_2": "Appalachain Thruway", "old_ref": "US 220;US 322", "old_ref_legislative": "107", "ref": "US 220 Alternate", "sidewalk": "no", "source:hgv": "https://www.dot.state.pa.us/public/pubsforms/Publications/TruckersMap.pdf", "surface": "asphalt", "tiger:cfcc": "A21", "tiger:county": "Centre, PA", "tiger:name_base": "Plank", "tiger:name_base_1": "Twenty-Eighth Division", "tiger:name_base_2": "United States Highway 220", "tiger:name_base_3": "Appalachain", "tiger:name_base_4": "United States Highway 322", "tiger:name_direction_prefix": "E", "tiger:name_type": "Rd", "tiger:name_type_1": "Hwy", "tiger:name_type_3": "Thwy", "tiger:zip_left": "16870", "tiger:zip_right": "16870" }, "geometry": { "type": "LineString", "coordinates": [ [ -78.0514617, 40.8019041 ], [ -78.0509622, 40.8023357 ], [ -78.050428, 40.8028014 ], [ -78.0494008, 40.8036997 ], [ -78.0492024, 40.8039089 ], [ -78.0490336, 40.8040964 ], [ -78.0488368, 40.8043468 ], [ -78.0483789, 40.8049655 ], [ -78.0482057, 40.8052018 ], [ -78.0480393, 40.8054113 ], [ -78.0479087, 40.8055525 ], [ -78.0477552, 40.805712 ], [ -78.0476226, 40.805837 ] ] }, "id": "way/152638927" }, { "type": "Feature", "properties": { "@id": "way/152638938", "bridge": "yes", "hgv": "designated", "highway": "primary", "lanes": "2", "layer": "1", "maxspeed": "35 mph", "name": "East Plank Road", "name_1": "Twenty-Eighth Division Highway", "name_2": "Appalachain Thruway", "old_ref": "US 220;US 322", "old_ref_legislative": "107", "ref": "US 220 Alternate", "source:hgv": "https://www.dot.state.pa.us/public/pubsforms/Publications/TruckersMap.pdf", "surface": "asphalt", "tiger:cfcc": "A21", "tiger:county": "Centre, PA", "tiger:name_base": "Plank", "tiger:name_base_1": "Twenty-Eighth Division", "tiger:name_base_2": "United States Highway 220", "tiger:name_base_3": "Appalachain", "tiger:name_base_4": "United States Highway 322", "tiger:name_direction_prefix": "E", "tiger:name_type": "Rd", "tiger:name_type_1": "Hwy", "tiger:name_type_3": "Thwy", "tiger:zip_left": "16870", "tiger:zip_right": "16870" }, "geometry": { "type": "LineString", "coordinates": [ [ -78.051593, 40.8017897 ], [ -78.0514617, 40.8019041 ] ] }, "id": "way/152638938" }, { "type": "Feature", "properties": { "@id": "way/152639063", "bridge": "yes", "hgv": "designated", "highway": "primary", "lanes": "2", "layer": "1", "name": "South Eagle Valley Road", "name_1": "Appalachian Highway", "name_2": "Twenty-Eight Division Highway", "old_ref": "US 220;US 322", "old_ref_legislative": "107", "ref": "US 220 Alternate", "source:hgv": "https://www.dot.state.pa.us/public/pubsforms/Publications/TruckersMap.pdf", "tiger:cfcc": "A41; A21", "tiger:county": "Centre, PA", "tiger:name_base": "Eagle Valley", "tiger:name_base_1": "United States Highway 220; Appalachian", "tiger:name_base_2": "Twenty-Eight Division", "tiger:name_base_3": "United States Highway 220", "tiger:name_base_4": "United States Highway 322", "tiger:name_direction_prefix": "S", "tiger:name_type": "Rd", "tiger:name_type_1": "Hwy", "tiger:name_type_2": "Hwy" }, "geometry": { "type": "LineString", "coordinates": [ [ -78.0396665, 40.8126905 ], [ -78.039548, 40.8127667 ] ] }, "id": "way/152639063" }, { "type": "Feature", "properties": { "@id": "way/209566614", "bridge": "yes", "highway": "primary", "lanes": "2", "layer": "1", "name": "Main Street", "old_ref": "US 220", "oneway": "no", "ref": "US 220 ALT", "surface": "concrete", "tiger:cfcc": "A21", "tiger:county": "Montgomery, NC", "tiger:name_base": "Main", "tiger:name_base_1": "US Hwy 220 (Alt)", "tiger:name_type": "St" }, "geometry": { "type": "LineString", "coordinates": [ [ -79.7841254, 35.4019834 ], [ -79.7841281, 35.4022223 ] ] }, "id": "way/209566614" }, { "type": "Feature", "properties": { "@id": "way/209566615", "highway": "primary", "lanes": "2", "maxspeed": "35 mph", "name": "Main Street", "old_ref": "US 220", "oneway": "no", "ref": "US 220 ALT", "surface": "asphalt", "tiger:cfcc": "A21", "tiger:county": "Montgomery, NC", "tiger:name_base": "Main", "tiger:name_base_1": "US Hwy 220 (Alt)", "tiger:name_type": "St", "tiger:reviewed": "no" }, "geometry": { "type": "LineString", "coordinates": [ [ -79.7841119, 35.4008732 ], [ -79.784124, 35.4018731 ], [ -79.7841254, 35.4019834 ] ] }, "id": "way/209566615" }, { "type": "Feature", "properties": { "@id": "way/264736697", "highway": "primary", "lanes": "1", "old_ref": "US 220", "oneway": "yes", "ref": "US 220 ALT", "tiger:cfcc": "A21", "tiger:county": "Montgomery, NC", "tiger:name_base": "US Hwy 220 (Alt)", "tiger:name_direction_suffix": "S", "tiger:zip_left": "27229", "tiger:zip_right": "27229" }, "geometry": { "type": "LineString", "coordinates": [ [ -79.7299613, 35.2539401 ], [ -79.7304634, 35.2546313 ], [ -79.7305597, 35.2546956 ] ] }, "id": "way/264736697" }, { "type": "Feature", "properties": { "@id": "way/264736698", "highway": "primary", "lanes": "1", "old_ref": "US 220", "oneway": "yes", "ref": "US 220 ALT", "tiger:cfcc": "A21", "tiger:county": "Montgomery, NC", "tiger:name_base": "US Hwy 220 (Alt)", "tiger:name_direction_suffix": "S", "tiger:zip_left": "27229", "tiger:zip_right": "27229" }, "geometry": { "type": "LineString", "coordinates": [ [ -79.7288763, 35.2523323 ], [ -79.7289131, 35.252465 ], [ -79.729487, 35.2532671 ] ] }, "id": "way/264736698" }, { "type": "Feature", "properties": { "@id": "way/273890937", "NHS": "Interstate", "bicycle": "no", "foot": "no", "hgv": "designated", "hgv:national_network": "yes", "highway": "motorway", "horse": "no", "lanes": "2", "maxspeed": "70 mph", "name": "Z. H. Confair Memorial Highway", "old_name": "Keystone Shortway", "oneway": "yes", "ref": "I 80;US 220 Alternate", "source:hgv:national_network": "https://www.ecfr.gov/current/title-23/chapter-I/subchapter-G/part-658;https://hepgis-usdot.hub.arcgis.com/apps/usdot::national-network-conventional-combination-trucks-map", "source:maxspeed": "sign;survey", "surface": "asphalt" }, "geometry": { "type": "LineString", "coordinates": [ [ -77.755312, 40.9553779 ], [ -77.755875, 40.95541 ], [ -77.7587836, 40.9556027 ], [ -77.763961, 40.955937 ] ] }, "id": "way/273890937" }, { "type": "Feature", "properties": { "@id": "way/273890938", "NHS": "Interstate", "bicycle": "no", "bridge": "yes", "foot": "no", "hgv": "designated", "hgv:national_network": "yes", "highway": "motorway", "horse": "no", "lanes": "2", "layer": "1", "maxspeed": "70 mph", "name": "Z. H. Confair Memorial Highway", "old_name": "Keystone Shortway", "oneway": "yes", "ref": "I 80;US 220 Alternate", "source:hgv:national_network": "https://www.ecfr.gov/current/title-23/chapter-I/subchapter-G/part-658;https://hepgis-usdot.hub.arcgis.com/apps/usdot::national-network-conventional-combination-trucks-map", "source:maxspeed": "sign;survey" }, "geometry": { "type": "LineString", "coordinates": [ [ -77.7540991, 40.9553058 ], [ -77.755312, 40.9553779 ] ] }, "id": "way/273890938" }, { "type": "Feature", "properties": { "@id": "way/273890939", "NHS": "Interstate", "bicycle": "no", "bridge": "yes", "foot": "no", "hgv": "designated", "hgv:national_network": "yes", "highway": "motorway", "horse": "no", "lanes": "2", "layer": "1", "maxspeed": "70 mph", "name": "Z. H. Confair Memorial Highway", "old_name": "Keystone Shortway", "oneway": "yes", "ref": "I 80;US 220 Alternate", "source:hgv:national_network": "https://www.ecfr.gov/current/title-23/chapter-I/subchapter-G/part-658;https://hepgis-usdot.hub.arcgis.com/apps/usdot::national-network-conventional-combination-trucks-map", "source:maxspeed": "sign;survey" }, "geometry": { "type": "LineString", "coordinates": [ [ -77.75559, 40.9549071 ], [ -77.7543733, 40.9548626 ] ] }, "id": "way/273890939" }, { "type": "Feature", "properties": { "@id": "way/273890940", "NHS": "Interstate", "bicycle": "no", "foot": "no", "hgv": "designated", "hgv:national_network": "yes", "highway": "motorway", "horse": "no", "lanes": "2", "maxspeed": "70 mph", "name": "Z. H. Confair Memorial Highway", "old_name": "Keystone Shortway", "oneway": "yes", "ref": "I 80;US 220 Alternate", "source:hgv:national_network": "https://www.ecfr.gov/current/title-23/chapter-I/subchapter-G/part-658;https://hepgis-usdot.hub.arcgis.com/apps/usdot::national-network-conventional-combination-trucks-map", "source:maxspeed": "sign;survey", "surface": "asphalt" }, "geometry": { "type": "LineString", "coordinates": [ [ -77.7543733, 40.9548626 ], [ -77.752988, 40.954804 ], [ -77.751982, 40.954738 ], [ -77.751512, 40.95469 ], [ -77.75093, 40.954619 ] ] }, "id": "way/273890940" }, { "type": "Feature", "properties": { "@id": "way/294903453", "NHS": "STRAHNET", "alt_name": "116th Infantry Regiment Memorial Highway", "hgv": "designated", "hgv:national_network": "yes", "highway": "trunk", "lanes": "2", "maxspeed": "45 mph", "name": "Challenger Avenue Northeast", "oneway": "yes", "ref": "US 221;US 460;US 220 Alternate", "source:hgv:national_network": "Title 23: Highways Part 658 http://ecfr.gpoaccess.gov/cgi/t/text/text-idx?c=ecfr&rgn=div5&view=text&node=23:1.0.1.7.33&idno=23", "surface": "asphalt", "tiger:cfcc": "A25", "tiger:county": "Roanoke, VA", "tiger:name_base": "Challenger", "tiger:name_direction_suffix": "NE", "tiger:name_type": "Ave", "tiger:reviewed": "no" }, "geometry": { "type": "LineString", "coordinates": [ [ -79.8878745, 37.3079017 ], [ -79.8877413, 37.3080413 ], [ -79.8875557, 37.3082543 ], [ -79.8874, 37.308433 ], [ -79.8872386, 37.3086404 ], [ -79.886909, 37.309064 ], [ -79.8868653, 37.3091207 ], [ -79.886301, 37.309853 ], [ -79.885895, 37.310373 ], [ -79.885669, 37.310649 ], [ -79.885518, 37.31082 ], [ -79.885363, 37.310984 ], [ -79.8851737, 37.3111714 ], [ -79.883505, 37.3128234 ], [ -79.8834168, 37.3129105 ], [ -79.8833406, 37.3129859 ], [ -79.882297, 37.314018 ], [ -79.8818017, 37.314474 ], [ -79.881513, 37.314716 ], [ -79.881217, 37.314942 ], [ -79.881181, 37.314968 ], [ -79.88079, 37.315243 ], [ -79.880047, 37.3157404 ], [ -79.8798246, 37.3158855 ], [ -79.8791306, 37.3163361 ], [ -79.878777, 37.31657 ], [ -79.878534, 37.31673 ], [ -79.877557, 37.317375 ], [ -79.876934, 37.317793 ], [ -79.876398, 37.318183 ], [ -79.8760904, 37.3184242 ], [ -79.875842, 37.318619 ], [ -79.875631, 37.318794 ], [ -79.875155, 37.319211 ], [ -79.874863, 37.319483 ], [ -79.874424, 37.319911 ], [ -79.873676, 37.320657 ], [ -79.8733023, 37.321034 ], [ -79.872785, 37.321546 ], [ -79.8720682, 37.3223064 ], [ -79.8712124, 37.3231526 ], [ -79.8707921, 37.3235608 ], [ -79.870058, 37.3242742 ] ] }, "id": "way/294903453" }, { "type": "Feature", "properties": { "@id": "way/294903454", "NHS": "STRAHNET", "hgv": "designated", "hgv:national_network": "yes", "highway": "trunk", "lanes": "2", "maxspeed": "40 mph", "name": "Challenger Avenue Northeast", "oneway": "yes", "ref": "US 221;US 460;US 220 Alternate", "source:hgv:national_network": "Title 23: Highways Part 658 http://ecfr.gpoaccess.gov/cgi/t/text/text-idx?c=ecfr&rgn=div5&view=text&node=23:1.0.1.7.33&idno=23", "surface": "asphalt", "tiger:cfcc": "A25", "tiger:county": "Roanoke, VA", "tiger:name_base": "Challenger", "tiger:name_direction_suffix": "NE", "tiger:name_type": "Ave" }, "geometry": { "type": "LineString", "coordinates": [ [ -79.8883759, 37.3076822 ], [ -79.8889495, 37.3070922 ], [ -79.8891655, 37.3068665 ] ] }, "id": "way/294903454" }, { "type": "Feature", "properties": { "@id": "way/305509471", "NHS": "yes", "hgv": "designated", "highway": "primary", "lanes": "2", "maxspeed": "55 mph", "name": "South Eagle Valley Road", "name_1": "Appalachian Highway", "name_2": "Twenty-Eight Division Highway", "old_ref:legislative": "107", "oneway": "no", "ref": "US 220 Alternate", "source:hgv": "https://www.dot.state.pa.us/public/pubsforms/Publications/TruckersMap.pdf", "surface": "asphalt", "tiger:cfcc": "A41;A21", "tiger:county": "Centre, PA", "tiger:name_base": "Eagle Valley", "tiger:name_base_1": "United States Highway 220;Appalachian", "tiger:name_base_2": "Twenty-Eight Division", "tiger:name_base_3": "United States Highway 220", "tiger:name_base_4": "United States Highway 322", "tiger:name_direction_prefix": "S", "tiger:name_type": "Rd", "tiger:name_type_1": "Hwy", "tiger:name_type_2": "Hwy" }, "geometry": { "type": "LineString", "coordinates": [ [ -78.0117481, 40.8315155 ], [ -78.011486, 40.831633 ], [ -78.0111202, 40.8318181 ], [ -78.0102221, 40.8322367 ], [ -78.009634, 40.832505 ], [ -78.009072, 40.832777 ], [ -78.007738, 40.83346 ], [ -78.007329, 40.833678 ], [ -78.007016, 40.833827 ], [ -78.006789, 40.833936 ], [ -78.006175, 40.834249 ], [ -78.004805, 40.834928 ], [ -78.00304, 40.835826 ], [ -78.001497, 40.836631 ], [ -78.001014, 40.836892 ], [ -77.9999987, 40.8374146 ], [ -77.999709, 40.837566 ], [ -77.998775, 40.838049 ], [ -77.998584, 40.8381417 ], [ -77.99837, 40.838235 ], [ -77.9975562, 40.8385622 ], [ -77.9972744, 40.838664 ], [ -77.9964137, 40.8389876 ], [ -77.9963108, 40.839026 ], [ -77.995824, 40.8392075 ], [ -77.995053, 40.839501 ], [ -77.9941835, 40.8398222 ], [ -77.9940431, 40.8398752 ], [ -77.993544, 40.840067 ], [ -77.992648, 40.8404031 ], [ -77.992205, 40.840566 ], [ -77.991884, 40.840696 ], [ -77.991196, 40.840952 ], [ -77.991089, 40.840991 ], [ -77.9904778, 40.841231 ], [ -77.9898654, 40.841453 ], [ -77.988842, 40.841842 ], [ -77.988335, 40.842026 ], [ -77.987902, 40.842195 ], [ -77.987534, 40.842322 ], [ -77.98662, 40.842674 ], [ -77.985151, 40.843225 ], [ -77.984801, 40.843365 ], [ -77.983904, 40.843695 ], [ -77.983404, 40.843888 ], [ -77.977813, 40.845995 ], [ -77.9771672, 40.8462383 ], [ -77.9767208, 40.8464064 ], [ -77.9763109, 40.8465609 ], [ -77.9759256, 40.846706 ], [ -77.9755642, 40.8468422 ], [ -77.974681, 40.847166 ], [ -77.9746371, 40.8471914 ], [ -77.974256, 40.847335 ], [ -77.973345, 40.847678 ], [ -77.973054, 40.8478056 ], [ -77.972738, 40.847955 ], [ -77.972002, 40.84837 ], [ -77.971369, 40.848792 ], [ -77.971015, 40.849044 ], [ -77.9705069, 40.8493788 ], [ -77.970317, 40.849505 ], [ -77.970059, 40.849686 ], [ -77.969481, 40.850079 ], [ -77.968429, 40.850818 ], [ -77.968141, 40.851001 ], [ -77.967815, 40.851221 ], [ -77.967089, 40.851672 ], [ -77.966679, 40.851898 ], [ -77.965487, 40.852461 ], [ -77.964342, 40.852958 ], [ -77.962493, 40.853794 ], [ -77.960985, 40.854459 ], [ -77.960785, 40.85454 ], [ -77.960494, 40.854678 ], [ -77.960256, 40.854766 ], [ -77.960095, 40.854842 ], [ -77.957405, 40.855996 ], [ -77.955844, 40.856676 ], [ -77.954671, 40.857174 ], [ -77.95212, 40.858289 ], [ -77.951618, 40.858536 ] ] }, "id": "way/305509471" }, { "type": "Feature", "properties": { "@id": "way/305509472", "NHS": "yes", "hgv": "designated", "highway": "primary", "lanes": "2", "name": "South Eagle Valley Road", "name_1": "Appalachian Highway", "name_2": "Twenty-Eight Division Highway", "old_ref:legislative": "107", "oneway": "no", "ref": "US 220 Alternate", "source:hgv": "https://www.dot.state.pa.us/public/pubsforms/Publications/TruckersMap.pdf", "surface": "asphalt", "tiger:cfcc": "A41;A21", "tiger:county": "Centre, PA", "tiger:name_base": "Eagle Valley", "tiger:name_base_1": "United States Highway 220;Appalachian", "tiger:name_base_2": "Twenty-Eight Division", "tiger:name_base_3": "United States Highway 220", "tiger:name_base_4": "United States Highway 322", "tiger:name_direction_prefix": "S", "tiger:name_type": "Rd", "tiger:name_type_1": "Hwy", "tiger:name_type_2": "Hwy", "tiger:reviewed": "no" }, "geometry": { "type": "LineString", "coordinates": [ [ -78.0186553, 40.8285157 ], [ -78.01837, 40.8286396 ], [ -78.0180006, 40.8288 ], [ -78.0148323, 40.8301761 ], [ -78.0132084, 40.8308813 ], [ -78.0122201, 40.8313105 ], [ -78.0117481, 40.8315155 ] ] }, "id": "way/305509472" }, { "type": "Feature", "properties": { "@id": "way/305509473", "NHS": "yes", "destination:backward": "Tyrone;Philipsburg", "destination:ref:backward": "US 220 Alternate South", "destination:ref:forward": "US 220 Alternate North", "destination:ref:to:backward": "I 99 South;US 220 South;US 322 West", "destination:ref:to:forward": "I 80", "hgv": "designated", "highway": "primary", "lanes": "2", "name": "South Eagle Valley Road", "name_1": "Appalachian Highway", "name_2": "Twenty-Eight Division Highway", "old_ref:legislative": "107", "oneway": "no", "ref": "US 220 Alternate", "source:hgv": "https://www.dot.state.pa.us/public/pubsforms/Publications/TruckersMap.pdf", "surface": "asphalt", "tiger:cfcc": "A41;A21", "tiger:county": "Centre, PA", "tiger:name_base": "Eagle Valley", "tiger:name_base_1": "United States Highway 220;Appalachian", "tiger:name_base_2": "Twenty-Eight Division", "tiger:name_base_3": "United States Highway 220", "tiger:name_base_4": "United States Highway 322", "tiger:name_direction_prefix": "S", "tiger:name_type": "Rd", "tiger:name_type_1": "Hwy", "tiger:name_type_2": "Hwy", "tiger:reviewed": "no" }, "geometry": { "type": "LineString", "coordinates": [ [ -78.0204869, 40.8273986 ], [ -78.0192279, 40.8281882 ], [ -78.0186553, 40.8285157 ] ] }, "id": "way/305509473" }, { "type": "Feature", "properties": { "@id": "way/338934124", "NHS": "yes", "expressway": "yes", "hgv": "designated", "highway": "primary", "lanes": "2", "maxspeed": "55 mph", "name": "South Eagle Valley Road", "old_ref_legislative": "107", "oneway": "yes", "rcn_ref": "V", "ref": "US 220 Alternate;PA 144", "source:hgv": "https://www.dot.state.pa.us/public/pubsforms/Publications/TruckersMap.pdf", "surface": "asphalt", "tiger:cfcc": "A25", "tiger:county": "Centre, PA", "tiger:name_base": "Eagle Valley", "tiger:name_base_1": "State Route 144", "tiger:name_base_2": "United States Highway 220", "tiger:name_direction_prefix": "S", "tiger:name_type": "Rd" }, "geometry": { "type": "LineString", "coordinates": [ [ -77.8005786, 40.9401508 ], [ -77.8004674, 40.9402288 ], [ -77.799803, 40.94071 ], [ -77.799428, 40.940992 ], [ -77.798364, 40.94179 ], [ -77.7977104, 40.942277 ], [ -77.7951623, 40.9441705 ], [ -77.794597, 40.9445942 ], [ -77.7944941, 40.9446703 ] ] }, "id": "way/338934124" }, { "type": "Feature", "properties": { "@id": "way/338934125", "NHS": "yes", "expressway": "yes", "hgv": "designated", "highway": "primary", "lanes": "2", "maxspeed": "55 mph", "name": "North Eagle Valley Road", "old_ref_legislative": "219", "oneway": "yes", "ref": "US 220 Alternate;PA 150", "source:hgv": "https://www.dot.state.pa.us/public/pubsforms/Publications/TruckersMap.pdf", "surface": "asphalt" }, "geometry": { "type": "LineString", "coordinates": [ [ -77.7794465, 40.9518746 ], [ -77.778885, 40.952083 ], [ -77.7771615, 40.9527509 ] ] }, "id": "way/338934125" }, { "type": "Feature", "properties": { "@id": "way/338934126", "NHS": "yes", "bicycle": "yes", "expressway": "yes", "hgv": "designated", "highway": "primary", "lanes": "1", "maxspeed": "55 mph", "name": "South Eagle Valley Road", "old_ref:legislative": "107", "oneway": "yes", "rcn_ref": "V", "ref": "US 220 Alternate;PA 144", "source:hgv": "https://www.dot.state.pa.us/public/pubsforms/Publications/TruckersMap.pdf", "surface": "asphalt", "tiger:cfcc": "A25", "tiger:county": "Centre, PA", "tiger:name_base": "Eagle Valley", "tiger:name_base_1": "United States Highway 220", "tiger:name_base_2": "State Route 144", "tiger:name_direction_prefix": "S", "tiger:name_type": "Rd" }, "geometry": { "type": "LineString", "coordinates": [ [ -77.8007396, 40.9402724 ], [ -77.8010107, 40.9400495 ], [ -77.8014229, 40.9397687 ], [ -77.8017442, 40.9395584 ], [ -77.8021887, 40.9393082 ], [ -77.8025921, 40.939096 ], [ -77.8029164, 40.9389362 ], [ -77.8032758, 40.9387666 ] ] }, "id": "way/338934126" }, { "type": "Feature", "properties": { "@id": "way/338934132", "NHS": "yes", "expressway": "yes", "hgv": "designated", "highway": "primary", "lanes": "2", "maxspeed": "55 mph", "name": "North Eagle Valley Road", "old_ref:legislative": "219", "oneway": "yes", "ref": "US 220 Alternate;PA 150", "source:hgv": "https://www.dot.state.pa.us/public/pubsforms/Publications/TruckersMap.pdf", "surface": "asphalt" }, "geometry": { "type": "LineString", "coordinates": [ [ -77.781166, 40.951452 ], [ -77.7812805, 40.9514147 ], [ -77.783121, 40.950761 ], [ -77.784389, 40.950325 ], [ -77.788046, 40.949043 ], [ -77.788492, 40.948875 ], [ -77.788944, 40.948677 ], [ -77.789256, 40.948541 ], [ -77.789712, 40.948305 ], [ -77.789966, 40.948168 ], [ -77.7904704, 40.9478586 ] ] }, "id": "way/338934132" }, { "type": "Feature", "properties": { "@id": "way/338934134", "NHS": "yes", "bicycle": "yes", "expressway": "yes", "hgv": "designated", "highway": "primary", "lanes": "2", "maxspeed": "55 mph", "name": "South Eagle Valley Road", "old_ref_legislative": "107", "oneway": "yes", "rcn_ref": "V", "ref": "US 220 Alternate;PA 144", "source:hgv": "https://www.dot.state.pa.us/public/pubsforms/Publications/TruckersMap.pdf", "surface": "asphalt", "tiger:cfcc": "A25", "tiger:county": "Centre, PA", "tiger:name_base": "Eagle Valley", "tiger:name_base_1": "United States Highway 220", "tiger:name_base_2": "State Route 144", "tiger:name_direction_prefix": "S", "tiger:name_type": "Rd" }, "geometry": { "type": "LineString", "coordinates": [ [ -77.800294, 40.940587 ], [ -77.8007396, 40.9402724 ] ] }, "id": "way/338934134" }, { "type": "Feature", "properties": { "@id": "way/338934135", "NHS": "yes", "expressway": "yes", "hgv": "designated", "highway": "primary", "lanes": "2", "maxspeed": "55 mph", "name": "South Eagle Valley Road", "old_ref_legislative": "107", "oneway": "yes", "rcn_ref": "V", "ref": "US 220 Alternate;PA 144", "source:hgv": "https://www.dot.state.pa.us/public/pubsforms/Publications/TruckersMap.pdf", "surface": "asphalt", "tiger:cfcc": "A25", "tiger:county": "Centre, PA", "tiger:name_base": "Eagle Valley", "tiger:name_base_1": "State Route 144", "tiger:name_base_2": "United States Highway 220", "tiger:name_direction_prefix": "S", "tiger:name_type": "Rd" }, "geometry": { "type": "LineString", "coordinates": [ [ -77.8032097, 40.9386498 ], [ -77.8030255, 40.9387179 ], [ -77.8028318, 40.9387915 ], [ -77.8026431, 40.9388727 ], [ -77.802372, 40.9389982 ], [ -77.8020946, 40.9391445 ], [ -77.801866, 40.9392766 ], [ -77.8016061, 40.9394314 ], [ -77.80135, 40.9395919 ], [ -77.8011388, 40.9397372 ] ] }, "id": "way/338934135" }, { "type": "Feature", "properties": { "@id": "way/342674983", "NHS": "yes", "hgv": "designated", "highway": "primary", "name": "South Eagle Valley Road", "name_1": "Appalachian Highway", "name_2": "Twenty-Eight Division Highway", "old_ref_legislative": "107", "ref": "US 220 Alternate", "source:hgv": "https://www.dot.state.pa.us/public/pubsforms/Publications/TruckersMap.pdf", "surface": "asphalt", "tiger:cfcc": "A41;A21", "tiger:county": "Centre, PA", "tiger:name_base": "Eagle Valley", "tiger:name_base_1": "United States Highway 220;Appalachian", "tiger:name_base_2": "Twenty-Eight Division", "tiger:name_base_3": "United States Highway 220", "tiger:name_base_4": "United States Highway 322", "tiger:name_direction_prefix": "S", "tiger:name_type": "Rd", "tiger:name_type_1": "Hwy", "tiger:name_type_2": "Hwy", "tiger:reviewed": "no" }, "geometry": { "type": "LineString", "coordinates": [ [ -77.951618, 40.858536 ], [ -77.950886, 40.858906 ], [ -77.950584, 40.859064 ], [ -77.948143, 40.860341 ], [ -77.947622, 40.86062 ], [ -77.9466225, 40.8611459 ], [ -77.9460375, 40.8614536 ], [ -77.9451547, 40.8619053 ], [ -77.94428, 40.862353 ], [ -77.943617, 40.862721 ], [ -77.9435237, 40.8627832 ], [ -77.943356, 40.862895 ], [ -77.943043, 40.863137 ], [ -77.9424603, 40.8636436 ], [ -77.9422948, 40.863774 ], [ -77.9421325, 40.8638913 ], [ -77.941963, 40.8639937 ], [ -77.9418, 40.864087 ], [ -77.941613, 40.864182 ], [ -77.9397926, 40.8650907 ], [ -77.9394413, 40.8652643 ], [ -77.9389458, 40.8655092 ], [ -77.9388121, 40.8655796 ], [ -77.938246, 40.865885 ], [ -77.93761, 40.866288 ], [ -77.936966, 40.866737 ], [ -77.936668, 40.86697 ], [ -77.936373, 40.86722 ], [ -77.936113, 40.867457 ], [ -77.935564, 40.867993 ], [ -77.934529, 40.869082 ], [ -77.933928, 40.869696 ], [ -77.933764, 40.86984 ], [ -77.933537, 40.870022 ], [ -77.932996, 40.870441 ], [ -77.932595, 40.870717 ], [ -77.932382, 40.870846 ], [ -77.932317, 40.870886 ], [ -77.930933, 40.871678 ] ] }, "id": "way/342674983" }, { "type": "Feature", "properties": { "@id": "way/363780658", "NHS": "yes", "expressway": "yes", "hgv": "yes", "highway": "trunk", "lanes": "2", "maxspeed": "55 mph", "name": "Cloverdale Road", "oneway": "yes", "ref": "US 220 Alternate", "surface": "asphalt", "tiger:cfcc": "A15", "tiger:county": "Botetourt, VA", "tiger:name_base": "Cloverdale", "tiger:name_base_1": "US Hwy 220 (Alt)", "tiger:name_type": "Rd", "tiger:reviewed": "no" }, "geometry": { "type": "LineString", "coordinates": [ [ -79.8964942, 37.3843289 ], [ -79.8968961, 37.3845923 ], [ -79.8971474, 37.3847414 ], [ -79.8971982, 37.3847715 ], [ -79.8973212, 37.3848445 ], [ -79.8973994, 37.3848886 ], [ -79.8975419, 37.3849689 ], [ -79.8978107, 37.3851204 ], [ -79.898408, 37.385427 ], [ -79.899326, 37.385865 ], [ -79.9002674, 37.3863051 ] ] }, "id": "way/363780658" }, { "type": "Feature", "properties": { "@id": "way/363780659", "NHS": "yes", "expressway": "yes", "hgv": "yes", "highway": "trunk", "lanes": "2", "maxspeed": "55 mph", "name": "Cloverdale Road", "oneway": "yes", "ref": "US 220 Alternate", "surface": "asphalt", "tiger:cfcc": "A15", "tiger:county": "Botetourt, VA", "tiger:name_base": "Cloverdale", "tiger:name_base_1": "US Hwy 220 (Alt)", "tiger:name_type": "Rd", "tiger:reviewed": "no" }, "geometry": { "type": "LineString", "coordinates": [ [ -79.884849, 37.355732 ], [ -79.884723, 37.355174 ], [ -79.884586, 37.354655 ], [ -79.88423, 37.35339 ], [ -79.8840268, 37.3526889 ], [ -79.883828, 37.351977 ], [ -79.883782, 37.351812 ], [ -79.883569, 37.351049 ], [ -79.883466, 37.350648 ], [ -79.883378, 37.350302 ], [ -79.883248, 37.349701 ] ] }, "id": "way/363780659" }, { "type": "Feature", "properties": { "@id": "way/363780660", "NHS": "yes", "bridge": "yes", "expressway": "yes", "hgv": "yes", "highway": "trunk", "lanes": "2", "layer": "1", "maxspeed": "55 mph", "name": "Cloverdale Road", "oneway": "yes", "ref": "US 220 Alternate", "surface": "paved", "tiger:cfcc": "A15", "tiger:county": "Botetourt, VA", "tiger:name_base": "Cloverdale", "tiger:name_base_1": "US Hwy 220 (Alt)", "tiger:name_type": "Rd", "tiger:reviewed": "no" }, "geometry": { "type": "LineString", "coordinates": [ [ -79.8959969, 37.3839982 ], [ -79.8964942, 37.3843289 ] ] }, "id": "way/363780660" }, { "type": "Feature", "properties": { "@id": "way/363780662", "NHS": "yes", "expressway": "yes", "hgv": "yes", "highway": "trunk", "lanes": "2", "maxspeed": "55 mph", "name": "Cloverdale Road", "oneway": "yes", "ref": "US 220 Alternate", "surface": "asphalt", "tiger:cfcc": "A15", "tiger:county": "Botetourt, VA", "tiger:name_base": "Cloverdale", "tiger:name_base_1": "US Hwy 220 (Alt)", "tiger:name_type": "Rd", "tiger:reviewed": "no" }, "geometry": { "type": "LineString", "coordinates": [ [ -79.883036, 37.34974 ], [ -79.883214, 37.350535 ], [ -79.883285, 37.350818 ], [ -79.88332, 37.350946 ], [ -79.883515, 37.351665 ], [ -79.8838059, 37.3527075 ], [ -79.883958, 37.35323 ], [ -79.884395, 37.354775 ], [ -79.884562, 37.355442 ], [ -79.884681, 37.355972 ] ] }, "id": "way/363780662" }, { "type": "Feature", "properties": { "@id": "way/363780663", "NHS": "yes", "expressway": "yes", "hgv": "yes", "highway": "trunk", "lanes": "2", "maxspeed": "55 mph", "name": "Cloverdale Road", "oneway": "yes", "ref": "US 220 Alternate", "surface": "asphalt", "tiger:cfcc": "A15", "tiger:county": "Botetourt, VA", "tiger:name_base": "Cloverdale", "tiger:name_base_1": "US Hwy 220 (Alt)", "tiger:name_type": "Rd", "tiger:reviewed": "no" }, "geometry": { "type": "LineString", "coordinates": [ [ -79.895983, 37.3837475 ], [ -79.895733, 37.383564 ], [ -79.895436, 37.383341 ], [ -79.895064, 37.383049 ], [ -79.89498, 37.382979 ], [ -79.894712, 37.382757 ], [ -79.89429, 37.382398 ], [ -79.893496, 37.381739 ], [ -79.893433, 37.381687 ], [ -79.892704, 37.381075 ], [ -79.89201, 37.380492 ], [ -79.891933, 37.380422 ], [ -79.891694, 37.380204 ], [ -79.89148, 37.379982 ], [ -79.891275, 37.379745 ], [ -79.891124, 37.379549 ], [ -79.890919, 37.379251 ], [ -79.890738, 37.378957 ], [ -79.890597, 37.378743 ], [ -79.890455, 37.378555 ], [ -79.890316, 37.378393 ], [ -79.890123, 37.378196 ], [ -79.889958, 37.378045 ], [ -79.889825, 37.377936 ], [ -79.889738, 37.377865 ], [ -79.889504, 37.377697 ], [ -79.889257, 37.377541 ], [ -79.888888, 37.377334 ], [ -79.888361, 37.377038 ], [ -79.888172, 37.376921 ], [ -79.887996, 37.376807 ], [ -79.887744, 37.376613 ], [ -79.887552, 37.37645 ], [ -79.88746, 37.376366 ], [ -79.887395, 37.376302 ], [ -79.887243, 37.376135 ], [ -79.887107, 37.375959 ], [ -79.886971, 37.375757 ], [ -79.88683, 37.375507 ], [ -79.886729, 37.375295 ], [ -79.886664, 37.37513 ], [ -79.886598, 37.374921 ], [ -79.886548, 37.374701 ], [ -79.886513, 37.374465 ], [ -79.886495, 37.374227 ], [ -79.886492, 37.374132 ], [ -79.886494, 37.373541 ], [ -79.886494, 37.373467 ], [ -79.886499, 37.372562 ], [ -79.886499, 37.371716 ], [ -79.886499, 37.371238 ], [ -79.886499, 37.371162 ], [ -79.886499, 37.370828 ], [ -79.886499, 37.3706 ], [ -79.886499, 37.369963 ], [ -79.886531, 37.368949 ], [ -79.886563, 37.367957 ], [ -79.88659, 37.367128 ], [ -79.8866048, 37.3667526 ], [ -79.886625, 37.365969 ], [ -79.886697, 37.363524 ], [ -79.886686, 37.363194 ], [ -79.886657, 37.362906 ], [ -79.88664, 37.362792 ], [ -79.886584, 37.362515 ], [ -79.886499, 37.362202 ], [ -79.886418, 37.361946 ], [ -79.88601, 37.360789 ], [ -79.885753, 37.360041 ], [ -79.88567, 37.359776 ], [ -79.885551, 37.359356 ], [ -79.885416, 37.358786 ], [ -79.885346, 37.358435 ], [ -79.885325, 37.358323 ], [ -79.885129, 37.357186 ], [ -79.885006, 37.356483 ], [ -79.884949, 37.356183 ], [ -79.884849, 37.355732 ] ] }, "id": "way/363780663" }, { "type": "Feature", "properties": { "@id": "way/363780664", "NHS": "yes", "expressway": "yes", "hgv": "yes", "highway": "trunk", "lanes": "2", "maxspeed": "55 mph", "name": "Cloverdale Road", "oneway": "yes", "ref": "US 220 Alternate", "surface": "asphalt", "tiger:cfcc": "A15", "tiger:county": "Botetourt, VA", "tiger:name_base": "Cloverdale", "tiger:name_base_1": "US Hwy 220 (Alt)", "tiger:name_type": "Rd", "tiger:reviewed": "no" }, "geometry": { "type": "LineString", "coordinates": [ [ -79.883248, 37.349701 ], [ -79.88323, 37.34962 ], [ -79.883041, 37.348684 ], [ -79.882799, 37.347427 ], [ -79.882728, 37.347109 ], [ -79.882596, 37.346609 ], [ -79.882467, 37.34623 ], [ -79.882301, 37.345805 ], [ -79.882223, 37.345632 ], [ -79.882165, 37.345503 ], [ -79.882057, 37.345286 ], [ -79.881903, 37.345004 ], [ -79.881776, 37.344797 ], [ -79.881738, 37.344736 ], [ -79.881566, 37.344486 ], [ -79.881446, 37.34433 ], [ -79.881316, 37.344179 ], [ -79.881177, 37.344034 ], [ -79.881108, 37.34397 ], [ -79.880989, 37.34386 ], [ -79.880899, 37.343784 ], [ -79.880753, 37.343667 ], [ -79.880543, 37.343519 ], [ -79.880322, 37.343382 ], [ -79.880137, 37.343282 ], [ -79.879859, 37.343156 ], [ -79.879441, 37.342984 ], [ -79.878961, 37.342807 ], [ -79.878739, 37.342725 ], [ -79.878232, 37.34253 ], [ -79.878055, 37.342453 ], [ -79.87787, 37.342356 ], [ -79.877767, 37.342297 ], [ -79.877575, 37.342171 ], [ -79.877396, 37.342034 ], [ -79.87726, 37.341914 ], [ -79.877103, 37.341755 ], [ -79.876961, 37.341588 ], [ -79.876708, 37.341242 ], [ -79.876371, 37.340747 ], [ -79.876234, 37.340521 ], [ -79.876123, 37.340305 ], [ -79.876065, 37.340172 ], [ -79.87598, 37.339943 ], [ -79.875901, 37.339664 ], [ -79.875854, 37.339419 ], [ -79.875821, 37.339158 ], [ -79.875804, 37.338757 ], [ -79.875784, 37.33799 ], [ -79.875774, 37.33763 ], [ -79.87576, 37.337415 ], [ -79.875725, 37.337147 ], [ -79.875657, 37.336808 ], [ -79.87557, 37.336471 ], [ -79.8755, 37.336252 ], [ -79.875235, 37.335491 ], [ -79.875133, 37.335184 ], [ -79.874899, 37.334543 ], [ -79.874798, 37.334312 ], [ -79.874761, 37.334239 ], [ -79.874679, 37.334087 ], [ -79.874522, 37.333838 ], [ -79.874348, 37.333597 ], [ -79.873892, 37.333035 ], [ -79.873448, 37.332495 ], [ -79.873278, 37.33227 ], [ -79.873082, 37.331981 ], [ -79.872968, 37.331778 ], [ -79.872897, 37.331622 ] ] }, "id": "way/363780664" }, { "type": "Feature", "properties": { "@id": "way/363780665", "NHS": "yes", "bridge": "yes", "expressway": "yes", "hgv": "yes", "highway": "trunk", "lanes": "2", "layer": "1", "maxspeed": "55 mph", "name": "Cloverdale Road", "oneway": "yes", "ref": "US 220 Alternate", "surface": "paved", "tiger:cfcc": "A15", "tiger:county": "Botetourt, VA", "tiger:name_base": "Cloverdale", "tiger:name_base_1": "US Hwy 220 (Alt)", "tiger:name_type": "Rd", "tiger:reviewed": "no" }, "geometry": { "type": "LineString", "coordinates": [ [ -79.8964708, 37.38409 ], [ -79.895983, 37.3837475 ] ] }, "id": "way/363780665" }, { "type": "Feature", "properties": { "@id": "way/363780666", "NHS": "yes", "expressway": "yes", "hgv": "yes", "highway": "trunk", "lanes": "2", "maxspeed": "55 mph", "name": "Cloverdale Road", "oneway": "yes", "ref": "US 220 Alternate", "surface": "asphalt", "tiger:cfcc": "A15", "tiger:county": "Botetourt, VA", "tiger:name_base": "Cloverdale", "tiger:name_base_1": "US Hwy 220 (Alt)", "tiger:name_type": "Rd", "tiger:reviewed": "no" }, "geometry": { "type": "LineString", "coordinates": [ [ -79.884681, 37.355972 ], [ -79.884712, 37.356132 ], [ -79.884824, 37.356702 ], [ -79.884912, 37.357201 ], [ -79.885056, 37.358034 ], [ -79.885164, 37.35864 ], [ -79.885274, 37.359129 ], [ -79.885345, 37.359412 ], [ -79.885509, 37.359975 ], [ -79.885737, 37.360665 ], [ -79.88626, 37.362154 ], [ -79.88629, 37.362261 ], [ -79.886375, 37.362589 ], [ -79.886423, 37.362843 ], [ -79.886464, 37.363191 ], [ -79.886475, 37.363477 ], [ -79.886467, 37.363668 ], [ -79.886458, 37.364114 ], [ -79.88641, 37.36573 ], [ -79.886396, 37.366206 ], [ -79.886393, 37.366307 ], [ -79.8863819, 37.3667552 ], [ -79.886368, 37.367153 ], [ -79.886361, 37.367413 ], [ -79.886343, 37.368061 ], [ -79.886324, 37.368628 ], [ -79.886306, 37.369187 ], [ -79.8863, 37.369445 ], [ -79.886293, 37.369745 ], [ -79.886288, 37.370325 ], [ -79.886283, 37.37087 ], [ -79.886281, 37.371162 ], [ -79.88628, 37.372088 ], [ -79.886278, 37.373547 ], [ -79.886284, 37.374347 ], [ -79.886315, 37.374604 ], [ -79.886352, 37.374808 ], [ -79.886429, 37.375112 ], [ -79.88651, 37.375331 ], [ -79.8866, 37.37553 ], [ -79.886722, 37.375755 ], [ -79.886825, 37.375919 ], [ -79.886983, 37.376127 ], [ -79.8870308, 37.3761832 ], [ -79.887075, 37.376235 ], [ -79.88712, 37.376288 ], [ -79.887304, 37.376482 ], [ -79.887501, 37.376666 ], [ -79.887666, 37.376804 ], [ -79.887759, 37.376873 ], [ -79.887884, 37.376965 ], [ -79.888059, 37.37708 ], [ -79.8885601, 37.3773682 ], [ -79.888897, 37.377562 ], [ -79.889216, 37.377765 ], [ -79.88947, 37.377947 ], [ -79.889576, 37.378031 ], [ -79.889615, 37.378062 ], [ -79.8897314, 37.3781611 ], [ -79.889978, 37.37839 ], [ -79.890185, 37.378609 ], [ -79.890335, 37.378784 ], [ -79.890503, 37.379002 ], [ -79.890683, 37.379273 ], [ -79.890738, 37.379366 ], [ -79.890957, 37.379669 ], [ -79.891191, 37.379965 ], [ -79.891371, 37.380164 ], [ -79.891504, 37.380299 ], [ -79.891698, 37.380482 ], [ -79.891949, 37.380698 ], [ -79.892671, 37.381303 ], [ -79.893381, 37.381896 ], [ -79.893475, 37.381974 ], [ -79.894549, 37.382872 ], [ -79.894864, 37.383134 ], [ -79.89524, 37.383431 ], [ -79.8959969, 37.3839982 ] ] }, "id": "way/363780666" }, { "type": "Feature", "properties": { "@id": "way/363784909", "NHS": "yes", "expressway": "yes", "hgv": "yes", "highway": "trunk", "lanes": "2", "maxspeed": "55 mph", "name": "Cloverdale Road", "oneway": "yes", "ref": "US 220 Alternate", "surface": "asphalt", "tiger:cfcc": "A15", "tiger:county": "Botetourt, VA", "tiger:name_base": "Cloverdale", "tiger:name_base_1": "US Hwy 220 (Alt)", "tiger:name_type": "Rd", "tiger:reviewed": "no" }, "geometry": { "type": "LineString", "coordinates": [ [ -79.9002674, 37.3863051 ], [ -79.9013238, 37.3867857 ], [ -79.901676, 37.386946 ], [ -79.9023134, 37.387236 ], [ -79.9023532, 37.3872524 ], [ -79.9025076, 37.387316 ] ] }, "id": "way/363784909" }, { "type": "Feature", "properties": { "@id": "way/363784913", "NHS": "yes", "expressway": "yes", "hgv": "yes", "highway": "trunk", "lanes": "2", "maxspeed": "55 mph", "name": "Cloverdale Road", "oneway": "yes", "ref": "US 220 Alternate", "surface": "asphalt", "tiger:cfcc": "A15", "tiger:county": "Botetourt, VA", "tiger:name_base": "Cloverdale", "tiger:name_base_1": "US Hwy 220 (Alt)", "tiger:name_type": "Rd", "tiger:reviewed": "no" }, "geometry": { "type": "LineString", "coordinates": [ [ -79.9003477, 37.3861598 ], [ -79.899257, 37.385635 ], [ -79.898611, 37.385318 ], [ -79.898225, 37.385121 ], [ -79.897777, 37.384878 ], [ -79.8976251, 37.3847919 ], [ -79.897523, 37.384734 ], [ -79.897323, 37.384616 ], [ -79.897231, 37.384562 ], [ -79.896837, 37.384317 ], [ -79.896756, 37.384267 ], [ -79.8964708, 37.38409 ] ] }, "id": "way/363784913" }, { "type": "Feature", "properties": { "@id": "way/364490131", "NHS": "STRAHNET", "expressway": "no", "hgv": "designated", "hgv:national_network": "yes", "highway": "trunk", "lanes": "3", "layer": "-1", "maxspeed": "35 mph", "name": "Orange Avenue Northeast", "oneway": "yes", "ref": "US 221;US 460;US 220 Alt", "sidewalk:left": "no", "sidewalk:right": "separate", "source:hgv:national_network": "Title 23: Highways Part 658 http://ecfr.gpoaccess.gov/cgi/t/text/text-idx?c=ecfr&rgn=div5&view=text&node=23:1.0.1.7.33&idno=23", "surface": "asphalt", "tiger:cfcc": "A25", "tiger:county": "Roanoke-City, VA", "tiger:name_base": "Orange", "tiger:name_direction_suffix": "NE", "tiger:name_type": "Ave", "tunnel": "yes" }, "geometry": { "type": "LineString", "coordinates": [ [ -79.9277408, 37.2824615 ], [ -79.9276125, 37.2824755 ] ] }, "id": "way/364490131" }, { "type": "Feature", "properties": { "@id": "way/364490133", "NHS": "STRAHNET", "expressway": "no", "hgv": "designated", "hgv:national_network": "yes", "highway": "trunk", "lanes": "3", "layer": "-1", "maxspeed": "35 mph", "name": "Orange Avenue Northeast", "oneway": "yes", "ref": "US 221;US 460;US 220 Alt", "sidewalk:left": "no", "sidewalk:right": "separate", "source:hgv:national_network": "Title 23: Highways Part 658 http://ecfr.gpoaccess.gov/cgi/t/text/text-idx?c=ecfr&rgn=div5&view=text&node=23:1.0.1.7.33&idno=23", "surface": "asphalt", "tiger:cfcc": "A25", "tiger:county": "Roanoke-City, VA", "tiger:name_base": "Orange", "tiger:name_direction_suffix": "NE", "tiger:name_type": "Ave", "tiger:zip_left": "24012", "tunnel": "yes" }, "geometry": { "type": "LineString", "coordinates": [ [ -79.9275577, 37.2826273 ], [ -79.9277147, 37.2826097 ] ] }, "id": "way/364490133" }, { "type": "Feature", "properties": { "@id": "way/364490134", "NHS": "STRAHNET", "expressway": "no", "hgv": "designated", "hgv:national_network": "yes", "highway": "trunk", "lanes": "3", "maxspeed": "35 mph", "name": "Orange Avenue Northeast", "oneway": "yes", "ref": "US 221;US 460;US 220 Alt", "sidewalk:left": "no", "sidewalk:right": "separate", "source:hgv:national_network": "Title 23: Highways Part 658 http://ecfr.gpoaccess.gov/cgi/t/text/text-idx?c=ecfr&rgn=div5&view=text&node=23:1.0.1.7.33&idno=23", "surface": "asphalt", "tiger:cfcc": "A25", "tiger:county": "Roanoke-City, VA", "tiger:name_base": "Orange", "tiger:name_direction_suffix": "NE", "tiger:name_type": "Ave", "tiger:zip_left": "24012" }, "geometry": { "type": "LineString", "coordinates": [ [ -79.9294902, 37.282517 ], [ -79.9296655, 37.2825114 ], [ -79.9300513, 37.282499 ], [ -79.9312251, 37.2824655 ], [ -79.9313385, 37.2824611 ], [ -79.9314836, 37.2824581 ], [ -79.9319424, 37.2824433 ], [ -79.9322521, 37.2824346 ] ] }, "id": "way/364490134" }, { "type": "Feature", "properties": { "@id": "way/364490139", "NHS": "STRAHNET", "expressway": "no", "hgv": "designated", "hgv:national_network": "yes", "highway": "trunk", "lanes": "3", "maxspeed": "35 mph", "name": "Orange Avenue Northeast", "oneway": "yes", "ref": "US 221;US 460;US 220 Alt", "sidewalk:left": "no", "sidewalk:right": "separate", "source:hgv:national_network": "Title 23: Highways Part 658 http://ecfr.gpoaccess.gov/cgi/t/text/text-idx?c=ecfr&rgn=div5&view=text&node=23:1.0.1.7.33&idno=23", "surface": "asphalt", "tiger:cfcc": "A25", "tiger:county": "Roanoke-City, VA", "tiger:name_base": "Orange", "tiger:name_direction_suffix": "NE", "tiger:name_type": "Ave" }, "geometry": { "type": "LineString", "coordinates": [ [ -79.9276125, 37.2824755 ], [ -79.9274236, 37.2824972 ], [ -79.9270906, 37.2825384 ], [ -79.9265315, 37.2826151 ], [ -79.9257827, 37.2827218 ], [ -79.9256054, 37.2827467 ], [ -79.9252617, 37.2828032 ], [ -79.9248676, 37.282868 ], [ -79.9246928, 37.2828968 ] ] }, "id": "way/364490139" }, { "type": "Feature", "properties": { "@id": "way/364840718", "NHS": "yes", "bridge": "yes", "expressway": "yes", "hgv": "designated", "highway": "primary", "lanes": "2", "layer": "1", "maxspeed": "55 mph", "name": "North Eagle Valley Road", "old_ref_legislative": "219", "oneway": "yes", "ref": "US 220 Alternate;PA 150", "source:hgv": "https://www.dot.state.pa.us/public/pubsforms/Publications/TruckersMap.pdf", "surface": "asphalt" }, "geometry": { "type": "LineString", "coordinates": [ [ -77.7744317, 40.9540292 ], [ -77.7745188, 40.9539942 ] ] }, "id": "way/364840718" }, { "type": "Feature", "properties": { "@id": "way/364840719", "NHS": "yes", "expressway": "yes", "hgv": "designated", "highway": "primary", "lanes": "3", "maxspeed": "55 mph", "name": "North Eagle Valley Road", "old_ref_legislative": "219", "oneway": "yes", "ref": "US 220 Alternate;PA 150", "source:hgv": "https://www.dot.state.pa.us/public/pubsforms/Publications/TruckersMap.pdf", "surface": "asphalt", "turn:lanes": "left|through|through" }, "geometry": { "type": "LineString", "coordinates": [ [ -77.776248, 40.9531159 ], [ -77.7751785, 40.9535438 ] ] }, "id": "way/364840719" }, { "type": "Feature", "properties": { "@id": "way/364840722", "NHS": "yes", "expressway": "yes", "hgv": "designated", "highway": "primary", "lanes": "2", "maxspeed": "55 mph", "name": "North Eagle Valley Road", "old_ref_legislative": "219", "oneway": "yes", "ref": "US 220 Alternate;PA 150", "source:hgv": "https://www.dot.state.pa.us/public/pubsforms/Publications/TruckersMap.pdf", "surface": "asphalt", "turn:lanes": "slight_left;through|through" }, "geometry": { "type": "LineString", "coordinates": [ [ -77.7771615, 40.9527509 ], [ -77.776248, 40.9531159 ] ] }, "id": "way/364840722" }, { "type": "Feature", "properties": { "@id": "way/364840724", "NHS": "yes", "expressway": "yes", "hgv": "designated", "highway": "primary", "lanes": "2", "maxspeed": "55 mph", "name": "North Eagle Valley Road", "old_ref_legislative": "219", "oneway": "yes", "ref": "US 220 Alternate;PA 150", "source:hgv": "https://www.dot.state.pa.us/public/pubsforms/Publications/TruckersMap.pdf", "surface": "asphalt" }, "geometry": { "type": "LineString", "coordinates": [ [ -77.7745188, 40.9539942 ], [ -77.7747711, 40.953897 ], [ -77.7752495, 40.95371 ], [ -77.7753145, 40.9536835 ], [ -77.7757002, 40.9535266 ], [ -77.778574, 40.952379 ], [ -77.77918, 40.952153 ], [ -77.780118, 40.951815 ], [ -77.781166, 40.951452 ] ] }, "id": "way/364840724" }, { "type": "Feature", "properties": { "@id": "way/364840737", "NHS": "yes", "expressway": "yes", "hgv": "designated", "highway": "primary", "lanes": "2", "maxspeed": "55 mph", "name": "South Eagle Valley Road", "old_ref_legislative": "107", "oneway": "yes", "rcn_ref": "V", "ref": "US 220 Alternate;PA 144", "source:hgv": "https://www.dot.state.pa.us/public/pubsforms/Publications/TruckersMap.pdf", "surface": "asphalt", "tiger:cfcc": "A25", "tiger:county": "Centre, PA", "tiger:name_base": "Eagle Valley", "tiger:name_base_1": "State Route 144", "tiger:name_base_2": "United States Highway 220", "tiger:name_direction_prefix": "S", "tiger:name_type": "Rd", "turn:lanes": "slight_left;through|through" }, "geometry": { "type": "LineString", "coordinates": [ [ -77.8011388, 40.9397372 ], [ -77.8010408, 40.9398055 ], [ -77.8009276, 40.9398845 ] ] }, "id": "way/364840737" }, { "type": "Feature", "properties": { "@id": "way/364840738", "NHS": "yes", "expressway": "yes", "hgv": "designated", "highway": "primary", "lanes": "3", "maxspeed": "55 mph", "name": "South Eagle Valley Road", "old_ref_legislative": "107", "oneway": "yes", "rcn_ref": "V", "ref": "US 220 Alternate;PA 144", "source:hgv": "https://www.dot.state.pa.us/public/pubsforms/Publications/TruckersMap.pdf", "surface": "asphalt", "tiger:cfcc": "A25", "tiger:county": "Centre, PA", "tiger:name_base": "Eagle Valley", "tiger:name_base_1": "State Route 144", "tiger:name_base_2": "United States Highway 220", "tiger:name_direction_prefix": "S", "tiger:name_type": "Rd", "turn:lanes": "left|through|through" }, "geometry": { "type": "LineString", "coordinates": [ [ -77.8009276, 40.9398845 ], [ -77.8005786, 40.9401508 ] ] }, "id": "way/364840738" }, { "type": "Feature", "properties": { "@id": "way/364840739", "NHS": "yes", "hgv": "designated", "highway": "primary", "lanes": "2", "lanes:backward": "1", "lanes:forward": "1", "name": "South Eagle Valley Road", "old_ref_legislative": "107", "ref": "US 220 Alternate;PA 504", "source:hgv": "https://www.dot.state.pa.us/public/pubsforms/Publications/TruckersMap.pdf", "tiger:cfcc": "A25", "tiger:county": "Centre, PA", "tiger:name_base": "Eagle Valley", "tiger:name_base_1": "United States Highway 220", "tiger:name_base_2": "State Route 144", "tiger:name_direction_prefix": "S", "tiger:name_type": "Rd" }, "geometry": { "type": "LineString", "coordinates": [ [ -77.8152347, 40.9344672 ], [ -77.8163474, 40.9340671 ] ] }, "id": "way/364840739" }, { "type": "Feature", "properties": { "@id": "way/364840740", "NHS": "yes", "hgv": "designated", "highway": "primary", "lanes": "2", "lanes:backward": "1", "lanes:forward": "1", "name": "South Eagle Valley Road", "old_ref_legislative": "107", "rcn_ref": "V", "ref": "US 220 Alternate;PA 144", "source:hgv": "https://www.dot.state.pa.us/public/pubsforms/Publications/TruckersMap.pdf", "tiger:cfcc": "A25", "tiger:county": "Centre, PA", "tiger:name_base": "Eagle Valley", "tiger:name_base_1": "United States Highway 220", "tiger:name_base_2": "State Route 144", "tiger:name_direction_prefix": "S", "tiger:name_type": "Rd", "turn:lanes:backward": "none", "turn:lanes:forward": "slight_left;through" }, "geometry": { "type": "LineString", "coordinates": [ [ -77.8140271, 40.934898 ], [ -77.8142124, 40.9348335 ] ] }, "id": "way/364840740" }, { "type": "Feature", "properties": { "@id": "way/364840741", "NHS": "yes", "hgv": "designated", "highway": "primary", "lanes": "3", "lanes:backward": "2", "lanes:forward": "1", "name": "South Eagle Valley Road", "old_ref_legislative": "107", "ref": "US 220 Alternate;PA 504", "source:hgv": "https://www.dot.state.pa.us/public/pubsforms/Publications/TruckersMap.pdf", "tiger:cfcc": "A25", "tiger:county": "Centre, PA", "tiger:name_base": "Eagle Valley", "tiger:name_base_1": "United States Highway 220", "tiger:name_base_2": "State Route 144", "tiger:name_direction_prefix": "S", "tiger:name_type": "Rd", "turn:lanes:backward": "left|through;right", "turn:lanes:forward": "none" }, "geometry": { "type": "LineString", "coordinates": [ [ -77.8146561, 40.9346755 ], [ -77.8148719, 40.9345978 ], [ -77.8152347, 40.9344672 ] ] }, "id": "way/364840741" }, { "type": "Feature", "properties": { "@id": "way/364840742", "NHS": "yes", "hgv": "designated", "highway": "primary", "lanes": "3", "lanes:backward": "1", "lanes:forward": "2", "name": "South Eagle Valley Road", "old_ref_legislative": "107", "rcn_ref": "V", "ref": "US 220 Alternate;PA 144", "source:hgv": "https://www.dot.state.pa.us/public/pubsforms/Publications/TruckersMap.pdf", "tiger:cfcc": "A25", "tiger:county": "Centre, PA", "tiger:name_base": "Eagle Valley", "tiger:name_base_1": "United States Highway 220", "tiger:name_base_2": "State Route 144", "tiger:name_direction_prefix": "S", "tiger:name_type": "Rd", "turn:lanes:backward": "none", "turn:lanes:forward": "left|through;right" }, "geometry": { "type": "LineString", "coordinates": [ [ -77.8142124, 40.9348335 ], [ -77.8144909, 40.9347349 ], [ -77.8145362, 40.9347188 ], [ -77.8146561, 40.9346755 ] ] }, "id": "way/364840742" }, { "type": "Feature", "properties": { "@id": "way/426618528", "destination": "Orange Avenue", "destination:ref": "US 460 East", "highway": "motorway_link", "lanes": "1", "maxspeed:advisory": "35 mph", "oneway": "yes", "ref": "US 220 Alternate", "start_date": "1968", "surface": "asphalt" }, "geometry": { "type": "LineString", "coordinates": [ [ -79.9374592, 37.2809373 ], [ -79.9371942, 37.2812683 ], [ -79.936845, 37.2816739 ], [ -79.9367272, 37.281825 ], [ -79.9366226, 37.2819219 ], [ -79.9365012, 37.2819946 ], [ -79.936388, 37.2820417 ], [ -79.9362473, 37.2820787 ], [ -79.9362165, 37.2820853 ], [ -79.9361451, 37.2821008 ], [ -79.9360324, 37.2821101 ], [ -79.9355082, 37.2821361 ], [ -79.9353046, 37.2821824 ] ] }, "id": "way/426618528" }, { "type": "Feature", "properties": { "@id": "way/426618531", "embankment": "yes", "highway": "motorway_link", "lanes": "1", "maxspeed:advisory": "20 mph", "oneway": "yes", "placement": "transition", "ref": "US 220 Alt", "start_date": "1968", "surface": "asphalt" }, "geometry": { "type": "LineString", "coordinates": [ [ -79.9389951, 37.2833976 ], [ -79.9389419, 37.2834083 ], [ -79.9388819, 37.2834076 ], [ -79.9388201, 37.2833896 ], [ -79.9387684, 37.2833612 ], [ -79.9387401, 37.2833272 ], [ -79.9387165, 37.2832817 ], [ -79.9386997, 37.2832348 ], [ -79.9386882, 37.2831822 ], [ -79.9386543, 37.2830838 ], [ -79.9385867, 37.2829726 ] ] }, "id": "way/426618531" }, { "type": "Feature", "properties": { "@id": "way/450172546", "NHS": "yes", "bridge": "yes", "hgv": "designated", "highway": "primary", "layer": "1", "maxspeed": "55 mph", "name": "South Eagle Valley Road", "old_ref_legislative": "107", "ref": "US 220 Alternate", "source:hgv": "https://www.dot.state.pa.us/public/pubsforms/Publications/TruckersMap.pdf", "surface": "asphalt", "tiger:cfcc": "A21", "tiger:county": "Centre, PA", "tiger:name_base": "United States Highway 220", "tiger:name_base_1": "Eagle Valley", "tiger:name_direction_prefix_1": "S", "tiger:name_type_1": "Rd", "tiger:reviewed": "no" }, "geometry": { "type": "LineString", "coordinates": [ [ -77.8925205, 40.8950158 ], [ -77.8923852, 40.8951082 ] ] }, "id": "way/450172546" }, { "type": "Feature", "properties": { "@id": "way/450172547", "NHS": "yes", "hgv": "designated", "highway": "primary", "maxspeed": "55 mph", "name": "South Eagle Valley Road", "old_ref_legislative": "107", "ref": "US 220 Alternate", "source:hgv": "https://www.dot.state.pa.us/public/pubsforms/Publications/TruckersMap.pdf", "surface": "asphalt", "tiger:cfcc": "A21", "tiger:county": "Centre, PA", "tiger:name_base": "United States Highway 220", "tiger:name_base_1": "Eagle Valley", "tiger:name_direction_prefix_1": "S", "tiger:name_type_1": "Rd", "tiger:reviewed": "no" }, "geometry": { "type": "LineString", "coordinates": [ [ -77.8923852, 40.8951082 ], [ -77.8921338, 40.8952801 ] ] }, "id": "way/450172547" }, { "type": "Feature", "properties": { "@id": "way/607550920", "NHS": "yes", "hgv": "designated", "highway": "primary", "lanes": "2", "maxspeed": "55 mph", "name": "South Eagle Valley Road", "old_ref_legislative": "107", "oneway": "yes", "rcn_ref": "V", "ref": "US 220 Alternate;PA 144", "source:hgv": "https://www.dot.state.pa.us/public/pubsforms/Publications/TruckersMap.pdf", "surface": "asphalt", "tiger:cfcc": "A25", "tiger:county": "Centre, PA", "tiger:name_base": "Eagle Valley", "tiger:name_base_1": "State Route 144", "tiger:name_base_2": "United States Highway 220", "tiger:name_direction_prefix": "S", "tiger:name_type": "Rd" }, "geometry": { "type": "LineString", "coordinates": [ [ -77.8038304, 40.9384287 ], [ -77.803419, 40.9385725 ], [ -77.8032097, 40.9386498 ] ] }, "id": "way/607550920" }, { "type": "Feature", "properties": { "@id": "way/607550926", "NHS": "yes", "bicycle": "yes", "hgv": "designated", "highway": "primary", "lanes": "1", "maxspeed": "55 mph", "name": "South Eagle Valley Road", "old_ref_legislative": "107", "oneway": "yes", "rcn_ref": "V", "ref": "US 220 Alternate;PA 144", "source:hgv": "https://www.dot.state.pa.us/public/pubsforms/Publications/TruckersMap.pdf", "surface": "asphalt", "tiger:cfcc": "A25", "tiger:county": "Centre, PA", "tiger:name_base": "Eagle Valley", "tiger:name_base_1": "United States Highway 220", "tiger:name_base_2": "State Route 144", "tiger:name_direction_prefix": "S", "tiger:name_type": "Rd" }, "geometry": { "type": "LineString", "coordinates": [ [ -77.8032758, 40.9387666 ], [ -77.8036431, 40.9386147 ], [ -77.8041928, 40.9384005 ], [ -77.804397, 40.9382937 ] ] }, "id": "way/607550926" }, { "type": "Feature", "properties": { "@id": "way/628176887", "NHS": "yes", "expressway": "yes", "hgv": "yes", "highway": "trunk", "lanes": "2", "name": "Cloverdale Road", "oneway": "yes", "ref": "US 220 Alternate", "surface": "asphalt", "tiger:cfcc": "A25", "tiger:county": "Roanoke, VA", "tiger:name_base": "Cloverdale", "tiger:name_base_1": "US Hwy 220 (Alt)", "tiger:name_type": "Rd", "tiger:reviewed": "no" }, "geometry": { "type": "LineString", "coordinates": [ [ -79.872897, 37.331622 ], [ -79.872778, 37.331279 ], [ -79.8727167, 37.3310598 ], [ -79.8726696, 37.3308077 ], [ -79.8726522, 37.3304736 ], [ -79.8726423, 37.3297 ], [ -79.872647, 37.32944 ], [ -79.872641, 37.328809 ], [ -79.872621, 37.328591 ], [ -79.872583, 37.328373 ], [ -79.872523, 37.328159 ], [ -79.872444, 37.327948 ], [ -79.872402, 37.327856 ], [ -79.872355, 37.327759 ], [ -79.872254, 37.327586 ], [ -79.872137, 37.327419 ], [ -79.872032, 37.327291 ], [ -79.871874, 37.327123 ], [ -79.871735, 37.326991 ], [ -79.871548, 37.326836 ], [ -79.871257, 37.326627 ], [ -79.870964, 37.326428 ], [ -79.8705086, 37.3261129 ] ] }, "id": "way/628176887" }, { "type": "Feature", "properties": { "@id": "way/628176894", "NHS": "yes", "expressway": "yes", "hgv": "yes", "highway": "trunk", "lanes": "3", "name": "Cloverdale Road", "oneway": "yes", "ref": "US 220 Alternate", "surface": "asphalt", "tiger:cfcc": "A25", "tiger:county": "Roanoke, VA", "tiger:name_base": "Cloverdale", "tiger:name_base_1": "US Hwy 220 (Alt)", "tiger:name_type": "Rd", "tiger:reviewed": "no", "turn:lanes": "left|left|slight_right" }, "geometry": { "type": "LineString", "coordinates": [ [ -79.8705086, 37.3261129 ], [ -79.8698962, 37.3257126 ] ] }, "id": "way/628176894" }, { "type": "Feature", "properties": { "@id": "way/628176906", "NHS": "yes", "expressway": "yes", "highway": "trunk", "lanes": "2", "name": "Cloverdale Road", "oneway": "yes", "ref": "US 220 Alt", "surface": "asphalt", "tiger:cfcc": "A25", "tiger:county": "Roanoke, VA", "tiger:name_base": "Cloverdale", "tiger:name_type": "Rd", "tiger:reviewed": "no" }, "geometry": { "type": "LineString", "coordinates": [ [ -79.8690621, 37.3252623 ], [ -79.8691852, 37.3254329 ], [ -79.8692522, 37.3254992 ], [ -79.869519, 37.325681 ], [ -79.8701711, 37.32613 ] ] }, "id": "way/628176906" }, { "type": "Feature", "properties": { "@id": "way/628176910", "NHS": "yes", "expressway": "yes", "hgv": "yes", "highway": "trunk", "lanes": "2", "maxspeed": "55 mph", "name": "Cloverdale Road", "oneway": "yes", "ref": "US 220 Alternate", "surface": "asphalt", "tiger:cfcc": "A15", "tiger:county": "Botetourt, VA", "tiger:name_base": "Cloverdale", "tiger:name_base_1": "US Hwy 220 (Alt)", "tiger:name_type": "Rd", "tiger:reviewed": "no" }, "geometry": { "type": "LineString", "coordinates": [ [ -79.9028157, 37.387449 ], [ -79.9032532, 37.3876469 ] ] }, "id": "way/628176910" }, { "type": "Feature", "properties": { "@id": "way/634570244", "highway": "motorway_link", "lanes": "1", "oneway": "yes", "ref": "US 220 Alternate", "surface": "asphalt" }, "geometry": { "type": "LineString", "coordinates": [ [ -79.8250846, 35.621167 ], [ -79.8251827, 35.6211116 ], [ -79.8252499, 35.6210792 ], [ -79.8253206, 35.6210644 ], [ -79.8253992, 35.621064 ], [ -79.8254835, 35.6210761 ] ] }, "id": "way/634570244" }, { "type": "Feature", "properties": { "@id": "way/671952851", "NHS": "STRAHNET", "expressway": "no", "hgv": "designated", "hgv:national_network": "yes", "highway": "trunk", "lanes": "2", "maxspeed": "35 mph", "name": "Orange Avenue Northeast", "oneway": "yes", "ref": "US 221;US 460;US 220 Alt", "source:hgv:national_network": "Title 23: Highways Part 658 http://ecfr.gpoaccess.gov/cgi/t/text/text-idx?c=ecfr&rgn=div5&view=text&node=23:1.0.1.7.33&idno=23", "surface": "asphalt", "tiger:cfcc": "A25", "tiger:county": "Roanoke-City, VA", "tiger:name_base": "Orange", "tiger:name_direction_suffix": "NE", "tiger:name_type": "Ave", "tiger:zip_left": "24012" }, "geometry": { "type": "LineString", "coordinates": [ [ -79.9097884, 37.2906021 ], [ -79.9099477, 37.2904948 ], [ -79.9099826, 37.29047 ], [ -79.9102817, 37.2902578 ], [ -79.9107628, 37.2899165 ], [ -79.9112848, 37.2895519 ], [ -79.9117019, 37.2892628 ], [ -79.9119023, 37.2891182 ], [ -79.9121124, 37.2889604 ], [ -79.9123137, 37.2887905 ], [ -79.912541, 37.2885908 ], [ -79.913783, 37.287423 ], [ -79.913927, 37.287301 ], [ -79.914091, 37.287178 ], [ -79.914363, 37.286991 ], [ -79.915995, 37.285982 ], [ -79.916299, 37.285792 ], [ -79.916593, 37.285614 ], [ -79.917382, 37.285173 ], [ -79.9185887, 37.2845198 ], [ -79.9188213, 37.284418 ], [ -79.9189982, 37.2843455 ], [ -79.9191575, 37.2842952 ], [ -79.9192028, 37.2842793 ], [ -79.919303, 37.284244 ], [ -79.9194416, 37.2842084 ], [ -79.9194454, 37.2842075 ] ] }, "id": "way/671952851" }, { "type": "Feature", "properties": { "@id": "way/671952852", "NHS": "STRAHNET", "expressway": "no", "hgv": "designated", "hgv:national_network": "yes", "highway": "trunk", "lanes": "2", "maxspeed": "35 mph", "name": "Orange Avenue Northeast", "oneway": "yes", "ref": "US 221;US 460;US 220 Alt", "source:hgv:national_network": "Title 23: Highways Part 658 http://ecfr.gpoaccess.gov/cgi/t/text/text-idx?c=ecfr&rgn=div5&view=text&node=23:1.0.1.7.33&idno=23", "surface": "asphalt", "tiger:cfcc": "A25", "tiger:county": "Roanoke-City, VA", "tiger:name_base": "Orange", "tiger:name_direction_suffix": "NE", "tiger:name_type": "Ave" }, "geometry": { "type": "LineString", "coordinates": [ [ -79.9194302, 37.2840851 ], [ -79.9193913, 37.2840955 ], [ -79.919262, 37.28413 ], [ -79.9191569, 37.2841681 ], [ -79.9191146, 37.2841834 ], [ -79.9189333, 37.2842474 ], [ -79.9188383, 37.284281 ], [ -79.9186959, 37.2843407 ], [ -79.9185437, 37.2844111 ], [ -79.9183998, 37.2844848 ], [ -79.9176102, 37.2849185 ], [ -79.917297, 37.285083 ], [ -79.916682, 37.285424 ], [ -79.916439, 37.285564 ], [ -79.915902, 37.285894 ], [ -79.914413, 37.286815 ], [ -79.91422, 37.286938 ], [ -79.914009, 37.287085 ], [ -79.913807, 37.287237 ], [ -79.913634, 37.287389 ], [ -79.9124305, 37.2885162 ], [ -79.9123134, 37.2886253 ], [ -79.9122022, 37.2887237 ], [ -79.9119458, 37.2889359 ], [ -79.9116982, 37.2891102 ], [ -79.9111918, 37.2894642 ], [ -79.9110223, 37.2895831 ], [ -79.9108233, 37.2897225 ], [ -79.9106164, 37.2898676 ], [ -79.910339, 37.2900621 ], [ -79.9103018, 37.2900883 ], [ -79.9101146, 37.2902204 ], [ -79.909711, 37.290505 ] ] }, "id": "way/671952852" }, { "type": "Feature", "properties": { "@id": "way/732373615", "highway": "primary", "lanes": "2", "maxspeed": "45 mph", "name": "Main Street", "old_ref": "US 220", "oneway": "no", "ref": "US 220 ALT", "surface": "asphalt", "tiger:cfcc": "A21", "tiger:county": "Montgomery, NC", "tiger:name_base": "Main", "tiger:name_base_1": "US Hwy 220 (Alt)", "tiger:name_type": "St", "tiger:reviewed": "no" }, "geometry": { "type": "LineString", "coordinates": [ [ -79.7801784, 35.3665151 ], [ -79.780154, 35.366607 ], [ -79.780126, 35.366725 ], [ -79.780061, 35.366949 ], [ -79.779822, 35.367654 ], [ -79.779654, 35.368148 ], [ -79.779364, 35.369004 ], [ -79.77925, 35.369339 ], [ -79.779206, 35.369475 ], [ -79.779082, 35.369851 ], [ -79.779027, 35.370021 ], [ -79.77871, 35.370974 ], [ -79.7785029, 35.3715669 ], [ -79.778149, 35.3725939 ], [ -79.777839, 35.373502 ], [ -79.777656, 35.374043 ], [ -79.777334, 35.374999 ], [ -79.777014, 35.375946 ], [ -79.776928, 35.376263 ], [ -79.776885, 35.376458 ], [ -79.776835, 35.376768 ], [ -79.776813, 35.376976 ], [ -79.776796, 35.377323 ] ] }, "id": "way/732373615" }, { "type": "Feature", "properties": { "@id": "way/732373616", "highway": "primary", "lanes": "2", "maxspeed": "35 mph", "old_ref": "US 220", "ref": "US 220 ALT;NC 731", "tiger:cfcc": "A21", "tiger:county": "Montgomery, NC", "tiger:name_base": "US Hwy 220 (Alt)", "tiger:name_direction_suffix": "S", "tiger:zip_left": "27229", "tiger:zip_right": "27229" }, "geometry": { "type": "LineString", "coordinates": [ [ -79.745448, 35.278771 ], [ -79.745535, 35.279362 ], [ -79.745577, 35.279653 ], [ -79.745623, 35.279974 ], [ -79.745775, 35.280937 ], [ -79.745941, 35.282185 ] ] }, "id": "way/732373616" }, { "type": "Feature", "properties": { "@id": "way/732373617", "highway": "primary", "lanes": "2", "maxspeed": "35 mph", "name": "South Broad Street", "old_ref": "US 220", "oneway": "no", "ref": "US 220 ALT", "surface": "asphalt", "tiger:cfcc": "A21", "tiger:county": "Randolph, NC", "tiger:name_base": "Broad", "tiger:name_base_1": "United States Highway 220A", "tiger:name_direction_prefix": "S", "tiger:name_type": "St", "tiger:reviewed": "no", "tiger:zip_left": "27341", "tiger:zip_right": "27341" }, "geometry": { "type": "LineString", "coordinates": [ [ -79.7795248, 35.5346109 ], [ -79.7781505, 35.5380753 ], [ -79.7780655, 35.5382836 ], [ -79.7779746, 35.5385354 ], [ -79.7778907, 35.5388181 ], [ -79.7778575, 35.5389864 ], [ -79.777827, 35.5392014 ], [ -79.7778199, 35.5393977 ], [ -79.7778203, 35.539572 ], [ -79.7778428, 35.5397615 ], [ -79.7778786, 35.5399597 ], [ -79.7779253, 35.5401396 ], [ -79.7779993, 35.5403677 ], [ -79.7780754, 35.5405506 ], [ -79.7781613, 35.5407162 ], [ -79.7783429, 35.5410273 ] ] }, "id": "way/732373617" }, { "type": "Feature", "properties": { "@id": "way/732373618", "highway": "primary", "lanes": "2", "maxspeed": "20 mph", "name": "North Main Street", "old_ref": "US 220", "oneway": "yes", "ref": "US 220 ALT", "surface": "asphalt", "tiger:cfcc": "A25", "tiger:county": "Montgomery, NC", "tiger:name_base": "Main", "tiger:name_base_1": "US Hwy 220 (Alt)", "tiger:name_direction_prefix": "N", "tiger:name_type": "St", "tiger:reviewed": "no", "tiger:zip_left": "27229", "tiger:zip_right": "27229" }, "geometry": { "type": "LineString", "coordinates": [ [ -79.745729, 35.295955 ], [ -79.74567, 35.29516 ] ] }, "id": "way/732373618" }, { "type": "Feature", "properties": { "@id": "way/732373620", "highway": "primary", "lanes": "2", "maxspeed": "35 mph", "old_ref": "US 220", "oneway": "no", "ref": "US 220 ALT", "surface": "asphalt", "tiger:cfcc": "A21", "tiger:county": "Montgomery, NC", "tiger:name_base": "US Hwy 220 (Alt)", "tiger:name_direction_suffix": "S", "tiger:reviewed": "no", "tiger:zip_left": "27209", "tiger:zip_right": "27209" }, "geometry": { "type": "LineString", "coordinates": [ [ -79.779347, 35.3454852 ], [ -79.779802, 35.346193 ] ] }, "id": "way/732373620" }, { "type": "Feature", "properties": { "@id": "way/732373621", "highway": "primary", "lanes": "2", "maxspeed": "55 mph", "old_ref": "US 220", "oneway": "no", "ref": "US 220 ALT", "surface": "asphalt", "tiger:cfcc": "A21", "tiger:county": "Montgomery, NC", "tiger:name_base": "US Hwy 220 (Alt)", "tiger:name_direction_suffix": "S", "tiger:reviewed": "no", "tiger:zip_left": "27209", "tiger:zip_right": "27209" }, "geometry": { "type": "LineString", "coordinates": [ [ -79.752565, 35.3033229 ], [ -79.752943, 35.303761 ], [ -79.753119, 35.304029 ], [ -79.753235, 35.304206 ], [ -79.753786, 35.305064 ], [ -79.753845, 35.305158 ], [ -79.7543571, 35.305986 ], [ -79.754885, 35.306806 ], [ -79.75534, 35.307509 ], [ -79.75544, 35.307663 ], [ -79.756911, 35.309969 ], [ -79.757026, 35.310143 ], [ -79.7571657, 35.3103896 ], [ -79.7574539, 35.3108276 ], [ -79.7577215, 35.3112448 ], [ -79.75847, 35.312397 ], [ -79.758709, 35.312772 ], [ -79.759093, 35.313382 ], [ -79.759559, 35.314262 ], [ -79.759998, 35.315145 ], [ -79.7609357, 35.3171044 ], [ -79.7611548, 35.3175613 ], [ -79.7612751, 35.317814 ], [ -79.7613621, 35.3179943 ], [ -79.7614401, 35.3181893 ], [ -79.761488, 35.3183592 ], [ -79.7615211, 35.3185334 ], [ -79.761546, 35.3187682 ], [ -79.761552, 35.318987 ], [ -79.7615677, 35.3193168 ], [ -79.761569, 35.319345 ], [ -79.761587, 35.319988 ], [ -79.76161, 35.320472 ], [ -79.761616, 35.320686 ], [ -79.7616246, 35.3208262 ], [ -79.761657, 35.321106 ], [ -79.761696, 35.321306 ], [ -79.76183, 35.321793 ], [ -79.761909, 35.322041 ], [ -79.76198, 35.322312 ], [ -79.762057, 35.322565 ], [ -79.76222, 35.323071 ], [ -79.7623, 35.323299 ], [ -79.762648, 35.32417 ], [ -79.763092, 35.325317 ], [ -79.763174, 35.325525 ], [ -79.763712, 35.326893 ], [ -79.763783, 35.327074 ], [ -79.763843, 35.327217 ], [ -79.764024, 35.32765 ], [ -79.76403, 35.327662 ], [ -79.764151, 35.327928 ], [ -79.764247, 35.328151 ], [ -79.7644099, 35.3284717 ], [ -79.76454, 35.328693 ], [ -79.7646486, 35.3288551 ], [ -79.7648268, 35.3291189 ], [ -79.7649826, 35.3293387 ], [ -79.7652565, 35.3297189 ], [ -79.7655694, 35.3301378 ], [ -79.7658932, 35.3305756 ], [ -79.7667787, 35.3317521 ], [ -79.767547, 35.33274 ], [ -79.768452, 35.333964 ], [ -79.7691375, 35.3348875 ], [ -79.769317, 35.335091 ], [ -79.769532, 35.335354 ], [ -79.7696709, 35.3354951 ], [ -79.769875, 35.3356995 ], [ -79.7703853, 35.336173 ], [ -79.7707706, 35.3365071 ], [ -79.771285, 35.336949 ], [ -79.771947, 35.337577 ], [ -79.7724206, 35.3380193 ], [ -79.772952, 35.338505 ], [ -79.773126, 35.338672 ], [ -79.773143, 35.338687 ], [ -79.7739984, 35.3395403 ], [ -79.775045, 35.340476 ], [ -79.77547, 35.340852 ], [ -79.775512, 35.34089 ], [ -79.775841, 35.34118 ], [ -79.775884, 35.341218 ], [ -79.776626, 35.341918 ], [ -79.777536, 35.342776 ], [ -79.777663, 35.342903 ], [ -79.777784, 35.343034 ], [ -79.777951, 35.34324 ], [ -79.77805, 35.343382 ], [ -79.778499, 35.344123 ], [ -79.778569, 35.344239 ], [ -79.779244, 35.345325 ], [ -79.779347, 35.3454852 ] ] }, "id": "way/732373621" }, { "type": "Feature", "properties": { "@id": "way/732373623", "highway": "primary", "lanes": "2", "maxspeed": "35 mph", "name": "North Main Street", "old_ref": "US 220", "oneway": "yes", "ref": "US 220 ALT", "surface": "asphalt", "tiger:cfcc": "A25", "tiger:county": "Montgomery, NC", "tiger:name_base": "Main", "tiger:name_base_1": "US Hwy 220 (Alt)", "tiger:name_direction_prefix": "N", "tiger:name_type": "St", "tiger:reviewed": "no" }, "geometry": { "type": "LineString", "coordinates": [ [ -79.745625, 35.295953 ], [ -79.745617, 35.296113 ], [ -79.745613, 35.296698 ], [ -79.745614, 35.297347 ], [ -79.745623, 35.298578 ], [ -79.7456312, 35.2986315 ] ] }, "id": "way/732373623" }, { "type": "Feature", "properties": { "@id": "way/732373624", "highway": "primary", "lanes": "2", "maxspeed": "20 mph", "name": "South Main Street", "old_ref": "US 220", "oneway": "no", "ref": "US 220 ALT;NC 731", "surface": "asphalt", "tiger:cfcc": "A21", "tiger:county": "Montgomery, NC", "tiger:name_base": "Main", "tiger:name_base_1": "US Hwy 220 (Alt)", "tiger:name_direction_prefix": "S", "tiger:name_type": "St" }, "geometry": { "type": "LineString", "coordinates": [ [ -79.745638, 35.293359 ], [ -79.745649, 35.294083 ], [ -79.7456609, 35.2943232 ], [ -79.745662, 35.294738 ], [ -79.7456636, 35.2948231 ] ] }, "id": "way/732373624" }, { "type": "Feature", "properties": { "@id": "way/732373625", "highway": "primary", "lanes": "2", "maxspeed": "35 mph", "name": "South Main Street", "old_ref": "US 220", "oneway": "no", "ref": "US 220 ALT", "surface": "asphalt", "tiger:cfcc": "A21", "tiger:county": "Montgomery, NC", "tiger:name_base": "Main", "tiger:name_base_1": "US Hwy 220 (Alt)", "tiger:name_direction_prefix": "S", "tiger:name_type": "St", "tiger:reviewed": "no" }, "geometry": { "type": "LineString", "coordinates": [ [ -79.785416, 35.3934901 ], [ -79.785007, 35.394741 ], [ -79.784883, 35.39514 ], [ -79.784846, 35.395257 ], [ -79.784783, 35.3954595 ], [ -79.7847187, 35.3956662 ], [ -79.7847103, 35.3956933 ], [ -79.7846536, 35.3958754 ], [ -79.784598, 35.396054 ], [ -79.784408, 35.396663 ], [ -79.784249, 35.397175 ], [ -79.784206, 35.397349 ], [ -79.784171, 35.397525 ], [ -79.784138, 35.39779 ], [ -79.784132, 35.397868 ], [ -79.784125, 35.398056 ], [ -79.784129, 35.398234 ], [ -79.7841299, 35.3987631 ], [ -79.784118, 35.399716 ], [ -79.784116, 35.3999 ], [ -79.7841178, 35.4000625 ], [ -79.784119, 35.400221 ], [ -79.78412, 35.400374 ], [ -79.7841119, 35.4008732 ] ] }, "id": "way/732373625" }, { "type": "Feature", "properties": { "@id": "way/749108416", "NHS": "yes", "hgv": "designated", "highway": "primary", "name": "West Union Street", "old_ref_legislative": "107", "ref": "US 220 Alternate", "source:hgv": "https://www.dot.state.pa.us/public/pubsforms/Publications/TruckersMap.pdf", "surface": "asphalt", "tiger:cfcc": "A21", "tiger:county": "Centre, PA", "tiger:name_base": "United States Highway 220", "tiger:name_base_1": "Union", "tiger:name_type_1": "St", "tiger:reviewed": "no" }, "geometry": { "type": "LineString", "coordinates": [ [ -77.8770815, 40.9065305 ], [ -77.8769515, 40.906595 ], [ -77.8764709, 40.9068142 ], [ -77.8759688, 40.9070356 ], [ -77.8754803, 40.9072524 ] ] }, "id": "way/749108416" }, { "type": "Feature", "properties": { "@id": "way/749108417", "NHS": "yes", "bridge": "yes", "hgv": "designated", "highway": "primary", "layer": "1", "name": "West Union Street", "old_ref_legislative": "107", "ref": "US 220 Alternate", "source:hgv": "https://www.dot.state.pa.us/public/pubsforms/Publications/TruckersMap.pdf", "surface": "asphalt", "tiger:cfcc": "A21", "tiger:county": "Centre, PA", "tiger:name_base": "United States Highway 220", "tiger:name_base_1": "Union", "tiger:name_type_1": "St", "tiger:reviewed": "no" }, "geometry": { "type": "LineString", "coordinates": [ [ -77.8772474, 40.9064483 ], [ -77.8770815, 40.9065305 ] ] }, "id": "way/749108417" }, { "type": "Feature", "properties": { "@id": "way/802349915", "NHS": "Interstate", "fut_ref": "I 99;PA 26", "hgv": "designated", "hgv:national_network": "yes", "highway": "motorway", "lanes": "2", "maxspeed": "70 mph", "name": "Z. H. Confair Memorial Highway", "old_name": "Keystone Shortway", "oneway": "yes", "ref": "I 80;US 220 Alternate", "ref:penndot": "SR 0080", "source:hgv:national_network": "https://www.ecfr.gov/current/title-23/chapter-I/subchapter-G/part-658;https://hepgis-usdot.hub.arcgis.com/apps/usdot::national-network-conventional-combination-trucks-map", "source:maxspeed": "sign;survey", "surface": "asphalt" }, "geometry": { "type": "LineString", "coordinates": [ [ -77.7123768, 40.9460899 ], [ -77.7141027, 40.9458801 ] ] }, "id": "way/802349915" }, { "type": "Feature", "properties": { "@id": "way/802349926", "NHS": "Interstate", "hgv": "designated", "hgv:national_network": "yes", "highway": "motorway", "lanes": "3", "maxspeed": "70 mph", "name": "Z. H. Confair Memorial Highway", "old_name": "Keystone Shortway", "oneway": "yes", "placement": "left_of:2", "ref": "I 80;US 220 Alternate", "ref:penndot": "SR 0080", "source:hgv:national_network": "https://www.ecfr.gov/current/title-23/chapter-I/subchapter-G/part-658;https://hepgis-usdot.hub.arcgis.com/apps/usdot::national-network-conventional-combination-trucks-map", "source:maxspeed": "sign;survey", "surface": "asphalt", "turn:lanes": "||merge_to_left" }, "geometry": { "type": "LineString", "coordinates": [ [ -77.7187528, 40.9453151 ], [ -77.7195629, 40.9452167 ] ] }, "id": "way/802349926" }, { "type": "Feature", "properties": { "@id": "way/882168377", "highway": "primary", "lanes": "2", "maxspeed": "55 mph", "old_ref": "US 220", "oneway": "no", "ref": "US 220 ALT", "surface": "asphalt", "tiger:cfcc": "A21", "tiger:county": "Montgomery, NC", "tiger:name_base": "US Hwy 220 (Alt)", "tiger:name_direction_suffix": "S", "tiger:reviewed": "no", "tiger:zip_left": "27209", "tiger:zip_right": "27209" }, "geometry": { "type": "LineString", "coordinates": [ [ -79.747395, 35.301208 ], [ -79.747582, 35.30127 ], [ -79.748591, 35.301595 ], [ -79.7497266, 35.3019479 ], [ -79.74996, 35.30202 ], [ -79.7507568, 35.3022684 ], [ -79.7508506, 35.3022977 ], [ -79.751147, 35.302399 ], [ -79.7513243, 35.3024766 ], [ -79.751419, 35.302518 ], [ -79.751683, 35.302649 ], [ -79.751841, 35.302738 ], [ -79.752048, 35.302874 ], [ -79.752242, 35.303022 ], [ -79.752363, 35.303128 ], [ -79.752565, 35.3033229 ] ] }, "id": "way/882168377" }, { "type": "Feature", "properties": { "@id": "way/884226194", "NHS": "yes", "hgv": "designated", "highway": "primary", "lanes": "2", "lanes:backward": "1", "lanes:forward": "1", "name": "South Eagle Valley Road", "old_ref_legislative": "107", "ref": "US 220 Alternate;PA 504", "source:hgv": "https://www.dot.state.pa.us/public/pubsforms/Publications/TruckersMap.pdf", "surface": "asphalt", "tiger:cfcc": "A25", "tiger:county": "Centre, PA", "tiger:name_base": "Eagle Valley", "tiger:name_base_1": "United States Highway 220", "tiger:name_base_2": "State Route 144", "tiger:name_direction_prefix": "S", "tiger:name_type": "Rd", "tiger:reviewed": "no" }, "geometry": { "type": "LineString", "coordinates": [ [ -77.8163474, 40.9340671 ], [ -77.8172402, 40.9337452 ], [ -77.818019, 40.933448 ], [ -77.818256, 40.933366 ], [ -77.818654, 40.933243 ], [ -77.81937, 40.933068 ], [ -77.819861, 40.932957 ], [ -77.820266, 40.932884 ], [ -77.820594, 40.932836 ], [ -77.821594, 40.932726 ], [ -77.8230399, 40.9325716 ], [ -77.8238042, 40.9324916 ], [ -77.825128, 40.932353 ], [ -77.8270363, 40.9321511 ], [ -77.827207, 40.932133 ], [ -77.828132, 40.932029 ], [ -77.828764, 40.931897 ], [ -77.829111, 40.931807 ], [ -77.829457, 40.931704 ], [ -77.829834, 40.931573 ], [ -77.830202, 40.931429 ], [ -77.832423, 40.930442 ], [ -77.833749, 40.929859 ], [ -77.833812, 40.929832 ], [ -77.834184, 40.929656 ], [ -77.835059, 40.929189 ], [ -77.835879, 40.928723 ], [ -77.836105, 40.928568 ], [ -77.836294, 40.928411 ], [ -77.83647, 40.928208 ], [ -77.837179, 40.927313 ], [ -77.837418, 40.92705 ], [ -77.837616, 40.926851 ], [ -77.837854, 40.926647 ], [ -77.838105, 40.926457 ], [ -77.838439, 40.926232 ], [ -77.839294, 40.925716 ], [ -77.840109, 40.925241 ] ] }, "id": "way/884226194" }, { "type": "Feature", "properties": { "@id": "way/890106204", "NHS": "STRAHNET", "expressway": "no", "hgv": "designated", "hgv:national_network": "yes", "highway": "trunk", "lanes": "3", "maxspeed": "35 mph", "name": "Orange Avenue Northeast", "oneway": "yes", "ref": "US 221;US 460;US 220 Alt", "sidewalk:left": "no", "sidewalk:right": "separate", "source:hgv:national_network": "Title 23: Highways Part 658 http://ecfr.gpoaccess.gov/cgi/t/text/text-idx?c=ecfr&rgn=div5&view=text&node=23:1.0.1.7.33&idno=23", "surface": "asphalt", "tiger:cfcc": "A25", "tiger:county": "Roanoke-City, VA", "tiger:name_base": "Orange", "tiger:name_direction_suffix": "NE", "tiger:name_type": "Ave", "tiger:zip_left": "24012" }, "geometry": { "type": "LineString", "coordinates": [ [ -79.9252625, 37.2829815 ], [ -79.9271628, 37.2826757 ], [ -79.9273531, 37.2826508 ], [ -79.9275577, 37.2826273 ] ] }, "id": "way/890106204" }, { "type": "Feature", "properties": { "@id": "way/890106205", "NHS": "STRAHNET", "expressway": "no", "hgv": "designated", "hgv:national_network": "yes", "highway": "trunk", "lanes": "3", "maxspeed": "35 mph", "name": "Orange Avenue Northeast", "oneway": "yes", "ref": "US 221;US 460;US 220 Alt", "sidewalk:left": "no", "sidewalk:right": "separate", "source:hgv:national_network": "Title 23: Highways Part 658 http://ecfr.gpoaccess.gov/cgi/t/text/text-idx?c=ecfr&rgn=div5&view=text&node=23:1.0.1.7.33&idno=23", "surface": "asphalt", "tiger:cfcc": "A25", "tiger:county": "Roanoke-City, VA", "tiger:name_base": "Orange", "tiger:name_direction_suffix": "NE", "tiger:name_type": "Ave", "tiger:zip_left": "24012" }, "geometry": { "type": "LineString", "coordinates": [ [ -79.9277147, 37.2826097 ], [ -79.9280132, 37.2825822 ], [ -79.9283806, 37.2825486 ], [ -79.9285563, 37.2825376 ], [ -79.9287942, 37.2825233 ] ] }, "id": "way/890106205" }, { "type": "Feature", "properties": { "@id": "way/890114296", "NHS": "STRAHNET", "expressway": "no", "hgv": "designated", "hgv:national_network": "yes", "highway": "trunk", "lanes": "3", "maxspeed": "35 mph", "name": "Orange Avenue Northeast", "oneway": "yes", "ref": "US 221;US 460;US 220 Alt", "sidewalk:left": "no", "sidewalk:right": "separate", "source:hgv:national_network": "Title 23: Highways Part 658 http://ecfr.gpoaccess.gov/cgi/t/text/text-idx?c=ecfr&rgn=div5&view=text&node=23:1.0.1.7.33&idno=23", "surface": "asphalt", "tiger:cfcc": "A25", "tiger:county": "Roanoke-City, VA", "tiger:name_base": "Orange", "tiger:name_direction_suffix": "NE", "tiger:name_type": "Ave" }, "geometry": { "type": "LineString", "coordinates": [ [ -79.9293873, 37.2823745 ], [ -79.928619, 37.282389 ], [ -79.9283785, 37.2824043 ], [ -79.9281427, 37.2824245 ], [ -79.9279313, 37.2824467 ], [ -79.9277408, 37.2824615 ] ] }, "id": "way/890114296" }, { "type": "Feature", "properties": { "@id": "way/890114298", "NHS": "STRAHNET", "expressway": "no", "hgv": "designated", "hgv:national_network": "yes", "highway": "trunk", "lanes": "3", "maxspeed": "35 mph", "name": "Orange Avenue Northeast", "oneway": "yes", "ref": "US 221;US 460;US 220 Alt", "sidewalk:left": "no", "sidewalk:right": "separate", "source:hgv:national_network": "Title 23: Highways Part 658 http://ecfr.gpoaccess.gov/cgi/t/text/text-idx?c=ecfr&rgn=div5&view=text&node=23:1.0.1.7.33&idno=23", "surface": "asphalt", "tiger:cfcc": "A25", "tiger:county": "Roanoke-City, VA", "tiger:name_base": "Orange", "tiger:name_direction_suffix": "NE", "tiger:name_type": "Ave" }, "geometry": { "type": "LineString", "coordinates": [ [ -79.9246928, 37.2828968 ], [ -79.9244473, 37.2829399 ], [ -79.9230039, 37.2831935 ], [ -79.9225531, 37.2832727 ], [ -79.9224347, 37.2832935 ] ] }, "id": "way/890114298" }, { "type": "Feature", "properties": { "@id": "way/890127458", "NHS": "STRAHNET", "hgv": "designated", "hgv:national_network": "yes", "highway": "trunk", "lanes": "2", "maxspeed": "35 mph", "name": "Orange Avenue Northeast", "oneway": "yes", "ref": "US 221;US 460;US 220 Alternate", "source:hgv:national_network": "Title 23: Highways Part 658 http://ecfr.gpoaccess.gov/cgi/t/text/text-idx?c=ecfr&rgn=div5&view=text&node=23:1.0.1.7.33&idno=23", "surface": "asphalt", "tiger:cfcc": "A25", "tiger:county": "Roanoke-City, VA", "tiger:name_base": "Orange", "tiger:name_direction_suffix": "NE", "tiger:name_type": "Ave" }, "geometry": { "type": "LineString", "coordinates": [ [ -79.909711, 37.290505 ], [ -79.9090455, 37.2909762 ], [ -79.9087721, 37.2911529 ], [ -79.9086949, 37.2911965 ], [ -79.9085306, 37.2912891 ], [ -79.9076392, 37.2917754 ], [ -79.9070967, 37.2920691 ] ] }, "id": "way/890127458" }, { "type": "Feature", "properties": { "@id": "way/890127459", "NHS": "STRAHNET", "hgv": "designated", "hgv:national_network": "yes", "highway": "trunk", "lanes": "2", "maxspeed": "40 mph", "name": "Orange Avenue Northeast", "oneway": "yes", "ref": "US 221;US 460;US 220 Alternate", "source:hgv:national_network": "Title 23: Highways Part 658 http://ecfr.gpoaccess.gov/cgi/t/text/text-idx?c=ecfr&rgn=div5&view=text&node=23:1.0.1.7.33&idno=23", "surface": "asphalt", "tiger:cfcc": "A25", "tiger:county": "Roanoke-City, VA", "tiger:name_base": "Orange", "tiger:name_direction_suffix": "NE", "tiger:name_type": "Ave" }, "geometry": { "type": "LineString", "coordinates": [ [ -79.889006, 37.3067312 ], [ -79.8887467, 37.3070082 ], [ -79.8884914, 37.3072595 ] ] }, "id": "way/890127459" }, { "type": "Feature", "properties": { "@id": "way/890130113", "NHS": "STRAHNET", "hgv": "designated", "hgv:national_network": "yes", "highway": "trunk", "lanes": "2", "maxspeed": "35 mph", "name": "Orange Avenue Northeast", "oneway": "yes", "ref": "US 221;US 460;US 220 Alternate", "source:hgv:national_network": "Title 23: Highways Part 658 http://ecfr.gpoaccess.gov/cgi/t/text/text-idx?c=ecfr&rgn=div5&view=text&node=23:1.0.1.7.33&idno=23", "surface": "asphalt", "tiger:cfcc": "A25", "tiger:county": "Roanoke-City, VA", "tiger:name_base": "Orange", "tiger:name_direction_suffix": "NE", "tiger:name_type": "Ave", "tiger:zip_left": "24012" }, "geometry": { "type": "LineString", "coordinates": [ [ -79.9071813, 37.2921673 ], [ -79.9079394, 37.2917565 ], [ -79.9086159, 37.2913862 ], [ -79.9086967, 37.2913419 ], [ -79.9087991, 37.291276 ], [ -79.9089678, 37.2911675 ], [ -79.9091301, 37.2910629 ] ] }, "id": "way/890130113" }, { "type": "Feature", "properties": { "@id": "way/890130116", "NHS": "STRAHNET", "hgv": "designated", "hgv:national_network": "yes", "highway": "trunk", "lanes": "2", "maxspeed": "35 mph", "name": "Orange Avenue Northeast", "oneway": "yes", "ref": "US 221;US 460;US 220 Alternate", "source:hgv:national_network": "Title 23: Highways Part 658 http://ecfr.gpoaccess.gov/cgi/t/text/text-idx?c=ecfr&rgn=div5&view=text&node=23:1.0.1.7.33&idno=23", "surface": "asphalt", "tiger:cfcc": "A25", "tiger:county": "Roanoke-City, VA", "tiger:name_base": "Orange", "tiger:name_direction_suffix": "NE", "tiger:name_type": "Ave", "tiger:zip_left": "24012" }, "geometry": { "type": "LineString", "coordinates": [ [ -79.9091301, 37.2910629 ], [ -79.9092201, 37.291003 ], [ -79.9093017, 37.2909455 ], [ -79.9097884, 37.2906021 ] ] }, "id": "way/890130116" }, { "type": "Feature", "properties": { "@id": "way/951328677", "NHS": "Interstate", "bicycle": "no", "foot": "no", "hgv": "designated", "hgv:national_network": "yes", "highway": "motorway", "horse": "no", "lanes": "3", "maxspeed": "70 mph", "name": "Z. H. Confair Memorial Highway", "old_name": "Keystone Shortway", "oneway": "yes", "placement": "right_of:1", "ref": "I 80;US 220 Alternate", "source:hgv:national_network": "https://www.ecfr.gov/current/title-23/chapter-I/subchapter-G/part-658;https://hepgis-usdot.hub.arcgis.com/apps/usdot::national-network-conventional-combination-trucks-map", "source:maxspeed": "sign;survey", "surface": "asphalt", "turn:lanes": "||slight_right" }, "geometry": { "type": "LineString", "coordinates": [ [ -77.763961, 40.955937 ], [ -77.7673989, 40.956171 ] ] }, "id": "way/951328677" }, { "type": "Feature", "properties": { "@id": "way/964681969", "NHS": "STRAHNET", "expressway": "no", "hgv": "designated", "hgv:national_network": "yes", "highway": "trunk", "lanes": "4", "maxspeed": "35 mph", "name": "Orange Avenue Northeast", "oneway": "yes", "placement": "middle_of:3", "ref": "US 221;US 460;US 220 Alt", "source:hgv:national_network": "Title 23: Highways Part 658 http://ecfr.gpoaccess.gov/cgi/t/text/text-idx?c=ecfr&rgn=div5&view=text&node=23:1.0.1.7.33&idno=23", "surface": "asphalt", "tiger:cfcc": "A25", "tiger:county": "Roanoke-City, VA", "tiger:name_base": "Orange", "tiger:name_direction_suffix": "NE", "tiger:name_type": "Ave", "tiger:zip_left": "24012", "turn:lanes": "left|through|through|through" }, "geometry": { "type": "LineString", "coordinates": [ [ -79.9322521, 37.2824346 ], [ -79.9332498, 37.2824094 ], [ -79.9333656, 37.2824055 ] ] }, "id": "way/964681969" }, { "type": "Feature", "properties": { "@id": "way/964685632", "NHS": "STRAHNET", "expressway": "no", "hgv": "designated", "hgv:national_network": "yes", "highway": "trunk", "lanes": "3", "maxheight": "14'", "maxspeed": "35 mph", "name": "Orange Avenue Northeast", "oneway": "yes", "placement": "right_of:1", "ref": "US 460;US 11 Alt;US 220 Alt;VA 116", "sidewalk:left": "no", "sidewalk:right": "separate", "source:hgv:national_network": "Title 23: Highways Part 658 http://ecfr.gpoaccess.gov/cgi/t/text/text-idx?c=ecfr&rgn=div5&view=text&node=23:1.0.1.7.33&idno=23", "surface": "asphalt", "tiger:cfcc": "A25", "tiger:county": "Roanoke-City, VA", "tiger:name_base": "Orange", "tiger:name_direction_suffix": "NE", "tiger:name_type": "Ave", "tiger:reviewed": "no", "tiger:zip_left": "24012", "turn:lanes": "through|through|slight_right" }, "geometry": { "type": "LineString", "coordinates": [ [ -79.9380814, 37.2822513 ], [ -79.9383891, 37.2822595 ], [ -79.9386782, 37.2822808 ], [ -79.9389466, 37.2823067 ], [ -79.9392166, 37.2823363 ] ] }, "id": "way/964685632" }, { "type": "Feature", "properties": { "@id": "way/964685637", "NHS": "STRAHNET", "expressway": "no", "hgv": "designated", "hgv:national_network": "yes", "highway": "trunk", "lanes": "3", "maxspeed": "35 mph", "name": "Orange Avenue Northeast", "oneway": "yes", "ref": "US 460;US 11 Alt;US 220 Alt;VA 116", "sidewalk:left": "no", "sidewalk:right": "separate", "source:hgv:national_network": "Title 23: Highways Part 658 http://ecfr.gpoaccess.gov/cgi/t/text/text-idx?c=ecfr&rgn=div5&view=text&node=23:1.0.1.7.33&idno=23", "surface": "asphalt", "tiger:cfcc": "A25", "tiger:county": "Roanoke-City, VA", "tiger:name_base": "Orange", "tiger:name_direction_suffix": "NE", "tiger:name_type": "Ave", "tiger:reviewed": "no", "tiger:zip_left": "24012" }, "geometry": { "type": "LineString", "coordinates": [ [ -79.9338742, 37.2823878 ], [ -79.9342365, 37.2823762 ], [ -79.934532, 37.2823623 ], [ -79.9347954, 37.2823498 ], [ -79.9350099, 37.2823397 ], [ -79.9353234, 37.2823249 ], [ -79.9353938, 37.2823216 ] ] }, "id": "way/964685637" }, { "type": "Feature", "properties": { "@id": "way/974481757", "highway": "motorway_link", "lanes": "1", "oneway": "yes", "ref": "US 220 Alternate", "surface": "asphalt" }, "geometry": { "type": "LineString", "coordinates": [ [ -79.8262584, 35.6200318 ], [ -79.826182, 35.6200022 ], [ -79.826046, 35.6199602 ] ] }, "id": "way/974481757" }, { "type": "Feature", "properties": { "@id": "way/1121150065", "NHS": "STRAHNET", "expressway": "no", "hgv": "designated", "hgv:national_network": "yes", "highway": "trunk", "lanes": "4", "maxspeed": "35 mph", "name": "Orange Avenue Northeast", "oneway": "yes", "ref": "US 460;US 11 Alt;US 220 Alt", "source:hgv:national_network": "Title 23: Highways Part 658 http://ecfr.gpoaccess.gov/cgi/t/text/text-idx?c=ecfr&rgn=div5&view=text&node=23:1.0.1.7.33&idno=23", "surface": "asphalt", "tiger:cfcc": "A25", "tiger:county": "Roanoke-City, VA", "tiger:name_base": "Orange", "tiger:name_direction_suffix": "NE", "tiger:name_type": "Ave", "tiger:reviewed": "no", "turn:lanes": "left|through|through|through" }, "geometry": { "type": "LineString", "coordinates": [ [ -79.9336013, 37.2822526 ], [ -79.933465, 37.282258 ] ] }, "id": "way/1121150065" }, { "type": "Feature", "properties": { "@id": "way/1121150067", "NHS": "STRAHNET", "expressway": "no", "hgv": "designated", "hgv:national_network": "yes", "highway": "trunk", "lanes": "3", "maxspeed": "35 mph", "name": "Orange Avenue Northeast", "oneway": "yes", "ref": "US 221;US 460;US 220 Alt", "sidewalk:left": "no", "sidewalk:right": "separate", "source:hgv:national_network": "Title 23: Highways Part 658 http://ecfr.gpoaccess.gov/cgi/t/text/text-idx?c=ecfr&rgn=div5&view=text&node=23:1.0.1.7.33&idno=23", "surface": "asphalt", "tiger:cfcc": "A25", "tiger:county": "Roanoke-City, VA", "tiger:name_base": "Orange", "tiger:name_direction_suffix": "NE", "tiger:name_type": "Ave" }, "geometry": { "type": "LineString", "coordinates": [ [ -79.9329421, 37.2822728 ], [ -79.9328187, 37.2822767 ], [ -79.9325772, 37.2822831 ], [ -79.9322005, 37.2822932 ], [ -79.9319598, 37.2822996 ], [ -79.9319058, 37.2823012 ], [ -79.931446, 37.2823144 ], [ -79.929676, 37.2823653 ], [ -79.9296098, 37.2823669 ], [ -79.9294858, 37.2823699 ] ] }, "id": "way/1121150067" }, { "type": "Feature", "properties": { "@id": "way/1134445988", "NHS": "yes", "expressway": "yes", "hgv": "yes", "highway": "trunk", "lanes": "2", "maxspeed": "55 mph", "name": "Cloverdale Road", "oneway": "yes", "ref": "US 220 Alternate", "surface": "asphalt", "tiger:cfcc": "A15", "tiger:county": "Botetourt, VA", "tiger:name_base": "Cloverdale", "tiger:name_base_1": "US Hwy 220 (Alt)", "tiger:name_type": "Rd", "tiger:reviewed": "no" }, "geometry": { "type": "LineString", "coordinates": [ [ -79.9025927, 37.387204 ], [ -79.9024352, 37.3871368 ], [ -79.9021299, 37.3870065 ], [ -79.9016479, 37.3867744 ], [ -79.9003477, 37.3861598 ] ] }, "id": "way/1134445988" }, { "type": "Feature", "properties": { "@id": "way/1134445990", "NHS": "yes", "expressway": "yes", "hgv": "yes", "highway": "trunk", "lanes": "2", "maxspeed": "55 mph", "name": "Cloverdale Road", "oneway": "yes", "ref": "US 220 Alternate", "surface": "asphalt", "tiger:cfcc": "A15", "tiger:county": "Botetourt, VA", "tiger:name_base": "Cloverdale", "tiger:name_base_1": "US Hwy 220 (Alt)", "tiger:name_type": "Rd", "tiger:reviewed": "no" }, "geometry": { "type": "LineString", "coordinates": [ [ -79.9025076, 37.387316 ], [ -79.9026163, 37.3873656 ] ] }, "id": "way/1134445990" }, { "type": "Feature", "properties": { "@id": "way/1134445994", "NHS": "yes", "expressway": "yes", "hgv": "yes", "highway": "trunk", "lanes": "2", "maxspeed": "55 mph", "name": "Cloverdale Road", "oneway": "yes", "ref": "US 220 Alternate", "surface": "asphalt", "tiger:cfcc": "A15", "tiger:county": "Botetourt, VA", "tiger:name_base": "Cloverdale", "tiger:name_base_1": "US Hwy 220 (Alt)", "tiger:name_type": "Rd", "tiger:reviewed": "no" }, "geometry": { "type": "LineString", "coordinates": [ [ -79.9026163, 37.3873656 ], [ -79.9027384, 37.3874167 ], [ -79.9028157, 37.387449 ] ] }, "id": "way/1134445994" }, { "type": "Feature", "properties": { "@id": "way/1283282674", "NHS": "STRAHNET", "hgv": "designated", "hgv:national_network": "yes", "highway": "trunk", "lanes": "2", "maxspeed": "40 mph", "name": "Orange Avenue Northeast", "oneway": "yes", "ref": "US 221;US 460;US 220 Alternate", "source:hgv:national_network": "Title 23: Highways Part 658 http://ecfr.gpoaccess.gov/cgi/t/text/text-idx?c=ecfr&rgn=div5&view=text&node=23:1.0.1.7.33&idno=23", "surface": "asphalt", "tiger:cfcc": "A25", "tiger:county": "Roanoke-City, VA", "tiger:name_base": "Orange", "tiger:name_direction_suffix": "NE", "tiger:name_type": "Ave" }, "geometry": { "type": "LineString", "coordinates": [ [ -79.893487, 37.301369 ], [ -79.893297, 37.301595 ], [ -79.89325, 37.301651 ] ] }, "id": "way/1283282674" }, { "type": "Feature", "properties": { "@id": "way/1283282675", "NHS": "STRAHNET", "hgv": "designated", "hgv:national_network": "yes", "highway": "trunk", "lanes": "2", "maxspeed": "40 mph", "name": "Orange Avenue Northeast", "oneway": "yes", "ref": "US 221;US 460;US 220 Alternate", "source:hgv:national_network": "Title 23: Highways Part 658 http://ecfr.gpoaccess.gov/cgi/t/text/text-idx?c=ecfr&rgn=div5&view=text&node=23:1.0.1.7.33&idno=23", "surface": "asphalt", "tiger:cfcc": "A25", "tiger:county": "Roanoke-City, VA", "tiger:name_base": "Orange", "tiger:name_direction_suffix": "NE", "tiger:name_type": "Ave" }, "geometry": { "type": "LineString", "coordinates": [ [ -79.89325, 37.301651 ], [ -79.892945, 37.302045 ], [ -79.892769, 37.302277 ], [ -79.892502, 37.302652 ], [ -79.891883, 37.3036359 ], [ -79.8916748, 37.3039161 ], [ -79.8910967, 37.3045457 ], [ -79.8902156, 37.3055078 ], [ -79.8898061, 37.305922 ], [ -79.8894988, 37.3062328 ], [ -79.889006, 37.3067312 ] ] }, "id": "way/1283282675" }, { "type": "Feature", "properties": { "@id": "way/1283282676", "NHS": "STRAHNET", "hgv": "designated", "hgv:national_network": "yes", "highway": "trunk", "lanes": "2", "maxspeed": "40 mph", "name": "Orange Avenue Northeast", "oneway": "yes", "ref": "US 221;US 460;US 220 Alternate", "source:hgv:national_network": "Title 23: Highways Part 658 http://ecfr.gpoaccess.gov/cgi/t/text/text-idx?c=ecfr&rgn=div5&view=text&node=23:1.0.1.7.33&idno=23", "surface": "asphalt", "tiger:cfcc": "A25", "tiger:county": "Roanoke-City, VA", "tiger:name_base": "Orange", "tiger:name_direction_suffix": "NE", "tiger:name_type": "Ave", "tiger:zip_left": "24012" }, "geometry": { "type": "LineString", "coordinates": [ [ -79.893644, 37.301445 ], [ -79.8940664, 37.3009666 ], [ -79.8942639, 37.3007447 ], [ -79.8946762, 37.3003202 ], [ -79.895122, 37.2999029 ], [ -79.8963825, 37.2988425 ], [ -79.897137, 37.298163 ], [ -79.897574, 37.297816 ], [ -79.8976343, 37.2977726 ], [ -79.897957, 37.29754 ], [ -79.898217, 37.297364 ], [ -79.898619, 37.297116 ], [ -79.899028, 37.296872 ], [ -79.8995336, 37.2965681 ], [ -79.8998332, 37.2963844 ], [ -79.9005705, 37.2959449 ], [ -79.90129, 37.295501 ], [ -79.9014464, 37.2954126 ], [ -79.902488, 37.294776 ], [ -79.903581, 37.294136 ], [ -79.9042451, 37.2937694 ], [ -79.90546, 37.293093 ], [ -79.9063373, 37.2926246 ] ] }, "id": "way/1283282676" }, { "type": "Feature", "properties": { "@id": "way/1356411786", "NHS": "STRAHNET", "expressway": "no", "hgv": "designated", "hgv:national_network": "yes", "highway": "trunk", "lanes": "3", "maxspeed": "35 mph", "name": "Orange Avenue Northeast", "oneway": "yes", "ref": "US 221;US 460;US 220 Alt", "source:hgv:national_network": "Title 23: Highways Part 658 http://ecfr.gpoaccess.gov/cgi/t/text/text-idx?c=ecfr&rgn=div5&view=text&node=23:1.0.1.7.33&idno=23", "surface": "asphalt", "tiger:cfcc": "A25", "tiger:county": "Roanoke-City, VA", "tiger:name_base": "Orange", "tiger:name_direction_suffix": "NE", "tiger:name_type": "Ave" }, "geometry": { "type": "LineString", "coordinates": [ [ -79.9294858, 37.2823699 ], [ -79.9293873, 37.2823745 ] ] }, "id": "way/1356411786" }, { "type": "Feature", "properties": { "@id": "way/1380074872", "highway": "primary", "lanes": "2", "maxspeed": "55 mph", "oneway": "no", "ref": "US 220 ALT;US 220 BUS", "surface": "asphalt", "tiger:cfcc": "A21", "tiger:county": "Randolph, NC", "tiger:name_base": "United States Highway 220 Bus", "tiger:name_direction_suffix": "S", "tiger:reviewed": "no", "tiger:zip_left": "27205", "tiger:zip_right": "27205", "unsigned_ref": "SR 1138" }, "geometry": { "type": "LineString", "coordinates": [ [ -79.826046, 35.6199602 ], [ -79.8257714, 35.6202785 ] ] }, "id": "way/1380074872" }, { "type": "Feature", "properties": { "@id": "way/1426844492", "NHS": "STRAHNET", "hgv": "designated", "hgv:national_network": "yes", "highway": "trunk", "lanes": "2", "maxspeed": "40 mph", "name": "Orange Avenue Northeast", "oneway": "yes", "ref": "US 221;US 460;US 220 Alternate", "source:hgv:national_network": "Title 23: Highways Part 658 http://ecfr.gpoaccess.gov/cgi/t/text/text-idx?c=ecfr&rgn=div5&view=text&node=23:1.0.1.7.33&idno=23", "surface": "asphalt", "tiger:cfcc": "A25", "tiger:county": "Roanoke-City, VA", "tiger:name_base": "Orange", "tiger:name_direction_suffix": "NE", "tiger:name_type": "Ave" }, "geometry": { "type": "LineString", "coordinates": [ [ -79.9070967, 37.2920691 ], [ -79.9070134, 37.2921142 ], [ -79.9062505, 37.2925278 ] ] }, "id": "way/1426844492" }, { "type": "Feature", "properties": { "@id": "way/1426844493", "NHS": "STRAHNET", "hgv": "designated", "hgv:national_network": "yes", "highway": "trunk", "lanes": "2", "maxspeed": "40 mph", "name": "Orange Avenue Northeast", "oneway": "yes", "ref": "US 221;US 460;US 220 Alternate", "source:hgv:national_network": "Title 23: Highways Part 658 http://ecfr.gpoaccess.gov/cgi/t/text/text-idx?c=ecfr&rgn=div5&view=text&node=23:1.0.1.7.33&idno=23", "surface": "asphalt", "tiger:cfcc": "A25", "tiger:county": "Roanoke-City, VA", "tiger:name_base": "Orange", "tiger:name_direction_suffix": "NE", "tiger:name_type": "Ave", "tiger:zip_left": "24012" }, "geometry": { "type": "LineString", "coordinates": [ [ -79.9063373, 37.2926246 ], [ -79.9071813, 37.2921673 ] ] }, "id": "way/1426844493" }, { "type": "Feature", "properties": { "@id": "way/1453014350", "destination": "Orange Avenue", "destination:ref": "US 460 East", "highway": "motorway_link", "lanes": "1", "maxspeed:advisory": "35 mph", "oneway": "yes", "ref": "US 220 Alternate", "start_date": "1968", "surface": "asphalt", "turn:lanes": "right" }, "geometry": { "type": "LineString", "coordinates": [ [ -79.9367272, 37.281825 ], [ -79.9365348, 37.2821123 ], [ -79.9365253, 37.2821265 ], [ -79.9364906, 37.2821784 ] ] }, "id": "way/1453014350" }, { "type": "Feature", "properties": { "@id": "way/1453025489", "NHS": "STRAHNET", "expressway": "no", "hgv": "designated", "hgv:national_network": "yes", "highway": "trunk", "lanes": "4", "maxspeed": "35 mph", "name": "Orange Avenue Northeast", "oneway": "yes", "ref": "US 221;US 460;US 220 Alt", "sidewalk:left": "no", "sidewalk:right": "separate", "source:hgv:national_network": "Title 23: Highways Part 658 http://ecfr.gpoaccess.gov/cgi/t/text/text-idx?c=ecfr&rgn=div5&view=text&node=23:1.0.1.7.33&idno=23", "surface": "asphalt", "tiger:cfcc": "A25", "tiger:county": "Roanoke-City, VA", "tiger:name_base": "Orange", "tiger:name_direction_suffix": "NE", "tiger:name_type": "Ave", "tiger:zip_left": "24012", "turn:lanes": "left|none|none|none" }, "geometry": { "type": "LineString", "coordinates": [ [ -79.9287942, 37.2825233 ], [ -79.9294902, 37.282517 ] ] }, "id": "way/1453025489" }, { "type": "Feature", "properties": { "@id": "way/1490225481", "NHS": "STRAHNET", "hgv": "designated", "hgv:national_network": "yes", "highway": "trunk", "lanes": "2", "maxspeed": "45 mph", "name": "Challenger Avenue Northeast", "oneway": "yes", "ref": "US 221;US 460;US 220 Alternate", "source:hgv:national_network": "Title 23: Highways Part 658 http://ecfr.gpoaccess.gov/cgi/t/text/text-idx?c=ecfr&rgn=div5&view=text&node=23:1.0.1.7.33&idno=23", "surface": "asphalt", "tiger:cfcc": "A25", "tiger:county": "Roanoke, VA", "tiger:name_base": "Challenger", "tiger:name_direction_suffix": "NE", "tiger:name_type": "Ave", "tiger:reviewed": "no" }, "geometry": { "type": "LineString", "coordinates": [ [ -79.8881583, 37.3076013 ], [ -79.8878745, 37.3079017 ] ] }, "id": "way/1490225481" }, { "type": "Feature", "properties": { "@id": "way/1490225482", "NHS": "STRAHNET", "hgv": "designated", "hgv:national_network": "yes", "highway": "trunk", "lanes": "2", "maxspeed": "45 mph", "name": "Challenger Avenue Northeast", "oneway": "yes", "ref": "US 221;US 460;US 220 Alternate", "source:hgv:national_network": "Title 23: Highways Part 658 http://ecfr.gpoaccess.gov/cgi/t/text/text-idx?c=ecfr&rgn=div5&view=text&node=23:1.0.1.7.33&idno=23", "surface": "asphalt", "tiger:cfcc": "A25", "tiger:county": "Roanoke, VA", "tiger:name_base": "Challenger", "tiger:name_direction_suffix": "NE", "tiger:name_type": "Ave" }, "geometry": { "type": "LineString", "coordinates": [ [ -79.8881176, 37.3079524 ], [ -79.8883759, 37.3076822 ] ] }, "id": "way/1490225482" }, { "type": "Feature", "properties": { "@id": "way/1518045221", "highway": "primary", "lanes": "2", "maxspeed": "55 mph", "oneway": "no", "ref": "US 220 ALT;US 220 BUS", "surface": "asphalt", "tiger:cfcc": "A21", "tiger:county": "Randolph, NC", "tiger:name_base": "United States Highway 220 Bus", "tiger:name_direction_suffix": "S", "tiger:reviewed": "no", "tiger:zip_left": "27205", "tiger:zip_right": "27205" }, "geometry": { "type": "LineString", "coordinates": [ [ -79.8250846, 35.621167 ], [ -79.8249496, 35.6214528 ] ] }, "id": "way/1518045221" }, { "type": "Feature", "properties": { "@id": "way/1518488293", "NHS": "STRAHNET", "expressway": "no", "hgv": "designated", "hgv:national_network": "yes", "highway": "trunk", "lanes": "3", "maxspeed": "35 mph", "name": "Orange Avenue Northeast", "oneway": "yes", "ref": "US 460;US 220 Alt;VA 116", "sidewalk:left": "no", "sidewalk:right": "separate", "source:hgv:national_network": "Title 23: Highways Part 658 http://ecfr.gpoaccess.gov/cgi/t/text/text-idx?c=ecfr&rgn=div5&view=text&node=23:1.0.1.7.33&idno=23", "surface": "asphalt", "tiger:cfcc": "A25", "tiger:county": "Roanoke-City, VA", "tiger:name_base": "Orange", "tiger:name_direction_suffix": "NE", "tiger:name_type": "Ave", "tiger:reviewed": "no", "tiger:zip_left": "24012" }, "geometry": { "type": "LineString", "coordinates": [ [ -79.9334977, 37.2823996 ], [ -79.9337375, 37.2823922 ], [ -79.9338742, 37.2823878 ] ] }, "id": "way/1518488293" },


{"type":"Feature","properties":{"@id":"relation/1943874","fixme":"verify route (with downtown streets now two-way)","is_in:state":"MI","modifier":"Business","name":"US 223 Business (Adrian, MI)","network":"US:US:Business","ref":"US 223 BUS","route":"road","type":"route","stroke":"#00cc00","stroke-width":3,"stroke-opacity":1},"geometry":{"type":"LineString","coordinates":[[-84.0731362,41.9045935],[-84.0730395,41.9045538],[-84.0729993,41.9045478],[-84.0729617,41.9045478],[-84.0729242,41.9045598],[-84.0728974,41.9045818],[-84.0728625,41.9046137],[-84.0728518,41.9046437],[-84.0728464,41.9046796],[-84.0728518,41.9047195],[-84.0728695,41.904785],[-84.0730508,41.9049647],[-84.0731748,41.9050632],[-84.0732412,41.9051054],[-84.0732837,41.905174],[-84.0732971,41.905204],[-84.0733051,41.9052419],[-84.0733051,41.9052778],[-84.0732998,41.9053118],[-84.0732837,41.9053357],[-84.0732622,41.9053477],[-84.0732193,41.905365],[-84.0731495,41.9053785],[-84.0729621,41.9054147],[-84.0726937,41.9054498],[-84.071996,41.9055361],[-84.0719,41.905548],[-84.071656,41.905545],[-84.0714705,41.905546],[-84.0709891,41.9055486],[-84.0703099,41.9055513],[-84.070122,41.905552],[-84.069813,41.905549],[-84.0697261,41.9055494],[-84.0696932,41.9055495],[-84.069255,41.905548],[-84.0692333,41.9055476],[-84.069019,41.905544],[-84.068712,41.905524],[-84.0684118,41.9054984],[-84.0683954,41.9054968],[-84.068029,41.905446],[-84.0679012,41.9054246],[-84.0678577,41.9054173],[-84.067802,41.905408],[-84.067549,41.905351],[-84.0675175,41.9053442],[-84.0672511,41.9052874],[-84.067143,41.905263],[-84.066792,41.905161],[-84.066418,41.90503],[-84.0663056,41.9049876],[-84.0661742,41.904938],[-84.065999,41.904869],[-84.0656505,41.9047125],[-84.065429,41.904613],[-84.0652635,41.9045306],[-84.0652027,41.9045004],[-84.0648982,41.9043489],[-84.064601,41.9042061],[-84.064145,41.903987],[-84.0641171,41.9039741],[-84.0633944,41.9036407],[-84.0633138,41.9036028],[-84.0628805,41.9033989],[-84.0625178,41.9032283],[-84.062175,41.903067],[-84.0617401,41.9028679],[-84.0611376,41.9025919],[-84.060784,41.90243],[-84.060378,41.902224],[-84.0602914,41.9021808],[-84.0588546,41.9014623],[-84.0584981,41.9012863],[-84.0573369,41.9007376],[-84.056842,41.9005038],[-84.0559675,41.9000906],[-84.055533,41.899908],[-84.055426,41.899892],[-84.055242,41.89986],[-84.055006,41.899847],[-84.053634,41.899859],[-84.0528386,41.8998777],[-84.0522945,41.8998905],[-84.050522,41.899932],[-84.050275,41.899944],[-84.049912,41.8999505],[-84.0495924,41.8999562],[-84.0495572,41.8999568],[-84.0493124,41.8999611],[-84.048871,41.899969],[-84.047615,41.8999916],[-84.0467419,41.9000074],[-84.0461504,41.900018],[-84.0459473,41.9000217],[-84.045542,41.900029],[-84.0453772,41.9000287],[-84.0451358,41.9000284],[-84.044888,41.900028],[-84.044585,41.900023],[-84.044384,41.8999898],[-84.044016,41.899929],[-84.043361,41.899809],[-84.0430299,41.8997452],[-84.042878,41.899716],[-84.0425631,41.8996622],[-84.042234,41.899606],[-84.0421413,41.8995937],[-84.0418714,41.8995548],[-84.041593,41.899578],[-84.041297,41.89962],[-84.0412277,41.8995003],[-84.0411004,41.8992805],[-84.0409625,41.8990357],[-84.0407672,41.8986527],[-84.0406975,41.8985726],[-84.040559,41.898478],[-84.0404196,41.8984202],[-84.0385612,41.8978792],[-84.0380271,41.8977067],[-84.0373872,41.8975001],[-84.0380143,41.8970286],[-84.0388122,41.8964286],[-84.0390469,41.89624],[-84.0391786,41.896132],[-84.0393394,41.8959882],[-84.0393684,41.8959611],[-84.0394284,41.8958889],[-84.0395899,41.895643],[-84.039833,41.895289],[-84.040255,41.894612],[-84.041125,41.89321],[-84.041417,41.892735],[-84.041699,41.892269],[-84.042463,41.89108],[-84.042724,41.890664],[-84.0429694,41.8902767],[-84.043045,41.890156],[-84.043116,41.890035],[-84.043181,41.889904],[-84.0431837,41.8898973],[-84.04324,41.889759],[-84.043292,41.889637],[-84.043356,41.889438],[-84.043408,41.889313],[-84.043458,41.889127],[-84.043486,41.888912],[-84.043499,41.8887429],[-84.043505,41.888665],[-84.0435042,41.8884383],[-84.0434985,41.8880434],[-84.0434866,41.8878604],[-84.043483,41.887805],[-84.0434748,41.8874659],[-84.0434601,41.8867786],[-84.0434467,41.886155],[-84.0434277,41.8857383],[-84.0434147,41.8853641],[-84.0434076,41.8851591],[-84.0433748,41.8842142],[-84.0433673,41.8839302],[-84.043357,41.8835412],[-84.043344,41.8830496],[-84.0433372,41.8827949],[-84.0433312,41.8825687],[-84.0433277,41.8824367],[-84.0433199,41.8821404],[-84.043307,41.881828],[-84.0432923,41.8813871],[-84.0432762,41.8809043],[-84.0432584,41.8803681],[-84.0432441,41.8797835],[-84.0432371,41.8795209],[-84.0432362,41.8794864],[-84.0432321,41.8793227],[-84.0432261,41.8791878],[-84.04321,41.878828],[-84.0432096,41.8788071],[-84.0432081,41.8787197],[-84.0431983,41.878136],[-84.0431875,41.8776934],[-84.0431823,41.8774871],[-84.0431782,41.8773122],[-84.0431674,41.8768714],[-84.0431632,41.8766991],[-84.043161,41.8766092],[-84.0431543,41.8764249],[-84.0431487,41.8762711],[-84.0431409,41.8760566],[-84.0431317,41.8758031],[-84.043128,41.8757021],[-84.043125,41.8756193],[-84.0430982,41.8748813]],"bbox":[-84.0733051,41.8748813,-84.0373872,41.905552]},
"id":1,"bbox":[-84.0733051,41.8748813,-84.0373872,41.905552]},


 

{"type":"Feature","properties":{"@id":"relation/1943874","fixme":"verify route (with downtown streets now two-way)","is_in:state":"MI","modifier":"Business","name":"US 223 Business (Adrian, MI)","network":"US:US:Business","ref":"US 223 BUS","route":"road","type":"route","stroke":"#77bb41","stroke-width":3,"stroke-opacity":1},"geometry":{"type":"LineString",
"coordinates":[[-84.0719,41.905548],[-84.0719949,41.9055489],[-84.072787,41.905556],[-84.073009,41.905551],[-84.073149,41.905545],[-84.07329,41.905524],[-84.073388,41.905499],[-84.073607,41.905415],[-84.0736919,41.9053833]],
"bbox":[-84.0736919,41.9053833,-84.0719,41.905556]},"id":1,"bbox":[-84.0736919,41.9053833,-84.0719,41.905556]}

]}