{ "type": "FeatureCollection", "generator": "overpass-turbo", "copyright": "The data included in this document is from www.openstreetmap.org. The data is made available under ODbL.",
 "features": [ 
 
 { "type": "Feature", "properties": { "ref": "US 1;US 23;US 82;US 84;4;GA 38;520", "@id": "way/52024761", "HFCS": "Principal Arterial - Other", "NHS": "STRAHNET", "gdot:grip": "South Georgia Parkway;US 1/SR 17;US 84", "hgv": "designated", "hgv:national_network": "yes", "highway": "trunk", "lanes": "5", "lanes:backward": "3", "lanes:forward": "2", "maxspeed": "35 mph", "name": "South Georgia Parkway West", "name_1": "Francis Street", "rcn_ref": "10", "sidewalk:left": "no", "sidewalk:right": "separate", "start_date": "1981", "surface": "asphalt", "turn:lanes:backward": "left|through|through" }, "geometry": { "type": "LineString", "coordinates": [ [ -82.364138, 31.208986 ], [ -82.3642687, 31.2089908 ], [ -82.3643331, 31.2089914 ], [ -82.3646425, 31.2090022 ] ] }, "id": "way/52024761" }, { "type": "Feature", "properties": { "@id": "way/52099118", "HFCS": "Principal Arterial - Other", "NHS": "STRAHNET", "bridge": "yes", "expressway": "no", "gdot:grip": "South Georgia Parkway;US 1/SR 17;US 84", "hgv": "designated", "hgv:national_network": "yes", "highway": "trunk", "lanes": "5", "lanes:backward": "2", "lanes:both_ways": "1", "lanes:forward": "2", "layer": "1", "maxspeed": "35 mph", "name": "South Georgia Parkway West", "name_1": "Francis Street", "rcn_ref": "10", "ref": "US 1;US 23;US 82;US 84;GA 4;GA 38;GA 520", "start_date": "1981", "surface": "concrete", "turn:lanes:both_ways": "left" }, "geometry": { "type": "LineString", "coordinates": [ [ -82.3674534, 31.2089115 ], [ -82.3680169, 31.2088229 ] ] }, "id": "way/52099118" }, { "type": "Feature", "properties": { "@id": "way/52099119", "HFCS": "Principal Arterial - Other", "NHS": "STRAHNET", "expressway": "no", "gdot:grip": "South Georgia Parkway;US 1/SR 17;US 84", "hgv": "designated", "hgv:national_network": "yes", "highway": "trunk", "lanes": "5", "lanes:backward": "2", "lanes:both_ways": "1", "lanes:forward": "2", "maxspeed": "35 mph", "name": "South Georgia Parkway West", "name_1": "Francis Street", "rcn_ref": "10", "ref": "US 1;US 23;US 82;US 84;GA 4;GA 38;GA 520", "start_date": "1981", "surface": "asphalt", "turn:lanes:both_ways": "left" }, "geometry": { "type": "LineString", "coordinates": [ [ -82.3680169, 31.2088229 ], [ -82.3682018, 31.2087964 ], [ -82.3683873, 31.2087728 ], [ -82.3685733, 31.2087523 ], [ -82.368832, 31.2087287 ], [ -82.3690913, 31.2087111 ], [ -82.3693511, 31.2086992 ], [ -82.3696336, 31.2086953 ], [ -82.3715745, 31.2086896 ], [ -82.3724409, 31.2086951 ], [ -82.3725389, 31.2086952 ], [ -82.3730648, 31.2086944 ] ] }, "id": "way/52099119" }, { "type": "Feature", "properties": { "@id": "way/214605158", "HFCS": "Principal Arterial - Other", "NHS": "STRAHNET", "gdot:grip": "South Georgia Parkway;US 1/SR 17;US 84", "hgv": "designated", "hgv:national_network": "yes", "highway": "trunk", "lanes": "6", "lanes:backward": "3", "lanes:forward": "3", "maxspeed": "45 mph", "name": "South Georgia Parkway West", "name_1": "Francis Street", "placement:forward": "middle_of:1", "rcn_ref": "10", "ref": "US 1;US 23;US 82;US 84;GA 4;GA 38;GA 520", "source:hgv:national_network": "Title 23: Highways Part 658 http://ecfr.gpoaccess.gov/cgi/t/text/text-idx?c=ecfr&rgn=div5&view=text&node=23:1.0.1.7.33&idno=23", "surface": "asphalt", "tiger:cfcc": "A21", "tiger:county": "Ware, GA", "tiger:name_base": "Georgia", "tiger:name_base_1": "Francis", "tiger:name_base_2": "State Route 520", "tiger:name_base_3": "State Route 714", "tiger:name_direction_prefix": "S", "tiger:name_direction_suffix": "W", "tiger:name_type": "Pky", "tiger:name_type_1": "St", "turn:lanes:backward": "||right", "turn:lanes:forward": "left||" }, "geometry": { "type": "LineString", "coordinates": [ [ -82.3825203, 31.208731 ], [ -82.3828062, 31.2087352 ], [ -82.3831296, 31.2087405 ] ] }, "id": "way/214605158" }, { "type": "Feature", "properties": { "@id": "way/214605161", "HFCS": "Principal Arterial - Other", "NHS": "STRAHNET", "expressway": "no", "gdot:grip": "South Georgia Parkway;US 1/SR 17;US 84", "hgv": "designated", "hgv:national_network": "yes", "highway": "trunk", "lanes": "5", "lanes:backward": "2", "lanes:both_ways": "1", "lanes:forward": "2", "maxspeed": "35 mph", "name": "South Georgia Parkway West", "name_1": "Francis Street", "rcn_ref": "10", "ref": "US 1;US 23;US 82;US 84;GA 4;GA 38;GA 520", "sidewalk:both": "separate", "start_date": "1981", "surface": "asphalt", "turn:lanes:both_ways": "left" }, "geometry": { "type": "LineString", "coordinates": [ [ -82.3648978, 31.2090104 ], [ -82.365206, 31.2090203 ], [ -82.3654772, 31.209029 ] ] }, "id": "way/214605161" }, { "type": "Feature", "properties": { "@id": "way/214605164", "HFCS": "Principal Arterial - Other", "NHS": "STRAHNET", "expressway": "no", "gdot:grip": "South Georgia Parkway;US 1/SR 17;US 84", "hgv": "designated", "hgv:national_network": "yes", "highway": "trunk", "lanes": "5", "lanes:backward": "3", "lanes:forward": "2", "maxspeed": "35 mph", "name": "South Georgia Parkway West", "name_1": "Francis Street", "rcn_ref": "10", "ref": "US 1;US 23;US 82;US 84;GA 4;GA 38;GA 520", "sidewalk:both": "separate", "start_date": "1981", "surface": "asphalt", "turn:lanes:backward": "left||" }, "geometry": { "type": "LineString", "coordinates": [ [ -82.3646425, 31.2090022 ], [ -82.3648978, 31.2090104 ] ] }, "id": "way/214605164" }, { "type": "Feature", "properties": { "@id": "way/214605166", "HFCS": "Principal Arterial - Other", "NHS": "STRAHNET", "expressway": "no", "gdot:grip": "South Georgia Parkway;US 1/SR 17;US 84", "hgv": "designated", "hgv:national_network": "yes", "highway": "trunk", "lanes": "5", "lanes:backward": "2", "lanes:both_ways": "1", "lanes:forward": "2", "maxspeed": "35 mph", "name": "South Georgia Parkway West", "name_1": "Francis Street", "rcn_ref": "10", "ref": "US 1;US 23;US 82;US 84;GA 4;GA 38;GA 520", "start_date": "1981", "surface": "asphalt", "turn:lanes:both_ways": "left" }, "geometry": { "type": "LineString", "coordinates": [ [ -82.3665036, 31.2090436 ], [ -82.3667363, 31.2090144 ], [ -82.3674534, 31.2089115 ] ] }, "id": "way/214605166" }, { "type": "Feature", "properties": { "@id": "way/214605172", "HFCS": "Principal Arterial - Other", "NHS": "STRAHNET", "dual_carriageway": "yes", "expressway": "no", "gdot:grip": "South Georgia Parkway;US 1/SR 17;US 84", "hgv": "designated", "hgv:national_network": "yes", "highway": "trunk", "lanes": "2", "maxspeed": "35 mph", "name": "South Georgia Parkway West", "name_1": "Francis Street", "oneway": "yes", "rcn_ref": "10", "ref": "US 1;US 23;US 82;US 84;GA 4;GA 38;GA 520", "sidewalk:left": "no", "sidewalk:right": "separate", "start_date": "1981", "surface": "asphalt" }, "geometry": { "type": "LineString", "coordinates": [ [ -82.3654772, 31.209029 ], [ -82.3657409, 31.2090917 ], [ -82.3659735, 31.2091002 ], [ -82.3662333, 31.2091045 ], [ -82.3665036, 31.2090436 ] ] }, "id": "way/214605172" }, { "type": "Feature", "properties": { "@id": "way/214605175", "HFCS": "Principal Arterial - Other", "NHS": "STRAHNET", "dual_carriageway": "yes", "expressway": "no", "gdot:grip": "South Georgia Parkway;US 1/SR 17;US 84", "hgv": "designated", "hgv:national_network": "yes", "highway": "trunk", "lanes": "2", "maxspeed": "35 mph", "name": "South Georgia Parkway West", "name_1": "Francis Street", "oneway": "yes", "rcn_ref": "10", "ref": "US 1;US 23;US 82;US 84;GA 4;GA 38;GA 520", "sidewalk:left": "no", "sidewalk:right": "separate", "start_date": "1981", "surface": "asphalt" }, "geometry": { "type": "LineString", "coordinates": [ [ -82.3665036, 31.2090436 ], [ -82.3662442, 31.2089991 ], [ -82.3659728, 31.2089948 ], [ -82.3657396, 31.2089884 ], [ -82.3654772, 31.209029 ] ] }, "id": "way/214605175" }, { "type": "Feature", "properties": { "@id": "way/214605177", "HFCS": "Principal Arterial - Other", "NHS": "STRAHNET", "gdot:grip": "South Georgia Parkway;US 1/SR 17;US 84", "hgv": "designated", "hgv:national_network": "yes", "highway": "trunk", "lanes": "5", "lanes:backward": "2", "lanes:forward": "3", "maxspeed": "45 mph", "name": "South Georgia Parkway West", "name_1": "Francis Street", "rcn_ref": "10", "ref": "US 1;US 23;US 82;US 84;4;GA 38;520", "source:hgv:national_network": "Title 23: Highways Part 658 http://ecfr.gpoaccess.gov/cgi/t/text/text-idx?c=ecfr&rgn=div5&view=text&node=23:1.0.1.7.33&idno=23", "surface": "asphalt", "tiger:cfcc": "A21", "tiger:county": "Ware, GA", "tiger:name_base": "Georgia", "tiger:name_base_1": "Francis", "tiger:name_base_2": "State Route 520", "tiger:name_base_3": "State Route 714", "tiger:name_direction_prefix": "S", "tiger:name_direction_suffix": "W", "tiger:name_type": "Pky", "tiger:name_type_1": "St", "turn:lanes:forward": "left|through|through" }, "geometry": { "type": "LineString", "coordinates": [ [ -82.3834771, 31.2087463 ], [ -82.3837032, 31.2087476 ], [ -82.383819, 31.2087495 ] ] }, "id": "way/214605177" }, { "type": "Feature", "properties": { "@id": "way/1173805578", "HFCS": "Principal Arterial - Other", "NHS": "STRAHNET", "gdot:grip": "South Georgia Parkway;US 1/SR 17;US 84", "hgv": "designated", "hgv:national_network": "yes", "highway": "trunk", "lanes": "5", "lanes:backward": "2", "lanes:both_ways": "1", "lanes:forward": "2", "maxspeed": "45 mph", "name": "South Georgia Parkway West", "name_1": "Francis Street", "rcn_ref": "10", "ref": "US 1;US 23;US 82;US 84;GA 4;GA 38;GA 520", "surface": "asphalt", "turn:lanes:both_ways": "left" }, "geometry": { "type": "LineString", "coordinates": [ [ -82.3730648, 31.2086944 ], [ -82.3734165, 31.208693 ], [ -82.3737816, 31.2086925 ], [ -82.3742048, 31.2086919 ] ] }, "id": "way/1173805578" }, { "type": "Feature", "properties": { "@id": "way/1173805579", "HFCS": "Principal Arterial - Other", "NHS": "STRAHNET", "expressway": "no", "gdot:grip": "South Georgia Parkway;US 1/SR 17;US 84", "hgv": "designated", "hgv:national_network": "yes", "highway": "trunk", "lanes": "5", "lanes:backward": "2", "lanes:both_ways": "1", "lanes:forward": "2", "maxspeed": "45 mph", "name": "South Georgia Parkway West", "name_1": "Francis Street", "rcn_ref": "10", "ref": "US 1;US 23;US 82;US 84;GA 4;GA 38;GA 520", "surface": "asphalt", "turn:lanes:both_ways": "left" }, "geometry": { "type": "LineString", "coordinates": [ [ -82.3748841, 31.208691 ], [ -82.375695, 31.208689 ], [ -82.3763386, 31.2086874 ], [ -82.376964, 31.208688 ], [ -82.3780044, 31.2086865 ], [ -82.3784702, 31.208687 ] ] }, "id": "way/1173805579" }, { "type": "Feature", "properties": { "@id": "way/1173805580", "HFCS": "Principal Arterial - Other", "NHS": "STRAHNET", "expressway": "no", "gdot:grip": "South Georgia Parkway;US 1/SR 17;US 84", "hgv": "designated", "hgv:national_network": "yes", "highway": "trunk", "lanes": "5", "lanes:backward": "2", "lanes:forward": "3", "maxspeed": "45 mph", "name": "South Georgia Parkway West", "name_1": "Francis Street", "rcn_ref": "10", "ref": "US 1;US 23;US 82;US 84;GA 4;GA 38;GA 520", "surface": "asphalt", "turn:lanes:forward": "left||" }, "geometry": { "type": "LineString", "coordinates": [ [ -82.3742048, 31.2086919 ], [ -82.3748841, 31.208691 ] ] }, "id": "way/1173805580" }, { "type": "Feature", "properties": { "@id": "way/1173805582", "HFCS": "Principal Arterial - Other", "NHS": "STRAHNET", "gdot:grip": "South Georgia Parkway;US 1/SR 17;US 84", "hgv": "designated", "hgv:national_network": "yes", "highway": "trunk", "lanes": "5", "lanes:backward": "2", "lanes:both_ways": "1", "lanes:forward": "2", "maxspeed": "45 mph", "name": "South Georgia Parkway West", "name_1": "Francis Street", "rcn_ref": "10", "ref": "US 1;US 23;US 82;US 84;GA 4;GA 38;GA 520", "surface": "asphalt", "turn:lanes:both_ways": "left" }, "geometry": { "type": "LineString", "coordinates": [ [ -82.3791274, 31.2086942 ], [ -82.3796486, 31.2086977 ] ] }, "id": "way/1173805582" }, { "type": "Feature", "properties": { "@id": "way/1173805583", "HFCS": "Principal Arterial - Other", "NHS": "STRAHNET", "gdot:grip": "South Georgia Parkway;US 1/SR 17;US 84", "hgv": "designated", "hgv:national_network": "yes", "highway": "trunk", "lanes": "6", "lanes:backward": "2", "lanes:both_ways": "1", "lanes:forward": "3", "maxspeed": "45 mph", "name": "South Georgia Parkway West", "name_1": "Francis Street", "placement:both_ways": "middle_of:1", "rcn_ref": "10", "ref": "US 1;US 23;US 82;US 84;GA 4;GA 38;GA 520", "surface": "asphalt", "turn:lanes:both_ways": "left", "turn:lanes:forward": "||right" }, "geometry": { "type": "LineString", "coordinates": [ [ -82.3784702, 31.208687 ], [ -82.3791274, 31.2086942 ] ] }, "id": "way/1173805583" }, { "type": "Feature", "properties": { "@id": "way/1173805584", "HFCS": "Principal Arterial - Other", "NHS": "STRAHNET", "gdot:grip": "South Georgia Parkway;US 1/SR 17;US 84", "hgv": "designated", "hgv:national_network": "yes", "highway": "trunk", "lanes": "6", "lanes:backward": "2", "lanes:both_ways": "1", "lanes:forward": "3", "maxspeed": "45 mph", "name": "South Georgia Parkway West", "name_1": "Francis Street", "placement:both_ways": "middle_of:1", "rcn_ref": "10", "ref": "US 1;US 23;US 82;US 84;GA 4;GA 38;GA 520", "surface": "asphalt", "turn:lanes:both_ways": "left", "turn:lanes:forward": "||right" }, "geometry": { "type": "LineString", "coordinates": [ [ -82.3796486, 31.2086977 ], [ -82.3800347, 31.2087004 ] ] }, "id": "way/1173805584" }, { "type": "Feature", "properties": { "@id": "way/1173805586", "HFCS": "Principal Arterial - Other", "NHS": "STRAHNET", "gdot:grip": "South Georgia Parkway;US 1/SR 17;US 84", "hgv": "designated", "hgv:national_network": "yes", "highway": "trunk", "lanes": "5", "lanes:backward": "2", "lanes:both_ways": "1", "lanes:forward": "2", "maxspeed": "45 mph", "name": "South Georgia Parkway West", "name_1": "Francis Street", "rcn_ref": "10", "ref": "US 1;US 23;US 82;US 84;GA 4;GA 38;GA 520", "surface": "asphalt", "turn:lanes:both_ways": "left" }, "geometry": { "type": "LineString", "coordinates": [ [ -82.3804633, 31.2087051 ], [ -82.3806256, 31.2087069 ] ] }, "id": "way/1173805586" }, { "type": "Feature", "properties": { "@id": "way/1173805587", "HFCS": "Principal Arterial - Other", "NHS": "STRAHNET", "gdot:grip": "South Georgia Parkway;US 1/SR 17;US 84", "hgv": "designated", "hgv:national_network": "yes", "highway": "trunk", "lanes": "5", "lanes:backward": "2", "lanes:both_ways": "1", "lanes:forward": "2", "maxspeed": "45 mph", "name": "South Georgia Parkway West", "name_1": "Francis Street", "rcn_ref": "10", "ref": "US 1;US 23;US 82;US 84;GA 4;GA 38;GA 520", "surface": "asphalt", "turn:lanes:both_ways": "left" }, "geometry": { "type": "LineString", "coordinates": [ [ -82.3800347, 31.2087004 ], [ -82.3804211, 31.2087046 ], [ -82.3804633, 31.2087051 ] ] }, "id": "way/1173805587" }, { "type": "Feature", "properties": { "@id": "way/1173805588", "HFCS": "Principal Arterial - Other", "NHS": "STRAHNET", "gdot:grip": "South Georgia Parkway;US 1/SR 17;US 84", "hgv": "designated", "hgv:national_network": "yes", "highway": "trunk", "lanes": "5", "lanes:backward": "2", "lanes:both_ways": "1", "lanes:forward": "2", "maxspeed": "45 mph", "name": "South Georgia Parkway West", "name_1": "Francis Street", "rcn_ref": "10", "ref": "US 1;US 23;US 82;US 84;GA 4;GA 38;GA 520", "surface": "asphalt", "turn:lanes:both_ways": "left" }, "geometry": { "type": "LineString", "coordinates": [ [ -82.3806256, 31.2087069 ], [ -82.3806902, 31.2087076 ], [ -82.3808547, 31.2087094 ] ] }, "id": "way/1173805588" }, { "type": "Feature", "properties": { "@id": "way/1173805592", "HFCS": "Principal Arterial - Other", "NHS": "STRAHNET", "gdot:grip": "South Georgia Parkway;US 1/SR 17;US 84", "hgv": "designated", "hgv:national_network": "yes", "highway": "trunk", "lanes": "5", "lanes:backward": "2", "lanes:both_ways": "1", "lanes:forward": "2", "maxspeed": "45 mph", "name": "South Georgia Parkway West", "name_1": "Francis Street", "rcn_ref": "10", "ref": "US 1;US 23;US 82;US 84;GA 4;GA 38;GA 520", "surface": "asphalt", "turn:lanes:both_ways": "left" }, "geometry": { "type": "LineString", "coordinates": [ [ -82.3819128, 31.208723 ], [ -82.3821107, 31.2087256 ] ] }, "id": "way/1173805592" }, { "type": "Feature", "properties": { "@id": "way/1173805593", "HFCS": "Principal Arterial - Other", "NHS": "STRAHNET", "gdot:grip": "South Georgia Parkway;US 1/SR 17;US 84", "hgv": "designated", "hgv:national_network": "yes", "highway": "trunk", "lanes": "6", "lanes:backward": "2", "lanes:both_ways": "1", "lanes:forward": "3", "maxspeed": "45 mph", "name": "South Georgia Parkway West", "name_1": "Francis Street", "placement:both_ways": "middle_of:1", "rcn_ref": "10", "ref": "US 1;US 23;US 82;US 84;GA 4;GA 38;GA 520", "surface": "asphalt", "turn:lanes:both_ways": "left", "turn:lanes:forward": "||right" }, "geometry": { "type": "LineString", "coordinates": [ [ -82.3808547, 31.2087094 ], [ -82.3810078, 31.2087113 ], [ -82.381071, 31.2087121 ], [ -82.3814474, 31.2087168 ] ] }, "id": "way/1173805593" }, { "type": "Feature", "properties": { "@id": "way/1173805594", "HFCS": "Principal Arterial - Other", "NHS": "STRAHNET", "gdot:grip": "South Georgia Parkway;US 1/SR 17;US 84", "hgv": "designated", "hgv:national_network": "yes", "highway": "trunk", "lanes": "6", "lanes:backward": "3", "lanes:both_ways": "1", "lanes:forward": "2", "maxspeed": "45 mph", "name": "South Georgia Parkway West", "name_1": "Francis Street", "placement:both_ways": "middle_of:1", "rcn_ref": "10", "ref": "US 1;US 23;US 82;US 84;GA 4;GA 38;GA 520", "surface": "asphalt", "turn:lanes:backward": "||right", "turn:lanes:both_ways": "left" }, "geometry": { "type": "LineString", "coordinates": [ [ -82.3814474, 31.2087168 ], [ -82.381479, 31.2087172 ], [ -82.3819128, 31.208723 ] ] }, "id": "way/1173805594" }, { "type": "Feature", "properties": { "@id": "way/1173805596", "HFCS": "Principal Arterial - Other", "NHS": "STRAHNET", "gdot:grip": "South Georgia Parkway;US 1/SR 17;US 84", "hgv": "designated", "hgv:national_network": "yes", "highway": "trunk", "lanes": "5", "lanes:backward": "2", "lanes:both_ways": "1", "lanes:forward": "2", "maxspeed": "45 mph", "name": "South Georgia Parkway West", "name_1": "Francis Street", "rcn_ref": "10", "ref": "US 1;US 23;US 82;US 84;GA 4;GA 38;GA 520", "surface": "asphalt", "turn:lanes:both_ways": "left" }, "geometry": { "type": "LineString", "coordinates": [ [ -82.3821107, 31.2087256 ], [ -82.3821926, 31.2087267 ], [ -82.3825203, 31.208731 ] ] }, "id": "way/1173805596" }, { "type": "Feature", "properties": { "@id": "way/1173805598", "HFCS": "Principal Arterial - Other", "NHS": "STRAHNET", "gdot:grip": "South Georgia Parkway;US 1/SR 17;US 84", "hgv": "designated", "hgv:national_network": "yes", "highway": "trunk", "lanes": "6", "lanes:backward": "2", "lanes:forward": "4", "maxspeed": "45 mph", "name": "South Georgia Parkway West", "name_1": "Francis Street", "placement:forward": "middle_of:1", "rcn_ref": "10", "ref": "US 1;US 23;US 82;US 84;4;GA 38;520", "source:hgv:national_network": "Title 23: Highways Part 658 http://ecfr.gpoaccess.gov/cgi/t/text/text-idx?c=ecfr&rgn=div5&view=text&node=23:1.0.1.7.33&idno=23", "surface": "asphalt", "tiger:cfcc": "A21", "tiger:county": "Ware, GA", "tiger:name_base": "Georgia", "tiger:name_base_1": "Francis", "tiger:name_base_2": "State Route 520", "tiger:name_base_3": "State Route 714", "tiger:name_direction_prefix": "S", "tiger:name_direction_suffix": "W", "tiger:name_type": "Pky", "tiger:name_type_1": "St", "turn:lanes:forward": "left|through|through|right" }, "geometry": { "type": "LineString", "coordinates": [ [ -82.3833572, 31.2087443 ], [ -82.3834771, 31.2087463 ] ] }, "id": "way/1173805598" }, { "type": "Feature", "properties": { "@id": "way/1173805599", "HFCS": "Principal Arterial - Other", "NHS": "STRAHNET", "gdot:grip": "South Georgia Parkway;US 1/SR 17;US 84", "hgv": "designated", "hgv:national_network": "yes", "highway": "trunk", "lanes": "6", "lanes:backward": "2", "lanes:forward": "4", "maxspeed": "45 mph", "name": "South Georgia Parkway West", "name_1": "Francis Street", "placement:forward": "middle_of:1", "rcn_ref": "10", "ref": "US 1;US 23;US 82;US 84;4;GA 38;520", "source:hgv:national_network": "Title 23: Highways Part 658 http://ecfr.gpoaccess.gov/cgi/t/text/text-idx?c=ecfr&rgn=div5&view=text&node=23:1.0.1.7.33&idno=23", "surface": "asphalt", "tiger:cfcc": "A21", "tiger:county": "Ware, GA", "tiger:name_base": "Georgia", "tiger:name_base_1": "Francis", "tiger:name_base_2": "State Route 520", "tiger:name_base_3": "State Route 714", "tiger:name_direction_prefix": "S", "tiger:name_direction_suffix": "W", "tiger:name_type": "Pky", "tiger:name_type_1": "St", "turn:lanes:forward": "left|through|through|right" }, "geometry": { "type": "LineString", "coordinates": [ [ -82.3831296, 31.2087405 ], [ -82.3833572, 31.2087443 ] ] }, "id": "way/1173805599" },

{ "type": "Feature", "properties": { "@id": "way/120478617", "highway": "primary", "lanes": "2", "maxspeed": "25 mph", "name": "South Cameron Street", "note:oneway": "recently became two-way: http://www.winchesterva.gov/enews/articles/2-way-traffic-poster.pdf",
 "ref": "US 11;US 17;US 50;US 522", "surface": "asphalt" }, "geometry": { "type": "LineString", "coordinates": [ [ -78.1669976, 39.1763676 ], [ -78.1669702, 39.1764383 ], [ -78.166934, 39.1765317 ], [ -78.1667215, 39.1770796 ], [ -78.1666978, 39.1771409 ], [ -78.1666764, 39.1771962 ], [ -78.1664233, 39.1778489 ], [ -78.1664015, 39.1779051 ], [ -78.1663756, 39.1779718 ], [ -78.166111, 39.1786542 ], [ -78.1658321, 39.1793734 ], [ -78.1658117, 39.1794259 ], [ -78.1657816, 39.1795037 ], [ -78.1655331, 39.1801445 ], [ -78.1655165, 39.1801872 ], [ -78.1654878, 39.1802613 ], [ -78.1652353, 39.1809124 ], [ -78.1652148, 39.1809654 ], [ -78.1651882, 39.181034 ], [ -78.1649427, 39.181667 ], [ -78.164917, 39.1817332 ] ] }, "id": "way/120478617" }, { "type": "Feature", "properties": { "@id": "node/221323525", "highway": "traffic_signals" }, "geometry": { "type": "Point", "coordinates": [ -78.1669976, 39.1763676 ] }, "id": "node/221323525" }, { "type": "Feature", "properties": { "@id": "node/221323555", "highway": "traffic_signals" }, "geometry": { "type": "Point", "coordinates": [ -78.164917, 39.1817332 ] }, "id": "node/221323555" },
 
  { "type": "Feature", "properties": { "@id": "way/47960468", "NHS": "yes", "hgv": "designated", "highway": "trunk", "lanes": "2", "name": "Commonwealth Avenue", "oneway": "yes",
  "ref": "US 11E;US 19;US 421;US 11 Truck", "surface": "asphalt", "tiger:cfcc": "A25", "tiger:county": "Bristol-City, VA", "tiger:name_base": "Commonwealth", "tiger:name_base_1": "United States Highway 11E", "tiger:name_base_2": "United States Highway 19", "tiger:name_type": "Ave", "unsigned_ref": "SR 381" }, "geometry": { "type": "LineString", "coordinates": [ [ -82.192153, 36.602589 ], [ -82.1921318, 36.6025269 ], [ -82.192123, 36.602501 ], [ -82.192071, 36.602389 ], [ -82.191991, 36.602244 ], [ -82.191877, 36.602068 ], [ -82.191746, 36.6019 ], [ -82.191634, 36.60179 ], [ -82.191438, 36.601614 ], [ -82.190981, 36.601259 ], [ -82.1904995, 36.6009318 ], [ -82.1904836, 36.600921 ], [ -82.1903763, 36.6008465 ], [ -82.190348, 36.6008269 ], [ -82.189928, 36.600564 ], [ -82.189719, 36.600415 ], [ -82.189523, 36.600256 ], [ -82.1894421, 36.6001663 ], [ -82.189385, 36.600103 ], [ -82.189285, 36.599967 ], [ -82.189202, 36.599825 ], [ -82.189053, 36.599514 ], [ -82.188939, 36.599235 ], [ -82.188874, 36.599068 ], [ -82.1888356, 36.5989284 ], [ -82.1888166, 36.5988405 ], [ -82.1888062, 36.598765 ], [ -82.188802, 36.598739 ], [ -82.188796, 36.59862 ], [ -82.188824, 36.597978 ], [ -82.188851, 36.597379 ], [ -82.18886, 36.596919 ], [ -82.18885, 36.596693 ], [ -82.1888302, 36.5962923 ], [ -82.1888217, 36.5961197 ] ] }, "id": "way/47960468" },

 
 { "type": "Feature", "properties": { "ref": "US 11;US 41;US 64;US 72", "@id": "way/19505891", "highway": "primary", "lanes": "4", "name": "Broad Street", "tiger:cfcc": "A21", "tiger:county": "Hamilton, TN", "tiger:name_base": "Cummings", "tiger:name_base_1": "United States Highway 41", "tiger:name_base_2": "United States Highway 64", "tiger:name_base_3": "United States Highway 72", "tiger:name_base_4": "State Highway 2", "tiger:name_type": "Hwy", "tiger:zip_left": "37419", "tiger:zip_left_1": "37419", "unsigned_ref": "SR 2;SR 17" }, "geometry": { "type": "LineString", "coordinates": [ [ -85.3233577, 35.0156829 ], [ -85.3234997, 35.015556 ], [ -85.3237345, 35.0153803 ], [ -85.3237471, 35.0153725 ], [ -85.3243142, 35.0150209 ], [ -85.3243298, 35.0150104 ], [ -85.3244382, 35.0149377 ], [ -85.3245119, 35.0148883 ], [ -85.3246609, 35.0147847 ], [ -85.3247853, 35.0147048 ], [ -85.3250321, 35.0145762 ], [ -85.3251461, 35.0145168 ] ] }, "id": "way/19505891" }, { "type": "Feature", "properties": { "@id": "way/51099005", "bicycle": "yes", "highway": "primary", "lanes": "4", "name": "Broad Street", "ref": "US 11;US 41;US 64;US 72", "surface": "asphalt", "tiger:cfcc": "A41", "tiger:county": "Hamilton, TN", "tiger:name_base": "Broad", "tiger:name_type": "St", "tiger:zip_left": "37402", "tiger:zip_right": "37402", "unsigned_ref": "SR 2;SR 17" }, "geometry": { "type": "LineString", "coordinates": [ [ -85.3135423, 35.0334153 ], [ -85.3136007, 35.0333068 ] ] }, "id": "way/51099005" }, { "type": "Feature", "properties": { "@id": "way/110888061", "highway": "primary", "lanes": "4", "name": "Broad Street", "ref": "US 11;US 41;US 64;US 72", "tiger:cfcc": "A21", "tiger:county": "Hamilton, TN", "tiger:name_base": "Cummings", "tiger:name_base_1": "United States Highway 41", "tiger:name_base_2": "United States Highway 64", "tiger:name_base_3": "United States Highway 72", "tiger:name_base_4": "State Highway 2", "tiger:name_type": "Hwy", "tiger:zip_left": "37419", "tiger:zip_left_1": "37419", "unsigned_ref": "SR 2" }, "geometry": { "type": "LineString", "coordinates": [ [ -85.3251461, 35.0145168 ], [ -85.3252189, 35.0144953 ], [ -85.3258349, 35.0143316 ], [ -85.3260513, 35.0142731 ], [ -85.3263856, 35.0141826 ], [ -85.3266813, 35.0141027 ], [ -85.3267829, 35.0140752 ] ] }, "id": "way/110888061" }, { "type": "Feature", "properties": { "@id": "way/115807524", "CHA:bicycle": "designated", "bicycle": "yes", "cycleway": "shared_lane", "highway": "primary", "lanes": "4", "maxspeed": "35 mph", "name": "Broad Street", "ref": "US 11;US 41;US 64;US 72", "surface": "asphalt", "tiger:cfcc": "A41", "tiger:county": "Hamilton, TN", "tiger:name_base": "Broad", "tiger:name_type": "St", "tiger:zip_left": "37402", "tiger:zip_right": "37402", "unsigned_ref": "SR 2;SR 17" }, "geometry": { "type": "LineString", "coordinates": [ [ -85.3183401, 35.0247384 ], [ -85.3182922, 35.0248248 ], [ -85.3180286, 35.0253001 ], [ -85.3177643, 35.0257767 ], [ -85.3174332, 35.0263739 ], [ -85.3173171, 35.0265833 ], [ -85.3172006, 35.0267933 ], [ -85.3169417, 35.0272602 ], [ -85.3168316, 35.0274587 ], [ -85.3167737, 35.0275631 ], [ -85.3167385, 35.0276267 ], [ -85.3167005, 35.0276951 ], [ -85.3166991, 35.0276977 ], [ -85.3164334, 35.0281767 ], [ -85.3163238, 35.0283744 ], [ -85.3162957, 35.0284251 ], [ -85.3162537, 35.0285008 ] ] }, "id": "way/115807524" }, { "type": "Feature", "properties": { "@id": "way/115807526", "bicycle": "yes", "highway": "primary", "lanes": "4", "name": "Broad Street", "ref": "US 11;US 41;US 64;US 72", "tiger:cfcc": "A41", "tiger:county": "Hamilton, TN", "tiger:name_base": "Broad", "tiger:name_type": "St", "tiger:zip_left": "37402", "tiger:zip_right": "37402", "unsigned_ref": "SR 2;SR 17" }, "geometry": { "type": "LineString", "coordinates": [ [ -85.3233577, 35.0156829 ], [ -85.3232892, 35.0157704 ], [ -85.3231754, 35.0159158 ], [ -85.3231511, 35.0159609 ], [ -85.3231188, 35.0160207 ], [ -85.3230248, 35.0161949 ], [ -85.3229489, 35.0163513 ], [ -85.322922, 35.0164104 ], [ -85.322775, 35.0166637 ], [ -85.3227094, 35.0167817 ], [ -85.3225918, 35.016993 ], [ -85.3225254, 35.0171143 ], [ -85.3222428, 35.0176363 ] ] }, "id": "way/115807526" }, { "type": "Feature", "properties": { "@id": "way/119784677", "CHA:bicycle": "designated", "bicycle": "yes", "bridge": "yes", "highway": "primary", "lanes": "2", "layer": "1", "maxspeed": "35 mph", "name": "Broad Street", "oneway": "yes", "ref": "US 11;US 41;US 64;US 72", "tiger:cfcc": "A41", "tiger:county": "Hamilton, TN", "tiger:name_base": "Broad", "tiger:name_type": "St", "tiger:zip_left": "37402", "tiger:zip_right": "37402", "unsigned_ref": "SR 2;SR 17" }, "geometry": { "type": "LineString", "coordinates": [ [ -85.3183401, 35.0247384 ], [ -85.3185315, 35.0245127 ], [ -85.3188915, 35.0238364 ], [ -85.3197849, 35.0221886 ], [ -85.3197685, 35.0220921 ] ] }, "id": "way/119784677" }, { "type": "Feature", "properties": { "@id": "way/119784681", "bicycle": "yes", "highway": "primary", "lanes": "3", "name": "Broad Street", "note:lanes": "1 westbound, 2 eastbound", "ref": "US 11;US 41;US 64;US 72", "tiger:cfcc": "A21", "tiger:county": "Hamilton, TN", "tiger:name_base": "Cummings", "tiger:name_base_1": "United States Highway 41", "tiger:name_base_2": "United States Highway 64", "tiger:name_base_3": "United States Highway 72", "tiger:name_base_4": "State Highway 2", "tiger:name_type": "Hwy", "tiger:zip_left": "37419", "tiger:zip_left_1": "37419", "unsigned_ref": "SR 2" }, "geometry": { "type": "LineString", "coordinates": [ [ -85.3267829, 35.0140752 ], [ -85.327048, 35.0140146 ], [ -85.3271332, 35.0139951 ] ] }, "id": "way/119784681" }, { "type": "Feature", "properties": { "@id": "way/119784683", "bicycle": "yes", "highway": "primary", "lanes": "2", "name": "Cummings Highway", "ref": "US 11;US 41;US 64;US 72", "tiger:cfcc": "A21", "tiger:county": "Hamilton, TN", "tiger:name_base": "Cummings", "tiger:name_base_1": "United States Highway 41", "tiger:name_base_2": "United States Highway 64", "tiger:name_base_3": "United States Highway 72", "tiger:name_base_4": "State Highway 2", "tiger:name_type": "Hwy", "tiger:zip_left": "37419", "tiger:zip_left_1": "37419", "unsigned_ref": "SR 2" }, "geometry": { "type": "LineString", "coordinates": [ [ -85.3280996, 35.0137332 ], [ -85.3281999, 35.0137123 ], [ -85.3283073, 35.013724 ], [ -85.3284045, 35.0137578 ], [ -85.3285264, 35.0138483 ], [ -85.328744, 35.0140092 ] ] }, "id": "way/119784683" }, { "type": "Feature", "properties": { "@id": "way/119784684", "bicycle": "yes", "highway": "primary", "lanes": "4", "name": "Cummings Highway", "ref": "US 11;US 41;US 64;US 72", "surface": "asphalt", "tiger:cfcc": "A21", "tiger:county": "Hamilton, TN", "tiger:name_base": "Cummings", "tiger:name_base_1": "United States Highway 41", "tiger:name_base_2": "United States Highway 64", "tiger:name_base_3": "United States Highway 72", "tiger:name_base_4": "State Highway 2", "tiger:name_type": "Hwy", "tiger:zip_left": "37419", "tiger:zip_left_1": "37419", "unsigned_ref": "SR 2" }, "geometry": { "type": "LineString", "coordinates": [ [ -85.328744, 35.0140092 ], [ -85.3293098, 35.0144533 ], [ -85.3298746, 35.014878 ], [ -85.3304312, 35.0152214 ], [ -85.3311593, 35.0156481 ], [ -85.331652, 35.0160505 ], [ -85.3319183, 35.0162835 ], [ -85.3321223, 35.0163888 ], [ -85.3323177, 35.0164528 ], [ -85.3330472, 35.0166035 ], [ -85.3333035, 35.0166895 ], [ -85.3334579, 35.0167819 ], [ -85.333586, 35.0168955 ], [ -85.3337397, 35.0170869 ], [ -85.333944, 35.0173184 ], [ -85.3341033, 35.017455 ], [ -85.3342982, 35.017553 ], [ -85.3344941, 35.017631 ], [ -85.3347267, 35.0177666 ], [ -85.3348955, 35.0179023 ], [ -85.3350063, 35.0180192 ], [ -85.3351975, 35.0181704 ], [ -85.3354212, 35.0183342 ], [ -85.3359191, 35.0187361 ], [ -85.3361766, 35.018953 ], [ -85.3364845, 35.0192116 ], [ -85.3366285, 35.0193335 ], [ -85.3367844, 35.0194541 ], [ -85.3369444, 35.0195698 ], [ -85.3369976, 35.0196079 ], [ -85.3371646, 35.0197197 ], [ -85.3371892, 35.0197362 ] ] }, "id": "way/119784684" }, { "type": "Feature", "properties": { "@id": "way/136738772", "CHA:bicycle": "designated", "bicycle": "yes", "cycleway": "shared_lane", "highway": "primary", "lanes": "4", "maxspeed": "35 mph", "name": "Broad Street", "ref": "US 11;US 41;US 64;US 72", "surface": "asphalt", "tiger:cfcc": "A41", "tiger:county": "Hamilton, TN", "tiger:name_base": "Broad", "tiger:name_type": "St", "tiger:zip_left": "37402", "tiger:zip_right": "37402", "unsigned_ref": "SR 2;SR 17" }, "geometry": { "type": "LineString", "coordinates": [ [ -85.320425, 35.0209496 ], [ -85.3202532, 35.0212463 ], [ -85.3201732, 35.0213854 ], [ -85.3199448, 35.0217824 ], [ -85.3197685, 35.0220921 ] ] }, "id": "way/136738772" }, { "type": "Feature", "properties": { "@id": "way/143267708", "CHA:bicycle": "designated", "bicycle": "yes", "cycleway": "lane", "highway": "primary", "lanes": "4", "maxspeed": "35 mph", "name": "Broad Street", "ref": "US 11;US 41;US 64;US 72", "tiger:cfcc": "A41", "tiger:county": "Hamilton, TN", "tiger:name_base": "Broad", "tiger:name_type": "St", "tiger:zip_left": "37402", "tiger:zip_right": "37402", "unsigned_ref": "SR 2;SR 17" }, "geometry": { "type": "LineString", "coordinates": [ [ -85.3162537, 35.0285008 ], [ -85.3162213, 35.0285595 ], [ -85.3155782, 35.0297257 ], [ -85.3153628, 35.0301164 ], [ -85.3152371, 35.0303443 ], [ -85.3151603, 35.0304836 ], [ -85.3146115, 35.0314787 ] ] }, "id": "way/143267708" }, { "type": "Feature", "properties": { "@id": "way/289128743", "bicycle": "yes", "highway": "primary", "lanes": "4", "name": "Cummings Highway", "ref": "US 11;US 41;US 64;US 72", "surface": "asphalt", "tiger:cfcc": "A21", "tiger:county": "Hamilton, TN", "tiger:name_base": "Cummings", "tiger:name_base_1": "United States Highway 41", "tiger:name_base_2": "United States Highway 64", "tiger:name_base_3": "United States Highway 72", "tiger:name_base_4": "State Highway 2", "tiger:name_type": "Hwy", "tiger:zip_left": "37419", "tiger:zip_left_1": "37419", "unsigned_ref": "SR 2" }, "geometry": { "type": "LineString", "coordinates": [ [ -85.3387295, 35.020739 ], [ -85.3391591, 35.0210658 ], [ -85.3396002, 35.0214323 ], [ -85.3399497, 35.0217517 ], [ -85.3402811, 35.0220796 ], [ -85.3407675, 35.0225692 ], [ -85.3409853, 35.0227952 ], [ -85.3412051, 35.0230195 ], [ -85.3414189, 35.0232321 ], [ -85.3416051, 35.0234055 ], [ -85.3418007, 35.0235794 ], [ -85.3419067, 35.0236723 ], [ -85.3420329, 35.0237605 ], [ -85.3421428, 35.0238274 ], [ -85.3422559, 35.0238834 ], [ -85.3423937, 35.0239386 ], [ -85.3425316, 35.0239768 ], [ -85.3426221, 35.0239974 ], [ -85.3427298, 35.0240169 ], [ -85.3428575, 35.0240301 ], [ -85.3429757, 35.0240313 ], [ -85.3431715, 35.0240285 ], [ -85.3433377, 35.0240065 ], [ -85.3436387, 35.0239338 ], [ -85.3439182, 35.0238612 ], [ -85.3441974, 35.0237857 ], [ -85.3446964, 35.0236504 ], [ -85.3448958, 35.023598 ], [ -85.3449835, 35.0235736 ], [ -85.3453649, 35.0234677 ], [ -85.3454691, 35.0234223 ], [ -85.3456068, 35.0233623 ], [ -85.3457328, 35.0232887 ], [ -85.3458556, 35.0232037 ], [ -85.3459716, 35.0231005 ], [ -85.3460706, 35.0229973 ], [ -85.3463953, 35.0226397 ], [ -85.3464782, 35.0225651 ], [ -85.3465633, 35.0224937 ], [ -85.3466549, 35.0224211 ], [ -85.3467581, 35.0223545 ], [ -85.3468496, 35.0223009 ], [ -85.3469486, 35.0222515 ], [ -85.347165, 35.0221677 ], [ -85.3474894, 35.0220798 ], [ -85.3476465, 35.0220397 ], [ -85.3477986, 35.0220051 ], [ -85.3480293, 35.0219514 ], [ -85.3481084, 35.0219283 ], [ -85.3482485, 35.0218827 ], [ -85.3483861, 35.0218294 ], [ -85.3485846, 35.0217248 ], [ -85.3488611, 35.0215091 ], [ -85.349117, 35.0212375 ], [ -85.3496306, 35.0206328 ], [ -85.3498582, 35.0203675 ], [ -85.3499726, 35.0202331 ], [ -85.3500323, 35.0201674 ], [ -85.3500977, 35.0201131 ], [ -85.3502058, 35.0200237 ], [ -85.3503309, 35.0199498 ], [ -85.3504798, 35.0198783 ], [ -85.35064, 35.0198244 ], [ -85.3508024, 35.0197904 ], [ -85.350961, 35.0197741 ], [ -85.3511043, 35.019772 ], [ -85.3512315, 35.0197798 ], [ -85.3514519, 35.0198139 ], [ -85.3517825, 35.019943 ], [ -85.3533096, 35.0208321 ] ] }, "id": "way/289128743" }, { "type": "Feature", "properties": { "@id": "way/343313808", "CHA:bicycle": "designated", "bicycle": "yes", "bridge": "yes", "highway": "primary", "lanes": "2", "layer": "1", "maxspeed": "35 mph", "maxweight:signed": "no", "name": "Broad Street", "oneway": "yes", "ref": "US 11;US 41;US 64;US 72", "surface": "asphalt", "tiger:cfcc": "A41", "tiger:county": "Hamilton, TN", "tiger:name_base": "Broad", "tiger:name_type": "St", "tiger:zip_left": "37402", "tiger:zip_right": "37402", "unsigned_ref": "SR 2;SR 17" }, "geometry": { "type": "LineString", "coordinates": [ [ -85.3197685, 35.0220921 ], [ -85.3196633, 35.0221617 ], [ -85.3187506, 35.0237966 ], [ -85.3183935, 35.0244782 ], [ -85.3183401, 35.0247384 ] ] }, "id": "way/343313808" }, { "type": "Feature", "properties": { "@id": "way/429007716", "bicycle": "yes", "highway": "primary", "lanes": "4", "lit": "yes", "maxspeed": "45 mph", "name": "Cummings Highway", "ref": "US 11;US 41;US 64;US 72", "shoulder": "both", "smoothness": "good", "surface": "asphalt", "tiger:cfcc": "A21", "tiger:county": "Hamilton, TN", "tiger:name_base": "Cummings", "tiger:name_base_1": "United States Highway 41", "tiger:name_base_2": "United States Highway 64", "tiger:name_base_3": "United States Highway 72", "tiger:name_base_4": "State Highway 2", "tiger:name_type": "Hwy", "tiger:zip_left": "37419", "tiger:zip_left_1": "37419", "unsigned_ref": "SR 2" }, "geometry": { "type": "LineString", "coordinates": [ [ -85.3657721, 35.0203084 ], [ -85.3663241, 35.0202244 ], [ -85.3665156, 35.0201952 ], [ -85.3668042, 35.0201513 ], [ -85.3673925, 35.0200618 ], [ -85.36755, 35.0200378 ], [ -85.3681161, 35.0199409 ], [ -85.3694168, 35.0197181 ], [ -85.3694515, 35.0197122 ], [ -85.36975, 35.019661 ], [ -85.3704932, 35.0195467 ], [ -85.3711707, 35.0194425 ], [ -85.3712994, 35.0194227 ], [ -85.3714738, 35.0193945 ], [ -85.3718103, 35.01934 ], [ -85.3722461, 35.0192694 ], [ -85.3730529, 35.0191387 ], [ -85.3735905, 35.0190517 ], [ -85.3739215, 35.0189982 ], [ -85.3746669, 35.0188781 ], [ -85.3756153, 35.0187253 ], [ -85.3759865, 35.0186678 ], [ -85.3764202, 35.0186006 ], [ -85.3766426, 35.0185617 ], [ -85.3768564, 35.0185243 ], [ -85.3772556, 35.0184546 ], [ -85.3775572, 35.0184018 ], [ -85.3777828, 35.0183624 ], [ -85.3778467, 35.0183524 ], [ -85.3781214, 35.0183095 ], [ -85.3785071, 35.0182455 ], [ -85.3785444, 35.0182393 ], [ -85.3790037, 35.0181631 ], [ -85.3791466, 35.0181476 ], [ -85.3792123, 35.0181405 ] ] }, "id": "way/429007716" }, { "type": "Feature", "properties": { "@id": "way/429007720", "bicycle": "yes", "bridge": "yes", "highway": "primary", "lanes": "4", "name": "Cummings Highway", "ref": "US 11;US 41;US 64;US 72", "surface": "concrete", "tiger:cfcc": "A21", "tiger:county": "Hamilton, TN", "tiger:name_base": "Cummings", "tiger:name_base_1": "United States Highway 41", "tiger:name_base_2": "United States Highway 64", "tiger:name_base_3": "United States Highway 72", "tiger:name_base_4": "State Highway 2", "tiger:name_type": "Hwy", "tiger:zip_left": "37419", "tiger:zip_left_1": "37419", "unsigned_ref": "SR 2" }, "geometry": { "type": "LineString", "coordinates": [ [ -85.3560015, 35.0212694 ], [ -85.3567839, 35.0212728 ], [ -85.3573361, 35.0212672 ], [ -85.3578902, 35.0212491 ] ] }, "id": "way/429007720" }, { "type": "Feature", "properties": { "@id": "way/483006150", "bicycle": "yes", "bridge": "yes", "highway": "primary", "lanes": "4", "layer": "1", "maxweight": "40 st", "name": "Cummings Highway", "ref": "US 11;US 41;US 64;US 72", "tiger:cfcc": "A21", "tiger:county": "Hamilton, TN", "tiger:name_base": "Cummings", "tiger:name_base_1": "United States Highway 41", "tiger:name_base_2": "United States Highway 64", "tiger:name_base_3": "United States Highway 72", "tiger:name_base_4": "State Highway 2", "tiger:name_type": "Hwy", "tiger:zip_left": "37419", "tiger:zip_left_1": "37419", "unsigned_ref": "SR 2" }, "geometry": { "type": "LineString", "coordinates": [ [ -85.3536301, 35.0210041 ], [ -85.3536827, 35.0210291 ], [ -85.3537884, 35.0210736 ], [ -85.3539051, 35.0211114 ], [ -85.3540036, 35.0211367 ] ] }, "id": "way/483006150" }, { "type": "Feature", "properties": { "@id": "way/483006152", "bicycle": "yes", "highway": "primary", "lanes": "4", "name": "Cummings Highway", "ref": "US 11;US 41;US 64;US 72", "tiger:cfcc": "A21", "tiger:county": "Hamilton, TN", "tiger:name_base": "Cummings", "tiger:name_base_1": "United States Highway 41", "tiger:name_base_2": "United States Highway 64", "tiger:name_base_3": "United States Highway 72", "tiger:name_base_4": "State Highway 2", "tiger:name_type": "Hwy", "tiger:zip_left": "37419", "tiger:zip_left_1": "37419", "unsigned_ref": "SR 2" }, "geometry": { "type": "LineString", "coordinates": [ [ -85.3540036, 35.0211367 ], [ -85.3542642, 35.0211847 ], [ -85.3545306, 35.0212047 ], [ -85.3549719, 35.0212262 ], [ -85.3552688, 35.0212385 ], [ -85.355492, 35.0212477 ], [ -85.3560015, 35.0212694 ] ] }, "id": "way/483006152" }, { "type": "Feature", "properties": { "@id": "way/624635116", "bicycle": "yes", "highway": "primary", "lanes": "4", "name": "Cummings Highway", "ref": "US 11;US 41;US 64;US 72", "tiger:cfcc": "A21", "tiger:county": "Hamilton, TN", "tiger:name_base": "Cummings", "tiger:name_base_1": "United States Highway 41", "tiger:name_base_2": "United States Highway 64", "tiger:name_base_3": "United States Highway 72", "tiger:name_base_4": "State Highway 2", "tiger:name_type": "Hwy", "tiger:zip_left": "37419", "tiger:zip_left_1": "37419", "unsigned_ref": "SR 2" }, "geometry": { "type": "LineString", "coordinates": [ [ -85.3533096, 35.0208321 ], [ -85.3535492, 35.0209543 ], [ -85.3536301, 35.0210041 ] ] }, "id": "way/624635116" }, { "type": "Feature", "properties": { "@id": "way/861011654", "bicycle": "yes", "highway": "primary", "lanes": "4", "maxspeed": "35 mph", "name": "Broad Street", "ref": "US 11;US 41;US 64;US 72", "surface": "asphalt", "tiger:cfcc": "A41", "tiger:county": "Hamilton, TN", "tiger:name_base": "Broad", "tiger:name_type": "St", "tiger:zip_left": "37402", "tiger:zip_right": "37402", "unsigned_ref": "SR 2;SR 17" }, "geometry": { "type": "LineString", "coordinates": [ [ -85.3222428, 35.0176363 ], [ -85.3221834, 35.0177594 ], [ -85.3219687, 35.018136 ], [ -85.3219022, 35.0182572 ], [ -85.321823, 35.0184015 ], [ -85.3217443, 35.018545 ], [ -85.3214843, 35.0190188 ], [ -85.3214184, 35.019139 ], [ -85.3213533, 35.0192576 ], [ -85.3212894, 35.0193741 ], [ -85.3211623, 35.0196058 ], [ -85.3211503, 35.0196276 ], [ -85.3210926, 35.0197328 ], [ -85.3210557, 35.0198001 ], [ -85.3210212, 35.019863 ], [ -85.3209378, 35.020015 ], [ -85.3208307, 35.0202101 ], [ -85.3207601, 35.0203388 ], [ -85.3206836, 35.0204766 ], [ -85.3206609, 35.0205197 ], [ -85.320613, 35.020607 ], [ -85.3205928, 35.0206437 ], [ -85.3205238, 35.0207695 ], [ -85.320425, 35.0209496 ] ] }, "id": "way/861011654" }, { "type": "Feature", "properties": { "@id": "way/919316230", "bicycle": "yes", "highway": "primary", "lanes": "4", "name": "Cummings Highway", "ref": "US 11;US 41;US 64;US 72", "tiger:cfcc": "A21", "tiger:county": "Hamilton, TN", "tiger:name_base": "Cummings", "tiger:name_base_1": "United States Highway 41", "tiger:name_base_2": "United States Highway 64", "tiger:name_base_3": "United States Highway 72", "tiger:name_base_4": "State Highway 2", "tiger:name_type": "Hwy", "tiger:zip_left": "37419", "tiger:zip_left_1": "37419", "unsigned_ref": "SR 2" }, "geometry": { "type": "LineString", "coordinates": [ [ -85.3379736, 35.0202037 ], [ -85.3380893, 35.0202972 ], [ -85.3382861, 35.0204286 ], [ -85.3387295, 35.020739 ] ] }, "id": "way/919316230" }, { "type": "Feature", "properties": { "@id": "way/919316231", "bicycle": "yes", "bridge": "yes", "highway": "primary", "lanes": "4", "layer": "1", "maxweight": "40 st", "maxweight:hgv_articulated": "40 st", "name": "Cummings Highway", "ref": "US 11;US 41;US 64;US 72", "tiger:cfcc": "A21", "tiger:county": "Hamilton, TN", "tiger:name_base": "Cummings", "tiger:name_base_1": "United States Highway 41", "tiger:name_base_2": "United States Highway 64", "tiger:name_base_3": "United States Highway 72", "tiger:name_base_4": "State Highway 2", "tiger:name_type": "Hwy", "tiger:zip_left": "37419", "tiger:zip_left_1": "37419", "unsigned_ref": "SR 2" }, "geometry": { "type": "LineString", "coordinates": [ [ -85.3371892, 35.0197362 ], [ -85.3376084, 35.0199941 ], [ -85.3376972, 35.0200542 ], [ -85.3379736, 35.0202037 ] ] }, "id": "way/919316231" }, { "type": "Feature", "properties": { "@id": "way/942698638", "bicycle": "yes", "highway": "primary", "lanes": "2", "name": "Broad Street", "ref": "US 11;US 41;US 64;US 72", "tiger:cfcc": "A21", "tiger:county": "Hamilton, TN", "tiger:name_base": "Cummings", "tiger:name_base_1": "United States Highway 41", "tiger:name_base_2": "United States Highway 64", "tiger:name_base_3": "United States Highway 72", "tiger:name_base_4": "State Highway 2", "tiger:name_type": "Hwy", "tiger:zip_left": "37419", "tiger:zip_left_1": "37419", "unsigned_ref": "SR 2" }, "geometry": { "type": "LineString", "coordinates": [ [ -85.3271332, 35.0139951 ], [ -85.3276106, 35.0138802 ], [ -85.3276757, 35.0138645 ] ] }, "id": "way/942698638" }, { "type": "Feature", "properties": { "@id": "way/1052887735", "CHA:bicycle": "designated", "bicycle": "yes", "cycleway": "lane", "highway": "primary", "lanes": "4", "maxspeed": "35 mph", "name": "Broad Street", "ref": "US 11;US 41;US 64;US 72", "surface": "asphalt", "tiger:cfcc": "A41", "tiger:county": "Hamilton, TN", "tiger:name_base": "Broad", "tiger:name_type": "St", "tiger:zip_left": "37402", "tiger:zip_right": "37402", "unsigned_ref": "SR 2;SR 17" }, "geometry": { "type": "LineString", "coordinates": [ [ -85.3146115, 35.0314787 ], [ -85.3145705, 35.0315529 ], [ -85.3140292, 35.0325319 ], [ -85.3139967, 35.0325906 ], [ -85.3139628, 35.0326518 ], [ -85.3138229, 35.0329074 ], [ -85.3138035, 35.03294 ], [ -85.3137074, 35.0331138 ], [ -85.3136531, 35.0332121 ], [ -85.3136007, 35.0333068 ] ] }, "id": "way/1052887735" }, { "type": "Feature", "properties": { "@id": "way/1101773588", "bicycle": "yes", "highway": "primary", "lanes": "4", "maxspeed": "45 mph", "name": "Cummings Highway", "ref": "US 11;US 41;US 64;US 72", "surface": "asphalt", "tiger:cfcc": "A21", "tiger:county": "Hamilton, TN", "tiger:name_base": "Cummings", "tiger:name_base_1": "United States Highway 41", "tiger:name_base_2": "United States Highway 64", "tiger:name_base_3": "United States Highway 72", "tiger:name_base_4": "State Highway 2", "tiger:name_type": "Hwy", "tiger:zip_left": "37419", "tiger:zip_left_1": "37419", "unsigned_ref": "SR 2" }, "geometry": { "type": "LineString", "coordinates": [ [ -85.3578902, 35.0212491 ], [ -85.3583499, 35.0212158 ], [ -85.3588181, 35.0211776 ], [ -85.3593378, 35.0211265 ], [ -85.359598, 35.0210994 ], [ -85.3598579, 35.0210757 ], [ -85.3607768, 35.0209939 ], [ -85.3613801, 35.0209432 ], [ -85.3616848, 35.0209198 ], [ -85.361983, 35.0208928 ], [ -85.3624569, 35.0208428 ], [ -85.3628123, 35.0207892 ] ] }, "id": "way/1101773588" }, { "type": "Feature", "properties": { "@id": "way/1101773589", "bicycle": "yes", "highway": "primary", "lanes": "4", "maxheight": "10'4\"", "maxspeed": "45 mph", "name": "Cummings Highway", "ref": "US 11;US 41;US 64;US 72", "shoulder": "no", "smoothness": "excellent", "surface": "asphalt", "tiger:cfcc": "A21", "tiger:county": "Hamilton, TN", "tiger:name_base": "Cummings", "tiger:name_base_1": "United States Highway 41", "tiger:name_base_2": "United States Highway 64", "tiger:name_base_3": "United States Highway 72", "tiger:name_base_4": "State Highway 2", "tiger:name_type": "Hwy", "tiger:zip_left": "37419", "tiger:zip_left_1": "37419", "unsigned_ref": "SR 2" }, "geometry": { "type": "LineString", "coordinates": [ [ -85.3628123, 35.0207892 ], [ -85.3629324, 35.0207711 ], [ -85.3633309, 35.020717 ], [ -85.3634263, 35.0207059 ] ] }, "id": "way/1101773589" }, { "type": "Feature", "properties": { "@id": "way/1158340687", "bicycle": "yes", "highway": "primary", "lanes": "4", "lit": "yes", "maxspeed": "45 mph", "name": "Cummings Highway", "ref": "US 11;US 41;US 64;US 72", "shoulder": "both", "smoothness": "good", "surface": "asphalt", "tiger:cfcc": "A21", "tiger:county": "Hamilton, TN", "tiger:name_base": "Cummings", "tiger:name_base_1": "United States Highway 41", "tiger:name_base_2": "United States Highway 64", "tiger:name_base_3": "United States Highway 72", "tiger:name_base_4": "State Highway 2", "tiger:name_type": "Hwy", "tiger:zip_left": "37419", "tiger:zip_left_1": "37419", "unsigned_ref": "SR 2" }, "geometry": { "type": "LineString", "coordinates": [ [ -85.3634263, 35.0207059 ], [ -85.3635306, 35.0206937 ], [ -85.3636351, 35.0206834 ], [ -85.3637252, 35.0206686 ], [ -85.3637909, 35.0206564 ], [ -85.364637, 35.0205078 ], [ -85.3657721, 35.0203084 ] ] }, "id": "way/1158340687" }, { "type": "Feature", "properties": { "@id": "way/1256330915", "bicycle": "yes", "highway": "primary", "lanes": "2", "name": "Cummings Highway", "ref": "US 11;US 41;US 64;US 72", "tiger:cfcc": "A21", "tiger:county": "Hamilton, TN", "tiger:name_base": "Cummings", "tiger:name_base_1": "United States Highway 41", "tiger:name_base_2": "United States Highway 64", "tiger:name_base_3": "United States Highway 72", "tiger:name_base_4": "State Highway 2", "tiger:name_type": "Hwy", "tiger:zip_left": "37419", "tiger:zip_left_1": "37419", "unsigned_ref": "SR 2" }, "geometry": { "type": "LineString", "coordinates": [ [ -85.3276757, 35.0138645 ], [ -85.3278766, 35.0138172 ] ] }, "id": "way/1256330915" }, { "type": "Feature", "properties": { "@id": "way/1256330916", "bicycle": "yes", "highway": "primary", "lanes": "2", "maxheight": "13'1\"", "name": "Cummings Highway", "ref": "US 11;US 41;US 64;US 72", "tiger:cfcc": "A21", "tiger:county": "Hamilton, TN", "tiger:name_base": "Cummings", "tiger:name_base_1": "United States Highway 41", "tiger:name_base_2": "United States Highway 64", "tiger:name_base_3": "United States Highway 72", "tiger:name_base_4": "State Highway 2", "tiger:name_type": "Hwy", "tiger:zip_left": "37419", "tiger:zip_left_1": "37419", "unsigned_ref": "SR 2" }, "geometry": { "type": "LineString", "coordinates": [ [ -85.3278766, 35.0138172 ], [ -85.3280996, 35.0137332 ] ] }, "id": "way/1256330916" }, { "type": "Feature", "properties": { "@id": "node/202636747", "highway": "traffic_signals", "traffic_signals": "signal" }, "geometry": { "type": "Point", "coordinates": [ -85.3135423, 35.0334153 ] }, "id": "node/202636747" }, { "type": "Feature", "properties": { "@id": "node/202636789", "crossing:barrier": "no", "railway": "level_crossing" }, "geometry": { "type": "Point", "coordinates": [ -85.3211503, 35.0196276 ] }, "id": "node/202636789" }, { "type": "Feature", "properties": { "@id": "node/202636801", "razed:railway": "level_crossing" }, "geometry": { "type": "Point", "coordinates": [ -85.3221834, 35.0177594 ] }, "id": "node/202636801" }, { "type": "Feature", "properties": { "@id": "node/202659030", "highway": "traffic_signals", "traffic_signals": "signal" }, "geometry": { "type": "Point", "coordinates": [ -85.3657721, 35.0203084 ] }, "id": "node/202659030" }, { "type": "Feature", "properties": { "@id": "node/450289087", "highway": "traffic_signals", "traffic_signals": "signal" }, "geometry": { "type": "Point", "coordinates": [ -85.3136007, 35.0333068 ] }, "id": "node/450289087" }, { "type": "Feature", "properties": { "@id": "node/1259513768", "highway": "traffic_signals", "traffic_signals": "signal" }, "geometry": { "type": "Point", "coordinates": [ -85.3756153, 35.0187253 ] }, "id": "node/1259513768" }, { "type": "Feature", "properties": { "@id": "node/9982432315", "crossing": "marked", "crossing:island": "yes", "crossing:markings": "yes", "highway": "crossing" }, "geometry": { "type": "Point", "coordinates": [ -85.3266813, 35.0141027 ] }, "id": "node/9982432315" }, { "type": "Feature", "properties": { "@id": "node/10907366338", "highway": "crossing" }, "geometry": { "type": "Point", "coordinates": [ -85.3136531, 35.0332121 ] }, "id": "node/10907366338" }, { "type": "Feature", "properties": { "@id": "node/10907366779", "crossing:island": "no", "crossing:signals": "no", "highway": "crossing" }, "geometry": { "type": "Point", "coordinates": [ -85.3139628, 35.0326518 ] }, "id": "node/10907366779" }, { "type": "Feature", "properties": { "@id": "node/10907366780", "crossing:signals": "no", "highway": "crossing" }, "geometry": { "type": "Point", "coordinates": [ -85.3140292, 35.0325319 ] }, "id": "node/10907366780" }, { "type": "Feature", "properties": { "@id": "node/10907403860", "highway": "crossing" }, "geometry": { "type": "Point", "coordinates": [ -85.3162213, 35.0285595 ] }, "id": "node/10907403860" }, { "type": "Feature", "properties": { "@id": "node/10907403862", "highway": "crossing" }, "geometry": { "type": "Point", "coordinates": [ -85.3162957, 35.0284251 ] }, "id": "node/10907403862" }, { "type": "Feature", "properties": { "@id": "node/10907414587", "crossing": "marked", "crossing:island": "no", "highway": "crossing", "kerb": "lowered", "tactile_paving": "yes" }, "geometry": { "type": "Point", "coordinates": [ -85.3166991, 35.0276977 ] }, "id": "node/10907414587" }, { "type": "Feature", "properties": { "@id": "node/10907414588", "crossing": "marked", "crossing:island": "no", "highway": "crossing", "kerb": "flush", "tactile_paving": "yes" }, "geometry": { "type": "Point", "coordinates": [ -85.3167737, 35.0275631 ] }, "id": "node/10907414588" }, { "type": "Feature", "properties": { "@id": "node/10920144759", "crossing": "marked;uncontrolled", "crossing:island": "no", "highway": "crossing", "tactile_paving": "yes" }, "geometry": { "type": "Point", "coordinates": [ -85.3250321, 35.0145762 ] }, "id": "node/10920144759" },
 
 { "type": "Feature", "properties": {"ref": "US 12;US 14;US 18;US 151", "@id": "way/33654972", "NHS": "yes", "hgv": "designated", "hgv:national_network": "yes", "highway": "motorway", "lanes": "5", "maxheight:signed": "no", "maxspeed": "55 mph", "name": "West Beltline Highway", "oneway": "yes",  "source:hgv:national_network": "Title 23: Highways Part 658 http://ecfr.gpoaccess.gov/cgi/t/text/text-idx?c=ecfr&rgn=div5&view=text&node=23:1.0.1.7.33&idno=23", "surface": "concrete", "tiger:cfcc": "A25", "tiger:county": "Dane, WI", "tiger:name_base": "Beltline", "tiger:name_base_1": "United States Highway 14", "tiger:name_base_2": "United States Highway 12", "tiger:name_direction_prefix": "W", "tiger:name_type": "Hwy" }, "geometry": { "type": "LineString", "coordinates": [ [ -89.4459295, 43.0346376 ], [ -89.4454586, 43.0346506 ], [ -89.4445627, 43.0346946 ], [ -89.443613, 43.034762 ], [ -89.442768, 43.03481 ], [ -89.441227, 43.0349034 ] ] }, "id": "way/33654972" }, { "type": "Feature", "properties": { "@id": "way/38254187", "NHS": "yes", "hgv": "designated", "hgv:national_network": "yes", "highway": "motorway", "lanes": "4", "maxheight:signed": "no", "maxspeed": "55 mph", "name": "West Beltline Highway", "oneway": "yes", "ref": "US 12;US 14;US 18;US 151", "source:hgv:national_network": "Title 23: Highways Part 658 http://ecfr.gpoaccess.gov/cgi/t/text/text-idx?c=ecfr&rgn=div5&view=text&node=23:1.0.1.7.33&idno=23", "surface": "asphalt", "tiger:cfcc": "A25", "tiger:county": "Dane, WI", "tiger:name_base": "Beltline", "tiger:name_base_1": "United States Highway 14", "tiger:name_base_2": "United States Highway 12", "tiger:name_direction_prefix": "W", "tiger:name_type": "Hwy" }, "geometry": { "type": "LineString", "coordinates": [ [ -89.4067228, 43.0346183 ], [ -89.4057725, 43.0345879 ], [ -89.4047316, 43.034547 ], [ -89.404192, 43.0345233 ], [ -89.403047, 43.0344795 ], [ -89.4025864, 43.0344714 ], [ -89.4022779, 43.0344746 ], [ -89.4016555, 43.0344967 ], [ -89.400783, 43.03454 ] ] }, "id": "way/38254187" }, { "type": "Feature", "properties": { "@id": "way/38254189", "NHS": "yes", "bridge": "yes", "hgv": "designated", "hgv:national_network": "yes", "highway": "motorway", "lanes": "4", "layer": "1", "maxspeed": "55 mph", "name": "West Beltline Highway", "oneway": "yes", "ref": "US 12;US 14;US 18;US 151", "source:hgv:national_network": "Title 23: Highways Part 658 http://ecfr.gpoaccess.gov/cgi/t/text/text-idx?c=ecfr&rgn=div5&view=text&node=23:1.0.1.7.33&idno=23", "surface": "concrete", "tiger:county": "Dane, WI" }, "geometry": { "type": "LineString", "coordinates": [ [ -89.4231347, 43.0352169 ], [ -89.4223981, 43.0351989 ] ] }, "id": "way/38254189" }, { "type": "Feature", "properties": { "@id": "way/38254190", "NHS": "yes", "hgv": "designated", "hgv:national_network": "yes", "highway": "motorway", "lanes": "4", "maxspeed": "55 mph", "name": "West Beltline Highway", "oneway": "yes", "ref": "US 12;US 14;US 18;US 151", "source:hgv:national_network": "Title 23: Highways Part 658 http://ecfr.gpoaccess.gov/cgi/t/text/text-idx?c=ecfr&rgn=div5&view=text&node=23:1.0.1.7.33&idno=23", "surface": "asphalt", "tiger:cfcc": "A25", "tiger:county": "Dane, WI", "tiger:name_base": "Beltline", "tiger:name_base_1": "United States Highway 18", "tiger:name_base_2": "United States Highway 151", "tiger:name_base_3": "United States Highway 12", "tiger:name_base_4": "United States Highway 14", "tiger:name_direction_prefix": "W", "tiger:name_type": "Hwy" }, "geometry": { "type": "LineString", "coordinates": [ [ -89.4284772, 43.0355614 ], [ -89.428821, 43.035573 ], [ -89.430165, 43.035615 ], [ -89.430712, 43.035626 ], [ -89.431293, 43.035623 ], [ -89.431827, 43.035613 ], [ -89.432506, 43.035585 ], [ -89.433156, 43.03555 ], [ -89.433645, 43.035524 ], [ -89.4361538, 43.0353733 ] ] }, "id": "way/38254190" }, { "type": "Feature", "properties": { "@id": "way/38254192", "NHS": "yes", "bridge": "yes", "hgv": "designated", "hgv:national_network": "yes", "highway": "motorway", "lanes": "4", "layer": "1", "maxspeed": "55 mph", "name": "West Beltline Highway", "oneway": "yes", "ref": "US 12;US 14;US 18;US 151", "source:hgv:national_network": "Title 23: Highways Part 658 http://ecfr.gpoaccess.gov/cgi/t/text/text-idx?c=ecfr&rgn=div5&view=text&node=23:1.0.1.7.33&idno=23", "surface": "concrete", "tiger:county": "Dane, WI" }, "geometry": { "type": "LineString", "coordinates": [ [ -89.4223291, 43.035353 ], [ -89.4230598, 43.0353749 ] ] }, "id": "way/38254192" }, { "type": "Feature", "properties": { "@id": "way/52395165", "NHS": "yes", "hgv": "designated", "hgv:national_network": "yes", "highway": "motorway", "lanes": "4", "maxheight:signed": "no", "maxspeed": "55 mph", "name": "West Beltline Highway", "oneway": "yes", "ref": "US 12;US 14;US 18;US 151", "source:hgv:national_network": "Title 23: Highways Part 658 http://ecfr.gpoaccess.gov/cgi/t/text/text-idx?c=ecfr&rgn=div5&view=text&node=23:1.0.1.7.33&idno=23", "surface": "asphalt", "tiger:cfcc": "A25", "tiger:county": "Dane, WI", "tiger:name_base": "Beltline", "tiger:name_base_1": "United States Highway 18", "tiger:name_base_2": "United States Highway 151", "tiger:name_base_3": "United States Highway 12", "tiger:name_base_4": "United States Highway 14", "tiger:name_direction_prefix": "W", "tiger:name_type": "Hwy" }, "geometry": { "type": "LineString", "coordinates": [ [ -89.4129193, 43.035042 ], [ -89.415581, 43.035126 ], [ -89.415901, 43.035137 ], [ -89.416014, 43.035141 ], [ -89.41717, 43.035175 ], [ -89.418859, 43.035235 ], [ -89.419321, 43.035245 ], [ -89.421185, 43.035311 ], [ -89.421639, 43.035331 ], [ -89.422147, 43.035348 ], [ -89.4223291, 43.035353 ] ] }, "id": "way/52395165" }, { "type": "Feature", "properties": { "@id": "way/230252362", "NHS": "yes", "hgv": "designated", "hgv:national_network": "yes", "highway": "motorway", "lanes": "4", "maxspeed": "55 mph", "name": "West Beltline Highway", "oneway": "yes", "ref": "US 12;US 14;US 18;US 151", "source:hgv:national_network": "Title 23: Highways Part 658 http://ecfr.gpoaccess.gov/cgi/t/text/text-idx?c=ecfr&rgn=div5&view=text&node=23:1.0.1.7.33&idno=23", "surface": "asphalt", "tiger:cfcc": "A25", "tiger:county": "Dane, WI", "tiger:name_base": "Beltline", "tiger:name_base_1": "United States Highway 14", "tiger:name_base_2": "United States Highway 12", "tiger:name_direction_prefix": "W", "tiger:name_type": "Hwy" }, "geometry": { "type": "LineString", "coordinates": [ [ -89.4328833, 43.0354047 ], [ -89.4321907, 43.0354476 ], [ -89.4315032, 43.0354718 ], [ -89.4306449, 43.0354765 ], [ -89.4299435, 43.0354577 ], [ -89.4287706, 43.0354101 ], [ -89.428054, 43.035382 ], [ -89.426508, 43.035331 ], [ -89.425915, 43.035308 ], [ -89.424751, 43.035271 ], [ -89.424668, 43.035268 ], [ -89.423606, 43.03523 ], [ -89.4231347, 43.0352169 ] ] }, "id": "way/230252362" }, { "type": "Feature", "properties": { "@id": "way/700431563", "NHS": "yes", "hgv": "designated", "hgv:national_network": "yes", "highway": "motorway", "lanes": "5", "maxheight:signed": "no", "maxspeed": "55 mph", "name": "West Beltline Highway", "oneway": "yes", "ref": "US 12;US 14;US 18;US 151", "source:hgv:national_network": "Title 23: Highways Part 658 http://ecfr.gpoaccess.gov/cgi/t/text/text-idx?c=ecfr&rgn=div5&view=text&node=23:1.0.1.7.33&idno=23", "surface": "asphalt", "tiger:cfcc": "A25", "tiger:county": "Dane, WI", "tiger:name_base": "Beltline", "tiger:name_base_1": "United States Highway 14", "tiger:name_base_2": "United States Highway 12", "tiger:name_direction_prefix": "W", "tiger:name_type": "Hwy" }, "geometry": { "type": "LineString", "coordinates": [ [ -89.441227, 43.0349034 ], [ -89.43904, 43.035036 ], [ -89.4368855, 43.0351641 ] ] }, "id": "way/700431563" }, { "type": "Feature", "properties": { "@id": "way/700431564", "NHS": "yes", "hgv": "designated", "hgv:national_network": "yes", "highway": "motorway", "lanes": "4", "maxheight:signed": "no", "maxspeed": "55 mph", "name": "West Beltline Highway", "oneway": "yes", "ref": "US 12;US 14;US 18;US 151", "source:hgv:national_network": "Title 23: Highways Part 658 http://ecfr.gpoaccess.gov/cgi/t/text/text-idx?c=ecfr&rgn=div5&view=text&node=23:1.0.1.7.33&idno=23", "surface": "asphalt", "tiger:cfcc": "A25", "tiger:county": "Dane, WI", "tiger:name_base": "Beltline", "tiger:name_base_1": "United States Highway 18", "tiger:name_base_2": "United States Highway 151", "tiger:name_base_3": "United States Highway 12", "tiger:name_base_4": "United States Highway 14", "tiger:name_direction_prefix": "W", "tiger:name_type": "Hwy" }, "geometry": { "type": "LineString", "coordinates": [ [ -89.4381919, 43.0352421 ], [ -89.4412415, 43.0350645 ] ] }, "id": "way/700431564" }, { "type": "Feature", "properties": { "@id": "way/700431579", "NHS": "yes", "hgv": "designated", "hgv:national_network": "yes", "highway": "motorway", "lanes": "4", "maxheight:signed": "no", "maxspeed": "55 mph", "name": "West Beltline Highway", "oneway": "yes", "ref": "US 12;US 14;US 18;US 151", "source:hgv:national_network": "Title 23: Highways Part 658 http://ecfr.gpoaccess.gov/cgi/t/text/text-idx?c=ecfr&rgn=div5&view=text&node=23:1.0.1.7.33&idno=23", "surface": "asphalt", "tiger:cfcc": "A25", "tiger:county": "Dane, WI", "tiger:name_base": "Beltline", "tiger:name_base_1": "United States Highway 18", "tiger:name_base_2": "United States Highway 151", "tiger:name_base_3": "United States Highway 12", "tiger:name_base_4": "United States Highway 14", "tiger:name_direction_prefix": "W", "tiger:name_type": "Hwy" }, "geometry": { "type": "LineString", "coordinates": [ [ -89.401328, 43.034664 ], [ -89.401715, 43.034646 ], [ -89.402546, 43.034627 ], [ -89.403023, 43.034638 ], [ -89.407386, 43.034812 ], [ -89.408971, 43.03488 ], [ -89.408997, 43.034881 ], [ -89.409046, 43.034883 ], [ -89.409523, 43.0349 ], [ -89.410177, 43.034929 ] ] }, "id": "way/700431579" }, { "type": "Feature", "properties": { "@id": "way/700431580", "NHS": "yes", "hgv": "designated", "hgv:national_network": "yes", "highway": "motorway", "lanes": "4", "maxheight:signed": "no", "maxspeed": "55 mph", "name": "West Beltline Highway", "oneway": "yes", "ref": "US 12;US 14;US 18;US 151", "source:hgv:national_network": "Title 23: Highways Part 658 http://ecfr.gpoaccess.gov/cgi/t/text/text-idx?c=ecfr&rgn=div5&view=text&node=23:1.0.1.7.33&idno=23", "surface": "asphalt", "tiger:cfcc": "A25", "tiger:county": "Dane, WI", "tiger:name_base": "Beltline", "tiger:name_base_1": "United States Highway 14", "tiger:name_base_2": "United States Highway 12", "tiger:name_direction_prefix": "W", "tiger:name_type": "Hwy" }, "geometry": { "type": "LineString", "coordinates": [ [ -89.4223981, 43.0351989 ], [ -89.4219499, 43.0351828 ], [ -89.419495, 43.035093 ], [ -89.417692, 43.035028 ], [ -89.416776, 43.034999 ], [ -89.41651, 43.034991 ], [ -89.416108, 43.034973 ], [ -89.415916, 43.034965 ], [ -89.415846, 43.034963 ], [ -89.415254, 43.034949 ], [ -89.413988, 43.034902 ] ] }, "id": "way/700431580" }, { "type": "Feature", "properties": { "@id": "way/700431586", "NHS": "yes", "hgv": "designated", "hgv:national_network": "yes", "highway": "motorway", "lanes": "5", "maxspeed": "55 mph", "name": "West Beltline Highway", "oneway": "yes", "ref": "US 12;US 14;US 18;US 151", "source:hgv:national_network": "Title 23: Highways Part 658 http://ecfr.gpoaccess.gov/cgi/t/text/text-idx?c=ecfr&rgn=div5&view=text&node=23:1.0.1.7.33&idno=23", "surface": "concrete", "tiger:cfcc": "A25", "tiger:county": "Dane, WI", "tiger:name_base": "Beltline", "tiger:name_base_1": "United States Highway 18", "tiger:name_base_2": "United States Highway 151", "tiger:name_base_3": "United States Highway 12", "tiger:name_base_4": "United States Highway 14", "tiger:name_direction_prefix": "W", "tiger:name_type": "Hwy", "turn:lanes": "||through;slight_right|slight_right" }, "geometry": { "type": "LineString", "coordinates": [ [ -89.3966947, 43.0355113 ], [ -89.397551, 43.035287 ], [ -89.398441, 43.03507 ], [ -89.398977, 43.034958 ], [ -89.399715, 43.034837 ], [ -89.400153, 43.034776 ], [ -89.4004528, 43.0347379 ], [ -89.400811, 43.034703 ], [ -89.401328, 43.034664 ] ] }, "id": "way/700431586" }, { "type": "Feature", "properties": { "@id": "way/901797360", "NHS": "yes", "destination:lanes": "Baraboo;La Crosse|Baraboo;La Crosse|Baraboo;La Crosse;Dodgeville|Dodgeville", "hgv": "designated", "hgv:national_network": "yes", "highway": "motorway", "lanes": "5", "maxheight:signed": "no", "maxspeed": "55 mph", "name": "West Beltline Highway", "oneway": "yes", "ref": "US 12;US 14;US 18;US 151", "source:hgv:national_network": "Title 23: Highways Part 658 http://ecfr.gpoaccess.gov/cgi/t/text/text-idx?c=ecfr&rgn=div5&view=text&node=23:1.0.1.7.33&idno=23", "surface": "concrete", "tiger:cfcc": "A25", "tiger:county": "Dane, WI", "tiger:name_base": "Beltline", "tiger:name_base_1": "United States Highway 18", "tiger:name_base_2": "United States Highway 151", "tiger:name_base_3": "United States Highway 12", "tiger:name_base_4": "United States Highway 14", "tiger:name_direction_prefix": "W", "tiger:name_type": "Hwy", "turn:lanes": "through|through|through;slight_right|slight_right" }, "geometry": { "type": "LineString", "coordinates": [ [ -89.443602, 43.034927 ], [ -89.445007, 43.034847 ], [ -89.445363, 43.03483 ], [ -89.4455641, 43.0348238 ] ] }, "id": "way/901797360" }, { "type": "Feature", "properties": { "@id": "way/1043458392", "NHS": "yes", "destination:lanes": "|||Todd Drive", "hgv": "designated", "hgv:national_network": "yes", "highway": "motorway", "lanes": "5", "maxspeed": "55 mph", "name": "West Beltline Highway", "oneway": "yes", "ref": "US 12;US 14;US 18;US 151", "source:hgv:national_network": "Title 23: Highways Part 658 http://ecfr.gpoaccess.gov/cgi/t/text/text-idx?c=ecfr&rgn=div5&view=text&node=23:1.0.1.7.33&idno=23", "surface": "asphalt", "tiger:cfcc": "A25", "tiger:county": "Dane, WI", "tiger:name_base": "Beltline", "tiger:name_base_1": "United States Highway 14", "tiger:name_base_2": "United States Highway 12", "tiger:name_direction_prefix": "W", "tiger:name_type": "Hwy", "turn:lanes": "|||slight_right" }, "geometry": { "type": "LineString", "coordinates": [ [ -89.4368855, 43.0351641 ], [ -89.436391, 43.035193 ], [ -89.435865, 43.035227 ], [ -89.434714, 43.035291 ], [ -89.433985, 43.035338 ], [ -89.4328833, 43.0354047 ] ] }, "id": "way/1043458392" }, { "type": "Feature", "properties": { "@id": "way/1043471880", "NHS": "yes", "destination:lanes": "|||Fish Hatchery Road", "hgv": "designated", "hgv:national_network": "yes", "highway": "motorway", "lanes": "5", "maxspeed": "55 mph", "name": "West Beltline Highway", "oneway": "yes", "ref": "US 12;US 14;US 18;US 151", "source:hgv:national_network": "Title 23: Highways Part 658 http://ecfr.gpoaccess.gov/cgi/t/text/text-idx?c=ecfr&rgn=div5&view=text&node=23:1.0.1.7.33&idno=23", "surface": "asphalt", "tiger:cfcc": "A25", "tiger:county": "Dane, WI", "tiger:name_base": "Beltline", "tiger:name_base_1": "United States Highway 14", "tiger:name_base_2": "United States Highway 12", "tiger:name_direction_prefix": "W", "tiger:name_type": "Hwy", "turn:lanes": "|||through;slight_right" }, "geometry": { "type": "LineString", "coordinates": [ [ -89.413988, 43.034902 ], [ -89.412402, 43.034851 ], [ -89.412183, 43.034844 ], [ -89.411465, 43.034813 ], [ -89.410985, 43.034795 ], [ -89.410583, 43.03478 ], [ -89.410043, 43.03476 ] ] }, "id": "way/1043471880" }, { "type": "Feature", "properties": { "@id": "way/1043471881", "NHS": "yes", "destination:lanes": "none|none|none|Fish Hatchery Road", "hgv": "designated", "hgv:national_network": "yes", "highway": "motorway", "lanes": "4", "maxheight:signed": "no", "maxspeed": "55 mph", "name": "West Beltline Highway", "oneway": "yes", "ref": "US 12;US 14;US 18;US 151", "source:hgv:national_network": "Title 23: Highways Part 658 http://ecfr.gpoaccess.gov/cgi/t/text/text-idx?c=ecfr&rgn=div5&view=text&node=23:1.0.1.7.33&idno=23", "surface": "asphalt", "tiger:cfcc": "A25", "tiger:county": "Dane, WI", "tiger:name_base": "Beltline", "tiger:name_base_1": "United States Highway 14", "tiger:name_base_2": "United States Highway 12", "tiger:name_direction_prefix": "W", "tiger:name_type": "Hwy", "turn:lanes": "|||slight_right" }, "geometry": { "type": "LineString", "coordinates": [ [ -89.410043, 43.03476 ], [ -89.409051, 43.034717 ], [ -89.408269, 43.0346838 ] ] }, "id": "way/1043471881" }, { "type": "Feature", "properties": { "@id": "way/1095180403", "NHS": "yes", "hgv": "designated", "hgv:national_network": "yes", "highway": "motorway", "lanes": "4", "maxspeed": "55 mph", "name": "West Beltline Highway", "oneway": "yes", "ref": "US 12;US 14;US 18;US 151", "source:hgv:national_network": "Title 23: Highways Part 658 http://ecfr.gpoaccess.gov/cgi/t/text/text-idx?c=ecfr&rgn=div5&view=text&node=23:1.0.1.7.33&idno=23", "surface": "asphalt", "tiger:cfcc": "A25", "tiger:county": "Dane, WI", "tiger:name_base": "Beltline", "tiger:name_base_1": "United States Highway 18", "tiger:name_base_2": "United States Highway 151", "tiger:name_base_3": "United States Highway 12", "tiger:name_base_4": "United States Highway 14", "tiger:name_direction_prefix": "W", "tiger:name_type": "Hwy", "turn:lanes": "||through;slight_right" }, "geometry": { "type": "LineString", "coordinates": [ [ -89.4361538, 43.0353733 ], [ -89.436824, 43.035333 ], [ -89.4381919, 43.0352421 ] ] }, "id": "way/1095180403" }, { "type": "Feature", "properties": { "@id": "way/1096977507", "NHS": "yes", "hgv": "designated", "hgv:national_network": "yes", "highway": "motorway", "lanes": "5", "maxspeed": "55 mph", "name": "West Beltline Highway", "oneway": "yes", "ref": "US 12;US 14;US 18;US 151", "source:hgv:national_network": "Title 23: Highways Part 658 http://ecfr.gpoaccess.gov/cgi/t/text/text-idx?c=ecfr&rgn=div5&view=text&node=23:1.0.1.7.33&idno=23", "surface": "asphalt", "tiger:cfcc": "A25", "tiger:county": "Dane, WI", "tiger:name_base": "Beltline", "tiger:name_base_1": "United States Highway 18", "tiger:name_base_2": "United States Highway 151", "tiger:name_base_3": "United States Highway 12", "tiger:name_base_4": "United States Highway 14", "tiger:name_direction_prefix": "W", "tiger:name_type": "Hwy", "turn:lanes": "|||slight_right" }, "geometry": { "type": "LineString", "coordinates": [ [ -89.410177, 43.034929 ], [ -89.4129193, 43.035042 ] ] }, "id": "way/1096977507" }, { "type": "Feature", "properties": { "@id": "way/1171230732", "NHS": "yes", "hgv": "designated", "hgv:national_network": "yes", "highway": "motorway", "lanes": "5", "maxspeed": "55 mph", "name": "West Beltline Highway", "oneway": "yes", "ref": "US 12;US 14;US 18;US 151", "source:hgv:national_network": "Title 23: Highways Part 658 http://ecfr.gpoaccess.gov/cgi/t/text/text-idx?c=ecfr&rgn=div5&view=text&node=23:1.0.1.7.33&idno=23", "surface": "asphalt", "tiger:cfcc": "A25", "tiger:county": "Dane, WI", "tiger:name_base": "Beltline", "tiger:name_base_1": "United States Highway 14", "tiger:name_base_2": "United States Highway 12", "tiger:name_direction_prefix": "W", "tiger:name_type": "Hwy", "turn:lanes": "|||slight_right" }, "geometry": { "type": "LineString", "coordinates": [ [ -89.400783, 43.03454 ], [ -89.4004495, 43.0345707 ], [ -89.4000988, 43.034614 ], [ -89.39967, 43.034676 ], [ -89.3991248, 43.034763 ], [ -89.3986425, 43.0348461 ] ] }, "id": "way/1171230732" }, { "type": "Feature", "properties": { "@id": "way/1383837711", "NHS": "yes", "destination:lanes": "none|none|none|Fish Hatchery Road", "hgv": "designated", "hgv:national_network": "yes", "highway": "motorway", "lanes": "5", "maxheight:signed": "no", "maxspeed": "55 mph", "name": "West Beltline Highway", "oneway": "yes", "ref": "US 12;US 14;US 18;US 151", "source:hgv:national_network": "Title 23: Highways Part 658 http://ecfr.gpoaccess.gov/cgi/t/text/text-idx?c=ecfr&rgn=div5&view=text&node=23:1.0.1.7.33&idno=23", "surface": "asphalt", "tiger:cfcc": "A25", "tiger:county": "Dane, WI", "tiger:name_base": "Beltline", "tiger:name_base_1": "United States Highway 14", "tiger:name_base_2": "United States Highway 12", "tiger:name_direction_prefix": "W", "tiger:name_type": "Hwy", "turn:lanes": "|||slight_right" }, "geometry": { "type": "LineString", "coordinates": [ [ -89.408269, 43.0346838 ], [ -89.407825, 43.034665 ], [ -89.4073683, 43.0346445 ], [ -89.4070621, 43.0346302 ], [ -89.4067228, 43.0346183 ] ] }, "id": "way/1383837711" }, { "type": "Feature", "properties": { "@id": "way/1383837712", "NHS": "yes", "hgv": "designated", "hgv:national_network": "yes", "highway": "motorway", "lanes": "4", "maxheight:signed": "no", "maxspeed": "55 mph", "name": "West Beltline Highway", "oneway": "yes", "ref": "US 12;US 14;US 18;US 151", "source:hgv:national_network": "Title 23: Highways Part 658 http://ecfr.gpoaccess.gov/cgi/t/text/text-idx?c=ecfr&rgn=div5&view=text&node=23:1.0.1.7.33&idno=23", "surface": "concrete", "tiger:cfcc": "A25", "tiger:county": "Dane, WI", "tiger:name_base": "Beltline", "tiger:name_base_1": "United States Highway 18", "tiger:name_base_2": "United States Highway 151", "tiger:name_base_3": "United States Highway 12", "tiger:name_base_4": "United States Highway 14", "tiger:name_direction_prefix": "W", "tiger:name_type": "Hwy" }, "geometry": { "type": "LineString", "coordinates": [ [ -89.4412415, 43.0350645 ], [ -89.4427136, 43.0349788 ] ] }, "id": "way/1383837712" }, { "type": "Feature", "properties": { "@id": "way/1383926213", "NHS": "yes", "hgv": "designated", "hgv:national_network": "yes", "highway": "motorway", "lanes": "4", "maxspeed": "55 mph", "name": "West Beltline Highway", "oneway": "yes", "ref": "US 12;US 14;US 18;US 151", "source:hgv:national_network": "Title 23: Highways Part 658 http://ecfr.gpoaccess.gov/cgi/t/text/text-idx?c=ecfr&rgn=div5&view=text&node=23:1.0.1.7.33&idno=23", "surface": "asphalt", "tiger:cfcc": "A25", "tiger:county": "Dane, WI", "tiger:name_base": "Beltline", "tiger:name_base_1": "United States Highway 18", "tiger:name_base_2": "United States Highway 151", "tiger:name_base_3": "United States Highway 12", "tiger:name_base_4": "United States Highway 14", "tiger:name_direction_prefix": "W", "tiger:name_type": "Hwy" }, "geometry": { "type": "LineString", "coordinates": [ [ -89.4230598, 43.0353749 ], [ -89.423638, 43.035398 ], [ -89.427751, 43.0355369 ] ] }, "id": "way/1383926213" }, { "type": "Feature", "properties": { "@id": "way/1383926214", "NHS": "yes", "hgv": "designated", "hgv:national_network": "yes", "highway": "motorway", "lanes": "5", "maxspeed": "55 mph", "name": "West Beltline Highway", "oneway": "yes", "ref": "US 12;US 14;US 18;US 151", "source:hgv:national_network": "Title 23: Highways Part 658 http://ecfr.gpoaccess.gov/cgi/t/text/text-idx?c=ecfr&rgn=div5&view=text&node=23:1.0.1.7.33&idno=23", "surface": "asphalt", "tiger:cfcc": "A25", "tiger:county": "Dane, WI", "tiger:name_base": "Beltline", "tiger:name_base_1": "United States Highway 18", "tiger:name_base_2": "United States Highway 151", "tiger:name_base_3": "United States Highway 12", "tiger:name_base_4": "United States Highway 14", "tiger:name_direction_prefix": "W", "tiger:name_type": "Hwy" }, "geometry": { "type": "LineString", "coordinates": [ [ -89.427751, 43.0355369 ], [ -89.4284772, 43.0355614 ] ] }, "id": "way/1383926214" }, { "type": "Feature", "properties": { "@id": "way/1383926215", "NHS": "yes", "hgv": "designated", "hgv:national_network": "yes", "highway": "motorway", "lanes": "5", "maxheight:signed": "no", "maxspeed": "55 mph", "name": "West Beltline Highway", "oneway": "yes", "ref": "US 12;US 14;US 18;US 151", "source:hgv:national_network": "Title 23: Highways Part 658 http://ecfr.gpoaccess.gov/cgi/t/text/text-idx?c=ecfr&rgn=div5&view=text&node=23:1.0.1.7.33&idno=23", "surface": "concrete", "tiger:cfcc": "A25", "tiger:county": "Dane, WI", "tiger:name_base": "Beltline", "tiger:name_base_1": "United States Highway 18", "tiger:name_base_2": "United States Highway 151", "tiger:name_base_3": "United States Highway 12", "tiger:name_base_4": "United States Highway 14", "tiger:name_direction_prefix": "W", "tiger:name_type": "Hwy" }, "geometry": { "type": "LineString", "coordinates": [ [ -89.4427136, 43.0349788 ], [ -89.443602, 43.034927 ] ] }, "id": "way/1383926215" }, { "type": "Feature", "properties": { "@id": "node/53278670", "highway": "motorway_junction", "ref": "260A-B" }, "geometry": { "type": "Point", "coordinates": [ -89.401328, 43.034664 ] }, "id": "node/53278670" }, { "type": "Feature", "properties": { "@id": "node/53278691", "highway": "motorway_junction", "ref": "259" }, "geometry": { "type": "Point", "coordinates": [ -89.4129193, 43.035042 ] }, "id": "node/53278691" }, { "type": "Feature", "properties": { "@id": "node/53278738", "highway": "motorway_junction", "ref": "258A" }, "geometry": { "type": "Point", "coordinates": [ -89.4381919, 43.0352421 ] }, "id": "node/53278738" }, { "type": "Feature", "properties": { "@id": "node/53279303", "highway": "motorway_junction", "ref": "261" }, "geometry": { "type": "Point", "coordinates": [ -89.3986425, 43.0348461 ] }, "id": "node/53279303" }, { "type": "Feature", "properties": { "@id": "node/53279326", "highway": "motorway_junction", "ref": "260B" }, "geometry": { "type": "Point", "coordinates": [ -89.4067228, 43.0346183 ] }, "id": "node/53279326" }, { "type": "Feature", "properties": { "@id": "node/53279334", "highway": "motorway_junction", "ref": "260A" }, "geometry": { "type": "Point", "coordinates": [ -89.410043, 43.03476 ] }, "id": "node/53279334" }, { "type": "Feature", "properties": { "@id": "node/53279384", "highway": "motorway_junction", "ref": "259" }, "geometry": { "type": "Point", "coordinates": [ -89.4328833, 43.0354047 ] }, "id": "node/53279384" }, { "type": "Feature", "properties": { "@id": "node/8376903471", "highway": "motorway_junction", "ref": "258" }, "geometry": { "type": "Point", "coordinates": [ -89.4455641, 43.0348238 ] }, "id": "node/8376903471" },

{ "type": "Feature", "properties": { "ref": "I 376;US 19;US 22;US 30;US 19 Truck", "@id": "way/51189154", "NHS": "Interstate", "destination:lanes": "North Shore;Monroeville|Monroeville|West End|Uniontown", "destination:ref:lanes": "I 279 North;I 376 East|I 376 East|US 19 North;PA 51 North|US 19 Truck South;PA 51 South", "hazmat:lanes": "no|no|designated|designated", "hgv": "designated", "hgv:national_network": "yes", "highway": "motorway", "lanes": "4", "lit": "yes", "maxspeed": "50 mph", "maxspeed:hgv": "25 mph", "name": "Penn-Lincoln Parkway West", "old_ref": "I 279", "old_ref:legislative": "766", "old_ref:penndot": "SR 0279", "oneway": "yes",  "ref:penndot": "SR 0376", "source:hgv:national_network": "https://www.ecfr.gov/current/title-23/chapter-I/subchapter-G/part-658;https://hepgis-usdot.hub.arcgis.com/apps/usdot::national-network-conventional-combination-trucks-map", "surface": "asphalt", "turn:lanes": "none|none|none|slight_right" }, "geometry": { "type": "LineString", "coordinates": [ [ -80.029563, 40.4286362 ], [ -80.0293645, 40.4287985 ], [ -80.0291881, 40.4289315 ], [ -80.0291577, 40.4289544 ], [ -80.0278955, 40.4298367 ] ] }, "id": "way/51189154" }, { "type": "Feature", "properties": { "@id": "way/549621864", "NHS": "Interstate", "bicycle": "no", "destination:lanes": "North Shore;Monroeville|Monroeville|West End|Uniontown", "destination:ref:lanes": "I 279 North;I 376 East|I 376 East|US 19 North;PA 51 North|US 19 Truck South;PA 51 South", "hazmat:lanes": "no|no|designated|designated", "hgv": "designated", "hgv:national_network": "yes", "highway": "motorway", "lanes": "4", "maxspeed": "50 mph", "maxspeed:hgv": "25 mph", "name": "Penn-Lincoln Parkway West", "old_ref": "I 279", "old_ref:legislative": "766", "old_ref:penndot": "SR 0279", "oneway": "yes", "ref": "I 376;US 19;US 22;US 30;US 19 Truck", "ref:penndot": "SR 0376", "source:hgv:national_network": "https://www.ecfr.gov/current/title-23/chapter-I/subchapter-G/part-658;https://hepgis-usdot.hub.arcgis.com/apps/usdot::national-network-conventional-combination-trucks-map", "surface": "asphalt", "turn:lanes": "none|none|none|slight_right" }, "geometry": { "type": "LineString", "coordinates": [ [ -80.0278955, 40.4298367 ], [ -80.0275432, 40.4300672 ], [ -80.02725, 40.430251 ] ] }, "id": "way/549621864" },
 { "type": "Feature", "properties": { "ref": "I 376;US 19;US 22;US 30", "@id": "way/54224040", "NHS": "Interstate", "bicycle": "no", "change:lanes": "no|no|no", "destination:lanes": "North Shore;Monroeville|Monroeville|West End", "destination:ref:lanes": "I 279 North;I 376 East|I 376 East|US 19 North;PA 51 North", "hazmat:lanes": "no|no|designated", "hgv": "designated", "hgv:national_network": "yes", "highway": "motorway", "lanes": "3", "lit": "yes", "maxspeed": "50 mph", "maxspeed:hgv": "25 mph", "name": "Penn-Lincoln Parkway West", "old_ref": "I 279", "old_ref:legislative": "766", "old_ref:penndot": "SR 0279", "oneway": "yes",  "ref:penndot": "SR 0376", "source:hgv:national_network": "https://www.ecfr.gov/current/title-23/chapter-I/subchapter-G/part-658;https://hepgis-usdot.hub.arcgis.com/apps/usdot::national-network-conventional-combination-trucks-map", "surface": "asphalt", "turn:lanes": "||right", "unsigned_ref": "US 19 Truck" }, "geometry": { "type": "LineString", "coordinates": [ [ -80.02725, 40.430251 ], [ -80.0267454, 40.4305373 ], [ -80.0260262, 40.43092 ] ] }, "id": "way/54224040" },


{ "type": "Feature", "properties": {"ref": "I 26;US 19;US 23;US 25;US 70", "@id": "way/49481120", "bicycle": "no", "foot": "no", "fut_ref": "I 26", "hgv": "designated", "hgv:national_network": "yes", "highway": "motorway", "horse": "no", "lanes": "2", "maxspeed": "60 mph", "oneway": "yes", "source:hgv": "https://ncdot.maps.arcgis.com/home/webmap/viewer.html?webmap=a8f091b8fadc4c5d8bb905bf44556a5d", "surface": "asphalt" }, "geometry": { "type": "LineString", "coordinates": [ [ -82.5838981, 35.6738654 ], [ -82.5835263, 35.675003 ], [ -82.5829942, 35.676753 ], [ -82.5811745, 35.6821702 ], [ -82.5807368, 35.6835994 ], [ -82.5798613, 35.6862486 ], [ -82.5791404, 35.6888082 ] ] }, "id": "way/49481120" }, { "type": "Feature", "properties": { "@id": "way/49481121", "bicycle": "no", "bridge": "yes", "foot": "no", "fut_ref": "I 26", "hgv": "designated", "hgv:national_network": "yes", "highway": "motorway", "horse": "no", "lanes": "2", "layer": "1", "maxspeed": "60 mph", "oneway": "yes", "ref": "I 26;US 19;US 23;US 25;US 70", "source:hgv": "https://ncdot.maps.arcgis.com/home/webmap/viewer.html?webmap=a8f091b8fadc4c5d8bb905bf44556a5d" }, "geometry": { "type": "LineString", "coordinates": [ [ -82.5840367, 35.6734659 ], [ -82.5838981, 35.6738654 ] ] }, "id": "way/49481121" }, { "type": "Feature", "properties": { "@id": "way/49481122", "bicycle": "no", "bridge": "yes", "foot": "no", "fut_ref": "I 26", "hgv": "designated", "hgv:national_network": "yes", "highway": "motorway", "horse": "no", "lanes": "2", "layer": "1", "maxspeed": "60 mph", "oneway": "yes", "ref": "I 26;US 19;US 23;US 25;US 70", "source:hgv": "https://ncdot.maps.arcgis.com/home/webmap/viewer.html?webmap=a8f091b8fadc4c5d8bb905bf44556a5d" }, "geometry": { "type": "LineString", "coordinates": [ [ -82.5840927, 35.6740641 ], [ -82.5842237, 35.6736418 ] ] }, "id": "way/49481122" }, { "type": "Feature", "properties": { "@id": "way/49481124", "bicycle": "no", "foot": "no", "fut_ref": "I 26", "hgv": "designated", "hgv:national_network": "yes", "highway": "motorway", "horse": "no", "lanes": "2", "maxspeed": "60 mph", "oneway": "yes", "ref": "I 26;US 19;US 23;US 25;US 70", "source:hgv": "https://ncdot.maps.arcgis.com/home/webmap/viewer.html?webmap=a8f091b8fadc4c5d8bb905bf44556a5d", "surface": "asphalt" }, "geometry": { "type": "LineString", "coordinates": [ [ -82.5842237, 35.6736418 ], [ -82.5848653, 35.6716631 ], [ -82.5853953, 35.6700536 ], [ -82.5856614, 35.6692501 ], [ -82.5857887, 35.6686986 ], [ -82.5858568, 35.6681 ], [ -82.5858392, 35.6674311 ], [ -82.5857567, 35.6668167 ], [ -82.585523, 35.665964 ], [ -82.5851868, 35.6649197 ], [ -82.5848353, 35.663747 ] ] }, "id": "way/49481124" }, { "type": "Feature", "properties": { "@id": "way/49481135", "bicycle": "no", "foot": "no", "fut_ref": "I 26", "hgv": "designated", "hgv:national_network": "yes", "highway": "motorway", "horse": "no", "lanes": "2", "maxspeed": "60 mph", "oneway": "yes", "ref": "I 26;US 19;US 23;US 25;US 70", "source:hgv": "https://ncdot.maps.arcgis.com/home/webmap/viewer.html?webmap=a8f091b8fadc4c5d8bb905bf44556a5d", "surface": "asphalt" }, "geometry": { "type": "LineString", "coordinates": [ [ -82.5845799, 35.6636296 ], [ -82.5849018, 35.6647105 ], [ -82.5855514, 35.6669329 ], [ -82.5856217, 35.6674474 ], [ -82.5856429, 35.6679707 ], [ -82.5855952, 35.6685523 ], [ -82.5854738, 35.6691382 ], [ -82.5849984, 35.6705591 ], [ -82.5845599, 35.6718878 ], [ -82.584158, 35.6731259 ], [ -82.5840367, 35.6734659 ] ] }, "id": "way/49481135" }, { "type": "Feature", "properties": { "@id": "way/49481137", "bicycle": "no", "bridge": "yes", "foot": "no", "fut_ref": "I 26", "hgv": "designated", "hgv:national_network": "yes", "highway": "motorway", "horse": "no", "lanes": "2", "layer": "1", "maxspeed": "60 mph", "oneway": "yes", "ref": "I 26;US 19;US 23;US 25;US 70", "source:hgv": "https://ncdot.maps.arcgis.com/home/webmap/viewer.html?webmap=a8f091b8fadc4c5d8bb905bf44556a5d" }, "geometry": { "type": "LineString", "coordinates": [ [ -82.5848353, 35.663747 ], [ -82.584685, 35.6633048 ] ] }, "id": "way/49481137" }, { "type": "Feature", "properties": { "@id": "way/49481138", "bicycle": "no", "foot": "no", "fut_ref": "I 26", "hgv": "designated", "hgv:national_network": "yes", "highway": "motorway", "horse": "no", "lanes": "2", "maxspeed": "60 mph", "oneway": "yes", "ref": "I 26;US 19;US 23;US 25;US 70", "source:hgv": "https://ncdot.maps.arcgis.com/home/webmap/viewer.html?webmap=a8f091b8fadc4c5d8bb905bf44556a5d" }, "geometry": { "type": "LineString", "coordinates": [ [ -82.584685, 35.6633048 ], [ -82.5840817, 35.661372 ], [ -82.5835714, 35.6598029 ], [ -82.5830073, 35.6579328 ], [ -82.5828139, 35.6572773 ], [ -82.5825767, 35.6564822 ], [ -82.5824662, 35.6558566 ], [ -82.5824157, 35.655384 ], [ -82.5823999, 35.6550621 ], [ -82.58245, 35.6542596 ], [ -82.5825475, 35.6535601 ], [ -82.582635, 35.653012 ], [ -82.5826872, 35.6526147 ], [ -82.582771, 35.6519839 ], [ -82.5828397, 35.6514887 ], [ -82.5829062, 35.6509459 ] ] }, "id": "way/49481138" }, { "type": "Feature", "properties": { "@id": "way/49481143", "bicycle": "no", "foot": "no", "fut_ref": "I 26", "hgv": "designated", "hgv:national_network": "yes", "highway": "motorway", "horse": "no", "lanes": "2", "maxspeed": "60 mph", "oneway": "yes", "ref": "I 26;US 19;US 23;US 25;US 70", "source:hgv": "https://ncdot.maps.arcgis.com/home/webmap/viewer.html?webmap=a8f091b8fadc4c5d8bb905bf44556a5d" }, "geometry": { "type": "LineString", "coordinates": [ [ -82.5820587, 35.6472667 ], [ -82.5825135, 35.6487547 ], [ -82.5826811, 35.6497089 ], [ -82.5827134, 35.6506475 ], [ -82.5826487, 35.6514256 ], [ -82.5825528, 35.6521137 ], [ -82.5822429, 35.6541878 ], [ -82.582208, 35.6547238 ], [ -82.5821994, 35.6553106 ], [ -82.5822646, 35.6559383 ], [ -82.5823763, 35.6564864 ], [ -82.5825169, 35.6570229 ], [ -82.5835599, 35.6603789 ], [ -82.5844297, 35.66322 ] ] }, "id": "way/49481143" }, { "type": "Feature", "properties": { "@id": "way/49481145", "bicycle": "no", "bridge": "yes", "foot": "no", "fut_ref": "I 26", "hgv": "designated", "hgv:national_network": "yes", "highway": "motorway", "horse": "no", "lanes": "2", "layer": "1", "maxspeed": "60 mph", "oneway": "yes", "ref": "I 26;US 19;US 23;US 25;US 70", "source:hgv": "https://ncdot.maps.arcgis.com/home/webmap/viewer.html?webmap=a8f091b8fadc4c5d8bb905bf44556a5d" }, "geometry": { "type": "LineString", "coordinates": [ [ -82.5844297, 35.66322 ], [ -82.5845799, 35.6636296 ] ] }, "id": "way/49481145" }, { "type": "Feature", "properties": { "@id": "way/49481559", "bicycle": "no", "bridge": "yes", "foot": "no", "fut_ref": "I 26", "hgv": "designated", "hgv:national_network": "yes", "highway": "motorway", "horse": "no", "lanes": "2", "layer": "1", "maxspeed": "60 mph", "oneway": "yes", "ref": "I 26;US 19;US 23;US 25;US 70", "source:hgv": "https://ncdot.maps.arcgis.com/home/webmap/viewer.html?webmap=a8f091b8fadc4c5d8bb905bf44556a5d", "surface": "asphalt" }, "geometry": { "type": "LineString", "coordinates": [ [ -82.5791593, 35.6894916 ], [ -82.579355, 35.6888343 ] ] }, "id": "way/49481559" }, { "type": "Feature", "properties": { "@id": "way/49481560", "bicycle": "no", "foot": "no", "fut_ref": "I 26", "hgv": "designated", "hgv:national_network": "yes", "highway": "motorway", "horse": "no", "lanes": "2", "maxspeed": "60 mph", "oneway": "yes", "ref": "I 26;US 19;US 23;US 25;US 70", "source:hgv": "https://ncdot.maps.arcgis.com/home/webmap/viewer.html?webmap=a8f091b8fadc4c5d8bb905bf44556a5d", "surface": "asphalt" }, "geometry": { "type": "LineString", "coordinates": [ [ -82.579355, 35.6888343 ], [ -82.580443, 35.685021 ], [ -82.5830457, 35.6771568 ], [ -82.5832946, 35.6764114 ], [ -82.583904, 35.6746729 ], [ -82.5840927, 35.6740641 ] ] }, "id": "way/49481560" }, { "type": "Feature", "properties": { "@id": "way/49481561", "bicycle": "no", "bridge": "yes", "foot": "no", "fut_ref": "I 26", "hgv": "designated", "hgv:national_network": "yes", "highway": "motorway", "horse": "no", "lanes": "2", "layer": "1", "maxspeed": "60 mph", "oneway": "yes", "ref": "I 26;US 19;US 23;US 25;US 70", "source:hgv": "https://ncdot.maps.arcgis.com/home/webmap/viewer.html?webmap=a8f091b8fadc4c5d8bb905bf44556a5d", "surface": "asphalt" }, "geometry": { "type": "LineString", "coordinates": [ [ -82.5791404, 35.6888082 ], [ -82.5789459, 35.6894943 ] ] }, "id": "way/49481561" }, { "type": "Feature", "properties": { "@id": "way/49481562", "bicycle": "no", "foot": "no", "fut_ref": "I 26", "hgv": "designated", "hgv:national_network": "yes", "highway": "motorway", "horse": "no", "lanes": "2", "maxspeed": "60 mph", "oneway": "yes", "ref": "I 26;US 19;US 23;US 25;US 70", "source:hgv": "https://ncdot.maps.arcgis.com/home/webmap/viewer.html?webmap=a8f091b8fadc4c5d8bb905bf44556a5d", "surface": "asphalt" }, "geometry": { "type": "LineString", "coordinates": [ [ -82.5789459, 35.6894943 ], [ -82.5786769, 35.6904592 ], [ -82.5770032, 35.6963634 ], [ -82.576205, 35.6990052 ], [ -82.5755011, 35.7006083 ], [ -82.5748703, 35.701695 ], [ -82.5743768, 35.7024269 ], [ -82.5742278, 35.7026405 ], [ -82.5739326, 35.7030118 ], [ -82.5734124, 35.7036583 ], [ -82.5730132, 35.7040905 ], [ -82.5727202, 35.704393 ], [ -82.5722418, 35.7048489 ], [ -82.5718712, 35.7051751 ] ] }, "id": "way/49481562" }, { "type": "Feature", "properties": { "@id": "way/49481606", "bicycle": "no", "foot": "no", "fut_ref": "I 26", "hgv": "designated", "hgv:national_network": "yes", "highway": "motorway", "horse": "no", "lanes": "2", "maxspeed": "60 mph", "oneway": "yes", "ref": "I 26;US 19;US 23;US 25;US 70", "source:hgv": "https://ncdot.maps.arcgis.com/home/webmap/viewer.html?webmap=a8f091b8fadc4c5d8bb905bf44556a5d", "surface": "asphalt" }, "geometry": { "type": "LineString", "coordinates": [ [ -82.5750021, 35.7018919 ], [ -82.5750577, 35.7018054 ], [ -82.5753896, 35.7012426 ], [ -82.5759229, 35.7002267 ], [ -82.5763402, 35.6992468 ], [ -82.577256, 35.696256 ], [ -82.577943, 35.693877 ], [ -82.5791593, 35.6894916 ] ] }, "id": "way/49481606" }, { "type": "Feature", "properties": { "@id": "node/169483846", "highway": "motorway_junction", "ref": "21" }, "geometry": { "type": "Point", "coordinates": [ -82.5830457, 35.6771568 ] }, "id": "node/169483846" }, { "type": "Feature", "properties": { "@id": "node/169638020", "highway": "motorway_junction", "ref": "23" }, "geometry": { "type": "Point", "coordinates": [ -82.5829062, 35.6509459 ] }, "id": "node/169638020" }, { "type": "Feature", "properties": { "@id": "node/449436927", "highway": "motorway_junction", "ref": "21" }, "geometry": { "type": "Point", "coordinates": [ -82.5849984, 35.6705591 ] }, "id": "node/449436927" }, { "type": "Feature", "properties": { "@id": "node/449442990", "highway": "motorway_junction", "ref": "19A" }, "geometry": { "type": "Point", "coordinates": [ -82.5718712, 35.7051751 ] }, "id": "node/449442990" }, { "type": "Feature", "properties": { "@id": "node/628649606", "highway": "motorway_junction", "ref": "19B" }, "geometry": { "type": "Point", "coordinates": [ -82.5743768, 35.7024269 ] }, "id": "node/628649606" }, 

 { "type": "Feature", "properties": {"ref": "US 19;US 23;US 74;US 64 Truck", "@id": "way/16606325", "NHS": "STRAHNET", "alt_name": "Andrew Jackson Highway", "hgv": "designated", "hgv:national_network": "yes", "highway": "motorway", "lanes": "2", "maxspeed": "60 mph", "name": "Great Smoky Mountains Expressway", "oneway": "yes",  "source:hgv:national_network": "Title 23: Highways Part 658 http://ecfr.gpoaccess.gov/cgi/t/text/text-idx?c=ecfr&rgn=div5&view=text&node=23:1.0.1.7.33&idno=23", "surface": "asphalt", "tiger:cfcc": "A21", "tiger:county": "Haywood, NC", "tiger:name_base": "Great Smoky Mountains", "tiger:name_base_1": "United States Highway 19", "tiger:name_base_2": "United States Highway 23", "tiger:name_base_3": "United States Highway 74", "tiger:name_type": "Expy", "tiger:reviewed": "yes" }, "geometry": { "type": "LineString", "coordinates": [ [ -82.96691, 35.5183478 ], [ -82.965129, 35.5191774 ], [ -82.9633322, 35.5199956 ] ] }, "id": "way/16606325" }, { "type": "Feature", "properties": { "@id": "way/49395280", "NHS": "STRAHNET", "alt_name": "Andrew Jackson Highway", "hgv": "designated", "hgv:national_network": "yes", "highway": "motorway", "lanes": "2", "maxspeed": "60 mph", "name": "Great Smoky Mountains Expressway", "oneway": "yes", "ref": "US 19;US 23;US 74;US 64 Truck", "source:hgv:national_network": "Title 23: Highways Part 658 http://ecfr.gpoaccess.gov/cgi/t/text/text-idx?c=ecfr&rgn=div5&view=text&node=23:1.0.1.7.33&idno=23", "surface": "asphalt", "tiger:cfcc": "A21", "tiger:county": "Haywood, NC", "tiger:name_base": "Great Smoky Mountains", "tiger:name_base_1": "United States Highway 23", "tiger:name_base_2": "United States Highway 74", "tiger:name_base_3": "United States Highway 19", "tiger:name_type": "Expy", "tiger:reviewed": "aerial" }, "geometry": { "type": "LineString", "coordinates": [ [ -82.934234, 35.5289527 ], [ -82.9359042, 35.5288938 ], [ -82.9374967, 35.5288318 ], [ -82.939715, 35.5287519 ] ] }, "id": "way/49395280" }, { "type": "Feature", "properties": { "@id": "way/49395283", "NHS": "STRAHNET", "alt_name": "Andrew Jackson Highway", "bridge": "yes", "hgv": "designated", "hgv:national_network": "yes", "highway": "motorway", "lanes": "2", "layer": "1", "maxspeed": "60 mph", "name": "Great Smoky Mountains Expressway", "oneway": "yes", "ref": "US 19;US 23;US 74;US 64 Truck", "source:hgv:national_network": "Title 23: Highways Part 658 http://ecfr.gpoaccess.gov/cgi/t/text/text-idx?c=ecfr&rgn=div5&view=text&node=23:1.0.1.7.33&idno=23", "surface": "concrete", "tiger:cfcc": "A21", "tiger:county": "Haywood, NC", "tiger:name_base": "Great Smoky Mountains", "tiger:name_base_1": "United States Highway 19", "tiger:name_base_2": "United States Highway 23", "tiger:name_base_3": "United States Highway 74", "tiger:name_type": "Expy", "tiger:reviewed": "aerial" }, "geometry": { "type": "LineString", "coordinates": [ [ -82.9305903, 35.5285258 ], [ -82.9301423, 35.5284464 ] ] }, "id": "way/49395283" }, { "type": "Feature", "properties": { "@id": "way/49395284", "NHS": "STRAHNET", "alt_name": "Andrew Jackson Highway", "hgv": "designated", "hgv:national_network": "yes", "highway": "motorway", "lanes": "2", "maxspeed": "60 mph", "name": "Great Smoky Mountains Expressway", "oneway": "yes", "ref": "US 19;US 23;US 74;US 64 Truck", "source:hgv:national_network": "Title 23: Highways Part 658 http://ecfr.gpoaccess.gov/cgi/t/text/text-idx?c=ecfr&rgn=div5&view=text&node=23:1.0.1.7.33&idno=23", "surface": "asphalt", "tiger:cfcc": "A21", "tiger:county": "Haywood, NC", "tiger:name_base": "Great Smoky Mountains", "tiger:name_base_1": "United States Highway 19", "tiger:name_base_2": "United States Highway 23", "tiger:name_base_3": "United States Highway 74", "tiger:name_type": "Expy", "tiger:reviewed": "aerial" }, "geometry": { "type": "LineString", "coordinates": [ [ -82.9301423, 35.5284464 ], [ -82.9279184, 35.5280598 ], [ -82.9275169, 35.52799 ], [ -82.9271663, 35.5279454 ] ] }, "id": "way/49395284" }, { "type": "Feature", "properties": { "@id": "way/49395301", "NHS": "STRAHNET", "alt_name": "Andrew Jackson Highway", "hgv": "designated", "hgv:national_network": "yes", "highway": "motorway", "lanes": "2", "maxspeed": "60 mph", "name": "Great Smoky Mountains Expressway", "oneway": "yes", "ref": "US 19;US 23;US 74;US 64 Truck", "source:hgv:national_network": "Title 23: Highways Part 658 http://ecfr.gpoaccess.gov/cgi/t/text/text-idx?c=ecfr&rgn=div5&view=text&node=23:1.0.1.7.33&idno=23", "surface": "asphalt", "tiger:cfcc": "A21", "tiger:county": "Haywood, NC", "tiger:name_base": "Great Smoky Mountains", "tiger:name_base_1": "United States Highway 23", "tiger:name_base_2": "United States Highway 74", "tiger:name_base_3": "United States Highway 19", "tiger:name_type": "Expy", "tiger:reviewed": "yes" }, "geometry": { "type": "LineString", "coordinates": [ [ -82.9401898, 35.5287366 ], [ -82.9431672, 35.5286223 ], [ -82.9447323, 35.5284317 ], [ -82.947531, 35.5276708 ], [ -82.950491, 35.526812 ], [ -82.951947, 35.526308 ], [ -82.953347, 35.525827 ], [ -82.954515, 35.525264 ], [ -82.954775, 35.52514 ], [ -82.9570126, 35.5237465 ] ] }, "id": "way/49395301" }, { "type": "Feature", "properties": { "@id": "way/49395302", "NHS": "STRAHNET", "alt_name": "Andrew Jackson Highway", "bridge": "yes", "hgv": "designated", "hgv:national_network": "yes", "highway": "motorway", "lanes": "2", "layer": "1", "maxspeed": "60 mph", "name": "Great Smoky Mountains Expressway", "oneway": "yes", "ref": "US 19;US 23;US 74;US 64 Truck", "source:hgv:national_network": "Title 23: Highways Part 658 http://ecfr.gpoaccess.gov/cgi/t/text/text-idx?c=ecfr&rgn=div5&view=text&node=23:1.0.1.7.33&idno=23", "tiger:cfcc": "A21", "tiger:county": "Haywood, NC", "tiger:name_base": "Great Smoky Mountains", "tiger:name_base_1": "United States Highway 23", "tiger:name_base_2": "United States Highway 74", "tiger:name_base_3": "United States Highway 19", "tiger:name_type": "Expy", "tiger:reviewed": "aerial" }, "geometry": { "type": "LineString", "coordinates": [ [ -82.939715, 35.5287519 ], [ -82.9401898, 35.5287366 ] ] }, "id": "way/49395302" }, { "type": "Feature", "properties": { "@id": "way/49395303", "NHS": "STRAHNET", "alt_name": "Andrew Jackson Highway", "hgv": "designated", "hgv:national_network": "yes", "highway": "motorway", "lanes": "2", "maxspeed": "60 mph", "name": "Great Smoky Mountains Expressway", "oneway": "yes", "ref": "US 19;US 23;US 74;US 64 Truck", "source:hgv:national_network": "Title 23: Highways Part 658 http://ecfr.gpoaccess.gov/cgi/t/text/text-idx?c=ecfr&rgn=div5&view=text&node=23:1.0.1.7.33&idno=23", "surface": "asphalt", "tiger:cfcc": "A21", "tiger:county": "Haywood, NC", "tiger:name_base": "Great Smoky Mountains", "tiger:name_base_1": "United States Highway 19", "tiger:name_base_2": "United States Highway 23", "tiger:name_base_3": "United States Highway 74", "tiger:name_type": "Expy", "tiger:reviewed": "aerial" }, "geometry": { "type": "LineString", "coordinates": [ [ -82.9397124, 35.5286352 ], [ -82.9387248, 35.528665 ], [ -82.9358057, 35.5287738 ], [ -82.9336977, 35.5288515 ], [ -82.9331977, 35.5288458 ], [ -82.9326919, 35.5288243 ], [ -82.9321411, 35.5287731 ], [ -82.9314996, 35.5286824 ], [ -82.9305903, 35.5285258 ] ] }, "id": "way/49395303" }, { "type": "Feature", "properties": { "@id": "way/49395304", "NHS": "STRAHNET", "alt_name": "Andrew Jackson Highway", "bridge": "yes", "hgv": "designated", "hgv:national_network": "yes", "highway": "motorway", "lanes": "2", "layer": "1", "maxspeed": "60 mph", "name": "Great Smoky Mountains Expressway", "oneway": "yes", "ref": "US 19;US 23;US 74;US 64 Truck", "source:hgv:national_network": "Title 23: Highways Part 658 http://ecfr.gpoaccess.gov/cgi/t/text/text-idx?c=ecfr&rgn=div5&view=text&node=23:1.0.1.7.33&idno=23", "tiger:cfcc": "A21", "tiger:county": "Haywood, NC", "tiger:name_base": "Great Smoky Mountains", "tiger:name_base_1": "United States Highway 19", "tiger:name_base_2": "United States Highway 23", "tiger:name_base_3": "United States Highway 74", "tiger:name_type": "Expy", "tiger:reviewed": "aerial" }, "geometry": { "type": "LineString", "coordinates": [ [ -82.9401804, 35.5286188 ], [ -82.9397124, 35.5286352 ] ] }, "id": "way/49395304" }, { "type": "Feature", "properties": { "@id": "way/49395308", "NHS": "STRAHNET", "alt_name": "Andrew Jackson Highway", "hgv": "designated", "hgv:national_network": "yes", "highway": "motorway", "lanes": "2", "maxspeed": "60 mph", "name": "Great Smoky Mountains Expressway", "oneway": "yes", "ref": "US 19;US 23;US 74;US 64 Truck", "source:hgv:national_network": "Title 23: Highways Part 658 http://ecfr.gpoaccess.gov/cgi/t/text/text-idx?c=ecfr&rgn=div5&view=text&node=23:1.0.1.7.33&idno=23", "surface": "asphalt", "tiger:cfcc": "A21", "tiger:county": "Haywood, NC", "tiger:name_base": "Great Smoky Mountains", "tiger:name_base_1": "United States Highway 23", "tiger:name_base_2": "United States Highway 74", "tiger:name_base_3": "United States Highway 19", "tiger:name_type": "Expy", "tiger:reviewed": "yes" }, "geometry": { "type": "LineString", "coordinates": [ [ -82.9574562, 35.5234624 ], [ -82.957549, 35.5233991 ], [ -82.9588074, 35.522598 ], [ -82.9593487, 35.5222163 ], [ -82.9597134, 35.521962 ], [ -82.960207, 35.5216542 ], [ -82.9604591, 35.5215134 ], [ -82.9608735, 35.5212853 ], [ -82.961481, 35.5209884 ], [ -82.9628772, 35.5203637 ] ] }, "id": "way/49395308" }, { "type": "Feature", "properties": { "@id": "way/49395313", "NHS": "STRAHNET", "alt_name": "Andrew Jackson Highway", "hgv": "designated", "hgv:national_network": "yes", "highway": "motorway", "lanes": "2", "maxspeed": "60 mph", "name": "Great Smoky Mountains Expressway", "oneway": "yes", "ref": "US 19;US 23;US 74;US 64 Truck", "source:hgv:national_network": "Title 23: Highways Part 658 http://ecfr.gpoaccess.gov/cgi/t/text/text-idx?c=ecfr&rgn=div5&view=text&node=23:1.0.1.7.33&idno=23", "surface": "asphalt", "tiger:cfcc": "A21", "tiger:county": "Haywood, NC", "tiger:name_base": "Great Smoky Mountains", "tiger:name_base_1": "United States Highway 23", "tiger:name_base_2": "United States Highway 74", "tiger:name_base_3": "United States Highway 19", "tiger:name_type": "Expy", "tiger:reviewed": "yes" }, "geometry": { "type": "LineString", "coordinates": [ [ -82.9633387, 35.5201649 ], [ -82.9643565, 35.5197013 ], [ -82.9654508, 35.5192123 ], [ -82.966234, 35.5189329 ], [ -82.967382, 35.5185836 ] ] }, "id": "way/49395313" }, { "type": "Feature", "properties": { "@id": "way/49395314", "NHS": "STRAHNET", "alt_name": "Andrew Jackson Highway", "bridge": "yes", "hgv": "designated", "hgv:national_network": "yes", "highway": "motorway", "lanes": "2", "layer": "1", "maxspeed": "60 mph", "name": "Great Smoky Mountains Expressway", "oneway": "yes", "ref": "US 19;US 23;US 74;US 64 Truck", "source:hgv:national_network": "Title 23: Highways Part 658 http://ecfr.gpoaccess.gov/cgi/t/text/text-idx?c=ecfr&rgn=div5&view=text&node=23:1.0.1.7.33&idno=23", "surface": "concrete", "tiger:cfcc": "A21", "tiger:county": "Haywood, NC", "tiger:name_base": "Great Smoky Mountains", "tiger:name_base_1": "United States Highway 23", "tiger:name_base_2": "United States Highway 74", "tiger:name_base_3": "United States Highway 19", "tiger:name_type": "Expy", "tiger:reviewed": "yes" }, "geometry": { "type": "LineString", "coordinates": [ [ -82.9628772, 35.5203637 ], [ -82.9633387, 35.5201649 ] ] }, "id": "way/49395314" }, { "type": "Feature", "properties": { "@id": "way/49395315", "NHS": "STRAHNET", "alt_name": "Andrew Jackson Highway", "hgv": "designated", "hgv:national_network": "yes", "highway": "motorway", "lanes": "2", "maxspeed": "60 mph", "name": "Great Smoky Mountains Expressway", "oneway": "yes", "ref": "US 19;US 23;US 74;US 64 Truck", "source:hgv:national_network": "Title 23: Highways Part 658 http://ecfr.gpoaccess.gov/cgi/t/text/text-idx?c=ecfr&rgn=div5&view=text&node=23:1.0.1.7.33&idno=23", "surface": "asphalt", "tiger:cfcc": "A21", "tiger:county": "Haywood, NC", "tiger:name_base": "Great Smoky Mountains", "tiger:name_base_1": "United States Highway 19", "tiger:name_base_2": "United States Highway 23", "tiger:name_base_3": "United States Highway 74", "tiger:name_type": "Expy", "tiger:reviewed": "yes" }, "geometry": { "type": "LineString", "coordinates": [ [ -82.9568758, 35.5235751 ], [ -82.955898, 35.524192 ], [ -82.9552695, 35.5246221 ], [ -82.9546148, 35.5250141 ], [ -82.9539338, 35.5253827 ], [ -82.9530477, 35.5258123 ], [ -82.9517153, 35.5262693 ], [ -82.9503683, 35.5266558 ], [ -82.9488702, 35.5270914 ], [ -82.9456196, 35.5280778 ], [ -82.9444565, 35.5283623 ], [ -82.9433506, 35.5284795 ], [ -82.9401804, 35.5286188 ] ] }, "id": "way/49395315" }, { "type": "Feature", "properties": { "@id": "way/49395316", "NHS": "STRAHNET", "alt_name": "Andrew Jackson Highway", "bridge": "yes", "hgv": "designated", "hgv:national_network": "yes", "highway": "motorway", "lanes": "2", "layer": "1", "maxspeed": "60 mph", "name": "Great Smoky Mountains Expressway", "oneway": "yes", "ref": "US 19;US 23;US 74;US 64 Truck", "source:hgv:national_network": "Title 23: Highways Part 658 http://ecfr.gpoaccess.gov/cgi/t/text/text-idx?c=ecfr&rgn=div5&view=text&node=23:1.0.1.7.33&idno=23", "surface": "concrete", "tiger:cfcc": "A21", "tiger:county": "Haywood, NC", "tiger:name_base": "Great Smoky Mountains", "tiger:name_base_1": "United States Highway 19", "tiger:name_base_2": "United States Highway 23", "tiger:name_base_3": "United States Highway 74", "tiger:name_type": "Expy", "tiger:reviewed": "aerial" }, "geometry": { "type": "LineString", "coordinates": [ [ -82.9573184, 35.523282 ], [ -82.9568758, 35.5235751 ] ] }, "id": "way/49395316" }, { "type": "Feature", "properties": { "@id": "way/49395317", "NHS": "STRAHNET", "alt_name": "Andrew Jackson Highway", "bridge": "yes", "hgv": "designated", "hgv:national_network": "yes", "highway": "motorway", "lanes": "2", "layer": "1", "maxspeed": "60 mph", "name": "Great Smoky Mountains Expressway", "oneway": "yes", "ref": "US 19;US 23;US 74;US 64 Truck", "source:hgv:national_network": "Title 23: Highways Part 658 http://ecfr.gpoaccess.gov/cgi/t/text/text-idx?c=ecfr&rgn=div5&view=text&node=23:1.0.1.7.33&idno=23", "surface": "concrete", "tiger:cfcc": "A21", "tiger:county": "Haywood, NC", "tiger:name_base": "Great Smoky Mountains", "tiger:name_base_1": "United States Highway 23", "tiger:name_base_2": "United States Highway 74", "tiger:name_base_3": "United States Highway 19", "tiger:name_type": "Expy", "tiger:reviewed": "aerial" }, "geometry": { "type": "LineString", "coordinates": [ [ -82.9570126, 35.5237465 ], [ -82.9574562, 35.5234624 ] ] }, "id": "way/49395317" }, { "type": "Feature", "properties": { "@id": "way/49395318", "NHS": "STRAHNET", "alt_name": "Andrew Jackson Highway", "bridge": "yes", "hgv": "designated", "hgv:national_network": "yes", "highway": "motorway", "lanes": "2", "layer": "1", "maxspeed": "60 mph", "name": "Great Smoky Mountains Expressway", "oneway": "yes", "ref": "US 19;US 23;US 74;US 64 Truck", "source:hgv:national_network": "Title 23: Highways Part 658 http://ecfr.gpoaccess.gov/cgi/t/text/text-idx?c=ecfr&rgn=div5&view=text&node=23:1.0.1.7.33&idno=23", "surface": "concrete", "tiger:cfcc": "A21", "tiger:county": "Haywood, NC", "tiger:name_base": "Great Smoky Mountains", "tiger:name_base_1": "United States Highway 19", "tiger:name_base_2": "United States Highway 23", "tiger:name_base_3": "United States Highway 74", "tiger:name_type": "Expy", "tiger:reviewed": "yes" }, "geometry": { "type": "LineString", "coordinates": [ [ -82.9633322, 35.5199956 ], [ -82.9628008, 35.520234 ] ] }, "id": "way/49395318" }, { "type": "Feature", "properties": { "@id": "way/49395319", "NHS": "STRAHNET", "alt_name": "Andrew Jackson Highway", "hgv": "designated", "hgv:national_network": "yes", "highway": "motorway", "lanes": "2", "maxspeed": "60 mph", "name": "Great Smoky Mountains Expressway", "oneway": "yes", "ref": "US 19;US 23;US 74;US 64 Truck", "source:hgv:national_network": "Title 23: Highways Part 658 http://ecfr.gpoaccess.gov/cgi/t/text/text-idx?c=ecfr&rgn=div5&view=text&node=23:1.0.1.7.33&idno=23", "surface": "asphalt", "tiger:cfcc": "A21", "tiger:county": "Haywood, NC", "tiger:name_base": "Great Smoky Mountains", "tiger:name_base_1": "United States Highway 19", "tiger:name_base_2": "United States Highway 23", "tiger:name_base_3": "United States Highway 74", "tiger:name_type": "Expy", "tiger:reviewed": "yes" }, "geometry": { "type": "LineString", "coordinates": [ [ -82.9628008, 35.520234 ], [ -82.959829, 35.521681 ], [ -82.958344, 35.522579 ], [ -82.9574194, 35.5232197 ], [ -82.9573184, 35.523282 ] ] }, "id": "way/49395319" }, { "type": "Feature", "properties": { "@id": "node/171349123", "highway": "motorway_junction", "ref": "103" }, "geometry": { "type": "Point", "coordinates": [ -82.967382, 35.5185836 ] }, "id": "node/171349123" }, { "type": "Feature", "properties": { "@id": "node/171417460", "highway": "motorway_junction", "ref": "106" }, "geometry": { "type": "Point", "coordinates": [ -82.9271663, 35.5279454 ] }, "id": "node/171417460" }, { "type": "Feature", "properties": { "@id": "node/171484004", "highway": "motorway_junction", "ref": "104" }, "geometry": { "type": "Point", "coordinates": [ -82.959829, 35.521681 ] }, "id": "node/171484004" }, { "type": "Feature", "properties": { "@id": "node/627242710", "highway": "motorway_junction", "ref": "105" }, "geometry": { "type": "Point", "coordinates": [ -82.9359042, 35.5288938 ] }, "id": "node/627242710" }, { "type": "Feature", "properties": { "@id": "node/627242823", "highway": "motorway_junction", "ref": "105" }, "geometry": { "type": "Point", "coordinates": [ -82.9387248, 35.528665 ] }, "id": "node/627242823" }, { "type": "Feature", "properties": { "@id": "node/627242844", "highway": "motorway_junction", "ref": "104" }, "geometry": { "type": "Point", "coordinates": [ -82.957549, 35.5233991 ] }, "id": "node/627242844" },


 { "type": "Feature", "properties": {"ref": "US 19;US 64;US 74;US 129", "@id": "way/116778942", "NHS": "STRAHNET", "bridge": "yes", "expressway": "yes", "hgv": "designated", "hgv:national_network": "yes", "highway": "trunk", "lanes": "2", "layer": "1", "maxspeed": "35 mph", "name": "West US 64", "oneway": "yes", "source:hgv:national_network": "Title 23: Highways Part 658 http://ecfr.gpoaccess.gov/cgi/t/text/text-idx?c=ecfr&rgn=div5&view=text&node=23:1.0.1.7.33&idno=23" }, "geometry": { "type": "LineString", "coordinates": [ [ -84.0294004, 35.081541 ], [ -84.0309424, 35.0812212 ] ] }, "id": "way/116778942" }, { "type": "Feature", "properties": { "@id": "way/116778943", "NHS": "STRAHNET", "expressway": "yes", "hgv": "designated", "hgv:national_network": "yes", "highway": "trunk", "lanes": "2", "maxspeed": "35 mph", "name": "West US 64", "oneway": "yes", "ref": "US 19;US 64;US 74;US 129", "source:hgv:national_network": "Title 23: Highways Part 658 http://ecfr.gpoaccess.gov/cgi/t/text/text-idx?c=ecfr&rgn=div5&view=text&node=23:1.0.1.7.33&idno=23" }, "geometry": { "type": "LineString", "coordinates": [ [ -84.029225, 35.081393 ], [ -84.027849, 35.0816639 ], [ -84.0276862, 35.0816954 ] ] }, "id": "way/116778943" }, { "type": "Feature", "properties": { "@id": "way/116778944", "NHS": "STRAHNET", "expressway": "yes", "hgv": "designated", "hgv:national_network": "yes", "highway": "trunk", "lanes": "2", "maxspeed": "55 mph", "name": "West US 64", "oneway": "yes", "ref": "US 19;US 64;US 74;US 129", "source:hgv:national_network": "Title 23: Highways Part 658 http://ecfr.gpoaccess.gov/cgi/t/text/text-idx?c=ecfr&rgn=div5&view=text&node=23:1.0.1.7.33&idno=23", "surface": "asphalt" }, "geometry": { "type": "LineString", "coordinates": [ [ -84.1008432, 35.0333193 ], [ -84.1000879, 35.0338734 ], [ -84.0993618, 35.0343911 ], [ -84.098874, 35.0347194 ], [ -84.0983178, 35.0350603 ], [ -84.0977783, 35.0353717 ], [ -84.0973557, 35.0355997 ], [ -84.0968965, 35.0358428 ], [ -84.096344, 35.0360922 ], [ -84.095638, 35.0364118 ], [ -84.0946785, 35.0368352 ], [ -84.0937459, 35.0372517 ], [ -84.0935574, 35.0373359 ], [ -84.092399, 35.0378488 ], [ -84.0910591, 35.0384472 ], [ -84.0898609, 35.0389824 ], [ -84.089324, 35.0392389 ], [ -84.0888964, 35.0394669 ], [ -84.0883246, 35.0397823 ], [ -84.0879194, 35.0400245 ], [ -84.0877256, 35.0401447 ], [ -84.0874173, 35.0403359 ], [ -84.086935, 35.0406616 ], [ -84.0864752, 35.0409933 ], [ -84.0861309, 35.0412437 ], [ -84.0858512, 35.0414472 ], [ -84.084929, 35.042127 ], [ -84.0839247, 35.0428617 ], [ -84.0832038, 35.0433929 ], [ -84.0828098, 35.0436817 ], [ -84.0820851, 35.0442131 ], [ -84.0812961, 35.0448138 ], [ -84.0805588, 35.0453365 ], [ -84.0796231, 35.0460357 ], [ -84.0786679, 35.0467137 ], [ -84.0779065, 35.0472412 ], [ -84.0771681, 35.0477196 ], [ -84.0758058, 35.0486479 ], [ -84.0755246, 35.0488541 ], [ -84.0749706, 35.0492642 ], [ -84.0745455, 35.0496061 ], [ -84.0742249, 35.0498931 ], [ -84.0737451, 35.0503286 ], [ -84.0733623, 35.0506847 ], [ -84.0726588, 35.0513522 ], [ -84.0719553, 35.0520095 ], [ -84.0714432, 35.0524796 ], [ -84.0709336, 35.0529517 ], [ -84.0706229, 35.0532224 ], [ -84.0702351, 35.0535459 ], [ -84.0697876, 35.0538898 ], [ -84.0690841, 35.0544108 ], [ -84.068321, 35.0549663 ], [ -84.0674731, 35.0555969 ], [ -84.0671781, 35.0558085 ], [ -84.0668888, 35.0560202 ], [ -84.0665222, 35.0562939 ], [ -84.0663903, 35.0564055 ], [ -84.0661077, 35.0566531 ], [ -84.0660215, 35.0567358 ], [ -84.0658981, 35.0568544 ], [ -84.0656479, 35.057097 ], [ -84.0653601, 35.0574114 ], [ -84.0650916, 35.057733 ], [ -84.0649489, 35.0579281 ], [ -84.0647843, 35.0581611 ], [ -84.0646441, 35.058373 ], [ -84.0645111, 35.0585884 ], [ -84.0644227, 35.058742 ], [ -84.0642342, 35.059089 ], [ -84.0640874, 35.0594177 ], [ -84.0639565, 35.0597307 ], [ -84.0634963, 35.0608226 ], [ -84.0630311, 35.0619377 ], [ -84.0626433, 35.0628879 ], [ -84.0621909, 35.0639459 ] ] }, "id": "way/116778944" }, { "type": "Feature", "properties": { "@id": "way/116778945", "NHS": "STRAHNET", "expressway": "yes", "hgv": "designated", "hgv:national_network": "yes", "highway": "trunk", "lanes": "2", "maxspeed": "35 mph", "name": "West US 64", "oneway": "yes", "ref": "US 19;US 64;US 74;US 129", "source:hgv:national_network": "Title 23: Highways Part 658 http://ecfr.gpoaccess.gov/cgi/t/text/text-idx?c=ecfr&rgn=div5&view=text&node=23:1.0.1.7.33&idno=23" }, "geometry": { "type": "LineString", "coordinates": [ [ -84.0309424, 35.0812212 ], [ -84.0320692, 35.0809819 ], [ -84.0334363, 35.0806754 ], [ -84.0340154, 35.0805594 ], [ -84.0343269, 35.080497 ], [ -84.0345708, 35.0804481 ] ] }, "id": "way/116778945" }, { "type": "Feature", "properties": { "@id": "way/116778970", "NHS": "STRAHNET", "expressway": "yes", "hgv": "designated", "hgv:national_network": "yes", "highway": "trunk", "lanes": "2", "maxspeed": "55 mph", "name": "West US 64", "oneway": "yes", "ref": "US 19;US 64;US 74;US 129", "source:hgv:national_network": "Title 23: Highways Part 658 http://ecfr.gpoaccess.gov/cgi/t/text/text-idx?c=ecfr&rgn=div5&view=text&node=23:1.0.1.7.33&idno=23", "surface": "asphalt" }, "geometry": { "type": "LineString", "coordinates": [ [ -84.0628247, 35.0629428 ], [ -84.0631288, 35.0622015 ], [ -84.0634678, 35.0613987 ], [ -84.0638838, 35.0604028 ], [ -84.0639528, 35.0602398 ], [ -84.0641622, 35.0597444 ], [ -84.064371, 35.0592621 ], [ -84.0645482, 35.0589109 ], [ -84.0645937, 35.0588276 ], [ -84.0647376, 35.0585868 ], [ -84.0649603, 35.0582374 ], [ -84.0651722, 35.0579439 ], [ -84.0653605, 35.0577069 ], [ -84.065545, 35.0574747 ], [ -84.0658103, 35.0571904 ], [ -84.0659502, 35.0570311 ], [ -84.066352, 35.0566721 ], [ -84.0667837, 35.0563272 ], [ -84.0675836, 35.0557299 ], [ -84.0688324, 35.0548171 ], [ -84.0689631, 35.0547215 ], [ -84.0696279, 35.0542348 ], [ -84.0702113, 35.0538051 ], [ -84.0706744, 35.053427 ], [ -84.0711801, 35.0529845 ], [ -84.0715972, 35.052607 ], [ -84.0724706, 35.0518135 ], [ -84.0729927, 35.0513251 ], [ -84.073552, 35.0508265 ], [ -84.0740342, 35.0504073 ], [ -84.0744792, 35.050041 ], [ -84.0750162, 35.049634 ], [ -84.0756542, 35.0491605 ], [ -84.0765375, 35.0485127 ], [ -84.0773827, 35.047896 ], [ -84.0782474, 35.0472864 ], [ -84.078683, 35.0469644 ], [ -84.0793901, 35.0464418 ], [ -84.080595, 35.045554 ], [ -84.081446, 35.0449281 ], [ -84.0825035, 35.0441269 ], [ -84.0841268, 35.0429282 ], [ -84.0843818, 35.0427422 ], [ -84.0855413, 35.0418963 ], [ -84.0864213, 35.0412512 ], [ -84.0869159, 35.0408787 ], [ -84.0873708, 35.0405612 ], [ -84.0878854, 35.0402681 ], [ -84.0884638, 35.0399594 ], [ -84.0907814, 35.0388658 ], [ -84.0924619, 35.0380863 ], [ -84.0934625, 35.0376174 ], [ -84.0936824, 35.0375143 ], [ -84.0944182, 35.0371704 ], [ -84.0960415, 35.0364132 ], [ -84.0970252, 35.0359702 ], [ -84.0975454, 35.0356906 ], [ -84.0979606, 35.0354688 ], [ -84.0984901, 35.0351594 ], [ -84.0990022, 35.034848 ], [ -84.0994471, 35.0345528 ], [ -84.1002875, 35.0339503 ], [ -84.100421, 35.0338527 ], [ -84.1011264, 35.0333366 ], [ -84.1012604, 35.0332386 ] ] }, "id": "way/116778970" }, { "type": "Feature", "properties": { "@id": "way/116778972", "NHS": "STRAHNET", "expressway": "yes", "hgv": "designated", "hgv:national_network": "yes", "highway": "trunk", "lanes": "2", "maxspeed": "35 mph", "name": "West US 64", "oneway": "yes", "ref": "US 19;US 64;US 74;US 129", "source:hgv:national_network": "Title 23: Highways Part 658 http://ecfr.gpoaccess.gov/cgi/t/text/text-idx?c=ecfr&rgn=div5&view=text&node=23:1.0.1.7.33&idno=23" }, "geometry": { "type": "LineString", "coordinates": [ [ -84.036178, 35.0801566 ], [ -84.0360824, 35.0801221 ], [ -84.035997, 35.0801104 ], [ -84.0359057, 35.0801083 ], [ -84.035608, 35.0801299 ], [ -84.035116, 35.0801971 ], [ -84.0347596, 35.0802588 ], [ -84.0347237, 35.0802638 ], [ -84.0344596, 35.0803009 ] ] }, "id": "way/116778972" }, { "type": "Feature", "properties": { "@id": "way/116778989", "NHS": "STRAHNET", "expressway": "no", "hgv": "designated", "hgv:national_network": "yes", "highway": "trunk", "lanes": "5", "lanes:backward": "2", "lanes:both_ways": "1", "lanes:forward": "2", "maxspeed": "45 mph", "name": "West US 64", "ref": "US 19;US 64;US 74;US 129", "source:hgv:national_network": "Title 23: Highways Part 658 http://ecfr.gpoaccess.gov/cgi/t/text/text-idx?c=ecfr&rgn=div5&view=text&node=23:1.0.1.7.33&idno=23", "surface": "asphalt", "turn:lanes:both_ways": "left" }, "geometry": { "type": "LineString", "coordinates": [ [ -84.0517975, 35.0730649 ], [ -84.0514196, 35.073126 ], [ -84.0505831, 35.0732568 ], [ -84.0503656, 35.0732908 ], [ -84.0497002, 35.0733959 ], [ -84.0491235, 35.0734936 ], [ -84.0487653, 35.0735662 ], [ -84.0485418, 35.0736116 ], [ -84.0480596, 35.0737357 ], [ -84.0477239, 35.0738321 ], [ -84.047489, 35.0739106 ], [ -84.0472541, 35.0739941 ], [ -84.0471559, 35.0740333 ], [ -84.0470054, 35.0740935 ], [ -84.0469025, 35.0741345 ], [ -84.0466128, 35.0742606 ], [ -84.0461832, 35.0744748 ], [ -84.0461346, 35.0744994 ], [ -84.0459618, 35.074587 ], [ -84.045635, 35.0747699 ], [ -84.0456006, 35.0747909 ], [ -84.0453445, 35.0749467 ], [ -84.0449037, 35.0752395 ], [ -84.0448193, 35.0752981 ], [ -84.0443808, 35.0756021 ], [ -84.0440786, 35.0758185 ], [ -84.0439072, 35.0759386 ], [ -84.0430863, 35.0765144 ], [ -84.0429856, 35.0765861 ], [ -84.0427861, 35.0767312 ], [ -84.0426477, 35.0768347 ], [ -84.0425173, 35.0769471 ], [ -84.0424143, 35.0770361 ], [ -84.0423247, 35.0771136 ], [ -84.0422866, 35.0771466 ], [ -84.04223, 35.0771955 ], [ -84.0419088, 35.0774648 ], [ -84.041841, 35.0775216 ] ] }, "id": "way/116778989" }, { "type": "Feature", "properties": { "@id": "way/116779012", "NHS": "STRAHNET", "expressway": "yes", "hgv": "designated", "hgv:national_network": "yes", "highway": "trunk", "lanes": "2", "maxspeed": "35 mph", "name": "West US 64", "oneway": "yes", "ref": "US 19;US 64;US 74;US 129", "source:hgv:national_network": "Title 23: Highways Part 658 http://ecfr.gpoaccess.gov/cgi/t/text/text-idx?c=ecfr&rgn=div5&view=text&node=23:1.0.1.7.33&idno=23" }, "geometry": { "type": "LineString", "coordinates": [ [ -84.0278142, 35.0818486 ], [ -84.0283884, 35.0817329 ], [ -84.0294004, 35.081541 ] ] }, "id": "way/116779012" }, { "type": "Feature", "properties": { "@id": "way/116779019", "NHS": "STRAHNET", "bridge": "yes", "expressway": "yes", "hgv": "designated", "hgv:national_network": "yes", "highway": "trunk", "lanes": "2", "layer": "1", "maxspeed": "35 mph", "name": "West US 64", "oneway": "yes", "ref": "US 19;US 64;US 74;US 129", "source:hgv:national_network": "Title 23: Highways Part 658 http://ecfr.gpoaccess.gov/cgi/t/text/text-idx?c=ecfr&rgn=div5&view=text&node=23:1.0.1.7.33&idno=23" }, "geometry": { "type": "LineString", "coordinates": [ [ -84.0307619, 35.0810707 ], [ -84.029225, 35.081393 ] ] }, "id": "way/116779019" }, { "type": "Feature", "properties": { "@id": "way/436875080", "NHS": "STRAHNET", "expressway": "yes", "hgv": "designated", "hgv:national_network": "yes", "highway": "trunk", "lanes": "2", "maxspeed": "35 mph", "name": "West US 64", "oneway": "yes", "ref": "US 19;US 64;US 74;US 129", "source:hgv:national_network": "Title 23: Highways Part 658 http://ecfr.gpoaccess.gov/cgi/t/text/text-idx?c=ecfr&rgn=div5&view=text&node=23:1.0.1.7.33&idno=23" }, "geometry": { "type": "LineString", "coordinates": [ [ -84.0351368, 35.0803286 ], [ -84.0356201, 35.0802626 ], [ -84.0359628, 35.0802214 ], [ -84.0360491, 35.0802041 ], [ -84.0361202, 35.0801815 ], [ -84.036178, 35.0801566 ] ] }, "id": "way/436875080" }, { "type": "Feature", "properties": { "@id": "way/730685766", "NHS": "STRAHNET", "expressway": "yes", "hgv": "designated", "hgv:national_network": "yes", "highway": "trunk", "lanes": "2", "maxspeed": "35 mph", "name": "West US 64", "oneway": "yes", "ref": "US 19;US 64;US 74;US 129", "source:hgv:national_network": "Title 23: Highways Part 658 http://ecfr.gpoaccess.gov/cgi/t/text/text-idx?c=ecfr&rgn=div5&view=text&node=23:1.0.1.7.33&idno=23" }, "geometry": { "type": "LineString", "coordinates": [ [ -84.0344596, 35.0803009 ], [ -84.0337883, 35.080437 ], [ -84.0330051, 35.080604 ], [ -84.0317923, 35.0808541 ], [ -84.0307619, 35.0810707 ] ] }, "id": "way/730685766" }, { "type": "Feature", "properties": { "@id": "way/730685767", "NHS": "STRAHNET", "expressway": "no", "hgv": "designated", "hgv:national_network": "yes", "highway": "trunk", "lanes": "5", "lanes:backward": "2", "lanes:both_ways": "1", "lanes:forward": "2", "maxspeed": "35 mph", "name": "West US 64", "ref": "US 19;US 64;US 74;US 129", "source:hgv:national_network": "Title 23: Highways Part 658 http://ecfr.gpoaccess.gov/cgi/t/text/text-idx?c=ecfr&rgn=div5&view=text&node=23:1.0.1.7.33&idno=23", "surface": "asphalt", "turn:lanes:both_ways": "left" }, "geometry": { "type": "LineString", "coordinates": [ [ -84.041841, 35.0775216 ], [ -84.0416427, 35.0776895 ], [ -84.0414857, 35.0778167 ], [ -84.0413574, 35.0779206 ], [ -84.0411673, 35.0780775 ], [ -84.0409532, 35.0782543 ], [ -84.0406361, 35.078516 ], [ -84.0404862, 35.0786397 ], [ -84.0402648, 35.0788221 ], [ -84.0400595, 35.0789912 ], [ -84.0398223, 35.0791871 ], [ -84.0397128, 35.0792758 ], [ -84.0396397, 35.079335 ], [ -84.0394438, 35.0794787 ], [ -84.0393386, 35.0795488 ], [ -84.0393253, 35.0795565 ], [ -84.0392343, 35.0796091 ], [ -84.0391276, 35.0796661 ], [ -84.0390132, 35.0797265 ], [ -84.0388926, 35.0797776 ], [ -84.0387846, 35.0798203 ], [ -84.0385398, 35.0799064 ], [ -84.0382849, 35.0799735 ], [ -84.038106, 35.0800181 ], [ -84.0380768, 35.0800253 ], [ -84.0379928, 35.0800419 ], [ -84.0378927, 35.0800599 ], [ -84.0377563, 35.0800792 ], [ -84.0376885, 35.0800868 ], [ -84.0375723, 35.0800983 ], [ -84.0374783, 35.0801034 ], [ -84.0372732, 35.0801146 ], [ -84.036178, 35.0801566 ] ] }, "id": "way/730685767" }, { "type": "Feature", "properties": { "@id": "way/730685769", "NHS": "STRAHNET", "expressway": "yes", "hgv": "designated", "hgv:national_network": "yes", "highway": "trunk", "lanes": "2", "maxspeed": "35 mph", "name": "West US 64", "oneway": "yes", "ref": "US 19;US 64;US 74;US 129", "source:hgv:national_network": "Title 23: Highways Part 658 http://ecfr.gpoaccess.gov/cgi/t/text/text-idx?c=ecfr&rgn=div5&view=text&node=23:1.0.1.7.33&idno=23" }, "geometry": { "type": "LineString", "coordinates": [ [ -84.0345708, 35.0804481 ], [ -84.0347494, 35.0804106 ], [ -84.0349477, 35.0803689 ], [ -84.0351368, 35.0803286 ] ] }, "id": "way/730685769" }, { "type": "Feature", "properties": { "@id": "way/1097005480", "NHS": "STRAHNET", "expressway": "yes", "hgv": "designated", "hgv:national_network": "yes", "highway": "trunk", "lanes": "2", "maxspeed": "45 mph", "name": "West US 64", "oneway": "yes", "ref": "US 19;US 64;US 74;US 129", "source:hgv:national_network": "Title 23: Highways Part 658 http://ecfr.gpoaccess.gov/cgi/t/text/text-idx?c=ecfr&rgn=div5&view=text&node=23:1.0.1.7.33&idno=23", "surface": "asphalt" }, "geometry": { "type": "LineString", "coordinates": [ [ -84.0578953, 35.0688352 ], [ -84.0567062, 35.0698565 ], [ -84.0564632, 35.0700573 ], [ -84.0558842, 35.0705503 ], [ -84.0551012, 35.0712156 ], [ -84.0544549, 35.0717608 ], [ -84.0541292, 35.072005 ], [ -84.0537514, 35.0722613 ], [ -84.0534183, 35.0724505 ], [ -84.053023, 35.0726275 ], [ -84.0526278, 35.0727822 ], [ -84.0517975, 35.0730649 ] ] }, "id": "way/1097005480" }, { "type": "Feature", "properties": { "@id": "way/1097005481", "NHS": "STRAHNET", "expressway": "yes", "hgv": "designated", "hgv:national_network": "yes", "highway": "trunk", "lanes": "2", "maxspeed": "45 mph", "name": "West US 64", "oneway": "yes", "ref": "US 19;US 64;US 74;US 129", "source:hgv:national_network": "Title 23: Highways Part 658 http://ecfr.gpoaccess.gov/cgi/t/text/text-idx?c=ecfr&rgn=div5&view=text&node=23:1.0.1.7.33&idno=23", "surface": "asphalt" }, "geometry": { "type": "LineString", "coordinates": [ [ -84.0517975, 35.0730649 ], [ -84.0523153, 35.072989 ], [ -84.0527429, 35.0728853 ], [ -84.0531506, 35.0727388 ], [ -84.0535931, 35.0725333 ], [ -84.0539759, 35.0723238 ], [ -84.0543289, 35.0720837 ], [ -84.0548012, 35.0717032 ], [ -84.0559472, 35.0707287 ], [ -84.0568458, 35.0699727 ], [ -84.05809, 35.0688996 ], [ -84.0594895, 35.0677135 ], [ -84.06014, 35.0671485 ], [ -84.0604739, 35.0668467 ], [ -84.0608269, 35.0664907 ], [ -84.06116, 35.066102 ], [ -84.0614185, 35.0657785 ], [ -84.0616472, 35.0654387 ], [ -84.0617757, 35.065238 ], [ -84.0618784, 35.0650501 ], [ -84.0620201, 35.0647816 ], [ -84.0621778, 35.0644565 ], [ -84.0622165, 35.0643766 ], [ -84.0625123, 35.063693 ], [ -84.0628247, 35.0629428 ] ] }, "id": "way/1097005481" }, { "type": "Feature", "properties": { "@id": "way/1097005482", "NHS": "STRAHNET", "expressway": "yes", "hgv": "designated", "hgv:national_network": "yes", "highway": "trunk", "lanes": "2", "maxspeed": "55 mph", "name": "West US 64", "oneway": "yes", "ref": "US 19;US 64;US 74;US 129", "source:hgv:national_network": "Title 23: Highways Part 658 http://ecfr.gpoaccess.gov/cgi/t/text/text-idx?c=ecfr&rgn=div5&view=text&node=23:1.0.1.7.33&idno=23", "surface": "asphalt" }, "geometry": { "type": "LineString", "coordinates": [ [ -84.0621909, 35.0639459 ], [ -84.0619398, 35.0645217 ], [ -84.0617807, 35.0648432 ], [ -84.0616067, 35.0651383 ], [ -84.0613979, 35.0654597 ], [ -84.0611468, 35.0658239 ], [ -84.0608957, 35.0661291 ], [ -84.0605875, 35.0664852 ], [ -84.060227, 35.0668311 ], [ -84.0600033, 35.0670366 ], [ -84.0596255, 35.067356 ], [ -84.0592896, 35.0676424 ], [ -84.0586734, 35.0681678 ], [ -84.0584449, 35.0683638 ], [ -84.0578953, 35.0688352 ] ] }, "id": "way/1097005482" }, { "type": "Feature", "properties": { "@id": "node/8243843878", "highway": "traffic_signals", "traffic_signals": "traffic_lights", "traffic_signals:direction": "forward" }, "geometry": { "type": "Point", "coordinates": [ -84.027849, 35.0816639 ] }, "id": "node/8243843878" }, { "type": "Feature", "properties": { "@id": "node/13343798535", "highway": "traffic_signals", "traffic_signals": "traffic_lights", "traffic_signals:direction": "forward" }, "geometry": { "type": "Point", "coordinates": [ -84.0343269, 35.080497 ] }, "id": "node/13343798535" }, { "type": "Feature", "properties": { "@id": "node/13343798536", "highway": "traffic_signals", "traffic_signals": "traffic_lights", "traffic_signals:direction": "forward" }, "geometry": { "type": "Point", "coordinates": [ -84.0347596, 35.0802588 ] }, "id": "node/13343798536" }, { "type": "Feature", "properties": { "@id": "node/13343806085", "crossing": "traffic_signals", "crossing:markings": "zebra", "highway": "crossing" }, "geometry": { "type": "Point", "coordinates": [ -84.0347237, 35.0802638 ] }, "id": "node/13343806085" }, { "type": "Feature", "properties": { "@id": "node/13343806086", "crossing": "traffic_signals", "crossing:markings": "zebra", "highway": "crossing" }, "geometry": { "type": "Point", "coordinates": [ -84.0347494, 35.0804106 ] }, "id": "node/13343806086" }, { "type": "Feature", "properties": { "@id": "node/13347138562", "highway": "traffic_signals", "traffic_signals": "traffic_lights", "traffic_signals:direction": "forward" }, "geometry": { "type": "Point", "coordinates": [ -84.1011264, 35.0333366 ] }, "id": "node/13347138562" },
 
  { "type": "Feature", "properties": { "ref": "US 51;US 64;US 70;US 79", "@id": "way/25887617", "NHS": "yes", "bridge": "yes", "highway": "primary", "lanes": "5", "lanes:backward": "3", "lanes:forward": "2", "layer": "1", "name": "Union Avenue", "tiger:cfcc": "A31", "tiger:county": "Shelby, TN", "tiger:name_base": "Union", "tiger:name_base_1": "State Highway 23", "tiger:name_type": "Ave", "tiger:reviewed": "no", "turn:lanes:backward": "left|through|through", "unsigned_ref": "SR 3" }, "geometry": { "type": "LineString", "coordinates": [ [ -90.045577, 35.1410687 ], [ -90.0454626, 35.141036 ] ] }, "id": "way/25887617" }, { "type": "Feature", "properties": { "@id": "way/38722464", "NHS": "yes", "highway": "primary", "lanes": "6", "lanes:backward": "3", "lanes:both_ways": "1", "lanes:forward": "2", "name": "Union Avenue", "ref": "US 51;US 64;US 70;US 79", "sidewalk:both": "separate", "surface": "asphalt", "turn:lanes:both_ways": "left", "unsigned_ref": "SR 3" }, "geometry": { "type": "LineString", "coordinates": [ [ -90.0211497, 35.137313 ], [ -90.0213075, 35.1373274 ], [ -90.021515, 35.1373462 ], [ -90.0218542, 35.1373771 ] ] }, "id": "way/38722464" }, { "type": "Feature", "properties": { "@id": "way/38722487", "NHS": "yes", "bridge": "yes", "highway": "primary", "lanes": "5", "lanes:backward": "2", "lanes:forward": "3", "layer": "2", "maxweight:signed": "no", "name": "Union Avenue", "ref": "US 51;US 64;US 70;US 79", "sidewalk:both": "separate", "surface": "asphalt", "tiger:cfcc": "A31", "tiger:county": "Shelby, TN", "tiger:name_base": "Union", "tiger:name_base_1": "State Highway 23", "tiger:name_type": "Ave", "tiger:reviewed": "no", "turn:lanes:forward": "left|through|through", "unsigned_ref": "SR 3" }, "geometry": { "type": "LineString", "coordinates": [ [ -90.0245488, 35.1376298 ], [ -90.0233937, 35.1375237 ] ] }, "id": "way/38722487" }, { "type": "Feature", "properties": { "@id": "way/49500671", "NHS": "yes", "highway": "primary", "lanes": "5", "lanes:backward": "2", "lanes:both_ways": "1", "lanes:forward": "2", "name": "Union Avenue", "ref": "US 51;US 64;US 70;US 79", "surface": "asphalt", "tiger:cfcc": "A31", "tiger:county": "Shelby, TN", "tiger:name_base": "Union", "tiger:name_base_1": "State Highway 23", "tiger:name_type": "Ave", "tiger:reviewed": "no", "turn:lanes:both_ways": "left", "unsigned_ref": "SR 3" }, "geometry": { "type": "LineString", "coordinates": [ [ -90.0452844, 35.1409856 ], [ -90.0452565, 35.1409792 ], [ -90.0452034, 35.1409669 ], [ -90.0449035, 35.1408884 ], [ -90.0446541, 35.1408201 ], [ -90.0445983, 35.1408048 ], [ -90.044299, 35.1407229 ], [ -90.0442215, 35.1407017 ], [ -90.0439892, 35.1406381 ], [ -90.0438178, 35.1405912 ], [ -90.0435332, 35.1405133 ], [ -90.0432308, 35.1404384 ] ] }, "id": "way/49500671" }, { "type": "Feature", "properties": { "@id": "way/119725813", "NHS": "yes", "highway": "primary", "lanes": "6", "name": "Union Avenue", "ref": "US 51;US 64;US 70;US 79", "sidewalk:both": "separate", "surface": "asphalt", "tiger:cfcc": "A31", "tiger:county": "Shelby, TN", "tiger:name_base": "Union", "tiger:name_base_1": "State Highway 23", "tiger:name_type": "Ave", "tiger:reviewed": "no", "unsigned_ref": "SR 3" }, "geometry": { "type": "LineString", "coordinates": [ [ -90.0331631, 35.1385162 ], [ -90.031771, 35.1383616 ], [ -90.0314472, 35.1383258 ] ] }, "id": "way/119725813" }, { "type": "Feature", "properties": { "@id": "way/119725814", "NHS": "yes", "highway": "primary", "lanes": "6", "lanes:backward": "4", "lanes:forward": "2", "name": "Union Avenue", "note:lanes": "2 eastbound, 3 westbound", "ref": "US 51;US 64;US 70;US 79", "sidewalk:both": "separate", "surface": "asphalt", "tiger:cfcc": "A31", "tiger:county": "Shelby, TN", "tiger:name_base": "Union", "tiger:name_base_1": "State Highway 23", "tiger:name_type": "Ave", "tiger:reviewed": "no", "turn:lanes:backward": "left|through|through|right", "unsigned_ref": "SR 3" }, "geometry": { "type": "LineString", "coordinates": [ [ -90.0360455, 35.1387672 ], [ -90.0359847, 35.138762 ], [ -90.0358966, 35.1387544 ], [ -90.0358293, 35.1387503 ], [ -90.0357614, 35.1387462 ], [ -90.0348322, 35.138666 ], [ -90.0340413, 35.1386008 ], [ -90.0339211, 35.1385909 ], [ -90.0337522, 35.1385753 ], [ -90.0332431, 35.1385233 ], [ -90.0331631, 35.1385162 ] ] }, "id": "way/119725814" }, { "type": "Feature", "properties": { "@id": "way/585508292", "NHS": "yes", "highway": "primary", "lanes": "7", "lanes:backward": "3", "lanes:both_ways": "1", "lanes:forward": "3", "name": "Union Avenue", "ref": "US 51;US 64;US 70;US 79", "surface": "asphalt", "tiger:cfcc": "A31", "tiger:county": "Shelby, TN", "tiger:name_base": "Union", "tiger:name_base_1": "State Highway 23", "tiger:name_type": "Ave", "tiger:reviewed": "no", "turn:lanes:both_ways": "left", "unsigned_ref": "SR 3" }, "geometry": { "type": "LineString", "coordinates": [ [ -90.0276721, 35.1379462 ], [ -90.027358, 35.1379172 ] ] }, "id": "way/585508292" }, { "type": "Feature", "properties": { "@id": "way/594728014", "NHS": "yes", "highway": "primary", "lanes": "5", "lanes:backward": "2", "lanes:both_ways": "1", "lanes:forward": "2", "name": "Union Avenue", "ref": "US 51;US 64;US 70;US 79", "sidewalk:both": "separate", "tiger:cfcc": "A31", "tiger:county": "Shelby, TN", "tiger:name_base": "Union", "tiger:name_base_1": "State Highway 23", "tiger:name_type": "Ave", "tiger:reviewed": "no", "turn:lanes:both_ways": "left", "unsigned_ref": "SR 3" }, "geometry": { "type": "LineString", "coordinates": [ [ -90.0423801, 35.1402201 ], [ -90.0419016, 35.1400996 ], [ -90.0413801, 35.1399663 ], [ -90.0413264, 35.1399517 ], [ -90.0405533, 35.1397523 ], [ -90.0401819, 35.139653 ], [ -90.0399167, 35.1395819 ], [ -90.0398668, 35.1395685 ], [ -90.0395875, 35.1394937 ], [ -90.0393204, 35.1394225 ], [ -90.038433, 35.1391861 ] ] }, "id": "way/594728014" }, { "type": "Feature", "properties": { "@id": "way/663054928", "NHS": "yes", "highway": "primary", "lanes": "6", "lanes:backward": "2", "lanes:both_ways": "1", "lanes:forward": "3", "name": "Union Avenue", "placement:both_ways": "middle_of:1", "ref": "US 51;US 64;US 70;US 79", "sidewalk:both": "separate", "surface": "asphalt", "tiger:cfcc": "A31", "tiger:county": "Shelby, TN", "tiger:name_base": "Union", "tiger:name_base_1": "State Highway 23", "tiger:name_type": "Ave", "tiger:reviewed": "no", "turn:lanes:both_ways": "left", "turn:lanes:forward": "through|through|right", "unsigned_ref": "SR 3" }, "geometry": { "type": "LineString", "coordinates": [ [ -90.0261541, 35.1377907 ], [ -90.0255827, 35.1377338 ], [ -90.0255642, 35.1377325 ] ] }, "id": "way/663054928" }, { "type": "Feature", "properties": { "@id": "way/962034244", "NHS": "yes", "bridge": "yes", "highway": "primary", "lanes": "5", "lanes:backward": "2", "lanes:forward": "3", "layer": "1", "name": "Union Avenue", "ref": "US 51;US 64;US 70;US 79", "tiger:cfcc": "A31", "tiger:county": "Shelby, TN", "tiger:name_base": "Union", "tiger:name_base_1": "State Highway 23", "tiger:name_type": "Ave", "tiger:reviewed": "no", "turn:lanes:forward": "left|through|through", "unsigned_ref": "SR 3" }, "geometry": { "type": "LineString", "coordinates": [ [ -90.0454626, 35.141036 ], [ -90.0453323, 35.140999 ] ] }, "id": "way/962034244" }, { "type": "Feature", "properties": { "@id": "way/962034247", "NHS": "yes", "highway": "primary", "lanes": "5", "lanes:backward": "2", "lanes:forward": "3", "name": "Union Avenue", "ref": "US 51;US 64;US 70;US 79", "surface": "asphalt", "tiger:cfcc": "A31", "tiger:county": "Shelby, TN", "tiger:name_base": "Union", "tiger:name_base_1": "State Highway 23", "tiger:name_type": "Ave", "tiger:reviewed": "no", "turn:lanes:forward": "left|through|through;right", "unsigned_ref": "SR 3" }, "geometry": { "type": "LineString", "coordinates": [ [ -90.0432308, 35.1404384 ], [ -90.0428908, 35.140347 ], [ -90.042823, 35.1403283 ] ] }, "id": "way/962034247" }, { "type": "Feature", "properties": { "@id": "way/962034248", "NHS": "yes", "highway": "primary", "lanes": "5", "lanes:backward": "3", "lanes:forward": "2", "name": "Union Avenue", "ref": "US 51;US 64;US 70;US 79", "sidewalk:both": "separate", "tiger:cfcc": "A31", "tiger:county": "Shelby, TN", "tiger:name_base": "Union", "tiger:name_base_1": "State Highway 23", "tiger:name_type": "Ave", "tiger:reviewed": "no", "turn:lanes:backward": "left|through|through;slight_right", "unsigned_ref": "SR 3" }, "geometry": { "type": "LineString", "coordinates": [ [ -90.0427463, 35.140309 ], [ -90.0423801, 35.1402201 ] ] }, "id": "way/962034248" }, { "type": "Feature", "properties": { "@id": "way/962034250", "NHS": "yes", "highway": "primary", "lanes": "5", "lanes:backward": "2", "lanes:forward": "3", "name": "Union Avenue", "ref": "US 51;US 64;US 70;US 79", "sidewalk:both": "separate", "tiger:cfcc": "A31", "tiger:county": "Shelby, TN", "tiger:name_base": "Union", "tiger:name_base_1": "State Highway 23", "tiger:name_type": "Ave", "tiger:reviewed": "no", "turn:lanes:forward": "sharp_left|through|through;right", "unsigned_ref": "SR 3" }, "geometry": { "type": "LineString", "coordinates": [ [ -90.038433, 35.1391861 ], [ -90.0384015, 35.139178 ], [ -90.0382794, 35.1391465 ], [ -90.0381507, 35.1391077 ], [ -90.0378779, 35.1390254 ] ] }, "id": "way/962034250" }, { "type": "Feature", "properties": { "@id": "way/962034251", "NHS": "yes", "highway": "primary", "lanes": "5", "lanes:backward": "3", "lanes:forward": "2", "name": "Union Avenue", "ref": "US 51;US 64;US 70;US 79", "sidewalk:both": "separate", "tiger:cfcc": "A31", "tiger:county": "Shelby, TN", "tiger:name_base": "Union", "tiger:name_base_1": "State Highway 23", "tiger:name_type": "Ave", "tiger:reviewed": "no", "turn:lanes:backward": "left|through|through;slight_right", "unsigned_ref": "SR 3" }, "geometry": { "type": "LineString", "coordinates": [ [ -90.0378779, 35.1390254 ], [ -90.0377176, 35.1389807 ], [ -90.0376178, 35.1389583 ] ] }, "id": "way/962034251" }, { "type": "Feature", "properties": { "@id": "way/962034252", "NHS": "yes", "highway": "primary", "lanes": "5", "lanes:backward": "2", "lanes:both_ways": "1", "lanes:forward": "2", "name": "Union Avenue", "ref": "US 51;US 64;US 70;US 79", "sidewalk:both": "separate", "tiger:cfcc": "A31", "tiger:county": "Shelby, TN", "tiger:name_base": "Union", "tiger:name_base_1": "State Highway 23", "tiger:name_type": "Ave", "tiger:reviewed": "no", "turn:lanes:both_ways": "left", "unsigned_ref": "SR 3" }, "geometry": { "type": "LineString", "coordinates": [ [ -90.0373112, 35.1389128 ], [ -90.0370985, 35.1388848 ], [ -90.0369571, 35.1388663 ], [ -90.0364474, 35.1387992 ] ] }, "id": "way/962034252" }, { "type": "Feature", "properties": { "@id": "way/962034256", "NHS": "yes", "highway": "primary", "lanes": "5", "lanes:backward": "2", "lanes:forward": "3", "name": "Union Avenue", "ref": "US 51;US 64;US 70;US 79", "sidewalk:both": "separate", "tiger:cfcc": "A31", "tiger:county": "Shelby, TN", "tiger:name_base": "Union", "tiger:name_base_1": "State Highway 23", "tiger:name_type": "Ave", "tiger:reviewed": "no", "turn:lanes:forward": "left|through|through;right", "unsigned_ref": "SR 3" }, "geometry": { "type": "LineString", "coordinates": [ [ -90.0364474, 35.1387992 ], [ -90.0363496, 35.1387851 ], [ -90.0360455, 35.1387672 ] ] }, "id": "way/962034256" }, { "type": "Feature", "properties": { "@id": "way/962034259", "NHS": "yes", "highway": "primary", "lanes": "6", "name": "Union Avenue", "ref": "US 51;US 64;US 70;US 79", "surface": "asphalt", "tiger:cfcc": "A31", "tiger:county": "Shelby, TN", "tiger:name_base": "Union", "tiger:name_base_1": "State Highway 23", "tiger:name_type": "Ave", "tiger:reviewed": "no", "unsigned_ref": "SR 3" }, "geometry": { "type": "LineString", "coordinates": [ [ -90.0298352, 35.1381544 ], [ -90.0295282, 35.1381245 ], [ -90.0289846, 35.1380751 ], [ -90.0287265, 35.1380486 ] ] }, "id": "way/962034259" }, { "type": "Feature", "properties": { "@id": "way/962034260", "NHS": "yes", "highway": "primary", "lanes": "8", "lanes:backward": "3", "lanes:both_ways": "1", "lanes:forward": "4", "name": "Union Avenue", "placement:both_ways": "middle_of:1", "ref": "US 51;US 64;US 70;US 79", "surface": "asphalt", "tiger:cfcc": "A31", "tiger:county": "Shelby, TN", "tiger:name_base": "Union", "tiger:name_base_1": "State Highway 23", "tiger:name_type": "Ave", "tiger:reviewed": "no", "turn:lanes:both_ways": "left", "turn:lanes:forward": "|||right", "unsigned_ref": "SR 3" }, "geometry": { "type": "LineString", "coordinates": [ [ -90.0272772, 35.1379037 ], [ -90.0271191, 35.1378857 ] ] }, "id": "way/962034260" }, { "type": "Feature", "properties": { "@id": "way/962034279", "NHS": "yes", "highway": "primary", "lanes": "7", "lanes:backward": "4", "lanes:forward": "3", "name": "Union Avenue", "ref": "US 51;US 64;US 70;US 79", "surface": "asphalt", "tiger:cfcc": "A31", "tiger:county": "Shelby, TN", "tiger:name_base": "Union", "tiger:name_base_1": "State Highway 23", "tiger:name_type": "Ave", "tiger:reviewed": "no", "turn:lanes:backward": "left|through|through|right", "unsigned_ref": "SR 3" }, "geometry": { "type": "LineString", "coordinates": [ [ -90.0281692, 35.1379926 ], [ -90.0280402, 35.1379802 ], [ -90.0278805, 35.1379655 ], [ -90.0276721, 35.1379462 ] ] }, "id": "way/962034279" }, { "type": "Feature", "properties": { "@id": "way/962034282", "NHS": "yes", "highway": "primary", "lanes": "5", "lanes:backward": "2", "lanes:both_ways": "1", "lanes:forward": "2", "name": "Union Avenue", "ref": "US 51;US 64;US 70;US 79", "sidewalk:both": "separate", "surface": "asphalt", "tiger:cfcc": "A31", "tiger:county": "Shelby, TN", "tiger:name_base": "Union", "tiger:name_base_1": "State Highway 23", "tiger:name_type": "Ave", "tiger:reviewed": "no", "turn:lanes:backward": "through|through;right", "turn:lanes:both_ways": "left", "unsigned_ref": "SR 3" }, "geometry": { "type": "LineString", "coordinates": [ [ -90.0246428, 35.137638 ], [ -90.0245488, 35.1376298 ] ] }, "id": "way/962034282" }, { "type": "Feature", "properties": { "@id": "way/962034283", "NHS": "yes", "highway": "primary", "lanes": "5", "lanes:backward": "2", "lanes:both_ways": "1", "lanes:forward": "2", "name": "Union Avenue", "ref": "US 51;US 64;US 70;US 79", "sidewalk:both": "separate", "surface": "asphalt", "tiger:cfcc": "A31", "tiger:county": "Shelby, TN", "tiger:name_base": "Union", "tiger:name_base_1": "State Highway 23", "tiger:name_type": "Ave", "tiger:reviewed": "no", "turn:lanes:both_ways": "left", "unsigned_ref": "SR 3" }, "geometry": { "type": "LineString", "coordinates": [ [ -90.0255642, 35.1377325 ], [ -90.0246428, 35.137638 ] ] }, "id": "way/962034283" }, { "type": "Feature", "properties": { "@id": "way/962034284", "NHS": "yes", "highway": "primary", "lanes": "6", "lanes:backward": "2", "lanes:both_ways": "1", "lanes:forward": "3", "name": "Union Avenue", "placement:both_ways": "middle_of:1", "ref": "US 51;US 64;US 70;US 79", "sidewalk:both": "separate", "surface": "asphalt", "tiger:cfcc": "A31", "tiger:county": "Shelby, TN", "tiger:name_base": "Union", "tiger:name_base_1": "State Highway 23", "tiger:name_type": "Ave", "tiger:reviewed": "no", "turn:lanes:both_ways": "left", "unsigned_ref": "SR 3" }, "geometry": { "type": "LineString", "coordinates": [ [ -90.0266936, 35.1378436 ], [ -90.0261541, 35.1377907 ] ] }, "id": "way/962034284" }, { "type": "Feature", "properties": { "@id": "way/962034285", "NHS": "yes", "highway": "primary", "lanes": "5", "lanes:backward": "3", "lanes:forward": "2", "name": "Union Avenue", "ref": "US 51;US 64;US 70;US 79", "sidewalk:both": "separate", "surface": "asphalt", "turn:lanes:backward": "left|through|through", "unsigned_ref": "SR 3" }, "geometry": { "type": "LineString", "coordinates": [ [ -90.0231804, 35.1375064 ], [ -90.0233937, 35.1375237 ] ] }, "id": "way/962034285" }, { "type": "Feature", "properties": { "@id": "way/962034287", "NHS": "yes", "highway": "primary", "lanes": "6", "name": "Union Avenue", "ref": "US 51;US 64;US 70;US 79", "sidewalk:both": "separate", "surface": "asphalt", "unsigned_ref": "SR 3" }, "geometry": { "type": "LineString", "coordinates": [ [ -90.0229369, 35.1374828 ], [ -90.0231804, 35.1375064 ] ] }, "id": "way/962034287" }, { "type": "Feature", "properties": { "@id": "way/1028987914", "NHS": "yes", "highway": "primary", "lanes": "6", "lanes:backward": "3", "lanes:both_ways": "1", "lanes:forward": "2", "name": "Union Avenue", "ref": "US 51;US 64;US 70;US 79", "sidewalk:both": "separate", "surface": "asphalt", "turn:lanes:both_ways": "left", "unsigned_ref": "SR 3" }, "geometry": { "type": "LineString", "coordinates": [ [ -90.0219531, 35.1373847 ], [ -90.0225696, 35.1374521 ], [ -90.0228062, 35.1374737 ], [ -90.0229369, 35.1374828 ] ] }, "id": "way/1028987914" }, { "type": "Feature", "properties": { "@id": "way/1028987915", "NHS": "yes", "highway": "primary", "lanes": "6", "lanes:backward": "3", "lanes:both_ways": "1", "lanes:forward": "2", "name": "Union Avenue", "ref": "US 51;US 64;US 70;US 79", "sidewalk:both": "separate", "surface": "asphalt", "turn:lanes:both_ways": "left", "unsigned_ref": "SR 3" }, "geometry": { "type": "LineString", "coordinates": [ [ -90.0218542, 35.1373771 ], [ -90.0219531, 35.1373847 ] ] }, "id": "way/1028987915" }, { "type": "Feature", "properties": { "@id": "way/1209638505", "NHS": "yes", "highway": "primary", "lanes": "8", "lanes:backward": "3", "lanes:both_ways": "1", "lanes:forward": "4", "name": "Union Avenue", "placement:both_ways": "middle_of:1", "ref": "US 51;US 64;US 70;US 79", "sidewalk:both": "separate", "surface": "asphalt", "tiger:cfcc": "A31", "tiger:county": "Shelby, TN", "tiger:name_base": "Union", "tiger:name_base_1": "State Highway 23", "tiger:name_type": "Ave", "tiger:reviewed": "no", "turn:lanes:both_ways": "left", "turn:lanes:forward": "|||right", "unsigned_ref": "SR 3" }, "geometry": { "type": "LineString", "coordinates": [ [ -90.0271191, 35.1378857 ], [ -90.0266936, 35.1378436 ] ] }, "id": "way/1209638505" }, { "type": "Feature", "properties": { "@id": "way/1209638506", "NHS": "yes", "highway": "primary", "lanes": "7", "lanes:backward": "3", "lanes:both_ways": "1", "lanes:forward": "3", "name": "Union Avenue", "ref": "US 51;US 64;US 70;US 79", "surface": "asphalt", "tiger:cfcc": "A31", "tiger:county": "Shelby, TN", "tiger:name_base": "Union", "tiger:name_base_1": "State Highway 23", "tiger:name_type": "Ave", "tiger:reviewed": "no", "turn:lanes:both_ways": "left", "unsigned_ref": "SR 3" }, "geometry": { "type": "LineString", "coordinates": [ [ -90.027358, 35.1379172 ], [ -90.0272772, 35.1379037 ] ] }, "id": "way/1209638506" }, { "type": "Feature", "properties": { "@id": "way/1210173395", "NHS": "yes", "highway": "primary", "lanes": "5", "lanes:backward": "3", "lanes:forward": "2", "name": "Union Avenue", "ref": "US 51;US 64;US 70;US 79", "sidewalk:both": "separate", "tiger:cfcc": "A31", "tiger:county": "Shelby, TN", "tiger:name_base": "Union", "tiger:name_base_1": "State Highway 23", "tiger:name_type": "Ave", "tiger:reviewed": "no", "turn:lanes:backward": "left|through|through;slight_right", "unsigned_ref": "SR 3" }, "geometry": { "type": "LineString", "coordinates": [ [ -90.0376178, 35.1389583 ], [ -90.0375261, 35.1389405 ], [ -90.0373112, 35.1389128 ] ] }, "id": "way/1210173395" }, { "type": "Feature", "properties": { "@id": "way/1210903924", "NHS": "yes", "highway": "primary", "lanes": "5", "lanes:backward": "2", "lanes:both_ways": "1", "lanes:forward": "2", "name": "Union Avenue", "ref": "US 51;US 64;US 70;US 79", "surface": "asphalt", "tiger:cfcc": "A31", "tiger:county": "Shelby, TN", "tiger:name_base": "Union", "tiger:name_base_1": "State Highway 23", "tiger:name_type": "Ave", "tiger:reviewed": "no", "turn:lanes:both_ways": "left", "unsigned_ref": "SR 3" }, "geometry": { "type": "LineString", "coordinates": [ [ -90.0453323, 35.140999 ], [ -90.0452844, 35.1409856 ] ] }, "id": "way/1210903924" }, { "type": "Feature", "properties": { "@id": "way/1243981308", "NHS": "yes", "highway": "primary", "lanes": "6", "lanes:backward": "3", "lanes:both_ways": "1", "lanes:forward": "2", "name": "Union Avenue", "ref": "US 51;US 64;US 70;US 79", "sidewalk:both": "separate", "surface": "asphalt", "turn:lanes:both_ways": "left", "unsigned_ref": "SR 3" }, "geometry": { "type": "LineString", "coordinates": [ [ -90.0209592, 35.1372921 ], [ -90.0211497, 35.137313 ] ] }, "id": "way/1243981308" }, { "type": "Feature", "properties": { "@id": "way/1386970507", "NHS": "yes", "highway": "primary", "lanes": "5", "lanes:backward": "2", "lanes:forward": "3", "name": "Union Avenue", "ref": "US 51;US 64;US 70;US 79", "surface": "asphalt", "tiger:cfcc": "A31", "tiger:county": "Shelby, TN", "tiger:name_base": "Union", "tiger:name_base_1": "State Highway 23", "tiger:name_type": "Ave", "tiger:reviewed": "no", "turn:lanes:forward": "left||", "unsigned_ref": "SR 3" }, "geometry": { "type": "LineString", "coordinates": [ [ -90.0287265, 35.1380486 ], [ -90.028338, 35.1380086 ], [ -90.0281692, 35.1379926 ] ] }, "id": "way/1386970507" }, { "type": "Feature", "properties": { "@id": "way/1386980057", "NHS": "yes", "highway": "primary", "lanes": "6", "name": "Union Avenue", "ref": "US 51;US 64;US 70;US 79", "surface": "asphalt", "tiger:cfcc": "A31", "tiger:county": "Shelby, TN", "tiger:name_base": "Union", "tiger:name_base_1": "State Highway 23", "tiger:name_type": "Ave", "tiger:reviewed": "no", "unsigned_ref": "SR 3" }, "geometry": { "type": "LineString", "coordinates": [ [ -90.0308912, 35.1382629 ], [ -90.0307782, 35.1382495 ], [ -90.0298352, 35.1381544 ] ] }, "id": "way/1386980057" }, { "type": "Feature", "properties": { "@id": "way/1386980058", "NHS": "yes", "highway": "primary", "lanes": "5", "lanes:backward": "3", "lanes:forward": "2", "name": "Union Avenue", "ref": "US 51;US 64;US 70;US 79", "sidewalk:both": "separate", "surface": "asphalt", "tiger:cfcc": "A31", "tiger:county": "Shelby, TN", "tiger:name_base": "Union", "tiger:name_base_1": "State Highway 23", "tiger:name_type": "Ave", "tiger:reviewed": "no", "turn:lanes:backward": "left|none|none", "unsigned_ref": "SR 3" }, "geometry": { "type": "LineString", "coordinates": [ [ -90.0314472, 35.1383258 ], [ -90.0310417, 35.1382809 ], [ -90.0308912, 35.1382629 ] ] }, "id": "way/1386980058" }, { "type": "Feature", "properties": { "@id": "way/1483057983", "NHS": "yes", "highway": "primary", "lanes": "5", "lanes:backward": "2", "lanes:forward": "3", "name": "Union Avenue", "ref": "US 51;US 64;US 70;US 79", "surface": "asphalt", "tiger:cfcc": "A31", "tiger:county": "Shelby, TN", "tiger:name_base": "Union", "tiger:name_base_1": "State Highway 23", "tiger:name_type": "Ave", "tiger:reviewed": "no", "turn:lanes:forward": "left|through|through;right", "unsigned_ref": "SR 3" }, "geometry": { "type": "LineString", "coordinates": [ [ -90.042823, 35.1403283 ], [ -90.0427463, 35.140309 ] ] }, "id": "way/1483057983" }, { "type": "Feature", "properties": { "@id": "way/1504381281", "NHS": "yes", "highway": "primary", "lanes": "6", "lanes:backward": "3", "lanes:both_ways": "1", "lanes:forward": "2", "name": "Union Avenue", "ref": "US 51;US 64;US 70;US 79", "sidewalk:both": "separate", "surface": "asphalt", "turn:lanes:both_ways": "left", "unsigned_ref": "SR 3" }, "geometry": { "type": "LineString", "coordinates": [ [ -90.0206959, 35.1372636 ], [ -90.0209592, 35.1372921 ] ] }, "id": "way/1504381281" }, { "type": "Feature", "properties": { "@id": "node/1344223287", "crossing": "traffic_signals", "crossing:markings": "zebra", "highway": "crossing" }, "geometry": { "type": "Point", "coordinates": [ -90.0339211, 35.1385909 ] }, "id": "node/1344223287" }, { "type": "Feature", "properties": { "@id": "node/5483802132", "crossing": "traffic_signals", "crossing:markings": "zebra", "crossing:signals": "yes", "highway": "crossing" }, "geometry": { "type": "Point", "coordinates": [ -90.0357614, 35.1387462 ] }, "id": "node/5483802132" }, { "type": "Feature", "properties": { "@id": "node/8899023454", "highway": "traffic_signals", "traffic_signals": "signal", "traffic_signals:direction": "both" }, "geometry": { "type": "Point", "coordinates": [ -90.0377176, 35.1389807 ] }, "id": "node/8899023454" }, { "type": "Feature", "properties": { "@id": "node/11206695596", "crossing": "traffic_signals", "crossing:markings": "zebra", "crossing:signals": "yes", "highway": "crossing" }, "geometry": { "type": "Point", "coordinates": [ -90.0360455, 35.1387672 ] }, "id": "node/11206695596" }, { "type": "Feature", "properties": { "@id": "node/11206695597", "highway": "traffic_signals", "traffic_signals": "signal" }, "geometry": { "type": "Point", "coordinates": [ -90.0358966, 35.1387544 ] }, "id": "node/11206695597" }, { "type": "Feature", "properties": { "@id": "node/11206695599", "highway": "traffic_signals", "traffic_signals": "signal" }, "geometry": { "type": "Point", "coordinates": [ -90.0337522, 35.1385753 ] }, "id": "node/11206695599" }, { "type": "Feature", "properties": { "@id": "node/11206865089", "crossing": "traffic_signals", "crossing:markings": "lines", "highway": "crossing" }, "geometry": { "type": "Point", "coordinates": [ -90.028338, 35.1380086 ] }, "id": "node/11206865089" }, { "type": "Feature", "properties": { "@id": "node/11206865095", "crossing": "traffic_signals", "crossing:markings": "lines", "highway": "crossing" }, "geometry": { "type": "Point", "coordinates": [ -90.0280402, 35.1379802 ] }, "id": "node/11206865095" }, { "type": "Feature", "properties": { "@id": "node/11206874239", "highway": "traffic_signals", "traffic_signals": "signal" }, "geometry": { "type": "Point", "coordinates": [ -90.0206959, 35.1372636 ] }, "id": "node/11206874239" }, { "type": "Feature", "properties": { "@id": "node/11211008852", "highway": "traffic_signals", "traffic_signals": "signal" }, "geometry": { "type": "Point", "coordinates": [ -90.0281692, 35.1379926 ] }, "id": "node/11211008852" }, { "type": "Feature", "properties": { "@id": "node/11211008856", "crossing": "traffic_signals", "crossing:markings": "lines", "highway": "crossing" }, "geometry": { "type": "Point", "coordinates": [ -90.0307782, 35.1382495 ] }, "id": "node/11211008856" }, { "type": "Feature", "properties": { "@id": "node/11211008858", "crossing": "traffic_signals", "crossing:markings": "lines", "highway": "crossing" }, "geometry": { "type": "Point", "coordinates": [ -90.0310417, 35.1382809 ] }, "id": "node/11211008858" }, { "type": "Feature", "properties": { "@id": "node/11211008861", "highway": "traffic_signals", "traffic_signals": "signal" }, "geometry": { "type": "Point", "coordinates": [ -90.0308912, 35.1382629 ] }, "id": "node/11211008861" }, { "type": "Feature", "properties": { "@id": "node/11211259880", "crossing": "traffic_signals", "crossing:markings": "lines", "crossing:signals": "yes", "highway": "crossing" }, "geometry": { "type": "Point", "coordinates": [ -90.0381507, 35.1391077 ] }, "id": "node/11211259880" }, { "type": "Feature", "properties": { "@id": "node/11219198888", "crossing": "traffic_signals", "crossing:markings": "lines", "highway": "crossing" }, "geometry": { "type": "Point", "coordinates": [ -90.0427463, 35.140309 ] }, "id": "node/11219198888" }, { "type": "Feature", "properties": { "@id": "node/11219198891", "crossing": "traffic_signals", "crossing:markings": "lines", "highway": "crossing" }, "geometry": { "type": "Point", "coordinates": [ -90.0428908, 35.140347 ] }, "id": "node/11219198891" }, { "type": "Feature", "properties": { "@id": "node/11219198893", "highway": "traffic_signals", "traffic_signals": "signal" }, "geometry": { "type": "Point", "coordinates": [ -90.042823, 35.1403283 ] }, "id": "node/11219198893" }, { "type": "Feature", "properties": { "@id": "node/11219198899", "crossing": "traffic_signals", "crossing:markings": "lines", "highway": "crossing" }, "geometry": { "type": "Point", "coordinates": [ -90.0452034, 35.1409669 ] }, "id": "node/11219198899" }, { "type": "Feature", "properties": { "@id": "node/11219198906", "highway": "traffic_signals", "traffic_signals": "signal" }, "geometry": { "type": "Point", "coordinates": [ -90.0452844, 35.1409856 ] }, "id": "node/11219198906" }, { "type": "Feature", "properties": { "@id": "node/13997999081", "crossing": "unmarked", "crossing:markings": "no", "highway": "crossing" }, "geometry": { "type": "Point", "coordinates": [ -90.0452565, 35.1409792 ] }, "id": "node/13997999081" }, { "type": "Feature", "properties": { "@id": "node/13997999437", "crossing": "uncontrolled", "crossing:markings": "yes", "highway": "crossing" }, "geometry": { "type": "Point", "coordinates": [ -90.0358293, 35.1387503 ] }, "id": "node/13997999437" }, { "type": "Feature", "properties": { "@id": "node/13997999448", "crossing": "uncontrolled", "crossing:markings": "yes", "highway": "crossing" }, "geometry": { "type": "Point", "coordinates": [ -90.0359847, 35.138762 ] }, "id": "node/13997999448" },
  
  { "type": "Feature", "properties": { "ref": "US 56;US 64;US 385;US 412","@id": "way/14716943", "HFCS": "Principal Arterial", "NHS": "yes", "hgv": "designated", "hgv:national_network": "yes", "highway": "trunk", "lanes": "2", "lanes:backward": "1", "lanes:forward": "1", "maxspeed": "35 mph", "name": "Cimarron Avenue", "source:hgv:national_network": "https://www.ecfr.gov/current/title-23/chapter-I/subchapter-G/part-658;https://hepgis-usdot.hub.arcgis.com/apps/usdot::national-network-conventional-combination-trucks-map", "surface": "asphalt", "turn:lanes:backward": "left;through;right", "turn:lanes:forward": "left;through;right" }, "geometry": { "type": "LineString", "coordinates": [ [ -102.5131224, 36.7287782 ], [ -102.5131181, 36.727916 ] ] }, "id": "way/14716943" }, { "type": "Feature", "properties": { "@id": "way/14717484", "HFCS": "Principal Arterial", "NHS": "yes", "hgv": "designated", "hgv:national_network": "yes", "highway": "trunk", "junction": "circular", "lanes": "1", "maxspeed": "25 mph", "noname": "yes", "old_ref": "US 287", "oneway": "yes", "ref": "US 56;US 64;US 385;US 412;OK 3", "source:hgv:national_network": "https://www.ecfr.gov/current/title-23/chapter-I/subchapter-G/part-658;https://hepgis-usdot.hub.arcgis.com/apps/usdot::national-network-conventional-combination-trucks-map", "surface": "asphalt", "turn:lanes": "through;right" }, "geometry": { "type": "LineString", "coordinates": [ [ -102.5131252, 36.7293035 ], [ -102.512735, 36.7292995 ], [ -102.5126553, 36.7293379 ], [ -102.5126189, 36.7293991 ], [ -102.512624, 36.7295722 ], [ -102.5126282, 36.7297009 ] ] }, "id": "way/14717484" }, { "type": "Feature", "properties": { "@id": "way/51546075", "HFCS": "Principal Arterial", "NHS": "yes", "hgv": "designated", "hgv:national_network": "yes", "highway": "trunk", "junction": "circular", "lanes": "1", "maxspeed": "25 mph", "noname": "yes", "old_ref": "US 287", "oneway": "yes", "ref": "US 56;US 64;US 385;US 412;OK 3", "source:hgv:national_network": "https://www.ecfr.gov/current/title-23/chapter-I/subchapter-G/part-658;https://hepgis-usdot.hub.arcgis.com/apps/usdot::national-network-conventional-combination-trucks-map", "surface": "asphalt", "turn:lanes": "through;right" }, "geometry": { "type": "LineString", "coordinates": [ [ -102.5126282, 36.7297009 ], [ -102.5126392, 36.7299656 ], [ -102.5126569, 36.7300019 ], [ -102.5127024, 36.7300478 ], [ -102.5127678, 36.7300757 ], [ -102.5129891, 36.7300821 ], [ -102.513111, 36.7300839 ] ] }, "id": "way/51546075" }, { "type": "Feature", "properties": { "@id": "way/52714821", "HFCS": "Principal Arterial", "NHS": "yes", "hgv": "designated", "hgv:national_network": "yes", "highway": "trunk", "lanes": "2", "lanes:backward": "1", "lanes:forward": "1", "maxspeed": "55 mph", "name": "Santa Fe Trail Highway", "ref": "US 56;US 64;US 385;US 412", "source:hgv:national_network": "https://www.ecfr.gov/current/title-23/chapter-I/subchapter-G/part-658;https://hepgis-usdot.hub.arcgis.com/apps/usdot::national-network-conventional-combination-trucks-map", "surface": "asphalt", "turn:lanes:backward": "left;through;right" }, "geometry": { "type": "LineString", "coordinates": [ [ -102.5156064, 36.7190716 ], [ -102.515213, 36.719432 ], [ -102.514906, 36.719761 ], [ -102.51486, 36.71981 ], [ -102.5144956, 36.7202881 ], [ -102.5143076, 36.7205622 ], [ -102.5141571, 36.720789 ], [ -102.5139107, 36.7211936 ], [ -102.5137894, 36.7214191 ] ] }, "id": "way/52714821" }, { "type": "Feature", "properties": { "@id": "way/52714825", "HFCS": "Principal Arterial", "NHS": "yes", "hgv": "designated", "hgv:national_network": "yes", "highway": "trunk", "junction": "circular", "lanes": "1", "maxspeed": "25 mph", "noname": "yes", "old_ref": "US 287", "oneway": "yes", "ref": "US 56;US 64;US 385;US 412;OK 3", "source:hgv:national_network": "https://www.ecfr.gov/current/title-23/chapter-I/subchapter-G/part-658;https://hepgis-usdot.hub.arcgis.com/apps/usdot::national-network-conventional-combination-trucks-map", "surface": "asphalt", "turn:lanes": "through;right" }, "geometry": { "type": "LineString", "coordinates": [ [ -102.513111, 36.7300839 ], [ -102.5134255, 36.7300818 ], [ -102.5134881, 36.7300642 ], [ -102.5135402, 36.7300293 ], [ -102.5135763, 36.7299635 ], [ -102.5135722, 36.7297876 ], [ -102.5135702, 36.7296921 ] ] }, "id": "way/52714825" }, { "type": "Feature", "properties": { "@id": "way/318388473", "HFCS": "Principal Arterial", "NHS": "yes", "hgv": "designated", "hgv:national_network": "yes", "highway": "trunk", "lanes": "2", "lanes:backward": "1", "lanes:forward": "1", "mapillary": "1154035245112165", "maxspeed": "55 mph", "name": "Santa Fe Trail Highway", "ref": "US 56;US 64;US 385;US 412", "source:hgv:national_network": "https://www.ecfr.gov/current/title-23/chapter-I/subchapter-G/part-658;https://hepgis-usdot.hub.arcgis.com/apps/usdot::national-network-conventional-combination-trucks-map", "surface": "asphalt", "turn:lanes:forward": "left;through;right" }, "geometry": { "type": "LineString", "coordinates": [ [ -102.5136879, 36.721637 ], [ -102.5134478, 36.7222658 ], [ -102.5132829, 36.722805 ] ] }, "id": "way/318388473" }, { "type": "Feature", "properties": { "@id": "way/318388478", "HFCS": "Principal Arterial", "NHS": "yes", "bridge": "yes", "hgv": "designated", "hgv:national_network": "yes", "highway": "trunk", "lanes": "2", "lanes:backward": "1", "lanes:forward": "1", "layer": "1", "maxspeed": "55 mph", "name": "Santa Fe Trail Highway", "ref": "US 56;US 64;US 385;US 412", "source:hgv:national_network": "https://www.ecfr.gov/current/title-23/chapter-I/subchapter-G/part-658;https://hepgis-usdot.hub.arcgis.com/apps/usdot::national-network-conventional-combination-trucks-map" }, "geometry": { "type": "LineString", "coordinates": [ [ -102.5137894, 36.7214191 ], [ -102.5136879, 36.721637 ] ] }, "id": "way/318388478" }, { "type": "Feature", "properties": { "@id": "way/935623619", "HFCS": "Principal Arterial", "NHS": "yes", "hgv": "designated", "hgv:national_network": "yes", "highway": "trunk", "lanes": "2", "lanes:backward": "1", "lanes:forward": "1", "maxspeed": "65 mph", "name": "Santa Fe Trail Highway", "ref": "US 56;US 64;US 385;US 412", "source:hgv:national_network": "https://www.ecfr.gov/current/title-23/chapter-I/subchapter-G/part-658;https://hepgis-usdot.hub.arcgis.com/apps/usdot::national-network-conventional-combination-trucks-map", "surface": "asphalt", "turn:lanes:backward": "left;through;right", "turn:lanes:forward": "through;slight_right" }, "geometry": { "type": "LineString", "coordinates": [ [ -102.5538132, 36.6982453 ], [ -102.5413896, 36.7045121 ] ] }, "id": "way/935623619" }, { "type": "Feature", "properties": { "@id": "way/935623620", "HFCS": "Principal Arterial", "NHS": "yes", "hgv": "designated", "hgv:national_network": "yes", "highway": "trunk", "lanes": "2", "lanes:backward": "1", "lanes:forward": "1", "maxspeed": "65 mph", "name": "Santa Fe Trail Highway", "ref": "US 56;US 64;US 385;US 412", "source:hgv:national_network": "https://www.ecfr.gov/current/title-23/chapter-I/subchapter-G/part-658;https://hepgis-usdot.hub.arcgis.com/apps/usdot::national-network-conventional-combination-trucks-map", "surface": "asphalt", "turn:lanes:backward": "left;through", "turn:lanes:forward": "left;through;right" }, "geometry": { "type": "LineString", "coordinates": [ [ -102.5413896, 36.7045121 ], [ -102.538838, 36.705798 ], [ -102.537057, 36.706694 ], [ -102.536619, 36.706914 ], [ -102.5355278, 36.7074962 ] ] }, "id": "way/935623620" }, { "type": "Feature", "properties": { "@id": "way/935623622", "HFCS": "Principal Arterial", "NHS": "yes", "hgv": "designated", "hgv:national_network": "yes", "highway": "trunk", "lanes": "2", "lanes:backward": "1", "lanes:forward": "1", "maxspeed": "65 mph", "name": "Santa Fe Trail Highway", "ref": "US 56;US 64;US 385;US 412", "source:hgv:national_network": "https://www.ecfr.gov/current/title-23/chapter-I/subchapter-G/part-658;https://hepgis-usdot.hub.arcgis.com/apps/usdot::national-network-conventional-combination-trucks-map", "surface": "asphalt", "turn:lanes:backward": "left;through;right", "turn:lanes:forward": "left;through;right" }, "geometry": { "type": "LineString", "coordinates": [ [ -102.5355278, 36.7074962 ], [ -102.5355005, 36.7075109 ], [ -102.534719, 36.707932 ], [ -102.532381, 36.709267 ], [ -102.530465, 36.71037 ], [ -102.5260814, 36.7128612 ] ] }, "id": "way/935623622" }, { "type": "Feature", "properties": { "@id": "way/935623623", "HFCS": "Principal Arterial", "NHS": "yes", "hgv": "designated", "hgv:national_network": "yes", "highway": "trunk", "lanes": "2", "lanes:backward": "1", "lanes:forward": "1", "maxspeed": "65 mph", "name": "Santa Fe Trail Highway", "ref": "US 56;US 64;US 385;US 412", "source:hgv:national_network": "https://www.ecfr.gov/current/title-23/chapter-I/subchapter-G/part-658;https://hepgis-usdot.hub.arcgis.com/apps/usdot::national-network-conventional-combination-trucks-map", "surface": "asphalt", "turn:lanes:backward": "left;through;right" }, "geometry": { "type": "LineString", "coordinates": [ [ -102.5260814, 36.7128612 ], [ -102.522634, 36.7148205 ], [ -102.5208394, 36.7158518 ] ] }, "id": "way/935623623" }, { "type": "Feature", "properties": { "@id": "way/935623624", "HFCS": "Principal Arterial", "NHS": "yes", "hgv": "designated", "hgv:national_network": "yes", "highway": "trunk", "lanes": "2", "lanes:backward": "1", "lanes:forward": "1", "maxspeed": "55 mph", "name": "Santa Fe Trail Highway", "ref": "US 56;US 64;US 385;US 412", "source:hgv:national_network": "https://www.ecfr.gov/current/title-23/chapter-I/subchapter-G/part-658;https://hepgis-usdot.hub.arcgis.com/apps/usdot::national-network-conventional-combination-trucks-map", "surface": "asphalt", "turn:lanes:forward": "left;through;right" }, "geometry": { "type": "LineString", "coordinates": [ [ -102.5208394, 36.7158518 ], [ -102.5191545, 36.7168127 ], [ -102.5176857, 36.7176501 ], [ -102.5174693, 36.7177724 ] ] }, "id": "way/935623624" }, { "type": "Feature", "properties": { "@id": "way/935623626", "HFCS": "Principal Arterial", "NHS": "yes", "hgv": "designated", "hgv:national_network": "yes", "highway": "trunk", "lanes": "2", "lanes:backward": "1", "lanes:forward": "1", "maxspeed": "55 mph", "name": "Santa Fe Trail Highway", "ref": "US 56;US 64;US 385;US 412", "source:hgv:national_network": "https://www.ecfr.gov/current/title-23/chapter-I/subchapter-G/part-658;https://hepgis-usdot.hub.arcgis.com/apps/usdot::national-network-conventional-combination-trucks-map", "surface": "asphalt", "turn:lanes:backward": "left;through;right", "turn:lanes:forward": "left;through;right" }, "geometry": { "type": "LineString", "coordinates": [ [ -102.5174693, 36.7177724 ], [ -102.5168427, 36.718145 ], [ -102.5164003, 36.7184418 ], [ -102.5163083, 36.7185107 ], [ -102.5159903, 36.7187499 ], [ -102.5156064, 36.7190716 ] ] }, "id": "way/935623626" }, { "type": "Feature", "properties": { "@id": "way/935623629", "HFCS": "Principal Arterial", "NHS": "yes", "hgv": "designated", "hgv:national_network": "yes", "highway": "trunk", "lanes": "2", "lanes:backward": "1", "lanes:forward": "1", "maxspeed": "45 mph", "name": "Cimarron Avenue", "ref": "US 56;US 64;US 385;US 412", "source:hgv:national_network": "https://www.ecfr.gov/current/title-23/chapter-I/subchapter-G/part-658;https://hepgis-usdot.hub.arcgis.com/apps/usdot::national-network-conventional-combination-trucks-map", "surface": "asphalt", "turn:lanes:backward": "left;through;right", "turn:lanes:forward": "slight_left;through" }, "geometry": { "type": "LineString", "coordinates": [ [ -102.513123, 36.7236687 ], [ -102.5131273, 36.7236101 ], [ -102.513134, 36.7235192 ], [ -102.5131582, 36.7233736 ] ] }, "id": "way/935623629" }, { "type": "Feature", "properties": { "@id": "way/935623630", "HFCS": "Principal Arterial", "NHS": "yes", "hgv": "designated", "hgv:national_network": "yes", "highway": "trunk", "lanes": "2", "lanes:backward": "1", "lanes:forward": "1", "maxspeed": "45 mph", "name": "Cimarron Avenue", "ref": "US 56;US 64;US 385;US 412", "source:hgv:national_network": "https://www.ecfr.gov/current/title-23/chapter-I/subchapter-G/part-658;https://hepgis-usdot.hub.arcgis.com/apps/usdot::national-network-conventional-combination-trucks-map", "surface": "asphalt", "turn:lanes:backward": "through;right", "turn:lanes:forward": "left;through;right" }, "geometry": { "type": "LineString", "coordinates": [ [ -102.5131015, 36.724511 ], [ -102.5131032, 36.7240924 ], [ -102.513123, 36.7236687 ] ] }, "id": "way/935623630" }, { "type": "Feature", "properties": { "@id": "way/935623631", "HFCS": "Principal Arterial", "NHS": "yes", "hgv": "designated", "hgv:national_network": "yes", "highway": "trunk", "lanes": "2", "lanes:backward": "1", "lanes:forward": "1", "maxspeed": "45 mph", "name": "Cimarron Avenue", "ref": "US 56;US 64;US 385;US 412", "source:hgv:national_network": "https://www.ecfr.gov/current/title-23/chapter-I/subchapter-G/part-658;https://hepgis-usdot.hub.arcgis.com/apps/usdot::national-network-conventional-combination-trucks-map", "surface": "asphalt", "turn:lanes:forward": "left;through" }, "geometry": { "type": "LineString", "coordinates": [ [ -102.5131046, 36.7252235 ], [ -102.5131015, 36.724511 ] ] }, "id": "way/935623631" }, { "type": "Feature", "properties": { "@id": "way/935623633", "HFCS": "Principal Arterial", "NHS": "yes", "hgv": "designated", "hgv:national_network": "yes", "highway": "trunk", "lanes": "2", "lanes:backward": "1", "lanes:forward": "1", "maxspeed": "35 mph", "name": "Cimarron Avenue", "ref": "US 56;US 64;US 385;US 412", "source:hgv:national_network": "https://www.ecfr.gov/current/title-23/chapter-I/subchapter-G/part-658;https://hepgis-usdot.hub.arcgis.com/apps/usdot::national-network-conventional-combination-trucks-map", "surface": "asphalt", "turn:lanes:backward": "left;through;right" }, "geometry": { "type": "LineString", "coordinates": [ [ -102.5131053, 36.7253743 ], [ -102.5131046, 36.7252235 ] ] }, "id": "way/935623633" }, { "type": "Feature", "properties": { "@id": "way/935623634", "HFCS": "Principal Arterial", "NHS": "yes", "hgv": "designated", "hgv:national_network": "yes", "highway": "trunk", "lanes": "2", "lanes:backward": "1", "lanes:forward": "1", "maxspeed": "35 mph", "name": "Cimarron Avenue", "ref": "US 56;US 64;US 385;US 412", "source:hgv:national_network": "https://www.ecfr.gov/current/title-23/chapter-I/subchapter-G/part-658;https://hepgis-usdot.hub.arcgis.com/apps/usdot::national-network-conventional-combination-trucks-map", "surface": "asphalt", "turn:lanes:backward": "left;through;right", "turn:lanes:forward": "left;through;right" }, "geometry": { "type": "LineString", "coordinates": [ [ -102.5131095, 36.726216 ], [ -102.5131053, 36.7253743 ] ] }, "id": "way/935623634" }, { "type": "Feature", "properties": { "@id": "way/935623636", "HFCS": "Principal Arterial", "NHS": "yes", "hgv": "designated", "hgv:national_network": "yes", "highway": "trunk", "lanes": "2", "lanes:backward": "1", "lanes:forward": "1", "maxspeed": "35 mph", "name": "Cimarron Avenue", "ref": "US 56;US 64;US 385;US 412", "source:hgv:national_network": "https://www.ecfr.gov/current/title-23/chapter-I/subchapter-G/part-658;https://hepgis-usdot.hub.arcgis.com/apps/usdot::national-network-conventional-combination-trucks-map", "surface": "asphalt", "turn:lanes:backward": "left;through;right", "turn:lanes:forward": "left;through;right" }, "geometry": { "type": "LineString", "coordinates": [ [ -102.5131138, 36.7270767 ], [ -102.5131095, 36.726216 ] ] }, "id": "way/935623636" }, { "type": "Feature", "properties": { "@id": "way/935623638", "HFCS": "Principal Arterial", "NHS": "yes", "hgv": "designated", "hgv:national_network": "yes", "highway": "trunk", "lanes": "2", "lanes:backward": "1", "lanes:forward": "1", "maxspeed": "35 mph", "name": "Cimarron Avenue", "ref": "US 56;US 64;US 385;US 412", "source:hgv:national_network": "https://www.ecfr.gov/current/title-23/chapter-I/subchapter-G/part-658;https://hepgis-usdot.hub.arcgis.com/apps/usdot::national-network-conventional-combination-trucks-map", "surface": "asphalt", "turn:lanes:backward": "left;through;right", "turn:lanes:forward": "left;through;right" }, "geometry": { "type": "LineString", "coordinates": [ [ -102.5131181, 36.727916 ], [ -102.5131138, 36.7270767 ] ] }, "id": "way/935623638" }, { "type": "Feature", "properties": { "@id": "way/935623640", "HFCS": "Principal Arterial", "NHS": "yes", "destination:forward": "Clayton, New Mexico;Dalhart, Texas", "destination:ref:forward": "US 56;US 64;US 385;US 412", "hgv": "designated", "hgv:national_network": "yes", "highway": "trunk", "lanes": "2", "lanes:backward": "1", "lanes:forward": "1", "maxspeed": "25 mph", "name": "Cimarron Avenue", "ref": "US 56;US 64;US 385;US 412", "source:hgv:national_network": "https://www.ecfr.gov/current/title-23/chapter-I/subchapter-G/part-658;https://hepgis-usdot.hub.arcgis.com/apps/usdot::national-network-conventional-combination-trucks-map", "surface": "asphalt", "turn:lanes:backward": "right", "turn:lanes:forward": "left;through;right" }, "geometry": { "type": "LineString", "coordinates": [ [ -102.5131252, 36.7293035 ], [ -102.5131244, 36.7291795 ], [ -102.5131242, 36.7291518 ], [ -102.5131224, 36.7287782 ] ] }, "id": "way/935623640" }, { "type": "Feature", "properties": { "@id": "way/935672719", "HFCS": "Principal Arterial", "NHS": "yes", "hgv": "designated", "hgv:national_network": "yes", "highway": "trunk", "junction": "circular", "lanes": "1", "maxspeed": "25 mph", "noname": "yes", "old_ref": "US 287", "oneway": "yes", "ref": "US 56;US 64;US 385;US 412;OK 3", "source:hgv:national_network": "https://www.ecfr.gov/current/title-23/chapter-I/subchapter-G/part-658;https://hepgis-usdot.hub.arcgis.com/apps/usdot::national-network-conventional-combination-trucks-map", "surface": "asphalt", "turn:lanes": "through;right" }, "geometry": { "type": "LineString", "coordinates": [ [ -102.5135702, 36.7296921 ], [ -102.5135653, 36.7294519 ], [ -102.5135507, 36.729371 ], [ -102.5135153, 36.7293326 ], [ -102.5134473, 36.7293102 ], [ -102.5132942, 36.7293069 ], [ -102.5131252, 36.7293035 ] ] }, "id": "way/935672719" }, { "type": "Feature", "properties": { "@id": "way/935672720", "HFCS": "Principal Arterial", "NHS": "yes", "hgv": "designated", "hgv:national_network": "yes", "highway": "trunk", "lanes": "2", "lanes:backward": "1", "lanes:forward": "1", "mapillary": "1154035245112165", "maxspeed": "55 mph", "name": "Santa Fe Trail Highway", "ref": "US 56;US 64;US 385;US 412", "source:hgv:national_network": "https://www.ecfr.gov/current/title-23/chapter-I/subchapter-G/part-658;https://hepgis-usdot.hub.arcgis.com/apps/usdot::national-network-conventional-combination-trucks-map", "surface": "asphalt", "turn:lanes:backward": "left;through;right" }, "geometry": { "type": "LineString", "coordinates": [ [ -102.5132829, 36.722805 ], [ -102.5132098, 36.7230925 ], [ -102.5131582, 36.7233736 ] ] }, "id": "way/935672720" },
 
  { "type": "Feature", "properties": { "ref": "US 64;US 70;US 72;US 79", "@id": "way/25887664", "NHS": "yes", "highway": "primary", "lanes": "6", "name": "Union Avenue", "surface": "asphalt", "tiger:cfcc": "A31", "tiger:county": "Shelby, TN", "tiger:name_base": "Union", "tiger:name_base_1": "State Highway 23", "tiger:name_type": "Ave", "tiger:reviewed": "no", "unsigned_ref": "SR 23" }, "geometry": { "type": "LineString", "coordinates": [ [ -90.0062165, 35.1358309 ], [ -90.0065941, 35.1358649 ], [ -90.0068708, 35.1358898 ], [ -90.0073801, 35.1359361 ], [ -90.008201, 35.1360108 ], [ -90.0084039, 35.1360316 ], [ -90.0084356, 35.1360348 ], [ -90.0086381, 35.1360563 ], [ -90.0090048, 35.1360951 ], [ -90.0090877, 35.1361028 ], [ -90.0094318, 35.1361307 ], [ -90.0096823, 35.1361509 ], [ -90.0098498, 35.1361644 ], [ -90.0099531, 35.1361727 ], [ -90.0100304, 35.1361801 ], [ -90.0104734, 35.1362226 ], [ -90.0107414, 35.1362481 ], [ -90.0110935, 35.1362815 ], [ -90.0113367, 35.1363046 ], [ -90.0115358, 35.1363235 ], [ -90.011833, 35.1363518 ] ] }, "id": "way/25887664" }, { "type": "Feature", "properties": { "@id": "way/49502904", "NHS": "yes", "highway": "primary", "lanes": "8", "lanes:backward": "4", "lanes:forward": "4", "maxspeed": "40 mph", "name": "Union Avenue", "ref": "US 64;US 70;US 72;US 79", "surface": "asphalt", "tiger:cfcc": "A31", "tiger:county": "Shelby, TN", "tiger:name_base": "Union", "tiger:name_base_1": "State Highway 23", "tiger:name_type": "Ave", "tiger:reviewed": "no", "turn:lanes:backward": "left|through|through|through", "turn:lanes:forward": "left|through|through|through", "unsigned_ref": "SR 23" }, "geometry": { "type": "LineString", "coordinates": [ [ -89.9839528, 35.1335446 ], [ -89.9838723, 35.1335403 ] ] }, "id": "way/49502904" }, { "type": "Feature", "properties": { "@id": "way/49503159", "NHS": "yes", "highway": "primary", "lanes": "8", "lanes:backward": "4", "lanes:forward": "4", "maxspeed": "40 mph", "name": "Union Avenue", "ref": "US 64;US 70;US 72;US 79", "surface": "asphalt", "tiger:cfcc": "A31", "tiger:county": "Shelby, TN", "tiger:name_base": "Union", "tiger:name_base_1": "State Highway 23", "tiger:name_type": "Ave", "tiger:reviewed": "no", "turn:lanes:backward": "left|through|through|through", "turn:lanes:forward": "left|through|through|through", "unsigned_ref": "SR 23" }, "geometry": { "type": "LineString", "coordinates": [ [ -89.9835608, 35.1335233 ], [ -89.98347, 35.1335183 ] ] }, "id": "way/49503159" }, { "type": "Feature", "properties": { "@id": "way/49503243", "NHS": "yes", "highway": "primary", "lanes": "6", "maxspeed": "40 mph", "name": "Union Avenue", "ref": "US 64;US 70;US 72;US 79", "surface": "asphalt", "tiger:cfcc": "A31", "tiger:county": "Shelby, TN", "tiger:name_base": "Union", "tiger:name_base_1": "State Highway 23", "tiger:name_type": "Ave", "tiger:reviewed": "no", "unsigned_ref": "SR 23" }, "geometry": { "type": "LineString", "coordinates": [ [ -89.9847092, 35.1336148 ], [ -89.9845856, 35.1336034 ], [ -89.9842836, 35.1335766 ] ] }, "id": "way/49503243" }, { "type": "Feature", "properties": { "@id": "way/49503248", "NHS": "yes", "bridge": "yes", "highway": "primary", "lanes": "8", "lanes:backward": "4", "lanes:forward": "4", "layer": "1", "maxspeed": "40 mph", "maxweight": "40 st", "name": "Union Avenue", "ref": "US 64;US 70;US 72;US 79", "surface": "asphalt", "tiger:cfcc": "A31", "tiger:county": "Shelby, TN", "tiger:name_base": "Union", "tiger:name_base_1": "State Highway 23", "tiger:name_type": "Ave", "tiger:reviewed": "no", "turn:lanes:backward": "left|through|through|through", "turn:lanes:forward": "left|through|through|through", "unsigned_ref": "SR 23" }, "geometry": { "type": "LineString", "coordinates": [ [ -89.9838723, 35.1335403 ], [ -89.9835608, 35.1335233 ] ] }, "id": "way/49503248" }, { "type": "Feature", "properties": { "@id": "way/100281069", "NHS": "yes", "highway": "primary", "lanes": "6", "maxspeed": "40 mph", "name": "Union Avenue", "ref": "US 64;US 70;US 72;US 79", "surface": "asphalt", "tiger:cfcc": "A31", "tiger:county": "Shelby, TN", "tiger:name_base": "Union", "tiger:name_base_1": "State Highway 23", "tiger:name_type": "Ave", "tiger:reviewed": "no", "unsigned_ref": "SR 23" }, "geometry": { "type": "LineString", "coordinates": [ [ -89.9987202, 35.1350447 ], [ -89.9983079, 35.1349995 ], [ -89.9980801, 35.1349754 ], [ -89.9980221, 35.1349693 ], [ -89.9972625, 35.1348889 ], [ -89.9969396, 35.1348548 ], [ -89.9968657, 35.134847 ], [ -89.9966108, 35.1348201 ], [ -89.9965947, 35.1348184 ], [ -89.9964293, 35.1348009 ], [ -89.9962121, 35.134778 ], [ -89.9960254, 35.1347583 ], [ -89.9958325, 35.1347379 ], [ -89.9957488, 35.1347294 ], [ -89.995363, 35.13469 ], [ -89.9950201, 35.134655 ], [ -89.9949814, 35.134651 ], [ -89.9947913, 35.1346316 ], [ -89.9944322, 35.1345988 ] ] }, "id": "way/100281069" }, { "type": "Feature", "properties": { "@id": "way/398901243", "NHS": "yes", "highway": "primary", "lanes": "6", "maxspeed": "40 mph", "name": "Union Avenue", "ref": "US 64;US 70;US 72;US 79", "surface": "asphalt", "tiger:cfcc": "A31", "tiger:county": "Shelby, TN", "tiger:name_base": "Union", "tiger:name_base_1": "State Highway 23", "tiger:name_type": "Ave", "tiger:reviewed": "no", "unsigned_ref": "SR 23" }, "geometry": { "type": "LineString", "coordinates": [ [ -89.9890485, 35.1340359 ], [ -89.9884068, 35.1339769 ], [ -89.9878415, 35.1339249 ], [ -89.9873328, 35.1338691 ], [ -89.9870265, 35.1338356 ], [ -89.9865998, 35.1337938 ], [ -89.9864277, 35.1337769 ], [ -89.9863604, 35.1337706 ], [ -89.9860771, 35.133744 ], [ -89.9858842, 35.1337259 ], [ -89.9850205, 35.1336442 ], [ -89.9847092, 35.1336148 ] ] }, "id": "way/398901243" }, { "type": "Feature", "properties": { "@id": "way/398903630", "NHS": "yes", "highway": "primary", "lanes": "6", "maxspeed": "40 mph", "name": "Union Avenue", "ref": "US 64;US 70;US 72;US 79", "surface": "asphalt", "tiger:cfcc": "A31", "tiger:county": "Shelby, TN", "tiger:name_base": "Union", "tiger:name_base_1": "State Highway 23", "tiger:name_type": "Ave", "tiger:reviewed": "no", "unsigned_ref": "SR 23" }, "geometry": { "type": "LineString", "coordinates": [ [ -90.0040407, 35.1356114 ], [ -90.0038235, 35.1355869 ], [ -90.0029434, 35.1354878 ], [ -90.002669, 35.1354569 ], [ -90.00239, 35.1354255 ], [ -90.0022986, 35.1354152 ], [ -90.0017026, 35.1353481 ], [ -90.0014875, 35.1353239 ], [ -90.0012778, 35.1353031 ], [ -90.0011256, 35.1352879 ], [ -90.000963, 35.1352718 ] ] }, "id": "way/398903630" }, { "type": "Feature", "properties": { "@id": "way/590713587", "NHS": "yes", "highway": "primary", "lanes": "6", "name": "Union Avenue", "ref": "US 64;US 70;US 72;US 79", "surface": "asphalt", "tiger:cfcc": "A31", "tiger:county": "Shelby, TN", "tiger:name_base": "Union", "tiger:name_base_1": "State Highway 23", "tiger:name_type": "Ave", "tiger:reviewed": "no", "unsigned_ref": "SR 23" }, "geometry": { "type": "LineString", "coordinates": [ [ -90.0062165, 35.1358309 ], [ -90.00589, 35.1357993 ], [ -90.0055021, 35.1357658 ], [ -90.0052947, 35.1357472 ] ] }, "id": "way/590713587" }, { "type": "Feature", "properties": { "@id": "way/590713601", "NHS": "yes", "highway": "primary", "lanes": "6", "maxspeed": "40 mph", "name": "Union Avenue", "ref": "US 64;US 70;US 72;US 79", "surface": "asphalt", "tiger:cfcc": "A31", "tiger:county": "Shelby, TN", "tiger:name_base": "Union", "tiger:name_base_1": "State Highway 23", "tiger:name_type": "Ave", "tiger:reviewed": "no", "unsigned_ref": "SR 23" }, "geometry": { "type": "LineString", "coordinates": [ [ -90.0052947, 35.1357472 ], [ -90.0049495, 35.1357095 ], [ -90.0048572, 35.1356995 ], [ -90.0047166, 35.1356843 ], [ -90.0045746, 35.135669 ], [ -90.0044174, 35.135652 ], [ -90.0041274, 35.1356207 ], [ -90.0040407, 35.1356114 ] ] }, "id": "way/590713601" }, { "type": "Feature", "properties": { "@id": "way/590713606", "NHS": "yes", "highway": "primary", "lanes": "6", "maxspeed": "40 mph", "name": "Union Avenue", "ref": "US 64;US 70;US 72;US 79", "surface": "asphalt", "tiger:cfcc": "A31", "tiger:county": "Shelby, TN", "tiger:name_base": "Union", "tiger:name_base_1": "State Highway 23", "tiger:name_type": "Ave", "tiger:reviewed": "no", "unsigned_ref": "SR 23" }, "geometry": { "type": "LineString", "coordinates": [ [ -89.9903821, 35.1341702 ], [ -89.9902639, 35.1341584 ], [ -89.9895531, 35.1340876 ], [ -89.9894478, 35.1340768 ], [ -89.9892597, 35.1340575 ], [ -89.9890485, 35.1340359 ] ] }, "id": "way/590713606" }, { "type": "Feature", "properties": { "@id": "way/590713607", "NHS": "yes", "highway": "primary", "lanes": "6", "maxspeed": "40 mph", "name": "Union Avenue", "ref": "US 64;US 70;US 72;US 79", "surface": "asphalt", "tiger:cfcc": "A31", "tiger:county": "Shelby, TN", "tiger:name_base": "Union", "tiger:name_base_1": "State Highway 23", "tiger:name_type": "Ave", "tiger:reviewed": "no", "unsigned_ref": "SR 23" }, "geometry": { "type": "LineString", "coordinates": [ [ -89.9922913, 35.1343721 ], [ -89.9920688, 35.1343507 ], [ -89.9919694, 35.1343411 ], [ -89.9918606, 35.1343307 ], [ -89.9918296, 35.1343274 ], [ -89.9917141, 35.134315 ], [ -89.9916435, 35.1343075 ], [ -89.9912622, 35.1342667 ], [ -89.991019, 35.1342375 ], [ -89.9909728, 35.1342326 ], [ -89.9907559, 35.1342097 ], [ -89.9905311, 35.134186 ], [ -89.9903821, 35.1341702 ] ] }, "id": "way/590713607" }, { "type": "Feature", "properties": { "@id": "way/590713609", "NHS": "yes", "highway": "primary", "lanes": "6", "maxspeed": "40 mph", "name": "Union Avenue", "ref": "US 64;US 70;US 72;US 79", "surface": "asphalt", "tiger:cfcc": "A31", "tiger:county": "Shelby, TN", "tiger:name_base": "Union", "tiger:name_base_1": "State Highway 23", "tiger:name_type": "Ave", "tiger:reviewed": "no", "unsigned_ref": "SR 23" }, "geometry": { "type": "LineString", "coordinates": [ [ -89.9999456, 35.1351688 ], [ -89.9997455, 35.1351494 ], [ -89.9997127, 35.135146 ], [ -89.9995526, 35.135128 ], [ -89.9987202, 35.1350447 ] ] }, "id": "way/590713609" }, { "type": "Feature", "properties": { "@id": "way/635766930", "NHS": "yes", "highway": "primary", "lanes": "6", "lanes:backward": "3", "lanes:both_ways": "1", "lanes:forward": "2", "maxheight": "default", "name": "Union Avenue", "ref": "US 64;US 70;US 72;US 79", "surface": "asphalt", "tiger:cfcc": "A31", "tiger:county": "Shelby, TN", "tiger:name_base": "Union", "tiger:name_base_1": "State Highway 23", "tiger:name_type": "Ave", "tiger:reviewed": "no", "turn:lanes:both_ways": "left", "unsigned_ref": "SR 23" }, "geometry": { "type": "LineString", "coordinates": [ [ -90.0174013, 35.1369344 ], [ -90.017556, 35.1369486 ], [ -90.017713, 35.1369633 ], [ -90.0178695, 35.1369801 ], [ -90.0178853, 35.1369811 ], [ -90.0180456, 35.1369981 ], [ -90.018536, 35.1370484 ], [ -90.0187055, 35.1370626 ], [ -90.0189243, 35.1370844 ], [ -90.0195715, 35.1371511 ], [ -90.0199168, 35.1371874 ], [ -90.0199952, 35.1371937 ] ] }, "id": "way/635766930" }, { "type": "Feature", "properties": { "@id": "way/908263125", "NHS": "yes", "highway": "primary", "lanes": "6", "maxspeed": "40 mph", "name": "Union Avenue", "ref": "US 64;US 70;US 72;US 79", "surface": "asphalt", "tiger:cfcc": "A31", "tiger:county": "Shelby, TN", "tiger:name_base": "Union", "tiger:name_base_1": "State Highway 23", "tiger:name_type": "Ave", "tiger:reviewed": "no", "unsigned_ref": "SR 23" }, "geometry": { "type": "LineString", "coordinates": [ [ -89.9941603, 35.1345716 ], [ -89.9938499, 35.1345376 ], [ -89.9936988, 35.1345211 ], [ -89.9935674, 35.13451 ], [ -89.9932414, 35.1344793 ], [ -89.9930946, 35.1344617 ], [ -89.9928548, 35.1344398 ], [ -89.9928445, 35.1344389 ], [ -89.9925287, 35.1344035 ], [ -89.9922913, 35.1343721 ] ] }, "id": "way/908263125" }, { "type": "Feature", "properties": { "@id": "way/908263127", "NHS": "yes", "highway": "primary", "lanes": "6", "maxspeed": "40 mph", "name": "Union Avenue", "ref": "US 64;US 70;US 72;US 79", "surface": "asphalt", "tiger:cfcc": "A31", "tiger:county": "Shelby, TN", "tiger:name_base": "Union", "tiger:name_base_1": "State Highway 23", "tiger:name_type": "Ave", "tiger:reviewed": "no", "unsigned_ref": "SR 23" }, "geometry": { "type": "LineString", "coordinates": [ [ -89.9943978, 35.1345976 ], [ -89.994296, 35.1345865 ], [ -89.9941603, 35.1345716 ] ] }, "id": "way/908263127" }, { "type": "Feature", "properties": { "@id": "way/908263128", "NHS": "yes", "highway": "primary", "lanes": "6", "maxspeed": "40 mph", "name": "Union Avenue", "ref": "US 64;US 70;US 72;US 79", "surface": "asphalt", "tiger:cfcc": "A31", "tiger:county": "Shelby, TN", "tiger:name_base": "Union", "tiger:name_base_1": "State Highway 23", "tiger:name_type": "Ave", "tiger:reviewed": "no", "unsigned_ref": "SR 23" }, "geometry": { "type": "LineString", "coordinates": [ [ -89.9944322, 35.1345988 ], [ -89.9943978, 35.1345976 ] ] }, "id": "way/908263128" }, { "type": "Feature", "properties": { "@id": "way/962034288", "NHS": "yes", "highway": "primary", "lanes": "6", "lanes:backward": "3", "lanes:forward": "3", "name": "Union Avenue", "ref": "US 64;US 70;US 72;US 79", "surface": "asphalt", "tiger:cfcc": "A31", "tiger:county": "Shelby, TN", "tiger:name_base": "Union", "tiger:name_base_1": "State Highway 23", "tiger:name_type": "Ave", "tiger:reviewed": "no", "turn:lanes:forward": "left|through|through", "unsigned_ref": "SR 23" }, "geometry": { "type": "LineString", "coordinates": [ [ -90.0199952, 35.1371937 ], [ -90.0205494, 35.1372474 ], [ -90.0206959, 35.1372636 ] ] }, "id": "way/962034288" }, { "type": "Feature", "properties": { "@id": "way/962034291", "NHS": "yes", "highway": "primary", "lanes": "5", "lanes:backward": "3", "lanes:forward": "2", "name": "Union Avenue", "ref": "US 64;US 70;US 72;US 79", "surface": "asphalt", "tiger:cfcc": "A31", "tiger:county": "Shelby, TN", "tiger:name_base": "Union", "tiger:name_base_1": "State Highway 23", "tiger:name_type": "Ave", "tiger:reviewed": "no", "turn:lanes:backward": "left|through|through;right", "unsigned_ref": "SR 23" }, "geometry": { "type": "LineString", "coordinates": [ [ -90.0166786, 35.1368546 ], [ -90.0168193, 35.1368691 ], [ -90.0169792, 35.1368917 ], [ -90.0174013, 35.1369344 ] ] }, "id": "way/962034291" }, { "type": "Feature", "properties": { "@id": "way/962034292", "NHS": "yes", "highway": "primary", "lanes": "6", "lanes:backward": "3", "lanes:forward": "3", "name": "Union Avenue", "ref": "US 64;US 70;US 72;US 79", "surface": "asphalt", "tiger:cfcc": "A31", "tiger:county": "Shelby, TN", "tiger:name_base": "Union", "tiger:name_base_1": "State Highway 23", "tiger:name_type": "Ave", "tiger:reviewed": "no", "turn:lanes:forward": "left|through|through;right", "unsigned_ref": "SR 23" }, "geometry": { "type": "LineString", "coordinates": [ [ -90.01602, 35.1367769 ], [ -90.0163589, 35.1368225 ], [ -90.0165342, 35.1368418 ], [ -90.0166786, 35.1368546 ] ] }, "id": "way/962034292" }, { "type": "Feature", "properties": { "@id": "way/962034296", "NHS": "yes", "highway": "primary", "lanes": "7", "lanes:backward": "3", "lanes:forward": "4", "maxspeed": "40 mph", "name": "Union Avenue", "ref": "US 64;US 70;US 72;US 79", "surface": "asphalt", "tiger:cfcc": "A31", "tiger:county": "Shelby, TN", "tiger:name_base": "Union", "tiger:name_base_1": "State Highway 23", "tiger:name_type": "Ave", "tiger:reviewed": "no", "turn:lanes:forward": "left|through|through|through", "unsigned_ref": "SR 23" }, "geometry": { "type": "LineString", "coordinates": [ [ -89.9842836, 35.1335766 ], [ -89.9839528, 35.1335446 ] ] }, "id": "way/962034296" }, { "type": "Feature", "properties": { "@id": "way/1033737108", "NHS": "yes", "highway": "primary", "lanes": "6", "name": "Union Avenue", "ref": "US 64;US 70;US 72;US 79", "surface": "asphalt", "tiger:cfcc": "A31", "tiger:county": "Shelby, TN", "tiger:name_base": "Union", "tiger:name_base_1": "State Highway 23", "tiger:name_type": "Ave", "tiger:reviewed": "no", "unsigned_ref": "SR 23" }, "geometry": { "type": "LineString", "coordinates": [ [ -90.012302, 35.1363994 ], [ -90.0127043, 35.1364368 ] ] }, "id": "way/1033737108" }, { "type": "Feature", "properties": { "@id": "way/1033737110", "NHS": "yes", "highway": "primary", "lanes": "6", "name": "Union Avenue", "ref": "US 64;US 70;US 72;US 79", "surface": "asphalt", "tiger:cfcc": "A31", "tiger:county": "Shelby, TN", "tiger:name_base": "Union", "tiger:name_base_1": "State Highway 23", "tiger:name_type": "Ave", "tiger:reviewed": "no", "unsigned_ref": "SR 23" }, "geometry": { "type": "LineString", "coordinates": [ [ -90.0127043, 35.1364368 ], [ -90.0128666, 35.136449 ], [ -90.0130466, 35.1364686 ], [ -90.0133161, 35.1364936 ], [ -90.0134225, 35.1365089 ], [ -90.0140685, 35.1365799 ], [ -90.0143181, 35.1366084 ], [ -90.0145675, 35.1366369 ], [ -90.0147771, 35.1366557 ], [ -90.0149445, 35.1366708 ], [ -90.015033, 35.1366787 ] ] }, "id": "way/1033737110" }, { "type": "Feature", "properties": { "@id": "way/1033737111", "NHS": "yes", "highway": "primary", "lanes": "6", "name": "Union Avenue", "ref": "US 64;US 70;US 72;US 79", "surface": "asphalt", "tiger:cfcc": "A31", "tiger:county": "Shelby, TN", "tiger:name_base": "Union", "tiger:name_base_1": "State Highway 23", "tiger:name_type": "Ave", "tiger:reviewed": "no", "unsigned_ref": "SR 23" }, "geometry": { "type": "LineString", "coordinates": [ [ -90.0119629, 35.1363641 ], [ -90.012302, 35.1363994 ] ] }, "id": "way/1033737111" }, { "type": "Feature", "properties": { "@id": "way/1033737112", "NHS": "yes", "highway": "primary", "lanes": "6", "name": "Union Avenue", "ref": "US 64;US 70;US 72;US 79", "surface": "asphalt", "tiger:cfcc": "A31", "tiger:county": "Shelby, TN", "tiger:name_base": "Union", "tiger:name_base_1": "State Highway 23", "tiger:name_type": "Ave", "tiger:reviewed": "no", "unsigned_ref": "SR 23" }, "geometry": { "type": "LineString", "coordinates": [ [ -90.011833, 35.1363518 ], [ -90.0119629, 35.1363641 ] ] }, "id": "way/1033737112" }, { "type": "Feature", "properties": { "@id": "way/1386982888", "NHS": "yes", "highway": "primary", "lanes": "6", "lanes:backward": "3", "lanes:forward": "3", "maxspeed": "40 mph", "name": "Union Avenue", "ref": "US 64;US 70;US 72;US 79", "surface": "asphalt", "tiger:cfcc": "A31", "tiger:county": "Shelby, TN", "tiger:name_base": "Union", "tiger:name_base_1": "State Highway 23", "tiger:name_type": "Ave", "tiger:reviewed": "no", "turn:lanes:forward": "left|through|through;right", "unsigned_ref": "SR 23" }, "geometry": { "type": "LineString", "coordinates": [ [ -90.000963, 35.1352718 ], [ -90.0009089, 35.1352664 ], [ -90.000539, 35.1352281 ], [ -90.0002178, 35.1351948 ], [ -90.0000884, 35.135183 ] ] }, "id": "way/1386982888" }, { "type": "Feature", "properties": { "@id": "way/1386982890", "NHS": "yes", "highway": "primary", "lanes": "6", "maxspeed": "40 mph", "name": "Union Avenue", "ref": "US 64;US 70;US 72;US 79", "surface": "asphalt", "tiger:cfcc": "A31", "tiger:county": "Shelby, TN", "tiger:name_base": "Union", "tiger:name_base_1": "State Highway 23", "tiger:name_type": "Ave", "tiger:reviewed": "no", "unsigned_ref": "SR 23" }, "geometry": { "type": "LineString", "coordinates": [ [ -90.0000884, 35.135183 ], [ -89.9999456, 35.1351688 ] ] }, "id": "way/1386982890" }, { "type": "Feature", "properties": { "@id": "way/1386983856", "NHS": "yes", "highway": "primary", "lanes": "6", "lanes:backward": "3", "lanes:forward": "3", "name": "Union Avenue", "ref": "US 64;US 70;US 72;US 79", "surface": "asphalt", "tiger:cfcc": "A31", "tiger:county": "Shelby, TN", "tiger:name_base": "Union", "tiger:name_base_1": "State Highway 23", "tiger:name_type": "Ave", "tiger:reviewed": "no", "turn:lanes:forward": "left|none|none", "unsigned_ref": "SR 23" }, "geometry": { "type": "LineString", "coordinates": [ [ -90.015033, 35.1366787 ], [ -90.0150906, 35.1366838 ], [ -90.0152715, 35.1366999 ], [ -90.0153011, 35.1367037 ], [ -90.0155122, 35.1367253 ], [ -90.0156721, 35.1367416 ], [ -90.0158323, 35.1367578 ], [ -90.0159229, 35.1367669 ], [ -90.01602, 35.1367769 ] ] }, "id": "way/1386983856" }, { "type": "Feature", "properties": { "@id": "node/203678777", "highway": "traffic_signals" }, "geometry": { "type": "Point", "coordinates": [ -90.012302, 35.1363994 ] }, "id": "node/203678777" }, { "type": "Feature", "properties": { "@id": "node/203733673", "button_operated": "yes", "crossing": "traffic_signals", "highway": "traffic_signals", "tactile_paving": "no" }, "geometry": { "type": "Point", "coordinates": [ -90.0052947, 35.1357472 ] }, "id": "node/203733673" }, { "type": "Feature", "properties": { "@id": "node/203733732", "button_operated": "yes", "crossing": "traffic_signals", "highway": "traffic_signals", "tactile_paving": "no", "traffic_signals:sound": "no", "traffic_signals:vibration": "no" }, "geometry": { "type": "Point", "coordinates": [ -89.9903821, 35.1341702 ] }, "id": "node/203733732" }, { "type": "Feature", "properties": { "@id": "node/203733749", "crossing": "traffic_signals", "highway": "traffic_signals", "tactile_paving": "yes" }, "geometry": { "type": "Point", "coordinates": [ -89.9839528, 35.1335446 ] }, "id": "node/203733749" }, { "type": "Feature", "properties": { "@id": "node/628986802", "crossing": "traffic_signals", "highway": "traffic_signals" }, "geometry": { "type": "Point", "coordinates": [ -89.98347, 35.1335183 ] }, "id": "node/628986802" }, { "type": "Feature", "properties": { "@id": "node/7797399630", "crossing": "traffic_signals", "crossing:markings": "zebra", "highway": "crossing" }, "geometry": { "type": "Point", "coordinates": [ -89.9902639, 35.1341584 ] }, "id": "node/7797399630" }, { "type": "Feature", "properties": { "@id": "node/7797399633", "crossing": "traffic_signals", "crossing:markings": "zebra", "highway": "crossing" }, "geometry": { "type": "Point", "coordinates": [ -89.9905311, 35.134186 ] }, "id": "node/7797399633" }, { "type": "Feature", "properties": { "@id": "node/11206874238", "crossing": "traffic_signals", "crossing:markings": "lines", "crossing:signals": "yes", "highway": "crossing" }, "geometry": { "type": "Point", "coordinates": [ -90.0205494, 35.1372474 ] }, "id": "node/11206874238" }, { "type": "Feature", "properties": { "@id": "node/11206874239", "highway": "traffic_signals", "traffic_signals": "signal" }, "geometry": { "type": "Point", "coordinates": [ -90.0206959, 35.1372636 ] }, "id": "node/11206874239" }, { "type": "Feature", "properties": { "@id": "node/11209153215", "crossing": "traffic_signals", "crossing:markings": "zebra", "highway": "crossing" }, "geometry": { "type": "Point", "coordinates": [ -90.0002178, 35.1351948 ] }, "id": "node/11209153215" }, { "type": "Feature", "properties": { "@id": "node/11209153220", "crossing": "traffic_signals", "crossing:markings": "zebra", "highway": "crossing" }, "geometry": { "type": "Point", "coordinates": [ -89.9999456, 35.1351688 ] }, "id": "node/11209153220" }, { "type": "Feature", "properties": { "@id": "node/11209153221", "highway": "traffic_signals", "traffic_signals": "signal" }, "geometry": { "type": "Point", "coordinates": [ -90.0000884, 35.135183 ] }, "id": "node/11209153221" }, { "type": "Feature", "properties": { "@id": "node/11211008839", "crossing": "traffic_signals", "highway": "crossing" }, "geometry": { "type": "Point", "coordinates": [ -90.0165342, 35.1368418 ] }, "id": "node/11211008839" }, { "type": "Feature", "properties": { "@id": "node/11211008844", "crossing": "traffic_signals", "crossing:markings": "zebra", "highway": "crossing" }, "geometry": { "type": "Point", "coordinates": [ -90.0168193, 35.1368691 ] }, "id": "node/11211008844" }, { "type": "Feature", "properties": { "@id": "node/11211008845", "highway": "traffic_signals", "traffic_signals": "signal" }, "geometry": { "type": "Point", "coordinates": [ -90.0166786, 35.1368546 ] }, "id": "node/11211008845" }

]}
