{ "type": "FeatureCollection", "generator": "overpass-turbo", "copyright": "The data included in this document is from www.openstreetmap.org. The data is made available under ODbL.", "timestamp": "2026-09-22T08:45:51Z", "features": [ { "type": "Feature", "properties": { "@id": "way/9702618", "HFCS": "Urban Principal Arterial", "NHS": "yes", "NJDOT_SRI": "00000001", "destination": "Palisades Park", "destination:ref": "US 1 South;US 9 South", "destination:ref:to": "US 46", "hgv": "designated", "hgv:state_network": "yes", "highway": "motorway", "junction:ref": "72B", "lanes": "1", "maxheight": "14'4\"", "maxspeed": "55 mph", "maxspeed:variable": "yes", "oneway": "yes", "ref": "US 1;US 9;US 46", "source:hgv:state_network": "NJDOT http://www.state.nj.us/transportation/about/rules/pdf/chapter32truckaccess.pdf", "surface": "asphalt", "toll": "no" }, "geometry": { "type": "LineString", "coordinates": [ [ -73.9725496, 40.8566795 ], [ -73.9727863, 40.8569216 ], [ -73.9728771, 40.8569863 ], [ -73.9729619, 40.85705 ], [ -73.9730463, 40.8571177 ], [ -73.9731529, 40.8572066 ], [ -73.9732758, 40.8573384 ] ] }, "id": "way/9702618" }, { "type": "Feature", "properties": { "@id": "way/9702623", "HFCS": "Urban Principal Arterial", "NHS": "yes", "NJDOT_SRI": "00000001", "embankment": "yes", "expressway": "yes", "hgv": "designated", "hgv:state_network": "yes", "highway": "motorway", "lanes": "3", "maxspeed": "45 mph", "oneway": "yes", "ref": "US 1;US 9;US 46", "source:hgv:state_network": "NJDOT http://www.state.nj.us/transportation/about/rules/pdf/chapter32truckaccess.pdf", "surface": "asphalt", "tiger:name_base_2": "United States Highway 46" }, "geometry": { "type": "LineString", "coordinates": [ [ -73.9904364, 40.8464592 ], [ -73.988483, 40.8484038 ], [ -73.9882974, 40.848588 ] ] }, "id": "way/9702623" }, { "type": "Feature", "properties": { "@id": "way/27251826", "HFCS": "Urban Principal Arterial", "NHS": "yes", "NJDOT_SRI": "00000001", "bridge": "yes", "expressway": "yes", "hgv": "designated", "hgv:state_network": "yes", "highway": "motorway", "lanes": "2", "layer": "1", "maxspeed": "45 mph", "name": "Bergen Boulevard", "oneway": "yes", "ref": "US 1;US 9;US 46", "source:hgv:state_network": "NJDOT http://www.state.nj.us/transportation/about/rules/pdf/chapter32truckaccess.pdf", "surface": "concrete", "tiger:cfcc": "A25", "tiger:county": "Bergen, NJ", "tiger:name_base": "Bergen", "tiger:name_base_1": "United States Highway 9", "tiger:name_base_2": "United States Highway 46", "tiger:name_base_3": "United States Highway 1", "tiger:name_type": "Blvd", "toll": "no" }, "geometry": { "type": "LineString", "coordinates": [ [ -73.9757431, 40.8589625 ], [ -73.9758166, 40.8589666 ], [ -73.9758887, 40.8589686 ], [ -73.9759562, 40.8589685 ], [ -73.9760331, 40.8589661 ], [ -73.9761081, 40.8589615 ], [ -73.9761836, 40.8589547 ], [ -73.9762536, 40.8589468 ], [ -73.9763308, 40.8589345 ], [ -73.9764061, 40.8589196 ], [ -73.9764758, 40.8589044 ], [ -73.9765453, 40.8588885 ], [ -73.9765993, 40.8588755 ] ] }, "id": "way/27251826" }, { "type": "Feature", "properties": { "@id": "way/27258108", "HFCS": "Urban Principal Arterial", "NHS": "yes", "NJDOT_SRI": "00000001", "embankment": "yes", "expressway": "yes", "hgv": "designated", "hgv:state_network": "yes", "highway": "motorway", "lanes": "2", "maxspeed": "45 mph", "oneway": "yes", "ref": "US 1;US 9;US 46", "source:hgv:state_network": "NJDOT http://www.state.nj.us/transportation/about/rules/pdf/chapter32truckaccess.pdf", "surface": "asphalt", "tiger:name_base_2": "United States Highway 46" }, "geometry": { "type": "LineString", "coordinates": [ [ -73.9907074, 40.8463317 ], [ -73.9919227, 40.8451269 ] ] }, "id": "way/27258108" }, { "type": "Feature", "properties": { "@id": "way/27274350", "HFCS": "Urban Principal Arterial", "NHS": "yes", "NJDOT_SRI": "00000001", "bridge": "yes", "hgv": "designated", "hgv:state_network": "yes", "highway": "motorway", "lanes": "2", "layer": "1", "oneway": "yes", "ref": "US 1;US 9;US 46", "source:hgv:state_network": "NJDOT http://www.state.nj.us/transportation/about/rules/pdf/chapter32truckaccess.pdf", "surface": "concrete", "toll": "no" }, "geometry": { "type": "LineString", "coordinates": [ [ -73.9744837, 40.8584882 ], [ -73.974506, 40.8585053 ], [ -73.9745494, 40.8585391 ], [ -73.9746122, 40.858584 ], [ -73.9746629, 40.8586181 ], [ -73.9747179, 40.8586517 ], [ -73.97478, 40.8586868 ], [ -73.9748427, 40.8587198 ], [ -73.9749062, 40.8587507 ], [ -73.9749649, 40.8587776 ], [ -73.9750305, 40.8588048 ], [ -73.9750956, 40.8588296 ], [ -73.9751618, 40.8588518 ], [ -73.9752285, 40.8588718 ], [ -73.9753023, 40.8588914 ], [ -73.9753725, 40.8589085 ], [ -73.9754462, 40.8589233 ], [ -73.9755171, 40.858936 ] ] }, "id": "way/27274350" }, { "type": "Feature", "properties": { "@id": "way/27274351", "HFCS": "Urban Principal Arterial", "NHS": "yes", "NJDOT_SRI": "00000001", "expressway": "yes", "hgv": "designated", "hgv:state_network": "yes", "highway": "motorway", "lanes": "2", "maxspeed": "45 mph", "name": "Bergen Boulevard", "oneway": "yes", "ref": "US 1;US 9;US 46", "source:hgv:state_network": "NJDOT http://www.state.nj.us/transportation/about/rules/pdf/chapter32truckaccess.pdf", "surface": "asphalt", "tiger:cfcc": "A25", "tiger:county": "Bergen, NJ", "tiger:name_base": "Bergen", "tiger:name_base_1": "United States Highway 9", "tiger:name_base_2": "United States Highway 46", "tiger:name_base_3": "United States Highway 1", "tiger:name_type": "Blvd", "toll": "no" }, "geometry": { "type": "LineString", "coordinates": [ [ -73.9765993, 40.8588755 ], [ -73.9766867, 40.8588531 ], [ -73.976832, 40.8588094 ], [ -73.9769767, 40.8587608 ], [ -73.9771185, 40.8587115 ] ] }, "id": "way/27274351" }, { "type": "Feature", "properties": { "@id": "way/27274353", "HFCS": "Urban Principal Arterial", "NHS": "yes", "NJDOT_SRI": "00000001", "destination:lanes": "George Washington Bridge Upper Level|George Washington Bridge Lower Level", "hgv": "designated", "hgv:state_network": "yes", "highway": "motorway", "lanes": "2", "lit": "yes", "maxheight:signed": "no", "maxspeed": "45 mph", "oneway": "yes", "ref": "US 1;US 9;US 46", "source:hgv:state_network": "NJDOT http://www.state.nj.us/transportation/about/rules/pdf/chapter32truckaccess.pdf", "surface": "asphalt", "toll": "no", "turn:lanes": "slight_left|slight_right" }, "geometry": { "type": "LineString", "coordinates": [ [ -73.9751279, 40.857861 ], [ -73.9744717, 40.8575105 ] ] }, "id": "way/27274353" }, { "type": "Feature", "properties": { "@id": "way/27274354", "HFCS": "Urban Principal Arterial", "NHS": "yes", "NJDOT_SRI": "00000001", "bridge": "yes", "hgv": "designated", "hgv:state_network": "yes", "highway": "motorway", "lanes": "2", "layer": "2", "lit": "yes", "maxspeed": "45 mph", "oneway": "yes", "ref": "US 1;US 9;US 46", "source:hgv:state_network": "NJDOT http://www.state.nj.us/transportation/about/rules/pdf/chapter32truckaccess.pdf", "toll": "no" }, "geometry": { "type": "LineString", "coordinates": [ [ -73.9770895, 40.8583965 ], [ -73.9769451, 40.8583821 ], [ -73.9768023, 40.8583638 ], [ -73.976661, 40.8583436 ], [ -73.9765181, 40.8583206 ], [ -73.9763814, 40.8582923 ], [ -73.9762431, 40.8582625 ], [ -73.976099, 40.858227 ], [ -73.9759661, 40.8581893 ], [ -73.9758367, 40.8581515 ], [ -73.9757026, 40.8581076 ], [ -73.9755724, 40.8580583 ] ] }, "id": "way/27274354" }, { "type": "Feature", "properties": { "@id": "way/42502900", "HFCS": "Urban Principal Arterial", "NHS": "yes", "NJDOT_SRI": "00000001", "destination:lanes": "|Main Street;Fort Lee;Leonia", "expressway": "yes", "hgv": "designated", "hgv:state_network": "yes", "highway": "motorway", "lanes": "2", "name": "Bergen Boulevard", "oneway": "yes", "ref": "US 1;US 9;US 46", "source:hgv:state_network": "NJDOT http://www.state.nj.us/transportation/about/rules/pdf/chapter32truckaccess.pdf", "tiger:cfcc": "A25", "tiger:county": "Bergen, NJ", "tiger:name_base": "Bergen", "tiger:name_base_1": "United States Highway 9", "tiger:name_base_2": "United States Highway 46", "tiger:name_base_3": "United States Highway 1", "tiger:name_type": "Blvd", "tiger:reviewed": "no", "turn:lanes": "none|through;slight_right" }, "geometry": { "type": "LineString", "coordinates": [ [ -73.9786541, 40.858424 ], [ -73.9788065, 40.8584099 ] ] }, "id": "way/42502900" }, { "type": "Feature", "properties": { "@id": "way/42502901", "HFCS": "Urban Principal Arterial", "NHS": "yes", "NJDOT_SRI": "00000001", "expressway": "yes", "hgv": "designated", "hgv:state_network": "yes", "highway": "motorway", "lanes": "2", "maxspeed": "45 mph", "name": "Bergen Boulevard", "oneway": "yes", "ref": "US 1;US 9;US 46", "source:hgv:state_network": "NJDOT http://www.state.nj.us/transportation/about/rules/pdf/chapter32truckaccess.pdf", "surface": "asphalt", "tiger:cfcc": "A25", "tiger:county": "Bergen, NJ", "tiger:name_base": "Bergen", "tiger:name_base_1": "United States Highway 9", "tiger:name_base_2": "United States Highway 46", "tiger:name_base_3": "United States Highway 1", "tiger:name_type": "Blvd", "tiger:reviewed": "no" }, "geometry": { "type": "LineString", "coordinates": [ [ -73.9805767, 40.857938 ], [ -73.980711, 40.8578782 ], [ -73.9808357, 40.8578194 ], [ -73.9809541, 40.8577593 ], [ -73.9810756, 40.8576943 ], [ -73.9811923, 40.8576282 ], [ -73.9813059, 40.8575594 ], [ -73.9814174, 40.8574882 ], [ -73.9815237, 40.8574158 ], [ -73.9816313, 40.8573396 ], [ -73.9817339, 40.8572624 ], [ -73.9818347, 40.857182 ], [ -73.9819312, 40.8571005 ], [ -73.9820383, 40.8570038 ] ] }, "id": "way/42502901" }, { "type": "Feature", "properties": { "@id": "way/42502903", "HFCS": "Urban Principal Arterial", "NHS": "yes", "NJDOT_SRI": "00000001", "expressway": "yes", "hgv": "designated", "hgv:state_network": "yes", "highway": "motorway", "lanes": "2", "maxspeed": "45 mph", "name": "Bergen Boulevard", "oneway": "yes", "ref": "US 1;US 9;US 46", "source:hgv:state_network": "NJDOT http://www.state.nj.us/transportation/about/rules/pdf/chapter32truckaccess.pdf", "surface": "asphalt" }, "geometry": { "type": "LineString", "coordinates": [ [ -73.9803038, 40.8579614 ], [ -73.9801695, 40.8580115 ], [ -73.9800369, 40.8580573 ], [ -73.9799045, 40.858099 ], [ -73.9797683, 40.8581391 ], [ -73.9796346, 40.858175 ], [ -73.9794958, 40.8582083 ], [ -73.9793567, 40.8582391 ], [ -73.9792205, 40.8582666 ], [ -73.9790761, 40.8582915 ], [ -73.9789355, 40.8583131 ], [ -73.9787905, 40.8583325 ], [ -73.9786991, 40.8583416 ] ] }, "id": "way/42502903" }, { "type": "Feature", "properties": { "@id": "way/42502907", "HFCS": "Urban Principal Arterial", "NHS": "yes", "NJDOT_SRI": "00000001", "bridge": "yes", "expressway": "yes", "hgv": "designated", "hgv:state_network": "yes", "highway": "motorway", "lanes": "2", "layer": "1", "maxspeed": "45 mph", "name": "Bergen Boulevard", "oneway": "yes", "ref": "US 1;US 9;US 46", "source:hgv:state_network": "NJDOT http://www.state.nj.us/transportation/about/rules/pdf/chapter32truckaccess.pdf", "surface": "concrete" }, "geometry": { "type": "LineString", "coordinates": [ [ -73.9805046, 40.857881 ], [ -73.9804154, 40.8579182 ], [ -73.9803038, 40.8579614 ] ] }, "id": "way/42502907" }, { "type": "Feature", "properties": { "@id": "way/42502909", "HFCS": "Urban Principal Arterial", "NHS": "yes", "NJDOT_SRI": "00000001", "bridge": "yes", "expressway": "yes", "hgv": "designated", "hgv:state_network": "yes", "highway": "motorway", "lanes": "2", "layer": "1", "maxspeed": "45 mph", "name": "Bergen Boulevard", "oneway": "yes", "ref": "US 1;US 9;US 46", "source:hgv:state_network": "NJDOT http://www.state.nj.us/transportation/about/rules/pdf/chapter32truckaccess.pdf", "surface": "concrete", "tiger:cfcc": "A25", "tiger:county": "Bergen, NJ", "tiger:name_base": "Bergen", "tiger:name_base_1": "United States Highway 9", "tiger:name_base_2": "United States Highway 46", "tiger:name_base_3": "United States Highway 1", "tiger:name_type": "Blvd", "tiger:reviewed": "no" }, "geometry": { "type": "LineString", "coordinates": [ [ -73.980377, 40.8580198 ], [ -73.980461, 40.8579863 ], [ -73.9805767, 40.857938 ] ] }, "id": "way/42502909" }, { "type": "Feature", "properties": { "@id": "way/42502965", "HFCS": "Urban Principal Arterial", "NHS": "yes", "NJDOT_SRI": "00000001", "bridge": "yes", "expressway": "yes", "hgv": "designated", "hgv:state_network": "yes", "highway": "motorway", "lanes": "2", "layer": "1", "maxspeed": "45 mph", "name": "Bergen Boulevard", "oneway": "yes", "ref": "US 1;US 9;US 46", "source:hgv:state_network": "NJDOT http://www.state.nj.us/transportation/about/rules/pdf/chapter32truckaccess.pdf", "surface": "concrete" }, "geometry": { "type": "LineString", "coordinates": [ [ -73.9786991, 40.8583416 ], [ -73.9784578, 40.8583633 ] ] }, "id": "way/42502965" }, { "type": "Feature", "properties": { "@id": "way/42502966", "HFCS": "Urban Principal Arterial", "NHS": "yes", "NJDOT_SRI": "00000001", "bridge": "yes", "expressway": "yes", "hgv": "designated", "hgv:state_network": "yes", "highway": "motorway", "lanes": "2", "layer": "1", "maxspeed": "45 mph", "name": "Bergen Boulevard", "oneway": "yes", "ref": "US 1;US 9;US 46", "source:hgv:state_network": "NJDOT http://www.state.nj.us/transportation/about/rules/pdf/chapter32truckaccess.pdf", "surface": "concrete", "tiger:cfcc": "A25", "tiger:county": "Bergen, NJ", "tiger:name_base": "Bergen", "tiger:name_base_1": "United States Highway 9", "tiger:name_base_2": "United States Highway 46", "tiger:name_base_3": "United States Highway 1", "tiger:name_type": "Blvd", "tiger:reviewed": "no" }, "geometry": { "type": "LineString", "coordinates": [ [ -73.9784155, 40.8584453 ], [ -73.9786541, 40.858424 ] ] }, "id": "way/42502966" }, { "type": "Feature", "properties": { "@id": "way/42502968", "HFCS": "Urban Principal Arterial", "NHS": "yes", "NJDOT_SRI": "00000001", "destination:lanes": "George Washington Bridge|none;Fort Lee;Palisades Interstate Parkway", "expressway": "yes", "hgv": "designated", "hgv:state_network": "yes", "highway": "motorway", "lanes": "2", "maxspeed": "45 mph", "name": "Bergen Boulevard", "oneway": "yes", "ref": "US 1;US 9;US 46", "source:hgv:state_network": "NJDOT http://www.state.nj.us/transportation/about/rules/pdf/chapter32truckaccess.pdf", "surface": "asphalt", "turn:lanes": "none|through;slight_right" }, "geometry": { "type": "LineString", "coordinates": [ [ -73.9784578, 40.8583633 ], [ -73.9782914, 40.8583744 ] ] }, "id": "way/42502968" }, { "type": "Feature", "properties": { "@id": "way/42508822", "HFCS": "Urban Principal Arterial", "NHS": "yes", "NJDOT_SRI": "00000001", "bridge": "yes", "expressway": "yes", "hgv": "designated", "hgv:state_network": "yes", "highway": "motorway", "lanes": "2", "layer": "1", "maxspeed": "45 mph", "oneway": "yes", "ref": "US 1;US 9;US 46", "source:hgv:state_network": "NJDOT http://www.state.nj.us/transportation/about/rules/pdf/chapter32truckaccess.pdf", "surface": "concrete", "tiger:cfcc": "A25", "tiger:county": "Bergen, NJ", "tiger:name_base": "Bergen", "tiger:name_base_1": "United States Highway 9", "tiger:name_base_2": "United States Highway 46", "tiger:name_base_3": "United States Highway 1", "tiger:name_type": "Blvd", "tiger:reviewed": "no" }, "geometry": { "type": "LineString", "coordinates": [ [ -73.9854299, 40.8515822 ], [ -73.9855636, 40.8514479 ] ] }, "id": "way/42508822" }, { "type": "Feature", "properties": { "@id": "way/42508826", "HFCS": "Urban Principal Arterial", "NHS": "yes", "NJDOT_SRI": "00000001", "expressway": "yes", "hgv": "designated", "hgv:state_network": "yes", "highway": "motorway", "lanes": "2", "maxspeed": "45 mph", "oneway": "yes", "ref": "US 1;US 9;US 46", "source:hgv:state_network": "NJDOT http://www.state.nj.us/transportation/about/rules/pdf/chapter32truckaccess.pdf", "surface": "asphalt", "tiger:cfcc": "A25", "tiger:county": "Bergen, NJ", "tiger:name_base": "Bergen", "tiger:name_base_1": "United States Highway 9", "tiger:name_base_2": "United States Highway 46", "tiger:name_base_3": "United States Highway 1", "tiger:name_type": "Blvd" }, "geometry": { "type": "LineString", "coordinates": [ [ -73.98588, 40.8511342 ], [ -73.9861915, 40.8508255 ], [ -73.986719, 40.8503025 ] ] }, "id": "way/42508826" }, { "type": "Feature", "properties": { "@id": "way/42508827", "HFCS": "Urban Principal Arterial", "NHS": "yes", "NJDOT_SRI": "00000001", "embankment": "yes", "expressway": "yes", "hgv": "designated", "hgv:state_network": "yes", "highway": "motorway", "lanes": "2", "maxspeed": "45 mph", "oneway": "yes", "ref": "US 1;US 9;US 46", "source:hgv:state_network": "NJDOT http://www.state.nj.us/transportation/about/rules/pdf/chapter32truckaccess.pdf", "surface": "asphalt", "tiger:cfcc": "A25", "tiger:county": "Bergen, NJ", "tiger:name_base": "Bergen", "tiger:name_base_1": "United States Highway 9", "tiger:name_base_2": "United States Highway 46", "tiger:name_base_3": "United States Highway 1", "tiger:name_type": "Blvd", "tiger:reviewed": "no" }, "geometry": { "type": "LineString", "coordinates": [ [ -73.9868374, 40.850185 ], [ -73.9882087, 40.8488205 ] ] }, "id": "way/42508827" }, { "type": "Feature", "properties": { "@id": "way/42508828", "HFCS": "Urban Principal Arterial", "NHS": "yes", "NJDOT_SRI": "00000001", "destination:lanes": "|none;Fifth Street;Palisades Park", "expressway": "yes", "hgv": "designated", "hgv:state_network": "yes", "highway": "motorway", "lanes": "2", "maxspeed": "45 mph", "oneway": "yes", "ref": "US 1;US 9;US 46", "source:hgv:state_network": "NJDOT http://www.state.nj.us/transportation/about/rules/pdf/chapter32truckaccess.pdf", "tiger:cfcc": "A25", "tiger:county": "Bergen, NJ", "tiger:name_base": "Bergen", "tiger:name_base_1": "United States Highway 9", "tiger:name_base_2": "United States Highway 46", "tiger:name_base_3": "United States Highway 1", "tiger:name_type": "Blvd", "tiger:reviewed": "no", "turn:lanes": "|through;slight_right" }, "geometry": { "type": "LineString", "coordinates": [ [ -73.9883884, 40.8486409 ], [ -73.9884627, 40.8485679 ] ] }, "id": "way/42508828" }, { "type": "Feature", "properties": { "@id": "way/42508830", "HFCS": "Urban Principal Arterial", "NHS": "yes", "NJDOT_SRI": "00000001", "embankment": "yes", "expressway": "yes", "hgv": "designated", "hgv:state_network": "yes", "highway": "motorway", "lanes": "2", "maxspeed": "45 mph", "oneway": "yes", "ref": "US 1;US 9;US 46", "source:hgv:state_network": "NJDOT http://www.state.nj.us/transportation/about/rules/pdf/chapter32truckaccess.pdf", "surface": "asphalt", "tiger:name_base_2": "United States Highway 46" }, "geometry": { "type": "LineString", "coordinates": [ [ -73.9921006, 40.8449496 ], [ -73.9930872, 40.8439691 ] ] }, "id": "way/42508830" }, { "type": "Feature", "properties": { "@id": "way/42508831", "HFCS": "Urban Principal Arterial", "NHS": "yes", "NJDOT_SRI": "00000001", "bridge": "yes", "expressway": "yes", "hgv": "designated", "hgv:state_network": "yes", "highway": "motorway", "lanes": "2", "layer": "1", "maxspeed": "45 mph", "oneway": "yes", "ref": "US 1;US 9;US 46", "source:hgv:state_network": "NJDOT http://www.state.nj.us/transportation/about/rules/pdf/chapter32truckaccess.pdf", "surface": "concrete", "tiger:name_base_2": "United States Highway 46" }, "geometry": { "type": "LineString", "coordinates": [ [ -73.9930872, 40.8439691 ], [ -73.9932668, 40.8437916 ] ] }, "id": "way/42508831" }, { "type": "Feature", "properties": { "@id": "way/42508833", "HFCS": "Urban Principal Arterial", "NHS": "yes", "NJDOT_SRI": "00000001", "embankment": "yes", "expressway": "yes", "hgv": "designated", "hgv:state_network": "yes", "highway": "motorway", "lanes": "3", "maxspeed": "45 mph", "oneway": "yes", "ref": "US 1;US 9;US 46", "source:hgv:state_network": "NJDOT http://www.state.nj.us/transportation/about/rules/pdf/chapter32truckaccess.pdf", "surface": "asphalt" }, "geometry": { "type": "LineString", "coordinates": [ [ -73.9929985, 40.8439181 ], [ -73.9920101, 40.8448967 ] ] }, "id": "way/42508833" }, { "type": "Feature", "properties": { "@id": "way/42508834", "HFCS": "Urban Principal Arterial", "NHS": "yes", "NJDOT_SRI": "00000001", "embankment": "yes", "expressway": "yes", "hgv": "designated", "hgv:state_network": "yes", "highway": "motorway", "lanes": "2", "maxspeed": "45 mph", "oneway": "yes", "ref": "US 1;US 9;US 46", "source:hgv:state_network": "NJDOT http://www.state.nj.us/transportation/about/rules/pdf/chapter32truckaccess.pdf", "surface": "asphalt", "tiger:name_base_2": "United States Highway 46" }, "geometry": { "type": "LineString", "coordinates": [ [ -73.9932668, 40.8437916 ], [ -73.9942349, 40.8428302 ], [ -73.9943191, 40.8427489 ], [ -73.9944154, 40.8426598 ], [ -73.9944731, 40.8426086 ] ] }, "id": "way/42508834" }, { "type": "Feature", "properties": { "@id": "way/42508835", "HFCS": "Urban Principal Arterial", "NHS": "yes", "NJDOT_SRI": "00000001", "bridge": "yes", "expressway": "yes", "hgv": "designated", "hgv:state_network": "yes", "highway": "motorway", "lanes": "2", "layer": "1", "maxspeed": "45 mph", "oneway": "yes", "ref": "US 1;US 9;US 46", "source:hgv:state_network": "NJDOT http://www.state.nj.us/transportation/about/rules/pdf/chapter32truckaccess.pdf", "surface": "concrete", "tiger:name_base_2": "United States Highway 46" }, "geometry": { "type": "LineString", "coordinates": [ [ -73.9944731, 40.8426086 ], [ -73.9945141, 40.8425735 ], [ -73.9946061, 40.8424998 ] ] }, "id": "way/42508835" }, { "type": "Feature", "properties": { "@id": "way/42508842", "HFCS": "Urban Principal Arterial", "NHS": "yes", "NJDOT_SRI": "00000001", "expressway": "yes", "hgv": "designated", "hgv:state_network": "yes", "highway": "motorway", "lanes": "2", "maxspeed": "45 mph", "oneway": "yes", "ref": "US 1;US 9;US 46", "source:hgv:state_network": "NJDOT http://www.state.nj.us/transportation/about/rules/pdf/chapter32truckaccess.pdf", "surface": "asphalt", "tiger:name_base_2": "United States Highway 46" }, "geometry": { "type": "LineString", "coordinates": [ [ -73.9946061, 40.8424998 ], [ -73.9946581, 40.8424607 ], [ -73.9947123, 40.8424206 ], [ -73.9947646, 40.8423835 ], [ -73.9948184, 40.8423462 ], [ -73.9948728, 40.8423097 ], [ -73.9949307, 40.8422725 ], [ -73.9949853, 40.842239 ], [ -73.9950414, 40.8422053 ], [ -73.9951574, 40.8421403 ], [ -73.9952774, 40.842077 ], [ -73.9953969, 40.842018 ], [ -73.9955207, 40.8419614 ], [ -73.9956467, 40.8419088 ], [ -73.9957691, 40.8418631 ], [ -73.9958964, 40.8418174 ], [ -73.9959537, 40.8417981 ], [ -73.9960823, 40.8417594 ] ] }, "id": "way/42508842" }, { "type": "Feature", "properties": { "@id": "way/42508844", "HFCS": "Urban Principal Arterial", "NHS": "yes", "NJDOT_SRI": "00000001", "bridge": "yes", "expressway": "yes", "hgv": "designated", "hgv:state_network": "yes", "highway": "motorway", "lanes": "3", "layer": "1", "maxspeed": "45 mph", "oneway": "yes", "ref": "US 1;US 9;US 46", "source:hgv:state_network": "NJDOT http://www.state.nj.us/transportation/about/rules/pdf/chapter32truckaccess.pdf", "surface": "concrete" }, "geometry": { "type": "LineString", "coordinates": [ [ -73.9931765, 40.8437393 ], [ -73.9929985, 40.8439181 ] ] }, "id": "way/42508844" }, { "type": "Feature", "properties": { "@id": "way/42508845", "HFCS": "Urban Principal Arterial", "NHS": "yes", "NJDOT_SRI": "00000001", "embankment": "yes", "expressway": "yes", "hgv": "designated", "hgv:state_network": "yes", "highway": "motorway", "lanes": "3", "maxspeed": "45 mph", "oneway": "yes", "ref": "US 1;US 9;US 46", "source:hgv:state_network": "NJDOT http://www.state.nj.us/transportation/about/rules/pdf/chapter32truckaccess.pdf", "surface": "asphalt" }, "geometry": { "type": "LineString", "coordinates": [ [ -73.9943809, 40.8425526 ], [ -73.994325, 40.8426034 ], [ -73.9942301, 40.8426916 ], [ -73.9941462, 40.8427731 ], [ -73.9940602, 40.8428563 ], [ -73.9938924, 40.8430237 ], [ -73.9931765, 40.8437393 ] ] }, "id": "way/42508845" }, { "type": "Feature", "properties": { "@id": "way/42508846", "HFCS": "Urban Principal Arterial", "NHS": "yes", "NJDOT_SRI": "00000001", "bridge": "yes", "expressway": "yes", "hgv": "designated", "hgv:state_network": "yes", "highway": "motorway", "lanes": "3", "layer": "1", "maxspeed": "45 mph", "oneway": "yes", "ref": "US 1;US 9;US 46", "source:hgv:state_network": "NJDOT http://www.state.nj.us/transportation/about/rules/pdf/chapter32truckaccess.pdf", "surface": "concrete" }, "geometry": { "type": "LineString", "coordinates": [ [ -73.9945166, 40.842441 ], [ -73.9943809, 40.8425526 ] ] }, "id": "way/42508846" }, { "type": "Feature", "properties": { "@id": "way/42508875", "HFCS": "Urban Principal Arterial", "NHS": "yes", "NJDOT_SRI": "00000001", "bridge": "yes", "expressway": "yes", "hgv": "designated", "hgv:state_network": "yes", "highway": "motorway", "lanes": "3", "layer": "1", "maxspeed": "45 mph", "oneway": "yes", "ref": "US 1;US 9;US 46", "source:hgv:state_network": "NJDOT http://www.state.nj.us/transportation/about/rules/pdf/chapter32truckaccess.pdf", "surface": "concrete" }, "geometry": { "type": "LineString", "coordinates": [ [ -73.9906162, 40.8462829 ], [ -73.9904364, 40.8464592 ] ] }, "id": "way/42508875" }, { "type": "Feature", "properties": { "@id": "way/42508876", "HFCS": "Urban Principal Arterial", "NHS": "yes", "NJDOT_SRI": "00000001", "bridge": "yes", "expressway": "yes", "hgv": "designated", "hgv:state_network": "yes", "highway": "motorway", "lanes": "2", "layer": "1", "maxspeed": "45 mph", "oneway": "yes", "ref": "US 1;US 9;US 46", "source:hgv:state_network": "NJDOT http://www.state.nj.us/transportation/about/rules/pdf/chapter32truckaccess.pdf", "surface": "concrete", "tiger:name_base_2": "United States Highway 46", "tiger:name_base_3": "United States Highway 1" }, "geometry": { "type": "LineString", "coordinates": [ [ -73.9905278, 40.8465095 ], [ -73.9907074, 40.8463317 ] ] }, "id": "way/42508876" }, { "type": "Feature", "properties": { "@id": "way/42508878", "HFCS": "Urban Principal Arterial", "NHS": "yes", "NJDOT_SRI": "00000001", "embankment": "yes", "expressway": "yes", "hgv": "designated", "hgv:state_network": "yes", "highway": "motorway", "lanes": "3", "maxspeed": "45 mph", "oneway": "yes", "ref": "US 1;US 9;US 46", "source:hgv:state_network": "NJDOT http://www.state.nj.us/transportation/about/rules/pdf/chapter32truckaccess.pdf", "surface": "asphalt" }, "geometry": { "type": "LineString", "coordinates": [ [ -73.9918299, 40.8450747 ], [ -73.9906162, 40.8462829 ] ] }, "id": "way/42508878" }, { "type": "Feature", "properties": { "@id": "way/42508879", "HFCS": "Urban Principal Arterial", "NHS": "yes", "NJDOT_SRI": "00000001", "bridge": "yes", "expressway": "yes", "hgv": "designated", "hgv:state_network": "yes", "highway": "motorway", "lanes": "3", "layer": "1", "maxspeed": "45 mph", "oneway": "yes", "ref": "US 1;US 9;US 46", "source:hgv:state_network": "NJDOT http://www.state.nj.us/transportation/about/rules/pdf/chapter32truckaccess.pdf", "surface": "concrete" }, "geometry": { "type": "LineString", "coordinates": [ [ -73.9920101, 40.8448967 ], [ -73.9918299, 40.8450747 ] ] }, "id": "way/42508879" }, { "type": "Feature", "properties": { "@id": "way/42508880", "HFCS": "Urban Principal Arterial", "NHS": "yes", "NJDOT_SRI": "00000001", "bridge": "yes", "expressway": "yes", "hgv": "designated", "hgv:state_network": "yes", "highway": "motorway", "lanes": "2", "layer": "1", "maxspeed": "45 mph", "oneway": "yes", "ref": "US 1;US 9;US 46", "source:hgv:state_network": "NJDOT http://www.state.nj.us/transportation/about/rules/pdf/chapter32truckaccess.pdf", "surface": "concrete", "tiger:name_base_2": "United States Highway 46" }, "geometry": { "type": "LineString", "coordinates": [ [ -73.9919227, 40.8451269 ], [ -73.9921006, 40.8449496 ] ] }, "id": "way/42508880" }, { "type": "Feature", "properties": { "@id": "way/42508882", "HFCS": "Urban Principal Arterial", "NHS": "yes", "NJDOT_SRI": "00000001", "expressway": "yes", "hgv": "designated", "hgv:state_network": "yes", "highway": "motorway", "lanes": "2", "maxspeed": "45 mph", "oneway": "yes", "ref": "US 1;US 9;US 46", "source:hgv:state_network": "NJDOT http://www.state.nj.us/transportation/about/rules/pdf/chapter32truckaccess.pdf", "surface": "asphalt", "tiger:cfcc": "A21", "tiger:county": "Bergen, NJ", "tiger:name_base": "United States Highway 1", "tiger:name_base_1": "United States Highway 9", "tiger:name_base_2": "United States Highway 46", "tiger:reviewed": "no" }, "geometry": { "type": "LineString", "coordinates": [ [ -73.9854012, 40.8514896 ], [ -73.9853207, 40.8515751 ], [ -73.9852393, 40.8516678 ], [ -73.9851636, 40.8517637 ], [ -73.9850965, 40.8518606 ], [ -73.9850345, 40.8519613 ], [ -73.9849797, 40.8520649 ], [ -73.9849334, 40.8521693 ], [ -73.9848943, 40.8522762 ], [ -73.9848618, 40.8523857 ], [ -73.9848391, 40.8524927 ], [ -73.9848204, 40.8526024 ], [ -73.9848043, 40.8527122 ], [ -73.9847965, 40.8527665 ] ] }, "id": "way/42508882" }, { "type": "Feature", "properties": { "@id": "way/42508885", "HFCS": "Urban Principal Arterial", "NHS": "yes", "NJDOT_SRI": "00000001", "embankment": "yes", "expressway": "yes", "hgv": "designated", "hgv:state_network": "yes", "highway": "motorway", "lanes": "3", "maxspeed": "45 mph", "oneway": "yes", "ref": "US 1;US 9;US 46", "source:hgv:state_network": "NJDOT http://www.state.nj.us/transportation/about/rules/pdf/chapter32truckaccess.pdf", "surface": "asphalt", "tiger:name_base_2": "United States Highway 46" }, "geometry": { "type": "LineString", "coordinates": [ [ -73.9881164, 40.8487684 ], [ -73.9867466, 40.8501312 ] ] }, "id": "way/42508885" }, { "type": "Feature", "properties": { "@id": "way/42508886", "HFCS": "Urban Principal Arterial", "NHS": "yes", "NJDOT_SRI": "00000001", "bridge": "yes", "expressway": "yes", "hgv": "designated", "hgv:state_network": "yes", "highway": "motorway", "lanes": "3", "layer": "1", "maxspeed": "45 mph", "oneway": "yes", "ref": "US 1;US 9;US 46", "source:hgv:state_network": "NJDOT http://www.state.nj.us/transportation/about/rules/pdf/chapter32truckaccess.pdf", "surface": "concrete", "tiger:name_base_2": "United States Highway 46" }, "geometry": { "type": "LineString", "coordinates": [ [ -73.9882974, 40.848588 ], [ -73.9881164, 40.8487684 ] ] }, "id": "way/42508886" }, { "type": "Feature", "properties": { "@id": "way/42508887", "HFCS": "Urban Principal Arterial", "NHS": "yes", "NJDOT_SRI": "00000001", "bridge": "yes", "expressway": "yes", "hgv": "designated", "hgv:state_network": "yes", "highway": "motorway", "lanes": "2", "layer": "1", "maxspeed": "45 mph", "oneway": "yes", "ref": "US 1;US 9;US 46", "source:hgv:state_network": "NJDOT http://www.state.nj.us/transportation/about/rules/pdf/chapter32truckaccess.pdf", "surface": "concrete", "tiger:cfcc": "A25", "tiger:county": "Bergen, NJ", "tiger:name_base": "Bergen", "tiger:name_base_1": "United States Highway 9", "tiger:name_base_2": "United States Highway 46", "tiger:name_base_3": "United States Highway 1", "tiger:name_type": "Blvd", "tiger:reviewed": "no" }, "geometry": { "type": "LineString", "coordinates": [ [ -73.9882087, 40.8488205 ], [ -73.9883884, 40.8486409 ] ] }, "id": "way/42508887" }, { "type": "Feature", "properties": { "@id": "way/42508888", "HFCS": "Urban Principal Arterial", "NHS": "yes", "NJDOT_SRI": "00000001", "bridge": "yes", "expressway": "yes", "hgv": "designated", "hgv:state_network": "yes", "highway": "motorway", "lanes": "2", "layer": "1", "maxspeed": "45 mph", "oneway": "yes", "ref": "US 1;US 9;US 46", "source:hgv:state_network": "NJDOT http://www.state.nj.us/transportation/about/rules/pdf/chapter32truckaccess.pdf", "surface": "concrete", "tiger:cfcc": "A21", "tiger:county": "Bergen, NJ", "tiger:name_base": "United States Highway 1", "tiger:name_base_1": "United States Highway 9", "tiger:name_base_2": "United States Highway 46", "tiger:reviewed": "no" }, "geometry": { "type": "LineString", "coordinates": [ [ -73.9855348, 40.851353 ], [ -73.9854012, 40.8514896 ] ] }, "id": "way/42508888" }, { "type": "Feature", "properties": { "@id": "way/42508889", "HFCS": "Urban Principal Arterial", "NHS": "yes", "NJDOT_SRI": "00000001", "bridge": "yes", "expressway": "yes", "hgv": "designated", "hgv:state_network": "yes", "highway": "motorway", "lanes": "3", "layer": "1", "maxspeed": "45 mph", "oneway": "yes", "ref": "US 1;US 9;US 46", "source:hgv:state_network": "NJDOT http://www.state.nj.us/transportation/about/rules/pdf/chapter32truckaccess.pdf", "surface": "concrete", "tiger:name_base_2": "United States Highway 46", "turn:lanes": "none|none|merge_to_left" }, "geometry": { "type": "LineString", "coordinates": [ [ -73.9867466, 40.8501312 ], [ -73.9866265, 40.8502515 ] ] }, "id": "way/42508889" }, { "type": "Feature", "properties": { "@id": "way/42508890", "HFCS": "Urban Principal Arterial", "NHS": "yes", "NJDOT_SRI": "00000001", "expressway": "yes", "hgv": "designated", "hgv:state_network": "yes", "highway": "motorway", "lanes": "3", "maxspeed": "45 mph", "oneway": "yes", "placement": "right_of:1", "ref": "US 1;US 9;US 46", "source:hgv:state_network": "NJDOT http://www.state.nj.us/transportation/about/rules/pdf/chapter32truckaccess.pdf", "surface": "asphalt", "tiger:name_base_2": "United States Highway 46", "turn:lanes": "||merge_to_left" }, "geometry": { "type": "LineString", "coordinates": [ [ -73.9866265, 40.8502515 ], [ -73.9865045, 40.8503703 ] ] }, "id": "way/42508890" }, { "type": "Feature", "properties": { "@id": "way/42508891", "HFCS": "Urban Principal Arterial", "NHS": "yes", "NJDOT_SRI": "00000001", "bridge": "yes", "expressway": "yes", "hgv": "designated", "hgv:state_network": "yes", "highway": "motorway", "lanes": "2", "layer": "1", "maxspeed": "45 mph", "oneway": "yes", "ref": "US 1;US 9;US 46", "source:hgv:state_network": "NJDOT http://www.state.nj.us/transportation/about/rules/pdf/chapter32truckaccess.pdf", "surface": "concrete", "tiger:cfcc": "A25", "tiger:county": "Bergen, NJ", "tiger:name_base": "Bergen", "tiger:name_base_1": "United States Highway 9", "tiger:name_base_2": "United States Highway 46", "tiger:name_base_3": "United States Highway 1", "tiger:name_type": "Blvd", "tiger:reviewed": "no" }, "geometry": { "type": "LineString", "coordinates": [ [ -73.986719, 40.8503025 ], [ -73.9868374, 40.850185 ] ] }, "id": "way/42508891" }, { "type": "Feature", "properties": { "@id": "way/48109826", "HFCS": "Urban Principal Arterial", "NHS": "yes", "NJDOT_SRI": "00000001", "hgv": "designated", "hgv:state_network": "yes", "highway": "motorway", "lanes": "2", "maxspeed": "45 mph", "oneway": "yes", "ref": "US 1;US 9;US 46", "source:hgv:state_network": "NJDOT http://www.state.nj.us/transportation/about/rules/pdf/chapter32truckaccess.pdf", "toll": "no" }, "geometry": { "type": "LineString", "coordinates": [ [ -73.9782914, 40.8583744 ], [ -73.9780794, 40.8583885 ], [ -73.9779258, 40.8583988 ], [ -73.9777839, 40.8584078 ], [ -73.977653, 40.8584126 ], [ -73.9774988, 40.8584152 ], [ -73.9773525, 40.8584107 ], [ -73.9772085, 40.8584054 ], [ -73.9770895, 40.8583965 ] ] }, "id": "way/48109826" }, { "type": "Feature", "properties": { "@id": "way/50073733", "HFCS": "Urban Principal Arterial", "NHS": "yes", "NJDOT_SRI": "00000001", "destination:lanes": "New York|New York|New York;Sixth Street;Palisades Park", "expressway": "yes", "hgv": "designated", "hgv:state_network": "yes", "highway": "motorway", "lanes": "3", "maxspeed": "45 mph", "oneway": "yes", "placement": "middle_of:2", "ref": "US 1;US 9;US 46", "source:hgv:state_network": "NJDOT http://www.state.nj.us/transportation/about/rules/pdf/chapter32truckaccess.pdf", "surface": "asphalt", "turn:lanes": "||through;slight_right" }, "geometry": { "type": "LineString", "coordinates": [ [ -73.9965792, 40.8415482 ], [ -73.9965515, 40.8415535 ], [ -73.9964303, 40.8415796 ], [ -73.9962975, 40.8416079 ], [ -73.9961755, 40.8416367 ], [ -73.9960501, 40.8416697 ], [ -73.9959469, 40.8417016 ], [ -73.9958323, 40.8417377 ] ] }, "id": "way/50073733" }, { "type": "Feature", "properties": { "@id": "way/50074176", "HFCS": "Urban Principal Arterial", "NHS": "yes", "NJDOT_SRI": "00000001", "hgv": "designated", "hgv:state_network": "yes", "highway": "motorway", "lanes": "2", "maxheight:signed": "no", "maxspeed": "55 mph", "maxspeed:variable": "yes", "oneway": "yes", "ref": "US 1;US 9;US 46", "source:hgv:state_network": "NJDOT http://www.state.nj.us/transportation/about/rules/pdf/chapter32truckaccess.pdf", "surface": "asphalt", "toll": "no" }, "geometry": { "type": "LineString", "coordinates": [ [ -73.9732758, 40.8573384 ], [ -73.9737641, 40.8578026 ], [ -73.9738612, 40.8579011 ], [ -73.9740352, 40.8580724 ], [ -73.9741288, 40.8581645 ], [ -73.9742222, 40.8582542 ], [ -73.9743082, 40.8583343 ], [ -73.9744072, 40.8584223 ], [ -73.9744837, 40.8584882 ] ] }, "id": "way/50074176" }, { "type": "Feature", "properties": { "@id": "way/61274441", "HFCS": "Urban Principal Arterial", "NHS": "yes", "NJDOT_SRI": "00000001", "expressway": "yes", "hgv": "designated", "hgv:state_network": "yes", "highway": "motorway", "lanes": "2", "maxspeed": "45 mph", "name": "Bergen Boulevard", "oneway": "yes", "ref": "US 1;US 9;US 46", "source:hgv:state_network": "NJDOT http://www.state.nj.us/transportation/about/rules/pdf/chapter32truckaccess.pdf", "surface": "asphalt", "tiger:cfcc": "A25", "tiger:county": "Bergen, NJ", "tiger:name_base": "Bergen", "tiger:name_base_1": "United States Highway 9", "tiger:name_base_2": "United States Highway 46", "tiger:name_base_3": "United States Highway 1", "tiger:name_type": "Blvd" }, "geometry": { "type": "LineString", "coordinates": [ [ -73.9771185, 40.8587115 ], [ -73.9772595, 40.8586639 ], [ -73.9774031, 40.8586202 ], [ -73.9775228, 40.8585901 ], [ -73.9776416, 40.8585634 ], [ -73.9777843, 40.8585318 ], [ -73.9779275, 40.8585048 ], [ -73.9780737, 40.8584815 ], [ -73.9782202, 40.8584637 ], [ -73.9783731, 40.8584498 ], [ -73.9784155, 40.8584453 ] ] }, "id": "way/61274441" }, { "type": "Feature", "properties": { "@id": "way/61407190", "HFCS": "Urban Principal Arterial", "NHS": "yes", "NJDOT_SRI": "00000001", "expressway": "yes", "hgv": "designated", "hgv:state_network": "yes", "highway": "trunk", "lanes": "2", "maxspeed": "45 mph", "name": "Bergen Boulevard", "oneway": "yes", "ref": "US 1;US 9;US 46", "source:hgv:state_network": "NJDOT http://www.state.nj.us/transportation/about/rules/pdf/chapter32truckaccess.pdf", "surface": "asphalt", "tiger:cfcc": "A21", "tiger:county": "Bergen, NJ", "tiger:name_base": "United States Highway 1", "tiger:name_base_1": "United States Highway 9", "tiger:name_base_2": "United States Highway 46", "tiger:reviewed": "no" }, "geometry": { "type": "LineString", "coordinates": [ [ -73.9847668, 40.8529802 ], [ -73.9847279, 40.8532587 ], [ -73.984723, 40.8532895 ], [ -73.9847104, 40.8533676 ], [ -73.98469, 40.8534779 ], [ -73.9846826, 40.8535109 ], [ -73.9846667, 40.8535845 ], [ -73.98462, 40.853758 ], [ -73.9846067, 40.8538003 ], [ -73.9845719, 40.8539053 ], [ -73.9845313, 40.854013 ], [ -73.9844884, 40.8541159 ], [ -73.9844412, 40.854219 ], [ -73.984389, 40.8543222 ], [ -73.9843337, 40.8544235 ], [ -73.9842741, 40.8545238 ], [ -73.984266, 40.8545369 ], [ -73.9842114, 40.854622 ], [ -73.9841725, 40.8546823 ] ] }, "id": "way/61407190" }, { "type": "Feature", "properties": { "@id": "way/61407193", "HFCS": "Urban Principal Arterial", "NHS": "yes", "NJDOT_SRI": "00000001", "expressway": "yes", "hgv": "designated", "hgv:state_network": "yes", "highway": "motorway", "lanes": "2", "maxspeed": "45 mph", "oneway": "yes", "ref": "US 1;US 9;US 46", "source:hgv:state_network": "NJDOT http://www.state.nj.us/transportation/about/rules/pdf/chapter32truckaccess.pdf", "surface": "asphalt", "tiger:cfcc": "A25", "tiger:county": "Bergen, NJ", "tiger:name_base": "Bergen", "tiger:name_base_1": "United States Highway 9", "tiger:name_base_2": "United States Highway 46", "tiger:name_base_3": "United States Highway 1", "tiger:name_type": "Blvd", "tiger:reviewed": "no" }, "geometry": { "type": "LineString", "coordinates": [ [ -73.9846794, 40.8538879 ], [ -73.9847183, 40.8537709 ], [ -73.9847488, 40.8536652 ], [ -73.984774, 40.8535636 ], [ -73.9847955, 40.8534567 ], [ -73.9848152, 40.853346 ], [ -73.9848324, 40.8532363 ], [ -73.9849085, 40.8526885 ], [ -73.9849242, 40.8525794 ], [ -73.9849433, 40.8524718 ], [ -73.9849696, 40.8523643 ], [ -73.9850033, 40.8522577 ], [ -73.9850436, 40.8521548 ], [ -73.9850923, 40.8520512 ], [ -73.9851477, 40.8519498 ], [ -73.9852104, 40.8518512 ], [ -73.9852801, 40.8517551 ], [ -73.9853211, 40.8517055 ], [ -73.9853563, 40.8516629 ], [ -73.9854299, 40.8515822 ] ] }, "id": "way/61407193" }, { "type": "Feature", "properties": { "@id": "way/120718256", "HFCS": "Urban Principal Arterial", "NHS": "yes", "NJDOT_SRI": "00000001", "bridge": "yes", "hgv": "designated", "hgv:state_network": "yes", "highway": "motorway", "lanes": "2", "layer": "2", "lit": "yes", "maxspeed": "45 mph", "oneway": "yes", "ref": "US 1;US 9;US 46", "source:hgv:state_network": "NJDOT http://www.state.nj.us/transportation/about/rules/pdf/chapter32truckaccess.pdf", "toll": "no" }, "geometry": { "type": "LineString", "coordinates": [ [ -73.9755724, 40.8580583 ], [ -73.9754359, 40.8580037 ], [ -73.9753065, 40.857946 ], [ -73.9751279, 40.857861 ] ] }, "id": "way/120718256" }, { "type": "Feature", "properties": { "@id": "way/360971117", "HFCS": "Urban Principal Arterial", "NHS": "yes", "NJDOT_SRI": "00000001", "expressway": "yes", "hgv": "designated", "hgv:state_network": "yes", "highway": "trunk", "lanes": "2", "maxspeed": "45 mph", "name": "Bergen Boulevard", "oneway": "yes", "ref": "US 1;US 9;US 46", "source:hgv:state_network": "NJDOT http://www.state.nj.us/transportation/about/rules/pdf/chapter32truckaccess.pdf", "surface": "asphalt", "tiger:cfcc": "A25", "tiger:county": "Bergen, NJ", "tiger:name_base": "Bergen", "tiger:name_base_1": "United States Highway 9", "tiger:name_base_2": "United States Highway 46", "tiger:name_base_3": "United States Highway 1", "tiger:name_type": "Blvd", "tiger:reviewed": "no" }, "geometry": { "type": "LineString", "coordinates": [ [ -73.9820383, 40.8570038 ], [ -73.9823345, 40.8567122 ], [ -73.982488, 40.856561 ], [ -73.9830014, 40.8560557 ], [ -73.9835651, 40.8555007 ] ] }, "id": "way/360971117" }, { "type": "Feature", "properties": { "@id": "way/360971118", "HFCS": "Urban Principal Arterial", "NHS": "yes", "NJDOT_SRI": "00000001", "expressway": "yes", "hgv": "designated", "hgv:state_network": "yes", "highway": "motorway", "lanes": "2", "maxspeed": "45 mph", "name": "Bergen Boulevard", "oneway": "yes", "ref": "US 1;US 9;US 46", "source:hgv:state_network": "NJDOT http://www.state.nj.us/transportation/about/rules/pdf/chapter32truckaccess.pdf", "surface": "asphalt", "tiger:cfcc": "A21", "tiger:county": "Bergen, NJ", "tiger:name_base": "United States Highway 1", "tiger:name_base_1": "United States Highway 9", "tiger:name_base_2": "United States Highway 46", "tiger:reviewed": "no" }, "geometry": { "type": "LineString", "coordinates": [ [ -73.98161, 40.8572496 ], [ -73.9815039, 40.8573271 ], [ -73.9813972, 40.8574008 ], [ -73.9812884, 40.8574721 ], [ -73.9811751, 40.8575424 ], [ -73.9811512, 40.8575563 ], [ -73.9810594, 40.8576096 ], [ -73.9809451, 40.8576728 ], [ -73.9808294, 40.8577329 ], [ -73.9807035, 40.8577936 ], [ -73.9805822, 40.857849 ], [ -73.9805046, 40.857881 ] ] }, "id": "way/360971118" }, { "type": "Feature", "properties": { "@id": "way/584512126", "HFCS": "Urban Principal Arterial", "NHS": "yes", "NJDOT_SRI": "00000001", "destination:lanes": "New Jersey Turnpike|New Jersey Turnpike|Broad Avenue", "destination:ref:lanes": "US 46 West|US 46 West|US 1 South;US 9 South", "destination:ref:to:lanes": "I 95;NJTP|I 95;NJTP|", "expressway": "yes", "hgv": "designated", "hgv:state_network": "yes", "highway": "motorway", "lanes": "3", "maxspeed": "45 mph", "oneway": "yes", "placement": "right_of:1", "ref": "US 1;US 9;US 46", "source:hgv:state_network": "NJDOT http://www.state.nj.us/transportation/about/rules/pdf/chapter32truckaccess.pdf", "surface": "asphalt", "tiger:name_base_2": "United States Highway 46", "turn:lanes": "||slight_right" }, "geometry": { "type": "LineString", "coordinates": [ [ -73.9960823, 40.8417594 ], [ -73.9963128, 40.8416964 ], [ -73.9964473, 40.8416667 ], [ -73.9965925, 40.8416383 ], [ -73.9967305, 40.8416158 ], [ -73.996872, 40.8415959 ] ] }, "id": "way/584512126" }, { "type": "Feature", "properties": { "@id": "way/837277524", "HFCS": "Urban Principal Arterial", "NHS": "yes", "NJDOT_SRI": "00000001", "expressway": "yes", "hgv": "designated", "hgv:state_network": "yes", "highway": "trunk", "lanes": "2", "maxspeed": "45 mph", "name": "Bergen Boulevard", "oneway": "yes", "ref": "US 1;US 9;US 46", "source:hgv:state_network": "NJDOT http://www.state.nj.us/transportation/about/rules/pdf/chapter32truckaccess.pdf", "surface": "asphalt", "tiger:cfcc": "A21", "tiger:county": "Bergen, NJ", "tiger:name_base": "United States Highway 1", "tiger:name_base_1": "United States Highway 9", "tiger:name_base_2": "United States Highway 46", "tiger:reviewed": "no" }, "geometry": { "type": "LineString", "coordinates": [ [ -73.9816622, 40.8572097 ], [ -73.98161, 40.8572496 ] ] }, "id": "way/837277524" }, { "type": "Feature", "properties": { "@id": "way/837277533", "HFCS": "Urban Principal Arterial", "NHS": "yes", "NJDOT_SRI": "00000001", "expressway": "yes", "hgv": "designated", "hgv:state_network": "yes", "highway": "trunk", "lanes": "2", "maxspeed": "45 mph", "name": "Bergen Boulevard", "oneway": "yes", "ref": "US 1;US 9;US 46", "source:hgv:state_network": "NJDOT http://www.state.nj.us/transportation/about/rules/pdf/chapter32truckaccess.pdf", "surface": "asphalt", "tiger:cfcc": "A21", "tiger:county": "Bergen, NJ", "tiger:name_base": "United States Highway 1", "tiger:name_base_1": "United States Highway 9", "tiger:name_base_2": "United States Highway 46", "tiger:reviewed": "no" }, "geometry": { "type": "LineString", "coordinates": [ [ -73.9824125, 40.8565159 ], [ -73.9823048, 40.8566214 ], [ -73.9821751, 40.85675 ], [ -73.9820852, 40.8568382 ], [ -73.9819916, 40.8569276 ], [ -73.9819034, 40.8570087 ], [ -73.981842, 40.8570628 ], [ -73.9818085, 40.8570911 ], [ -73.9817106, 40.8571719 ], [ -73.9816622, 40.8572097 ] ] }, "id": "way/837277533" }, { "type": "Feature", "properties": { "@id": "way/837277538", "HFCS": "Urban Principal Arterial", "NHS": "yes", "NJDOT_SRI": "00000001", "expressway": "yes", "hgv": "designated", "hgv:state_network": "yes", "highway": "trunk", "lanes": "3", "maxspeed": "45 mph", "name": "Bergen Boulevard", "oneway": "yes", "placement": "right_of:1", "ref": "US 1;US 9;US 46", "source:hgv:state_network": "NJDOT http://www.state.nj.us/transportation/about/rules/pdf/chapter32truckaccess.pdf", "surface": "asphalt", "tiger:cfcc": "A25", "tiger:county": "Bergen, NJ", "tiger:name_base": "Bergen", "tiger:name_base_1": "United States Highway 9", "tiger:name_base_2": "United States Highway 46", "tiger:name_base_3": "United States Highway 1", "tiger:name_type": "Blvd", "tiger:reviewed": "no", "turn:lanes": "||slight_right" }, "geometry": { "type": "LineString", "coordinates": [ [ -73.9843052, 40.8546445 ], [ -73.9843277, 40.8546105 ], [ -73.9843875, 40.8545128 ], [ -73.9843955, 40.854499 ], [ -73.9844463, 40.8544106 ], [ -73.9845003, 40.8543085 ], [ -73.9845518, 40.8542039 ], [ -73.9845981, 40.8540996 ], [ -73.9846125, 40.8540647 ], [ -73.9846406, 40.8539927 ], [ -73.9846794, 40.8538879 ] ] }, "id": "way/837277538" }, { "type": "Feature", "properties": { "@id": "way/961981711", "HFCS": "Urban Principal Arterial", "NHS": "yes", "NJDOT_SRI": "00000001", "embankment": "yes", "expressway": "yes", "hgv": "designated", "hgv:state_network": "yes", "highway": "motorway", "lanes": "2", "maxspeed": "45 mph", "oneway": "yes", "ref": "US 1;US 9;US 46", "source:hgv:state_network": "NJDOT http://www.state.nj.us/transportation/about/rules/pdf/chapter32truckaccess.pdf", "surface": "asphalt", "tiger:name_base_2": "United States Highway 46", "tiger:name_base_3": "United States Highway 1" }, "geometry": { "type": "LineString", "coordinates": [ [ -73.9884627, 40.8485679 ], [ -73.9894932, 40.8475433 ], [ -73.9905278, 40.8465095 ] ] }, "id": "way/961981711" }, { "type": "Feature", "properties": { "@id": "way/967579317", "HFCS": "Urban Principal Arterial", "NHS": "yes", "NJDOT_SRI": "00000001", "expressway": "yes", "hgv": "designated", "hgv:state_network": "yes", "highway": "motorway", "lanes": "2", "maxspeed": "45 mph", "name": "Bergen Boulevard", "oneway": "yes", "ref": "US 1;US 9;US 46", "source:hgv:state_network": "NJDOT http://www.state.nj.us/transportation/about/rules/pdf/chapter32truckaccess.pdf", "surface": "asphalt", "tiger:cfcc": "A25", "tiger:county": "Bergen, NJ", "tiger:name_base": "Bergen", "tiger:name_base_1": "United States Highway 9", "tiger:name_base_2": "United States Highway 46", "tiger:name_base_3": "United States Highway 1", "tiger:name_type": "Blvd", "tiger:reviewed": "no" }, "geometry": { "type": "LineString", "coordinates": [ [ -73.9788065, 40.8584099 ], [ -73.9789483, 40.858392 ], [ -73.9791004, 40.8583689 ], [ -73.9792461, 40.8583438 ], [ -73.979391, 40.858315 ], [ -73.9795379, 40.8582826 ], [ -73.979674, 40.8582491 ], [ -73.9798132, 40.8582113 ], [ -73.9799589, 40.8581681 ], [ -73.9800908, 40.8581258 ], [ -73.980227, 40.8580779 ], [ -73.9803471, 40.8580325 ], [ -73.980377, 40.8580198 ] ] }, "id": "way/967579317" }, { "type": "Feature", "properties": { "@id": "way/967901075", "HFCS": "Urban Principal Arterial", "NHS": "yes", "NJDOT_SRI": "00000001", "expressway": "yes", "hgv": "designated", "hgv:state_network": "yes", "highway": "motorway", "lanes": "3", "maxspeed": "45 mph", "oneway": "yes", "ref": "US 1;US 9;US 46", "source:hgv:state_network": "NJDOT http://www.state.nj.us/transportation/about/rules/pdf/chapter32truckaccess.pdf", "surface": "asphalt" }, "geometry": { "type": "LineString", "coordinates": [ [ -73.9958323, 40.8417377 ], [ -73.9957179, 40.8417814 ], [ -73.9955882, 40.8418311 ], [ -73.9954693, 40.84188 ], [ -73.9953568, 40.8419309 ], [ -73.9952507, 40.8419811 ], [ -73.9951636, 40.8420267 ], [ -73.9950741, 40.842075 ], [ -73.9949769, 40.8421283 ], [ -73.9948914, 40.8421819 ], [ -73.9947987, 40.842242 ], [ -73.9947046, 40.8423056 ], [ -73.9946056, 40.8423751 ], [ -73.9945166, 40.842441 ] ] }, "id": "way/967901075" }, { "type": "Feature", "properties": { "@id": "way/968081116", "HFCS": "Urban Principal Arterial", "NHS": "yes", "NJDOT_SRI": "00000001", "destination": "New York", "destination:ref": "US 1 North;US 9 North;US 46 East", "expressway": "yes", "hgv": "designated", "hgv:state_network": "yes", "highway": "motorway", "lanes": "2", "maxspeed": "45 mph", "oneway": "yes", "ref": "US 1;US 9;US 46", "source:hgv:state_network": "NJDOT http://www.state.nj.us/transportation/about/rules/pdf/chapter32truckaccess.pdf", "tiger:cfcc": "A21", "tiger:county": "Bergen, NJ", "tiger:name_base": "United States Highway 1", "tiger:name_base_1": "United States Highway 9", "tiger:name_base_2": "United States Highway 46" }, "geometry": { "type": "LineString", "coordinates": [ [ -73.9862962, 40.8505814 ], [ -73.9859835, 40.8508983 ], [ -73.9855348, 40.851353 ] ] }, "id": "way/968081116" }, { "type": "Feature", "properties": { "@id": "way/968081117", "HFCS": "Urban Principal Arterial", "NHS": "yes", "NJDOT_SRI": "00000001", "destination:lanes": "New York|New York;none", "expressway": "yes", "hgv": "designated", "hgv:state_network": "yes", "highway": "motorway", "lanes": "2", "maxspeed": "45 mph", "oneway": "yes", "ref": "US 1;US 9;US 46", "source:hgv:state_network": "NJDOT http://www.state.nj.us/transportation/about/rules/pdf/chapter32truckaccess.pdf", "tiger:name_base_2": "United States Highway 46", "turn:lanes": "none|through;slight_right" }, "geometry": { "type": "LineString", "coordinates": [ [ -73.9865045, 40.8503703 ], [ -73.9862962, 40.8505814 ] ] }, "id": "way/968081117" }, { "type": "Feature", "properties": { "@id": "way/1050247346", "HFCS": "Urban Principal Arterial", "NHS": "yes", "NJDOT_SRI": "00000001", "expressway": "yes", "hgv": "designated", "hgv:state_network": "yes", "highway": "motorway", "lanes": "2", "maxspeed": "45 mph", "oneway": "yes", "ref": "US 1;US 9;US 46", "source:hgv:state_network": "NJDOT http://www.state.nj.us/transportation/about/rules/pdf/chapter32truckaccess.pdf", "surface": "asphalt", "tiger:cfcc": "A25", "tiger:county": "Bergen, NJ", "tiger:name_base": "Bergen", "tiger:name_base_1": "United States Highway 9", "tiger:name_base_2": "United States Highway 46", "tiger:name_base_3": "United States Highway 1", "tiger:name_type": "Blvd", "turn:lanes": "|through;right" }, "geometry": { "type": "LineString", "coordinates": [ [ -73.9855636, 40.8514479 ], [ -73.98588, 40.8511342 ] ] }, "id": "way/1050247346" }, { "type": "Feature", "properties": { "@id": "way/1086752465", "HFCS": "Urban Principal Arterial", "NHS": "yes", "NJDOT_SRI": "00000001", "expressway": "yes", "hgv": "designated", "hgv:state_network": "yes", "highway": "trunk", "lanes": "2", "maxheight": "13'8\"", "maxspeed": "45 mph", "name": "Bergen Boulevard", "oneway": "yes", "ref": "US 1;US 9;US 46", "source:hgv:state_network": "NJDOT http://www.state.nj.us/transportation/about/rules/pdf/chapter32truckaccess.pdf", "surface": "asphalt", "tiger:cfcc": "A25", "tiger:county": "Bergen, NJ", "tiger:name_base": "Bergen", "tiger:name_base_1": "United States Highway 9", "tiger:name_base_2": "United States Highway 46", "tiger:name_base_3": "United States Highway 1", "tiger:name_type": "Blvd", "tiger:reviewed": "no" }, "geometry": { "type": "LineString", "coordinates": [ [ -73.9835651, 40.8555007 ], [ -73.9837103, 40.8553579 ], [ -73.9837962, 40.8552712 ], [ -73.9838841, 40.8551797 ], [ -73.9839641, 40.855092 ], [ -73.9840455, 40.8549965 ], [ -73.9841201, 40.8549039 ], [ -73.9841384, 40.8548806 ] ] }, "id": "way/1086752465" }, { "type": "Feature", "properties": { "@id": "way/1086752466", "HFCS": "Urban Principal Arterial", "NHS": "yes", "NJDOT_SRI": "00000001", "expressway": "yes", "hgv": "designated", "hgv:state_network": "yes", "highway": "trunk", "lanes": "2", "maxspeed": "45 mph", "name": "Bergen Boulevard", "oneway": "yes", "ref": "US 1;US 9;US 46", "source:hgv:state_network": "NJDOT http://www.state.nj.us/transportation/about/rules/pdf/chapter32truckaccess.pdf", "surface": "asphalt", "tiger:cfcc": "A21", "tiger:county": "Bergen, NJ", "tiger:name_base": "United States Highway 1", "tiger:name_base_1": "United States Highway 9", "tiger:name_base_2": "United States Highway 46", "tiger:reviewed": "no" }, "geometry": { "type": "LineString", "coordinates": [ [ -73.9835757, 40.8553684 ], [ -73.983105, 40.8558316 ], [ -73.9829315, 40.8560025 ], [ -73.9824125, 40.8565159 ] ] }, "id": "way/1086752466" }, { "type": "Feature", "properties": { "@id": "way/1086752467", "HFCS": "Urban Principal Arterial", "NHS": "yes", "NJDOT_SRI": "00000001", "expressway": "yes", "hgv": "designated", "hgv:state_network": "yes", "highway": "trunk", "lanes": "2", "maxheight": "13'8\"", "maxspeed": "45 mph", "name": "Bergen Boulevard", "oneway": "yes", "ref": "US 1;US 9;US 46", "source:hgv:state_network": "NJDOT http://www.state.nj.us/transportation/about/rules/pdf/chapter32truckaccess.pdf", "surface": "asphalt", "tiger:cfcc": "A21", "tiger:county": "Bergen, NJ", "tiger:name_base": "United States Highway 1", "tiger:name_base_1": "United States Highway 9", "tiger:name_base_2": "United States Highway 46", "tiger:reviewed": "no" }, "geometry": { "type": "LineString", "coordinates": [ [ -73.9841725, 40.8546823 ], [ -73.9841387, 40.8547307 ], [ -73.9840748, 40.8548164 ], [ -73.9840001, 40.854911 ], [ -73.9839247, 40.8550037 ], [ -73.9838396, 40.8550991 ], [ -73.9837593, 40.8551845 ], [ -73.9836736, 40.8552717 ], [ -73.9835757, 40.8553684 ] ] }, "id": "way/1086752467" }, { "type": "Feature", "properties": { "@id": "way/1106503313", "destination": "George Washington Bridge Upper Level", "destination:ref:to": "I 95 Toll North", "highway": "motorway", "lanes": "1", "maxspeed": "45 mph", "maxspeed:variable": "yes", "oneway": "yes", "ref": "US 1;US 9;US 46" }, "geometry": { "type": "LineString", "coordinates": [ [ -73.9744717, 40.8575105 ], [ -73.974269, 40.8574199 ], [ -73.9738736, 40.8572032 ], [ -73.9737072, 40.857115 ], [ -73.9735447, 40.8570274 ], [ -73.9734164, 40.8569599 ], [ -73.973296, 40.8568931 ], [ -73.9731695, 40.8568209 ], [ -73.9730686, 40.8567602 ], [ -73.9729868, 40.856707 ], [ -73.9726494, 40.8564877 ], [ -73.9723123, 40.8563497 ] ] }, "id": "way/1106503313" }, { "type": "Feature", "properties": { "@id": "way/1110192138", "HFCS": "Urban Principal Arterial", "NHS": "yes", "NJDOT_SRI": "00000001", "hgv": "designated", "hgv:state_network": "yes", "highway": "motorway", "lanes": "1", "maxheight:signed": "no", "maxspeed": "45 mph", "maxspeed:variable": "yes", "oneway": "yes", "ref": "US 1;US 9;US 46", "source:hgv:state_network": "NJDOT http://www.state.nj.us/transportation/about/rules/pdf/chapter32truckaccess.pdf", "toll": "no" }, "geometry": { "type": "LineString", "coordinates": [ [ -73.9744717, 40.8575105 ], [ -73.9742893, 40.8573926 ], [ -73.9739848, 40.8572269 ], [ -73.9738092, 40.8571318 ], [ -73.9736835, 40.8570618 ], [ -73.9736139, 40.8570239 ], [ -73.9735388, 40.856983 ], [ -73.9734564, 40.8569342 ], [ -73.9733844, 40.8568883 ], [ -73.9733065, 40.8568358 ], [ -73.9732286, 40.8567832 ], [ -73.9729743, 40.8565533 ] ] }, "id": "way/1110192138" }, { "type": "Feature", "properties": { "@id": "way/1233392303", "HFCS": "Urban Principal Arterial", "NHS": "yes", "NJDOT_SRI": "00000001", "expressway": "yes", "hgv": "designated", "hgv:state_network": "yes", "highway": "trunk", "lanes": "2", "maxspeed": "45 mph", "name": "Bergen Boulevard", "oneway": "yes", "ref": "US 1;US 9;US 46", "source:hgv:state_network": "NJDOT http://www.state.nj.us/transportation/about/rules/pdf/chapter32truckaccess.pdf", "surface": "asphalt", "tiger:cfcc": "A25", "tiger:county": "Bergen, NJ", "tiger:name_base": "Bergen", "tiger:name_base_1": "United States Highway 9", "tiger:name_base_2": "United States Highway 46", "tiger:name_base_3": "United States Highway 1", "tiger:name_type": "Blvd", "tiger:reviewed": "no" }, "geometry": { "type": "LineString", "coordinates": [ [ -73.9841384, 40.8548806 ], [ -73.9841932, 40.8548073 ], [ -73.9842614, 40.8547108 ], [ -73.9843052, 40.8546445 ] ] }, "id": "way/1233392303" }, { "type": "Feature", "properties": { "@id": "way/1297367463", "HFCS": "Urban Principal Arterial", "NHS": "yes", "NJDOT_SRI": "00000001", "bridge": "yes", "expressway": "yes", "hgv": "designated", "hgv:state_network": "yes", "highway": "motorway", "lanes": "3", "layer": "1", "maxspeed": "45 mph", "name": "Bergen Boulevard", "oneway": "yes", "ref": "US 1;US 9;US 46", "source:hgv:state_network": "NJDOT http://www.state.nj.us/transportation/about/rules/pdf/chapter32truckaccess.pdf", "surface": "concrete", "tiger:cfcc": "A25", "tiger:county": "Bergen, NJ", "tiger:name_base": "Bergen", "tiger:name_base_1": "United States Highway 9", "tiger:name_base_2": "United States Highway 46", "tiger:name_base_3": "United States Highway 1", "tiger:name_type": "Blvd", "toll": "no" }, "geometry": { "type": "LineString", "coordinates": [ [ -73.9755171, 40.858936 ], [ -73.9755944, 40.8589471 ], [ -73.9756657, 40.8589558 ], [ -73.9757431, 40.8589625 ] ] }, "id": "way/1297367463" }, { "type": "Feature", "properties": { "@id": "way/1370439359", "HFCS": "Urban Principal Arterial", "NHS": "yes", "NJDOT_SRI": "00000001", "expressway": "yes", "hgv": "designated", "hgv:state_network": "yes", "highway": "trunk", "lane_markings": "yes", "lanes": "3", "maxspeed": "45 mph", "name": "Bergen Boulevard", "oneway": "yes", "placement": "left_of:2", "ref": "US 1;US 9;US 46", "shoulder": "no", "source:hgv:state_network": "NJDOT http://www.state.nj.us/transportation/about/rules/pdf/chapter32truckaccess.pdf", "surface": "asphalt", "tiger:cfcc": "A21", "tiger:county": "Bergen, NJ", "tiger:name_base": "United States Highway 1", "tiger:name_base_1": "United States Highway 9", "tiger:name_base_2": "United States Highway 46", "tiger:reviewed": "no", "turn:lanes": "||merge_to_left" }, "geometry": { "type": "LineString", "coordinates": [ [ -73.9847965, 40.8527665 ], [ -73.9847668, 40.8529802 ] ] }, "id": "way/1370439359" },

 { "type": "Feature", "properties": { "@id": "way/16464275", "NHS": "yes", "hgv": "designated", "hgv:national_network": "yes", "highway": "motorway", "lanes": "2", "maxspeed": "65 mph", "oneway": "yes", "ref": "US 15;US 64;US 501", "source:hgv:national_network": "Title 23: Highways Part 658 http://ecfr.gpoaccess.gov/cgi/t/text/text-idx?c=ecfr&rgn=div5&view=text&node=23:1.0.1.7.33&idno=23", "tiger:cfcc": "A21:A41", "tiger:county": "Chatham, NC", "tiger:name_base": "United States Highway 64:United States Highway 64 (Byp)", "tiger:name_base_1": "United States Highway 64", "tiger:name_direction_suffix": "W", "tiger:reviewed": "no", "tiger:zip_left": "27344" }, "geometry": { "type": "LineString", "coordinates": [ [ -79.1889526, 35.7524086 ], [ -79.1894206, 35.7522896 ], [ -79.1899382, 35.7521406 ], [ -79.1904902, 35.7519613 ], [ -79.1908369, 35.7518261 ], [ -79.1911809, 35.7516657 ], [ -79.192941, 35.750827 ], [ -79.1970564, 35.7488984 ] ] }, "id": "way/16464275" }, { "type": "Feature", "properties": { "@id": "way/111017284", "NHS": "yes", "bridge": "yes", "hgv": "designated", "hgv:national_network": "yes", "highway": "motorway", "lanes": "2", "layer": "1", "maxspeed": "65 mph", "oneway": "yes", "ref": "US 15;US 64;US 501", "source:hgv:national_network": "Title 23: Highways Part 658 http://ecfr.gpoaccess.gov/cgi/t/text/text-idx?c=ecfr&rgn=div5&view=text&node=23:1.0.1.7.33&idno=23" }, "geometry": { "type": "LineString", "coordinates": [ [ -79.1888097, 35.7522029 ], [ -79.1883996, 35.7522933 ] ] }, "id": "way/111017284" }, { "type": "Feature", "properties": { "@id": "way/111017285", "NHS": "yes", "bridge": "yes", "hgv": "designated", "hgv:national_network": "yes", "highway": "motorway", "lanes": "2", "layer": "1", "maxspeed": "65 mph", "oneway": "yes", "ref": "US 15;US 64;US 501", "source:hgv:national_network": "Title 23: Highways Part 658 http://ecfr.gpoaccess.gov/cgi/t/text/text-idx?c=ecfr&rgn=div5&view=text&node=23:1.0.1.7.33&idno=23", "tiger:cfcc": "A41", "tiger:county": "Chatham, NC", "tiger:name_base": "United States Highway 64 (Byp)" }, "geometry": { "type": "LineString", "coordinates": [ [ -79.1885479, 35.7525074 ], [ -79.1889526, 35.7524086 ] ] }, "id": "way/111017285" }, { "type": "Feature", "properties": { "@id": "way/111017287", "NHS": "yes", "hgv": "designated", "hgv:national_network": "yes", "highway": "motorway", "lanes": "2", "maxspeed": "65 mph", "oneway": "yes", "ref": "US 15;US 64;US 501", "source:hgv:national_network": "Title 23: Highways Part 658 http://ecfr.gpoaccess.gov/cgi/t/text/text-idx?c=ecfr&rgn=div5&view=text&node=23:1.0.1.7.33&idno=23", "turn:lanes": "none|through;slight_right" }, "geometry": { "type": "LineString", "coordinates": [ [ -79.1826713, 35.7523787 ], [ -79.1816581, 35.7521961 ], [ -79.1803003, 35.7519457 ], [ -79.1790825, 35.75172 ], [ -79.1778031, 35.7514879 ], [ -79.1768202, 35.7513063 ], [ -79.1758847, 35.7511237 ], [ -79.1750745, 35.7509498 ], [ -79.1743199, 35.7507673 ], [ -79.1738461, 35.7506394 ] ] }, "id": "way/111017287" }, { "type": "Feature", "properties": { "@id": "way/134928915", "NHS": "yes", "hgv": "designated", "hgv:national_network": "yes", "highway": "motorway", "lanes": "2", "maxspeed": "65 mph", "oneway": "yes", "ref": "US 15;US 64;US 501", "source:hgv:national_network": "Title 23: Highways Part 658 http://ecfr.gpoaccess.gov/cgi/t/text/text-idx?c=ecfr&rgn=div5&view=text&node=23:1.0.1.7.33&idno=23" }, "geometry": { "type": "LineString", "coordinates": [ [ -79.2040298, 35.745278 ], [ -79.2030599, 35.7457935 ], [ -79.2016265, 35.7464971 ], [ -79.1994378, 35.747542 ], [ -79.1963737, 35.7489491 ], [ -79.1933868, 35.7503701 ], [ -79.1920821, 35.751004 ], [ -79.1906487, 35.7516527 ], [ -79.19005, 35.7518525 ], [ -79.1895178, 35.7520215 ], [ -79.1891637, 35.7521185 ], [ -79.1888097, 35.7522029 ] ] }, "id": "way/134928915" }, { "type": "Feature", "properties": { "@id": "way/138138851", "NHS": "yes", "hgv": "designated", "hgv:national_network": "yes", "highway": "motorway", "lanes": "2", "maxspeed": "65 mph", "oneway": "yes", "ref": "US 15;US 64;US 501", "source:hgv:national_network": "Title 23: Highways Part 658 http://ecfr.gpoaccess.gov/cgi/t/text/text-idx?c=ecfr&rgn=div5&view=text&node=23:1.0.1.7.33&idno=23", "tiger:cfcc": "A41", "tiger:county": "Chatham, NC", "tiger:name_base": "United States Highway 64 (Byp)", "tiger:zip_left": "27312", "tiger:zip_right": "27312" }, "geometry": { "type": "LineString", "coordinates": [ [ -79.1725545, 35.7505638 ], [ -79.1745949, 35.7510799 ], [ -79.1756496, 35.751311 ], [ -79.176717, 35.7515226 ], [ -79.1787072, 35.7518891 ], [ -79.1802784, 35.7521785 ], [ -79.1817126, 35.75244 ], [ -79.1827525, 35.7526285 ], [ -79.1832644, 35.7527046 ], [ -79.1838102, 35.7527634 ], [ -79.1845886, 35.7528179 ], [ -79.1850047, 35.7528325 ], [ -79.1855067, 35.7528325 ], [ -79.1860812, 35.7528178 ], [ -79.1865351, 35.7527868 ], [ -79.1869763, 35.7527452 ], [ -79.1875094, 35.7526866 ], [ -79.1885479, 35.7525074 ] ] }, "id": "way/138138851" }, { "type": "Feature", "properties": { "@id": "way/1527711876", "NHS": "yes", "hgv": "designated", "hgv:national_network": "yes", "highway": "motorway", "lanes": "2", "maxspeed": "65 mph", "oneway": "yes", "ref": "US 15;US 64;US 501", "source:hgv:national_network": "Title 23: Highways Part 658 http://ecfr.gpoaccess.gov/cgi/t/text/text-idx?c=ecfr&rgn=div5&view=text&node=23:1.0.1.7.33&idno=23", "tiger:cfcc": "A21:A41", "tiger:county": "Chatham, NC", "tiger:name_base": "United States Highway 64:United States Highway 64 (Byp)", "tiger:name_base_1": "United States Highway 64", "tiger:name_direction_suffix": "W", "tiger:reviewed": "no", "tiger:zip_left": "27344", "turn:lanes": "none|through;slight_right" }, "geometry": { "type": "LineString", "coordinates": [ [ -79.1970564, 35.7488984 ], [ -79.2022102, 35.7464831 ], [ -79.2040126, 35.7455636 ] ] }, "id": "way/1527711876" }, { "type": "Feature", "properties": { "@id": "way/1528008968", "NHS": "yes", "hgv": "designated", "hgv:national_network": "yes", "highway": "motorway", "lanes": "2", "maxspeed": "65 mph", "oneway": "yes", "ref": "US 15;US 64;US 501", "source:hgv:national_network": "Title 23: Highways Part 658 http://ecfr.gpoaccess.gov/cgi/t/text/text-idx?c=ecfr&rgn=div5&view=text&node=23:1.0.1.7.33&idno=23" }, "geometry": { "type": "LineString", "coordinates": [ [ -79.1883996, 35.7522933 ], [ -79.1880069, 35.7523661 ], [ -79.1876456, 35.7524278 ], [ -79.1872981, 35.7524797 ], [ -79.1869562, 35.7525179 ], [ -79.1863261, 35.7525735 ], [ -79.1858672, 35.7525971 ], [ -79.1854238, 35.7526047 ], [ -79.1849581, 35.7526031 ], [ -79.1845094, 35.7525832 ], [ -79.1839284, 35.7525441 ], [ -79.1833961, 35.7524902 ], [ -79.1826713, 35.7523787 ] ] }, "id": "way/1528008968" },

 { "type": "Feature", "properties": { "@id": "way/16464275", "NHS": "yes", "hgv": "designated", "hgv:national_network": "yes", "highway": "motorway", "lanes": "2", "maxspeed": "65 mph", "oneway": "yes", "ref": "US 15;US 64;US 501", "source:hgv:national_network": "Title 23: Highways Part 658 http://ecfr.gpoaccess.gov/cgi/t/text/text-idx?c=ecfr&rgn=div5&view=text&node=23:1.0.1.7.33&idno=23", "tiger:cfcc": "A21:A41", "tiger:county": "Chatham, NC", "tiger:name_base": "United States Highway 64:United States Highway 64 (Byp)", "tiger:name_base_1": "United States Highway 64", "tiger:name_direction_suffix": "W", "tiger:reviewed": "no", "tiger:zip_left": "27344" }, "geometry": { "type": "LineString", "coordinates": [ [ -79.1889526, 35.7524086 ], [ -79.1894206, 35.7522896 ], [ -79.1899382, 35.7521406 ], [ -79.1904902, 35.7519613 ], [ -79.1908369, 35.7518261 ], [ -79.1911809, 35.7516657 ], [ -79.192941, 35.750827 ], [ -79.1970564, 35.7488984 ] ] }, "id": "way/16464275" }, { "type": "Feature", "properties": { "@id": "way/111017284", "NHS": "yes", "bridge": "yes", "hgv": "designated", "hgv:national_network": "yes", "highway": "motorway", "lanes": "2", "layer": "1", "maxspeed": "65 mph", "oneway": "yes", "ref": "US 15;US 64;US 501", "source:hgv:national_network": "Title 23: Highways Part 658 http://ecfr.gpoaccess.gov/cgi/t/text/text-idx?c=ecfr&rgn=div5&view=text&node=23:1.0.1.7.33&idno=23" }, "geometry": { "type": "LineString", "coordinates": [ [ -79.1888097, 35.7522029 ], [ -79.1883996, 35.7522933 ] ] }, "id": "way/111017284" }, { "type": "Feature", "properties": { "@id": "way/111017285", "NHS": "yes", "bridge": "yes", "hgv": "designated", "hgv:national_network": "yes", "highway": "motorway", "lanes": "2", "layer": "1", "maxspeed": "65 mph", "oneway": "yes", "ref": "US 15;US 64;US 501", "source:hgv:national_network": "Title 23: Highways Part 658 http://ecfr.gpoaccess.gov/cgi/t/text/text-idx?c=ecfr&rgn=div5&view=text&node=23:1.0.1.7.33&idno=23", "tiger:cfcc": "A41", "tiger:county": "Chatham, NC", "tiger:name_base": "United States Highway 64 (Byp)" }, "geometry": { "type": "LineString", "coordinates": [ [ -79.1885479, 35.7525074 ], [ -79.1889526, 35.7524086 ] ] }, "id": "way/111017285" }, { "type": "Feature", "properties": { "@id": "way/111017287", "NHS": "yes", "hgv": "designated", "hgv:national_network": "yes", "highway": "motorway", "lanes": "2", "maxspeed": "65 mph", "oneway": "yes", "ref": "US 15;US 64;US 501", "source:hgv:national_network": "Title 23: Highways Part 658 http://ecfr.gpoaccess.gov/cgi/t/text/text-idx?c=ecfr&rgn=div5&view=text&node=23:1.0.1.7.33&idno=23", "turn:lanes": "none|through;slight_right" }, "geometry": { "type": "LineString", "coordinates": [ [ -79.1826713, 35.7523787 ], [ -79.1816581, 35.7521961 ], [ -79.1803003, 35.7519457 ], [ -79.1790825, 35.75172 ], [ -79.1778031, 35.7514879 ], [ -79.1768202, 35.7513063 ], [ -79.1758847, 35.7511237 ], [ -79.1750745, 35.7509498 ], [ -79.1743199, 35.7507673 ], [ -79.1738461, 35.7506394 ] ] }, "id": "way/111017287" }, { "type": "Feature", "properties": { "@id": "way/134928915", "NHS": "yes", "hgv": "designated", "hgv:national_network": "yes", "highway": "motorway", "lanes": "2", "maxspeed": "65 mph", "oneway": "yes", "ref": "US 15;US 64;US 501", "source:hgv:national_network": "Title 23: Highways Part 658 http://ecfr.gpoaccess.gov/cgi/t/text/text-idx?c=ecfr&rgn=div5&view=text&node=23:1.0.1.7.33&idno=23" }, "geometry": { "type": "LineString", "coordinates": [ [ -79.2040298, 35.745278 ], [ -79.2030599, 35.7457935 ], [ -79.2016265, 35.7464971 ], [ -79.1994378, 35.747542 ], [ -79.1963737, 35.7489491 ], [ -79.1933868, 35.7503701 ], [ -79.1920821, 35.751004 ], [ -79.1906487, 35.7516527 ], [ -79.19005, 35.7518525 ], [ -79.1895178, 35.7520215 ], [ -79.1891637, 35.7521185 ], [ -79.1888097, 35.7522029 ] ] }, "id": "way/134928915" }, { "type": "Feature", "properties": { "@id": "way/138138851", "NHS": "yes", "hgv": "designated", "hgv:national_network": "yes", "highway": "motorway", "lanes": "2", "maxspeed": "65 mph", "oneway": "yes", "ref": "US 15;US 64;US 501", "source:hgv:national_network": "Title 23: Highways Part 658 http://ecfr.gpoaccess.gov/cgi/t/text/text-idx?c=ecfr&rgn=div5&view=text&node=23:1.0.1.7.33&idno=23", "tiger:cfcc": "A41", "tiger:county": "Chatham, NC", "tiger:name_base": "United States Highway 64 (Byp)", "tiger:zip_left": "27312", "tiger:zip_right": "27312" }, "geometry": { "type": "LineString", "coordinates": [ [ -79.1725545, 35.7505638 ], [ -79.1745949, 35.7510799 ], [ -79.1756496, 35.751311 ], [ -79.176717, 35.7515226 ], [ -79.1787072, 35.7518891 ], [ -79.1802784, 35.7521785 ], [ -79.1817126, 35.75244 ], [ -79.1827525, 35.7526285 ], [ -79.1832644, 35.7527046 ], [ -79.1838102, 35.7527634 ], [ -79.1845886, 35.7528179 ], [ -79.1850047, 35.7528325 ], [ -79.1855067, 35.7528325 ], [ -79.1860812, 35.7528178 ], [ -79.1865351, 35.7527868 ], [ -79.1869763, 35.7527452 ], [ -79.1875094, 35.7526866 ], [ -79.1885479, 35.7525074 ] ] }, "id": "way/138138851" }, { "type": "Feature", "properties": { "@id": "way/1527711876", "NHS": "yes", "hgv": "designated", "hgv:national_network": "yes", "highway": "motorway", "lanes": "2", "maxspeed": "65 mph", "oneway": "yes", "ref": "US 15;US 64;US 501", "source:hgv:national_network": "Title 23: Highways Part 658 http://ecfr.gpoaccess.gov/cgi/t/text/text-idx?c=ecfr&rgn=div5&view=text&node=23:1.0.1.7.33&idno=23", "tiger:cfcc": "A21:A41", "tiger:county": "Chatham, NC", "tiger:name_base": "United States Highway 64:United States Highway 64 (Byp)", "tiger:name_base_1": "United States Highway 64", "tiger:name_direction_suffix": "W", "tiger:reviewed": "no", "tiger:zip_left": "27344", "turn:lanes": "none|through;slight_right" }, "geometry": { "type": "LineString", "coordinates": [ [ -79.1970564, 35.7488984 ], [ -79.2022102, 35.7464831 ], [ -79.2040126, 35.7455636 ] ] }, "id": "way/1527711876" }, { "type": "Feature", "properties": { "@id": "way/1528008968", "NHS": "yes", "hgv": "designated", "hgv:national_network": "yes", "highway": "motorway", "lanes": "2", "maxspeed": "65 mph", "oneway": "yes", "ref": "US 15;US 64;US 501", "source:hgv:national_network": "Title 23: Highways Part 658 http://ecfr.gpoaccess.gov/cgi/t/text/text-idx?c=ecfr&rgn=div5&view=text&node=23:1.0.1.7.33&idno=23" }, "geometry": { "type": "LineString", "coordinates": [ [ -79.1883996, 35.7522933 ], [ -79.1880069, 35.7523661 ], [ -79.1876456, 35.7524278 ], [ -79.1872981, 35.7524797 ], [ -79.1869562, 35.7525179 ], [ -79.1863261, 35.7525735 ], [ -79.1858672, 35.7525971 ], [ -79.1854238, 35.7526047 ], [ -79.1849581, 35.7526031 ], [ -79.1845094, 35.7525832 ], [ -79.1839284, 35.7525441 ], [ -79.1833961, 35.7524902 ], [ -79.1826713, 35.7523787 ] ] }, "id": "way/1528008968" },

{ "type": "Feature", "properties": { "@id": "way/16642340", "NHS": "yes", "hgv": "designated", "hgv:national_network": "yes", "highway": "trunk", "lanes": "2", "maxspeed": "60 mph", "name": "Jefferson Davis Highway", "oneway": "yes", "ref": "US 1;US 15;US 501", "source:hgv:national_network": "Title 23: Highways Part 658 http://ecfr.gpoaccess.gov/cgi/t/text/text-idx?c=ecfr&rgn=div5&view=text&node=23:1.0.1.7.33&idno=23", "surface": "asphalt" }, "geometry": { "type": "LineString", "coordinates": [ [ -79.2270535, 35.4208858 ], [ -79.227176, 35.420615 ], [ -79.227479, 35.419982 ], [ -79.227882, 35.419088 ], [ -79.227969, 35.418899 ], [ -79.2281692, 35.4184675 ], [ -79.2285502, 35.4176466 ], [ -79.2286854, 35.4173553 ], [ -79.2289452, 35.4167955 ], [ -79.2289814, 35.4167075 ], [ -79.229135, 35.4163539 ], [ -79.2299167, 35.4146031 ], [ -79.2300281, 35.4143536 ], [ -79.230111, 35.414168 ], [ -79.2306008, 35.4131134 ], [ -79.2307636, 35.4127735 ], [ -79.231058, 35.412126 ], [ -79.2310657, 35.4121047 ], [ -79.2311518, 35.4118678 ], [ -79.231305, 35.411446 ], [ -79.231545, 35.410614 ], [ -79.2315543, 35.4105664 ], [ -79.2316037, 35.4103472 ], [ -79.2316416, 35.4101449 ], [ -79.231674, 35.4099643 ], [ -79.2317064, 35.4097167 ], [ -79.2317465, 35.4092854 ], [ -79.231768, 35.4089572 ], [ -79.23176, 35.408364 ], [ -79.231751, 35.407741 ], [ -79.2317279, 35.4071704 ], [ -79.2316884, 35.4061965 ] ] }, "id": "way/16642340" }, { "type": "Feature", "properties": { "@id": "way/27679094", "NHS": "yes", "expressway": "yes", "hgv": "designated", "hgv:national_network": "yes", "highway": "trunk", "lanes": "2", "maxspeed": "55 mph", "name": "Jefferson Davis Highway", "oneway": "yes", "ref": "US 1;US 15;US 501", "source:hgv:national_network": "Title 23: Highways Part 658 http://ecfr.gpoaccess.gov/cgi/t/text/text-idx?c=ecfr&rgn=div5&view=text&node=23:1.0.1.7.33&idno=23", "surface": "asphalt" }, "geometry": { "type": "LineString", "coordinates": [ [ -79.2143599, 35.4509803 ], [ -79.2145167, 35.4505985 ], [ -79.2146537, 35.4502067 ], [ -79.2147964, 35.449731 ], [ -79.2148901, 35.4493223 ], [ -79.2149701, 35.448898 ], [ -79.2150239, 35.4485158 ], [ -79.2150557, 35.4481685 ], [ -79.2150691, 35.4478908 ], [ -79.2150786, 35.4473241 ], [ -79.2150642, 35.4467084 ], [ -79.2150407, 35.4454573 ], [ -79.21504, 35.4449175 ], [ -79.2151078, 35.4443163 ], [ -79.2152688, 35.4434893 ] ] }, "id": "way/27679094" }, { "type": "Feature", "properties": { "@id": "way/27679100", "NHS": "yes", "hgv": "designated", "hgv:national_network": "yes", "highway": "trunk", "lanes": "2", "maxspeed": "45 mph", "name": "Jefferson Davis Highway", "ncn_ref": "1", "oneway": "yes", "ref": "US 1;US 15;US 501", "source:hgv:national_network": "Title 23: Highways Part 658 http://ecfr.gpoaccess.gov/cgi/t/text/text-idx?c=ecfr&rgn=div5&view=text&node=23:1.0.1.7.33&idno=23" }, "geometry": { "type": "LineString", "coordinates": [ [ -79.2268112, 35.4209303 ], [ -79.2267782, 35.4209879 ], [ -79.2265269, 35.4214291 ], [ -79.226066, 35.422189 ] ] }, "id": "way/27679100" }, { "type": "Feature", "properties": { "@id": "way/27679118", "NHS": "yes", "hgv": "designated", "hgv:national_network": "yes", "highway": "trunk", "lanes": "2", "maxspeed": "45 mph", "name": "Jefferson Davis Highway", "ncn_ref": "1", "oneway": "yes", "ref": "US 1;US 15;US 501", "source:hgv:national_network": "Title 23: Highways Part 658 http://ecfr.gpoaccess.gov/cgi/t/text/text-idx?c=ecfr&rgn=div5&view=text&node=23:1.0.1.7.33&idno=23" }, "geometry": { "type": "LineString", "coordinates": [ [ -79.226257, 35.422256 ], [ -79.2266637, 35.4215901 ], [ -79.2269941, 35.4209976 ], [ -79.2270535, 35.4208858 ] ] }, "id": "way/27679118" }, { "type": "Feature", "properties": { "@id": "way/34922099", "NHS": "yes", "hgv": "designated", "hgv:national_network": "yes", "highway": "trunk", "lanes": "2", "maxspeed": "45 mph", "name": "Jefferson Davis Highway", "oneway": "yes", "ref": "US 1;US 15;US 501", "source:hgv:national_network": "Title 23: Highways Part 658 http://ecfr.gpoaccess.gov/cgi/t/text/text-idx?c=ecfr&rgn=div5&view=text&node=23:1.0.1.7.33&idno=23" }, "geometry": { "type": "LineString", "coordinates": [ [ -79.226066, 35.422189 ], [ -79.225826, 35.4225987 ], [ -79.224665, 35.4245805 ], [ -79.2245926, 35.424704 ], [ -79.2241319, 35.4254913 ], [ -79.2239124, 35.425869 ], [ -79.2233652, 35.4268016 ], [ -79.2224899, 35.4282976 ], [ -79.2221356, 35.4288992 ], [ -79.221863, 35.429362 ], [ -79.221813, 35.42944 ], [ -79.2218094, 35.4294465 ], [ -79.2215935, 35.4298353 ], [ -79.2214402, 35.4301249 ] ] }, "id": "way/34922099" }, { "type": "Feature", "properties": { "@id": "way/42292255", "NHS": "yes", "hgv": "designated", "hgv:national_network": "yes", "highway": "trunk", "lanes": "2", "maxspeed": "60 mph", "name": "Jefferson Davis Highway", "oneway": "yes", "ref": "US 1;US 15;US 501", "source:hgv:national_network": "Title 23: Highways Part 658 http://ecfr.gpoaccess.gov/cgi/t/text/text-idx?c=ecfr&rgn=div5&view=text&node=23:1.0.1.7.33&idno=23", "surface": "asphalt" }, "geometry": { "type": "LineString", "coordinates": [ [ -79.2314234, 35.4038421 ], [ -79.2314243, 35.4039197 ], [ -79.2314249, 35.4040993 ], [ -79.2314351, 35.40443 ], [ -79.2314562, 35.4051512 ], [ -79.2314702, 35.4056192 ], [ -79.231498, 35.406198 ], [ -79.231523, 35.407189 ], [ -79.2315259, 35.4073 ], [ -79.231567, 35.408889 ], [ -79.2315653, 35.4090514 ], [ -79.231562, 35.409364 ], [ -79.231527, 35.4097025 ], [ -79.231481, 35.410049 ], [ -79.231414, 35.41037 ], [ -79.231331, 35.410767 ], [ -79.231112, 35.411469 ], [ -79.2308637, 35.412126 ], [ -79.2306273, 35.4126501 ], [ -79.2305962, 35.4127189 ], [ -79.2300718, 35.4138795 ], [ -79.229531, 35.415052 ], [ -79.229098, 35.416011 ], [ -79.2287605, 35.4167632 ], [ -79.2286375, 35.4170248 ], [ -79.227764, 35.418942 ], [ -79.2275876, 35.4193301 ], [ -79.227564, 35.419382 ], [ -79.2269486, 35.4206789 ], [ -79.2268112, 35.4209303 ] ] }, "id": "way/42292255" }, { "type": "Feature", "properties": { "@id": "way/111460453", "NHS": "yes", "hgv": "designated", "hgv:national_network": "yes", "highway": "motorway", "lanes": "3", "maxspeed": "65 mph", "name": "Jefferson Davis Highway", "oneway": "yes", "placement": "right_of:1", "ref": "US 1;US 15;US 501;NC 87", "source:hgv:national_network": "Title 23: Highways Part 658 http://ecfr.gpoaccess.gov/cgi/t/text/text-idx?c=ecfr&rgn=div5&view=text&node=23:1.0.1.7.33&idno=23", "turn:lanes": "through|through|right" }, "geometry": { "type": "LineString", "coordinates": [ [ -79.1954531, 35.4951166 ], [ -79.1956415, 35.4947751 ] ] }, "id": "way/111460453" }, { "type": "Feature", "properties": { "@id": "way/111460457", "NHS": "yes", "hgv": "designated", "hgv:national_network": "yes", "highway": "motorway", "lanes": "3", "maxspeed": "65 mph", "name": "Jefferson Davis Highway", "oneway": "yes", "placement": "right_of:1", "ref": "US 1;US 15;US 501;NC 87", "source:hgv:national_network": "Title 23: Highways Part 658 http://ecfr.gpoaccess.gov/cgi/t/text/text-idx?c=ecfr&rgn=div5&view=text&node=23:1.0.1.7.33&idno=23" }, "geometry": { "type": "LineString", "coordinates": [ [ -79.1950712, 35.4954582 ], [ -79.194863, 35.495835 ] ] }, "id": "way/111460457" }, { "type": "Feature", "properties": { "@id": "way/111460462", "NHS": "yes", "bridge": "yes", "hgv": "designated", "hgv:national_network": "yes", "highway": "motorway", "lanes": "3", "layer": "1", "maxspeed": "65 mph", "name": "Jefferson Davis Highway", "oneway": "yes", "placement": "right_of:1", "ref": "US 1;US 15;US 501;NC 87", "source:hgv:national_network": "Title 23: Highways Part 658 http://ecfr.gpoaccess.gov/cgi/t/text/text-idx?c=ecfr&rgn=div5&view=text&node=23:1.0.1.7.33&idno=23", "surface": "asphalt" }, "geometry": { "type": "LineString", "coordinates": [ [ -79.1952143, 35.4955436 ], [ -79.1954531, 35.4951166 ] ] }, "id": "way/111460462" }, { "type": "Feature", "properties": { "@id": "way/111460488", "NHS": "yes", "bridge": "yes", "hgv": "designated", "hgv:national_network": "yes", "highway": "motorway", "lanes": "3", "layer": "1", "maxspeed": "65 mph", "name": "Jefferson Davis Highway", "oneway": "yes", "placement": "right_of:1", "ref": "US 1;US 15;US 501;NC 87", "source:hgv:national_network": "Title 23: Highways Part 658 http://ecfr.gpoaccess.gov/cgi/t/text/text-idx?c=ecfr&rgn=div5&view=text&node=23:1.0.1.7.33&idno=23", "turn:lanes": "through|through|right" }, "geometry": { "type": "LineString", "coordinates": [ [ -79.1838791, 35.5229338 ], [ -79.1836558, 35.5236175 ] ] }, "id": "way/111460488" }, { "type": "Feature", "properties": { "@id": "way/111460502", "NHS": "yes", "bridge": "yes", "hgv": "designated", "hgv:national_network": "yes", "highway": "motorway", "lanes": "3", "layer": "1", "maxspeed": "65 mph", "name": "Jefferson Davis Highway", "oneway": "yes", "placement": "right_of:1", "ref": "US 1;US 15;US 501;NC 87", "source:hgv:national_network": "Title 23: Highways Part 658 http://ecfr.gpoaccess.gov/cgi/t/text/text-idx?c=ecfr&rgn=div5&view=text&node=23:1.0.1.7.33&idno=23" }, "geometry": { "type": "LineString", "coordinates": [ [ -79.1953215, 35.4950185 ], [ -79.1950712, 35.4954582 ] ] }, "id": "way/111460502" }, { "type": "Feature", "properties": { "@id": "way/111679306", "NHS": "yes", "hgv": "designated", "hgv:national_network": "yes", "highway": "motorway", "lanes": "2", "maxspeed": "55 mph", "name": "Jefferson Davis Highway", "oneway": "yes", "ref": "US 1;US 15;US 501", "source:hgv:national_network": "Title 23: Highways Part 658 http://ecfr.gpoaccess.gov/cgi/t/text/text-idx?c=ecfr&rgn=div5&view=text&node=23:1.0.1.7.33&idno=23", "surface": "asphalt" }, "geometry": { "type": "LineString", "coordinates": [ [ -79.2141918, 35.4509409 ], [ -79.2141013, 35.4511484 ], [ -79.2139638, 35.4514376 ], [ -79.2137709, 35.4517945 ], [ -79.2135644, 35.4521448 ], [ -79.213346, 35.4524983 ], [ -79.213172, 35.4527463 ], [ -79.212895, 35.453104 ], [ -79.2126849, 35.453373 ], [ -79.212507, 35.45357 ], [ -79.211194, 35.4551355 ] ] }, "id": "way/111679306" }, { "type": "Feature", "properties": { "@id": "way/111774364", "NHS": "yes", "hgv": "designated", "hgv:national_network": "yes", "highway": "motorway", "lanes": "3", "maxspeed": "65 mph", "name": "Jefferson Davis Highway", "oneway": "yes", "placement": "right_of:1", "ref": "US 1;US 15;US 501;NC 87", "source:hgv:national_network": "Title 23: Highways Part 658 http://ecfr.gpoaccess.gov/cgi/t/text/text-idx?c=ecfr&rgn=div5&view=text&node=23:1.0.1.7.33&idno=23" }, "geometry": { "type": "LineString", "coordinates": [ [ -79.195443, 35.494794 ], [ -79.1953215, 35.4950185 ] ] }, "id": "way/111774364" }, { "type": "Feature", "properties": { "@id": "way/111774368", "NHS": "yes", "hgv": "designated", "hgv:national_network": "yes", "highway": "motorway", "lanes": "2", "maxspeed": "65 mph", "name": "Jefferson Davis Highway", "oneway": "yes", "ref": "US 1;US 15;US 501", "source:hgv:national_network": "Title 23: Highways Part 658 http://ecfr.gpoaccess.gov/cgi/t/text/text-idx?c=ecfr&rgn=div5&view=text&node=23:1.0.1.7.33&idno=23" }, "geometry": { "type": "LineString", "coordinates": [ [ -79.1968835, 35.4899321 ], [ -79.1973147, 35.4870654 ], [ -79.1974515, 35.4862028 ], [ -79.1975346, 35.4857245 ], [ -79.1976059, 35.4853792 ], [ -79.1976443, 35.4851974 ], [ -79.1976797, 35.4850296 ], [ -79.1977342, 35.4847845 ], [ -79.197902, 35.484081 ] ] }, "id": "way/111774368" }, { "type": "Feature", "properties": { "@id": "way/111774370", "NHS": "yes", "hgv": "designated", "hgv:national_network": "yes", "highway": "motorway", "lanes": "2", "maxspeed": "65 mph", "name": "Jefferson Davis Highway", "oneway": "yes", "ref": "US 1;US 15;US 501", "source:hgv:national_network": "Title 23: Highways Part 658 http://ecfr.gpoaccess.gov/cgi/t/text/text-idx?c=ecfr&rgn=div5&view=text&node=23:1.0.1.7.33&idno=23", "surface": "asphalt" }, "geometry": { "type": "LineString", "coordinates": [ [ -79.204236, 35.465423 ], [ -79.2045084, 35.4646145 ], [ -79.2046693, 35.4642002 ], [ -79.204845, 35.463794 ], [ -79.2050958, 35.463265 ], [ -79.205218, 35.463015 ], [ -79.2056553, 35.462248 ], [ -79.206075, 35.461564 ], [ -79.206753, 35.460642 ], [ -79.2072674, 35.46003 ], [ -79.2091983, 35.457742 ], [ -79.2113343, 35.4552186 ] ] }, "id": "way/111774370" }, { "type": "Feature", "properties": { "@id": "way/111774431", "NHS": "yes", "hgv": "designated", "hgv:national_network": "yes", "highway": "motorway", "lanes": "2", "maxspeed": "65 mph", "name": "Jefferson Davis Highway", "oneway": "yes", "ref": "US 1;US 15;US 501", "source:hgv:national_network": "Title 23: Highways Part 658 http://ecfr.gpoaccess.gov/cgi/t/text/text-idx?c=ecfr&rgn=div5&view=text&node=23:1.0.1.7.33&idno=23" }, "geometry": { "type": "LineString", "coordinates": [ [ -79.2042518, 35.4648052 ], [ -79.2038969, 35.46586 ], [ -79.2034619, 35.4671302 ], [ -79.2029988, 35.4684737 ] ] }, "id": "way/111774431" }, { "type": "Feature", "properties": { "@id": "way/111774460", "NHS": "yes", "hgv": "designated", "hgv:national_network": "yes", "highway": "motorway", "lanes": "3", "maxspeed": "65 mph", "name": "Jefferson Davis Highway", "oneway": "yes", "placement": "right_of:1", "ref": "US 1;US 15;US 501;NC 87", "source:hgv:national_network": "Title 23: Highways Part 658 http://ecfr.gpoaccess.gov/cgi/t/text/text-idx?c=ecfr&rgn=div5&view=text&node=23:1.0.1.7.33&idno=23" }, "geometry": { "type": "LineString", "coordinates": [ [ -79.1863738, 35.5161553 ], [ -79.1870268, 35.5142698 ], [ -79.187277, 35.51348 ], [ -79.1874675, 35.5129441 ], [ -79.187825, 35.5119099 ] ] }, "id": "way/111774460" }, { "type": "Feature", "properties": { "@id": "way/127973884", "NHS": "yes", "bridge": "yes", "hgv": "designated", "hgv:national_network": "yes", "highway": "motorway", "lanes": "2", "layer": "1", "maxspeed": "65 mph", "name": "Jefferson Davis Highway", "oneway": "yes", "ref": "US 1;US 15;US 501", "source:hgv:national_network": "Title 23: Highways Part 658 http://ecfr.gpoaccess.gov/cgi/t/text/text-idx?c=ecfr&rgn=div5&view=text&node=23:1.0.1.7.33&idno=23", "surface": "asphalt" }, "geometry": { "type": "LineString", "coordinates": [ [ -79.2030432, 35.4688794 ], [ -79.203205, 35.4684072 ] ] }, "id": "way/127973884" }, { "type": "Feature", "properties": { "@id": "way/127973885", "NHS": "yes", "bridge": "yes", "hgv": "designated", "hgv:national_network": "yes", "highway": "motorway", "lanes": "2", "layer": "1", "maxspeed": "65 mph", "name": "Jefferson Davis Highway", "oneway": "yes", "ref": "US 1;US 15;US 501", "source:hgv:national_network": "Title 23: Highways Part 658 http://ecfr.gpoaccess.gov/cgi/t/text/text-idx?c=ecfr&rgn=div5&view=text&node=23:1.0.1.7.33&idno=23", "surface": "asphalt" }, "geometry": { "type": "LineString", "coordinates": [ [ -79.2029988, 35.4684737 ], [ -79.2028396, 35.4689333 ] ] }, "id": "way/127973885" }, { "type": "Feature", "properties": { "@id": "way/127973886", "NHS": "yes", "hgv": "designated", "hgv:national_network": "yes", "highway": "motorway", "lanes": "2", "maxspeed": "65 mph", "name": "Jefferson Davis Highway", "oneway": "yes", "ref": "US 1;US 15;US 501", "source:hgv:national_network": "Title 23: Highways Part 658 http://ecfr.gpoaccess.gov/cgi/t/text/text-idx?c=ecfr&rgn=div5&view=text&node=23:1.0.1.7.33&idno=23" }, "geometry": { "type": "LineString", "coordinates": [ [ -79.203205, 35.4684072 ], [ -79.204055, 35.465925 ], [ -79.204236, 35.465423 ] ] }, "id": "way/127973886" }, { "type": "Feature", "properties": { "@id": "way/127973887", "NHS": "yes", "hgv": "designated", "hgv:national_network": "yes", "highway": "motorway", "lanes": "2", "maxspeed": "65 mph", "name": "Jefferson Davis Highway", "oneway": "yes", "ref": "US 1;US 15;US 501", "source:hgv:national_network": "Title 23: Highways Part 658 http://ecfr.gpoaccess.gov/cgi/t/text/text-idx?c=ecfr&rgn=div5&view=text&node=23:1.0.1.7.33&idno=23", "surface": "asphalt" }, "geometry": { "type": "LineString", "coordinates": [ [ -79.2028396, 35.4689333 ], [ -79.2023446, 35.4703624 ], [ -79.2021004, 35.4710798 ], [ -79.2018461, 35.471786 ], [ -79.2015304, 35.4727335 ], [ -79.1994, 35.478906 ], [ -79.1990289, 35.4799857 ] ] }, "id": "way/127973887" }, { "type": "Feature", "properties": { "@id": "way/160037784", "NHS": "yes", "hgv": "designated", "hgv:national_network": "yes", "highway": "motorway", "lanes": "2", "maxspeed": "65 mph", "name": "Jefferson Davis Highway", "oneway": "yes", "placement": "right_of:1", "ref": "US 1;US 15;US 501", "source:hgv:national_network": "Title 23: Highways Part 658 http://ecfr.gpoaccess.gov/cgi/t/text/text-idx?c=ecfr&rgn=div5&view=text&node=23:1.0.1.7.33&idno=23" }, "geometry": { "type": "LineString", "coordinates": [ [ -79.196406, 35.4919242 ], [ -79.1963677, 35.4921777 ], [ -79.1963168, 35.4924713 ], [ -79.19627, 35.4927185 ], [ -79.196197, 35.493029 ], [ -79.1961251, 35.4932721 ], [ -79.196049, 35.4935 ], [ -79.195928, 35.4938104 ], [ -79.1958408, 35.4940135 ], [ -79.195772, 35.494165 ], [ -79.195545, 35.494615 ], [ -79.195443, 35.494794 ] ] }, "id": "way/160037784" }, { "type": "Feature", "properties": { "@id": "way/160037785", "NHS": "yes", "bridge": "yes", "hgv": "designated", "hgv:national_network": "yes", "highway": "motorway", "lanes": "2", "layer": "1", "maxspeed": "65 mph", "name": "Jefferson Davis Highway", "oneway": "yes", "ref": "US 1;US 15;US 501", "source:hgv:national_network": "Title 23: Highways Part 658 http://ecfr.gpoaccess.gov/cgi/t/text/text-idx?c=ecfr&rgn=div5&view=text&node=23:1.0.1.7.33&idno=23", "surface": "asphalt" }, "geometry": { "type": "LineString", "coordinates": [ [ -79.1990289, 35.4799857 ], [ -79.1988851, 35.4804307 ] ] }, "id": "way/160037785" }, { "type": "Feature", "properties": { "@id": "way/160037786", "NHS": "yes", "bridge": "yes", "hgv": "designated", "hgv:national_network": "yes", "highway": "motorway", "lanes": "2", "layer": "1", "maxspeed": "65 mph", "name": "Jefferson Davis Highway", "oneway": "yes", "ref": "US 1;US 15;US 501", "source:hgv:national_network": "Title 23: Highways Part 658 http://ecfr.gpoaccess.gov/cgi/t/text/text-idx?c=ecfr&rgn=div5&view=text&node=23:1.0.1.7.33&idno=23", "surface": "asphalt" }, "geometry": { "type": "LineString", "coordinates": [ [ -79.1990766, 35.4804065 ], [ -79.1992254, 35.4799835 ] ] }, "id": "way/160037786" }, { "type": "Feature", "properties": { "@id": "way/160037787", "NHS": "yes", "hgv": "designated", "hgv:national_network": "yes", "highway": "motorway", "lanes": "2", "maxspeed": "65 mph", "name": "Jefferson Davis Highway", "oneway": "yes", "ref": "US 1;US 15;US 501", "source:hgv:national_network": "Title 23: Highways Part 658 http://ecfr.gpoaccess.gov/cgi/t/text/text-idx?c=ecfr&rgn=div5&view=text&node=23:1.0.1.7.33&idno=23", "surface": "asphalt", "turn:lanes": "|through;slight_right" }, "geometry": { "type": "LineString", "coordinates": [ [ -79.2003232, 35.4767749 ], [ -79.201187, 35.474272 ], [ -79.201525, 35.473294 ], [ -79.201958, 35.472011 ] ] }, "id": "way/160037787" }, { "type": "Feature", "properties": { "@id": "way/325226940", "NHS": "yes", "bridge": "yes", "hgv": "designated", "hgv:national_network": "yes", "highway": "motorway", "lanes": "3", "layer": "1", "maxspeed": "65 mph", "name": "Jefferson Davis Highway", "oneway": "yes", "placement": "right_of:1", "ref": "US 1;US 15;US 501;NC 87", "source:hgv:national_network": "Title 23: Highways Part 658 http://ecfr.gpoaccess.gov/cgi/t/text/text-idx?c=ecfr&rgn=div5&view=text&node=23:1.0.1.7.33&idno=23" }, "geometry": { "type": "LineString", "coordinates": [ [ -79.194863, 35.495835 ], [ -79.194779, 35.495987 ], [ -79.1946925, 35.4961438 ] ] }, "id": "way/325226940" }, { "type": "Feature", "properties": { "@id": "way/325226941", "NHS": "yes", "bridge": "yes", "hgv": "designated", "hgv:national_network": "yes", "highway": "motorway", "lanes": "3", "layer": "1", "maxspeed": "65 mph", "name": "Jefferson Davis Highway", "oneway": "yes", "placement": "right_of:1", "ref": "US 1;US 15;US 501;NC 87", "source:hgv:national_network": "Title 23: Highways Part 658 http://ecfr.gpoaccess.gov/cgi/t/text/text-idx?c=ecfr&rgn=div5&view=text&node=23:1.0.1.7.33&idno=23" }, "geometry": { "type": "LineString", "coordinates": [ [ -79.1948442, 35.49621 ], [ -79.1950228, 35.4958867 ] ] }, "id": "way/325226941" }, { "type": "Feature", "properties": { "@id": "way/325226942", "NHS": "yes", "hgv": "designated", "hgv:national_network": "yes", "highway": "motorway", "lanes": "4", "maxspeed": "65 mph", "name": "Jefferson Davis Highway", "oneway": "yes", "placement": "right_of:1", "ref": "US 1;US 15;US 501;NC 87", "source:hgv:national_network": "Title 23: Highways Part 658 http://ecfr.gpoaccess.gov/cgi/t/text/text-idx?c=ecfr&rgn=div5&view=text&node=23:1.0.1.7.33&idno=23", "turn:lanes": "through|through|through|right" }, "geometry": { "type": "LineString", "coordinates": [ [ -79.1910106, 35.5028054 ], [ -79.1907755, 35.5032341 ], [ -79.190644, 35.5034972 ], [ -79.190525, 35.50373 ], [ -79.1903436, 35.5041337 ], [ -79.190187, 35.504482 ], [ -79.189938, 35.505118 ], [ -79.189832, 35.505428 ], [ -79.189589, 35.506138 ], [ -79.1895054, 35.5064131 ] ] }, "id": "way/325226942" }, { "type": "Feature", "properties": { "@id": "way/325226946", "NHS": "yes", "hgv": "designated", "hgv:national_network": "yes", "highway": "motorway", "lanes": "3", "maxspeed": "65 mph", "name": "Jefferson Davis Highway", "oneway": "yes", "placement": "right_of:1", "ref": "US 1;US 15;US 501;NC 87", "source:hgv:national_network": "Title 23: Highways Part 658 http://ecfr.gpoaccess.gov/cgi/t/text/text-idx?c=ecfr&rgn=div5&view=text&node=23:1.0.1.7.33&idno=23" }, "geometry": { "type": "LineString", "coordinates": [ [ -79.1950228, 35.4958867 ], [ -79.1952143, 35.4955436 ] ] }, "id": "way/325226946" }, { "type": "Feature", "properties": { "@id": "way/329275767", "NHS": "yes", "hgv": "designated", "hgv:national_network": "yes", "highway": "motorway", "lanes": "3", "maxspeed": "65 mph", "name": "Jefferson Davis Highway", "oneway": "yes", "placement": "right_of:1", "ref": "US 1;US 15;US 501;NC 87", "source:hgv:national_network": "Title 23: Highways Part 658 http://ecfr.gpoaccess.gov/cgi/t/text/text-idx?c=ecfr&rgn=div5&view=text&node=23:1.0.1.7.33&idno=23" }, "geometry": { "type": "LineString", "coordinates": [ [ -79.1855306, 35.5180802 ], [ -79.1850312, 35.5195542 ], [ -79.1848098, 35.5202146 ], [ -79.1846116, 35.5207898 ], [ -79.1844734, 35.5211963 ], [ -79.1843046, 35.5216851 ], [ -79.184162, 35.522108 ], [ -79.1838791, 35.5229338 ] ] }, "id": "way/329275767" }, { "type": "Feature", "properties": { "@id": "way/329275768", "NHS": "yes", "hgv": "designated", "hgv:national_network": "yes", "highway": "motorway", "lanes": "4", "maxspeed": "65 mph", "name": "Jefferson Davis Highway", "oneway": "yes", "placement": "right_of:1", "ref": "US 1;US 15;US 501;NC 87", "source:hgv:national_network": "Title 23: Highways Part 658 http://ecfr.gpoaccess.gov/cgi/t/text/text-idx?c=ecfr&rgn=div5&view=text&node=23:1.0.1.7.33&idno=23", "turn:lanes": "through|through|through|merge_to_left" }, "geometry": { "type": "LineString", "coordinates": [ [ -79.1931891, 35.4992184 ], [ -79.1934042, 35.4988321 ], [ -79.193963, 35.4978163 ], [ -79.1942019, 35.4973882 ] ] }, "id": "way/329275768" }, { "type": "Feature", "properties": { "@id": "way/329275769", "NHS": "yes", "hgv": "designated", "hgv:national_network": "yes", "highway": "motorway", "lanes": "4", "maxspeed": "65 mph", "name": "Jefferson Davis Highway", "oneway": "yes", "placement": "right_of:1", "ref": "US 1;US 15;US 501;NC 87", "source:hgv:national_network": "Title 23: Highways Part 658 http://ecfr.gpoaccess.gov/cgi/t/text/text-idx?c=ecfr&rgn=div5&view=text&node=23:1.0.1.7.33&idno=23", "turn:lanes": "through|through|through|slight_right" }, "geometry": { "type": "LineString", "coordinates": [ [ -79.187825, 35.5119099 ], [ -79.188211, 35.5107652 ] ] }, "id": "way/329275769" }, { "type": "Feature", "properties": { "@id": "way/329275770", "NHS": "yes", "hgv": "designated", "hgv:national_network": "yes", "highway": "motorway", "lanes": "4", "maxspeed": "65 mph", "name": "Jefferson Davis Highway", "oneway": "yes", "placement": "right_of:1", "ref": "US 1;US 15;US 501;NC 87", "source:hgv:national_network": "Title 23: Highways Part 658 http://ecfr.gpoaccess.gov/cgi/t/text/text-idx?c=ecfr&rgn=div5&view=text&node=23:1.0.1.7.33&idno=23", "turn:lanes": "none|none|none|right" }, "geometry": { "type": "LineString", "coordinates": [ [ -79.1880906, 35.5105649 ], [ -79.18764, 35.5118381 ] ] }, "id": "way/329275770" }, { "type": "Feature", "properties": { "@id": "way/644031021", "NHS": "yes", "hgv": "designated", "hgv:national_network": "yes", "highway": "motorway", "lanes": "2", "maxspeed": "55 mph", "name": "Jefferson Davis Highway", "oneway": "yes", "ref": "US 1;US 15;US 501", "source:hgv:national_network": "Title 23: Highways Part 658 http://ecfr.gpoaccess.gov/cgi/t/text/text-idx?c=ecfr&rgn=div5&view=text&node=23:1.0.1.7.33&idno=23", "surface": "asphalt" }, "geometry": { "type": "LineString", "coordinates": [ [ -79.2113343, 35.4552186 ], [ -79.2126309, 35.4536885 ], [ -79.21289, 35.4533746 ], [ -79.2131851, 35.4530002 ], [ -79.2133504, 35.4527823 ], [ -79.2135079, 35.452558 ], [ -79.2137277, 35.4522114 ], [ -79.2139178, 35.4518874 ], [ -79.2140791, 35.4515851 ], [ -79.2142423, 35.4512538 ], [ -79.2143599, 35.4509803 ] ] }, "id": "way/644031021" }, { "type": "Feature", "properties": { "@id": "way/644031022", "NHS": "yes", "hgv": "designated", "hgv:national_network": "yes", "highway": "motorway", "lanes": "2", "maxspeed": "65 mph", "name": "Jefferson Davis Highway", "oneway": "yes", "ref": "US 1;US 15;US 501", "source:hgv:national_network": "Title 23: Highways Part 658 http://ecfr.gpoaccess.gov/cgi/t/text/text-idx?c=ecfr&rgn=div5&view=text&node=23:1.0.1.7.33&idno=23", "surface": "asphalt" }, "geometry": { "type": "LineString", "coordinates": [ [ -79.211194, 35.4551355 ], [ -79.2108905, 35.4554955 ], [ -79.2102349, 35.456261 ], [ -79.2089019, 35.457834 ], [ -79.2082933, 35.458558 ], [ -79.207445, 35.459558 ], [ -79.2071049, 35.45996 ], [ -79.2066799, 35.4604751 ], [ -79.2062624, 35.461039 ], [ -79.2058597, 35.461615 ], [ -79.205464, 35.4622318 ], [ -79.2051827, 35.462729 ], [ -79.2049572, 35.4631597 ], [ -79.2047095, 35.4636744 ], [ -79.2045313, 35.4641113 ] ] }, "id": "way/644031022" }, { "type": "Feature", "properties": { "@id": "way/644031026", "NHS": "yes", "hgv": "designated", "hgv:national_network": "yes", "highway": "trunk", "lanes": "2", "maxspeed": "45 mph", "name": "Jefferson Davis Highway", "oneway": "yes", "ref": "US 1;US 15;US 501", "source:hgv:national_network": "Title 23: Highways Part 658 http://ecfr.gpoaccess.gov/cgi/t/text/text-idx?c=ecfr&rgn=div5&view=text&node=23:1.0.1.7.33&idno=23", "surface": "asphalt" }, "geometry": { "type": "LineString", "coordinates": [ [ -79.216215, 35.4414783 ], [ -79.216377, 35.4412 ], [ -79.2165943, 35.440871 ], [ -79.2168761, 35.4404539 ], [ -79.217116, 35.440125 ], [ -79.217197, 35.440015 ], [ -79.217316, 35.4398524 ], [ -79.217481, 35.439627 ], [ -79.2177702, 35.4391903 ], [ -79.2180405, 35.4387269 ], [ -79.2182842, 35.4382815 ], [ -79.2184025, 35.4380539 ], [ -79.2185105, 35.4378249 ], [ -79.2185673, 35.4376955 ], [ -79.2188487, 35.4370443 ], [ -79.2189484, 35.4367958 ], [ -79.2192316, 35.43609 ], [ -79.21931, 35.4358947 ], [ -79.219433, 35.435588 ], [ -79.2195291, 35.4353498 ], [ -79.21988, 35.43448 ], [ -79.2200105, 35.4341483 ], [ -79.220103, 35.433913 ], [ -79.2202274, 35.4336243 ], [ -79.2206592, 35.4325524 ], [ -79.221081, 35.4315052 ], [ -79.2213367, 35.4308705 ], [ -79.2214441, 35.4306138 ], [ -79.2215476, 35.4303788 ], [ -79.2216593, 35.4301544 ], [ -79.2217747, 35.4299346 ], [ -79.2219511, 35.4296136 ], [ -79.2222998, 35.4290181 ], [ -79.2226914, 35.4283492 ], [ -79.2227145, 35.4283008 ], [ -79.2231756, 35.4275264 ], [ -79.2233383, 35.4272498 ], [ -79.2236322, 35.4267503 ], [ -79.2241304, 35.4258916 ], [ -79.2244229, 35.4253823 ] ] }, "id": "way/644031026" }, { "type": "Feature", "properties": { "@id": "way/644031030", "NHS": "yes", "expressway": "yes", "hgv": "designated", "hgv:national_network": "yes", "highway": "trunk", "lanes": "3", "maxspeed": "55 mph", "name": "Jefferson Davis Highway", "oneway": "yes", "ref": "US 1;US 15;US 501", "source:hgv:national_network": "Title 23: Highways Part 658 http://ecfr.gpoaccess.gov/cgi/t/text/text-idx?c=ecfr&rgn=div5&view=text&node=23:1.0.1.7.33&idno=23", "surface": "asphalt" }, "geometry": { "type": "LineString", "coordinates": [ [ -79.2152688, 35.4434893 ], [ -79.215443, 35.442978 ], [ -79.2155933, 35.4426196 ], [ -79.2157337, 35.442336 ] ] }, "id": "way/644031030" }, { "type": "Feature", "properties": { "@id": "way/644031032", "NHS": "yes", "expressway": "yes", "hgv": "designated", "hgv:national_network": "yes", "highway": "trunk", "lanes": "2", "maxspeed": "55 mph", "name": "Jefferson Davis Highway", "oneway": "yes", "ref": "US 1;US 15;US 501", "source:hgv:national_network": "Title 23: Highways Part 658 http://ecfr.gpoaccess.gov/cgi/t/text/text-idx?c=ecfr&rgn=div5&view=text&node=23:1.0.1.7.33&idno=23", "surface": "asphalt" }, "geometry": { "type": "LineString", "coordinates": [ [ -79.2151257, 35.4431304 ], [ -79.2150304, 35.4434229 ], [ -79.2149464, 35.4437206 ], [ -79.2148905, 35.4440114 ], [ -79.2148543, 35.4443213 ], [ -79.2148376, 35.4447419 ], [ -79.214871, 35.4461066 ], [ -79.214889, 35.4468253 ], [ -79.2149001, 35.447326 ], [ -79.214895, 35.4477771 ], [ -79.2148694, 35.4482449 ], [ -79.2148234, 35.4486715 ], [ -79.2147629, 35.4490552 ], [ -79.2146838, 35.4494408 ], [ -79.214582, 35.449864 ], [ -79.214326, 35.450628 ], [ -79.2141918, 35.4509409 ] ] }, "id": "way/644031032" }, { "type": "Feature", "properties": { "@id": "way/644031033", "NHS": "yes", "expressway": "yes", "hgv": "designated", "hgv:national_network": "yes", "highway": "trunk", "lanes": "4", "maxspeed": "55 mph", "name": "Jefferson Davis Highway", "oneway": "yes", "ref": "US 1;US 15;US 501", "source:hgv:national_network": "Title 23: Highways Part 658 http://ecfr.gpoaccess.gov/cgi/t/text/text-idx?c=ecfr&rgn=div5&view=text&node=23:1.0.1.7.33&idno=23", "surface": "asphalt", "turn:lanes": "through|through|through|right" }, "geometry": { "type": "LineString", "coordinates": [ [ -79.2157337, 35.442336 ], [ -79.2159745, 35.441891 ], [ -79.216215, 35.4414783 ] ] }, "id": "way/644031033" }, { "type": "Feature", "properties": { "@id": "way/644031035", "NHS": "yes", "hgv": "designated", "hgv:national_network": "yes", "highway": "trunk", "lanes": "2", "maxspeed": "45 mph", "name": "Jefferson Davis Highway", "oneway": "yes", "ref": "US 1;US 15;US 501", "source:hgv:national_network": "Title 23: Highways Part 658 http://ecfr.gpoaccess.gov/cgi/t/text/text-idx?c=ecfr&rgn=div5&view=text&node=23:1.0.1.7.33&idno=23", "surface": "asphalt" }, "geometry": { "type": "LineString", "coordinates": [ [ -79.2214402, 35.4301249 ], [ -79.2213758, 35.4302713 ], [ -79.2213407, 35.430351 ], [ -79.2211352, 35.4308256 ], [ -79.2202062, 35.4331256 ], [ -79.2200234, 35.4335699 ], [ -79.2197164, 35.4343284 ], [ -79.2195036, 35.4348559 ], [ -79.2193153, 35.43533 ], [ -79.2190812, 35.4358789 ], [ -79.2188925, 35.4363084 ], [ -79.2186576, 35.4369162 ], [ -79.2185697, 35.437104 ], [ -79.218421, 35.4373841 ], [ -79.2182369, 35.437731 ], [ -79.2179197, 35.4382741 ], [ -79.2178706, 35.4383621 ], [ -79.217688, 35.438689 ], [ -79.2175344, 35.438997 ], [ -79.2175172, 35.4390314 ], [ -79.2174464, 35.4391724 ], [ -79.217407, 35.439251 ], [ -79.217196, 35.439628 ], [ -79.2170679, 35.4398241 ], [ -79.216981, 35.439957 ], [ -79.2162059, 35.4411448 ], [ -79.2160317, 35.4414117 ] ] }, "id": "way/644031035" }, { "type": "Feature", "properties": { "@id": "way/644031036", "NHS": "yes", "hgv": "designated", "hgv:national_network": "yes", "highway": "trunk", "lanes": "2", "maxspeed": "45 mph", "name": "Jefferson Davis Highway", "oneway": "yes", "ref": "US 1;US 15;US 501", "source:hgv:national_network": "Title 23: Highways Part 658 http://ecfr.gpoaccess.gov/cgi/t/text/text-idx?c=ecfr&rgn=div5&view=text&node=23:1.0.1.7.33&idno=23" }, "geometry": { "type": "LineString", "coordinates": [ [ -79.2244229, 35.4253823 ], [ -79.224798, 35.42479 ], [ -79.225206, 35.424085 ], [ -79.2253539, 35.4238276 ], [ -79.226257, 35.422256 ] ] }, "id": "way/644031036" }, { "type": "Feature", "properties": { "@id": "way/660344996", "NHS": "yes", "hgv": "designated", "hgv:national_network": "yes", "highway": "trunk", "lanes": "2", "maxspeed": "55 mph", "name": "Jefferson Davis Highway", "oneway": "yes", "ref": "US 1;US 15;US 501", "source:hgv:national_network": "Title 23: Highways Part 658 http://ecfr.gpoaccess.gov/cgi/t/text/text-idx?c=ecfr&rgn=div5&view=text&node=23:1.0.1.7.33&idno=23", "surface": "asphalt" }, "geometry": { "type": "LineString", "coordinates": [ [ -79.2160317, 35.4414117 ], [ -79.2159663, 35.4415153 ], [ -79.2157416, 35.4418714 ], [ -79.2155011, 35.4423268 ], [ -79.2154048, 35.4425092 ], [ -79.2152596, 35.4428107 ], [ -79.2151257, 35.4431304 ] ] }, "id": "way/660344996" }, { "type": "Feature", "properties": { "@id": "way/686511542", "NHS": "yes", "hgv": "designated", "hgv:national_network": "yes", "highway": "motorway", "lanes": "2", "maxspeed": "65 mph", "name": "Jefferson Davis Highway", "oneway": "yes", "ref": "US 1;US 15;US 501", "source:hgv:national_network": "Title 23: Highways Part 658 http://ecfr.gpoaccess.gov/cgi/t/text/text-idx?c=ecfr&rgn=div5&view=text&node=23:1.0.1.7.33&idno=23" }, "geometry": { "type": "LineString", "coordinates": [ [ -79.1986115, 35.4817352 ], [ -79.198675, 35.481556 ], [ -79.198916, 35.480872 ], [ -79.1990766, 35.4804065 ] ] }, "id": "way/686511542" }, { "type": "Feature", "properties": { "@id": "way/686511543", "NHS": "yes", "hgv": "designated", "hgv:national_network": "yes", "highway": "motorway", "lanes": "3", "maxspeed": "65 mph", "name": "Jefferson Davis Highway", "oneway": "yes", "placement": "right_of:1", "ref": "US 1;US 15;US 501", "source:hgv:national_network": "Title 23: Highways Part 658 http://ecfr.gpoaccess.gov/cgi/t/text/text-idx?c=ecfr&rgn=div5&view=text&node=23:1.0.1.7.33&idno=23", "turn:lanes": "through|through|merge_to_left" }, "geometry": { "type": "LineString", "coordinates": [ [ -79.197902, 35.484081 ], [ -79.198308, 35.482668 ], [ -79.198512, 35.4820574 ], [ -79.1986115, 35.4817352 ] ] }, "id": "way/686511543" }, { "type": "Feature", "properties": { "@id": "way/686511544", "NHS": "yes", "hgv": "designated", "hgv:national_network": "yes", "highway": "motorway", "lanes": "3", "maxspeed": "65 mph", "name": "Jefferson Davis Highway", "oneway": "yes", "placement": "right_of:1", "ref": "US 1;US 15;US 501", "source:hgv:national_network": "Title 23: Highways Part 658 http://ecfr.gpoaccess.gov/cgi/t/text/text-idx?c=ecfr&rgn=div5&view=text&node=23:1.0.1.7.33&idno=23", "surface": "asphalt", "turn:lanes": "through|through|slight_right" }, "geometry": { "type": "LineString", "coordinates": [ [ -79.1964733, 35.4925803 ], [ -79.1965368, 35.4922326 ], [ -79.196794, 35.490545 ], [ -79.1968835, 35.4899321 ] ] }, "id": "way/686511544" }, { "type": "Feature", "properties": { "@id": "way/686511545", "NHS": "yes", "hgv": "designated", "hgv:national_network": "yes", "highway": "motorway", "lanes": "2", "maxspeed": "65 mph", "name": "Jefferson Davis Highway", "oneway": "yes", "ref": "US 1;US 15;US 501", "source:hgv:national_network": "Title 23: Highways Part 658 http://ecfr.gpoaccess.gov/cgi/t/text/text-idx?c=ecfr&rgn=div5&view=text&node=23:1.0.1.7.33&idno=23" }, "geometry": { "type": "LineString", "coordinates": [ [ -79.1956415, 35.4947751 ], [ -79.1957767, 35.4945237 ], [ -79.196027, 35.494004 ], [ -79.196263, 35.493383 ], [ -79.1963638, 35.4930581 ], [ -79.196455, 35.4926661 ], [ -79.1964733, 35.4925803 ] ] }, "id": "way/686511545" }, { "type": "Feature", "properties": { "@id": "way/686511548", "NHS": "yes", "hgv": "designated", "hgv:national_network": "yes", "highway": "motorway", "lanes": "3", "maxspeed": "65 mph", "name": "Jefferson Davis Highway", "oneway": "yes", "placement": "right_of:1", "ref": "US 1;US 15;US 501;NC 87", "source:hgv:national_network": "Title 23: Highways Part 658 http://ecfr.gpoaccess.gov/cgi/t/text/text-idx?c=ecfr&rgn=div5&view=text&node=23:1.0.1.7.33&idno=23" }, "geometry": { "type": "LineString", "coordinates": [ [ -79.191095, 35.503009 ], [ -79.192907, 35.499715 ], [ -79.1931891, 35.4992184 ] ] }, "id": "way/686511548" }, { "type": "Feature", "properties": { "@id": "way/686511549", "NHS": "yes", "hgv": "designated", "hgv:national_network": "yes", "highway": "motorway", "lanes": "3", "maxspeed": "65 mph", "name": "Jefferson Davis Highway", "oneway": "yes", "placement": "right_of:1", "ref": "US 1;US 15;US 501;NC 87", "source:hgv:national_network": "Title 23: Highways Part 658 http://ecfr.gpoaccess.gov/cgi/t/text/text-idx?c=ecfr&rgn=div5&view=text&node=23:1.0.1.7.33&idno=23" }, "geometry": { "type": "LineString", "coordinates": [ [ -79.1942019, 35.4973882 ], [ -79.1944777, 35.4968836 ], [ -79.1948442, 35.49621 ] ] }, "id": "way/686511549" }, { "type": "Feature", "properties": { "@id": "way/686511550", "NHS": "yes", "hgv": "designated", "hgv:national_network": "yes", "highway": "motorway", "lanes": "4", "maxspeed": "65 mph", "name": "Jefferson Davis Highway", "oneway": "yes", "placement": "right_of:1", "ref": "US 1;US 15;US 501;NC 87", "source:hgv:national_network": "Title 23: Highways Part 658 http://ecfr.gpoaccess.gov/cgi/t/text/text-idx?c=ecfr&rgn=div5&view=text&node=23:1.0.1.7.33&idno=23", "turn:lanes": "through|through|through|slight_right" }, "geometry": { "type": "LineString", "coordinates": [ [ -79.1896855, 35.5064236 ], [ -79.18975, 35.506218 ], [ -79.190006, 35.505481 ], [ -79.1902089, 35.5049131 ], [ -79.1904455, 35.5043204 ], [ -79.1906648, 35.5038604 ], [ -79.1908667, 35.5034371 ], [ -79.191095, 35.503009 ] ] }, "id": "way/686511550" }, { "type": "Feature", "properties": { "@id": "way/686511552", "NHS": "yes", "hgv": "designated", "hgv:national_network": "yes", "highway": "motorway", "lanes": "3", "maxspeed": "65 mph", "name": "Jefferson Davis Highway", "oneway": "yes", "placement": "right_of:1", "ref": "US 1;US 15;US 501;NC 87", "source:hgv:national_network": "Title 23: Highways Part 658 http://ecfr.gpoaccess.gov/cgi/t/text/text-idx?c=ecfr&rgn=div5&view=text&node=23:1.0.1.7.33&idno=23" }, "geometry": { "type": "LineString", "coordinates": [ [ -79.188211, 35.5107652 ], [ -79.1886756, 35.5093911 ], [ -79.1887119, 35.5092856 ], [ -79.1889713, 35.5085304 ], [ -79.1891675, 35.5079504 ], [ -79.1893913, 35.507292 ], [ -79.1896855, 35.5064236 ] ] }, "id": "way/686511552" }, { "type": "Feature", "properties": { "@id": "way/686511581", "NHS": "yes", "hgv": "designated", "hgv:national_network": "yes", "highway": "motorway", "lanes": "4", "maxspeed": "65 mph", "name": "Jefferson Davis Highway", "oneway": "yes", "placement": "right_of:1", "ref": "US 1;US 15;US 501;NC 87", "source:hgv:national_network": "Title 23: Highways Part 658 http://ecfr.gpoaccess.gov/cgi/t/text/text-idx?c=ecfr&rgn=div5&view=text&node=23:1.0.1.7.33&idno=23", "turn:lanes": "through|through|through|merge_to_left" }, "geometry": { "type": "LineString", "coordinates": [ [ -79.1862178, 35.5160715 ], [ -79.1855306, 35.5180802 ] ] }, "id": "way/686511581" }, { "type": "Feature", "properties": { "@id": "way/686511582", "NHS": "yes", "hgv": "designated", "hgv:national_network": "yes", "highway": "motorway", "lanes": "3", "maxspeed": "65 mph", "name": "Jefferson Davis Highway", "oneway": "yes", "placement": "right_of:1", "ref": "US 1;US 15;US 501;NC 87", "source:hgv:national_network": "Title 23: Highways Part 658 http://ecfr.gpoaccess.gov/cgi/t/text/text-idx?c=ecfr&rgn=div5&view=text&node=23:1.0.1.7.33&idno=23" }, "geometry": { "type": "LineString", "coordinates": [ [ -79.18764, 35.5118381 ], [ -79.187578, 35.5120651 ], [ -79.1873674, 35.5126867 ], [ -79.1870861, 35.5135244 ], [ -79.1868263, 35.5142651 ], [ -79.1865951, 35.5149624 ], [ -79.1863015, 35.5158354 ], [ -79.1862178, 35.5160715 ] ] }, "id": "way/686511582" }, { "type": "Feature", "properties": { "@id": "way/686511584", "NHS": "yes", "hgv": "designated", "hgv:national_network": "yes", "highway": "motorway", "lanes": "3", "maxspeed": "65 mph", "name": "Jefferson Davis Highway", "oneway": "yes", "placement": "right_of:1", "ref": "US 1;US 15;US 501;NC 87", "source:hgv:national_network": "Title 23: Highways Part 658 http://ecfr.gpoaccess.gov/cgi/t/text/text-idx?c=ecfr&rgn=div5&view=text&node=23:1.0.1.7.33&idno=23" }, "geometry": { "type": "LineString", "coordinates": [ [ -79.1895054, 35.5064131 ], [ -79.1890629, 35.5077069 ], [ -79.1886512, 35.5088998 ], [ -79.1883337, 35.5098444 ], [ -79.1880906, 35.5105649 ] ] }, "id": "way/686511584" }, { "type": "Feature", "properties": { "@id": "way/686511585", "NHS": "yes", "hgv": "designated", "hgv:national_network": "yes", "highway": "motorway", "lanes": "3", "maxspeed": "65 mph", "name": "Jefferson Davis Highway", "oneway": "yes", "placement": "right_of:1", "ref": "US 1;US 15;US 501;NC 87", "source:hgv:national_network": "Title 23: Highways Part 658 http://ecfr.gpoaccess.gov/cgi/t/text/text-idx?c=ecfr&rgn=div5&view=text&node=23:1.0.1.7.33&idno=23" }, "geometry": { "type": "LineString", "coordinates": [ [ -79.1931469, 35.4989301 ], [ -79.1910106, 35.5028054 ] ] }, "id": "way/686511585" }, { "type": "Feature", "properties": { "@id": "way/686511587", "NHS": "yes", "hgv": "designated", "hgv:national_network": "yes", "highway": "motorway", "lanes": "3", "maxspeed": "65 mph", "name": "Jefferson Davis Highway", "oneway": "yes", "placement": "right_of:1", "ref": "US 1;US 15;US 501", "source:hgv:national_network": "Title 23: Highways Part 658 http://ecfr.gpoaccess.gov/cgi/t/text/text-idx?c=ecfr&rgn=div5&view=text&node=23:1.0.1.7.33&idno=23", "turn:lanes": "through|through|slight_right" }, "geometry": { "type": "LineString", "coordinates": [ [ -79.1966477, 35.4902884 ], [ -79.196574, 35.490774 ], [ -79.196533, 35.491048 ], [ -79.196406, 35.4919242 ] ] }, "id": "way/686511587" }, { "type": "Feature", "properties": { "@id": "way/686511588", "NHS": "yes", "hgv": "designated", "hgv:national_network": "yes", "highway": "motorway", "lanes": "2", "maxspeed": "65 mph", "name": "Jefferson Davis Highway", "oneway": "yes", "ref": "US 1;US 15;US 501", "source:hgv:national_network": "Title 23: Highways Part 658 http://ecfr.gpoaccess.gov/cgi/t/text/text-idx?c=ecfr&rgn=div5&view=text&node=23:1.0.1.7.33&idno=23" }, "geometry": { "type": "LineString", "coordinates": [ [ -79.1980005, 35.4830942 ], [ -79.1977572, 35.4839456 ], [ -79.1976486, 35.4843824 ], [ -79.1975215, 35.4849344 ], [ -79.1973938, 35.4855705 ], [ -79.1972673, 35.4862229 ], [ -79.1966477, 35.4902884 ] ] }, "id": "way/686511588" }, { "type": "Feature", "properties": { "@id": "way/686511589", "NHS": "yes", "hgv": "designated", "hgv:national_network": "yes", "highway": "motorway", "lanes": "3", "maxspeed": "65 mph", "name": "Jefferson Davis Highway", "oneway": "yes", "placement": "right_of:1", "ref": "US 1;US 15;US 501;NC 87", "source:hgv:national_network": "Title 23: Highways Part 658 http://ecfr.gpoaccess.gov/cgi/t/text/text-idx?c=ecfr&rgn=div5&view=text&node=23:1.0.1.7.33&idno=23", "turn:lanes": "through|through|through;slight_right" }, "geometry": { "type": "LineString", "coordinates": [ [ -79.1946925, 35.4961438 ], [ -79.193906, 35.497569 ], [ -79.1931469, 35.4989301 ] ] }, "id": "way/686511589" }, { "type": "Feature", "properties": { "@id": "way/1511983021", "NHS": "yes", "hgv": "designated", "hgv:national_network": "yes", "highway": "motorway", "lanes": "3", "maxspeed": "65 mph", "name": "Jefferson Davis Highway", "oneway": "yes", "placement": "right_of:1", "ref": "US 1;US 15;US 501;NC 87", "source:hgv:national_network": "Title 23: Highways Part 658 http://ecfr.gpoaccess.gov/cgi/t/text/text-idx?c=ecfr&rgn=div5&view=text&node=23:1.0.1.7.33&idno=23", "turn:lanes": "||through;slight_right" }, "geometry": { "type": "LineString", "coordinates": [ [ -79.184972, 35.520273 ], [ -79.1863738, 35.5161553 ] ] }, "id": "way/1511983021" }, { "type": "Feature", "properties": { "@id": "way/1523873167", "NHS": "yes", "hgv": "designated", "hgv:national_network": "yes", "highway": "motorway", "lanes": "2", "maxspeed": "65 mph", "name": "Jefferson Davis Highway", "oneway": "yes", "ref": "US 1;US 15;US 501", "source:hgv:national_network": "Title 23: Highways Part 658 http://ecfr.gpoaccess.gov/cgi/t/text/text-idx?c=ecfr&rgn=div5&view=text&node=23:1.0.1.7.33&idno=23", "surface": "asphalt" }, "geometry": { "type": "LineString", "coordinates": [ [ -79.201958, 35.472011 ], [ -79.2030432, 35.4688794 ] ] }, "id": "way/1523873167" }, { "type": "Feature", "properties": { "@id": "way/1523873168", "NHS": "yes", "hgv": "designated", "hgv:national_network": "yes", "highway": "motorway", "lanes": "2", "maxspeed": "65 mph", "name": "Jefferson Davis Highway", "oneway": "yes", "ref": "US 1;US 15;US 501", "source:hgv:national_network": "Title 23: Highways Part 658 http://ecfr.gpoaccess.gov/cgi/t/text/text-idx?c=ecfr&rgn=div5&view=text&node=23:1.0.1.7.33&idno=23", "surface": "asphalt" }, "geometry": { "type": "LineString", "coordinates": [ [ -79.1992254, 35.4799835 ], [ -79.199556, 35.478998 ], [ -79.2003232, 35.4767749 ] ] }, "id": "way/1523873168" }, { "type": "Feature", "properties": { "@id": "way/1523875360", "NHS": "yes", "hgv": "designated", "hgv:national_network": "yes", "highway": "motorway", "lanes": "2", "maxspeed": "65 mph", "name": "Jefferson Davis Highway", "oneway": "yes", "ref": "US 1;US 15;US 501", "source:hgv:national_network": "Title 23: Highways Part 658 http://ecfr.gpoaccess.gov/cgi/t/text/text-idx?c=ecfr&rgn=div5&view=text&node=23:1.0.1.7.33&idno=23", "turn:lanes": "|through;slight_right" }, "geometry": { "type": "LineString", "coordinates": [ [ -79.1988851, 35.4804307 ], [ -79.198613, 35.481217 ], [ -79.198499, 35.481546 ], [ -79.198365, 35.481935 ], [ -79.1980005, 35.4830942 ] ] }, "id": "way/1523875360" }, { "type": "Feature", "properties": { "@id": "way/1525981880", "NHS": "yes", "hgv": "designated", "hgv:national_network": "yes", "highway": "motorway", "lanes": "2", "maxspeed": "65 mph", "name": "Jefferson Davis Highway", "oneway": "yes", "ref": "US 1;US 15;US 501", "source:hgv:national_network": "Title 23: Highways Part 658 http://ecfr.gpoaccess.gov/cgi/t/text/text-idx?c=ecfr&rgn=div5&view=text&node=23:1.0.1.7.33&idno=23", "surface": "asphalt", "turn:lanes": "|through;slight_right" }, "geometry": { "type": "LineString", "coordinates": [ [ -79.2045313, 35.4641113 ], [ -79.2044495, 35.4643117 ], [ -79.2042518, 35.4648052 ] ] }, "id": "way/1525981880" },

{ "type": "Feature", "properties": { "ref": "I 85;US 15;US 70;US 501", "@id": "way/27407207", "bicycle": "no", "foot": "no", "hgv": "designated", "hgv:national_network": "yes", "highway": "motorway", "horse": "no", "lanes": "5", "maxspeed": "60 mph", "official_name": "Dr John H Franklin Highway", "oneway": "yes", "source:hgv:national_network": "https://ncdot.maps.arcgis.com/home/webmap/viewer.html?webmap=a8f091b8fadc4c5d8bb905bf44556a5d" }, "geometry": { "type": "LineString", "coordinates": [ [ -78.9317644, 36.0288183 ], [ -78.9333365, 36.0288367 ], [ -78.9345147, 36.0288621 ], [ -78.9348989, 36.028857 ], [ -78.9351992, 36.0288458 ], [ -78.9355378, 36.0288244 ], [ -78.9358324, 36.0287951 ], [ -78.9361628, 36.0287447 ], [ -78.9365006, 36.0286829 ], [ -78.9368216, 36.0286056 ], [ -78.9371155, 36.0285226 ], [ -78.9373712, 36.0284398 ], [ -78.937647, 36.0283391 ], [ -78.9380597, 36.0281713 ], [ -78.9383582, 36.0280463 ], [ -78.9388075, 36.0278568 ] ] }, "id": "way/27407207" }, { "type": "Feature", "properties": { "@id": "way/27407214", "bicycle": "no", "bridge": "yes", "bridge:structure": "beam", "foot": "no", "hgv": "designated", "hgv:national_network": "yes", "highway": "motorway", "horse": "no", "lanes": "5", "layer": "1", "maxspeed": "60 mph", "official_name": "Dr John H Franklin Highway", "oneway": "yes", "ref": "I 85;US 15;US 70;US 501", "source:hgv:national_network": "https://ncdot.maps.arcgis.com/home/webmap/viewer.html?webmap=a8f091b8fadc4c5d8bb905bf44556a5d", "surface": "asphalt" }, "geometry": { "type": "LineString", "coordinates": [ [ -78.9257473, 36.0284938 ], [ -78.9247324, 36.0284781 ] ] }, "id": "way/27407214" }, { "type": "Feature", "properties": { "@id": "way/27407216", "bicycle": "no", "foot": "no", "hgv": "designated", "hgv:national_network": "yes", "highway": "motorway", "horse": "no", "lanes": "5", "maxspeed": "60 mph", "official_name": "Dr John H Franklin Highway", "oneway": "yes", "ref": "I 85;US 15;US 70;US 501", "source:hgv:national_network": "https://ncdot.maps.arcgis.com/home/webmap/viewer.html?webmap=a8f091b8fadc4c5d8bb905bf44556a5d", "surface": "asphalt" }, "geometry": { "type": "LineString", "coordinates": [ [ -78.9247324, 36.0284781 ], [ -78.9235845, 36.0284606 ], [ -78.9231115, 36.0284476 ], [ -78.9228424, 36.0284384 ], [ -78.9226337, 36.0284273 ], [ -78.9224203, 36.0284109 ], [ -78.9222166, 36.0283926 ], [ -78.9220047, 36.0283633 ], [ -78.9217906, 36.0283275 ], [ -78.9215331, 36.0282706 ], [ -78.9213432, 36.0282204 ], [ -78.9211376, 36.0281582 ], [ -78.92097, 36.028102 ], [ -78.9207454, 36.0280119 ], [ -78.9204343, 36.0278565 ] ] }, "id": "way/27407216" }, { "type": "Feature", "properties": { "@id": "way/42288492", "bicycle": "no", "foot": "no", "hgv": "designated", "hgv:national_network": "yes", "highway": "motorway", "horse": "no", "lanes": "5", "maxspeed": "60 mph", "official_name": "Dr John H Franklin Highway", "oneway": "yes", "ref": "I 85;US 15;US 70;US 501", "source:hgv:national_network": "https://ncdot.maps.arcgis.com/home/webmap/viewer.html?webmap=a8f091b8fadc4c5d8bb905bf44556a5d", "turn:lanes": "through|through|through|through|through;slight_right" }, "geometry": { "type": "LineString", "coordinates": [ [ -78.9155943, 36.0246104 ], [ -78.9161451, 36.0250142 ], [ -78.9184484, 36.0267703 ], [ -78.9189175, 36.0271366 ], [ -78.919331, 36.0274433 ], [ -78.9195584, 36.0276107 ], [ -78.9197081, 36.0277115 ], [ -78.9198549, 36.0278062 ], [ -78.9200322, 36.0279163 ], [ -78.9201905, 36.0280024 ], [ -78.9204857, 36.028153 ], [ -78.9207131, 36.0282507 ], [ -78.9209517, 36.0283433 ] ] }, "id": "way/42288492" }, { "type": "Feature", "properties": { "@id": "way/42288516", "bicycle": "no", "foot": "no", "hgv": "designated", "hgv:national_network": "yes", "highway": "motorway", "horse": "no", "lanes": "5", "maxspeed": "60 mph", "official_name": "Dr John H Franklin Highway", "oneway": "yes", "ref": "I 85;US 15;US 70;US 501", "source:hgv:national_network": "https://ncdot.maps.arcgis.com/home/webmap/viewer.html?webmap=a8f091b8fadc4c5d8bb905bf44556a5d" }, "geometry": { "type": "LineString", "coordinates": [ [ -78.9389359, 36.0275337 ], [ -78.9377399, 36.0280455 ], [ -78.9373818, 36.02818 ], [ -78.9369446, 36.0283243 ], [ -78.9366992, 36.0283926 ], [ -78.9364766, 36.0284458 ], [ -78.9360769, 36.0285228 ], [ -78.9358503, 36.0285564 ], [ -78.9356075, 36.0285846 ], [ -78.9352977, 36.0286073 ], [ -78.9349383, 36.0286225 ], [ -78.934399, 36.0286239 ], [ -78.933525, 36.0286166 ], [ -78.9317578, 36.0285847 ] ] }, "id": "way/42288516" }, { "type": "Feature", "properties": { "@id": "way/45206536", "bicycle": "no", "bridge": "yes", "bridge:structure": "beam", "foot": "no", "hgv": "designated", "hgv:national_network": "yes", "highway": "motorway", "horse": "no", "lanes": "5", "layer": "1", "maxspeed": "60 mph", "official_name": "Dr John H Franklin Highway", "oneway": "yes", "ref": "I 85;US 15;US 70;US 501", "source:hgv:national_network": "https://ncdot.maps.arcgis.com/home/webmap/viewer.html?webmap=a8f091b8fadc4c5d8bb905bf44556a5d", "surface": "asphalt" }, "geometry": { "type": "LineString", "coordinates": [ [ -78.9250326, 36.0287134 ], [ -78.92605, 36.0287319 ] ] }, "id": "way/45206536" }, { "type": "Feature", "properties": { "@id": "way/591101361", "bicycle": "no", "foot": "no", "hgv": "designated", "hgv:national_network": "yes", "highway": "motorway", "horse": "no", "lanes": "6", "maxspeed": "60 mph", "official_name": "Dr John H Franklin Highway", "oneway": "yes", "placement": "middle_of:3", "ref": "I 85;US 15;US 70;US 501", "source:hgv:national_network": "https://ncdot.maps.arcgis.com/home/webmap/viewer.html?webmap=a8f091b8fadc4c5d8bb905bf44556a5d", "turn:lanes": "through|through|through|through;slight_right|slight_right|slight_right" }, "geometry": { "type": "LineString", "coordinates": [ [ -78.9388075, 36.0278568 ], [ -78.9403343, 36.0272162 ], [ -78.940854, 36.0269957 ], [ -78.9415949, 36.0266735 ] ] }, "id": "way/591101361" }, { "type": "Feature", "properties": { "@id": "way/591441507", "bicycle": "no", "foot": "no", "hgv": "designated", "hgv:national_network": "yes", "highway": "motorway", "horse": "no", "lanes": "6", "maxspeed": "60 mph", "name": "Dr John H Franklin Highway", "oneway": "yes", "placement": "middle_of:3", "ref": "I 85;US 15;US 70;US 501", "source:hgv:national_network": "https://ncdot.maps.arcgis.com/home/webmap/viewer.html?webmap=a8f091b8fadc4c5d8bb905bf44556a5d", "turn:lanes": "through|through|through|through|through;slight_right|slight_right" }, "geometry": { "type": "LineString", "coordinates": [ [ -78.9310532, 36.028808 ], [ -78.9317644, 36.0288183 ] ] }, "id": "way/591441507" }, { "type": "Feature", "properties": { "@id": "way/591441508", "bicycle": "no", "foot": "no", "hgv": "designated", "hgv:national_network": "yes", "highway": "motorway", "horse": "no", "lanes": "7", "maxspeed": "60 mph", "name": "Dr John H Franklin Highway", "oneway": "yes", "placement": "middle_of:3", "ref": "I 85;US 15;US 70;US 501", "source:hgv:national_network": "https://ncdot.maps.arcgis.com/home/webmap/viewer.html?webmap=a8f091b8fadc4c5d8bb905bf44556a5d", "turn:lanes": "through|through|through|through|through|through|merge_to_left" }, "geometry": { "type": "LineString", "coordinates": [ [ -78.9292869, 36.028783 ], [ -78.9300219, 36.0287906 ] ] }, "id": "way/591441508" }, { "type": "Feature", "properties": { "@id": "way/591441509", "bicycle": "no", "foot": "no", "hgv": "designated", "hgv:national_network": "yes", "highway": "motorway", "horse": "no", "lanes": "5", "maxspeed": "60 mph", "name": "Dr John H Franklin Highway", "oneway": "yes", "ref": "I 85;US 15;US 70;US 501", "source:hgv:national_network": "https://ncdot.maps.arcgis.com/home/webmap/viewer.html?webmap=a8f091b8fadc4c5d8bb905bf44556a5d", "surface": "asphalt" }, "geometry": { "type": "LineString", "coordinates": [ [ -78.92605, 36.0287319 ], [ -78.9265954, 36.0287366 ], [ -78.9275783, 36.0287549 ], [ -78.9282731, 36.0287639 ] ] }, "id": "way/591441509" }, { "type": "Feature", "properties": { "@id": "way/591441512", "bicycle": "no", "foot": "no", "hgv": "designated", "hgv:national_network": "yes", "highway": "motorway", "horse": "no", "lanes": "5", "maxspeed": "60 mph", "name": "Dr John H Franklin Highway", "oneway": "yes", "ref": "I 85;US 15;US 70;US 501", "source:hgv:national_network": "https://ncdot.maps.arcgis.com/home/webmap/viewer.html?webmap=a8f091b8fadc4c5d8bb905bf44556a5d", "surface": "asphalt" }, "geometry": { "type": "LineString", "coordinates": [ [ -78.9209517, 36.0283433 ], [ -78.9212792, 36.0284439 ], [ -78.9214145, 36.0284819 ], [ -78.9215292, 36.0285082 ], [ -78.9217378, 36.0285531 ], [ -78.9219738, 36.028596 ], [ -78.922234, 36.0286269 ], [ -78.9225502, 36.0286539 ], [ -78.922831, 36.0286716 ], [ -78.9231803, 36.0286854 ], [ -78.9236007, 36.0286954 ], [ -78.9242836, 36.0287104 ], [ -78.9250326, 36.0287134 ] ] }, "id": "way/591441512" }, { "type": "Feature", "properties": { "@id": "way/591441513", "bicycle": "no", "foot": "no", "hgv": "designated", "hgv:national_network": "yes", "highway": "motorway", "horse": "no", "lanes": "6", "maxspeed": "60 mph", "official_name": "Dr John H Franklin Highway", "oneway": "yes", "placement": "middle_of:3", "ref": "I 85;US 15;US 70;US 501", "source:hgv:national_network": "https://ncdot.maps.arcgis.com/home/webmap/viewer.html?webmap=a8f091b8fadc4c5d8bb905bf44556a5d", "turn:lanes": "through|through|through|through|through|merge_to_left" }, "geometry": { "type": "LineString", "coordinates": [ [ -78.9204343, 36.0278565 ], [ -78.9201627, 36.0277046 ], [ -78.9200008, 36.0276049 ], [ -78.919827, 36.0274911 ], [ -78.9195827, 36.0273167 ], [ -78.9188969, 36.0267971 ] ] }, "id": "way/591441513" }, { "type": "Feature", "properties": { "@id": "way/591441514", "bicycle": "no", "foot": "no", "hgv": "designated", "hgv:national_network": "yes", "highway": "motorway", "horse": "no", "lanes": "5", "maxheight": "default", "maxspeed": "60 mph", "official_name": "Dr John H Franklin Highway", "oneway": "yes", "ref": "I 85;US 15;US 70;US 501", "source:hgv:national_network": "https://ncdot.maps.arcgis.com/home/webmap/viewer.html?webmap=a8f091b8fadc4c5d8bb905bf44556a5d", "surface": "asphalt", "turn:lanes": "through|through|through|through;slight_right|slight_right" }, "geometry": { "type": "LineString", "coordinates": [ [ -78.9188969, 36.0267971 ], [ -78.9184742, 36.02647 ], [ -78.9180028, 36.0261019 ], [ -78.9173162, 36.025565 ], [ -78.9159483, 36.0245151 ], [ -78.914977, 36.0237694 ], [ -78.9144508, 36.0234033 ], [ -78.914124, 36.023198 ], [ -78.9137757, 36.0230053 ], [ -78.9134202, 36.0228273 ] ] }, "id": "way/591441514" }, { "type": "Feature", "properties": { "@id": "way/625386797", "bicycle": "no", "foot": "no", "hgv": "designated", "hgv:national_network": "yes", "highway": "motorway", "horse": "no", "lanes": "6", "maxspeed": "60 mph", "official_name": "Dr John H Franklin Highway", "oneway": "yes", "placement": "middle_of:3", "ref": "I 85;US 15;US 70;US 501", "source:hgv:national_network": "https://ncdot.maps.arcgis.com/home/webmap/viewer.html?webmap=a8f091b8fadc4c5d8bb905bf44556a5d", "turn:lanes": "through|through|through|through|through|right" }, "geometry": { "type": "LineString", "coordinates": [ [ -78.9430496, 36.0257636 ], [ -78.9426257, 36.0259505 ], [ -78.9422438, 36.026116 ], [ -78.9400301, 36.0270641 ], [ -78.9389359, 36.0275337 ] ] }, "id": "way/625386797" }, { "type": "Feature", "properties": { "@id": "way/625386798", "bicycle": "no", "foot": "no", "hgv": "designated", "hgv:national_network": "yes", "highway": "motorway", "horse": "no", "lanes": "7", "maxspeed": "60 mph", "name": "Dr John H Franklin Highway", "oneway": "yes", "placement": "middle_of:3", "ref": "I 85;US 15;US 70;US 501", "source:hgv:national_network": "https://ncdot.maps.arcgis.com/home/webmap/viewer.html?webmap=a8f091b8fadc4c5d8bb905bf44556a5d", "turn:lanes": "through|through|through|through|through|through|merge_to_left", "width:lanes:end": "||||||0" }, "geometry": { "type": "LineString", "coordinates": [ [ -78.9300219, 36.0287906 ], [ -78.9310532, 36.028808 ] ] }, "id": "way/625386798" }, { "type": "Feature", "properties": { "@id": "way/625386799", "bicycle": "no", "foot": "no", "hgv": "designated", "hgv:national_network": "yes", "highway": "motorway", "horse": "no", "lanes": "7", "maxspeed": "60 mph", "name": "Dr John H Franklin Highway", "oneway": "yes", "placement": "middle_of:3", "ref": "I 85;US 15;US 70;US 501", "source:hgv:national_network": "https://ncdot.maps.arcgis.com/home/webmap/viewer.html?webmap=a8f091b8fadc4c5d8bb905bf44556a5d", "turn:lanes": "through|through|through|through|through|through|merge_to_left" }, "geometry": { "type": "LineString", "coordinates": [ [ -78.9282731, 36.0287639 ], [ -78.9292869, 36.028783 ] ] }, "id": "way/625386799" }, { "type": "Feature", "properties": { "@id": "way/625386807", "bicycle": "no", "foot": "no", "hgv": "designated", "hgv:national_network": "yes", "highway": "motorway", "horse": "no", "lanes": "5", "maxspeed": "60 mph", "official_name": "Dr John H Franklin Highway", "oneway": "yes", "ref": "I 85;US 15;US 70;US 501", "source:hgv:national_network": "https://ncdot.maps.arcgis.com/home/webmap/viewer.html?webmap=a8f091b8fadc4c5d8bb905bf44556a5d", "surface": "asphalt" }, "geometry": { "type": "LineString", "coordinates": [ [ -78.9285449, 36.0285333 ], [ -78.9257473, 36.0284938 ] ] }, "id": "way/625386807" }, { "type": "Feature", "properties": { "@id": "way/683606494", "bicycle": "no", "foot": "no", "hgv": "designated", "hgv:national_network": "yes", "highway": "motorway", "horse": "no", "lanes": "6", "maxspeed": "60 mph", "official_name": "Dr John H Franklin Highway", "oneway": "yes", "placement": "middle_of:3", "ref": "I 85;US 15;US 70;US 501", "source:hgv:national_network": "https://ncdot.maps.arcgis.com/home/webmap/viewer.html?webmap=a8f091b8fadc4c5d8bb905bf44556a5d", "turn:lanes": "through|through|through|through|through;slight_right|slight_right" }, "geometry": { "type": "LineString", "coordinates": [ [ -78.9299137, 36.0285569 ], [ -78.9285449, 36.0285333 ] ] }, "id": "way/683606494" }, { "type": "Feature", "properties": { "@id": "way/683606495", "bicycle": "no", "foot": "no", "hgv": "designated", "hgv:national_network": "yes", "highway": "motorway", "horse": "no", "lanes": "7", "maxspeed": "60 mph", "official_name": "Dr John H Franklin Highway", "oneway": "yes", "placement": "middle_of:3", "ref": "I 85;US 15;US 70;US 501", "source:hgv:national_network": "https://ncdot.maps.arcgis.com/home/webmap/viewer.html?webmap=a8f091b8fadc4c5d8bb905bf44556a5d", "turn:lanes": "through|through|through|through|through|through|merge_to_left" }, "geometry": { "type": "LineString", "coordinates": [ [ -78.9317578, 36.0285847 ], [ -78.9309666, 36.0285741 ] ] }, "id": "way/683606495" }, { "type": "Feature", "properties": { "@id": "way/840015872", "bicycle": "no", "foot": "no", "hgv": "designated", "hgv:national_network": "yes", "highway": "motorway", "horse": "no", "lanes": "7", "maxspeed": "60 mph", "official_name": "Dr John H Franklin Highway", "oneway": "yes", "placement": "middle_of:3", "ref": "I 85;US 15;US 70;US 501", "source:hgv:national_network": "https://ncdot.maps.arcgis.com/home/webmap/viewer.html?webmap=a8f091b8fadc4c5d8bb905bf44556a5d", "turn:lanes": "through|through|through|through|through|through|merge_to_left", "width:lanes:end": "||||||0" }, "geometry": { "type": "LineString", "coordinates": [ [ -78.9309666, 36.0285741 ], [ -78.9299137, 36.0285569 ] ] }, "id": "way/840015872" }, { "type": "Feature", "properties": { "@id": "way/919273183", "bicycle": "no", "foot": "no", "hgv": "designated", "hgv:national_network": "yes", "highway": "motorway", "horse": "no", "lanes": "6", "maxspeed": "60 mph", "official_name": "Dr John H Franklin Highway", "oneway": "yes", "placement": "middle_of:3", "ref": "I 85;US 15;US 70;US 501", "source:hgv:national_network": "https://ncdot.maps.arcgis.com/home/webmap/viewer.html?webmap=a8f091b8fadc4c5d8bb905bf44556a5d", "turn:lanes": "through|through|through|through|through|right" }, "geometry": { "type": "LineString", "coordinates": [ [ -78.9452, 36.0249012 ], [ -78.9448981, 36.0250013 ], [ -78.9445634, 36.0251214 ], [ -78.944263, 36.0252429 ], [ -78.9439344, 36.0253861 ], [ -78.9430496, 36.0257636 ] ] }, "id": "way/919273183" }, { "type": "Feature", "properties": { "@id": "way/1340229719", "bicycle": "no", "change:lanes": "yes|yes|yes|not_right|no|no", "foot": "no", "hgv": "designated", "hgv:national_network": "yes", "highway": "motorway", "horse": "no", "lanes": "6", "maxspeed": "60 mph", "official_name": "Dr John H Franklin Highway", "oneway": "yes", "placement": "middle_of:3", "ref": "I 85;US 15;US 70;US 501", "source:hgv:national_network": "https://ncdot.maps.arcgis.com/home/webmap/viewer.html?webmap=a8f091b8fadc4c5d8bb905bf44556a5d", "turn:lanes": "through|through|through|through;slight_right|slight_right|slight_right" }, "geometry": { "type": "LineString", "coordinates": [ [ -78.9420019, 36.0264967 ], [ -78.9428277, 36.0261428 ] ] }, "id": "way/1340229719" }, { "type": "Feature", "properties": { "@id": "way/1340229720", "bicycle": "no", "change:lanes": "yes|yes|yes|not_right|not_left|yes", "foot": "no", "hgv": "designated", "hgv:national_network": "yes", "highway": "motorway", "horse": "no", "lanes": "6", "maxspeed": "60 mph", "official_name": "Dr John H Franklin Highway", "oneway": "yes", "placement": "middle_of:3", "ref": "I 85;US 15;US 70;US 501", "source:hgv:national_network": "https://ncdot.maps.arcgis.com/home/webmap/viewer.html?webmap=a8f091b8fadc4c5d8bb905bf44556a5d", "turn:lanes": "through|through|through|through;slight_right|slight_right|slight_right" }, "geometry": { "type": "LineString", "coordinates": [ [ -78.9415949, 36.0266735 ], [ -78.9420019, 36.0264967 ] ] }, "id": "way/1340229720" },

{ "type": "Feature", "properties": {"ref": "US 14;US 16;US 20", "@id": "way/15680130", "NHS": "yes", "hgv": "designated", "hgv:national_network": "yes", "highway": "primary", "lanes": "2", "maxspeed": "70 mph", "source:hgv:national_network": "https://hepgis-usdot.hub.arcgis.com/apps/usdot::national-network-conventional-combination-trucks-map/explore", "surface": "asphalt", "tiger:cfcc": "A21", "tiger:county": "Big Horn, WY", "tiger:name_base": "United States Highway 20", "tiger:name_base_1": "United States Highway 14", "tiger:name_base_2": "United States Highway 16", "wydot_ml_number": "31" }, "geometry": { "type": "LineString", "coordinates": [ [ -108.573439, 44.461645 ], [ -108.573252, 44.4616589 ], [ -108.571082, 44.4618044 ], [ -108.5701111, 44.4618408 ], [ -108.5690087, 44.4618369 ], [ -108.5678205, 44.461791 ], [ -108.5651141, 44.4616436 ], [ -108.5601762, 44.461366 ], [ -108.5552597, 44.4611095 ], [ -108.541612, 44.4603997 ], [ -108.5393375, 44.4602772 ], [ -108.5342855, 44.4600161 ], [ -108.532695, 44.4599342 ], [ -108.527981, 44.4596837 ], [ -108.5271579, 44.4596468 ], [ -108.5264163, 44.4596694 ], [ -108.5259819, 44.4596913 ], [ -108.525669, 44.4597182 ], [ -108.5249119, 44.4597981 ], [ -108.5240811, 44.4599441 ], [ -108.5233569, 44.4601011 ], [ -108.5226435, 44.4602925 ], [ -108.521871, 44.460572 ], [ -108.5211117, 44.460889 ], [ -108.5208337, 44.4610143 ], [ -108.5206491, 44.4610967 ], [ -108.5188462, 44.4618695 ], [ -108.5167171, 44.4627867 ], [ -108.5151091, 44.4634801 ], [ -108.514477, 44.4637526 ], [ -108.511307, 44.4651195 ], [ -108.5059591, 44.4674254 ], [ -108.5008882, 44.4696118 ], [ -108.4928222, 44.4730964 ], [ -108.4923441, 44.4732993 ], [ -108.4917348, 44.4735622 ], [ -108.4852203, 44.4763636 ], [ -108.468707, 44.4834762 ], [ -108.4681571, 44.4837276 ], [ -108.4678661, 44.4838337 ], [ -108.4671821, 44.4841208 ], [ -108.4666832, 44.4843131 ], [ -108.4661427, 44.4845064 ], [ -108.4656144, 44.4846843 ], [ -108.4652661, 44.4847936 ], [ -108.46498, 44.4848834 ], [ -108.4645007, 44.4850261 ], [ -108.4640172, 44.4851695 ], [ -108.4636984, 44.4852641 ], [ -108.4627754, 44.4855379 ], [ -108.4621435, 44.4857254 ], [ -108.4607783, 44.4861262 ], [ -108.4594189, 44.4865212 ], [ -108.4578466, 44.4869868 ], [ -108.4561354, 44.4874925 ], [ -108.455139, 44.4877948 ], [ -108.4547071, 44.4879412 ], [ -108.4542807, 44.488101 ], [ -108.4539494, 44.4882397 ], [ -108.4535806, 44.4884081 ], [ -108.4530777, 44.4886569 ], [ -108.4527638, 44.4888281 ], [ -108.4522593, 44.4891257 ], [ -108.4516964, 44.4894449 ], [ -108.4512672, 44.4896585 ], [ -108.4509762, 44.4897867 ], [ -108.4506369, 44.4899217 ], [ -108.4501769, 44.4900833 ], [ -108.4497947, 44.4902077 ], [ -108.4494138, 44.4903129 ], [ -108.448998, 44.4904124 ], [ -108.4482631, 44.4905559 ], [ -108.447455, 44.4907076 ], [ -108.4467691, 44.490842 ], [ -108.4452027, 44.4911099 ], [ -108.4440011, 44.4913433 ], [ -108.4432447, 44.4915461 ], [ -108.4424561, 44.4918714 ], [ -108.4419787, 44.4921278 ], [ -108.4415442, 44.4924416 ], [ -108.4411043, 44.4928089 ], [ -108.4408414, 44.4930806 ], [ -108.4405947, 44.4933982 ], [ -108.4403801, 44.4937196 ], [ -108.4401119, 44.4943166 ], [ -108.4398587, 44.4948462 ], [ -108.439157, 44.496314 ], [ -108.4388915, 44.4968746 ], [ -108.4386259, 44.4973663 ], [ -108.4383631, 44.4977336 ], [ -108.4380519, 44.4981124 ], [ -108.4376657, 44.498495 ], [ -108.4373357, 44.4987577 ], [ -108.4370166, 44.4990116 ], [ -108.4364963, 44.4993253 ], [ -108.4355629, 44.4998916 ], [ -108.4328324, 44.5015062 ], [ -108.4309586, 44.5025771 ], [ -108.4276009, 44.5045367 ], [ -108.4271622, 44.5047927 ], [ -108.4266043, 44.505072 ], [ -108.4261268, 44.5052365 ], [ -108.4253758, 44.5054623 ], [ -108.424952, 44.5055579 ], [ -108.4241849, 44.5056535 ], [ -108.4234822, 44.5056995 ], [ -108.4224174, 44.5057071 ], [ -108.4120901, 44.5057749 ], [ -108.4115115, 44.5057758 ], [ -108.4099397, 44.5057784 ], [ -108.4073675, 44.5057826 ], [ -108.4035869, 44.5057887 ], [ -108.40321, 44.5057893 ], [ -108.4025462, 44.5057827 ], [ -108.4020969, 44.5057856 ], [ -108.3981863, 44.5057886 ], [ -108.3975989, 44.505788 ], [ -108.3949059, 44.5057855 ], [ -108.3943722, 44.5057841 ], [ -108.3936064, 44.5057833 ], [ -108.3930928, 44.5057827 ], [ -108.3916852, 44.5057771 ], [ -108.3815623, 44.5057699 ], [ -108.3814368, 44.5057734 ], [ -108.3782647, 44.5057774 ], [ -108.3721058, 44.5057931 ], [ -108.3713239, 44.5057951 ], [ -108.366095, 44.505798 ], [ -108.3643556, 44.5057989 ], [ -108.3611048, 44.5058138 ], [ -108.3608083, 44.5058152 ], [ -108.3570492, 44.5058181 ], [ -108.3557671, 44.5058213 ], [ -108.3509285, 44.5058333 ], [ -108.347235, 44.5058431 ], [ -108.3460468, 44.5058463 ], [ -108.3457732, 44.505847 ], [ -108.3448156, 44.5058495 ], [ -108.3401138, 44.505862 ], [ -108.3366537, 44.5058711 ], [ -108.3348352, 44.5058759 ], [ -108.3306778, 44.5058869 ], [ -108.3286956, 44.5058901 ], [ -108.3260804, 44.5058942 ], [ -108.3211023, 44.5059021 ], [ -108.3162206, 44.5059099 ], [ -108.3160061, 44.5059106 ], [ -108.3109796, 44.5059271 ], [ -108.3104297, 44.5059274 ], [ -108.3060148, 44.5059299 ], [ -108.3008891, 44.5059328 ], [ -108.3001488, 44.5059283 ], [ -108.2958305, 44.5059022 ], [ -108.293108, 44.5058927 ], [ -108.2918286, 44.5058907 ], [ -108.2913928, 44.5058942 ], [ -108.2906199, 44.5059003 ], [ -108.2866469, 44.5059777 ], [ -108.2853162, 44.5060036 ], [ -108.2817031, 44.5060658 ], [ -108.2800436, 44.5060944 ], [ -108.2799304, 44.5060952 ], [ -108.2791227, 44.5061007 ], [ -108.276937, 44.5061413 ], [ -108.2764683, 44.5061604 ], [ -108.2759929, 44.5061968 ], [ -108.2752978, 44.5062673 ], [ -108.2738607, 44.5064601 ], [ -108.2727599, 44.5066098 ], [ -108.2670933, 44.5074191 ] ] }, "id": "way/15680130" }, { "type": "Feature", "properties": { "@id": "way/15680547", "NHS": "yes", "hgv": "designated", "hgv:national_network": "yes", "highway": "primary", "lanes": "2", "name": "North 6th Street", "oneway": "no", "ref": "US 14;US 16;US 20;WY 789", "smoothness": "good", "source:hgv:national_network": "https://hepgis-usdot.hub.arcgis.com/apps/usdot::national-network-conventional-combination-trucks-map/explore", "surface": "asphalt", "tiger:cfcc": "A21", "tiger:county": "Big Horn, WY", "tiger:name_base": "6th", "tiger:name_base_1": "United States Highway 14", "tiger:name_base_2": "State Highway 789", "tiger:name_base_3": "United States Highway 16", "tiger:name_base_4": "United States Highway 20", "tiger:name_direction_prefix": "N", "tiger:name_direction_suffix_4": "N", "tiger:name_type": "St", "tiger:reviewed": "aerial", "wydot_ml_number": "34" }, "geometry": { "type": "LineString", "coordinates": [ [ -108.0553245, 44.4888775 ], [ -108.055325, 44.4889909 ], [ -108.0553277, 44.4894277 ], [ -108.0553308, 44.4899382 ], [ -108.0553318, 44.4904352 ], [ -108.0553329, 44.4909482 ], [ -108.0553359, 44.4914622 ], [ -108.0553388, 44.4919672 ], [ -108.0553429, 44.4924715 ], [ -108.0553471, 44.4929798 ], [ -108.0553499, 44.4934815 ], [ -108.0553527, 44.4939907 ], [ -108.0553543, 44.4945106 ], [ -108.0553558, 44.4950083 ], [ -108.0553565, 44.4951011 ], [ -108.0553596, 44.4955162 ], [ -108.0553616, 44.4957949 ], [ -108.0553633, 44.496023 ], [ -108.0553667, 44.4962721 ], [ -108.0553702, 44.4965307 ], [ -108.055367, 44.4970396 ], [ -108.0553676, 44.4971323 ], [ -108.0553702, 44.497531 ], [ -108.0553756, 44.4983746 ], [ -108.0553821, 44.4993728 ], [ -108.0553885, 44.5003572 ], [ -108.0553897, 44.5013403 ], [ -108.055395, 44.5020528 ], [ -108.0553981, 44.5026089 ], [ -108.0554149, 44.502817 ], [ -108.0554561, 44.5030634 ], [ -108.0555557, 44.5034176 ], [ -108.0556964, 44.5037402 ], [ -108.0558498, 44.5040398 ], [ -108.0561985, 44.5045677 ], [ -108.0564901, 44.5049076 ], [ -108.0567619, 44.5051636 ], [ -108.0570229, 44.5053547 ], [ -108.057361, 44.5055673 ] ] }, "id": "way/15680547" }, { "type": "Feature", "properties": { "@id": "way/15760079", "NHS": "yes", "hgv": "designated", "hgv:national_network": "yes", "highway": "primary", "lanes": "2", "maxspeed": "45 mph", "name": "West Yellowstone Avenue", "ref": "US 14;US 16;US 20", "source:hgv:national_network": "https://hepgis-usdot.hub.arcgis.com/apps/usdot::national-network-conventional-combination-trucks-map/explore", "surface": "asphalt", "tiger:cfcc": "A21", "tiger:county": "Park, WY", "tiger:name_base": "Yellowstone", "tiger:name_base_1": "United States Highway 20", "tiger:name_base_2": "United States Highway 16", "tiger:name_base_3": "United States Highway 14", "tiger:name_direction_prefix": "W", "tiger:name_type": "Ave", "wydot_ml_number": "31" }, "geometry": { "type": "LineString", "coordinates": [ [ -109.1179638, 44.5110315 ], [ -109.1167858, 44.5112403 ], [ -109.1163671, 44.5113159 ], [ -109.1153349, 44.5115385 ], [ -109.1149831, 44.5116143 ], [ -109.1131891, 44.5119464 ] ] }, "id": "way/15760079" }, { "type": "Feature", "properties": { "@id": "way/15761174", "NHS": "yes", "hgv": "designated", "hgv:national_network": "yes", "highway": "trunk", "lanes": "4", "lit": "yes", "maxspeed": "30 mph", "name": "17th Street", "oneway": "no", "ref": "US 14;US 16;US 20;WY 120", "source:hgv:national_network": "https://hepgis-usdot.hub.arcgis.com/apps/usdot::national-network-conventional-combination-trucks-map/explore", "surface": "asphalt", "tiger:cfcc": "A21", "tiger:county": "Park, WY", "tiger:name_base": "17th", "tiger:name_base_1": "United States Highway 20", "tiger:name_base_2": "State Highway 120", "tiger:name_base_3": "United States Highway 14", "tiger:name_base_4": "United States Highway 16", "tiger:name_type": "St", "wydot_ml_number": "31" }, "geometry": { "type": "LineString", "coordinates": [ [ -109.0531217, 44.5155168 ], [ -109.0534794, 44.5159976 ], [ -109.0535561, 44.5161306 ], [ -109.0536893, 44.5163613 ], [ -109.0537584, 44.5164811 ], [ -109.0538764, 44.5168468 ], [ -109.0539569, 44.5171834 ], [ -109.0540052, 44.5176118 ], [ -109.0540129, 44.5176612 ], [ -109.0540481, 44.5178872 ], [ -109.0540508, 44.5179454 ], [ -109.0540549, 44.5180343 ], [ -109.0540695, 44.5183533 ], [ -109.0540923, 44.5188511 ], [ -109.0541093, 44.5191308 ], [ -109.0541248, 44.5193856 ], [ -109.0541353, 44.5195577 ], [ -109.0541376, 44.5195956 ], [ -109.0541486, 44.5197348 ], [ -109.0541609, 44.5198818 ], [ -109.0541674, 44.5201044 ], [ -109.0542197, 44.5213143 ], [ -109.0542412, 44.5215935 ], [ -109.0542432, 44.5223247 ] ] }, "id": "way/15761174" }, { "type": "Feature", "properties": { "@id": "way/15762076", "NHS": "yes", "hgv": "designated", "hgv:national_network": "yes", "highway": "primary", "lanes": "4", "maxspeed": "30 mph", "name": "Yellowstone Avenue", "ref": "US 14;US 16;US 20", "source:hgv:national_network": "https://hepgis-usdot.hub.arcgis.com/apps/usdot::national-network-conventional-combination-trucks-map/explore", "tiger:cfcc": "A21", "tiger:county": "Park, WY", "tiger:name_base": "United States Highway 14:Yellowstone", "tiger:name_base_1": "United States Highway 20", "tiger:name_base_2": "United States Highway 16", "tiger:name_base_3": "United States Highway 14", "tiger:name_type": "Ave", "wydot_ml_number": "31" }, "geometry": { "type": "LineString", "coordinates": [ [ -109.0775231, 44.5166447 ], [ -109.0769112, 44.5166711 ], [ -109.0762458, 44.5167547 ], [ -109.0759642, 44.5168048 ], [ -109.0741351, 44.5171457 ], [ -109.0737936, 44.5172093 ], [ -109.073494, 44.5172569 ], [ -109.0732495, 44.5173001 ], [ -109.0729243, 44.517369 ], [ -109.0725885, 44.5174962 ], [ -109.0723414, 44.5176773 ], [ -109.0722497, 44.5177451 ], [ -109.0721098, 44.5179087 ], [ -109.0720355, 44.5180217 ], [ -109.0720278, 44.5180467 ], [ -109.0719789, 44.5182045 ] ] }, "id": "way/15762076" }, { "type": "Feature", "properties": { "@id": "way/15762530", "NHS": "yes", "hgv": "designated", "hgv:national_network": "yes", "highway": "trunk", "lanes": "4", "name": "Greybull Highway", "ref": "US 14;US 16;US 20;WY 120", "source:hgv:national_network": "https://hepgis-usdot.hub.arcgis.com/apps/usdot::national-network-conventional-combination-trucks-map/explore", "surface": "asphalt", "tiger:cfcc": "A21", "tiger:county": "Park, WY", "tiger:name_base": "Greybull", "tiger:name_base_1": "United States Highway 14", "tiger:name_base_2": "United States Highway 16", "tiger:name_base_3": "United States Highway 20", "tiger:name_type": "Hwy", "wydot_ml_number": "31" }, "geometry": { "type": "LineString", "coordinates": [ [ -109.0531217, 44.5155168 ], [ -109.0527886, 44.5151991 ], [ -109.052496, 44.51492 ], [ -109.0524425, 44.5148849 ], [ -109.0522319, 44.5147468 ], [ -109.0518004, 44.5144637 ], [ -109.0510279, 44.5140812 ], [ -109.0508026, 44.5140047 ], [ -109.0505558, 44.5139167 ], [ -109.0503882, 44.513873 ], [ -109.0495261, 44.5136483 ], [ -109.0480702, 44.5134039 ], [ -109.0456473, 44.512991 ], [ -109.0432146, 44.5125664 ] ] }, "id": "way/15762530" }, { "type": "Feature", "properties": { "@id": "way/15762743", "NHS": "yes", "hgv": "designated", "hgv:national_network": "yes", "highway": "primary", "lanes": "4", "maxspeed": "35 mph", "name": "Yellowstone Avenue", "ref": "US 14;US 16;US 20", "source:hgv:national_network": "https://hepgis-usdot.hub.arcgis.com/apps/usdot::national-network-conventional-combination-trucks-map/explore", "surface": "asphalt", "tiger:cfcc": "A21", "tiger:county": "Park, WY", "tiger:name_base": "Yellowstone", "tiger:name_base_1": "United States Highway 20", "tiger:name_base_2": "United States Highway 16", "tiger:name_base_3": "United States Highway 14", "tiger:name_type": "Ave", "wydot_ml_number": "31" }, "geometry": { "type": "LineString", "coordinates": [ [ -109.0965242, 44.5153201 ], [ -109.0951656, 44.5156296 ], [ -109.0950188, 44.5156632 ], [ -109.0944803, 44.5157838 ], [ -109.0937615, 44.5159292 ], [ -109.0927961, 44.5160777 ], [ -109.0919577, 44.5162067 ], [ -109.0907851, 44.5163545 ], [ -109.0890619, 44.5165237 ], [ -109.0889589, 44.5165339 ], [ -109.0888619, 44.5165427 ], [ -109.0883286, 44.5165923 ], [ -109.0878042, 44.5166411 ], [ -109.0876084, 44.5166593 ], [ -109.0874401, 44.5166737 ], [ -109.087269, 44.5166883 ], [ -109.0863657, 44.5167654 ], [ -109.0848491, 44.5168948 ], [ -109.0847903, 44.5168998 ], [ -109.0841896, 44.5169613 ], [ -109.0840173, 44.516979 ], [ -109.0838128, 44.5169999 ] ] }, "id": "way/15762743" }, { "type": "Feature", "properties": { "@id": "way/15762744", "NHS": "yes", "hgv": "designated", "hgv:national_network": "yes", "highway": "primary", "lanes": "2", "maxspeed": "55 mph", "name": "Yellowstone Avenue", "name_1": "North Fork Highway", "ref": "US 14;US 16;US 20", "source:hgv:national_network": "https://hepgis-usdot.hub.arcgis.com/apps/usdot::national-network-conventional-combination-trucks-map/explore", "surface": "asphalt", "tiger:cfcc": "A21", "tiger:county": "Park, WY", "tiger:name_base": "Yellowstone", "tiger:name_base_1": "North Fork", "tiger:name_base_2": "United States Highway 20", "tiger:name_base_3": "United States Highway 16", "tiger:name_base_4": "United States Highway 14", "tiger:name_type": "Ave", "tiger:name_type_1": "Hwy", "wydot_ml_number": "31" }, "geometry": { "type": "LineString", "coordinates": [ [ -109.1179638, 44.5110315 ], [ -109.1188455, 44.5108798 ], [ -109.1193283, 44.5108492 ], [ -109.119788, 44.5108836 ], [ -109.1203959, 44.510945 ], [ -109.1213775, 44.5112088 ], [ -109.1224716, 44.5117189 ], [ -109.1235195, 44.5122007 ], [ -109.1238091, 44.5123344 ], [ -109.1242915, 44.5125391 ], [ -109.1248, 44.5127253 ] ] }, "id": "way/15762744" }, { "type": "Feature", "properties": { "@id": "way/46417896", "NHS": "yes", "hgv": "designated", "hgv:national_network": "yes", "highway": "primary", "lanes": "2", "maxspeed": "70 mph", "oneway": "no", "ref": "US 14;US 16;US 20;WY 789", "shoulder": "both", "smoothness": "good", "source:hgv:national_network": "https://hepgis-usdot.hub.arcgis.com/apps/usdot::national-network-conventional-combination-trucks-map/explore", "surface": "asphalt", "tiger:cfcc": "A21", "tiger:county": "Big Horn, WY", "tiger:name_base": "United States Highway 20", "tiger:name_base_1": "United States Highway 14", "tiger:name_base_2": "United States Highway 16", "wydot_ml_number": "34" }, "geometry": { "type": "LineString", "coordinates": [ [ -108.1332374, 44.5092026 ], [ -108.1326115, 44.5092426 ], [ -108.1276412, 44.509558 ], [ -108.1269503, 44.5096043 ], [ -108.12466, 44.5097547 ], [ -108.1173158, 44.5101973 ], [ -108.1167094, 44.5102336 ], [ -108.1135935, 44.51042 ], [ -108.1130967, 44.5104498 ], [ -108.1116156, 44.5105381 ], [ -108.1109123, 44.51058 ], [ -108.1096938, 44.5106448 ], [ -108.1090439, 44.5106793 ], [ -108.1081885, 44.5107053 ], [ -108.1075743, 44.5107053 ], [ -108.1069625, 44.5106946 ], [ -108.1065671, 44.5106785 ], [ -108.1060883, 44.5106556 ], [ -108.1051547, 44.510599 ], [ -108.1001711, 44.5102757 ], [ -108.0975189, 44.5100947 ], [ -108.095547, 44.5099601 ], [ -108.0941632, 44.5098733 ], [ -108.0926287, 44.5097688 ], [ -108.0896569, 44.5094551 ], [ -108.0871993, 44.5090949 ], [ -108.0858095, 44.5088671 ], [ -108.0843917, 44.5086077 ], [ -108.0837856, 44.5085186 ], [ -108.0802107, 44.5079201 ], [ -108.0723329, 44.506605 ] ] }, "id": "way/46417896" }, { "type": "Feature", "properties": { "@id": "way/50266136", "NHS": "yes", "hgv": "designated", "hgv:national_network": "yes", "highway": "primary", "lanes": "4", "maxspeed": "25 mph", "name": "8th Street", "ref": "US 14;US 16;US 20", "source:hgv:national_network": "https://hepgis-usdot.hub.arcgis.com/apps/usdot::national-network-conventional-combination-trucks-map/explore", "tiger:cfcc": "A21", "tiger:county": "Park, WY", "tiger:name_base": "8th", "tiger:name_base_1": "United States Highway 20", "tiger:name_base_2": "United States Highway 16", "tiger:name_base_3": "United States Highway 14", "tiger:name_type": "St", "wydot_ml_number": "31" }, "geometry": { "type": "LineString", "coordinates": [ [ -109.0719789, 44.5182045 ], [ -109.0719477, 44.5183526 ], [ -109.0719483, 44.5187258 ], [ -109.0719459, 44.5188367 ], [ -109.0719352, 44.5194189 ], [ -109.0719319, 44.5195964 ], [ -109.0719305, 44.5196753 ], [ -109.0719223, 44.5201458 ], [ -109.071916, 44.5203664 ], [ -109.0719085, 44.5206242 ], [ -109.0719023, 44.5208433 ], [ -109.0718923, 44.5211895 ], [ -109.0718801, 44.5217122 ], [ -109.0718679, 44.522535 ], [ -109.0718425, 44.5227505 ], [ -109.0718349, 44.523454 ], [ -109.0718199, 44.524853 ], [ -109.0718187, 44.5249652 ], [ -109.0718109, 44.525091 ], [ -109.0717972, 44.525313 ], [ -109.0716752, 44.5256381 ], [ -109.0715789, 44.5257248 ], [ -109.0714133, 44.5258737 ] ] }, "id": "way/50266136" }, { "type": "Feature", "properties": { "@id": "way/50266138", "NHS": "yes", "hgv": "designated", "hgv:national_network": "yes", "highway": "primary", "lanes": "4", "maxspeed": "25 mph", "name": "Sheridan Avenue", "ref": "US 14;US 16;US 20", "source:hgv:national_network": "https://hepgis-usdot.hub.arcgis.com/apps/usdot::national-network-conventional-combination-trucks-map/explore", "tiger:cfcc": "A41", "tiger:county": "Park, WY", "tiger:name_base": "Sheridan", "tiger:name_type": "Ave", "wydot_ml_number": "31" }, "geometry": { "type": "LineString", "coordinates": [ [ -109.0714133, 44.5258737 ], [ -109.0710593, 44.5260343 ], [ -109.0708242, 44.5260695 ], [ -109.0707749, 44.5260769 ], [ -109.0706771, 44.5260759 ], [ -109.0697328, 44.5260657 ], [ -109.0679676, 44.5260542 ], [ -109.0678291, 44.5260533 ], [ -109.0658958, 44.5260759 ], [ -109.0639478, 44.5260796 ], [ -109.0620669, 44.5260639 ], [ -109.0601353, 44.5260657 ], [ -109.0593427, 44.5260683 ], [ -109.0591826, 44.5260688 ], [ -109.0587497, 44.5260702 ], [ -109.0582213, 44.5260719 ], [ -109.0564927, 44.5260727 ], [ -109.056271, 44.5260728 ] ] }, "id": "way/50266138" }, { "type": "Feature", "properties": { "@id": "way/53141153", "NHS": "yes", "hgv": "designated", "hgv:national_network": "yes", "highway": "primary", "lanes": "2", "maxspeed": "55 mph", "name": "North Fork Highway", "ref": "US 14;US 16;US 20", "source:hgv:national_network": "https://hepgis-usdot.hub.arcgis.com/apps/usdot::national-network-conventional-combination-trucks-map/explore", "surface": "asphalt", "tiger:cfcc": "A21", "tiger:county": "Park, WY", "tiger:name_base": "North Fork", "tiger:name_base_1": "United States Highway 20", "tiger:name_base_2": "United States Highway 16", "tiger:name_base_3": "United States Highway 14", "tiger:name_type": "Hwy", "wydot_ml_number": "31" }, "geometry": { "type": "LineString", "coordinates": [ [ -109.1560108, 44.510483 ], [ -109.1549695, 44.510283 ], [ -109.1543472, 44.5102065 ], [ -109.15336, 44.5101625 ], [ -109.1529739, 44.5101453 ], [ -109.1519761, 44.5101453 ], [ -109.1511929, 44.5101491 ], [ -109.1505062, 44.5101185 ], [ -109.1499698, 44.5100688 ], [ -109.1494441, 44.5100152 ], [ -109.1478563, 44.5098163 ], [ -109.1471804, 44.5097475 ], [ -109.1465259, 44.5097398 ], [ -109.1452921, 44.5097704 ], [ -109.1439081, 44.5099464 ], [ -109.1433349, 44.5100603 ], [ -109.1410511, 44.5105084 ], [ -109.1408105, 44.5105539 ], [ -109.1400763, 44.5106926 ], [ -109.1392347, 44.5108515 ], [ -109.1382185, 44.5110126 ], [ -109.1363657, 44.5112394 ], [ -109.1356469, 44.5113618 ], [ -109.1348529, 44.511599 ], [ -109.1339342, 44.5120192 ], [ -109.1331261, 44.5123825 ], [ -109.1327498, 44.5125231 ], [ -109.1323897, 44.5126347 ], [ -109.1319773, 44.5127509 ], [ -109.1315975, 44.5128351 ], [ -109.1312024, 44.5129058 ], [ -109.130728, 44.5129663 ], [ -109.1304249, 44.5130065 ], [ -109.1297543, 44.5130753 ], [ -109.1290585, 44.5131536 ] ] }, "id": "way/53141153" }, { "type": "Feature", "properties": { "@id": "way/53141154", "NHS": "yes", "hgv": "designated", "hgv:national_network": "yes", "highway": "primary", "lanes": "2", "maxspeed": "35 mph", "name": "North Fork Highway", "ref": "US 14;US 16;US 20", "source:hgv:national_network": "https://hepgis-usdot.hub.arcgis.com/apps/usdot::national-network-conventional-combination-trucks-map/explore", "tiger:cfcc": "A21", "tiger:county": "Park, WY", "tiger:name_base": "North Fork", "tiger:name_base_1": "United States Highway 20", "tiger:name_base_2": "United States Highway 16", "tiger:name_base_3": "United States Highway 14", "tiger:name_type": "Hwy", "wydot_ml_number": "31" }, "geometry": { "type": "LineString", "coordinates": [ [ -109.1768341, 44.5079304 ], [ -109.1765066, 44.5081431 ], [ -109.1763889, 44.5082195 ], [ -109.1761153, 44.5083972 ], [ -109.1754072, 44.5086956 ] ] }, "id": "way/53141154" }, { "type": "Feature", "properties": { "@id": "way/53141155", "NHS": "yes", "hgv": "designated", "hgv:national_network": "yes", "highway": "primary", "lanes": "2", "maxspeed": "35 mph", "name": "North Fork Highway", "ref": "US 14;US 16;US 20", "source:hgv:national_network": "https://hepgis-usdot.hub.arcgis.com/apps/usdot::national-network-conventional-combination-trucks-map/explore", "tiger:cfcc": "A21", "tiger:county": "Park, WY", "tiger:name_base": "North Fork", "tiger:name_base_1": "United States Highway 20", "tiger:name_base_2": "United States Highway 16", "tiger:name_base_3": "United States Highway 14", "tiger:name_type": "Hwy", "tunnel": "yes", "wydot_ml_number": "31" }, "geometry": { "type": "LineString", "coordinates": [ [ -109.1855101, 44.5018536 ], [ -109.1843121, 44.5026431 ], [ -109.1814797, 44.5045867 ], [ -109.1782396, 44.5069281 ], [ -109.1773813, 44.5075708 ], [ -109.1768341, 44.5079304 ] ] }, "id": "way/53141155" }, { "type": "Feature", "properties": { "@id": "way/53141156", "NHS": "yes", "hgv": "designated", "hgv:national_network": "yes", "highway": "primary", "lanes": "2", "maxspeed": "35 mph", "name": "North Fork Highway", "ref": "US 14;US 16;US 20", "source:hgv:national_network": "https://hepgis-usdot.hub.arcgis.com/apps/usdot::national-network-conventional-combination-trucks-map/explore", "tiger:cfcc": "A21", "tiger:county": "Park, WY", "tiger:name_base": "North Fork", "tiger:name_base_1": "United States Highway 20", "tiger:name_base_2": "United States Highway 16", "tiger:name_base_3": "United States Highway 14", "tiger:name_type": "Hwy", "tunnel": "yes", "wydot_ml_number": "31" }, "geometry": { "type": "LineString", "coordinates": [ [ -109.1740982, 44.5090399 ], [ -109.1730683, 44.5091623 ] ] }, "id": "way/53141156" }, { "type": "Feature", "properties": { "@id": "way/53141157", "NHS": "yes", "hgv": "designated", "hgv:national_network": "yes", "highway": "primary", "lanes": "2", "maxspeed": "55 mph", "name": "North Fork Highway", "ref": "US 14;US 16;US 20", "source:hgv:national_network": "https://hepgis-usdot.hub.arcgis.com/apps/usdot::national-network-conventional-combination-trucks-map/explore", "surface": "asphalt", "tiger:cfcc": "A21", "tiger:county": "Park, WY", "tiger:name_base": "North Fork", "tiger:name_base_1": "United States Highway 20", "tiger:name_base_2": "United States Highway 16", "tiger:name_base_3": "United States Highway 14", "tiger:name_type": "Hwy", "wydot_ml_number": "31" }, "geometry": { "type": "LineString", "coordinates": [ [ -109.1730683, 44.5091623 ], [ -109.1721034, 44.5092272 ], [ -109.1707616, 44.5091623 ], [ -109.1690994, 44.5091966 ], [ -109.1673728, 44.5092342 ], [ -109.1664593, 44.5092541 ], [ -109.1653699, 44.5093697 ], [ -109.1649057, 44.509419 ], [ -109.1645503, 44.5094567 ], [ -109.163456, 44.509648 ], [ -109.1624299, 44.5099604 ], [ -109.1616214, 44.5101912 ], [ -109.1609991, 44.5103978 ], [ -109.1599477, 44.5106809 ], [ -109.1593187, 44.5107902 ], [ -109.1590039, 44.5108164 ], [ -109.1586914, 44.5108181 ], [ -109.1585471, 44.5108145 ], [ -109.1583925, 44.5108066 ], [ -109.1582864, 44.5107954 ] ] }, "id": "way/53141157" }, { "type": "Feature", "properties": { "@id": "way/53141159", "NHS": "yes", "bridge": "yes", "hgv": "designated", "hgv:national_network": "yes", "highway": "primary", "lanes": "2", "layer": "1", "maxspeed": "55 mph", "name": "North Fork Highway", "ref": "US 14;US 16;US 20", "source:hgv:national_network": "https://hepgis-usdot.hub.arcgis.com/apps/usdot::national-network-conventional-combination-trucks-map/explore", "tiger:cfcc": "A21", "tiger:county": "Park, WY", "tiger:name_base": "North Fork", "tiger:name_base_1": "United States Highway 20", "tiger:name_base_2": "United States Highway 16", "tiger:name_base_3": "United States Highway 14", "tiger:name_type": "Hwy", "wydot_ml_number": "31" }, "geometry": { "type": "LineString", "coordinates": [ [ -109.1582864, 44.5107954 ], [ -109.1570734, 44.5106317 ], [ -109.1560108, 44.510483 ] ] }, "id": "way/53141159" }, { "type": "Feature", "properties": { "@id": "way/53143636", "NHS": "yes", "hgv": "designated", "hgv:national_network": "yes", "highway": "primary", "lanes": "4", "name": "Greybull Highway", "ref": "US 14;US 16;US 20", "source:hgv:national_network": "https://hepgis-usdot.hub.arcgis.com/apps/usdot::national-network-conventional-combination-trucks-map/explore", "surface": "asphalt", "tiger:cfcc": "A21", "tiger:county": "Park, WY", "tiger:name_base": "Greybull", "tiger:name_base_1": "United States Highway 14", "tiger:name_base_2": "United States Highway 16", "tiger:name_base_3": "United States Highway 20", "tiger:name_type": "Hwy", "wydot_ml_number": "31" }, "geometry": { "type": "LineString", "coordinates": [ [ -109.0261263, 44.5116406 ], [ -109.0240091, 44.5116289 ], [ -109.0192568, 44.5116435 ], [ -109.0154944, 44.5116872 ] ] }, "id": "way/53143636" }, { "type": "Feature", "properties": { "@id": "way/53143637", "NHS": "yes", "bridge": "yes", "hgv": "designated", "hgv:national_network": "yes", "highway": "trunk", "lanes": "4", "name": "Greybull Highway", "ref": "US 14;US 16;US 20;WY 120", "source:hgv:national_network": "https://hepgis-usdot.hub.arcgis.com/apps/usdot::national-network-conventional-combination-trucks-map/explore", "tiger:cfcc": "A21", "tiger:county": "Park, WY", "tiger:name_base": "Greybull", "tiger:name_base_1": "United States Highway 14", "tiger:name_base_2": "United States Highway 16", "tiger:name_base_3": "United States Highway 20", "tiger:name_type": "Hwy", "wydot_ml_number": "31" }, "geometry": { "type": "LineString", "coordinates": [ [ -109.0432146, 44.5125664 ], [ -109.0428472, 44.5124937 ] ] }, "id": "way/53143637" }, { "type": "Feature", "properties": { "@id": "way/53143638", "NHS": "yes", "hgv": "designated", "hgv:national_network": "yes", "highway": "trunk", "lanes": "4", "name": "Greybull Highway", "ref": "US 14;US 16;US 20;WY 120", "source:hgv:national_network": "https://hepgis-usdot.hub.arcgis.com/apps/usdot::national-network-conventional-combination-trucks-map/explore", "surface": "asphalt", "tiger:cfcc": "A21", "tiger:county": "Park, WY", "tiger:name_base": "Greybull", "tiger:name_base_1": "United States Highway 14", "tiger:name_base_2": "United States Highway 16", "tiger:name_base_3": "United States Highway 20", "tiger:name_type": "Hwy", "wydot_ml_number": "31" }, "geometry": { "type": "LineString", "coordinates": [ [ -109.0428472, 44.5124937 ], [ -109.0405685, 44.5121104 ], [ -109.0400952, 44.5120308 ], [ -109.039312, 44.5119046 ], [ -109.0375632, 44.5117057 ], [ -109.036265, 44.51161 ], [ -109.0351278, 44.5115832 ], [ -109.0318394, 44.5115947 ], [ -109.030745, 44.5115985 ], [ -109.0291625, 44.51161 ], [ -109.0261263, 44.5116406 ] ] }, "id": "way/53143638" }, { "type": "Feature", "properties": { "@id": "way/53161867", "NHS": "yes", "hgv": "designated", "hgv:national_network": "yes", "highway": "trunk", "lanes": "4", "maxspeed": "25 mph", "name": "Sheridan Avenue", "ref": "US 14;US 16;US 20;WY 120", "source:hgv:national_network": "https://hepgis-usdot.hub.arcgis.com/apps/usdot::national-network-conventional-combination-trucks-map/explore", "tiger:cfcc": "A41", "tiger:county": "Park, WY", "tiger:name_base": "Sheridan", "tiger:name_type": "Ave", "wydot_ml_number": "31" }, "geometry": { "type": "LineString", "coordinates": [ [ -109.056271, 44.5260728 ], [ -109.0561573, 44.5260741 ], [ -109.0553409, 44.5260832 ], [ -109.0548977, 44.5260881 ], [ -109.0547839, 44.5260732 ], [ -109.0546939, 44.5260499 ] ] }, "id": "way/53161867" }, { "type": "Feature", "properties": { "@id": "way/53255406", "NHS": "yes", "hgv": "designated", "hgv:national_network": "yes", "highway": "primary", "lanes": "4", "maxspeed": "30 mph", "name": "Yellowstone Avenue", "ref": "US 14;US 16;US 20", "source:hgv:national_network": "https://hepgis-usdot.hub.arcgis.com/apps/usdot::national-network-conventional-combination-trucks-map/explore", "tiger:cfcc": "A21", "tiger:county": "Park, WY", "tiger:name_base": "Yellowstone", "tiger:name_base_1": "United States Highway 20", "tiger:name_base_2": "United States Highway 16", "tiger:name_base_3": "United States Highway 14", "tiger:name_type": "Ave", "wydot_ml_number": "31" }, "geometry": { "type": "LineString", "coordinates": [ [ -109.0783012, 44.5166713 ], [ -109.0780032, 44.51666 ], [ -109.0775231, 44.5166447 ] ] }, "id": "way/53255406" }, { "type": "Feature", "properties": { "@id": "way/53545345", "hgv": "designated", "hgv:national_network": "yes", "highway": "primary_link", "oneway": "yes", "ref": "US 14;US 16;US 20", "source:hgv:national_network": "https://hepgis-usdot.hub.arcgis.com/apps/usdot::national-network-conventional-combination-trucks-map/explore" }, "geometry": { "type": "LineString", "coordinates": [ [ -109.0970399, 44.5148217 ], [ -109.0969057, 44.5148607 ], [ -109.0967716, 44.5149221 ], [ -109.0961882, 44.5152453 ], [ -109.0960071, 44.5153266 ], [ -109.0957832, 44.5153917 ], [ -109.0952709, 44.5155112 ], [ -109.0950188, 44.5156632 ] ] }, "id": "way/53545345" }, { "type": "Feature", "properties": { "@id": "way/53656034", "NHS": "yes", "hgv": "designated", "hgv:national_network": "yes", "highway": "primary", "lanes": "2", "maxspeed": "70 mph", "name": "North Fork Highway", "ref": "US 14;US 16;US 20", "source:hgv:national_network": "https://hepgis-usdot.hub.arcgis.com/apps/usdot::national-network-conventional-combination-trucks-map/explore", "tiger:cfcc": "A21", "tiger:county": "Park, WY", "tiger:name_base": "North Fork", "tiger:name_base_1": "United States Highway 20", "tiger:name_base_2": "United States Highway 16", "tiger:name_base_3": "United States Highway 14", "tiger:name_type": "Hwy", "wydot_ml_number": "31" }, "geometry": { "type": "LineString", "coordinates": [ [ -109.4340662, 44.4692142 ], [ -109.4330528, 44.469611 ], [ -109.4330108, 44.4696266 ], [ -109.4310936, 44.4703462 ], [ -109.426476, 44.4715404 ], [ -109.4209912, 44.4729514 ], [ -109.4205537, 44.4730639 ], [ -109.4179788, 44.4737223 ], [ -109.4152732, 44.4743947 ], [ -109.412838, 44.4749159 ], [ -109.4126819, 44.4749493 ], [ -109.4115922, 44.4751533 ], [ -109.411116, 44.4752344 ], [ -109.4105544, 44.47533 ], [ -109.4098001, 44.4755204 ], [ -109.4073708, 44.4759689 ], [ -109.4064903, 44.476124 ], [ -109.4056108, 44.4762884 ], [ -109.4024929, 44.476871 ], [ -109.3984101, 44.4776758 ], [ -109.3949118, 44.4783233 ], [ -109.3944425, 44.4784027 ], [ -109.3926694, 44.478752 ], [ -109.391608, 44.4789616 ], [ -109.3884635, 44.4795575 ], [ -109.387584, 44.4797242 ], [ -109.3841341, 44.4803812 ], [ -109.3828216, 44.4806311 ], [ -109.3815544, 44.4808724 ], [ -109.3758144, 44.4819594 ], [ -109.3724778, 44.4826254 ], [ -109.3697205, 44.4831918 ], [ -109.3674352, 44.4835363 ], [ -109.3575754, 44.4851054 ], [ -109.3536165, 44.4856642 ], [ -109.3520768, 44.4858273 ], [ -109.3511596, 44.4859244 ], [ -109.349699, 44.486108 ], [ -109.3493388, 44.4861408 ], [ -109.349139, 44.486159 ], [ -109.3482311, 44.4861799 ], [ -109.347381, 44.486137 ], [ -109.3462458, 44.4861005 ], [ -109.3442931, 44.4858785 ], [ -109.3422439, 44.4858938 ], [ -109.3415895, 44.4859474 ], [ -109.3405273, 44.486154 ], [ -109.3368312, 44.4869788 ], [ -109.3353345, 44.4872888 ], [ -109.3341276, 44.4874418 ], [ -109.3330869, 44.4874801 ], [ -109.3319925, 44.4874839 ], [ -109.3311825, 44.4875012 ], [ -109.3302598, 44.4874916 ], [ -109.3280014, 44.4875107 ], [ -109.3257269, 44.4875184 ], [ -109.3235639, 44.4875333 ], [ -109.3214741, 44.4875792 ], [ -109.3204758, 44.4876874 ], [ -109.3193739, 44.4878589 ], [ -109.3185309, 44.4880405 ], [ -109.3176996, 44.4882466 ], [ -109.3172273, 44.4883862 ], [ -109.3167881, 44.4885279 ], [ -109.315916, 44.4888543 ], [ -109.3143481, 44.4895528 ], [ -109.3097668, 44.491933 ], [ -109.3081703, 44.4924737 ], [ -109.3072556, 44.4926554 ], [ -109.3067664, 44.4927526 ], [ -109.3064751, 44.4928105 ], [ -109.3057145, 44.4929745 ], [ -109.3055525, 44.4930094 ], [ -109.3041579, 44.4934873 ], [ -109.3040705, 44.4935173 ], [ -109.2998018, 44.4954737 ], [ -109.2991972, 44.495754 ], [ -109.297656, 44.4964686 ], [ -109.2967119, 44.4968053 ], [ -109.2957248, 44.4970655 ], [ -109.2934933, 44.4974635 ], [ -109.2922487, 44.4978155 ], [ -109.2915406, 44.4980604 ], [ -109.2887086, 44.4993229 ], [ -109.2867341, 44.5002031 ], [ -109.2855539, 44.5007234 ], [ -109.2846098, 44.5010754 ], [ -109.283966, 44.5013356 ], [ -109.2820992, 44.5018253 ], [ -109.279181, 44.5022845 ], [ -109.2785777, 44.5023775 ], [ -109.2757048, 44.5028201 ], [ -109.2694177, 44.5037536 ], [ -109.2654695, 44.5043046 ], [ -109.2614998, 44.5047505 ], [ -109.2607795, 44.5048032 ], [ -109.2603626, 44.5048402 ], [ -109.2586031, 44.5049932 ], [ -109.2537975, 44.5053287 ], [ -109.2527782, 44.5053517 ], [ -109.2518985, 44.5053173 ], [ -109.251126, 44.5052522 ], [ -109.2503213, 44.505126 ], [ -109.2445868, 44.5039591 ], [ -109.243002, 44.503644 ], [ -109.2369235, 44.5022923 ], [ -109.23276, 44.5014626 ], [ -109.2284765, 44.5007081 ], [ -109.2256344, 44.5002153 ], [ -109.2253744, 44.5001839 ], [ -109.2237558, 44.4999888 ], [ -109.2228607, 44.4999223 ], [ -109.2227258, 44.4999123 ], [ -109.2200222, 44.4998664 ], [ -109.2168697, 44.4998628 ], [ -109.2121958, 44.4998576 ], [ -109.2064609, 44.4998511 ], [ -109.2041006, 44.4998052 ] ] }, "id": "way/53656034" }, { "type": "Feature", "properties": { "@id": "way/53656035", "NHS": "yes", "bridge": "yes", "hgv": "designated", "hgv:national_network": "yes", "highway": "primary", "lanes": "2", "maxspeed": "45 mph", "name": "North Fork Highway", "ref": "US 14;US 16;US 20", "source:hgv:national_network": "https://hepgis-usdot.hub.arcgis.com/apps/usdot::national-network-conventional-combination-trucks-map/explore", "tiger:cfcc": "A21", "tiger:county": "Park, WY", "tiger:name_base": "North Fork", "tiger:name_base_1": "United States Highway 20", "tiger:name_base_2": "United States Highway 16", "tiger:name_base_3": "United States Highway 14", "tiger:name_type": "Hwy", "wydot_ml_number": "31" }, "geometry": { "type": "LineString", "coordinates": [ [ -109.4353928, 44.4687436 ], [ -109.4340662, 44.4692142 ] ] }, "id": "way/53656035" }, { "type": "Feature", "properties": { "@id": "way/104849073", "NHS": "yes", "hgv": "no", "highway": "primary", "lanes": "2", "maxspeed": "40 mph", "name": "North Fork Highway", "nps:route_desc": "PRIMARY ROUTE", "ref": "US 14;US 16;US 20", "source": "Bing imagery;National Park Service" }, "geometry": { "type": "LineString", "coordinates": [ [ -110.0003102, 44.4903031 ], [ -110.0007458, 44.4900435 ], [ -110.0012967, 44.4897339 ], [ -110.0016813, 44.4894857 ], [ -110.0019543, 44.4893156 ], [ -110.0021482, 44.4892174 ], [ -110.0023823, 44.4890885 ] ] }, "id": "way/104849073" }, { "type": "Feature", "properties": { "@id": "way/109021413", "NHS": "yes", "hgv": "designated", "hgv:national_network": "yes", "highway": "primary", "lanes": "2", "maxspeed": "50 mph", "name": "North Fork Highway", "ref": "US 14;US 16;US 20", "source": "GPS survey", "source:hgv:national_network": "https://hepgis-usdot.hub.arcgis.com/apps/usdot::national-network-conventional-combination-trucks-map/explore", "wydot_ml_number": "31" }, "geometry": { "type": "LineString", "coordinates": [ [ -109.9592308, 44.5021928 ], [ -109.9587011, 44.5021071 ], [ -109.9584375, 44.5020544 ], [ -109.9581696, 44.5020008 ], [ -109.9575307, 44.5018278 ], [ -109.9568717, 44.5016209 ], [ -109.9565746, 44.5014995 ], [ -109.9562958, 44.5013821 ], [ -109.9556739, 44.5010658 ], [ -109.955076, 44.5007395 ], [ -109.9536304, 44.4999539 ], [ -109.9532675, 44.4997488 ], [ -109.9526923, 44.4993532 ], [ -109.9524184, 44.4991383 ], [ -109.9519254, 44.4986157 ], [ -109.951583, 44.4982445 ], [ -109.95109, 44.497844 ], [ -109.9506441, 44.4975873 ], [ -109.9501656, 44.4973693 ], [ -109.9498503, 44.497257 ], [ -109.9485171, 44.4968765 ], [ -109.9472885, 44.4965031 ], [ -109.9446293, 44.49561 ], [ -109.942896, 44.495023 ], [ -109.939511, 44.493945 ], [ -109.938115, 44.493704 ], [ -109.9363983, 44.4935819 ], [ -109.9357897, 44.4935328 ], [ -109.9350397, 44.4933844 ], [ -109.9344144, 44.4932499 ] ] }, "id": "way/109021413" }, { "type": "Feature", "properties": { "@id": "way/109021415", "NHS": "yes", "hgv": "designated", "hgv:national_network": "yes", "highway": "primary", "lanes": "3", "lanes:backward": "1", "lanes:forward": "2", "maxspeed": "50 mph", "name": "North Fork Highway", "ref": "US 14;US 16;US 20", "source": "GPS survey", "source:hgv:national_network": "https://hepgis-usdot.hub.arcgis.com/apps/usdot::national-network-conventional-combination-trucks-map/explore", "wydot_ml_number": "31" }, "geometry": { "type": "LineString", "coordinates": [ [ -109.9132338, 44.4838994 ], [ -109.9106639, 44.4815909 ], [ -109.9100945, 44.4811222 ], [ -109.9095178, 44.4806791 ], [ -109.9091503, 44.4804361 ], [ -109.9083296, 44.4799672 ], [ -109.9078441, 44.4797471 ], [ -109.9073559, 44.4795481 ], [ -109.9068705, 44.4793682 ], [ -109.906275, 44.4792075 ], [ -109.9056206, 44.4790448 ], [ -109.9050331, 44.4789261 ], [ -109.9044136, 44.4788362 ], [ -109.9039215, 44.4787818 ], [ -109.9033435, 44.4787412 ] ] }, "id": "way/109021415" }, { "type": "Feature", "properties": { "@id": "way/109021418", "NHS": "yes", "bridge": "yes", "hgv": "designated", "hgv:national_network": "yes", "highway": "primary", "lanes": "2", "layer": "1", "maxspeed": "50 mph", "name": "North Fork Highway", "ref": "US 14;US 16;US 20", "source": "GPS survey", "source:hgv:national_network": "https://hepgis-usdot.hub.arcgis.com/apps/usdot::national-network-conventional-combination-trucks-map/explore", "wydot_ml_number": "31" }, "geometry": { "type": "LineString", "coordinates": [ [ -109.739618, 44.4615234 ], [ -109.7392264, 44.4612655 ], [ -109.738888, 44.4610106 ] ] }, "id": "way/109021418" }, { "type": "Feature", "properties": { "@id": "way/109021419", "NHS": "yes", "hgv": "designated", "hgv:national_network": "yes", "highway": "primary", "lanes": "2", "maxspeed": "50 mph", "name": "North Fork Highway", "ref": "US 14;US 16;US 20", "source": "GPS survey", "source:hgv:national_network": "https://hepgis-usdot.hub.arcgis.com/apps/usdot::national-network-conventional-combination-trucks-map/explore", "wydot_ml_number": "31" }, "geometry": { "type": "LineString", "coordinates": [ [ -109.6719121, 44.4629023 ], [ -109.6716393, 44.4628492 ], [ -109.6705894, 44.4627135 ], [ -109.6698741, 44.4626317 ], [ -109.6696048, 44.4626077 ], [ -109.6684939, 44.4625452 ], [ -109.6681034, 44.4625404 ], [ -109.6674697, 44.462558 ], [ -109.6667589, 44.462593 ], [ -109.66601, 44.4626698 ], [ -109.6654086, 44.4627369 ], [ -109.6648573, 44.4628263 ], [ -109.6642622, 44.4629425 ], [ -109.6638899, 44.4630229 ], [ -109.6634755, 44.4631185 ], [ -109.6625501, 44.4633622 ], [ -109.6622539, 44.4634439 ], [ -109.6614398, 44.4636871 ] ] }, "id": "way/109021419" }, { "type": "Feature", "properties": { "@id": "way/109021422", "NHS": "yes", "hgv": "designated", "hgv:national_network": "yes", "highway": "primary", "lanes": "2", "maxspeed": "50 mph", "name": "North Fork Highway", "ref": "US 14;US 16;US 20", "source": "GPS survey", "source:hgv:national_network": "https://hepgis-usdot.hub.arcgis.com/apps/usdot::national-network-conventional-combination-trucks-map/explore", "wydot_ml_number": "31" }, "geometry": { "type": "LineString", "coordinates": [ [ -109.7370897, 44.4588926 ], [ -109.7367078, 44.4584475 ], [ -109.7363726, 44.4581124 ], [ -109.7360668, 44.4578482 ], [ -109.7356779, 44.4575745 ], [ -109.7352755, 44.4573428 ], [ -109.7347686, 44.4570767 ], [ -109.7343019, 44.4568853 ], [ -109.7337521, 44.45669 ], [ -109.7331781, 44.4565464 ], [ -109.7325343, 44.4564086 ], [ -109.7320757, 44.456309 ], [ -109.7314105, 44.4561788 ], [ -109.730917, 44.4561099 ], [ -109.7304583, 44.4560486 ], [ -109.7299862, 44.4560142 ], [ -109.7294632, 44.4559912 ], [ -109.7289992, 44.4559893 ], [ -109.7288704, 44.4559912 ], [ -109.7284788, 44.4560046 ], [ -109.727988, 44.456041 ], [ -109.7275883, 44.4560754 ], [ -109.7272987, 44.4561156 ], [ -109.7268212, 44.4561903 ], [ -109.7263197, 44.4562879 ], [ -109.725928, 44.4563741 ], [ -109.7245682, 44.456667 ], [ -109.7231412, 44.4569638 ], [ -109.7223366, 44.4571265 ], [ -109.7217894, 44.457226 ], [ -109.7212717, 44.4573122 ], [ -109.7205261, 44.4574386 ], [ -109.7199253, 44.4575496 ], [ -109.7194371, 44.457674 ], [ -109.7190965, 44.4577927 ] ] }, "id": "way/109021422" }, { "type": "Feature", "properties": { "@id": "way/109021423", "NHS": "yes", "hgv": "designated", "hgv:national_network": "yes", "highway": "primary", "lanes": "2", "maxspeed": "50 mph", "name": "North Fork Highway", "ref": "US 14;US 16;US 20", "source": "GPS survey", "source:hgv:national_network": "https://hepgis-usdot.hub.arcgis.com/apps/usdot::national-network-conventional-combination-trucks-map/explore", "wydot_ml_number": "31" }, "geometry": { "type": "LineString", "coordinates": [ [ -109.9337791, 44.4931295 ], [ -109.9322902, 44.4927896 ], [ -109.929815, 44.4922562 ], [ -109.9286267, 44.4920236 ], [ -109.9270325, 44.4915916 ], [ -109.925588, 44.490923 ], [ -109.9237293, 44.4901738 ], [ -109.9233097, 44.4899762 ], [ -109.9229266, 44.4897538 ], [ -109.9225238, 44.4894672 ], [ -109.9223334, 44.4892931 ], [ -109.9221635, 44.4891137 ], [ -109.922045, 44.488964 ], [ -109.9217812, 44.4886101 ], [ -109.921251, 44.4877675 ], [ -109.9210808, 44.4875423 ], [ -109.9209376, 44.487365 ], [ -109.9207616, 44.4871921 ], [ -109.9205897, 44.4870371 ], [ -109.9204278, 44.4869071 ], [ -109.9200347, 44.4866449 ], [ -109.9196346, 44.486448 ], [ -109.9190638, 44.4862315 ], [ -109.9184763, 44.4860698 ], [ -109.917932, 44.4859519 ] ] }, "id": "way/109021423" }, { "type": "Feature", "properties": { "@id": "way/109021424", "NHS": "yes", "bridge": "yes", "hgv": "designated", "hgv:national_network": "yes", "highway": "primary", "lanes": "2", "layer": "1", "maxspeed": "50 mph", "name": "North Fork Highway", "ref": "US 14;US 16;US 20", "source": "GPS survey", "source:hgv:national_network": "https://hepgis-usdot.hub.arcgis.com/apps/usdot::national-network-conventional-combination-trucks-map/explore", "wydot_ml_number": "31" }, "geometry": { "type": "LineString", "coordinates": [ [ -109.5752342, 44.4611895 ], [ -109.5747947, 44.461128 ] ] }, "id": "way/109021424" }, { "type": "Feature", "properties": { "@id": "way/109021425", "NHS": "yes", "hgv": "designated", "hgv:national_network": "yes", "highway": "primary", "lanes": "2", "maxspeed": "50 mph", "name": "North Fork Highway", "ref": "US 14;US 16;US 20", "source": "GPS survey", "source:hgv:national_network": "https://hepgis-usdot.hub.arcgis.com/apps/usdot::national-network-conventional-combination-trucks-map/explore", "wydot_ml_number": "31" }, "geometry": { "type": "LineString", "coordinates": [ [ -109.7187346, 44.4579299 ], [ -109.7182247, 44.4581737 ], [ -109.7180048, 44.4582981 ], [ -109.7176803, 44.4584934 ], [ -109.7172389, 44.4588202 ], [ -109.7170204, 44.4590256 ], [ -109.7168219, 44.4592305 ], [ -109.7166154, 44.4594698 ], [ -109.7164277, 44.4597148 ], [ -109.7162801, 44.4599599 ], [ -109.7160602, 44.4603293 ], [ -109.715682, 44.4609745 ], [ -109.715446, 44.4613746 ], [ -109.7153253, 44.4615584 ], [ -109.7151912, 44.461767 ], [ -109.7150571, 44.4619355 ], [ -109.714982, 44.4620255 ], [ -109.714872, 44.462148 ], [ -109.7145743, 44.4624447 ], [ -109.7143355, 44.4626476 ], [ -109.714121, 44.4628103 ], [ -109.7137562, 44.4630554 ], [ -109.7134316, 44.4632411 ], [ -109.7131554, 44.4633827 ], [ -109.7128523, 44.4635186 ], [ -109.7126136, 44.4636201 ], [ -109.7122944, 44.4637254 ], [ -109.7119806, 44.4638249 ], [ -109.711546, 44.4639379 ], [ -109.710398, 44.46418 ], [ -109.7099394, 44.464269 ], [ -109.7094459, 44.4644069 ], [ -109.709024, 44.464535 ], [ -109.7085983, 44.4647055 ], [ -109.7082818, 44.4648452 ], [ -109.7080028, 44.464983 ], [ -109.707689, 44.4651611 ], [ -109.7073055, 44.4654061 ], [ -109.7069058, 44.4656894 ], [ -109.7056345, 44.4665814 ], [ -109.7051919, 44.4668934 ], [ -109.7049317, 44.4670619 ], [ -109.7047037, 44.4672016 ], [ -109.7043336, 44.4674102 ], [ -109.7039956, 44.4675615 ], [ -109.703722, 44.4676878 ], [ -109.7034109, 44.4678065 ], [ -109.7029683, 44.4679615 ], [ -109.7025365, 44.4680974 ], [ -109.7021288, 44.468195 ], [ -109.7015977, 44.4683041 ], [ -109.7012169, 44.4683597 ], [ -109.7008789, 44.4683979 ], [ -109.7005168, 44.4684324 ], [ -109.7001735, 44.4684573 ], [ -109.6996907, 44.4684707 ], [ -109.6992964, 44.4684592 ], [ -109.6988753, 44.4684343 ], [ -109.6984783, 44.4683999 ], [ -109.6980411, 44.4683367 ], [ -109.6977085, 44.4682773 ], [ -109.6973786, 44.4682142 ], [ -109.6970675, 44.4681453 ], [ -109.6966705, 44.4680381 ], [ -109.6961448, 44.4678677 ], [ -109.6958095, 44.4677433 ], [ -109.6954286, 44.4675863 ], [ -109.6950263, 44.467393 ], [ -109.6947125, 44.4672131 ], [ -109.6929342, 44.4661143 ], [ -109.6926177, 44.4659248 ], [ -109.692159, 44.465676 ], [ -109.6917969, 44.4655056 ], [ -109.691459, 44.465364 ], [ -109.6910057, 44.4651955 ], [ -109.6903995, 44.4650041 ], [ -109.6900347, 44.4649103 ], [ -109.6894849, 44.4647897 ], [ -109.6890182, 44.4647093 ], [ -109.6885407, 44.4646423 ], [ -109.6879606, 44.4645858 ], [ -109.6873337, 44.4645619 ], [ -109.6868644, 44.4645638 ], [ -109.6863243, 44.4645944 ], [ -109.6853677, 44.464648 ], [ -109.6848634, 44.4646653 ], [ -109.6844665, 44.4646576 ], [ -109.6841258, 44.4646404 ], [ -109.6835867, 44.4645983 ], [ -109.6830449, 44.4645294 ], [ -109.6826023, 44.4644585 ], [ -109.6818808, 44.464315 ], [ -109.6810279, 44.4641274 ], [ -109.6799952, 44.4639053 ], [ -109.6795902, 44.4638345 ], [ -109.6791798, 44.4637905 ], [ -109.6787882, 44.4637579 ], [ -109.6766639, 44.4636794 ], [ -109.6761731, 44.4636469 ], [ -109.6758566, 44.4636067 ], [ -109.6755025, 44.4635512 ], [ -109.6751753, 44.4634976 ], [ -109.67381, 44.4632277 ], [ -109.6723563, 44.4629884 ] ] }, "id": "way/109021425" }, { "type": "Feature", "properties": { "@id": "way/109021426", "NHS": "yes", "bridge": "yes", "hgv": "designated", "hgv:national_network": "yes", "highway": "primary", "lanes": "2", "layer": "1", "maxspeed": "50 mph", "name": "North Fork Highway", "ref": "US 14;US 16;US 20", "source": "GPS survey", "source:hgv:national_network": "https://hepgis-usdot.hub.arcgis.com/apps/usdot::national-network-conventional-combination-trucks-map/explore", "wydot_ml_number": "31" }, "geometry": { "type": "LineString", "coordinates": [ [ -109.8644608, 44.462071 ], [ -109.8644066, 44.46184 ] ] }, "id": "way/109021426" }, { "type": "Feature", "properties": { "@id": "way/109021428", "NHS": "yes", "bridge": "yes", "hgv": "designated", "hgv:national_network": "yes", "highway": "primary", "lanes": "2", "layer": "1", "maxspeed": "50 mph", "name": "North Fork Highway", "ref": "US 14;US 16;US 20", "source": "GPS survey", "source:hgv:national_network": "https://hepgis-usdot.hub.arcgis.com/apps/usdot::national-network-conventional-combination-trucks-map/explore", "wydot_ml_number": "31" }, "geometry": { "type": "LineString", "coordinates": [ [ -109.7571541, 44.4530078 ], [ -109.756802, 44.4528962 ] ] }, "id": "way/109021428" }, { "type": "Feature", "properties": { "@id": "way/109021429", "NHS": "yes", "bridge": "yes", "hgv": "designated", "hgv:national_network": "yes", "highway": "primary", "lanes": "2", "layer": "1", "maxspeed": "50 mph", "name": "North Fork Highway", "ref": "US 14;US 16;US 20", "source": "GPS survey", "source:hgv:national_network": "https://hepgis-usdot.hub.arcgis.com/apps/usdot::national-network-conventional-combination-trucks-map/explore", "wydot_ml_number": "31" }, "geometry": { "type": "LineString", "coordinates": [ [ -109.6614398, 44.4636871 ], [ -109.6603442, 44.4640052 ] ] }, "id": "way/109021429" }, { "type": "Feature", "properties": { "@id": "way/109021431", "NHS": "yes", "bridge": "yes", "hgv": "designated", "hgv:national_network": "yes", "highway": "primary", "lanes": "2", "layer": "1", "maxspeed": "50 mph", "name": "North Fork Highway", "ref": "US 14;US 16;US 20", "source": "GPS survey", "source:hgv:national_network": "https://hepgis-usdot.hub.arcgis.com/apps/usdot::national-network-conventional-combination-trucks-map/explore", "wydot_ml_number": "31" }, "geometry": { "type": "LineString", "coordinates": [ [ -109.6290306, 44.465187 ], [ -109.6278316, 44.4649989 ] ] }, "id": "way/109021431" }, { "type": "Feature", "properties": { "@id": "way/109021432", "NHS": "yes", "bridge": "yes", "hgv": "designated", "hgv:national_network": "yes", "highway": "primary", "lanes": "2", "layer": "1", "maxspeed": "50 mph", "name": "North Fork Highway", "ref": "US 14;US 16;US 20", "source": "GPS survey", "source:hgv:national_network": "https://hepgis-usdot.hub.arcgis.com/apps/usdot::national-network-conventional-combination-trucks-map/explore", "wydot_ml_number": "31" }, "geometry": { "type": "LineString", "coordinates": [ [ -109.8382916, 44.4533647 ], [ -109.8380552, 44.4532056 ] ] }, "id": "way/109021432" }, { "type": "Feature", "properties": { "@id": "way/109021433", "NHS": "yes", "hgv": "designated", "hgv:national_network": "yes", "highway": "primary", "lanes": "2", "maxspeed": "50 mph", "name": "North Fork Highway", "ref": "US 14;US 16;US 20", "source": "GPS survey", "source:hgv:national_network": "https://hepgis-usdot.hub.arcgis.com/apps/usdot::national-network-conventional-combination-trucks-map/explore", "wydot_ml_number": "31" }, "geometry": { "type": "LineString", "coordinates": [ [ -109.738888, 44.4610106 ], [ -109.7385586, 44.4606605 ], [ -109.7383413, 44.4604117 ], [ -109.7379256, 44.459889 ] ] }, "id": "way/109021433" }, { "type": "Feature", "properties": { "@id": "way/109021435", "NHS": "yes", "bridge": "yes", "hgv": "designated", "hgv:national_network": "yes", "highway": "primary", "lanes": "2", "layer": "1", "maxspeed": "50 mph", "name": "North Fork Highway", "ref": "US 14;US 16;US 20", "source": "GPS survey", "source:hgv:national_network": "https://hepgis-usdot.hub.arcgis.com/apps/usdot::national-network-conventional-combination-trucks-map/explore", "wydot_ml_number": "31" }, "geometry": { "type": "LineString", "coordinates": [ [ -109.917932, 44.4859519 ], [ -109.9176569, 44.4858895 ] ] }, "id": "way/109021435" }, { "type": "Feature", "properties": { "@id": "way/109021436", "NHS": "yes", "hgv": "designated", "hgv:national_network": "yes", "highway": "primary", "lanes": "2", "maxspeed": "50 mph", "name": "North Fork Highway", "ref": "US 14;US 16;US 20", "source": "GPS survey", "source:hgv:national_network": "https://hepgis-usdot.hub.arcgis.com/apps/usdot::national-network-conventional-combination-trucks-map/explore", "wydot_ml_number": "31" }, "geometry": { "type": "LineString", "coordinates": [ [ -109.5747947, 44.461128 ], [ -109.5735719, 44.4609602 ], [ -109.5729094, 44.4608751 ], [ -109.5720082, 44.4607487 ], [ -109.5715804, 44.4606769 ], [ -109.5710788, 44.4605707 ], [ -109.570655, 44.4604644 ], [ -109.570064, 44.460297 ], [ -109.5697256, 44.4601964 ], [ -109.5692804, 44.4600576 ], [ -109.5688633, 44.4599265 ], [ -109.5684247, 44.4597963 ], [ -109.5681726, 44.4597226 ], [ -109.568001, 44.4596824 ], [ -109.5677287, 44.4596183 ], [ -109.5675128, 44.4595781 ], [ -109.5671292, 44.4595187 ], [ -109.5667738, 44.4594699 ], [ -109.5665204, 44.459446 ], [ -109.5662709, 44.4594345 ], [ -109.5646777, 44.4593435 ], [ -109.5636129, 44.4592842 ], [ -109.5623925, 44.4592172 ], [ -109.5619982, 44.4592067 ], [ -109.5616709, 44.4592038 ], [ -109.5614363, 44.4592229 ], [ -109.5612109, 44.4592459 ], [ -109.5609494, 44.4593024 ], [ -109.5606262, 44.4593847 ], [ -109.5601984, 44.4595436 ], [ -109.5598336, 44.4596881 ], [ -109.5595641, 44.4597963 ], [ -109.5593307, 44.4598547 ], [ -109.5591591, 44.4599016 ], [ -109.5589311, 44.4599437 ], [ -109.5587608, 44.4599705 ], [ -109.5584939, 44.4599983 ], [ -109.5579118, 44.4600337 ], [ -109.5570066, 44.4600691 ], [ -109.5541701, 44.4601887 ], [ -109.5538469, 44.4601974 ], [ -109.553513, 44.4601954 ], [ -109.5532126, 44.460184 ], [ -109.5528285, 44.4601556 ], [ -109.5525635, 44.4601304 ], [ -109.5522135, 44.4600835 ], [ -109.5518876, 44.4600308 ], [ -109.5516448, 44.459981 ], [ -109.550057, 44.4596613 ], [ -109.5488822, 44.459422 ], [ -109.548618, 44.4593723 ], [ -109.5483296, 44.4593244 ], [ -109.548052, 44.4592918 ], [ -109.5478351, 44.4592675 ], [ -109.5475317, 44.4592555 ], [ -109.5472581, 44.4592564 ], [ -109.5470221, 44.4592563 ], [ -109.5467149, 44.4592746 ], [ -109.5463743, 44.4593072 ], [ -109.5459813, 44.459359 ], [ -109.5456313, 44.4594345 ], [ -109.5453256, 44.459512 ], [ -109.5451043, 44.4595742 ], [ -109.5449447, 44.4596259 ], [ -109.5438691, 44.460005 ], [ -109.5435191, 44.4601256 ], [ -109.5432026, 44.4602242 ], [ -109.542925, 44.4602873 ], [ -109.5426209, 44.4603405 ], [ -109.5424476, 44.460361 ], [ -109.5421404, 44.4603811 ], [ -109.5419245, 44.4603831 ], [ -109.5417135, 44.4603743 ], [ -109.5411225, 44.4603304 ], [ -109.5407068, 44.4602873 ], [ -109.5402683, 44.460251 ], [ -109.5398337, 44.4602309 ], [ -109.5395387, 44.4602318 ], [ -109.5392463, 44.4602433 ], [ -109.5388293, 44.4602682 ], [ -109.5365896, 44.4604481 ], [ -109.5357487, 44.4605142 ], [ -109.5351063, 44.4605621 ], [ -109.5343701, 44.4606157 ], [ -109.5338846, 44.4606377 ], [ -109.5334554, 44.4606444 ], [ -109.5331939, 44.4606386 ], [ -109.5327621, 44.4606099 ], [ -109.5323692, 44.460564 ], [ -109.5320325, 44.4605161 ], [ -109.5316329, 44.4604347 ], [ -109.5311367, 44.4603189 ], [ -109.5306512, 44.4601907 ], [ -109.5297325, 44.4599447 ], [ -109.5294174, 44.4598738 ], [ -109.5290674, 44.4598145 ], [ -109.5287039, 44.4597666 ], [ -109.5284652, 44.4597456 ], [ -109.5281447, 44.4597379 ], [ -109.5279033, 44.4597398 ], [ -109.5276981, 44.4597542 ], [ -109.5274674, 44.4597781 ], [ -109.5272247, 44.4598097 ], [ -109.5269243, 44.4598652 ], [ -109.5266829, 44.459915 ], [ -109.5264951, 44.4599648 ], [ -109.5261478, 44.4600806 ], [ -109.5259117, 44.4601715 ], [ -109.525599, 44.4603123 ], [ -109.5252801, 44.4604998 ], [ -109.5251511, 44.4605861 ], [ -109.5248308, 44.4608215 ], [ -109.5245666, 44.4610263 ], [ -109.5242018, 44.4613345 ], [ -109.5240409, 44.4614589 ], [ -109.5238934, 44.461569 ], [ -109.5236463, 44.4617271 ], [ -109.5233111, 44.4619166 ], [ -109.5230605, 44.4620352 ], [ -109.5227539, 44.4621598 ], [ -109.5225026, 44.4622524 ], [ -109.5222626, 44.4623223 ], [ -109.5220346, 44.4623807 ], [ -109.5217986, 44.4624372 ], [ -109.5215263, 44.4624812 ], [ -109.5212541, 44.4625185 ], [ -109.5209269, 44.4625482 ], [ -109.5206559, 44.4625635 ] ] }, "id": "way/109021436" }, { "type": "Feature", "properties": { "@id": "way/109021437", "NHS": "yes", "bridge": "yes", "hgv": "designated", "hgv:national_network": "yes", "highway": "primary", "lanes": "2", "layer": "1", "maxspeed": "50 mph", "name": "North Fork Highway", "ref": "US 14;US 16;US 20", "source": "GPS survey", "source:hgv:national_network": "https://hepgis-usdot.hub.arcgis.com/apps/usdot::national-network-conventional-combination-trucks-map/explore", "wydot_ml_number": "31" }, "geometry": { "type": "LineString", "coordinates": [ [ -109.6723563, 44.4629884 ], [ -109.6719121, 44.4629023 ] ] }, "id": "way/109021437" }, { "type": "Feature", "properties": { "@id": "way/109021438", "NHS": "yes", "bridge": "yes", "hgv": "designated", "hgv:national_network": "yes", "highway": "primary", "lanes": "2", "layer": "1", "maxspeed": "50 mph", "name": "North Fork Highway", "ref": "US 14;US 16;US 20", "source": "GPS survey", "source:hgv:national_network": "https://hepgis-usdot.hub.arcgis.com/apps/usdot::national-network-conventional-combination-trucks-map/explore", "wydot_ml_number": "31" }, "geometry": { "type": "LineString", "coordinates": [ [ -109.7379256, 44.459889 ], [ -109.7370897, 44.4588926 ] ] }, "id": "way/109021438" }, { "type": "Feature", "properties": { "@id": "way/109021439", "NHS": "yes", "hgv": "designated", "hgv:national_network": "yes", "highway": "primary", "lanes": "2", "maxspeed": "50 mph", "name": "North Fork Highway", "ref": "US 14;US 16;US 20", "source": "GPS survey", "source:hgv:national_network": "https://hepgis-usdot.hub.arcgis.com/apps/usdot::national-network-conventional-combination-trucks-map/explore", "wydot_ml_number": "31" }, "geometry": { "type": "LineString", "coordinates": [ [ -109.8644066, 44.46184 ], [ -109.86413, 44.460659 ], [ -109.86396, 44.46028 ], [ -109.8637271, 44.4599747 ], [ -109.8635957, 44.4598216 ], [ -109.8634106, 44.459655 ], [ -109.8631263, 44.4594349 ], [ -109.8628661, 44.4592856 ], [ -109.8625148, 44.4591228 ], [ -109.8622412, 44.4590252 ], [ -109.861973, 44.4589544 ], [ -109.8616136, 44.4588701 ], [ -109.86123, 44.4588223 ], [ -109.8609189, 44.4588127 ], [ -109.8604656, 44.458807 ], [ -109.8581884, 44.4589525 ], [ -109.8577109, 44.4589716 ], [ -109.8571021, 44.4589505 ], [ -109.8550287, 44.4588701 ], [ -109.8544467, 44.4588854 ], [ -109.8536393, 44.4589027 ], [ -109.8529232, 44.4589276 ], [ -109.8519469, 44.4590099 ], [ -109.8488811, 44.4592913 ], [ -109.8483956, 44.4593258 ], [ -109.8478833, 44.4593258 ], [ -109.8473442, 44.4593009 ], [ -109.846797, 44.4592492 ], [ -109.846313, 44.45918 ], [ -109.844772, 44.4589793 ], [ -109.8441604, 44.4588472 ], [ -109.8436991, 44.4587265 ], [ -109.8432833, 44.4585906 ], [ -109.842871, 44.458426 ], [ -109.8418805, 44.4579761 ], [ -109.8416365, 44.4578516 ], [ -109.8412636, 44.4576008 ], [ -109.8408881, 44.4573098 ], [ -109.8404777, 44.456971 ], [ -109.8399225, 44.4564426 ], [ -109.8396865, 44.456186 ], [ -109.8395363, 44.4559907 ], [ -109.8393754, 44.4557246 ], [ -109.8392788, 44.4554642 ], [ -109.8391179, 44.4547271 ], [ -109.8390481, 44.4544017 ], [ -109.8389542, 44.4541662 ], [ -109.8388506, 44.4539811 ], [ -109.8386459, 44.4537245 ], [ -109.8385385, 44.453588 ], [ -109.8382916, 44.4533647 ] ] }, "id": "way/109021439" }, { "type": "Feature", "properties": { "@id": "way/109021440", "NHS": "yes", "hgv": "designated", "hgv:national_network": "yes", "highway": "primary", "lanes": "2", "maxspeed": "50 mph", "name": "North Fork Highway", "ref": "US 14;US 16;US 20", "source": "GPS survey", "source:hgv:national_network": "https://hepgis-usdot.hub.arcgis.com/apps/usdot::national-network-conventional-combination-trucks-map/explore", "wydot_ml_number": "31" }, "geometry": { "type": "LineString", "coordinates": [ [ -109.756802, 44.4528962 ], [ -109.756377, 44.452799 ], [ -109.7552394, 44.452741 ], [ -109.7546484, 44.452775 ], [ -109.7540704, 44.452858 ], [ -109.7537904, 44.452918 ], [ -109.7532581, 44.4530876 ], [ -109.7528697, 44.4532378 ], [ -109.7525812, 44.4533533 ], [ -109.7518489, 44.4536951 ], [ -109.7515861, 44.4538406 ], [ -109.7513286, 44.4539823 ], [ -109.7509396, 44.4542159 ], [ -109.7505507, 44.4544897 ], [ -109.7501994, 44.4547501 ], [ -109.749738, 44.4551464 ], [ -109.7494537, 44.4554125 ], [ -109.749156, 44.4557284 ], [ -109.7489092, 44.4560367 ], [ -109.7486726, 44.4563499 ], [ -109.7483531, 44.4568457 ], [ -109.7481128, 44.4573038 ], [ -109.7478784, 44.457879 ], [ -109.7477817, 44.4582514 ], [ -109.7477211, 44.4584783 ], [ -109.7475467, 44.4592989 ], [ -109.747426, 44.4596914 ], [ -109.7472913, 44.4599916 ], [ -109.7471363, 44.4602734 ], [ -109.7469995, 44.4604744 ], [ -109.746809, 44.4606945 ], [ -109.7465462, 44.4609625 ], [ -109.7462511, 44.4612171 ], [ -109.7459212, 44.4614449 ], [ -109.745479, 44.461687 ], [ -109.745079, 44.4618699 ], [ -109.744462, 44.462086 ], [ -109.7439847, 44.4621877 ], [ -109.7434482, 44.4622643 ], [ -109.7431156, 44.4622987 ], [ -109.7427455, 44.4623064 ], [ -109.742421, 44.4623026 ], [ -109.7420723, 44.4622853 ], [ -109.7417102, 44.4622471 ], [ -109.7414098, 44.4621954 ], [ -109.7409457, 44.4620901 ], [ -109.7405997, 44.4619848 ], [ -109.7402805, 44.4618642 ], [ -109.7400257, 44.4617512 ], [ -109.739787, 44.4616192 ], [ -109.739618, 44.4615234 ] ] }, "id": "way/109021440" }, { "type": "Feature", "properties": { "@id": "way/109021441", "NHS": "yes", "bridge": "yes", "hgv": "designated", "hgv:national_network": "yes", "highway": "primary", "lanes": "2", "layer": "1", "maxspeed": "50 mph", "name": "North Fork Highway", "ref": "US 14;US 16;US 20", "source": "GPS survey", "source:hgv:national_network": "https://hepgis-usdot.hub.arcgis.com/apps/usdot::national-network-conventional-combination-trucks-map/explore", "wydot_ml_number": "31" }, "geometry": { "type": "LineString", "coordinates": [ [ -109.9344144, 44.4932499 ], [ -109.9337791, 44.4931295 ] ] }, "id": "way/109021441" }, { "type": "Feature", "properties": { "@id": "way/109021442", "NHS": "yes", "hgv": "designated", "hgv:national_network": "yes", "highway": "primary", "lanes": "2", "maxspeed": "50 mph", "name": "North Fork Highway", "ref": "US 14;US 16;US 20", "source": "GPS survey", "source:hgv:national_network": "https://hepgis-usdot.hub.arcgis.com/apps/usdot::national-network-conventional-combination-trucks-map/explore", "wydot_ml_number": "31" }, "geometry": { "type": "LineString", "coordinates": [ [ -110.0003102, 44.4903031 ], [ -109.9998904, 44.4905551 ], [ -109.9995289, 44.4908239 ], [ -109.9993461, 44.4909756 ], [ -109.9991643, 44.4911597 ], [ -109.9989543, 44.491386 ], [ -109.9986847, 44.4916322 ], [ -109.9984098, 44.4918668 ], [ -109.9982139, 44.4919956 ], [ -109.9980371, 44.4921017 ], [ -109.9977233, 44.4922751 ], [ -109.9974827, 44.4923851 ], [ -109.9971502, 44.4925382 ], [ -109.9963582, 44.4928913 ], [ -109.995579, 44.4932422 ], [ -109.9950749, 44.4934546 ], [ -109.9945673, 44.4936673 ], [ -109.9942373, 44.4937858 ], [ -109.994026, 44.4938529 ], [ -109.9936079, 44.4939696 ], [ -109.9931745, 44.4940752 ], [ -109.992613, 44.4941731 ], [ -109.9921055, 44.4942292 ], [ -109.9917168, 44.4942601 ], [ -109.9905754, 44.4943283 ], [ -109.9899738, 44.4943646 ], [ -109.9896206, 44.4943998 ], [ -109.9887321, 44.4945373 ], [ -109.9885408, 44.4945824 ], [ -109.9881845, 44.4946628 ], [ -109.9876045, 44.4948487 ], [ -109.9872898, 44.4949598 ], [ -109.9867839, 44.4951766 ], [ -109.9862024, 44.4954473 ], [ -109.9856579, 44.4956772 ], [ -109.9853602, 44.495763 ], [ -109.9849977, 44.4958522 ], [ -109.9846737, 44.495905 ], [ -109.9842141, 44.4959589 ], [ -109.9838979, 44.4959908 ], [ -109.9837767, 44.4960009 ], [ -109.98354, 44.4960205 ], [ -109.9831929, 44.4960799 ], [ -109.9826793, 44.4962021 ], [ -109.9823677, 44.4962945 ] ] }, "id": "way/109021442" }, { "type": "Feature", "properties": { "@id": "way/109021443", "NHS": "yes", "hgv": "designated", "hgv:national_network": "yes", "highway": "primary", "lanes": "2", "maxspeed": "50 mph", "name": "North Fork Highway", "ref": "US 14;US 16;US 20", "source": "GPS survey", "source:hgv:national_network": "https://hepgis-usdot.hub.arcgis.com/apps/usdot::national-network-conventional-combination-trucks-map/explore", "wydot_ml_number": "31" }, "geometry": { "type": "LineString", "coordinates": [ [ -109.6603442, 44.4640052 ], [ -109.6589694, 44.4644079 ], [ -109.658146, 44.4646549 ], [ -109.6570731, 44.4650166 ], [ -109.6558286, 44.4654454 ], [ -109.6547181, 44.465834 ], [ -109.6540207, 44.466079 ], [ -109.6536399, 44.4662111 ], [ -109.6528272, 44.4664695 ], [ -109.6524382, 44.466592 ], [ -109.6521083, 44.4666839 ], [ -109.651698, 44.4667662 ], [ -109.6513493, 44.4668217 ], [ -109.6509872, 44.4668581 ], [ -109.6506546, 44.4668849 ], [ -109.650193, 44.466881 ], [ -109.6499062, 44.4668696 ], [ -109.6492706, 44.466816 ], [ -109.6480523, 44.4666921 ], [ -109.6476934, 44.4666724 ], [ -109.6474091, 44.4666667 ], [ -109.647061, 44.466674 ], [ -109.6466259, 44.4667184 ], [ -109.6461485, 44.4668007 ], [ -109.645553, 44.4669404 ], [ -109.6450622, 44.467107 ], [ -109.6441824, 44.4674113 ], [ -109.6438069, 44.4675319 ], [ -109.6434287, 44.4676333 ], [ -109.6430934, 44.4676984 ], [ -109.6427045, 44.467752 ], [ -109.6423451, 44.4677788 ], [ -109.6417684, 44.4677903 ], [ -109.6407438, 44.4677578 ], [ -109.6401618, 44.467731 ], [ -109.6392889, 44.4677129 ], [ -109.638434, 44.467761 ], [ -109.6379919, 44.467819 ], [ -109.6373186, 44.4679032 ], [ -109.6369619, 44.4679205 ], [ -109.6366347, 44.4679339 ], [ -109.6363557, 44.4679243 ], [ -109.6360741, 44.4679013 ], [ -109.6359158, 44.4678841 ], [ -109.635591, 44.467834 ], [ -109.6352185, 44.4677559 ], [ -109.6349583, 44.4676869 ], [ -109.6346284, 44.4675644 ], [ -109.634277, 44.4674075 ], [ -109.6338988, 44.4672218 ], [ -109.6336628, 44.4670668 ], [ -109.6325309, 44.4662992 ], [ -109.6322653, 44.4661403 ], [ -109.6320079, 44.465991 ], [ -109.631737, 44.4658627 ], [ -109.6314634, 44.4657479 ], [ -109.6311603, 44.4656311 ], [ -109.6307338, 44.4655067 ], [ -109.6303261, 44.4654052 ], [ -109.6300498, 44.4653497 ], [ -109.6290306, 44.465187 ] ] }, "id": "way/109021443" }, { "type": "Feature", "properties": { "@id": "way/109021444", "NHS": "yes", "hgv": "designated", "hgv:national_network": "yes", "highway": "primary", "lanes": "2", "maxspeed": "50 mph", "name": "North Fork Highway", "ref": "US 14;US 16;US 20", "source": "GPS survey", "source:hgv:national_network": "https://hepgis-usdot.hub.arcgis.com/apps/usdot::national-network-conventional-combination-trucks-map/explore", "wydot_ml_number": "31" }, "geometry": { "type": "LineString", "coordinates": [ [ -109.6278316, 44.4649989 ], [ -109.6269128, 44.4648509 ], [ -109.6254505, 44.4646237 ], [ -109.6246029, 44.4644936 ], [ -109.6243052, 44.4644457 ], [ -109.6199225, 44.4636685 ], [ -109.6185224, 44.4634331 ], [ -109.6177284, 44.4633106 ], [ -109.6157812, 44.4630081 ], [ -109.6149041, 44.4628645 ], [ -109.6144159, 44.4627822 ], [ -109.6120583, 44.4624013 ], [ -109.6106045, 44.4621735 ], [ -109.6098857, 44.4620548 ], [ -109.6094136, 44.4619725 ], [ -109.6088798, 44.4618442 ], [ -109.60844, 44.4617121 ], [ -109.6080725, 44.4615934 ], [ -109.6076648, 44.4614518 ], [ -109.6074368, 44.461379 ], [ -109.606954, 44.4612239 ], [ -109.6064873, 44.4610957 ], [ -109.605948, 44.46098 ], [ -109.6054842, 44.4609042 ], [ -109.6046259, 44.4607856 ], [ -109.6033464, 44.4606133 ], [ -109.6029253, 44.4605616 ], [ -109.6026437, 44.4605424 ], [ -109.6022923, 44.4605367 ], [ -109.6019651, 44.4605482 ], [ -109.6016996, 44.4605845 ], [ -109.6014448, 44.4606267 ], [ -109.6010102, 44.4607166 ], [ -109.6007286, 44.4607932 ], [ -109.6004792, 44.4608717 ], [ -109.5999374, 44.4610497 ], [ -109.5996611, 44.4611569 ], [ -109.5994063, 44.461268 ], [ -109.5991837, 44.4613675 ], [ -109.5989691, 44.4614709 ], [ -109.597856, 44.4620395 ], [ -109.5976467, 44.4621467 ], [ -109.5973785, 44.4622577 ], [ -109.5971693, 44.4623477 ], [ -109.5967804, 44.462497 ], [ -109.5964505, 44.462608 ], [ -109.5961501, 44.4627018 ], [ -109.5958363, 44.4627803 ], [ -109.5954951, 44.4628575 ], [ -109.5951764, 44.4629181 ], [ -109.5948921, 44.4629583 ], [ -109.5943449, 44.4630177 ], [ -109.5927303, 44.4632053 ], [ -109.590378, 44.463479 ], [ -109.5886453, 44.4636781 ], [ -109.5873873, 44.4638178 ], [ -109.5871486, 44.4638466 ], [ -109.5869447, 44.4638676 ], [ -109.5866416, 44.4638868 ], [ -109.5863546, 44.4638982 ], [ -109.5860811, 44.4639059 ], [ -109.5856626, 44.463904 ], [ -109.5852791, 44.4638887 ], [ -109.5848553, 44.4638619 ], [ -109.5844395, 44.4638198 ], [ -109.584005, 44.4637585 ], [ -109.5836946, 44.4637025 ], [ -109.5834672, 44.4636532 ], [ -109.5831765, 44.4635831 ], [ -109.582857, 44.4635001 ], [ -109.5824762, 44.4633852 ], [ -109.5821892, 44.4632838 ], [ -109.5817949, 44.4631191 ], [ -109.5811082, 44.4628186 ], [ -109.5799924, 44.4622979 ], [ -109.5797323, 44.462183 ], [ -109.5793514, 44.4620299 ], [ -109.5790081, 44.4619035 ], [ -109.5787425, 44.4618231 ], [ -109.5782866, 44.4616891 ], [ -109.5778601, 44.4615781 ], [ -109.5775302, 44.4615111 ], [ -109.5771359, 44.4614498 ], [ -109.5766397, 44.4613771 ], [ -109.5764117, 44.4613446 ], [ -109.5762642, 44.4613254 ], [ -109.5762105, 44.4613158 ], [ -109.5752342, 44.4611895 ] ] }, "id": "way/109021444" }, { "type": "Feature", "properties": { "@id": "way/109021445", "NHS": "yes", "bridge": "yes", "hgv": "designated", "hgv:national_network": "yes", "highway": "primary", "lanes": "2", "layer": "1", "maxspeed": "50 mph", "name": "North Fork Highway", "ref": "US 14;US 16;US 20", "source": "GPS survey", "source:hgv:national_network": "https://hepgis-usdot.hub.arcgis.com/apps/usdot::national-network-conventional-combination-trucks-map/explore", "wydot_ml_number": "31" }, "geometry": { "type": "LineString", "coordinates": [ [ -109.7937966, 44.4533371 ], [ -109.7932381, 44.4531952 ] ] }, "id": "way/109021445" }, { "type": "Feature", "properties": { "@id": "way/109021446", "NHS": "yes", "hgv": "designated", "hgv:national_network": "yes", "highway": "primary", "lanes": "2", "maxspeed": "50 mph", "name": "North Fork Highway", "ref": "US 14;US 16;US 20", "source": "GPS survey", "source:hgv:national_network": "https://hepgis-usdot.hub.arcgis.com/apps/usdot::national-network-conventional-combination-trucks-map/explore", "wydot_ml_number": "31" }, "geometry": { "type": "LineString", "coordinates": [ [ -109.8380552, 44.4532056 ], [ -109.8377821, 44.4530461 ], [ -109.8375166, 44.4529236 ], [ -109.8371798, 44.4528047 ], [ -109.8367736, 44.4527034 ], [ -109.8363686, 44.4526364 ], [ -109.8359582, 44.4526096 ], [ -109.8355827, 44.4526172 ], [ -109.835293, 44.4526421 ], [ -109.8350302, 44.45269 ], [ -109.8347271, 44.4527532 ], [ -109.8344642, 44.4528413 ], [ -109.8342121, 44.4529389 ], [ -109.8339171, 44.453071 ], [ -109.833681, 44.453207 ], [ -109.8316035, 44.4543959 ], [ -109.8310954, 44.4546831 ], [ -109.8308003, 44.4548612 ], [ -109.8304865, 44.4550239 ], [ -109.8301861, 44.4551541 ], [ -109.8299179, 44.4552594 ], [ -109.8295477, 44.4553724 ], [ -109.8292071, 44.4554623 ], [ -109.8288933, 44.4555255 ], [ -109.8285634, 44.4555772 ], [ -109.8281959, 44.4556136 ], [ -109.8278124, 44.455627 ], [ -109.8274744, 44.4556232 ], [ -109.8271257, 44.455604 ], [ -109.8267395, 44.4555619 ], [ -109.8262406, 44.4554777 ], [ -109.8255539, 44.4553073 ], [ -109.8240331, 44.454888 ], [ -109.8237032, 44.4548056 ], [ -109.8231963, 44.4546984 ], [ -109.8228395, 44.4546429 ], [ -109.8224989, 44.4546027 ], [ -109.8220939, 44.454574 ], [ -109.8202217, 44.454528 ], [ -109.8197201, 44.4545051 ], [ -109.8192722, 44.4544648 ], [ -109.8185748, 44.4543844 ], [ -109.8151094, 44.4539613 ], [ -109.8134008, 44.4537564 ], [ -109.8128859, 44.4536799 ], [ -109.8124031, 44.4535822 ], [ -109.8119685, 44.4534731 ], [ -109.8109976, 44.4531955 ], [ -109.8105416, 44.4530806 ], [ -109.8101312, 44.4530021 ], [ -109.8096806, 44.4529427 ], [ -109.8092595, 44.4528987 ], [ -109.8082, 44.4528317 ], [ -109.80739, 44.4527934 ], [ -109.8065076, 44.4528221 ], [ -109.8061213, 44.4528432 ], [ -109.8054266, 44.4529121 ], [ -109.8049626, 44.4529791 ], [ -109.8044449, 44.4530634 ], [ -109.8039675, 44.453161 ], [ -109.8035089, 44.4532778 ], [ -109.8029215, 44.4534425 ], [ -109.8023501, 44.4536358 ], [ -109.8013872, 44.4540073 ], [ -109.8009849, 44.4541566 ], [ -109.8005826, 44.4542734 ], [ -109.8002714, 44.4543481 ], [ -109.8000005, 44.4543921 ], [ -109.7997806, 44.454417 ], [ -109.7994909, 44.4544419 ], [ -109.7991556, 44.4544553 ], [ -109.798909, 44.454455 ], [ -109.7985977, 44.454438 ], [ -109.7982598, 44.4543998 ], [ -109.797462, 44.454275 ], [ -109.7958592, 44.453969 ], [ -109.7954032, 44.4538598 ], [ -109.795017, 44.4537411 ], [ -109.7944756, 44.4535663 ], [ -109.7937966, 44.4533371 ] ] }, "id": "way/109021446" }, { "type": "Feature", "properties": { "@id": "way/109021447", "NHS": "yes", "bridge": "yes", "hgv": "designated", "hgv:national_network": "yes", "highway": "primary", "lanes": "2", "layer": "1", "maxspeed": "40 mph", "name": "North Fork Highway", "ref": "US 14;US 16;US 20", "source": "GPS survey", "source:hgv:national_network": "https://hepgis-usdot.hub.arcgis.com/apps/usdot::national-network-conventional-combination-trucks-map/explore", "wydot_ml_number": "31" }, "geometry": { "type": "LineString", "coordinates": [ [ -109.9605552, 44.5023074 ], [ -109.9602364, 44.5022898 ], [ -109.9598284, 44.5022673 ], [ -109.9592308, 44.5021928 ] ] }, "id": "way/109021447" }, { "type": "Feature", "properties": { "@id": "way/109021448", "NHS": "yes", "bridge": "yes", "hgv": "designated", "hgv:national_network": "yes", "highway": "primary", "lanes": "2", "layer": "1", "maxspeed": "50 mph", "name": "North Fork Highway", "ref": "US 14;US 16;US 20", "source": "GPS survey", "source:hgv:national_network": "https://hepgis-usdot.hub.arcgis.com/apps/usdot::national-network-conventional-combination-trucks-map/explore", "wydot_ml_number": "31" }, "geometry": { "type": "LineString", "coordinates": [ [ -109.7190965, 44.4577927 ], [ -109.7187346, 44.4579299 ] ] }, "id": "way/109021448" }, { "type": "Feature", "properties": { "@id": "way/109021454", "NHS": "yes", "hgv": "designated", "hgv:national_network": "yes", "highway": "primary", "lanes": "2", "maxspeed": "70 mph", "name": "North Fork Highway", "ref": "US 14;US 16;US 20", "source:hgv:national_network": "https://hepgis-usdot.hub.arcgis.com/apps/usdot::national-network-conventional-combination-trucks-map/explore", "tiger:cfcc": "A21", "tiger:county": "Park, WY", "tiger:name_base": "North Fork", "tiger:name_base_1": "United States Highway 20", "tiger:name_base_2": "United States Highway 16", "tiger:name_base_3": "United States Highway 14", "tiger:name_type": "Hwy", "wydot_ml_number": "31" }, "geometry": { "type": "LineString", "coordinates": [ [ -109.5056228, 44.4625555 ], [ -109.5023166, 44.4625462 ], [ -109.5016835, 44.4625331 ], [ -109.500369, 44.462506 ], [ -109.499872, 44.462507 ], [ -109.4986467, 44.4625239 ], [ -109.4979842, 44.462533 ], [ -109.49576, 44.462509 ], [ -109.4935671, 44.4625363 ], [ -109.4924296, 44.4625304 ], [ -109.4891568, 44.4625135 ], [ -109.4886314, 44.4625108 ], [ -109.485953, 44.462516 ], [ -109.4856038, 44.4625157 ], [ -109.483498, 44.4625142 ], [ -109.48012, 44.462464 ], [ -109.478251, 44.462448 ], [ -109.475406, 44.462451 ], [ -109.4744392, 44.4624604 ], [ -109.4733177, 44.4624597 ], [ -109.472075, 44.4624589 ], [ -109.4718938, 44.4624588 ], [ -109.4708195, 44.4624581 ], [ -109.469052, 44.462457 ], [ -109.465421, 44.46246 ], [ -109.4636368, 44.4624624 ], [ -109.4632994, 44.4624628 ], [ -109.463181, 44.462463 ], [ -109.462074, 44.462465 ], [ -109.4608061, 44.4624764 ], [ -109.4584499, 44.4624718 ], [ -109.457497, 44.46247 ], [ -109.4574041, 44.4624702 ], [ -109.4558719, 44.4624729 ], [ -109.454315, 44.462473 ], [ -109.4532545, 44.4624741 ], [ -109.451389, 44.462476 ], [ -109.449678, 44.462478 ], [ -109.449187, 44.4625454 ], [ -109.4489662, 44.4625757 ], [ -109.447528, 44.4629673 ], [ -109.4458372, 44.4636089 ] ] }, "id": "way/109021454" }, { "type": "Feature", "properties": { "@id": "way/109021460", "NHS": "yes", "hgv": "designated", "hgv:national_network": "yes", "highway": "primary", "lanes": "2", "maxspeed": "50 mph", "name": "North Fork Highway", "ref": "US 14;US 16;US 20", "source": "GPS survey", "source:hgv:national_network": "https://hepgis-usdot.hub.arcgis.com/apps/usdot::national-network-conventional-combination-trucks-map/explore", "wydot_ml_number": "31" }, "geometry": { "type": "LineString", "coordinates": [ [ -109.7932381, 44.4531952 ], [ -109.792765, 44.453052 ], [ -109.791385, 44.452774 ], [ -109.790825, 44.452702 ], [ -109.790263, 44.452648 ], [ -109.78942, 44.452604 ], [ -109.788032, 44.452656 ], [ -109.786372, 44.452855 ], [ -109.784747, 44.453242 ], [ -109.783202, 44.453805 ], [ -109.781805, 44.454537 ], [ -109.780741, 44.455241 ], [ -109.77906, 44.456388 ], [ -109.778628, 44.456652 ], [ -109.776632, 44.457794 ], [ -109.776024, 44.458102 ], [ -109.775353, 44.458385 ], [ -109.774842, 44.458539 ], [ -109.774437, 44.458684 ], [ -109.773786, 44.458885 ], [ -109.772882, 44.459059 ], [ -109.77243, 44.459093 ], [ -109.771985, 44.459099 ], [ -109.770755, 44.459034 ], [ -109.7696684, 44.458976 ], [ -109.7689616, 44.4589221 ], [ -109.7683618, 44.4588278 ], [ -109.767889, 44.458697 ], [ -109.7674051, 44.458556 ], [ -109.766962, 44.458301 ], [ -109.7665598, 44.4580521 ], [ -109.766184, 44.457733 ], [ -109.765349, 44.456896 ], [ -109.764111, 44.455754 ], [ -109.7637138, 44.4555148 ], [ -109.76302, 44.455097 ], [ -109.7628512, 44.4550297 ], [ -109.761763, 44.454596 ], [ -109.759893, 44.454069 ], [ -109.7593237, 44.4538823 ], [ -109.758385, 44.453483 ], [ -109.758141, 44.453375 ], [ -109.7576535, 44.4531861 ], [ -109.7571541, 44.4530078 ] ] }, "id": "way/109021460" }, { "type": "Feature", "properties": { "@id": "way/109022032", "NHS": "yes", "hgv": "designated", "hgv:national_network": "yes", "highway": "primary", "lanes": "2", "maxspeed": "70 mph", "name": "North Fork Highway", "ref": "US 14;US 16;US 20", "source": "GPS survey", "source:hgv:national_network": "https://hepgis-usdot.hub.arcgis.com/apps/usdot::national-network-conventional-combination-trucks-map/explore", "wydot_ml_number": "31" }, "geometry": { "type": "LineString", "coordinates": [ [ -109.5206559, 44.4625635 ], [ -109.5197518, 44.4625732 ], [ -109.518012, 44.462548 ], [ -109.5085845, 44.4625225 ], [ -109.5056228, 44.4625555 ] ] }, "id": "way/109022032" }, { "type": "Feature", "properties": { "@id": "way/109022036", "NHS": "yes", "hgv": "designated", "hgv:national_network": "yes", "highway": "primary", "lanes": "2", "maxspeed": "45 mph", "name": "North Fork Highway", "ref": "US 14;US 16;US 20", "source:hgv:national_network": "https://hepgis-usdot.hub.arcgis.com/apps/usdot::national-network-conventional-combination-trucks-map/explore", "tiger:cfcc": "A21", "tiger:county": "Park, WY", "tiger:name_base": "North Fork", "tiger:name_base_1": "United States Highway 20", "tiger:name_base_2": "United States Highway 16", "tiger:name_base_3": "United States Highway 14", "tiger:name_type": "Hwy", "wydot_ml_number": "31" }, "geometry": { "type": "LineString", "coordinates": [ [ -109.4458372, 44.4636089 ], [ -109.444025, 44.464614 ], [ -109.4436029, 44.4648284 ], [ -109.443521, 44.46487 ], [ -109.442867, 44.465202 ], [ -109.4417892, 44.4657505 ], [ -109.44174, 44.4657755 ], [ -109.441346, 44.465976 ], [ -109.441277, 44.4660116 ], [ -109.4408411, 44.4662364 ], [ -109.440493, 44.466416 ], [ -109.4380811, 44.4675478 ], [ -109.4373168, 44.4679269 ], [ -109.4353928, 44.4687436 ] ] }, "id": "way/109022036" }, { "type": "Feature", "properties": { "@id": "way/109022044", "NHS": "yes", "hgv": "designated", "hgv:national_network": "yes", "highway": "primary", "lanes": "2", "maxspeed": "40 mph", "name": "North Fork Highway", "ref": "US 14;US 16;US 20", "source": "GPS survey", "source:hgv:national_network": "https://hepgis-usdot.hub.arcgis.com/apps/usdot::national-network-conventional-combination-trucks-map/explore", "wydot_ml_number": "31" }, "geometry": { "type": "LineString", "coordinates": [ [ -109.968736, 44.5004453 ], [ -109.9672808, 44.5009155 ], [ -109.9671031, 44.5009752 ], [ -109.9661021, 44.5012622 ], [ -109.965439, 44.5014368 ], [ -109.9646295, 44.5016927 ], [ -109.963949, 44.5019007 ], [ -109.9636618, 44.5019641 ], [ -109.9632793, 44.5020477 ], [ -109.9627287, 44.5021466 ], [ -109.9623509, 44.5022025 ], [ -109.961924, 44.5022514 ], [ -109.9615116, 44.5022942 ] ] }, "id": "way/109022044" }, { "type": "Feature", "properties": { "@id": "way/109023598", "NHS": "yes", "hgv": "designated", "hgv:national_network": "yes", "highway": "trunk", "lanes": "4", "maxspeed": "25 mph", "name": "17th Street", "ref": "US 14;US 16;US 20;WY 120", "source:hgv:national_network": "https://hepgis-usdot.hub.arcgis.com/apps/usdot::national-network-conventional-combination-trucks-map/explore", "tiger:cfcc": "A21", "tiger:county": "Park, WY", "tiger:name_base": "17th", "tiger:name_base_1": "United States Highway 20", "tiger:name_base_2": "State Highway 120", "tiger:name_base_3": "United States Highway 14", "tiger:name_base_4": "United States Highway 16", "tiger:name_type": "St", "wydot_ml_number": "31" }, "geometry": { "type": "LineString", "coordinates": [ [ -109.0542432, 44.5223247 ], [ -109.0542985, 44.5227996 ], [ -109.0543827, 44.5238516 ], [ -109.0543861, 44.524426 ], [ -109.0544002, 44.5248919 ], [ -109.0544024, 44.5249648 ], [ -109.0544009, 44.5250908 ], [ -109.0543959, 44.5255174 ], [ -109.0543938, 44.5256865 ], [ -109.0544107, 44.5257715 ], [ -109.05449, 44.5259122 ], [ -109.0545657, 44.5259808 ], [ -109.0546939, 44.5260499 ] ] }, "id": "way/109023598" }, { "type": "Feature", "properties": { "@id": "way/109023603", "NHS": "yes", "hgv": "designated", "hgv:national_network": "yes", "highway": "primary", "lanes": "2", "maxspeed": "45 mph", "name": "North Fork Highway", "ref": "US 14;US 16;US 20", "source:hgv:national_network": "https://hepgis-usdot.hub.arcgis.com/apps/usdot::national-network-conventional-combination-trucks-map/explore", "tiger:cfcc": "A21", "tiger:county": "Park, WY", "tiger:name_base": "North Fork", "tiger:name_base_1": "United States Highway 20", "tiger:name_base_2": "United States Highway 16", "tiger:name_base_3": "United States Highway 14", "tiger:name_type": "Hwy", "wydot_ml_number": "31" }, "geometry": { "type": "LineString", "coordinates": [ [ -109.2041006, 44.4998052 ], [ -109.2021943, 44.4998069 ], [ -109.2013682, 44.4998145 ], [ -109.2009068, 44.4998604 ], [ -109.1996301, 44.50009 ], [ -109.1986484, 44.5004038 ], [ -109.1979349, 44.5006333 ], [ -109.1965689, 44.5010601 ], [ -109.1956765, 44.5012302 ], [ -109.1947021, 44.5013815 ] ] }, "id": "way/109023603" }, { "type": "Feature", "properties": { "@id": "way/109023605", "NHS": "yes", "hgv": "designated", "hgv:national_network": "yes", "highway": "primary", "lanes": "2", "maxspeed": "35 mph", "name": "North Fork Highway", "ref": "US 14;US 16;US 20", "source:hgv:national_network": "https://hepgis-usdot.hub.arcgis.com/apps/usdot::national-network-conventional-combination-trucks-map/explore", "surface": "asphalt", "tiger:cfcc": "A21", "tiger:county": "Park, WY", "tiger:name_base": "North Fork", "tiger:name_base_1": "United States Highway 20", "tiger:name_base_2": "United States Highway 16", "tiger:name_base_3": "United States Highway 14", "tiger:name_type": "Hwy", "wydot_ml_number": "31" }, "geometry": { "type": "LineString", "coordinates": [ [ -109.1947021, 44.5013815 ], [ -109.1936971, 44.5014062 ], [ -109.1928033, 44.5013819 ], [ -109.1921333, 44.5013245 ], [ -109.1917671, 44.5012543 ], [ -109.1903677, 44.5010142 ], [ -109.1896321, 44.5008827 ], [ -109.1888394, 44.5007885 ], [ -109.1879806, 44.5008107 ], [ -109.1879062, 44.5008126 ], [ -109.1871401, 44.5009631 ], [ -109.1866956, 44.5011408 ], [ -109.186122, 44.5014545 ], [ -109.1855101, 44.5018536 ] ] }, "id": "way/109023605" }, { "type": "Feature", "properties": { "@id": "way/109023613", "NHS": "yes", "hgv": "designated", "hgv:national_network": "yes", "highway": "primary", "lanes": "4", "maxspeed": "35 mph", "name": "West Yellowstone Avenue", "ref": "US 14;US 16;US 20", "source:hgv:national_network": "https://hepgis-usdot.hub.arcgis.com/apps/usdot::national-network-conventional-combination-trucks-map/explore", "surface": "asphalt", "tiger:cfcc": "A21", "tiger:county": "Park, WY", "tiger:name_base": "Yellowstone", "tiger:name_base_1": "United States Highway 20", "tiger:name_base_2": "United States Highway 16", "tiger:name_base_3": "United States Highway 14", "tiger:name_direction_prefix": "W", "tiger:name_type": "Ave", "wydot_ml_number": "31" }, "geometry": { "type": "LineString", "coordinates": [ [ -109.1021588, 44.5140506 ], [ -109.1014111, 44.5141926 ], [ -109.1013015, 44.5142173 ], [ -109.1009805, 44.51429 ], [ -109.1007745, 44.5143376 ], [ -109.1003984, 44.5144247 ], [ -109.0992812, 44.5146834 ], [ -109.0984499, 44.5148759 ], [ -109.0970128, 44.5152087 ], [ -109.0965242, 44.5153201 ] ] }, "id": "way/109023613" }, { "type": "Feature", "properties": { "@id": "way/109023619", "NHS": "yes", "hgv": "designated", "hgv:national_network": "yes", "highway": "primary", "lanes": "4", "maxspeed": "30 mph", "name": "Yellowstone Avenue", "ref": "US 14;US 16;US 20", "source:hgv:national_network": "https://hepgis-usdot.hub.arcgis.com/apps/usdot::national-network-conventional-combination-trucks-map/explore", "tiger:cfcc": "A21", "tiger:county": "Park, WY", "tiger:name_base": "Yellowstone", "tiger:name_base_1": "United States Highway 20", "tiger:name_base_2": "United States Highway 16", "tiger:name_base_3": "United States Highway 14", "tiger:name_type": "Ave", "wydot_ml_number": "31" }, "geometry": { "type": "LineString", "coordinates": [ [ -109.0838128, 44.5169999 ], [ -109.0832938, 44.5170324 ], [ -109.0828908, 44.5170576 ], [ -109.081831, 44.5171456 ], [ -109.0810121, 44.5171349 ], [ -109.0802646, 44.5170385 ], [ -109.0801063, 44.5170084 ], [ -109.0797818, 44.5169467 ], [ -109.0791283, 44.5167939 ], [ -109.0789946, 44.5167636 ], [ -109.0783012, 44.5166713 ] ] }, "id": "way/109023619" }, { "type": "Feature", "properties": { "@id": "way/118976376", "NHS": "yes", "hgv": "designated", "hgv:national_network": "yes", "highway": "primary", "lanes": "3", "maxspeed": "45 mph", "name": "West Yellowstone Avenue", "note:lanes": "1 westbound, 2 eastbound", "ref": "US 14;US 16;US 20", "source:hgv:national_network": "https://hepgis-usdot.hub.arcgis.com/apps/usdot::national-network-conventional-combination-trucks-map/explore", "surface": "asphalt", "tiger:cfcc": "A21", "tiger:county": "Park, WY", "tiger:name_base": "Yellowstone", "tiger:name_base_1": "United States Highway 20", "tiger:name_base_2": "United States Highway 16", "tiger:name_base_3": "United States Highway 14", "tiger:name_direction_prefix": "W", "tiger:name_type": "Ave", "wydot_ml_number": "31" }, "geometry": { "type": "LineString", "coordinates": [ [ -109.1131891, 44.5119464 ], [ -109.1118454, 44.5121952 ] ] }, "id": "way/118976376" }, { "type": "Feature", "properties": { "@id": "way/118976445", "NHS": "yes", "hgv": "designated", "hgv:national_network": "yes", "highway": "primary", "lanes": "3", "name": "Greybull Highway", "note:lanes": "1 eastbound, 2 westbound", "ref": "US 14;US 16;US 20", "source:hgv:national_network": "https://hepgis-usdot.hub.arcgis.com/apps/usdot::national-network-conventional-combination-trucks-map/explore", "surface": "asphalt", "tiger:cfcc": "A21", "tiger:county": "Park, WY", "tiger:name_base": "Greybull", "tiger:name_base_1": "United States Highway 14", "tiger:name_base_2": "United States Highway 16", "tiger:name_base_3": "United States Highway 20", "tiger:name_type": "Hwy", "wydot_ml_number": "31" }, "geometry": { "type": "LineString", "coordinates": [ [ -109.0152562, 44.5116775 ], [ -109.0151153, 44.511673 ], [ -109.014569, 44.511677 ], [ -109.0144452, 44.5116746 ] ] }, "id": "way/118976445" }, { "type": "Feature", "properties": { "@id": "way/118976512", "NHS": "yes", "hgv": "designated", "hgv:national_network": "yes", "highway": "primary", "lanes": "4", "maxspeed": "45 mph", "name": "West Yellowstone Avenue", "ref": "US 14;US 16;US 20", "source:hgv:national_network": "https://hepgis-usdot.hub.arcgis.com/apps/usdot::national-network-conventional-combination-trucks-map/explore", "surface": "asphalt", "tiger:cfcc": "A21", "tiger:county": "Park, WY", "tiger:name_base": "Yellowstone", "tiger:name_base_1": "United States Highway 20", "tiger:name_base_2": "United States Highway 16", "tiger:name_base_3": "United States Highway 14", "tiger:name_direction_prefix": "W", "tiger:name_type": "Ave", "wydot_ml_number": "31" }, "geometry": { "type": "LineString", "coordinates": [ [ -109.1118454, 44.5121952 ], [ -109.1116929, 44.5122246 ], [ -109.1082987, 44.5128846 ], [ -109.1061873, 44.51329 ], [ -109.1061401, 44.513299 ], [ -109.1056375, 44.5133884 ], [ -109.1053232, 44.5134442 ], [ -109.1046962, 44.5135676 ], [ -109.1036565, 44.5137655 ], [ -109.1021588, 44.5140506 ] ] }, "id": "way/118976512" }, { "type": "Feature", "properties": { "@id": "way/118976527", "NHS": "yes", "hgv": "designated", "hgv:national_network": "yes", "highway": "primary", "lanes": "2", "name": "Greybull Highway", "ref": "US 14;US 16;US 20", "source:hgv:national_network": "https://hepgis-usdot.hub.arcgis.com/apps/usdot::national-network-conventional-combination-trucks-map/explore", "surface": "asphalt", "tiger:cfcc": "A21", "tiger:county": "Park, WY", "tiger:name_base": "Greybull", "tiger:name_base_1": "United States Highway 14", "tiger:name_base_2": "United States Highway 16", "tiger:name_base_3": "United States Highway 20", "tiger:name_type": "Hwy", "wydot_ml_number": "31" }, "geometry": { "type": "LineString", "coordinates": [ [ -109.0144452, 44.5116746 ], [ -109.0134664, 44.511656 ], [ -109.0129356, 44.511642 ], [ -109.0114676, 44.5116459 ], [ -109.01062, 44.511634 ], [ -109.0095483, 44.511624 ], [ -109.0082391, 44.5116119 ], [ -109.008147, 44.511611 ], [ -109.0062498, 44.5116177 ], [ -109.006172, 44.5116158 ], [ -109.0055323, 44.5116215 ], [ -109.0045291, 44.51161 ], [ -109.0030271, 44.5116291 ], [ -109.0002215, 44.511633 ], [ -108.997743, 44.511639 ], [ -108.9965844, 44.5116712 ], [ -108.9927757, 44.5117057 ], [ -108.9898145, 44.511721 ], [ -108.9869507, 44.5116866 ], [ -108.9868846, 44.5116868 ], [ -108.9863386, 44.5116886 ], [ -108.9849069, 44.5116963 ], [ -108.9845896, 44.511698 ], [ -108.9803141, 44.5117171 ], [ -108.97753, 44.5118013 ], [ -108.9757383, 44.5118701 ], [ -108.9742094, 44.5119237 ], [ -108.9728415, 44.5119773 ], [ -108.9721441, 44.5119926 ], [ -108.9713931, 44.5119964 ], [ -108.9707655, 44.5119849 ], [ -108.9695209, 44.511939 ], [ -108.9670265, 44.5118357 ], [ -108.9654869, 44.5117822 ], [ -108.9644998, 44.511763 ], [ -108.9594197, 44.5117669 ], [ -108.958894, 44.5117669 ], [ -108.9574993, 44.5117516 ], [ -108.9564747, 44.5117248 ], [ -108.9550213, 44.5116238 ], [ -108.9536476, 44.5114723 ], [ -108.9521724, 44.5112275 ], [ -108.9518048, 44.5111369 ], [ -108.9510512, 44.510975 ], [ -108.9500535, 44.510734 ], [ -108.9489001, 44.5104012 ], [ -108.947545, 44.5099237 ], [ -108.9442619, 44.5087607 ], [ -108.942212, 44.508057 ], [ -108.9400562, 44.5073223 ], [ -108.9386487, 44.5068854 ], [ -108.9375866, 44.5066176 ], [ -108.9364084, 44.5063429 ], [ -108.9358571, 44.5062279 ], [ -108.934197, 44.5059139 ], [ -108.92828, 44.50474 ] ] }, "id": "way/118976527" }, { "type": "Feature", "properties": { "@id": "way/165373768", "NHS": "yes", "hgv": "designated", "hgv:national_network": "yes", "highway": "primary", "lanes": "3", "maxspeed": "50 mph", "name": "North Fork Highway", "note": "There are three lanes here. Two going east and one west. One of the east bound lanes is a passing lane.", "ref": "US 14;US 16;US 20", "source": "GPS survey", "source:hgv:national_network": "https://hepgis-usdot.hub.arcgis.com/apps/usdot::national-network-conventional-combination-trucks-map/explore", "wydot_ml_number": "31" }, "geometry": { "type": "LineString", "coordinates": [ [ -109.9823677, 44.4962945 ], [ -109.9818047, 44.4964815 ], [ -109.9816015, 44.4965485 ], [ -109.9807141, 44.4968413 ], [ -109.9797917, 44.497134 ], [ -109.97886, 44.4974002 ], [ -109.9782801, 44.4975697 ], [ -109.9763103, 44.4981418 ], [ -109.9745765, 44.4986435 ], [ -109.9721933, 44.4993825 ], [ -109.9709774, 44.4997466 ], [ -109.9693536, 44.5002564 ], [ -109.968736, 44.5004453 ] ] }, "id": "way/165373768" }, { "type": "Feature", "properties": { "@id": "way/165373769", "NHS": "yes", "hgv": "designated", "hgv:national_network": "yes", "highway": "primary", "lanes": "2", "maxspeed": "40 mph", "name": "North Fork Highway", "ref": "US 14;US 16;US 20", "source": "GPS survey", "source:hgv:national_network": "https://hepgis-usdot.hub.arcgis.com/apps/usdot::national-network-conventional-combination-trucks-map/explore", "wydot_ml_number": "31" }, "geometry": { "type": "LineString", "coordinates": [ [ -109.9615116, 44.5022942 ], [ -109.9609655, 44.5023096 ], [ -109.960753, 44.5023084 ], [ -109.9605552, 44.5023074 ] ] }, "id": "way/165373769" }, { "type": "Feature", "properties": { "@id": "way/255728639", "NHS": "yes", "bridge": "yes", "hgv": "designated", "hgv:national_network": "yes", "highway": "primary", "lanes": "2", "layer": "1", "oneway": "no", "ref": "US 14;US 16;US 20;WY 789", "smoothness": "good", "source:hgv:national_network": "https://hepgis-usdot.hub.arcgis.com/apps/usdot::national-network-conventional-combination-trucks-map/explore", "surface": "asphalt", "tiger:cfcc": "A21", "tiger:county": "Big Horn, WY", "tiger:name_base": "United States Highway 20", "tiger:name_base_1": "United States Highway 14", "tiger:name_base_2": "United States Highway 16", "tiger:reviewed": "aerial", "wydot_ml_number": "34" }, "geometry": { "type": "LineString", "coordinates": [ [ -108.0628493, 44.5059586 ], [ -108.0622918, 44.5060221 ] ] }, "id": "way/255728639" }, { "type": "Feature", "properties": { "@id": "way/255728640", "NHS": "yes", "bridge": "yes", "hgv": "designated", "hgv:national_network": "yes", "highway": "primary", "lanes": "2", "layer": "1", "ref": "US 14;US 16;US 20;WY 789", "source:hgv:national_network": "https://hepgis-usdot.hub.arcgis.com/apps/usdot::national-network-conventional-combination-trucks-map/explore", "tiger:cfcc": "A21", "tiger:county": "Big Horn, WY", "tiger:name_base": "United States Highway 20", "tiger:name_base_1": "United States Highway 14", "tiger:name_base_2": "United States Highway 16", "tiger:reviewed": "aerial", "wydot_ml_number": "34" }, "geometry": { "type": "LineString", "coordinates": [ [ -108.058469, 44.5060261 ], [ -108.0579999, 44.5058682 ] ] }, "id": "way/255728640" }, { "type": "Feature", "properties": { "@id": "way/255728641", "NHS": "yes", "hgv": "designated", "hgv:national_network": "yes", "highway": "primary", "lanes": "2", "oneway": "no", "ref": "US 14;US 16;US 20;WY 789", "smoothness": "good", "source:hgv:national_network": "https://hepgis-usdot.hub.arcgis.com/apps/usdot::national-network-conventional-combination-trucks-map/explore", "surface": "asphalt", "tiger:cfcc": "A21", "tiger:county": "Big Horn, WY", "tiger:name_base": "United States Highway 20", "tiger:name_base_1": "United States Highway 14", "tiger:name_base_2": "United States Highway 16", "tiger:reviewed": "aerial", "wydot_ml_number": "34" }, "geometry": { "type": "LineString", "coordinates": [ [ -108.0579999, 44.5058682 ], [ -108.0576781, 44.5057321 ], [ -108.057361, 44.5055673 ] ] }, "id": "way/255728641" }, { "type": "Feature", "properties": { "@id": "way/255728642", "NHS": "yes", "hgv": "designated", "hgv:national_network": "yes", "highway": "primary", "lanes": "2", "oneway": "no", "ref": "US 14;US 16;US 20;WY 789", "smoothness": "good", "source:hgv:national_network": "https://hepgis-usdot.hub.arcgis.com/apps/usdot::national-network-conventional-combination-trucks-map/explore", "surface": "asphalt", "tiger:cfcc": "A21", "tiger:county": "Big Horn, WY", "tiger:name_base": "United States Highway 20", "tiger:name_base_1": "United States Highway 14", "tiger:name_base_2": "United States Highway 16", "tiger:reviewed": "aerial", "wydot_ml_number": "34" }, "geometry": { "type": "LineString", "coordinates": [ [ -108.0622918, 44.5060221 ], [ -108.0618124, 44.5060798 ], [ -108.0613969, 44.5061293 ], [ -108.0608794, 44.5061888 ], [ -108.0605596, 44.5062197 ], [ -108.060297, 44.5062379 ], [ -108.0600413, 44.5062439 ], [ -108.0598459, 44.5062395 ], [ -108.0595331, 44.506218 ], [ -108.0593277, 44.5061954 ], [ -108.0591114, 44.5061635 ], [ -108.058845, 44.5061183 ], [ -108.058469, 44.5060261 ] ] }, "id": "way/255728642" }, { "type": "Feature", "properties": { "@id": "way/287049004", "NHS": "yes", "bridge": "yes", "hgv": "designated", "hgv:national_network": "yes", "highway": "primary", "lanes": "2", "layer": "1", "maxspeed": "70 mph", "name": "Greybull Highway", "ref": "US 14;US 16;US 20", "source:hgv:national_network": "https://hepgis-usdot.hub.arcgis.com/apps/usdot::national-network-conventional-combination-trucks-map/explore", "tiger:cfcc": "A21", "tiger:county": "Park, WY", "tiger:name_base": "Greybull", "tiger:name_base_1": "United States Highway 14", "tiger:name_base_2": "United States Highway 16", "tiger:name_base_3": "United States Highway 20", "tiger:name_type": "Hwy", "wydot_ml_number": "31" }, "geometry": { "type": "LineString", "coordinates": [ [ -108.6337855, 44.4617642 ], [ -108.6333678, 44.4616624 ] ] }, "id": "way/287049004" }, { "type": "Feature", "properties": { "@id": "way/287049005", "NHS": "yes", "hgv": "designated", "hgv:national_network": "yes", "highway": "primary", "lanes": "2", "maxspeed": "70 mph", "name": "Greybull Highway", "ref": "US 14;US 16;US 20", "source:hgv:national_network": "https://hepgis-usdot.hub.arcgis.com/apps/usdot::national-network-conventional-combination-trucks-map/explore", "surface": "asphalt", "tiger:cfcc": "A21", "tiger:county": "Park, WY", "tiger:name_base": "Greybull", "tiger:name_base_1": "United States Highway 14", "tiger:name_base_2": "United States Highway 16", "tiger:name_base_3": "United States Highway 20", "tiger:name_type": "Hwy", "wydot_ml_number": "31" }, "geometry": { "type": "LineString", "coordinates": [ [ -108.6333678, 44.4616624 ], [ -108.6264349, 44.459874 ], [ -108.6222797, 44.4589261 ], [ -108.6211331, 44.4587483 ], [ -108.6200776, 44.4586251 ], [ -108.6194351, 44.4585719 ], [ -108.6186912, 44.4585152 ], [ -108.6176207, 44.4584868 ], [ -108.6165608, 44.4584817 ], [ -108.6155196, 44.4585213 ], [ -108.6141996, 44.45861 ], [ -108.6097987, 44.4589442 ], [ -108.6063826, 44.4591927 ], [ -108.5924776, 44.4602266 ], [ -108.5912709, 44.4603183 ], [ -108.5894037, 44.4604602 ], [ -108.5816255, 44.4610377 ], [ -108.5774506, 44.4613414 ], [ -108.573439, 44.461645 ] ] }, "id": "way/287049005" }, { "type": "Feature", "properties": { "@id": "way/328686007", "NHS": "yes", "hgv": "designated", "hgv:national_network": "yes", "highway": "primary", "lanes": "2", "maxspeed": "70 mph", "name": "Greybull Highway", "ref": "US 14;US 16;US 20", "shoulder": "both", "source:hgv:national_network": "https://hepgis-usdot.hub.arcgis.com/apps/usdot::national-network-conventional-combination-trucks-map/explore", "surface": "asphalt", "tiger:cfcc": "A21", "tiger:county": "Park, WY", "tiger:name_base": "Greybull", "tiger:name_base_1": "United States Highway 14", "tiger:name_base_2": "United States Highway 16", "tiger:name_base_3": "United States Highway 20", "tiger:name_type": "Hwy", "wydot_ml_number": "31" }, "geometry": { "type": "LineString", "coordinates": [ [ -108.92828, 44.50474 ], [ -108.9242419, 44.5039097 ], [ -108.9216456, 44.5034047 ], [ -108.9161718, 44.5023365 ], [ -108.9134949, 44.5018008 ], [ -108.9123416, 44.5015407 ], [ -108.911539, 44.5013386 ], [ -108.9104372, 44.5010662 ], [ -108.908256, 44.5004357 ], [ -108.9066681, 44.4999918 ], [ -108.9050835, 44.4995511 ], [ -108.8900417, 44.4952924 ], [ -108.8896608, 44.4951852 ], [ -108.8729292, 44.4904517 ], [ -108.8715559, 44.490069 ], [ -108.8704133, 44.4898164 ], [ -108.8692975, 44.4895868 ], [ -108.8652688, 44.4888635 ], [ -108.8610524, 44.4881134 ], [ -108.853152, 44.486683 ], [ -108.8468313, 44.4855378 ], [ -108.8448143, 44.4851283 ], [ -108.8427007, 44.4846078 ], [ -108.8404048, 44.4839075 ], [ -108.8396645, 44.4836816 ], [ -108.8384414, 44.4832607 ], [ -108.8372505, 44.4827899 ], [ -108.835786, 44.482189 ], [ -108.8342464, 44.4815537 ], [ -108.8322294, 44.4807078 ], [ -108.8315374, 44.4804207 ] ] }, "id": "way/328686007" }, { "type": "Feature", "properties": { "@id": "way/330515525", "NHS": "yes", "hgv": "designated", "hgv:national_network": "yes", "highway": "primary", "lanes": "2", "maxspeed": "70 mph", "name": "Greybull Highway", "ref": "US 14;US 16;US 20", "source:hgv:national_network": "https://hepgis-usdot.hub.arcgis.com/apps/usdot::national-network-conventional-combination-trucks-map/explore", "tiger:cfcc": "A21", "tiger:county": "Park, WY", "tiger:name_base": "Greybull", "tiger:name_base_1": "United States Highway 14", "tiger:name_base_2": "United States Highway 16", "tiger:name_base_3": "United States Highway 20", "tiger:name_type": "Hwy", "wydot_ml_number": "31" }, "geometry": { "type": "LineString", "coordinates": [ [ -108.8315374, 44.4804207 ], [ -108.8305979, 44.4800389 ], [ -108.8287223, 44.4792552 ], [ -108.8272077, 44.4787356 ], [ -108.8256594, 44.4783492 ], [ -108.8236583, 44.4780304 ], [ -108.8223121, 44.4779453 ], [ -108.8211677, 44.4779322 ], [ -108.820314, 44.4779584 ], [ -108.8181752, 44.4781876 ], [ -108.8138426, 44.4786919 ], [ -108.8100546, 44.4791308 ], [ -108.8062881, 44.479563 ], [ -108.8044063, 44.4797202 ], [ -108.8026408, 44.4797966 ], [ -108.8017169, 44.4798118 ], [ -108.7994436, 44.4798183 ], [ -108.7958136, 44.4797137 ], [ -108.7912426, 44.4795611 ], [ -108.7870106, 44.4794433 ], [ -108.7737374, 44.4789768 ], [ -108.7702144, 44.4788591 ], [ -108.7585545, 44.4784775 ], [ -108.753904, 44.4783118 ], [ -108.7470474, 44.4780873 ], [ -108.7430538, 44.4779521 ], [ -108.7355067, 44.4777036 ], [ -108.7197573, 44.4771887 ], [ -108.7161756, 44.4770601 ], [ -108.7149719, 44.4769808 ], [ -108.709232, 44.4763255 ], [ -108.683148, 44.4735235 ], [ -108.6798692, 44.4731558 ], [ -108.6788265, 44.4730205 ], [ -108.6781956, 44.4729218 ], [ -108.6768597, 44.4726352 ], [ -108.6738718, 44.4718964 ], [ -108.6655569, 44.4697909 ], [ -108.6495599, 44.4657418 ], [ -108.6421525, 44.4638747 ], [ -108.6400265, 44.46333 ], [ -108.6392325, 44.4631407 ], [ -108.6375754, 44.4627155 ], [ -108.6337855, 44.4617642 ] ] }, "id": "way/330515525" }, { "type": "Feature", "properties": { "@id": "way/334226129", "NHS": "yes", "bridge": "yes", "hgv": "designated", "hgv:national_network": "yes", "highway": "primary", "lanes": "2", "maxspeed": "50 mph", "name": "North Fork Highway", "ref": "US 14;US 16;US 20", "source": "GPS survey", "source:hgv:national_network": "https://hepgis-usdot.hub.arcgis.com/apps/usdot::national-network-conventional-combination-trucks-map/explore", "wydot_ml_number": "31" }, "geometry": { "type": "LineString", "coordinates": [ [ -109.898735, 44.4728394 ], [ -109.8987913, 44.4725734 ] ] }, "id": "way/334226129" }, { "type": "Feature", "properties": { "@id": "way/334226130", "NHS": "yes", "hgv": "designated", "hgv:national_network": "yes", "highway": "primary", "lanes": "2", "maxspeed": "50 mph", "name": "North Fork Highway", "ref": "US 14;US 16;US 20", "source": "GPS survey", "source:hgv:national_network": "https://hepgis-usdot.hub.arcgis.com/apps/usdot::national-network-conventional-combination-trucks-map/explore", "wydot_ml_number": "31" }, "geometry": { "type": "LineString", "coordinates": [ [ -109.8987913, 44.4725734 ], [ -109.898817, 44.472273 ], [ -109.8987358, 44.4718562 ], [ -109.89855, 44.4714769 ], [ -109.898292, 44.4711381 ], [ -109.8979333, 44.4708322 ], [ -109.8977161, 44.4706944 ], [ -109.8974935, 44.47057 ], [ -109.8971287, 44.4704303 ], [ -109.8968256, 44.4703326 ], [ -109.896493, 44.470258 ], [ -109.8961953, 44.4702178 ], [ -109.8959458, 44.4702025 ], [ -109.8955381, 44.4702044 ], [ -109.8952592, 44.4702331 ], [ -109.8949051, 44.4702925 ], [ -109.8946771, 44.4703422 ], [ -109.8943392, 44.470436 ], [ -109.8938939, 44.4706083 ], [ -109.8921746, 44.4712992 ], [ -109.8914773, 44.4715768 ], [ -109.8908309, 44.4718026 ], [ -109.8904205, 44.471927 ], [ -109.8900423, 44.4720361 ], [ -109.8895622, 44.4721452 ], [ -109.8890311, 44.4722582 ], [ -109.8883774, 44.4723614 ], [ -109.8878026, 44.4724362 ], [ -109.8872689, 44.4724744 ], [ -109.8867807, 44.4724917 ], [ -109.8861987, 44.4725032 ], [ -109.8858554, 44.4724974 ], [ -109.8854852, 44.4724802 ], [ -109.8850292, 44.4724476 ], [ -109.8845384, 44.4723998 ], [ -109.8840019, 44.4723232 ], [ -109.8834521, 44.4722237 ], [ -109.8828888, 44.4721108 ], [ -109.8823524, 44.471973 ], [ -109.8816684, 44.4717682 ], [ -109.8812017, 44.4715997 ], [ -109.8810945, 44.4715545 ], [ -109.8805795, 44.4713375 ], [ -109.879873, 44.471008 ], [ -109.8784659, 44.470348 ], [ -109.8782513, 44.4702465 ], [ -109.877908, 44.4701106 ], [ -109.8775271, 44.4699919 ], [ -109.8771033, 44.4698656 ], [ -109.8766527, 44.4697776 ], [ -109.8755074, 44.4696015 ], [ -109.8752419, 44.4695536 ], [ -109.8747832, 44.4694541 ], [ -109.8742602, 44.4693067 ], [ -109.8736808, 44.4691076 ], [ -109.8730424, 44.4688511 ], [ -109.870548, 44.4678079 ], [ -109.8700223, 44.46754 ], [ -109.86951, 44.4672375 ], [ -109.8693678, 44.4671342 ], [ -109.8689011, 44.4667858 ], [ -109.866372, 44.464863 ], [ -109.8659346, 44.4645232 ], [ -109.865631, 44.464244 ], [ -109.8652533, 44.4638283 ], [ -109.8650897, 44.4636082 ], [ -109.864939, 44.463388 ], [ -109.8648437, 44.4632284 ], [ -109.8646306, 44.4627768 ], [ -109.8645184, 44.4623983 ], [ -109.8644608, 44.462071 ] ] }, "id": "way/334226130" }, { "type": "Feature", "properties": { "@id": "way/334975452", "NHS": "yes", "hgv": "designated", "hgv:national_network": "yes", "highway": "primary", "lanes": "2", "maxspeed": "35 mph", "name": "North Fork Highway", "ref": "US 14;US 16;US 20", "source:hgv:national_network": "https://hepgis-usdot.hub.arcgis.com/apps/usdot::national-network-conventional-combination-trucks-map/explore", "tiger:cfcc": "A21", "tiger:county": "Park, WY", "tiger:name_base": "North Fork", "tiger:name_base_1": "United States Highway 20", "tiger:name_base_2": "United States Highway 16", "tiger:name_base_3": "United States Highway 14", "tiger:name_type": "Hwy", "tunnel": "yes", "wydot_ml_number": "31" }, "geometry": { "type": "LineString", "coordinates": [ [ -109.1754072, 44.5086956 ], [ -109.1746561, 44.5089328 ] ] }, "id": "way/334975452" }, { "type": "Feature", "properties": { "@id": "way/334975453", "NHS": "yes", "hgv": "designated", "hgv:national_network": "yes", "highway": "primary", "lanes": "2", "maxspeed": "35 mph", "name": "North Fork Highway", "ref": "US 14;US 16;US 20", "source:hgv:national_network": "https://hepgis-usdot.hub.arcgis.com/apps/usdot::national-network-conventional-combination-trucks-map/explore", "tiger:cfcc": "A21", "tiger:county": "Park, WY", "tiger:name_base": "North Fork", "tiger:name_base_1": "United States Highway 20", "tiger:name_base_2": "United States Highway 16", "tiger:name_base_3": "United States Highway 14", "tiger:name_type": "Hwy", "wydot_ml_number": "31" }, "geometry": { "type": "LineString", "coordinates": [ [ -109.1746561, 44.5089328 ], [ -109.1740982, 44.5090399 ] ] }, "id": "way/334975453" }, { "type": "Feature", "properties": { "@id": "way/477607417", "NHS": "yes", "hgv": "designated", "hgv:national_network": "yes", "highway": "primary", "lanes": "2", "oneway": "no", "ref": "US 14;US 16;US 20;WY 789", "smoothness": "good", "source:hgv:national_network": "https://hepgis-usdot.hub.arcgis.com/apps/usdot::national-network-conventional-combination-trucks-map/explore", "surface": "asphalt", "tiger:cfcc": "A21", "tiger:county": "Big Horn, WY", "tiger:name_base": "United States Highway 20", "tiger:name_base_1": "United States Highway 14", "tiger:name_base_2": "United States Highway 16", "wydot_ml_number": "34" }, "geometry": { "type": "LineString", "coordinates": [ [ -108.0723329, 44.506605 ], [ -108.0681332, 44.505896 ], [ -108.0676232, 44.5058166 ], [ -108.0675472, 44.5058073 ], [ -108.0668272, 44.5057197 ], [ -108.0660621, 44.5056715 ], [ -108.065207, 44.5056822 ], [ -108.0628493, 44.5059586 ] ] }, "id": "way/477607417" }, { "type": "Feature", "properties": { "@id": "way/825179382", "NHS": "yes", "hgv": "designated", "hgv:national_network": "yes", "highway": "primary", "lanes": "2", "maxspeed": "70 mph", "ref": "US 14;US 16;US 20", "shoulder": "both", "source:hgv:national_network": "https://hepgis-usdot.hub.arcgis.com/apps/usdot::national-network-conventional-combination-trucks-map/explore", "surface": "asphalt", "tiger:cfcc": "A21", "tiger:county": "Big Horn, WY", "tiger:name_base": "United States Highway 20", "tiger:name_base_1": "United States Highway 14", "tiger:name_base_2": "United States Highway 16", "wydot_ml_number": "31" }, "geometry": { "type": "LineString", "coordinates": [ [ -108.2663134, 44.5075324 ], [ -108.2619693, 44.5081449 ], [ -108.2605967, 44.5083381 ], [ -108.2581271, 44.5086857 ], [ -108.2560135, 44.508976 ], [ -108.2552774, 44.5090794 ], [ -108.2543294, 44.5091311 ], [ -108.2534149, 44.5091391 ], [ -108.2524892, 44.5090834 ], [ -108.2515914, 44.508984 ], [ -108.2507214, 44.5088249 ], [ -108.2499701, 44.5086414 ], [ -108.2492473, 44.508448 ], [ -108.2481086, 44.5081288 ], [ -108.2439753, 44.5069753 ], [ -108.2380236, 44.5053132 ], [ -108.2370392, 44.5050472 ], [ -108.2360217, 44.5047962 ], [ -108.2352075, 44.5046292 ], [ -108.2343476, 44.5044783 ], [ -108.2337186, 44.5043815 ], [ -108.233048, 44.5042935 ], [ -108.2321444, 44.5041982 ], [ -108.2311131, 44.5041267 ], [ -108.2301083, 44.5040926 ], [ -108.2293278, 44.5040864 ], [ -108.2285285, 44.5040964 ], [ -108.2276583, 44.5041327 ], [ -108.2242936, 44.5043185 ], [ -108.2223459, 44.5044301 ], [ -108.2131646, 44.5049407 ], [ -108.2106677, 44.5050797 ], [ -108.2090554, 44.5051693 ], [ -108.2082105, 44.5052162 ], [ -108.2065502, 44.505308 ], [ -108.2019961, 44.5055598 ], [ -108.1974307, 44.5058131 ], [ -108.1903472, 44.5062016 ], [ -108.1844048, 44.5065325 ], [ -108.1784795, 44.5068556 ], [ -108.1760603, 44.5069894 ], [ -108.1693266, 44.5073663 ], [ -108.1632889, 44.5076877 ], [ -108.158545, 44.5079552 ], [ -108.1582678, 44.5079708 ], [ -108.152957, 44.5082233 ], [ -108.1482014, 44.5084595 ], [ -108.1468161, 44.5085264 ], [ -108.1454385, 44.5085898 ], [ -108.1413457, 44.5087894 ], [ -108.1373549, 44.5089819 ], [ -108.1352735, 44.509089 ], [ -108.1332374, 44.5092026 ] ] }, "id": "way/825179382" }, { "type": "Feature", "properties": { "@id": "way/825179383", "NHS": "yes", "bridge": "yes", "hgv": "designated", "hgv:national_network": "yes", "highway": "primary", "lanes": "2", "layer": "1", "maxspeed": "70 mph", "ref": "US 14;US 16;US 20", "source:hgv:national_network": "https://hepgis-usdot.hub.arcgis.com/apps/usdot::national-network-conventional-combination-trucks-map/explore", "surface": "asphalt", "tiger:cfcc": "A21", "tiger:county": "Big Horn, WY", "tiger:name_base": "United States Highway 20", "tiger:name_base_1": "United States Highway 14", "tiger:name_base_2": "United States Highway 16", "wydot_ml_number": "31" }, "geometry": { "type": "LineString", "coordinates": [ [ -108.2670933, 44.5074191 ], [ -108.2663134, 44.5075324 ] ] }, "id": "way/825179383" }, { "type": "Feature", "properties": { "@id": "way/1095196980", "NHS": "yes", "hgv": "designated", "hgv:national_network": "yes", "highway": "primary", "lanes": "3", "name": "Greybull Highway", "note:lanes": "1 eastbound, 2 westbound", "ref": "US 14;US 16;US 20", "source:hgv:national_network": "https://hepgis-usdot.hub.arcgis.com/apps/usdot::national-network-conventional-combination-trucks-map/explore", "surface": "asphalt", "tiger:cfcc": "A21", "tiger:county": "Park, WY", "tiger:name_base": "Greybull", "tiger:name_base_1": "United States Highway 14", "tiger:name_base_2": "United States Highway 16", "tiger:name_base_3": "United States Highway 20", "tiger:name_type": "Hwy", "wydot_ml_number": "31" }, "geometry": { "type": "LineString", "coordinates": [ [ -109.0154944, 44.5116872 ], [ -109.0152562, 44.5116775 ] ] }, "id": "way/1095196980" }, { "type": "Feature", "properties": { "@id": "way/1415684481", "NHS": "yes", "hgv": "designated", "hgv:national_network": "yes", "highway": "primary", "lanes": "2", "maxspeed": "55 mph", "name": "North Fork Highway", "ref": "US 14;US 16;US 20", "source:hgv:national_network": "https://hepgis-usdot.hub.arcgis.com/apps/usdot::national-network-conventional-combination-trucks-map/explore", "surface": "asphalt", "tiger:cfcc": "A21", "tiger:county": "Park, WY", "tiger:name_base": "North Fork", "tiger:name_base_1": "United States Highway 20", "tiger:name_base_2": "United States Highway 16", "tiger:name_base_3": "United States Highway 14", "tiger:name_type": "Hwy", "wydot_ml_number": "31" }, "geometry": { "type": "LineString", "coordinates": [ [ -109.1288046, 44.5131748 ], [ -109.1281557, 44.5131997 ], [ -109.1277326, 44.513194 ], [ -109.1273631, 44.5131797 ], [ -109.1268945, 44.5131531 ], [ -109.1262796, 44.5130776 ], [ -109.1256958, 44.512979 ], [ -109.1252412, 44.5128618 ], [ -109.1248, 44.5127253 ] ] }, "id": "way/1415684481" }, { "type": "Feature", "properties": { "@id": "way/1415684482", "NHS": "yes", "bridge": "yes", "hgv": "designated", "hgv:national_network": "yes", "highway": "primary", "lanes": "2", "layer": "1", "maxspeed": "55 mph", "name": "North Fork Highway", "ref": "US 14;US 16;US 20", "source:hgv:national_network": "https://hepgis-usdot.hub.arcgis.com/apps/usdot::national-network-conventional-combination-trucks-map/explore", "surface": "asphalt", "tiger:cfcc": "A21", "tiger:county": "Park, WY", "tiger:name_base": "North Fork", "tiger:name_base_1": "United States Highway 20", "tiger:name_base_2": "United States Highway 16", "tiger:name_base_3": "United States Highway 14", "tiger:name_type": "Hwy", "wydot_ml_number": "31" }, "geometry": { "type": "LineString", "coordinates": [ [ -109.1290585, 44.5131536 ], [ -109.1288046, 44.5131748 ] ] }, "id": "way/1415684482" }, { "type": "Feature", "properties": { "@id": "way/1485160465", "NHS": "yes", "hgv": "designated", "hgv:national_network": "yes", "highway": "primary", "lanes": "2", "maxspeed": "50 mph", "name": "North Fork Highway", "ref": "US 14;US 16;US 20", "source": "GPS survey", "source:hgv:national_network": "https://hepgis-usdot.hub.arcgis.com/apps/usdot::national-network-conventional-combination-trucks-map/explore", "wydot_ml_number": "31" }, "geometry": { "type": "LineString", "coordinates": [ [ -109.9176569, 44.4858895 ], [ -109.9168507, 44.4857306 ], [ -109.916218, 44.4855809 ], [ -109.9155457, 44.4853651 ], [ -109.9149914, 44.4851374 ], [ -109.9145154, 44.4848782 ], [ -109.914059, 44.4846026 ], [ -109.913512, 44.4841493 ], [ -109.9132338, 44.4838994 ] ] }, "id": "way/1485160465" }, { "type": "Feature", "properties": { "@id": "way/1485160466", "NHS": "yes", "hgv": "designated", "hgv:national_network": "yes", "highway": "primary", "lanes": "2", "maxspeed": "50 mph", "name": "North Fork Highway", "ref": "US 14;US 16;US 20", "source": "GPS survey", "source:hgv:national_network": "https://hepgis-usdot.hub.arcgis.com/apps/usdot::national-network-conventional-combination-trucks-map/explore", "wydot_ml_number": "31" }, "geometry": { "type": "LineString", "coordinates": [ [ -109.9033435, 44.4787412 ], [ -109.90239, 44.4786742 ], [ -109.9019352, 44.478641 ], [ -109.9017153, 44.4786238 ], [ -109.9014256, 44.4785951 ], [ -109.9010487, 44.4785433 ], [ -109.9007577, 44.4784802 ], [ -109.9005046, 44.4784065 ], [ -109.9002427, 44.4783118 ], [ -109.8999829, 44.4782003 ], [ -109.8997465, 44.4780994 ], [ -109.8994729, 44.4779501 ], [ -109.8992235, 44.477797 ], [ -109.898999, 44.477597 ], [ -109.8988185, 44.477441 ], [ -109.8985851, 44.4771961 ], [ -109.898385, 44.476905 ], [ -109.8982847, 44.4766985 ], [ -109.898164, 44.4764114 ], [ -109.898105, 44.4761396 ], [ -109.8980675, 44.4758143 ], [ -109.8980567, 44.475353 ], [ -109.8980675, 44.4748573 ], [ -109.8981131, 44.4745262 ], [ -109.8981747, 44.4742965 ], [ -109.8982847, 44.4739922 ], [ -109.8984483, 44.4736171 ], [ -109.8986254, 44.4731769 ], [ -109.898735, 44.4728394 ] ] }, "id": "way/1485160466" }


 ] }
