{"type":"FeatureCollection","features":[{"type":"Feature","properties":{"name":"US 30 (OR)","ref":"US 30","routeRef":"US 30","routeTier":"major","routeTensDigit":3,"routeOnesDigit":"even"},"geometry":{"type":"MultiLineString","coordinates":[[[-121.8872552,45.6712893],[-121.8873295,45.6711927],[-121.8874086,45.671098],[-121.8874924,45.6710053],[-121.8875808,45.6709147],[-121.8871871,45.6710359],[-121.8865173,45.6712116],[-121.8858278,45.6713678],[-121.8852907,45.6714847],[-121.884659,45.6716102],[-121.884032,45.6717318],[-121.8790633,45.672695],[-121.8783864,45.6728233],[-121.8774078,45.6730073],[-121.8764663,45.6731817],[-121.8761205,45.6732524],[-121.8755782,45.6733545],[-121.8743316,45.6736111],[-121.8729409,45.6739533],[-121.8724262,45.6740578],[-121.8720007,45.6741701],[-121.8715295,45.674284],[-121.8710976,45.6743814],[-121.8700307,45.6745994],[-121.8672477,45.6751388],[-121.8650407,45.6755561],[-121.8634173,45.6758702],[-121.8591921,45.676679],[-121.8582841,45.6768806],[-121.8577251,45.677032],[-121.8570213,45.6772576],[-121.8563596,45.6775121],[-121.8559147,45.6777062],[-121.8540101,45.6786432],[-121.8503475,45.6804731],[-121.8486049,45.6813392],[-121.846883,45.6821904],[-121.8445555,45.6833396],[-121.8442724,45.6835025],[-121.843958,45.6836932],[-121.8434052,45.6840733],[-121.8429944,45.684413],[-121.8426615,45.6846981],[-121.8423164,45.685025],[-121.8417058,45.6856623],[-121.8411329,45.6862901],[-121.8406391,45.6868822],[-121.8402698,45.6873588],[-121.8399151,45.6878391],[-121.8392907,45.6887442],[-121.8387345,45.6896217],[-121.8385483,45.6899204],[-121.8383256,45.6902563],[-121.8380216,45.6906511],[-121.8376662,45.6910641],[-121.837386,45.691382],[-121.8367354,45.6920031],[-121.8355326,45.6930122],[-121.8330275,45.6950548],[-121.8324708,45.6954171],[-121.8318593,45.6957316],[-121.8312446,45.6959835],[-121.8307269,45.6961786],[-121.8300042,45.6963214],[-121.8291791,45.6964268],[-121.8213619,45.697106],[-121.8199299,45.6972331],[-121.8187722,45.6972868],[-121.8179608,45.6973124],[-121.8169648,45.6972816],[-121.8155862,45.6971606],[-121.8147638,45.6970817],[-121.8139439,45.6970594],[-121.8127457,45.6970845],[-121.8115673,45.6971607],[-121.8101537,45.6971717],[-121.8086975,45.697121],[-121.8061424,45.6969846],[-121.8049469,45.6969276],[-121.803777,45.6968954],[-121.8030202,45.6968619],[-121.8022956,45.6968059],[-121.8016636,45.6967204],[-121.8011147,45.696623],[-121.800716,45.6965368],[-121.7999827,45.6963532],[-121.7992695,45.6961208],[-121.7951108,45.6946061],[-121.7935133,45.694144],[-121.7922137,45.6938322],[-121.7899172,45.6933465],[-121.7891669,45.6931969],[-121.7877189,45.6929478],[-121.7861716,45.6927207],[-121.7853807,45.6925924],[-121.7846842,45.6924188],[-121.7840092,45.6921469],[-121.7826904,45.6915191],[-121.7820306,45.691212],[-121.7813405,45.6909604],[-121.7806677,45.6907749],[-121.7799534,45.6906573],[-121.779174,45.6906094],[-121.7784004,45.6906237],[-121.7776503,45.6906493],[-121.7758613,45.6907824],[-121.7739823,45.6908971],[-121.7730759,45.6909593],[-121.7721219,45.6910297],[-121.7706032,45.6911394],[-121.7693571,45.6912255],[-121.768929,45.6912538],[-121.7682678,45.6913032],[-121.767477,45.6913441],[-121.7668269,45.6913686],[-121.7660526,45.6913768],[-121.7651478,45.6913705],[-121.7643706,45.6913393],[-121.7635683,45.6912937],[-121.7628518,45.6912331],[-121.7627121,45.6912224],[-121.7620709,45.691154],[-121.7589985,45.6907287],[-121.758069,45.6905843],[-121.7574693,45.6905246],[-121.7566935,45.6904892],[-121.7559146,45.6904967],[-121.7551412,45.6905428],[-121.7543734,45.6906164],[-121.7505618,45.6911809],[-121.7444423,45.6920607],[-121.7437107,45.6921666],[-121.7429374,45.6922575],[-121.7421747,45.6923342],[-121.7414276,45.6923844],[-121.7406913,45.6924232],[-121.7402509,45.6924373],[-121.739824,45.6924382],[-121.7391067,45.6924195],[-121.7384796,45.6923689],[-121.7378256,45.6922846],[-121.7372446,45.6921872],[-121.7366933,45.6920648],[-121.7360109,45.6918707],[-121.734028,45.6912777],[-121.7336231,45.691172],[-121.7332728,45.691065],[-121.7324581,45.6908928],[-121.7316513,45.6907673],[-121.730905,45.6906855],[-121.7293657,45.6905876],[-121.7265553,45.6904994],[-121.7239247,45.6904541],[-121.7227166,45.6905172],[-121.7215557,45.6905621],[-121.7207965,45.6905631],[-121.7200209,45.690487],[-121.7192927,45.6903598],[-121.7185562,45.6901453],[-121.7182224,45.6900291],[-121.7179102,45.6898756],[-121.7172856,45.689561],[-121.716132,45.6887754],[-121.7155684,45.6883889],[-121.7149736,45.688076],[-121.7143342,45.6877748],[-121.7141349,45.6877066],[-121.713577,45.6875514],[-121.7128245,45.6874141],[-121.7120542,45.6873204],[-121.7105108,45.6871808],[-121.709735,45.6871301],[-121.7089549,45.6871035],[-121.7081775,45.687097],[-121.7074836,45.6870813],[-121.7066374,45.6871288],[-121.7057961,45.6872201],[-121.7020323,45.6877146],[-121.7012306,45.687792],[-121.7004761,45.6878614],[-121.6996974,45.6878528],[-121.6973466,45.68775],[-121.6965632,45.6877787],[-121.6957573,45.6878084],[-121.6949967,45.6878755],[-121.6942361,45.6879978],[-121.6935083,45.6881469],[-121.6927781,45.6883081],[-121.6920663,45.6885318],[-121.6913732,45.6887851],[-121.6907137,45.6890748],[-121.6900838,45.6893965],[-121.689489,45.6897519],[-121.6883493,45.6905223],[-121.6873686,45.691322],[-121.6868438,45.6917921],[-121.686351,45.692178],[-121.6857809,45.6925396],[-121.685181,45.6928945],[-121.6845232,45.6932234],[-121.6838748,45.6934924],[-121.6831734,45.6937553],[-121.6824605,45.6939794],[-121.6817458,45.694167],[-121.6809907,45.6943192],[-121.6802272,45.6944429],[-121.6794466,45.694542],[-121.6779249,45.694684],[-121.6740394,45.6950042],[-121.6732682,45.6950869],[-121.6725002,45.695244],[-121.6717948,45.6954581],[-121.6712418,45.6956241],[-121.6706406,45.6958658],[-121.6704387,45.6959498],[-121.6696514,45.6962816],[-121.6683701,45.6967967],[-121.6669589,45.6971941],[-121.6661349,45.6973651],[-121.6653963,45.6975175],[-121.6646569,45.6976298],[-121.6639126,45.6977176],[-121.6438771,45.6996782],[-121.6415499,45.6998659],[-121.6407704,45.6998975],[-121.639991,45.6998785],[-121.6392174,45.6998317],[-121.6360726,45.6994977],[-121.6353818,45.6994391],[-121.6346093,45.6993852],[-121.6338368,45.6993972],[-121.6330558,45.6994272],[-121.6323091,45.6994631],[-121.6315194,45.699553],[-121.63079,45.6996674],[-121.6300317,45.699826],[-121.6293309,45.6999972],[-121.6285059,45.7002393],[-121.6278171,45.7004917],[-121.6271472,45.7007712],[-121.6251771,45.7016526],[-121.6212144,45.7034114],[-121.620573,45.7036817],[-121.6198912,45.7039589],[-121.6192164,45.7041685],[-121.618505,45.7043392],[-121.6177228,45.7044562],[-121.6170012,45.7045494],[-121.616093,45.7045618],[-121.6091657,45.7044856],[-121.6068334,45.7044941],[-121.604512,45.7045688],[-121.6036423,45.7045983],[-121.5998012,45.7047389],[-121.5974989,45.7048292],[-121.596694,45.7048676],[-121.5929505,45.7050076],[-121.5919479,45.7050419],[-121.5914199,45.7050668],[-121.5906786,45.7050943],[-121.5902812,45.7051144],[-121.5896976,45.7051591],[-121.5893377,45.7051798],[-121.5885556,45.705249],[-121.5881388,45.7052997],[-121.5876668,45.7053567],[-121.5871331,45.7054225],[-121.5867931,45.7054743],[-121.5859649,45.7056072],[-121.5850856,45.7057621],[-121.5845444,45.70587],[-121.5841808,45.7059423],[-121.5836229,45.7060815],[-121.5831037,45.7061972],[-121.5825137,45.7063423],[-121.5818448,45.7065197],[-121.5808591,45.7067871],[-121.5801095,45.7069584],[-121.5799299,45.706996],[-121.5797027,45.7070374],[-121.5795373,45.7070646],[-121.5792875,45.7070934],[-121.579059,45.7071124],[-121.5787877,45.7071246],[-121.5785055,45.7071287],[-121.5782506,45.7071239],[-121.5779882,45.7071171],[-121.5777365,45.7071019],[-121.5774954,45.7070874],[-121.5766402,45.7070078],[-121.5759744,45.7069396],[-121.5751979,45.706884],[-121.5748721,45.706864],[-121.5744575,45.7068517],[-121.5740608,45.7068543],[-121.573694,45.7068501],[-121.5730409,45.7068663],[-121.5727463,45.7068854],[-121.5722545,45.7069136],[-121.5715991,45.7069772],[-121.5706311,45.7071173],[-121.5701251,45.7071983],[-121.5694008,45.707334],[-121.5667901,45.7078475],[-121.5646072,45.7082744],[-121.562038,45.708831],[-121.5586366,45.7095399],[-121.555355,45.7102496],[-121.5541787,45.7105567],[-121.5534379,45.7107316],[-121.5526063,45.7109502],[-121.55217,45.711077],[-121.5518244,45.7112007],[-121.5513349,45.7113967],[-121.5507735,45.7116453],[-121.5505572,45.7114926],[-121.5499127,45.7110638],[-121.549741,45.7109761],[-121.5494291,45.7108501],[-121.5492199,45.7107959],[-121.5484239,45.7106256],[-121.5478531,45.7105177],[-121.5474384,45.7104682],[-121.5471421,45.710455],[-121.5469003,45.7104581],[-121.546405,45.7105018],[-121.5455136,45.7106142],[-121.5453631,45.7106327],[-121.5444536,45.7107451],[-121.5444191,45.7107479],[-121.544364,45.7107524],[-121.5440352,45.7107818],[-121.5439473,45.7107854],[-121.5438175,45.7107921],[-121.543353,45.71081],[-121.5417642,45.7108657],[-121.5413015,45.710883],[-121.5409366,45.7108732],[-121.5407984,45.7108624],[-121.5406332,45.7108494],[-121.5403749,45.7108211],[-121.5401617,45.7107895],[-121.5390624,45.7106035],[-121.5381432,45.7104497],[-121.5373937,45.7103188],[-121.5371194,45.710271],[-121.5367287,45.710203],[-121.5363688,45.7101403],[-121.5360519,45.7100851],[-121.5354617,45.7099832],[-121.5350213,45.7099071],[-121.534677,45.7098571],[-121.5344341,45.7098329],[-121.5339261,45.7097824],[-121.5333848,45.709729],[-121.532144,45.7096065],[-121.532033,45.7095949],[-121.5311535,45.7095075],[-121.5303509,45.7094273],[-121.5303171,45.7094239],[-121.530201,45.7094124],[-121.5299076,45.7093832],[-121.529844,45.7093772],[-121.5291807,45.7093147],[-121.5283685,45.7092324],[-121.5280862,45.7092038],[-121.5274311,45.7091316],[-121.527336,45.7091211],[-121.527233,45.7091078],[-121.5269767,45.7090747],[-121.5266273,45.7090231],[-121.5255781,45.708868],[-121.5252969,45.708814],[-121.5251998,45.7087953],[-121.5250214,45.7087825],[-121.5249405,45.7087767],[-121.524447,45.7087937],[-121.5238925,45.7088095],[-121.5234983,45.7087937],[-121.5224417,45.7087111],[-121.5221425,45.7086912],[-121.5214922,45.7087114],[-121.5201852,45.7087468],[-121.5201043,45.708749],[-121.518713,45.7087983],[-121.5173335,45.7088461],[-121.5164112,45.7088789],[-121.5162906,45.7088792],[-121.5157043,45.7088805],[-121.5153984,45.7088812],[-121.5153291,45.7088805],[-121.5152738,45.70888],[-121.5147816,45.7088751],[-121.5144768,45.7088721],[-121.5143768,45.7088711],[-121.5142461,45.7088709],[-121.5136958,45.7088699],[-121.5134808,45.7088695],[-121.5134696,45.7088695],[-121.5133509,45.7088693],[-121.513235,45.7088686],[-121.5124343,45.708864],[-121.5123022,45.7088632],[-121.5121433,45.7088623],[-121.5113602,45.7088581],[-121.5112347,45.7088574],[-121.5111034,45.7088576],[-121.510542,45.7088584],[-121.5104583,45.7088497],[-121.5103859,45.7088308],[-121.5103238,45.7088021],[-121.5102716,45.7087614],[-121.5102341,45.7087048],[-121.5102268,45.7086751],[-121.5102184,45.708641],[-121.5102207,45.7083249],[-121.5102214,45.708224],[-121.510222,45.7081397],[-121.5099923,45.7081285],[-121.5095911,45.7080763],[-121.5091644,45.7080208],[-121.5087871,45.7079717],[-121.5083975,45.7079142],[-121.5080422,45.7078572],[-121.5073851,45.707735],[-121.5072318,45.7077075],[-121.5070632,45.7076929],[-121.506875,45.7076888],[-121.5067052,45.7076949],[-121.5065136,45.7077285],[-121.506179,45.707811],[-121.5056022,45.7079754],[-121.5053879,45.7080335],[-121.5052103,45.7080661],[-121.5049913,45.7080865],[-121.5048316,45.7080877],[-121.5046487,45.7080621],[-121.5044715,45.7080205],[-121.5042785,45.7079448],[-121.5041002,45.7078548],[-121.5035999,45.7075677],[-121.5034966,45.7075322],[-121.5033897,45.7075034],[-121.5033152,45.7074882],[-121.5031935,45.7074881],[-121.5030904,45.707494],[-121.5030255,45.7075348],[-121.502972,45.707583],[-121.5029317,45.7076371],[-121.5029096,45.7076838],[-121.502897,45.7077323],[-121.5029095,45.7077747],[-121.5029935,45.7080602],[-121.5030681,45.7082125],[-121.5031504,45.7083116],[-121.5032596,45.7084024],[-121.5033226,45.7084444],[-121.5033881,45.708488],[-121.5039016,45.7087294],[-121.5040165,45.7087903],[-121.5040687,45.7088179],[-121.5041952,45.7088973],[-121.5042786,45.7089639],[-121.5043753,45.709067],[-121.504442,45.7091832],[-121.5044817,45.7092987],[-121.5044937,45.709433],[-121.5044696,45.7095554],[-121.5044147,45.7096742],[-121.504319,45.7097941],[-121.5041895,45.709899],[-121.5040835,45.709969],[-121.5039155,45.7100416],[-121.5036806,45.710092],[-121.5035201,45.7101056],[-121.5033097,45.7100921],[-121.5031439,45.7100626],[-121.5028891,45.7100106],[-121.5026597,45.7099631],[-121.5024604,45.7099269],[-121.5022432,45.7098965],[-121.5021319,45.7098871],[-121.5020378,45.7098871],[-121.5019354,45.7099024],[-121.501829,45.7099469],[-121.5017775,45.7099934],[-121.5017477,45.7100398],[-121.5017342,45.7102189],[-121.5017246,45.7106652],[-121.5017151,45.7111115],[-121.5014683,45.7110985],[-121.5009846,45.7110031],[-121.5003436,45.7108736],[-121.4999411,45.7108097],[-121.4988271,45.7106431],[-121.498418,45.7106021],[-121.4978073,45.710539],[-121.4967534,45.7104434],[-121.4960297,45.710362],[-121.495025,45.7102139],[-121.4944031,45.7101049],[-121.4936853,45.7099577],[-121.4930026,45.7098127],[-121.4922025,45.7096087],[-121.491518,45.7094334],[-121.4900981,45.7089729],[-121.4866475,45.7077065],[-121.48601,45.7074543],[-121.4852721,45.7071755],[-121.4845764,45.7068878],[-121.4802071,45.7047957],[-121.4752333,45.702414],[-121.4726997,45.7011888],[-121.4710936,45.7004145],[-121.4703713,45.7001017],[-121.4696918,45.6998186],[-121.4690712,45.6995764],[-121.468399,45.699335],[-121.4676527,45.6990958],[-121.4669465,45.6988963],[-121.4633641,45.6979167],[-121.4624624,45.6976126],[-121.4605813,45.6968657],[-121.459897,45.6966359],[-121.4591561,45.6964402],[-121.4584583,45.6963009],[-121.4580904,45.6962473],[-121.4576823,45.6961979],[-121.4573059,45.696162],[-121.456872,45.6961331],[-121.4560931,45.6961015],[-121.4545513,45.6960524],[-121.4499025,45.6959322],[-121.4490596,45.6959018],[-121.4485682,45.6958597],[-121.4480486,45.6957842],[-121.4475895,45.6956837],[-121.4468613,45.6954706],[-121.4461804,45.6951943],[-121.445566,45.6948583],[-121.442619,45.6930789],[-121.4420387,45.6927112],[-121.4414792,45.6923451],[-121.440904,45.6919506],[-121.4395961,45.6910103],[-121.4382139,45.6900317],[-121.4376192,45.6896605],[-121.4370114,45.6893115],[-121.4363655,45.6890249],[-121.4356457,45.6887603],[-121.4349067,45.6885593],[-121.4341908,45.6883972],[-121.4295447,45.687519],[-121.4259663,45.6868426],[-121.4253584,45.6867277],[-121.4250294,45.6866716],[-121.4239649,45.6864899],[-121.4232538,45.6863987],[-121.4225342,45.6863454],[-121.4218694,45.6863034],[-121.421157,45.6863034],[-121.420436,45.6863094],[-121.419889,45.686384],[-121.4196721,45.6864173],[-121.418831,45.6865433],[-121.4139669,45.6875291],[-121.413266,45.6876545],[-121.4125517,45.6877531],[-121.4118564,45.6878096],[-121.4111448,45.6877766],[-121.4104368,45.6876916],[-121.4048135,45.6867648],[-121.4043617,45.6866911],[-121.4019937,45.6863037],[-121.4016167,45.686245],[-121.4003967,45.6861385],[-121.4000739,45.6861128],[-121.3999279,45.6861195],[-121.3998396,45.686143],[-121.3997453,45.6861991],[-121.3996946,45.6862982],[-121.3997001,45.686346],[-121.3997183,45.686411],[-121.3998231,45.6865033],[-121.3999269,45.686568],[-121.40006,45.6866312],[-121.4002084,45.6866711],[-121.4003622,45.6866865],[-121.4005067,45.6866822],[-121.4006741,45.6866529],[-121.4008,45.6866172],[-121.4009538,45.6865524],[-121.401061,45.6864702],[-121.4011593,45.6863488],[-121.4012498,45.6861154],[-121.4013318,45.6858976],[-121.4014494,45.6855171],[-121.4016061,45.6851779],[-121.401735,45.6848809],[-121.4018468,45.6845909],[-121.4018813,45.6844758],[-121.401899,45.6843679],[-121.4018927,45.6842523],[-121.4018463,45.6841253],[-121.4017781,45.6840297],[-121.4017035,45.6839654],[-121.401466,45.6838569],[-121.4011802,45.6837852],[-121.4005844,45.6836727],[-121.4002766,45.6836197],[-121.3996911,45.6835027],[-121.3992495,45.6834558],[-121.3989592,45.6834515],[-121.3986938,45.6834688],[-121.398285,45.6835241],[-121.3976165,45.683673],[-121.3974171,45.6837178],[-121.3972586,45.683755],[-121.3971585,45.6837804],[-121.3962866,45.6840037],[-121.3958544,45.6841522],[-121.3955535,45.6842625],[-121.395451,45.6842992],[-121.3953295,45.6843409],[-121.3947031,45.6845724],[-121.3941219,45.684788],[-121.3939511,45.6848418],[-121.3935911,45.6849891],[-121.3934346,45.6850531],[-121.392802,45.6853406],[-121.3922895,45.6855768],[-121.3910701,45.6860796],[-121.3907188,45.6862293],[-121.3904515,45.6863461],[-121.3898422,45.6866364],[-121.3895437,45.6868351],[-121.3885813,45.6875964],[-121.3870324,45.6884919],[-121.3865569,45.6887348],[-121.3863344,45.6888812],[-121.3861406,45.6890277],[-121.3859076,45.6892065],[-121.3854509,45.6897293],[-121.3850014,45.6900922],[-121.3845466,45.6903771],[-121.3843453,45.6905106],[-121.3842461,45.6906642],[-121.3841261,45.6910141],[-121.384008,45.6913183],[-121.3838523,45.691492],[-121.3836517,45.6915801],[-121.3834307,45.6916644],[-121.3832711,45.6917321],[-121.3825492,45.6920065],[-121.3815751,45.6923441],[-121.3814706,45.692371],[-121.3811897,45.6923888],[-121.3809005,45.6923744],[-121.3806489,45.692334],[-121.3804147,45.6922529],[-121.3802043,45.6921386],[-121.3800124,45.6920125],[-121.378314,45.690633],[-121.3781338,45.6905314],[-121.3779576,45.6904321],[-121.3777335,45.6903219],[-121.3775122,45.6902768],[-121.3769093,45.6902171],[-121.3765403,45.6901336],[-121.3761235,45.6899273],[-121.3745892,45.6888292],[-121.3744119,45.6887205],[-121.3742687,45.6886553],[-121.3741393,45.68861],[-121.3738674,45.6885749],[-121.373575,45.6885662],[-121.3700532,45.6885554],[-121.3679221,45.6885597],[-121.3647612,45.6885662],[-121.3639471,45.6885681],[-121.3638372,45.6885684],[-121.3631372,45.6885749],[-121.3629817,45.688601],[-121.3628541,45.6886423],[-121.362739,45.6886988],[-121.3626581,45.6887618],[-121.3625741,45.6888422],[-121.3625181,45.6889335],[-121.3624933,45.6890313],[-121.362515,45.6892617],[-121.362599,45.6896181],[-121.3626021,45.6897224],[-121.362591,45.6898006],[-121.3625524,45.6898789],[-121.3625014,45.6899391],[-121.3624404,45.6899941],[-121.3622568,45.6901136],[-121.3618274,45.6902814],[-121.3614728,45.69042],[-121.361171,45.6905374],[-121.3610341,45.6905743],[-121.3607884,45.6906026],[-121.3605582,45.6905808],[-121.3601288,45.6904331],[-121.3599919,45.6904092],[-121.359815,45.6903934],[-121.3597026,45.6903983],[-121.3594318,45.6904664],[-121.3588346,45.6906982],[-121.3546405,45.692729],[-121.3543649,45.6928247],[-121.3539332,45.6929278],[-121.3533312,45.6930196],[-121.3529158,45.6931245],[-121.352543,45.6932406],[-121.3515452,45.6936228],[-121.351212,45.6937406],[-121.3510698,45.6937648],[-121.3509371,45.6937737],[-121.3507728,45.693769],[-121.3506621,45.6937596],[-121.3505502,45.693746],[-121.3504107,45.6937095],[-121.3502458,45.6936423],[-121.3500673,45.6935048],[-121.3498795,45.6933006],[-121.3496885,45.6929048],[-121.3495677,45.6927338],[-121.3494347,45.6926262],[-121.3492453,45.6925343],[-121.3481273,45.692139],[-121.3466824,45.6916281],[-121.3464885,45.6915247],[-121.3463285,45.6913652],[-121.346254,45.691165],[-121.3462911,45.6909377],[-121.346791,45.6903856],[-121.3468787,45.6901812],[-121.346899,45.6900572],[-121.3468641,45.6899354],[-121.3468015,45.6898135],[-121.3467146,45.689723],[-121.3466115,45.6896582],[-121.3465051,45.6896101],[-121.3463932,45.689575],[-121.3462599,45.6895471],[-121.3461238,45.6895341],[-121.3459062,45.6895274],[-121.3436565,45.6895485],[-121.3431235,45.6896031],[-121.3423177,45.6896991],[-121.3418776,45.6897051],[-121.3414462,45.6896534],[-121.3410451,45.6895494],[-121.3407113,45.6894013],[-121.3404634,45.6892306],[-121.3401,45.688911],[-121.3390142,45.6878117],[-121.3387853,45.6876289],[-121.3385144,45.6874621],[-121.3381622,45.6872758],[-121.3376402,45.6870376],[-121.337096,45.6868147],[-121.3367947,45.6867304],[-121.3365308,45.6867032],[-121.3363551,45.6867026],[-121.3355598,45.6867535],[-121.3327314,45.6869754],[-121.3325824,45.6869883],[-121.3255765,45.6875075],[-121.3228986,45.687731],[-121.3209689,45.6878572],[-121.320164,45.6878247],[-121.3199458,45.6878146],[-121.3195964,45.6877671],[-121.3190288,45.6876553],[-121.3181826,45.6874066],[-121.3173351,45.6870883],[-121.316522,45.6867829],[-121.3162632,45.6866857],[-121.3154541,45.6863705],[-121.3147885,45.6861073],[-121.3136973,45.6856793],[-121.3134438,45.6855138],[-121.31326,45.685325],[-121.313097,45.685005],[-121.3128382,45.6836441],[-121.3128043,45.6834658],[-121.3127233,45.6830401],[-121.3125721,45.6822452],[-121.3124098,45.6813918],[-121.3123367,45.6809933],[-121.3123172,45.6808526],[-121.3123386,45.6807596],[-121.3123816,45.6806488],[-121.3124397,45.68056],[-121.3125722,45.6804392],[-121.312748,45.6803232],[-121.3130854,45.6801566],[-121.3132458,45.6800559],[-121.3134171,45.6798702],[-121.314256,45.6787468],[-121.3143636,45.6785536],[-121.314399,45.6784142],[-121.3144171,45.678343],[-121.3144182,45.6781864],[-121.3143965,45.6781202],[-121.314278,45.6779805],[-121.3141674,45.6778895],[-121.313847,45.677759],[-121.313663,45.6777185],[-121.3134414,45.6777286],[-121.3132004,45.6777926],[-121.3115523,45.6784626],[-121.3112921,45.6785535],[-121.3110671,45.6786117],[-121.3108921,45.6786377],[-121.3107461,45.678647],[-121.3105962,45.678628],[-121.3101191,45.6785089],[-121.3096863,45.6784518],[-121.3094274,45.6784423],[-121.3070761,45.6784803],[-121.3066843,45.6785184],[-121.3064968,45.6785732],[-121.3063571,45.6786446],[-121.3063016,45.6786961],[-121.3061903,45.6788606],[-121.3060097,45.6792248],[-121.305761,45.6795581],[-121.30541,45.67982],[-121.3049579,45.6800794],[-121.3048761,45.6801335],[-121.3048055,45.6801943],[-121.3047129,45.680291],[-121.3043697,45.680824],[-121.3042237,45.6810154],[-121.3041024,45.6811197],[-121.3039412,45.681223],[-121.3037512,45.6813105],[-121.3033745,45.6814774],[-121.302972,45.681674],[-121.3028484,45.6817518],[-121.3027241,45.68183],[-121.3025374,45.6819767],[-121.302287,45.6822553],[-121.3022207,45.6823607],[-121.3021348,45.6824975],[-121.3020699,45.6826448],[-121.3020345,45.6827893],[-121.3020051,45.682923],[-121.3019871,45.6831751],[-121.3019811,45.6833336],[-121.3019504,45.6834949],[-121.3018971,45.6836265],[-121.3018482,45.6837233],[-121.3017228,45.6838399],[-121.3015452,45.6839282],[-121.3013992,45.6839745],[-121.3012614,45.684007],[-121.3009904,45.684],[-121.3008316,45.6839779],[-121.3007332,45.6839544],[-121.3006161,45.6839286],[-121.3004376,45.6838671],[-121.3000816,45.6837159],[-121.2999956,45.6836423],[-121.2999506,45.6835881],[-121.299894,45.6835199],[-121.2998351,45.6834489],[-121.2997468,45.6833512],[-121.2996343,45.6832766],[-121.2995271,45.6832437],[-121.2994145,45.6832091],[-121.2993198,45.6831872],[-121.29918,45.6831502],[-121.2990729,45.6830814],[-121.2989805,45.6829816],[-121.2989263,45.6828602],[-121.2989169,45.6827352],[-121.2989306,45.6826188],[-121.298969,45.6825017],[-121.2990477,45.682396],[-121.2991269,45.6823265],[-121.2992313,45.6822562],[-121.2993634,45.6822112],[-121.2995363,45.6821912],[-121.299763,45.682201],[-121.3000118,45.6822276],[-121.3001808,45.6822173],[-121.3003185,45.6821847],[-121.3004034,45.6821448],[-121.3004726,45.6820906],[-121.3005347,45.6820154],[-121.3006133,45.6818844],[-121.300699,45.681726],[-121.300749,45.681575],[-121.3007462,45.6813835],[-121.3006896,45.6811937],[-121.3006419,45.6810204],[-121.3005045,45.6808225],[-121.3003719,45.6806361],[-121.300249,45.6805469],[-121.3000994,45.6805097],[-121.299961,45.6805142],[-121.2998623,45.6805349],[-121.2997555,45.6805914],[-121.2997134,45.6806704],[-121.2996824,45.6807617],[-121.2996848,45.6808425],[-121.2996983,45.6809465],[-121.2997512,45.6811491],[-121.2998143,45.68147],[-121.2998251,45.6815642],[-121.2998223,45.6816095],[-121.2997994,45.6816651],[-121.2997326,45.681729],[-121.2996603,45.6817789],[-121.2995544,45.6818069],[-121.2994701,45.6818221],[-121.299312,45.6818105],[-121.2992483,45.6817804],[-121.2991666,45.6817396],[-121.299125,45.681674],[-121.2990997,45.6815976],[-121.2990897,45.6815109],[-121.2990944,45.6813801],[-121.2991137,45.6812449],[-121.2991534,45.6811006],[-121.2992385,45.680851],[-121.2992999,45.6806963],[-121.2993164,45.6805268],[-121.2993477,45.680215],[-121.2993504,45.6800821],[-121.2992961,45.6799282],[-121.2991911,45.6796635],[-121.2991079,45.6794554],[-121.2990264,45.679251],[-121.2989533,45.6790265],[-121.2989172,45.6787895],[-121.2988578,45.6784339],[-121.2988353,45.678315],[-121.2987828,45.6781777],[-121.2987025,45.678066],[-121.2985972,45.677956],[-121.2984285,45.6778029],[-121.298368,45.6776964],[-121.2983397,45.6776034],[-121.2983256,45.6774638],[-121.2983416,45.6773551],[-121.2983668,45.6772432],[-121.2984534,45.6769138],[-121.2985202,45.6763862],[-121.2985264,45.6762264],[-121.2984795,45.6761217],[-121.2984211,45.6760487],[-121.298364,45.6759957],[-121.2983038,45.675959],[-121.298219,45.6759351],[-121.29807,45.6759181],[-121.297933,45.6759389],[-121.2978035,45.6759785],[-121.2976198,45.6760229],[-121.2974081,45.6760696],[-121.2971546,45.6761074],[-121.2969789,45.6761042],[-121.2967987,45.676088],[-121.2965709,45.6760557],[-121.296402,45.676007],[-121.2961611,45.6759364],[-121.2958038,45.6758325],[-121.2955466,45.675759],[-121.2954327,45.6757082],[-121.295214,45.6756283],[-121.2951471,45.6756142],[-121.2950343,45.6756086],[-121.2948994,45.6756105],[-121.2947812,45.6756517],[-121.2947201,45.6756805],[-121.2946686,45.6757266],[-121.2946322,45.6757847],[-121.2946328,45.6758445],[-121.2946435,45.6759311],[-121.2946701,45.6759975],[-121.2947741,45.6760619],[-121.2948732,45.6761016],[-121.2950057,45.676135],[-121.2952668,45.6761806],[-121.295473,45.6762124],[-121.2956977,45.6762712],[-121.2958686,45.6763465],[-121.295991,45.6764365],[-121.2960987,45.6765422],[-121.2961815,45.6766485],[-121.2962513,45.6767636],[-121.2962794,45.6768925],[-121.2962944,45.677029],[-121.2962861,45.6771738],[-121.2962609,45.6772697],[-121.2962243,45.6773743],[-121.296141,45.6774778],[-121.2960647,45.6775459],[-121.2959728,45.6776198],[-121.2958652,45.677671],[-121.2957264,45.6777328],[-121.2955369,45.6778283],[-121.2954043,45.6779175],[-121.295319,45.6779942],[-121.2952292,45.6780959],[-121.29509,45.6782412],[-121.2948733,45.6784643],[-121.2948055,45.6785186],[-121.2946883,45.6785938],[-121.2944433,45.6786734],[-121.2941996,45.6787556],[-121.2940892,45.6788238],[-121.2939625,45.6789227],[-121.2938551,45.6790433],[-121.2937583,45.6791534],[-121.2935776,45.6793155],[-121.2934678,45.6793808],[-121.2933625,45.6794253],[-121.2932246,45.6794675],[-121.2930597,45.6794867],[-121.292931,45.6794919],[-121.2927647,45.679473],[-121.2925895,45.6794348],[-121.2923985,45.6793798],[-121.29226,45.6793179],[-121.2921748,45.6792547],[-121.2921156,45.6791648],[-121.2920967,45.6791071],[-121.2921093,45.6790357],[-121.2921537,45.6789655],[-121.2922133,45.6789113],[-121.2922933,45.6788691],[-121.2923772,45.6788461],[-121.2924543,45.6788367],[-121.2925515,45.6788426],[-121.2926428,45.6788598],[-121.2927756,45.6788818],[-121.2928585,45.6788872],[-121.2929546,45.6788847],[-121.2930232,45.6788751],[-121.293072,45.678858],[-121.2931574,45.6788183],[-121.2932265,45.6787544],[-121.2932692,45.6786805],[-121.2932753,45.6786067],[-121.293259,45.67852],[-121.2931878,45.6783468],[-121.2931735,45.6782682],[-121.2931742,45.6781795],[-121.2932196,45.678076],[-121.2933122,45.6779194],[-121.2933629,45.6777969],[-121.2933855,45.6776917],[-121.2933661,45.6775592],[-121.2933358,45.6774852],[-121.2932819,45.677398],[-121.2931535,45.6772964],[-121.2930091,45.6772156],[-121.2927934,45.6771499],[-121.2925272,45.6771161],[-121.2923415,45.677084],[-121.2922018,45.6770384],[-121.2920097,45.6769261],[-121.2917774,45.6767316],[-121.2916518,45.676642],[-121.2915191,45.6765976],[-121.2913587,45.6765598],[-121.2910869,45.6765174],[-121.2908163,45.6764986],[-121.2900005,45.6764694],[-121.2896276,45.6764713],[-121.2891823,45.6765027],[-121.289019,45.6765108],[-121.2888598,45.676505],[-121.2886943,45.6764859],[-121.2885614,45.6764614],[-121.2881143,45.6763915],[-121.287847,45.6763409],[-121.2875014,45.6762912],[-121.2871074,45.6762772],[-121.2863046,45.6762912],[-121.2851165,45.6764207],[-121.2847701,45.6764794],[-121.2843693,45.6764914],[-121.2840474,45.6764867],[-121.2838576,45.6764729],[-121.2822051,45.6763525],[-121.2820064,45.6763308],[-121.2818009,45.6762905],[-121.2816227,45.6762543],[-121.2777903,45.6753147],[-121.2775363,45.6752524],[-121.2772711,45.6751869],[-121.2759105,45.6748511],[-121.2739013,45.6743487],[-121.2732133,45.674162],[-121.2728626,45.6740611],[-121.2728038,45.6740442],[-121.2724279,45.673916],[-121.2721431,45.6738053],[-121.2716588,45.6736136],[-121.2711777,45.6734078],[-121.2708961,45.6732873],[-121.2704018,45.6730804],[-121.269377,45.672694],[-121.2684951,45.6723032],[-121.2681038,45.6721499],[-121.2678187,45.6720596],[-121.2672082,45.6718986],[-121.2668407,45.6717983],[-121.2661929,45.6716743],[-121.2655623,45.6715827],[-121.264401,45.6714122],[-121.2630375,45.6712201],[-121.2621109,45.6710796],[-121.2609363,45.6709119],[-121.2601879,45.6707574],[-121.2595253,45.6705803],[-121.2588211,45.6704055],[-121.2587909,45.6703975],[-121.257475,45.670051],[-121.2568995,45.6699285],[-121.2564002,45.669844],[-121.2560394,45.669805],[-121.2556122,45.6697879],[-121.2549935,45.6697855],[-121.2546518,45.6697842],[-121.2543639,45.6697611],[-121.2541509,45.6697255],[-121.2533726,45.669566],[-121.2525595,45.6693952],[-121.251027,45.6690435],[-121.2501752,45.6688594],[-121.2496262,45.6687466],[-121.2495336,45.6687321],[-121.2490085,45.6686498],[-121.2482131,45.6685251],[-121.247187,45.6683739],[-121.2467726,45.6683352],[-121.2454916,45.6683108],[-121.2441215,45.6682663],[-121.2419575,45.6682083],[-121.2413929,45.6681779],[-121.2410977,45.6681281],[-121.2409476,45.6680912],[-121.2406428,45.6680157],[-121.2397655,45.6676872],[-121.2395168,45.667585],[-121.2391275,45.6674187],[-121.2388703,45.6672634],[-121.2387419,45.6671588],[-121.2384191,45.6668284],[-121.2382066,45.6665814],[-121.2378893,45.666265],[-121.2377795,45.6661969],[-121.2375314,45.666043],[-121.2372533,45.6659153],[-121.2368715,45.6657921],[-121.2359058,45.6656177],[-121.2354149,45.6655565],[-121.2350597,45.6654645],[-121.2347194,45.6653446],[-121.2340998,45.6650596],[-121.2335083,45.6647978],[-121.2320466,45.6642002],[-121.2314566,45.6640167],[-121.2309084,45.6638417],[-121.2307252,45.6637818],[-121.230441,45.6636275],[-121.2298096,45.6632832],[-121.2289455,45.6629054],[-121.2285793,45.6628167],[-121.2281692,45.6627724],[-121.2274248,45.6627348],[-121.226734,45.662711],[-121.2259846,45.6626888],[-121.2253158,45.6627536],[-121.224708,45.6628645],[-121.2237292,45.663047],[-121.2231353,45.6630594],[-121.2224183,45.6629224],[-121.2210833,45.6625028],[-121.2204943,45.6622824],[-121.2202418,45.6621689],[-121.219966,45.661998],[-121.2197735,45.6618198],[-121.2196018,45.6616198],[-121.2194197,45.6612598],[-121.2193625,45.6610453],[-121.2193533,45.6608434],[-121.2193744,45.6607812],[-121.2195788,45.6601776],[-121.2197295,45.659801],[-121.2199025,45.6593824],[-121.219958,45.6591632],[-121.2202055,45.6584033],[-121.2201953,45.65814],[-121.2201464,45.6579945],[-121.2200577,45.6578521],[-121.2199278,45.6576995],[-121.2197389,45.6575551],[-121.2195087,45.6574313],[-121.2191575,45.6573117],[-121.2188564,45.6572209],[-121.218641,45.6571776],[-121.2184314,45.6571508],[-121.2181924,45.6571384],[-121.2179592,45.6571425],[-121.2177615,45.6571611],[-121.2175165,45.6571899],[-121.2157988,45.6574457],[-121.2156659,45.6574602],[-121.2154711,45.6574643],[-121.2152114,45.6574416],[-121.2150579,45.6574189],[-121.2148749,45.6573818],[-121.2147362,45.6573364],[-121.2145828,45.6572704],[-121.2144204,45.6571961],[-121.2142286,45.6570868],[-121.2140279,45.6569568],[-121.2138449,45.6568104],[-121.213718,45.656699],[-121.2135704,45.6565525],[-121.2131749,45.6560471],[-121.2130805,45.6559109],[-121.2130037,45.6557335],[-121.2129506,45.6555458],[-121.2129063,45.655356],[-121.2128798,45.6551662],[-121.2128146,45.6544553],[-121.2127824,45.6541037],[-121.2125832,45.6522277],[-121.2125357,45.6513921],[-121.2125078,45.6505758],[-121.2124755,45.6491477],[-121.2124495,45.6477975],[-121.2124543,45.6473295],[-121.212376,45.6452047],[-121.2123154,45.6448877],[-121.2121994,45.6445414],[-121.2120403,45.6441704],[-121.2119793,45.6440674],[-121.2118977,45.6439159],[-121.2117085,45.6436422],[-121.2114613,45.6433227],[-121.2109551,45.6427794],[-121.2106156,45.6425008],[-121.2103232,45.642288],[-121.2099879,45.6420549],[-121.2098329,45.6419013],[-121.209686,45.6417147],[-121.2095979,45.6415309],[-121.2094302,45.6411235],[-121.2092978,45.6406969],[-121.2092941,45.6404808],[-121.2093257,45.6402482],[-121.209428,45.6400187],[-121.2095907,45.6397869],[-121.209875,45.6395084],[-121.2104244,45.6390881],[-121.2116836,45.6382171],[-121.2121628,45.6379284],[-121.2125753,45.6377109],[-121.2130239,45.6374761],[-121.2134162,45.6372557],[-121.2137301,45.6370545],[-121.2141388,45.6366968],[-121.2151838,45.6356467],[-121.216284,45.6345584],[-121.2164732,45.6343322],[-121.2166176,45.6341011],[-121.2166953,45.6338426],[-121.2167254,45.6335887],[-121.2167282,45.6331242],[-121.2167109,45.6327325],[-121.2166691,45.6323248],[-121.2166093,45.6319387],[-121.2165455,45.6316817],[-121.2164429,45.6313721],[-121.2163404,45.6311434],[-121.2160494,45.6305978],[-121.2157732,45.6301885],[-121.2155023,45.6297461],[-121.2152368,45.6293125],[-121.2148678,45.6287096],[-121.2147069,45.6284112],[-121.2146212,45.6282575],[-121.2145816,45.6281323],[-121.2145502,45.6277474],[-121.2145576,45.6272542],[-121.2145518,45.6268159],[-121.214549,45.6262798],[-121.2145074,45.6259803],[-121.2144585,45.6257131],[-121.2143723,45.6253358],[-121.2142467,45.6248618],[-121.2141548,45.6245753],[-121.2140129,45.6242456],[-121.2136092,45.6233453],[-121.2134869,45.6230883],[-121.2133741,45.6228673],[-121.2133001,45.6227152],[-121.2131501,45.6224068],[-121.2128818,45.621855],[-121.2126725,45.6214248],[-121.2123405,45.6207421],[-121.2120018,45.620083],[-121.2118295,45.6197427],[-121.2109547,45.6180317],[-121.21079,45.617691],[-121.2105353,45.6171537],[-121.2099855,45.6159937],[-121.2098695,45.615756],[-121.209779,45.615565],[-121.2097153,45.6154327],[-121.2095789,45.6151494],[-121.2093691,45.6147138],[-121.2090301,45.6140096],[-121.2089011,45.6138052],[-121.2088107,45.6136619],[-121.2085613,45.613335],[-121.2080977,45.612766],[-121.2079195,45.6125473],[-121.2076202,45.61218],[-121.2072891,45.6118028],[-121.2068998,45.6113344],[-121.2066489,45.6110392],[-121.2064985,45.6108623],[-121.206085,45.6103788],[-121.2059058,45.6102141],[-121.2057228,45.610082],[-121.205306,45.609864],[-121.2048244,45.6096349],[-121.2043601,45.6093948],[-121.2040416,45.6091684],[-121.2037564,45.6089658],[-121.203632,45.6088774],[-121.2035355,45.6090078],[-121.2033674,45.6092349],[-121.202878,45.6098964],[-121.202763,45.6100519],[-121.2025129,45.6103034],[-121.2024196,45.6103972],[-121.2022601,45.6103165],[-121.2014758,45.6099197],[-121.2004616,45.6094065],[-121.1979189,45.6083557],[-121.1975854,45.6082271],[-121.1974276,45.6081662],[-121.1934825,45.6064455],[-121.1919375,45.605773],[-121.1918143,45.6057209],[-121.1916262,45.6056414],[-121.1913955,45.605544],[-121.1906792,45.6052374],[-121.1891593,45.6046001],[-121.1887594,45.6044313],[-121.18865,45.6043851],[-121.1885703,45.6043513],[-121.1883898,45.6042747],[-121.1876472,45.6039532],[-121.1876191,45.6039411],[-121.1874428,45.6038639],[-121.1869988,45.6036611],[-121.1867592,45.6035623],[-121.1865588,45.6034796],[-121.1862571,45.6033449],[-121.1861217,45.60328],[-121.1859442,45.6031962],[-121.1857658,45.603112],[-121.1857025,45.6030815],[-121.1855986,45.6030303],[-121.1854323,45.6029506],[-121.1853419,45.6029073],[-121.1852656,45.6028721],[-121.1848982,45.6027023],[-121.1848765,45.6026922],[-121.1847606,45.6026383],[-121.1847298,45.602624],[-121.1843139,45.6024266],[-121.18422,45.602382],[-121.1841353,45.6023424],[-121.1839611,45.6022609],[-121.1832512,45.6019287],[-121.183134,45.6018739],[-121.1830173,45.6018182],[-121.1820674,45.6013649],[-121.1819556,45.6013115],[-121.1818374,45.6012567],[-121.1808327,45.6007911],[-121.1807004,45.6007298],[-121.1806103,45.6006862],[-121.1796093,45.6002021],[-121.1795326,45.600165],[-121.1794355,45.6001198],[-121.179197,45.6000087],[-121.178442,45.5996461],[-121.1783304,45.5995925],[-121.1781904,45.5995264],[-121.177206,45.5990612],[-121.1770912,45.599007],[-121.1769725,45.5989525],[-121.1759878,45.5984891],[-121.175853,45.5984258],[-121.175752,45.5983768],[-121.1752741,45.5981448],[-121.1751387,45.5980791],[-121.1749216,45.5979737],[-121.174762,45.5978963],[-121.1746481,45.597841],[-121.1745302,45.5977884],[-121.1740679,45.5975825],[-121.1735651,45.5974079],[-121.1733991,45.5973728],[-121.1732145,45.5973496],[-121.1730174,45.5973243],[-121.172946,45.597339],[-121.1728716,45.5973368],[-121.1728022,45.5973178],[-121.1727454,45.597284],[-121.1725975,45.5972423],[-121.1725669,45.597239],[-121.1724145,45.5972225],[-121.1723108,45.5972176],[-121.1722104,45.597199],[-121.1721155,45.5971703],[-121.1718934,45.5970895],[-121.1718364,45.5970735],[-121.1716121,45.5970106],[-121.1712442,45.5969386],[-121.1708701,45.5968949],[-121.1708069,45.5968875],[-121.1700584,45.5968346],[-121.1696016,45.596809],[-121.168896,45.596749],[-121.1680174,45.5966718],[-121.166788,45.5966684],[-121.1645837,45.5968159],[-121.162804,45.5968873],[-121.1619479,45.5967884],[-121.1609634,45.5965872],[-121.1595814,45.5964162],[-121.1570347,45.5961834],[-121.1560806,45.5961777],[-121.1557179,45.5962025],[-121.1548138,45.5962772],[-121.1540899,45.5964104],[-121.15248,45.5968027],[-121.1511115,45.5969558],[-121.1492512,45.5971138],[-121.1487649,45.5971741],[-121.1483799,45.5972344],[-121.1478654,45.5973355],[-121.147576,45.5974127],[-121.1446185,45.5983702],[-121.1440693,45.5985172],[-121.1428804,45.5988355],[-121.1420178,45.5990556],[-121.1416136,45.5990845],[-121.14127,45.5990616],[-121.1407829,45.5990034],[-121.1400384,45.598897],[-121.1396943,45.5987965],[-121.1394688,45.5992414],[-121.139251,45.5998296],[-121.1391049,45.600382],[-121.1387077,45.6019015],[-121.1386351,45.6021526],[-121.1385427,45.6024961],[-121.138402,45.6031043],[-121.1383427,45.6033337],[-121.136577,45.6035659],[-121.1361315,45.6036516],[-121.1354855,45.6038172],[-121.1347784,45.6040234],[-121.1336966,45.6043611],[-121.1310836,45.6053107],[-121.1292569,45.6059892],[-121.1287501,45.6062542],[-121.1278392,45.6067338],[-121.1267676,45.6073857],[-121.1262637,45.6077631],[-121.1254237,45.608457],[-121.1245016,45.6094023],[-121.1234963,45.610622],[-121.1228302,45.6114721],[-121.1222132,45.6122132],[-121.1209556,45.6135725],[-121.1203719,45.6141309],[-121.1193248,45.6149714],[-121.1182262,45.6157518],[-121.1170074,45.6165503],[-121.1157714,45.6173488],[-121.1152736,45.617703],[-121.1145183,45.6182913],[-121.1138763,45.618862],[-121.1135714,45.619134],[-121.1125785,45.6201283],[-121.1114359,45.6211985],[-121.1096592,45.6228713],[-121.1052657,45.6271455],[-121.1017467,45.6302966],[-121.1005365,45.6313145],[-121.1001679,45.6316633],[-121.0998645,45.6319841],[-121.0994843,45.6324268],[-121.0991783,45.6328306],[-121.0988494,45.6333734],[-121.0984991,45.6339417],[-121.0983719,45.6341365],[-121.0981877,45.6343708],[-121.0980457,45.6345523],[-121.0979029,45.6347024],[-121.097498,45.63511],[-121.0970784,45.6354561],[-121.096887,45.6356004],[-121.0967071,45.6357315],[-121.0964086,45.6359032],[-121.0960705,45.6360769],[-121.0956663,45.6362715],[-121.0951474,45.6364955],[-121.0943854,45.6368115],[-121.0920478,45.6377986],[-121.0862797,45.6402052],[-121.080465,45.6426231],[-121.0717488,45.6462297],[-121.0692309,45.6470078],[-121.0670968,45.6475137],[-121.0652686,45.6478738],[-121.0635348,45.6481198],[-121.062316,45.6482518],[-121.0612002,45.6483298],[-121.0591746,45.6484198],[-121.042575,45.6481798],[-121.0218555,45.6477238],[-121.0021316,45.6473517],[-120.9936896,45.6471556],[-120.9929032,45.6471079],[-120.9922047,45.6470528],[-120.9915009,45.6469516],[-120.9907419,45.6467899],[-120.9901035,45.6466362],[-120.9895628,45.646485],[-120.9889775,45.6463058],[-120.9884073,45.6460845],[-120.9878837,45.6458517],[-120.9863924,45.6450894],[-120.9858648,45.6448153],[-120.9854701,45.6446181],[-120.9848831,45.6443249],[-120.9841549,45.6440436],[-120.9834629,45.6438359],[-120.9823632,45.6436157],[-120.9817039,45.6435475],[-120.9811374,45.6435355],[-120.9805241,45.6435431],[-120.979908,45.6435798],[-120.97907,45.6436768],[-120.9775203,45.6439247],[-120.9747229,45.6443232],[-120.9722632,45.6447204],[-120.970297,45.6451436],[-120.9689666,45.6455267],[-120.9673709,45.6460834],[-120.965841,45.6466912],[-120.9645034,45.6472917],[-120.961156,45.6488878],[-120.9581559,45.6502459],[-120.9575127,45.6505498],[-120.9546345,45.6519256],[-120.9538299,45.6523098],[-120.9536289,45.6524025],[-120.952507,45.6529015],[-120.9517182,45.6532246],[-120.9508332,45.6535024],[-120.9495661,45.6538357],[-120.9484931,45.6539964],[-120.9477063,45.6540551],[-120.9466764,45.6540689],[-120.9456644,45.6540071],[-120.9446981,45.6538757],[-120.9436723,45.6536636],[-120.9427281,45.6533756],[-120.9415369,45.6528778],[-120.9405995,45.6523917],[-120.9393121,45.6514317],[-120.9380075,45.6503398],[-120.9302398,45.6437215],[-120.923442,45.6379628],[-120.922412,45.6372225],[-120.9216395,45.6367904],[-120.9203864,45.6362143],[-120.9193564,45.6358542],[-120.9180267,45.6355253],[-120.9165755,45.6353221],[-120.9155661,45.6352497],[-120.9150477,45.6352541],[-120.9143182,45.6352721],[-120.9132879,45.6353501],[-120.9127132,45.6354221],[-120.9091941,45.6358722],[-120.9053359,45.6363879],[-120.9040786,45.6365624],[-120.9020873,45.6369344],[-120.9010057,45.6371794],[-120.9000274,45.6374326],[-120.8982468,45.6379592],[-120.8967446,45.6384847],[-120.8954007,45.6390071],[-120.8940912,45.6395887],[-120.8926459,45.6403131],[-120.8910692,45.6412173],[-120.889623,45.6421621],[-120.882776,45.6470558],[-120.8823193,45.6473823],[-120.8769233,45.6512964],[-120.8753549,45.6523437],[-120.8732829,45.6535939],[-120.8665448,45.6577071],[-120.8624249,45.6602507],[-120.8605624,45.6613304],[-120.859335,45.6619483],[-120.8580476,45.6625302],[-120.8561679,45.663232],[-120.8496619,45.6658113],[-120.8427135,45.668516],[-120.8382875,45.6703042],[-120.8355525,45.6714311],[-120.8335339,45.6721832],[-120.8321941,45.6726162],[-120.8313251,45.6728844],[-120.8308786,45.6730222],[-120.8300865,45.6732666],[-120.8220607,45.6757402],[-120.8210697,45.6759898],[-120.8202689,45.6761588],[-120.8194565,45.6762917],[-120.8123441,45.6772871],[-120.8089879,45.6777624],[-120.8042405,45.6784453],[-120.8022183,45.6788157],[-120.800582,45.6791619],[-120.7989458,45.6795644],[-120.7937144,45.6809905],[-120.7698501,45.6876599],[-120.7531208,45.6923592],[-120.7521128,45.6926229],[-120.7512861,45.6927943],[-120.7506822,45.6928808],[-120.7497475,45.6929873],[-120.7485935,45.6930465],[-120.7476141,45.6930986],[-120.7472165,45.6931239],[-120.7468109,45.693162],[-120.746008,45.6932639],[-120.7450996,45.6934292],[-120.7442473,45.6936321],[-120.7436205,45.6938191],[-120.7428004,45.69409],[-120.7362523,45.6964254],[-120.7342335,45.6971409],[-120.7335532,45.697382],[-120.7308742,45.6983315],[-120.730396,45.6985045],[-120.7253192,45.7003061],[-120.7165109,45.7034297],[-120.7155602,45.7037033],[-120.7148861,45.703832],[-120.7055929,45.7053288],[-120.7029138,45.7058518],[-120.696443,45.7073114],[-120.6957089,45.7075138],[-120.6950822,45.7077199],[-120.693737,45.7081563],[-120.6921943,45.7087233],[-120.6913098,45.7090914],[-120.6909306,45.7092148],[-120.6888732,45.7100804],[-120.6864591,45.711231],[-120.6845348,45.7122488],[-120.6835438,45.7128241],[-120.6821957,45.7136609],[-120.6815792,45.714043],[-120.6726259,45.7201293],[-120.6707188,45.7212918],[-120.6614832,45.7263959],[-120.6607054,45.7268142],[-120.6599392,45.7271963],[-120.6591069,45.7275471],[-120.6586198,45.7277191],[-120.6576519,45.7280409],[-120.6553234,45.728699],[-120.6549545,45.7288033],[-120.6534114,45.7292394],[-120.6528007,45.7294244],[-120.6520118,45.7297051],[-120.6510665,45.7301282],[-120.650283,45.7305505],[-120.6496838,45.7309164],[-120.649269,45.731214],[-120.6489117,45.7315116],[-120.6483068,45.7320948],[-120.647287,45.7333213],[-120.6459676,45.7348897],[-120.6451773,45.7356409],[-120.6439658,45.7364422],[-120.6428054,45.7369595],[-120.6413639,45.7374044],[-120.634079,45.7392913],[-120.6318456,45.7398013],[-120.6305408,45.7399699],[-120.6293256,45.7400408],[-120.6138213,45.7402967],[-120.6099403,45.7403676],[-120.6071148,45.7404075],[-120.6056259,45.7404033],[-120.6041429,45.740376],[-120.602399,45.7403022],[-120.6012848,45.7402404],[-120.6001725,45.740156],[-120.5981501,45.7400024],[-120.5960605,45.7397721],[-120.5940795,45.7394825],[-120.59203,45.7391107],[-120.5870974,45.7380483],[-120.5764038,45.7355215],[-120.5736878,45.7347898],[-120.5707681,45.7338773],[-120.5685915,45.7331507],[-120.5650461,45.7318228],[-120.5612195,45.7301029],[-120.5579385,45.7284496],[-120.5559458,45.7272299],[-120.5539332,45.7258734],[-120.5518183,45.7242015],[-120.5501719,45.7227536],[-120.5484075,45.7210017],[-120.5459416,45.7185235],[-120.5425084,45.7150252],[-120.5412424,45.7137367],[-120.5383885,45.7109649],[-120.5371225,45.7097887],[-120.5343759,45.7076534],[-120.5237973,45.7009401],[-120.52001,45.6989019],[-120.5158579,45.6967663],[-120.5116737,45.6945931],[-120.5088735,45.6932292],[-120.5070529,45.6924714],[-120.5050755,45.6918128],[-120.5030935,45.6912691],[-120.5010878,45.6908202],[-120.5001528,45.6905805],[-120.4995872,45.6904428],[-120.4985907,45.6901968],[-120.4958745,45.6894379],[-120.4897118,45.6879831],[-120.4880762,45.687721],[-120.4863322,45.6875464],[-120.4844654,45.687449],[-120.4810261,45.6873575],[-120.4796241,45.6873494],[-120.4780679,45.687389],[-120.4742086,45.6876083],[-120.4673207,45.6879081],[-120.4644511,45.6880817],[-120.4615486,45.6883578],[-120.4449618,45.6904188],[-120.4406258,45.6907756],[-120.4363036,45.6910034],[-120.4215193,45.691483],[-120.4167986,45.6917753],[-120.4108012,45.6924198],[-120.4074752,45.6926446],[-120.4054054,45.6927015],[-120.4033446,45.6926777],[-120.3924119,45.6923898],[-120.3902447,45.6924198],[-120.3886676,45.6925172],[-120.385052,45.6930793],[-120.3823376,45.6935664],[-120.3810299,45.6938076],[-120.3789794,45.6941509],[-120.3755248,45.6947804],[-120.3748914,45.6949002],[-120.3744391,45.6949858],[-120.3715414,45.695534],[-120.3699101,45.6959262],[-120.3683244,45.6963933],[-120.3653431,45.6974782],[-120.3598714,45.6994714],[-120.3585631,45.6998211],[-120.3571892,45.7000783],[-120.3555584,45.7002882],[-120.3544641,45.7003481],[-120.349046,45.7003331],[-120.3482877,45.7003689],[-120.3473174,45.7004148],[-120.3353989,45.7017343],[-120.330292,45.7023562],[-120.3255284,45.7028358],[-120.2960885,45.7060051],[-120.2867866,45.7069567],[-120.2815402,45.7076759],[-120.2723134,45.7094365],[-120.2513385,45.7134146],[-120.2461994,45.714396],[-120.2389058,45.715784],[-120.2347839,45.7165684],[-120.2294518,45.7175811],[-120.2278423,45.7178868],[-120.2253425,45.7183287],[-120.2237546,45.7185085],[-120.2209222,45.7187182],[-120.2198253,45.7187889],[-120.2170114,45.7189475],[-120.2149765,45.7191244],[-120.2119121,45.7195476],[-120.2106011,45.7197969],[-120.2087237,45.7202149],[-120.2068621,45.7207205],[-120.2055518,45.7211364],[-120.2041785,45.7216607],[-120.2031056,45.7221176],[-120.2021936,45.7225371],[-120.2000264,45.723728],[-120.19846,45.7247466],[-120.1969794,45.72593],[-120.1951074,45.7275001],[-120.1930741,45.7294575],[-120.1918618,45.7306408],[-120.1818089,45.7400763],[-120.1799099,45.7418733],[-120.178676,45.7430189],[-120.1778617,45.7436608],[-120.1764337,45.7445688],[-120.172979,45.7467026],[-120.1684657,45.7495477],[-120.1669168,45.7504134],[-120.1658196,45.7508656],[-120.1646935,45.7512753],[-120.1632051,45.7516887],[-120.1543645,45.7540093],[-120.1506952,45.7553194],[-120.1480989,45.7564347],[-120.1420156,45.7591744],[-120.1371939,45.7613511],[-120.1344856,45.7624162],[-120.1327459,45.7629992],[-120.1308362,45.7635905],[-120.1262228,45.7649153],[-120.1205257,45.7664795],[-120.1186267,45.7668837],[-120.0931136,45.7706182],[-120.0735227,45.7734844],[-120.0710014,45.7738735],[-120.068802,45.7743075],[-120.067182,45.7747041],[-120.064768,45.7754674],[-120.0629334,45.7761633],[-120.0604228,45.7773157],[-120.0531272,45.7814012],[-120.0516573,45.7821045],[-120.0501446,45.7827405],[-120.0440828,45.7851422],[-120.0397162,45.7868854],[-120.0342607,45.7890599],[-120.0256614,45.7926534],[-120.0234942,45.7937231],[-120.0218741,45.7945235],[-120.0184438,45.7961862],[-120.0173855,45.7967007],[-120.0139884,45.7983384],[-120.0128082,45.7987947],[-120.0114242,45.7992061],[-120.0084523,45.7998569],[-120.001148,45.801134],[-119.999652,45.801407],[-119.9730794,45.8063115],[-119.9593416,45.8087818],[-119.958023,45.809023],[-119.957724,45.809078],[-119.9547285,45.8096427],[-119.9541599,45.8097549],[-119.9497766,45.8105753],[-119.902803,45.819177],[-119.8899478,45.8215397],[-119.8874311,45.8219553],[-119.8851627,45.8222276],[-119.8822101,45.8224412],[-119.8797821,45.8226641],[-119.8791813,45.8227015],[-119.8734843,45.8232024],[-119.8662852,45.823838],[-119.858936,45.8244809],[-119.851694,45.825109],[-119.8456537,45.8256547],[-119.8384546,45.8262603],[-119.8311053,45.8269033],[-119.8260735,45.8273294],[-119.8211704,45.8278004],[-119.8145688,45.8283582],[-119.8082388,45.8289114],[-119.8047935,45.8291951],[-119.8031534,45.8293301],[-119.7967717,45.8298832],[-119.7925318,45.830272],[-119.7784785,45.8314347],[-119.7743125,45.8318008],[-119.7627697,45.832815],[-119.7590808,45.8331391],[-119.7466783,45.8341857],[-119.7342757,45.835277],[-119.7220449,45.8363235],[-119.7160367,45.8368767],[-119.7100286,45.83737],[-119.7064894,45.8376764],[-119.6989779,45.8383268],[-119.6955167,45.8386232],[-119.6886782,45.8392088],[-119.6813847,45.8398407],[-119.6800522,45.8399562],[-119.6747993,45.8403878],[-119.6738724,45.8404645],[-119.6686646,45.8407027],[-119.6680359,45.8406887],[-119.6660132,45.8406516],[-119.6628006,45.8404457],[-119.6589164,45.8399562],[-119.6559338,45.8394629],[-119.6297973,45.835096],[-119.6273776,45.8346569],[-119.6255148,45.8343631],[-119.6240088,45.8341259],[-119.6231542,45.8339839],[-119.6151513,45.8326114],[-119.5877335,45.8280376],[-119.5663899,45.8244177],[-119.5546365,45.8224242],[-119.5468352,45.8211742],[-119.5343039,45.8193199],[-119.4976756,45.8132332],[-119.4474765,45.8046738],[-119.4353529,45.8026544],[-119.4262431,45.8010576],[-119.4171665,45.7995617],[-119.402084,45.7969944],[-119.3933399,45.7955102],[-119.3925336,45.7953698],[-119.3839909,45.7939124],[-119.3783947,45.7929729],[-119.3690049,45.791345],[-119.3609625,45.7899805],[-119.3499075,45.7880893],[-119.3424231,45.7868144],[-119.341951,45.7867426],[-119.329695,45.7846316],[-119.318854,45.7827802],[-119.3087946,45.7810503],[-119.2950188,45.7787158],[-119.2822472,45.7765248],[-119.2734067,45.7750223],[-119.2648236,45.7735555],[-119.2566611,45.7721427],[-119.2465846,45.7704125],[-119.237126,45.7688259],[-119.2282769,45.7672932],[-119.2183892,45.7655808],[-119.2154452,45.7650778],[-119.2130333,45.7646467],[-119.2108361,45.7642874],[-119.2090221,45.7639912],[-119.198068,45.7620972],[-119.1157624,45.7478524],[-119.1039747,45.7458529],[-119.0977065,45.7447687],[-119.0915839,45.7436932],[-119.085756,45.7421945],[-119.0780799,45.7396019],[-119.077364,45.7393825],[-119.0482969,45.7299399],[-119.0191367,45.7204713],[-119.0107953,45.7177996],[-119.0010064,45.7145674],[-118.9914329,45.7114474],[-118.9388186,45.6943287],[-118.929852,45.6913967],[-118.9249201,45.6897478],[-118.9187938,45.687756],[-118.9127041,45.6857754],[-118.9080197,45.684253],[-118.9035879,45.6827988],[-118.9006795,45.6818426],[-118.8986795,45.6811909],[-118.8950216,45.6800071],[-118.8911723,45.6787463],[-118.888883,45.6780149],[-118.8871926,45.6774571],[-118.8856488,45.6770045],[-118.8842475,45.6766545],[-118.8823453,45.6763243],[-118.8808015,45.6761251],[-118.8795509,45.6760255],[-118.8779175,45.6759686],[-118.8760926,45.6760169],[-118.8747769,45.6761023],[-118.8735753,45.6762304],[-118.8719093,45.6764894],[-118.8699337,45.6769305],[-118.8684778,45.6773573],[-118.8665214,45.6780408],[-118.8642026,45.6787482],[-118.8627712,45.6790395],[-118.8613359,45.6792295],[-118.8596286,45.679328],[-118.8580642,45.6792961],[-118.856335,45.6791352],[-118.8554146,45.6789772],[-118.8544431,45.6787718],[-118.8526881,45.6783099],[-118.8509479,45.6777409],[-118.8486539,45.6771215],[-118.8477138,45.6769288],[-118.8463851,45.6768018],[-118.8442603,45.6765522],[-118.8423223,45.676285],[-118.8401504,45.675989],[-118.8388759,45.6758634],[-118.8384945,45.6758179],[-118.8303363,45.674845],[-118.8287663,45.6746422],[-118.8265224,45.6743885],[-118.8231764,45.6739998],[-118.8197443,45.6735815],[-118.8189471,45.6734778],[-118.8180103,45.6733693],[-118.8171512,45.6732555],[-118.8167625,45.6731948],[-118.8164162,45.6731289],[-118.8155495,45.6729665],[-118.8153465,45.6729294],[-118.8148864,45.6728594],[-118.8142143,45.6727186],[-118.8132165,45.6724524],[-118.8119868,45.672048],[-118.8113444,45.6717142],[-118.8098541,45.6709457],[-118.809609,45.6708355],[-118.8084055,45.6703462],[-118.8063258,45.6695501],[-118.8047338,45.6689905],[-118.8038173,45.6686614],[-118.8035377,45.6685606],[-118.803432,45.6685289],[-118.8028299,45.6684305],[-118.8026514,45.6684152],[-118.8023785,45.6683919],[-118.8022778,45.6683939],[-118.8019981,45.6683996],[-118.8017322,45.6684295],[-118.8014318,45.6684707],[-118.8013367,45.6684879],[-118.8011493,45.6685294],[-118.7987416,45.6692314],[-118.7973951,45.6696723],[-118.7968955,45.6698244],[-118.7959676,45.6701069],[-118.7950365,45.6703903],[-118.7941111,45.670672],[-118.793168,45.6709591],[-118.792224,45.6712465],[-118.7913004,45.6715277],[-118.7903662,45.6718121],[-118.7895053,45.6720741],[-118.7894209,45.6720998],[-118.7889966,45.6722297],[-118.7889308,45.672249],[-118.7888436,45.6722755],[-118.7885037,45.672379],[-118.7882769,45.672448],[-118.7881014,45.6725015],[-118.7875301,45.6726754],[-118.786561,45.6729554],[-118.7856202,45.6732463],[-118.7846958,45.6735215],[-118.7843504,45.6736297],[-118.784172,45.6736856],[-118.7840003,45.6737394],[-118.7838427,45.6737876],[-118.7837601,45.6738147],[-118.7836583,45.6738441],[-118.7832574,45.6739568],[-118.7830104,45.6739959],[-118.7829802,45.6739983],[-118.7827808,45.6740143],[-118.7816726,45.6740207],[-118.7806739,45.6740228],[-118.7805584,45.6740224],[-118.7796588,45.6740334],[-118.7788766,45.674044],[-118.7786907,45.6740482],[-118.77863,45.6740496],[-118.7783796,45.6740563],[-118.7779791,45.6740215],[-118.7776165,45.6739827],[-118.7767965,45.6738038],[-118.7762464,45.6737281],[-118.7759945,45.6736856],[-118.7732057,45.6731621],[-118.7724926,45.6730496],[-118.7719956,45.6730127],[-118.7714932,45.6730031],[-118.7704693,45.6730058],[-118.7694604,45.6730149],[-118.7684483,45.6730211],[-118.7674412,45.6730306],[-118.7664173,45.6730453],[-118.765414,45.6730527],[-118.7643896,45.6730634],[-118.7635905,45.6730806],[-118.7627081,45.6730662],[-118.7622133,45.6730621],[-118.76207,45.6730625],[-118.7617115,45.6730652],[-118.7608277,45.6730792],[-118.7594619,45.6730495],[-118.7577822,45.6729407],[-118.7565718,45.6727454],[-118.755893,45.6726192],[-118.7552269,45.6724596],[-118.754355,45.672178],[-118.754249,45.672141],[-118.7537634,45.6719887],[-118.7533194,45.6718289],[-118.7528676,45.6716476],[-118.7521274,45.6713342],[-118.7517786,45.6711622],[-118.7514619,45.6709917],[-118.7512297,45.6708779],[-118.7509498,45.6707236],[-118.7505609,45.6704893],[-118.7498689,45.6700582],[-118.7494085,45.6697718],[-118.7487118,45.6693076],[-118.7476105,45.6686187],[-118.7463471,45.6678128],[-118.7445554,45.6666544],[-118.7432116,45.6658146],[-118.7419376,45.6649824],[-118.7407172,45.6641885],[-118.7394941,45.6633872],[-118.7387889,45.662945],[-118.7374541,45.6621108],[-118.7364333,45.6614518],[-118.7361011,45.6612446],[-118.7353391,45.6608183],[-118.7347493,45.6605285],[-118.7340733,45.6602304],[-118.7334833,45.6599848],[-118.7328476,45.6597618],[-118.7321832,45.6595557],[-118.7311037,45.6592367],[-118.7271072,45.6585349],[-118.7221938,45.6576696],[-118.7215045,45.6575515],[-118.7210459,45.6574671],[-118.7189591,45.6571091],[-118.7168069,45.6567278],[-118.7148848,45.6563873],[-118.7132916,45.6561098],[-118.7124065,45.655943],[-118.7116608,45.6557649],[-118.7110895,45.6556036],[-118.7103573,45.6553599],[-118.709802,45.6551368],[-118.7090752,45.6548087],[-118.7084027,45.6544433],[-118.7076973,45.6540065],[-118.7062749,45.6530839],[-118.704846,45.6521578],[-118.7036464,45.6513758],[-118.7024347,45.6505867],[-118.6998145,45.648881],[-118.6990552,45.6483948],[-118.6983302,45.6479221],[-118.6975765,45.6474271],[-118.6960671,45.6464466],[-118.694618,45.645507],[-118.6929924,45.644447],[-118.6904416,45.642795],[-118.6889745,45.6418348],[-118.6878572,45.6411102],[-118.6865121,45.6402334],[-118.685863,45.6398245],[-118.6844898,45.6389216],[-118.6814402,45.6369327],[-118.6805916,45.6363895],[-118.6783877,45.634956],[-118.6754239,45.6330374],[-118.6724118,45.6310812],[-118.6705157,45.6298438],[-118.6684984,45.6285246],[-118.6668786,45.627473],[-118.6652208,45.6263901],[-118.6647488,45.626085],[-118.6635608,45.6253177],[-118.6618868,45.6242329],[-118.6583114,45.6218956],[-118.6564985,45.6207256],[-118.6547628,45.61959],[-118.6543482,45.6193198],[-118.6539621,45.6190712],[-118.6490321,45.6158619],[-118.6481783,45.6152944],[-118.6473253,45.6147316],[-118.6467004,45.6142626],[-118.6463007,45.6138704],[-118.6460298,45.613544],[-118.645767,45.6131537],[-118.6456007,45.6128479],[-118.6454397,45.6124839],[-118.6453432,45.6121143],[-118.6452949,45.6118516],[-118.6452654,45.6115402],[-118.6452708,45.611225],[-118.6453056,45.6108929],[-118.6453941,45.6105063],[-118.6455095,45.6101583],[-118.6456919,45.6097446],[-118.646526,45.6079564],[-118.6467138,45.6075342],[-118.6468238,45.6072134],[-118.6469176,45.606885],[-118.6469713,45.606536],[-118.6469901,45.6061832],[-118.6469659,45.6057854],[-118.6469069,45.605457],[-118.646805,45.6051268],[-118.6466011,45.6046576],[-118.6463785,45.6043067],[-118.6461608,45.6040144],[-118.6459789,45.6038113],[-118.6458153,45.6036368],[-118.6454773,45.6033306],[-118.6452493,45.6031508],[-118.645014,45.6029865],[-118.6446807,45.6027736],[-118.6444071,45.6026179],[-118.6441451,45.6024869],[-118.6438787,45.602372],[-118.6435592,45.6022399],[-118.6433288,45.6021562],[-118.6430097,45.602053],[-118.6425916,45.6019527],[-118.6422694,45.6018822],[-118.6419211,45.6018244],[-118.6415103,45.6017678],[-118.6410517,45.6017283],[-118.6405447,45.601689],[-118.6398098,45.6016495],[-118.6392278,45.6016252],[-118.6382031,45.6015707],[-118.6373556,45.6015163],[-118.6357141,45.6014356],[-118.6351092,45.6013981],[-118.6345444,45.6013555],[-118.6340779,45.6013136],[-118.6336327,45.6012648],[-118.6330989,45.601187],[-118.6326011,45.6011059],[-118.6321441,45.6010303],[-118.6311498,45.6007811],[-118.6305642,45.600623],[-118.629877,45.600414],[-118.629199,45.6001614],[-118.6286464,45.5999418],[-118.6280823,45.5996895],[-118.6276245,45.5994633],[-118.627072,45.5991724],[-118.6264955,45.5988383],[-118.6257738,45.5983973],[-118.6251204,45.5980206],[-118.624768,45.5977705],[-118.6241081,45.5973051],[-118.6235288,45.5969241],[-118.6227053,45.5964042],[-118.6220294,45.5960345],[-118.6216164,45.5958506],[-118.6212382,45.5956967],[-118.6208251,45.5955691],[-118.6203504,45.5954527],[-118.619822,45.5953626],[-118.6193848,45.5953232],[-118.6189798,45.5953026],[-118.618556,45.5952951],[-118.6180222,45.5953082],[-118.6173643,45.595359],[-118.6149055,45.5955278],[-118.6144361,45.5955503],[-118.6139801,45.5955522],[-118.6136073,45.5955315],[-118.6132076,45.595494],[-118.6128563,45.5954302],[-118.612462,45.5953307],[-118.612065,45.5951731],[-118.6117163,45.5950154],[-118.6114368,45.5948787],[-118.6113562,45.5948206],[-118.6109895,45.5945481],[-118.6107346,45.5943154],[-118.6105871,45.5941483],[-118.6103404,45.5938067],[-118.6101311,45.5934952],[-118.6099756,45.5931986],[-118.6098978,45.5930335],[-118.6098361,45.5928721],[-118.6098307,45.5927613],[-118.6098576,45.5926206],[-118.609871,45.5924216],[-118.609879,45.592157],[-118.6098978,45.5920537],[-118.6099353,45.5919824],[-118.6099944,45.5918886],[-118.6100512,45.5918258],[-118.6102258,45.5916582],[-118.6107293,45.5912786],[-118.6110806,45.5910233],[-118.611491,45.5907755],[-118.6120838,45.5904696],[-118.6126927,45.590158],[-118.6136663,45.5896888],[-118.6141732,45.589533],[-118.6155707,45.5890055],[-118.6162707,45.5888047],[-118.6168206,45.5886508],[-118.6171827,45.5885569],[-118.6174777,45.5884988],[-118.6178076,45.5884331],[-118.6186874,45.5882942],[-118.6194298,45.5881909],[-118.6199024,45.5881121],[-118.6203849,45.5880178],[-118.6207232,45.5879263],[-118.6210048,45.5878324],[-118.6213118,45.5877085],[-118.6215976,45.5875677],[-118.6218283,45.5874345],[-118.6220033,45.587309],[-118.6222065,45.5871435],[-118.6223942,45.5869652],[-118.6225507,45.5867927],[-118.6226732,45.5866273],[-118.6227644,45.5864828],[-118.6228898,45.586255],[-118.6229602,45.5860961],[-118.6230326,45.5858877],[-118.6230956,45.585655],[-118.6231358,45.5853565],[-118.6231345,45.5851801],[-118.6231251,45.5850233],[-118.6230822,45.5847474],[-118.6230379,45.5845794],[-118.6230004,45.5844555],[-118.6228783,45.5841702],[-118.622759,45.5839599],[-118.6226455,45.5837956],[-118.6224049,45.583515],[-118.6221796,45.5833085],[-118.6219811,45.5831508],[-118.6216744,45.5829592],[-118.6214232,45.5828261],[-118.6211497,45.5827059],[-118.6208337,45.5825952],[-118.6205623,45.5825145],[-118.6202626,45.5824484],[-118.6199136,45.5823861],[-118.619594,45.5823474],[-118.619255,45.5823225],[-118.6188551,45.5823228],[-118.6184353,45.5823361],[-118.618006,45.5823578],[-118.6165329,45.5824578],[-118.6163919,45.582467],[-118.6150634,45.5825538],[-118.613272,45.582674],[-118.6125857,45.5827255],[-118.6118612,45.5828036],[-118.611432,45.5828599],[-118.6109504,45.5829368],[-118.6105362,45.5830363],[-118.610099,45.5831659],[-118.6097211,45.5832979],[-118.609305,45.5834625],[-118.6088507,45.583673],[-118.6083797,45.5839111],[-118.6078191,45.5842246],[-118.6072719,45.5845306],[-118.6067864,45.5847896],[-118.6062496,45.5850543],[-118.6059228,45.5852007],[-118.6056036,45.5853321],[-118.6052442,45.5854541],[-118.6049491,45.5855461],[-118.6046031,45.5856371],[-118.6042517,45.5857207],[-118.6038923,45.5857939],[-118.6035463,45.5858502],[-118.6031907,45.5858919],[-118.6028248,45.5859234],[-118.6023616,45.585943],[-118.6019585,45.5859422],[-118.6014757,45.5859253],[-118.6011106,45.5859005],[-118.6006817,45.585854],[-118.6001748,45.5857714],[-118.5996577,45.5856541],[-118.5991019,45.585518],[-118.5988082,45.5854382],[-118.5984206,45.5853209],[-118.5971975,45.5849586],[-118.5960066,45.5845944],[-118.5948484,45.5842282],[-118.5931885,45.5837313],[-118.589821,45.5827028],[-118.5891394,45.5824895],[-118.5885555,45.5823221],[-118.5880457,45.5821941],[-118.5876288,45.5821156],[-118.587205,45.5820444],[-118.5869086,45.5820095],[-118.5865626,45.5819804],[-118.5861603,45.5819542],[-118.5856439,45.5819447],[-118.585141,45.5819597],[-118.5846394,45.5820039],[-118.5841271,45.5820705],[-118.5836162,45.5821644],[-118.5832219,45.5822563],[-118.5827471,45.5823896],[-118.5824695,45.5824826],[-118.5821852,45.5825867],[-118.5817359,45.5827632],[-118.5812679,45.5829763],[-118.5806885,45.5832654],[-118.5793287,45.5839411],[-118.5787332,45.5842321],[-118.578119,45.5845174],[-118.5775611,45.5847558],[-118.5771632,45.5849123],[-118.5766974,45.5850918],[-118.5761918,45.5852786],[-118.5757117,45.5854438],[-118.575536,45.585497],[-118.5752463,45.5855881],[-118.5747609,45.5857376],[-118.5742593,45.5858784],[-118.5738006,45.5860041],[-118.5732253,45.5861374],[-118.572768,45.5862482],[-118.5721298,45.5863803],[-118.5714564,45.5865016],[-118.5707215,45.5866292],[-118.5703556,45.5866927],[-118.5696378,45.5868113],[-118.5674572,45.5871792],[-118.5631001,45.5879212],[-118.5617977,45.5881496],[-118.5605049,45.5883674],[-118.5598136,45.5884875],[-118.5579005,45.5888197],[-118.5526296,45.5897067],[-118.5512347,45.5899409],[-118.5410388,45.5916849],[-118.5398626,45.5918726],[-118.5386986,45.5920734],[-118.5363463,45.592476],[-118.5331586,45.5930293],[-118.5306412,45.5934436],[-118.5280368,45.5938968],[-118.5247993,45.594443],[-118.5197541,45.595312],[-118.5190689,45.5954345],[-118.5182199,45.5955935],[-118.517383,45.5957643],[-118.5167943,45.5958984],[-118.5161827,45.5960702],[-118.5155913,45.5962485],[-118.5151581,45.5963883],[-118.5147183,45.5965365],[-118.5142516,45.5967083],[-118.513817,45.5968744],[-118.5133758,45.5970536],[-118.5129386,45.5972544],[-118.5124064,45.5975102],[-118.5112247,45.5981458],[-118.510766,45.5983917],[-118.5103103,45.598618],[-118.5098616,45.5988389],[-118.5093498,45.5990551],[-118.5088992,45.5992324],[-118.5086525,45.5993207],[-118.5084406,45.5993957],[-118.5082045,45.599467],[-118.5079122,45.5995571],[-118.5074591,45.5996663],[-118.507071,45.5997584],[-118.506673,45.5998461],[-118.5063323,45.599908],[-118.506048,45.5999493],[-118.5057101,45.6],[-118.5054579,45.6000263],[-118.5051495,45.6000601],[-118.5048008,45.6000901],[-118.5042815,45.6001197],[-118.5037112,45.600132],[-118.5031486,45.600122],[-118.5024565,45.6000807],[-118.502014,45.600045],[-118.5017216,45.6000169],[-118.5014078,45.5999756],[-118.5009599,45.5999137],[-118.5005441,45.5998424],[-118.5000533,45.599756],[-118.4995195,45.5996453],[-118.4987658,45.5994633],[-118.4980202,45.5992587],[-118.4971917,45.5990245],[-118.4782278,45.5937716],[-118.4743845,45.592705],[-118.4733734,45.5924216],[-118.4726653,45.5922001],[-118.4719303,45.5919524],[-118.4711847,45.5916727],[-118.4703639,45.5913349],[-118.4696102,45.590997],[-118.468658,45.5905484],[-118.4677166,45.5900642],[-118.4661984,45.5892777],[-118.4641895,45.5882585],[-118.4620518,45.5871379],[-118.4609306,45.5865391],[-118.4602278,45.586128],[-118.4596431,45.5857601],[-118.4589726,45.5852814],[-118.4584147,45.5848347],[-118.457948,45.5844367],[-118.457551,45.5840688],[-118.4570467,45.5835713],[-118.4566686,45.5831339],[-118.4562314,45.5826102],[-118.45586,45.5820908],[-118.4554589,45.5814463],[-118.4552014,45.5809901],[-118.4549734,45.5805509],[-118.4547883,45.580136],[-118.4546328,45.5797305],[-118.4544906,45.5792762],[-118.4543726,45.5787561],[-118.4542733,45.5782736],[-118.4541258,45.5774194],[-118.4540749,45.5770008],[-118.4540668,45.576569],[-118.4540883,45.5760583],[-118.4541366,45.5754932],[-118.4542251,45.5749619],[-118.4543887,45.574239],[-118.4545228,45.5737715],[-118.4546408,45.5734035],[-118.4548259,45.5729398],[-118.4551263,45.5722676],[-118.4553945,45.5716856],[-118.4557298,45.5709852],[-118.4559765,45.5704445],[-118.456454,45.5694437],[-118.4567276,45.568871],[-118.457146,45.5680786],[-118.4572845,45.5677936],[-118.4575832,45.5671792],[-118.4579963,45.5663079],[-118.4584495,45.5653878],[-118.4588438,45.5645803],[-118.458931,45.5643895],[-118.4592006,45.5637991],[-118.459568,45.5629973],[-118.4600401,45.5620565],[-118.4605765,45.5609316],[-118.4609172,45.5602029],[-118.4612712,45.5593916],[-118.4622762,45.5573098],[-118.4625828,45.5567117],[-118.4630054,45.5558558],[-118.4632373,45.5553294],[-118.4634185,45.5548245],[-118.4636343,45.5543058],[-118.4638032,45.5538888],[-118.4640044,45.5534024],[-118.4641197,45.5529929],[-118.4642431,45.5524069],[-118.4643182,45.5519618],[-118.4643826,45.5514284],[-118.4644336,45.5508611],[-118.4644496,45.5502582],[-118.4644362,45.5495951],[-118.4643745,45.54881],[-118.4643102,45.5483535],[-118.4642646,45.548038],[-118.4641895,45.5476848],[-118.4640312,45.5471194],[-118.4638381,45.5464827],[-118.4637255,45.5461971],[-118.4635967,45.5458853],[-118.4633526,45.5453537],[-118.4630871,45.5448409],[-118.4628296,45.5443788],[-118.4625211,45.5438603],[-118.4622261,45.5434151],[-118.4619389,45.5429886],[-118.461561,45.5424912],[-118.4611621,45.5420056],[-118.4608656,45.5416794],[-118.4605525,45.5413741],[-118.4598649,45.5407361],[-118.4592915,45.5402278],[-118.458677,45.5397084],[-118.4566819,45.5380983],[-118.455671,45.5372679],[-118.4542713,45.5361157],[-118.4531877,45.5352223],[-118.4525308,45.5346797],[-118.4507371,45.5331916],[-118.4499209,45.5325008],[-118.4491708,45.5318208],[-118.448619,45.5312903],[-118.4481237,45.530794],[-118.4475552,45.5301998],[-118.4470179,45.5296205],[-118.4427264,45.5249649],[-118.4405032,45.5225312],[-118.4367545,45.518472],[-118.4301664,45.5112956],[-118.426607,45.5074251],[-118.4230323,45.5035401],[-118.4220304,45.5024608],[-118.4202984,45.5005715],[-118.418751,45.4988726],[-118.4181039,45.4981759],[-118.4170415,45.4970272],[-118.4161929,45.4960813],[-118.4156136,45.4954539],[-118.413588,45.4932604],[-118.4132549,45.4929063],[-118.4118391,45.4913574],[-118.4105504,45.4899483],[-118.4098128,45.4891467],[-118.4079206,45.4870784],[-118.4063398,45.4853646],[-118.4054938,45.4844303],[-118.405095,45.483975],[-118.4046906,45.4835036],[-118.40305,45.4816605],[-118.4013713,45.4797821],[-118.4007311,45.479093],[-118.4000686,45.4783859],[-118.3996103,45.4778495],[-118.3987463,45.4769415],[-118.3978478,45.4759446],[-118.3970323,45.4750419],[-118.3961611,45.4740727],[-118.3924592,45.4700518],[-118.3920541,45.4695985],[-118.3918127,45.4693333],[-118.3913702,45.4688612],[-118.3909705,45.4684229],[-118.3904287,45.467851],[-118.3899526,45.4673168],[-118.3892001,45.46648],[-118.3888353,45.4661058],[-118.3885081,45.4657361],[-118.3881794,45.4653662],[-118.387826,45.4649836],[-118.3867282,45.4638207],[-118.3849865,45.4619122],[-118.3836192,45.4603775],[-118.3827184,45.4594071],[-118.3818259,45.4584385],[-118.3813937,45.4579788],[-118.3809365,45.4574721],[-118.3805012,45.456984],[-118.3800858,45.4564804],[-118.379838,45.4561511],[-118.3795988,45.4558089],[-118.3793949,45.4554812],[-118.3792062,45.4551465],[-118.3789533,45.4546483],[-118.3788335,45.4543886],[-118.3787355,45.4541357],[-118.3786288,45.4538351],[-118.378536,45.4535389],[-118.378465,45.4532856],[-118.378413,45.4530213],[-118.3783615,45.4527761],[-118.3783166,45.45249],[-118.3782558,45.4519493],[-118.37823,45.4515832],[-118.3782226,45.4511609],[-118.3782075,45.45079],[-118.3781823,45.4504114],[-118.3781438,45.4500826],[-118.3780933,45.4497454],[-118.3779587,45.4490993],[-118.3778364,45.4486475],[-118.3776712,45.4481956],[-118.3774809,45.4477432],[-118.3772677,45.4472978],[-118.3770745,45.4469323],[-118.3768434,45.4465686],[-118.3765705,45.4461666],[-118.3763224,45.4458318],[-118.3760138,45.4454674],[-118.3756413,45.4450686],[-118.3752502,45.4446842],[-118.3748568,45.4443131],[-118.3740791,45.443613],[-118.3732697,45.4428679],[-118.3708346,45.4406415],[-118.3683805,45.4383992],[-118.3663534,45.4365503],[-118.3659884,45.4362174],[-118.3640487,45.434444],[-118.3628724,45.4333685],[-118.3616793,45.4322896],[-118.3604585,45.4311724],[-118.3598354,45.4305934],[-118.3585321,45.4294134],[-118.357526,45.4284982],[-118.3566539,45.4276974],[-118.3554408,45.4265938],[-118.3548491,45.4260433],[-118.354259,45.4254834],[-118.3539019,45.4251344],[-118.3535245,45.4247473],[-118.3530027,45.4241905],[-118.3525772,45.423725],[-118.3521514,45.4232407],[-118.35175,45.4227617],[-118.3513796,45.4222976],[-118.3508618,45.4216117],[-118.3504284,45.4210203],[-118.3500138,45.420435],[-118.3491555,45.4192024],[-118.3488277,45.4187491],[-118.3485168,45.4183026],[-118.3476854,45.4171213],[-118.3474393,45.4167769],[-118.3472492,45.4165096],[-118.3468467,45.4159237],[-118.3454414,45.4139461],[-118.345025,45.4133591],[-118.3448204,45.4130678],[-118.3438158,45.4116107],[-118.3432956,45.4108855],[-118.342829,45.4102193],[-118.3418539,45.4088099],[-118.3414677,45.4082766],[-118.3410104,45.4076166],[-118.3407716,45.4072728],[-118.340157,45.4063827],[-118.339802,45.4059055],[-118.3396129,45.4056732],[-118.3394268,45.4054307],[-118.3390682,45.4049723],[-118.3386928,45.4045155],[-118.3362065,45.4015311],[-118.3357137,45.4009381],[-118.3354515,45.4006243],[-118.3351712,45.4003051],[-118.3348534,45.3999416],[-118.3343974,45.3994698],[-118.3341359,45.3992127],[-118.3338479,45.3989391],[-118.3335619,45.3986901],[-118.3332427,45.398433],[-118.3327022,45.3980159],[-118.3321457,45.3975987],[-118.3310594,45.3968397],[-118.3300723,45.3961541],[-118.3294098,45.3956955],[-118.3289552,45.3953856],[-118.3278675,45.3946275],[-118.3271447,45.3941567],[-118.3262689,45.3935568],[-118.3249305,45.3926329],[-118.3247611,45.3925065],[-118.3230181,45.3913238],[-118.3216569,45.3903783],[-118.321272,45.390122],[-118.3194065,45.3888364],[-118.3185364,45.3882375],[-118.3177771,45.3876921],[-118.3170237,45.3871879],[-118.3162777,45.3866814],[-118.3154776,45.3861291],[-118.3139746,45.385103],[-118.3124598,45.3840659],[-118.3116676,45.383524],[-118.3109841,45.3830544],[-118.3102522,45.3825462],[-118.3098922,45.3822945],[-118.3095361,45.382026],[-118.3090419,45.3816297],[-118.3085789,45.3812288],[-118.3081258,45.3808223],[-118.3076755,45.3804069],[-118.3066109,45.3793402],[-118.3059217,45.3786372],[-118.3052641,45.3779626],[-118.3045815,45.3772807],[-118.3039035,45.3765969],[-118.3033296,45.376018],[-118.3029874,45.3756801],[-118.3026159,45.3753118],[-118.3021839,45.374894],[-118.3017629,45.3745082],[-118.3013379,45.3741372],[-118.3007165,45.3736284],[-118.3001836,45.373234],[-118.29938,45.3726864],[-118.2985242,45.3721589],[-118.2981737,45.3719575],[-118.2964173,45.3710648],[-118.2961695,45.3709537],[-118.2957843,45.370784],[-118.2953471,45.3706012],[-118.2946809,45.3703357],[-118.2935366,45.3699134],[-118.2926971,45.3696195],[-118.2912697,45.3691355],[-118.2865396,45.3675492],[-118.2800067,45.3653569],[-118.2782727,45.3647685],[-118.2702711,45.3620798],[-118.26974,45.3618819],[-118.2692385,45.3616878],[-118.2687289,45.3614522],[-118.2683641,45.3612732],[-118.2680073,45.3610715],[-118.2675058,45.3607813],[-118.2670659,45.3604929],[-118.2660601,45.3598276],[-118.2653707,45.3593584],[-118.2649094,45.3590813],[-118.2645527,45.358874],[-118.2641798,45.3586667],[-118.2638016,45.3584952],[-118.2632679,45.3582539],[-118.2625839,45.3579844],[-118.2608271,45.3573097],[-118.2603228,45.3570986],[-118.2597649,45.3568573],[-118.2591051,45.3565482],[-118.2585796,45.3562855],[-118.2578927,45.3559036],[-118.2571524,45.3554777],[-118.2566678,45.3551932],[-118.2558328,45.3546842],[-118.25005,45.3511236],[-118.2496798,45.3508748],[-118.2492028,45.3505556],[-118.2488483,45.3503094],[-118.248564,45.3500925],[-118.2481272,45.3497582],[-118.2475045,45.3492575],[-118.2466221,45.3485242],[-118.245635,45.3476872],[-118.2428442,45.3453648],[-118.2426068,45.3451989],[-118.2422555,45.3449736],[-118.2418692,45.3447616],[-118.2414924,45.344574],[-118.241086,45.3444147],[-118.2405375,45.3442356],[-118.2401164,45.3441196],[-118.2396402,45.3440105],[-118.2373252,45.3435439],[-118.2361628,45.3433115],[-118.234689,45.3430224],[-118.2332892,45.3427436],[-118.2314408,45.3423749],[-118.2310573,45.3423032],[-118.2306804,45.3422429],[-118.2303008,45.3422033],[-118.2300353,45.3421901],[-118.2296911,45.3421888],[-118.2294291,45.3422084],[-118.2291569,45.3422429],[-118.2289048,45.3422844],[-118.2287081,45.3423279],[-118.2284418,45.3423956],[-118.2282715,45.3424473],[-118.2279993,45.3425598],[-118.2278394,45.3426309],[-118.2275831,45.3427657],[-118.227335,45.3429187],[-118.2270006,45.3431738],[-118.2266144,45.3435077],[-118.2262448,45.3438454],[-118.2252056,45.344806],[-118.2248652,45.3451227],[-118.2244956,45.3454576],[-118.2242157,45.3457021],[-118.2237804,45.3460585],[-118.2235833,45.3462084],[-118.2233913,45.3463484],[-118.22326,45.3464403],[-118.2229274,45.3466594],[-118.2227394,45.346774],[-118.222406,45.3469638],[-118.222013,45.3471727],[-118.221754,45.3472999],[-118.2216172,45.3473668],[-118.2214664,45.347435],[-118.2209829,45.347638],[-118.2204308,45.3478423],[-118.2200789,45.3479587],[-118.2197023,45.3480733],[-118.219391,45.3481595],[-118.2190245,45.3482527],[-118.2186306,45.3483395],[-118.2182316,45.3484185],[-118.2177199,45.3485129],[-118.2166617,45.3486992],[-118.2142525,45.3491291],[-118.2122193,45.3494886],[-118.2118168,45.3495519],[-118.211579,45.3495836],[-118.2113677,45.3496066],[-118.2109592,45.3496337],[-118.2107261,45.3496364],[-118.2104745,45.349639],[-118.2102031,45.3496288],[-118.2099687,45.349614],[-118.2097216,45.3495864],[-118.2094905,45.3495572],[-118.2090503,45.3494831],[-118.2087681,45.3494168],[-118.2085032,45.34935],[-118.2081298,45.3492308],[-118.2077651,45.3490928],[-118.2074163,45.3489437],[-118.2070683,45.3487857],[-118.2063172,45.3484307],[-118.2055856,45.3480916],[-118.2051551,45.3479116],[-118.2047354,45.3477806],[-118.204447,45.3477033],[-118.2041547,45.3476477],[-118.2037737,45.3476007],[-118.2033142,45.3475843],[-118.2028796,45.3476042],[-118.2025816,45.3476377],[-118.2022995,45.3476907],[-118.2019682,45.3477706],[-118.2017267,45.3478514],[-118.201455,45.3479549],[-118.2011975,45.3480803],[-118.2009628,45.3482141],[-118.2007228,45.3483725],[-118.2005243,45.3485289],[-118.2003245,45.3487033],[-118.20013,45.3488861],[-118.1999651,45.3490605],[-118.1996325,45.3494205],[-118.1988801,45.350232],[-118.1980862,45.3510887],[-118.1977194,45.3514875],[-118.197484,45.3517174],[-118.197185,45.3519813],[-118.1969851,45.3521434],[-118.1967531,45.3523036],[-118.1964486,45.3524924],[-118.1962609,45.3525929],[-118.1960262,45.3527135],[-118.1957808,45.3528219],[-118.1954777,45.3529463],[-118.195152,45.3530645],[-118.1948447,45.3531678],[-118.1944826,45.3532762],[-118.192142,45.3539865],[-118.1911821,45.3542813],[-118.190225,45.3545651],[-118.1898075,45.3546663],[-118.1894019,45.3547465],[-118.189192,45.3547746],[-118.1889461,45.3548014],[-118.1886797,45.3548114],[-118.1884449,45.3548147],[-118.1881446,45.3548029],[-118.1878294,45.3547718],[-118.1875478,45.3547275],[-118.1872997,45.3546691],[-118.1871461,45.3546273],[-118.1868103,45.3545242],[-118.1864492,45.354385],[-118.1861115,45.354245],[-118.1852786,45.3538721],[-118.1839362,45.3532762],[-118.1835386,45.353113],[-118.1832227,45.3529953],[-118.1829126,45.3529016],[-118.1824674,45.3527839],[-118.1819881,45.3526948],[-118.1814873,45.3526388],[-118.1809871,45.3526071],[-118.180463,45.352595],[-118.1776933,45.3525593],[-118.1743802,45.352515],[-118.17395,45.3525063],[-118.1735452,45.3524891],[-118.1732503,45.35246],[-118.1729967,45.3524234],[-118.1726475,45.3523577],[-118.172278,45.3522605],[-118.1718563,45.3521116],[-118.1714328,45.3519235],[-118.1712855,45.3518509],[-118.1711501,45.3517711],[-118.1710614,45.3517121],[-118.1709033,45.351593],[-118.1707663,45.3514754],[-118.1705949,45.3513017],[-118.1704621,45.3511472],[-118.1702951,45.3509311],[-118.1700964,45.3506035],[-118.1699402,45.3502969],[-118.1696892,45.349758],[-118.1692616,45.3488197],[-118.1687742,45.3477622],[-118.1685632,45.3473597],[-118.1683307,45.3469853],[-118.1680568,45.346643],[-118.1678146,45.3463977],[-118.1675026,45.3461419],[-118.1671268,45.3458832],[-118.1667474,45.345676],[-118.1663642,45.3455031],[-118.1660058,45.3453685],[-118.165602,45.3452516],[-118.1651891,45.3451604],[-118.164914,45.3451141],[-118.1646726,45.3450783],[-118.1642863,45.3450453],[-118.1640476,45.3450415],[-118.1636855,45.3450443],[-118.1633782,45.3450659],[-118.1631356,45.3450896],[-118.162858,45.3451235],[-118.162554,45.3451805],[-118.162276,45.3452432],[-118.1620426,45.3453007],[-118.1615956,45.3454302],[-118.1610475,45.3456155],[-118.160271,45.3458766],[-118.159854,45.3460048],[-118.1596156,45.3460628],[-118.1592357,45.34615],[-118.1588307,45.346199],[-118.158419,45.3462338],[-118.1579448,45.3462456],[-118.1575185,45.346238],[-118.157046,45.3462083],[-118.1565953,45.346169],[-118.155848,45.3460865],[-118.1544669,45.3459393],[-118.1536308,45.3458592],[-118.1531392,45.3458331],[-118.1527178,45.3458282],[-118.1522523,45.3458504],[-118.1518024,45.3459016],[-118.1514122,45.3459724],[-118.1510188,45.3460595],[-118.150623,45.3461767],[-118.1501799,45.3463335],[-118.1494581,45.3466243],[-118.148586,45.3469737],[-118.1482665,45.347091],[-118.1479758,45.3471886],[-118.14767,45.3472763],[-118.1473736,45.3473451],[-118.1471162,45.3473903],[-118.1468479,45.3474271],[-118.1465676,45.3474554],[-118.1462203,45.3474686],[-118.1459499,45.347467],[-118.1456798,45.3474563],[-118.145429,45.3474337],[-118.1451528,45.3473969],[-118.1448121,45.3473376],[-118.1445643,45.3472812],[-118.1441207,45.3471479],[-118.1437241,45.3469909],[-118.1433442,45.3468067],[-118.1429496,45.3465766],[-118.1422897,45.3461216],[-118.1416281,45.3456487],[-118.1409944,45.3451984],[-118.140549,45.3448981],[-118.1401777,45.3446783],[-118.1399466,45.3445608],[-118.1396918,45.3444392],[-118.1393273,45.3442988],[-118.1388673,45.3441519],[-118.1383564,45.3440394],[-118.1380583,45.3439952],[-118.1377298,45.3439594],[-118.137302,45.3439334],[-118.1369613,45.3439368],[-118.1365983,45.3439551],[-118.1363384,45.3439781],[-118.135884,45.3440428],[-118.1353698,45.3441508],[-118.134564,45.3443512],[-118.1328311,45.3447978],[-118.1309176,45.3452934],[-118.1286227,45.3458848],[-118.1282307,45.345985],[-118.1276245,45.3461292],[-118.1272906,45.3461971],[-118.127024,45.3462392],[-118.1267971,45.3462659],[-118.1265101,45.3462885],[-118.1262566,45.346297],[-118.1259981,45.3462925],[-118.1258073,45.3462829],[-118.1256236,45.3462671],[-118.1253836,45.3462348],[-118.1251685,45.3462011],[-118.1249692,45.3461575],[-118.1247844,45.3461082],[-118.1245704,45.3460364],[-118.1243683,45.3459596],[-118.1241723,45.3458718],[-118.1239017,45.3457437],[-118.1234943,45.3455287],[-118.1224217,45.3449315],[-118.1219537,45.3446708],[-118.1215573,45.3444426],[-118.120856,45.3440132],[-118.1202759,45.3436825],[-118.1197841,45.3433519],[-118.1189737,45.342919],[-118.1184303,45.3426227],[-118.1173856,45.3420625],[-118.1164537,45.341544],[-118.1156297,45.3411862],[-118.1146688,45.3408349],[-118.1140905,45.3406381],[-118.1134649,45.3403871],[-118.112887,45.3400814],[-118.1118273,45.3393752],[-118.1110476,45.3388334],[-118.1102916,45.3382513],[-118.109815,45.3378986],[-118.1094201,45.3374919],[-118.1093082,45.3373181],[-118.1091398,45.3370985],[-118.1087924,45.3366103],[-118.1087366,45.3365395],[-118.1086736,45.336455],[-118.1086054,45.3363668],[-118.1082378,45.3358909],[-118.1079778,45.3354768],[-118.1078437,45.335197],[-118.1077828,45.3348661],[-118.1077632,45.3345517],[-118.1077518,45.3342465],[-118.1076707,45.3340105],[-118.1075663,45.3337714],[-118.1073388,45.3335447],[-118.1070755,45.3333497],[-118.1068837,45.3332062],[-118.1067263,45.3330744],[-118.106612,45.3329329],[-118.1065193,45.3327232],[-118.1064839,45.3325415],[-118.1064222,45.3320271],[-118.1063804,45.3318429],[-118.1063274,45.3316913],[-118.1062274,45.3314984],[-118.1061116,45.3312653],[-118.105996,45.3310659],[-118.1058614,45.3308462],[-118.1053702,45.3302113],[-118.1052204,45.3300538],[-118.1050499,45.3299111],[-118.1048369,45.3298401],[-118.1045869,45.3298015],[-118.104093,45.3297915],[-118.103449,45.3297939],[-118.1029289,45.3297958],[-118.1017598,45.3297944],[-118.1012283,45.3297938],[-118.1006162,45.3297931],[-118.0993385,45.3297916],[-118.0979032,45.32979],[-118.0972027,45.3297862],[-118.0966512,45.3297829],[-118.0965503,45.3297771],[-118.0964494,45.3297639],[-118.0963606,45.329745],[-118.0962664,45.3297223],[-118.0961653,45.3296744],[-118.0960695,45.3296228],[-118.0956007,45.3293187],[-118.094389,45.3285581],[-118.093436,45.3279635],[-118.0924178,45.3273223],[-118.0920498,45.3270936],[-118.0906971,45.3262532],[-118.0894475,45.3254775],[-118.0880248,45.3245925],[-118.0866378,45.3237244],[-118.0862206,45.3234639],[-118.0844165,45.3223373],[-118.0830196,45.3214545],[-118.0826658,45.3212407],[-118.0823622,45.3210625],[-118.0817101,45.3206623],[-118.0809323,45.3201504],[-118.0791907,45.3190488],[-118.0788992,45.3188761],[-118.0787173,45.3188067],[-118.0785893,45.3187558],[-118.0784496,45.3187165],[-118.0782391,45.3186814],[-118.077816,45.3186555],[-118.076733,45.3186569],[-118.0763526,45.3186228],[-118.076003,45.3185399],[-118.0757259,45.318459],[-118.0752864,45.3182231],[-118.0732172,45.3168724],[-118.071267,45.315646],[-118.0679174,45.3135526],[-118.0656654,45.3121143],[-118.064193,45.3112146],[-118.0622853,45.3100186],[-118.0584084,45.3075882],[-118.0567577,45.3065532],[-118.0546939,45.3052592],[-118.0535456,45.3045392],[-118.0527245,45.3040241],[-118.0508061,45.3028205],[-118.0451985,45.2993125],[-118.0447837,45.2990527],[-118.0434409,45.2982118],[-118.0422916,45.2974921],[-118.0412026,45.2968097],[-118.0405989,45.2964308],[-118.0390791,45.295424],[-118.0389063,45.2953243],[-118.0383075,45.2950049],[-118.0365169,45.2938841],[-118.0355795,45.293302],[-118.0343967,45.2925506],[-118.0346453,45.2922204],[-118.0348776,45.2919792],[-118.0351071,45.2916913],[-118.0352989,45.2913569],[-118.035403,45.291098],[-118.0354749,45.2907984],[-118.0354885,45.2905135],[-118.0354555,45.2901428],[-118.0352675,45.2894658],[-118.0351739,45.2890543],[-118.0346561,45.2877777],[-118.0341678,45.2866285],[-118.0323439,45.2819483],[-118.0312389,45.2791022],[-118.0280309,45.2712126],[-118.0209714,45.2533832],[-118.0199501,45.2509062],[-118.0189222,45.2484132],[-118.0176347,45.2451349],[-118.0165404,45.2424532],[-118.0152692,45.2391047],[-118.0151418,45.2387542],[-118.0149788,45.238327],[-118.012399,45.2319291],[-118.0120879,45.2309696],[-118.0118411,45.2298891],[-118.0118089,45.2280756],[-118.011927,45.2272067],[-118.0122381,45.2263679],[-118.0127424,45.2252647],[-118.0136328,45.2238894],[-118.0178385,45.2179721],[-118.0180639,45.2177152],[-118.0184072,45.2174355],[-118.0187994,45.2171688],[-118.0191582,45.2169292],[-118.0200058,45.216574],[-118.0210357,45.2163019],[-118.0218619,45.2160752],[-118.0227032,45.2158832],[-118.0232182,45.2157225],[-118.0234703,45.2156319],[-118.0239451,45.2153994],[-118.0243903,45.2150934],[-118.0250153,45.2146285],[-118.0254238,45.2139816],[-118.0257564,45.2131502],[-118.0257886,45.2125229],[-118.0257242,45.2117973],[-118.0254339,45.211243],[-118.0251259,45.2106545],[-118.0238554,45.2093988],[-118.0217653,45.2077459],[-118.0199843,45.2061056],[-118.0190938,45.2051607],[-118.0173008,45.2022506],[-118.0166691,45.2014868],[-118.0161648,45.2008367],[-118.0152151,45.1999116],[-118.014246,45.1989734],[-118.0127745,45.197979],[-118.0104893,45.1964972],[-118.0078715,45.1948112],[-118.004803,45.1931554],[-118.0016273,45.191681],[-117.9971104,45.1897605],[-117.994793,45.1887851],[-117.9937416,45.1883616],[-117.9923039,45.1876206],[-117.9911452,45.1869249],[-117.9896217,45.185647],[-117.9886226,45.1847508],[-117.98783,45.1839153],[-117.9848214,45.1810817],[-117.9825407,45.178841],[-117.9806739,45.1770486],[-117.9788392,45.1754528],[-117.9780131,45.1748553],[-117.9767042,45.1741292],[-117.9749017,45.1733426],[-117.9729706,45.1725484],[-117.9703098,45.1714517],[-117.9687327,45.1707861],[-117.9678314,45.170302],[-117.9672199,45.1698784],[-117.9665225,45.1693263],[-117.965793,45.1685774],[-117.9646342,45.1664368],[-117.9641515,45.1644927],[-117.9640442,45.1620493],[-117.9643017,45.1604379],[-117.9648274,45.1591216],[-117.9659968,45.1575177],[-117.9670912,45.1565493],[-117.9689687,45.1552555],[-117.9701918,45.1543249],[-117.970739,45.1537953],[-117.970975,45.1534473],[-117.9715651,45.1523804],[-117.9717582,45.1516995],[-117.9718011,45.1508899],[-117.9716509,45.1499895],[-117.9711582,45.1486153],[-117.9668873,45.136474],[-117.9639798,45.1283375],[-117.9638444,45.12786],[-117.9630035,45.1253399],[-117.9627138,45.124651],[-117.9620701,45.1227661],[-117.961201,45.1205101],[-117.960747,45.118896],[-117.958138,45.111639],[-117.95557,45.104284],[-117.9530348,45.0974084],[-117.9517486,45.0937631],[-117.9514977,45.0930523],[-117.9482983,45.0837712],[-117.9478898,45.0820755],[-117.9471382,45.0787234],[-117.9468393,45.0773798],[-117.9456517,45.0726055],[-117.9445658,45.0679291],[-117.9434741,45.0633107],[-117.9428225,45.0610372],[-117.9420817,45.0589139],[-117.9417592,45.0582187],[-117.9414364,45.0574565],[-117.9399188,45.0539462],[-117.9389654,45.0516147],[-117.9379197,45.0492397],[-117.937432,45.0481302],[-117.9363754,45.0456246],[-117.9351673,45.0433007],[-117.9347754,45.0424985],[-117.9337965,45.0406461],[-117.930482,45.034484],[-117.9275472,45.0287887],[-117.9274056,45.028528],[-117.9269944,45.0279063],[-117.926254,45.0267127],[-117.9258049,45.0262706],[-117.9254838,45.0260128],[-117.9253333,45.0258273],[-117.9269913,45.0253822],[-117.927223,45.0253186],[-117.927455,45.025218],[-117.9274131,45.0250823],[-117.9271646,45.0247321],[-117.9266878,45.0240536],[-117.9260453,45.0231498],[-117.9256807,45.0226462],[-117.9246508,45.0212681],[-117.9238925,45.0202968],[-117.9234559,45.0197404],[-117.9230978,45.0191583],[-117.9228555,45.0185577],[-117.9227361,45.018181],[-117.9225644,45.0177108],[-117.922335,45.016651],[-117.9221671,45.0153646],[-117.922115,45.0138211],[-117.922142,45.007922],[-117.922018,45.000442],[-117.9220041,44.9921058],[-117.921986,44.987606],[-117.9219863,44.9783416],[-117.9221012,44.9776534],[-117.9224245,44.9768106],[-117.927471,44.970132],[-117.928276,44.969093],[-117.9319013,44.964519],[-117.9343578,44.961395],[-117.944269,44.9487037],[-117.9466859,44.9451651],[-117.9466811,44.9450297],[-117.9469179,44.9441593],[-117.9469984,44.9433028],[-117.946966,44.940284],[-117.9469791,44.937662],[-117.9470079,44.936654],[-117.9470281,44.9362121],[-117.9470822,44.935593],[-117.9471829,44.9346799],[-117.9473285,44.9337643],[-117.9474188,44.9332583],[-117.9475368,44.932723],[-117.947774,44.9316906],[-117.9478793,44.9312323],[-117.947974,44.930737],[-117.9480161,44.930372],[-117.9480128,44.9300021],[-117.9479617,44.9294992],[-117.9478781,44.9289911],[-117.9476619,44.9278754],[-117.947439,44.9267684],[-117.9470294,44.9246552],[-117.9468152,44.9236412],[-117.9466759,44.9231461],[-117.946498,44.922664],[-117.9462177,44.9220885],[-117.9458565,44.9215253],[-117.945404,44.9208922],[-117.9449419,44.9202456],[-117.9449009,44.9201899],[-117.9444911,44.9196332],[-117.9419937,44.9161834],[-117.9411678,44.9150504],[-117.9409624,44.914768],[-117.9407915,44.9145478],[-117.9405861,44.9142959],[-117.9402363,44.9139278],[-117.939951,44.9136737],[-117.9395829,44.9133209],[-117.9391034,44.9127846],[-117.93841,44.9118703],[-117.9382421,44.9116446],[-117.9377276,44.9109407],[-117.9366079,44.9093368],[-117.936112,44.9085522],[-117.9357011,44.9078204],[-117.9353329,44.907162],[-117.9349466,44.9065322],[-117.9344152,44.9057568],[-117.9338424,44.904966],[-117.9332153,44.9041025],[-117.9322036,44.9027145],[-117.9206223,44.8867602],[-117.9090232,44.8708032],[-117.9075149,44.8687576],[-117.9058466,44.8664268],[-117.9018813,44.8609645],[-117.8974934,44.8549024],[-117.8972343,44.8546222],[-117.8969552,44.8543792],[-117.8965482,44.854121],[-117.8959551,44.8538483],[-117.895312,44.8535886],[-117.8936644,44.8529219],[-117.8933158,44.8527637],[-117.8929939,44.8525862],[-117.8927021,44.8523882],[-117.8924147,44.8521554],[-117.8920374,44.8517576],[-117.8902754,44.8498323],[-117.8884764,44.8478758],[-117.8884004,44.8477924],[-117.8854164,44.8445583],[-117.8824308,44.8413166],[-117.8808353,44.8395537],[-117.8792203,44.8377951],[-117.8776811,44.8360232],[-117.8746072,44.8324725],[-117.8730851,44.8307068],[-117.8716274,44.8290486],[-117.8714515,44.8288741],[-117.8712537,44.8286958],[-117.8658418,44.8245759],[-117.861938,44.8215829],[-117.8616225,44.8212769],[-117.8613857,44.8210185],[-117.8607206,44.8200888],[-117.8605313,44.819824],[-117.8565202,44.8141565],[-117.851313,44.8067957],[-117.8500377,44.8049928],[-117.8489456,44.8034338],[-117.846685,44.800236],[-117.8437626,44.7961391],[-117.8429672,44.7949605],[-117.8423795,44.7938971],[-117.8417843,44.792549],[-117.8415017,44.7915801],[-117.84126,44.790598],[-117.8411502,44.7898041],[-117.8411001,44.7889609],[-117.8411148,44.7880376],[-117.8411067,44.7871438],[-117.8411279,44.7862658],[-117.8411277,44.7853406],[-117.8411299,44.7844351],[-117.8411423,44.78353],[-117.8411288,44.782625],[-117.8411358,44.7817145],[-117.8411414,44.7808223],[-117.841153,44.7797752],[-117.8411511,44.7787496],[-117.8411478,44.7784712],[-117.8411458,44.7781226],[-117.8404582,44.7781221],[-117.8399339,44.7781218],[-117.8398013,44.7781217],[-117.8391349,44.7781212],[-117.8388184,44.778121],[-117.8385287,44.7781208],[-117.837956,44.7781204],[-117.8378192,44.7781203],[-117.8372494,44.7781199],[-117.8357473,44.7781188],[-117.8356851,44.7781188],[-117.8355971,44.7781187],[-117.8350473,44.7781184],[-117.8344993,44.778118],[-117.8343948,44.7781179],[-117.8342606,44.7781178],[-117.8337705,44.7781175],[-117.8334686,44.7781168],[-117.8333335,44.7781172],[-117.8332054,44.7781171],[-117.8330867,44.778117],[-117.8327146,44.7781167],[-117.8326644,44.7781167],[-117.8321962,44.7781164],[-117.8320778,44.7781164],[-117.8319549,44.7781162],[-117.8316032,44.778116],[-117.8315065,44.7781154],[-117.831064,44.7781156],[-117.8309312,44.7781165],[-117.8307971,44.7781154],[-117.8305322,44.7781152],[-117.8303585,44.7781151],[-117.8299088,44.7781148],[-117.829735,44.7781147],[-117.8297361,44.7780083],[-117.8297411,44.777518],[-117.8297426,44.7774595],[-117.8297433,44.7774309],[-117.8297484,44.7772355],[-117.8297512,44.7771283],[-117.8297529,44.7770489],[-117.8297688,44.7763191],[-117.8297707,44.776234],[-117.829771,44.7761962],[-117.8297714,44.7761362],[-117.8297762,44.7754188],[-117.8297769,44.775326],[-117.8297775,44.7752284],[-117.8297809,44.7747374],[-117.8297818,44.7746083],[-117.8297824,44.7745156],[-117.8296559,44.7745162],[-117.8295667,44.7745166],[-117.8295164,44.7745168],[-117.829446,44.7745171],[-117.8293964,44.7745173],[-117.829334,44.7745175],[-117.8293193,44.7745176],[-117.8292738,44.7745179],[-117.8291451,44.7745184],[-117.8290323,44.7745179],[-117.829033,44.7744287],[-117.8290335,44.7743598],[-117.8290334,44.7742909],[-117.8290336,44.7742682],[-117.8290288,44.7742424],[-117.8290214,44.7742166],[-117.8290052,44.7741982],[-117.828981,44.7741799],[-117.8288563,44.7741044],[-117.8286697,44.7739915],[-117.8286311,44.7739681],[-117.8284422,44.7738537],[-117.828412,44.7738354],[-117.8283914,44.7738229],[-117.8282118,44.7737185],[-117.8280645,44.7736322],[-117.8280314,44.7736134],[-117.8279269,44.7735525],[-117.8278781,44.7735241],[-117.8278257,44.7734935],[-117.8277481,44.7734483],[-117.8272461,44.7731262],[-117.8272019,44.7730986],[-117.8271565,44.7730626],[-117.8270723,44.7729799],[-117.8270571,44.772962],[-117.8269988,44.7728935],[-117.8269656,44.7728402],[-117.8269227,44.7727718],[-117.8268898,44.7726862],[-117.8268747,44.7726502],[-117.8268401,44.7725163],[-117.8268279,44.772417],[-117.8268268,44.7721907],[-117.8268265,44.7721054],[-117.8268274,44.7720251],[-117.8268392,44.7709644],[-117.8268409,44.7708086],[-117.8268417,44.7707569],[-117.8268425,44.7707025],[-117.8268428,44.7706102],[-117.8268462,44.7694702],[-117.826887,44.768204],[-117.8269089,44.76694],[-117.8268711,44.7663628],[-117.8267597,44.7659316],[-117.8267414,44.7658823],[-117.8266081,44.7655234],[-117.8263793,44.7651331],[-117.8261018,44.7647874],[-117.825766,44.7644316],[-117.8253325,44.7640685],[-117.8239895,44.7631918],[-117.8220841,44.7619489],[-117.8207624,44.7610912],[-117.8205989,44.7609724],[-117.8201957,44.760701],[-117.8191185,44.7599702],[-117.8187711,44.7597185],[-117.8184495,44.7594633],[-117.8182394,44.7592688],[-117.8179956,44.7589847],[-117.817604,44.7583808],[-117.8173298,44.7579391],[-117.81705,44.7575195],[-117.816855,44.7572878],[-117.81663,44.7570588],[-117.8161148,44.7566334],[-117.8155609,44.7561974],[-117.8143617,44.7552589],[-117.8121059,44.7534926],[-117.811757,44.7531582],[-117.811326,44.7526782],[-117.8109752,44.7522569],[-117.8101946,44.7512901],[-117.8094054,44.7503255],[-117.8091957,44.750088],[-117.8089681,44.7498657],[-117.8088227,44.7497524],[-117.8086441,44.7496244],[-117.8083836,44.7494805],[-117.8081097,44.7493743],[-117.8078249,44.7492857],[-117.8074698,44.7492087],[-117.8070511,44.7491487],[-117.8058828,44.749036],[-117.8054636,44.7489613],[-117.8051507,44.7488805],[-117.8048712,44.7487777],[-117.8046552,44.7486767],[-117.8044386,44.7485543],[-117.8041403,44.7483224],[-117.8039101,44.7481315],[-117.8037299,44.7479001],[-117.8035937,44.7476278],[-117.8032213,44.7468399],[-117.8030024,44.7464141],[-117.8027549,44.7460202],[-117.8025097,44.7456955],[-117.8022711,44.7454205],[-117.8016373,44.7447873],[-117.8013767,44.7444871],[-117.800412,44.7436682],[-117.7967042,44.7405294],[-117.7930315,44.7374642],[-117.788356,44.7334676],[-117.7853889,44.7309722],[-117.7809399,44.7271909],[-117.7783974,44.725132],[-117.7772582,44.7244488],[-117.7757366,44.7237522],[-117.7745135,44.7233558],[-117.7690955,44.7215568],[-117.757326,44.7177298],[-117.753013,44.7163042],[-117.7455026,44.7138723],[-117.739323,44.7118211],[-117.7262231,44.7075589],[-117.7207728,44.7057593],[-117.7060099,44.7009781],[-117.6952664,44.697365],[-117.6933392,44.6966693],[-117.6916226,44.6956702],[-117.6888957,44.6935698],[-117.6881666,44.6930025],[-117.6858075,44.6912695],[-117.6836832,44.6900033],[-117.6816984,44.6890728],[-117.6805397,44.6885999],[-117.6788123,44.6880888],[-117.676806,44.687593],[-117.6742955,44.6870515],[-117.6698108,44.6859988],[-117.6657339,44.6850072],[-117.6594643,44.6830244],[-117.6588002,44.6827776],[-117.6538701,44.6809738],[-117.6438191,44.6773878],[-117.6360794,44.6746093],[-117.630214,44.6724656],[-117.6280931,44.6717058],[-117.6270378,44.6713204],[-117.6260005,44.6709197],[-117.6244889,44.6703074],[-117.6232307,44.6697646],[-117.6223917,44.6693924],[-117.6216296,44.6690492],[-117.6210056,44.6687245],[-117.6203169,44.6683177],[-117.6197316,44.6679721],[-117.6192607,44.667662],[-117.6188116,44.6673345],[-117.6181891,44.666818],[-117.6177554,44.6664354],[-117.6173345,44.6660415],[-117.6167097,44.6654524],[-117.6164375,44.6651893],[-117.6161407,44.6649347],[-117.6157153,44.6646397],[-117.6150352,44.6642502],[-117.6099623,44.6616095],[-117.6092042,44.6612385],[-117.6084097,44.6608976],[-117.6075357,44.6606085],[-117.6065258,44.6603144],[-117.6026824,44.6593556],[-117.6014194,44.6590348],[-117.5988718,44.6583716],[-117.594591,44.6572574],[-117.5920375,44.6566164],[-117.5822052,44.6541055],[-117.579728,44.6534626],[-117.5758691,44.6525103],[-117.5710626,44.6514189],[-117.5655472,44.6501951],[-117.5578983,44.6485185],[-117.556407,44.6481674],[-117.5550874,44.6477247],[-117.5539394,44.6472285],[-117.5526305,44.6464652],[-117.5522132,44.6462143],[-117.5511301,44.6455637],[-117.5500019,44.6449462],[-117.5492608,44.6446449],[-117.5484784,44.6443508],[-117.5448092,44.643305],[-117.5423666,44.642605],[-117.5411829,44.6422495],[-117.5400563,44.6418852],[-117.5388393,44.6414327],[-117.5376542,44.6409375],[-117.5355609,44.6399615],[-117.5337615,44.6389878],[-117.5223323,44.6318536],[-117.5182338,44.6293188],[-117.5175102,44.6289206],[-117.5168255,44.6286357],[-117.5159209,44.628365],[-117.5150438,44.6282361],[-117.5142427,44.6281429],[-117.5131456,44.6281719],[-117.5107852,44.6282483],[-117.5091866,44.6280421],[-117.5080601,44.6276451],[-117.5070301,44.6271259],[-117.505677,44.625943],[-117.5045196,44.6248733],[-117.5028244,44.6233766],[-117.5010649,44.6218952],[-117.5002388,44.6212079],[-117.4975673,44.6193141],[-117.4922029,44.616076],[-117.485974,44.6123657],[-117.4845076,44.6114762],[-117.4829761,44.6105847],[-117.4807659,44.6090418],[-117.4792532,44.6077816],[-117.4778155,44.6064754],[-117.4766163,44.6051845],[-117.4761589,44.6046265],[-117.4757127,44.6040464],[-117.4752191,44.6033],[-117.4747746,44.6025772],[-117.4740643,44.6012847],[-117.4738504,44.6008936],[-117.4727755,44.5989277],[-117.4719015,44.5973524],[-117.4711207,44.5959106],[-117.470023,44.5938823],[-117.4696708,44.5932679],[-117.4692754,44.5927018],[-117.4689272,44.5922386],[-117.4684691,44.5917891],[-117.4678247,44.5912256],[-117.4671397,44.5907077],[-117.4657495,44.5897379],[-117.4638611,44.5883905],[-117.4618161,44.5869529],[-117.4612913,44.586585],[-117.4591523,44.5850764],[-117.4585029,44.584623],[-117.4579113,44.5842127],[-117.4522169,44.580204],[-117.4493767,44.5781975],[-117.4479539,44.5771942],[-117.4465194,44.5761853],[-117.4345461,44.5677589],[-117.433087,44.5664519],[-117.431939,44.5652824],[-117.4306515,44.5635625],[-117.4289027,44.5608794],[-117.4259416,44.5562162],[-117.4238602,44.5530052],[-117.4221676,44.5503365],[-117.4218884,44.5499107],[-117.4203841,44.5475767],[-117.4191181,44.5452676],[-117.4174551,44.5417884],[-117.4168006,44.540886],[-117.4160174,44.5401825],[-117.4149974,44.53944],[-117.4145071,44.5390232],[-117.414097,44.5386148],[-117.4136635,44.5381224],[-117.4132926,44.5375967],[-117.4120692,44.5357394],[-117.4114791,44.5349287],[-117.4109856,44.5343704],[-117.410448,44.533936],[-117.4098913,44.5335751],[-117.4092048,44.5332491],[-117.4085143,44.5330226],[-117.40745,44.5327445],[-117.404961,44.5322699],[-117.4044,44.5321211],[-117.4039203,44.5319463],[-117.4034991,44.5317257],[-117.403124,44.5314795],[-117.4028222,44.5311987],[-117.4026005,44.5309474],[-117.4024033,44.5306481],[-117.4022513,44.5303405],[-117.4021408,44.5300146],[-117.4019663,44.5293945],[-117.4018143,44.5289278],[-117.4016136,44.5285322],[-117.4013773,44.5281775],[-117.4010202,44.5277866],[-117.4000127,44.5268374],[-117.3993396,44.5262119],[-117.3989786,44.5258961],[-117.398702,44.5256763],[-117.3984035,44.5254588],[-117.3981071,44.5252623],[-117.3977518,44.5250628],[-117.3973561,44.5248752],[-117.3968855,44.5246869],[-117.3963879,44.5245254],[-117.3958878,44.5243842],[-117.3939364,44.5238926],[-117.3933039,44.5237249],[-117.3926788,44.5235468],[-117.3919861,44.5233375],[-117.3912973,44.5231145],[-117.390425,44.522817],[-117.3896078,44.5225646],[-117.3891747,44.5224498],[-117.3887406,44.522348],[-117.3879326,44.5221881],[-117.3872798,44.5220712],[-117.3867272,44.5219641],[-117.3863172,44.5218724],[-117.3859334,44.521766],[-117.3855322,44.5216242],[-117.3851437,44.5214643],[-117.3847987,44.5212925],[-117.3844568,44.5210999],[-117.3838574,44.5207467],[-117.3832408,44.5204038],[-117.3828593,44.5202225],[-117.3824266,44.5200632],[-117.3819447,44.5199338],[-117.3813915,44.5198248],[-117.3799787,44.5196273],[-117.378689,44.5194449],[-117.3782222,44.5193487],[-117.3777761,44.5192293],[-117.3771891,44.5190178],[-117.3766533,44.5187533],[-117.3762078,44.5184722],[-117.37576,44.5181006],[-117.3754566,44.5177721],[-117.3752865,44.5175531],[-117.3751386,44.5173234],[-117.3750112,44.5170744],[-117.3749062,44.5168084],[-117.3748319,44.5165463],[-117.3747865,44.5162805],[-117.3747608,44.5159777],[-117.3747778,44.5156604],[-117.3748212,44.5153977],[-117.3749045,44.51511],[-117.3750272,44.5148152],[-117.3752054,44.514468],[-117.3760434,44.5131234],[-117.3762382,44.5127458],[-117.3763223,44.5125252],[-117.3763775,44.5123197],[-117.3764182,44.5120338],[-117.3764147,44.5117969],[-117.3763795,44.511554],[-117.3763205,44.5113119],[-117.3762164,44.5110777],[-117.376079,44.5108293],[-117.3759298,44.5106343],[-117.375747,44.5104344],[-117.3754911,44.5102062],[-117.3750687,44.5098995],[-117.3729987,44.5086245],[-117.3709471,44.5073584],[-117.3706203,44.5071347],[-117.3703172,44.5068972],[-117.3699926,44.5065961],[-117.3697872,44.5063432],[-117.3696009,44.5060787],[-117.3694376,44.505776],[-117.3692947,44.505383],[-117.3692176,44.5050208],[-117.3691972,44.5046077],[-117.3692483,44.5042145],[-117.3693381,44.5038383],[-117.3695198,44.5033133],[-117.3697114,44.5027758],[-117.3700967,44.5016968],[-117.3702043,44.5013773],[-117.3702949,44.5010449],[-117.3703645,44.5006874],[-117.3703881,44.5003077],[-117.370356,44.4999313],[-117.3702671,44.4995216],[-117.370182,44.4992663],[-117.3700693,44.4990138],[-117.3698142,44.498577],[-117.3693893,44.4979707],[-117.3685564,44.4968294],[-117.3682591,44.4964234],[-117.3664629,44.4939362],[-117.365876,44.4931225],[-117.3656241,44.492759],[-117.363975,44.4904919],[-117.3630662,44.4892429],[-117.3621524,44.4879788],[-117.3614801,44.4870553],[-117.3611476,44.4865904],[-117.3607843,44.4861339],[-117.3605254,44.4858274],[-117.3601969,44.4855236],[-117.3598734,44.4852864],[-117.3596454,44.4851405],[-117.3593915,44.4850055],[-117.3590481,44.4848509],[-117.3587877,44.4847533],[-117.3585118,44.4846686],[-117.3581758,44.4845833],[-117.357833,44.4845171],[-117.3575285,44.4844741],[-117.3572089,44.4844382],[-117.3566224,44.4844048],[-117.3559975,44.4843879],[-117.3531547,44.4843726],[-117.3505682,44.4843645],[-117.3497997,44.4843453],[-117.3490492,44.4842908],[-117.348471,44.4842091],[-117.3481039,44.4841364],[-117.3477612,44.4840482],[-117.3474832,44.4839308],[-117.3469881,44.4837044],[-117.3466665,44.4835208],[-117.3463583,44.4832837],[-117.3460113,44.4829916],[-117.3457196,44.4826907],[-117.3454713,44.4823404],[-117.3452959,44.4820387],[-117.3452099,44.4817961],[-117.3451331,44.4815137],[-117.3450639,44.4812518],[-117.3449793,44.4809865],[-117.344637,44.4800072],[-117.34441,44.4794017],[-117.3439715,44.4781192],[-117.3437578,44.4775729],[-117.3435213,44.477058],[-117.3432565,44.476571],[-117.3430441,44.4762191],[-117.3427784,44.4758299],[-117.3425607,44.4755465],[-117.342265,44.4751854],[-117.3419026,44.4748016],[-117.3416089,44.4745],[-117.3413001,44.4742052],[-117.340625,44.4735727],[-117.3403897,44.4733576],[-117.3380081,44.471188],[-117.3371787,44.4704093],[-117.336805,44.4700345],[-117.3364686,44.4696384],[-117.3362166,44.4693007],[-117.3359826,44.4689093],[-117.33579,44.4685134],[-117.3356537,44.4681408],[-117.3355899,44.4679076],[-117.3355414,44.4676735],[-117.3354628,44.4672141],[-117.3354531,44.4668463],[-117.3354758,44.4665356],[-117.3355326,44.4661933],[-117.335612,44.4658458],[-117.3356902,44.4655538],[-117.3358165,44.4651382],[-117.3359224,44.4647886],[-117.336015,44.4644174],[-117.3360621,44.4641303],[-117.3360769,44.4637975],[-117.33603,44.4634953],[-117.3359606,44.4632673],[-117.335836,44.4630058],[-117.3356473,44.4627319],[-117.3354367,44.4624862],[-117.335185,44.4622509],[-117.334953,44.4620512],[-117.3346305,44.461826],[-117.332575,44.4604611],[-117.3317175,44.4598876],[-117.3313056,44.4595923],[-117.3309201,44.4592901],[-117.3306133,44.4590218],[-117.3302948,44.4587228],[-117.3300683,44.4584765],[-117.3298032,44.4581582],[-117.3295599,44.4578199],[-117.3293497,44.4574824],[-117.3291595,44.4571095],[-117.3289758,44.4566595],[-117.3288436,44.4561773],[-117.3287594,44.455655],[-117.32873,44.4551116],[-117.3287819,44.4545866],[-117.3288251,44.4543246],[-117.3288889,44.454061],[-117.3289976,44.4537195],[-117.3291409,44.4533683],[-117.3292936,44.4530474],[-117.3294724,44.452735],[-117.3301338,44.4517417],[-117.3306207,44.4510421],[-117.3309115,44.4505837],[-117.3310648,44.4502875],[-117.33119,44.4499398],[-117.3312413,44.4496351],[-117.3312437,44.4493974],[-117.331216,44.4491416],[-117.3311572,44.4489414],[-117.3310759,44.4487297],[-117.3309771,44.4485448],[-117.330853,44.4483609],[-117.3305669,44.4480455],[-117.3301902,44.4477457],[-117.3298278,44.4475142],[-117.3294382,44.4472928],[-117.3285583,44.4468399],[-117.3279845,44.4465383],[-117.3276803,44.4463631],[-117.3267535,44.4457412],[-117.3260454,44.4450365],[-117.3258568,44.4448025],[-117.3256756,44.4445578],[-117.3255214,44.4443061],[-117.3253695,44.4440254],[-117.325172,44.4435689],[-117.3250405,44.4432059],[-117.3249661,44.442922],[-117.3248366,44.4424238],[-117.3244531,44.4408018],[-117.3240709,44.4391727],[-117.3239153,44.4386303],[-117.3238195,44.4383373],[-117.3237057,44.4380427],[-117.3234854,44.4375738],[-117.3232437,44.437145],[-117.322934,44.4366857],[-117.3225127,44.4361565],[-117.3220039,44.4356015],[-117.3214223,44.4350374],[-117.3208184,44.4344624],[-117.3196247,44.4333254],[-117.3172491,44.4310581],[-117.3166985,44.4305144],[-117.3161944,44.4299599],[-117.3157675,44.4293846],[-117.3153931,44.4287933],[-117.3144904,44.4272023],[-117.3140469,44.4264079],[-117.3138168,44.4260033],[-117.3135779,44.4255737],[-117.3118812,44.4226035],[-117.3097649,44.4188646],[-117.3087612,44.4171567],[-117.3080279,44.4158051],[-117.3077617,44.4151676],[-117.3075651,44.4145826],[-117.307479,44.4140719],[-117.3074897,44.4134894],[-117.3076077,44.4129147],[-117.3077961,44.4124091],[-117.3081697,44.4118278],[-117.3088773,44.4111662],[-117.3098929,44.4104162],[-117.3109873,44.4096268],[-117.3119743,44.4087454],[-117.3126013,44.4079135],[-117.3128434,44.4071436],[-117.3128756,44.4063924],[-117.3127575,44.4057179],[-117.3123499,44.4048901],[-117.3118349,44.4042923],[-117.3111911,44.4037404],[-117.310247,44.4030736],[-117.309335,44.402353],[-117.3088093,44.4016632],[-117.3085245,44.4011325],[-117.3083158,44.4004291],[-117.3082085,44.3997622],[-117.307951,44.3982904],[-117.3077901,44.3971635],[-117.3075219,44.3956456],[-117.307436,44.3945264],[-117.3075111,44.3928858],[-117.3077901,44.3913602],[-117.3083373,44.3884545],[-117.3088952,44.3857173],[-117.308974,44.3850747],[-117.3089274,44.3844598],[-117.3086913,44.3837314],[-117.3082836,44.3830797],[-117.3075541,44.3823666],[-117.3068564,44.3819016],[-117.3061164,44.3815461],[-117.3043247,44.3810017],[-117.3032914,44.380689],[-117.3031338,44.3806413],[-117.3024659,44.3804747],[-117.3022094,44.38022],[-117.301845,44.37982],[-117.3007271,44.3787339],[-117.2996418,44.3776266],[-117.2974893,44.3754086],[-117.2969835,44.374894],[-117.2965848,44.3744914],[-117.2963407,44.3742909],[-117.2961111,44.3741288],[-117.2958487,44.3739893],[-117.2955711,44.3738751],[-117.2952962,44.3737879],[-117.2949558,44.3737083],[-117.2919431,44.3733099],[-117.2915091,44.3732423],[-117.2910845,44.3731451],[-117.2907299,44.3730466],[-117.2904059,44.3729197],[-117.2900592,44.3727722],[-117.2897366,44.3726054],[-117.2894627,44.3724344],[-117.28917,44.3722195],[-117.2889169,44.3719932],[-117.2887047,44.3717698],[-117.2885253,44.3715397],[-117.2883736,44.3713305],[-117.288244,44.3710697],[-117.2881528,44.370777],[-117.2880954,44.3704725],[-117.2879916,44.3697952],[-117.2877776,44.368467],[-117.2876117,44.3674908],[-117.2875189,44.3671268],[-117.2874154,44.3668124],[-117.2872991,44.3665363],[-117.2871172,44.3661738],[-117.2868824,44.3658176],[-117.2865852,44.3654305],[-117.2862035,44.3650331],[-117.2857824,44.3646621],[-117.2852743,44.3642911],[-117.284903,44.3640562],[-117.284474,44.3638275],[-117.2839672,44.3635971],[-117.2831755,44.3632657],[-117.2817267,44.3626773],[-117.2812188,44.3624708],[-117.2804895,44.3621683],[-117.2790191,44.3615743],[-117.2785489,44.3613389],[-117.2781842,44.3611171],[-117.2778519,44.3608807],[-117.2774903,44.3605706],[-117.2770843,44.3601794],[-117.2767935,44.359835],[-117.27659,44.359539],[-117.2764186,44.3592273],[-117.2762727,44.3588861],[-117.276166,44.3585568],[-117.2760884,44.3581377],[-117.2760305,44.357533],[-117.2758447,44.3559694],[-117.2757866,44.3554697],[-117.2757184,44.3549334],[-117.2756335,44.3542273],[-117.2755673,44.3536698],[-117.2755251,44.3534327],[-117.275454,44.3532394],[-117.2753594,44.3530651],[-117.2751943,44.352878],[-117.2749333,44.3526784],[-117.2741608,44.3521812],[-117.2735287,44.3518008],[-117.2732616,44.3516495],[-117.2729469,44.3515158],[-117.2725925,44.3513962],[-117.272171,44.3512898],[-117.2718071,44.3512177],[-117.2714112,44.3511732],[-117.2711671,44.3511653],[-117.2708796,44.3511687],[-117.2694473,44.3512425],[-117.2680004,44.3513342],[-117.266564,44.3514307],[-117.2654303,44.3514882],[-117.2650803,44.3514874],[-117.2647464,44.3514384],[-117.2644463,44.3513599],[-117.2641689,44.3512587],[-117.2639189,44.3511389],[-117.2636936,44.351001],[-117.2634776,44.3508132],[-117.2633491,44.3506702],[-117.2632446,44.3505256],[-117.2628773,44.3500054],[-117.2623605,44.3492306],[-117.2620517,44.3488341],[-117.2618338,44.3485912],[-117.2615853,44.3483598],[-117.2613118,44.3481358],[-117.2609872,44.3479135],[-117.2607049,44.3477531],[-117.260398,44.3476058],[-117.26007,44.3474604],[-117.2598778,44.3473739],[-117.2596913,44.3472899],[-117.2588142,44.3469412],[-117.257664,44.3464747],[-117.2571859,44.3462683],[-117.2567709,44.3460666],[-117.2565353,44.3459247],[-117.255826,44.3453725],[-117.255508,44.3450525],[-117.251967,44.34062],[-117.250624,44.338395],[-117.250512,44.338247],[-117.249557,44.337264],[-117.2459168,44.3345591],[-117.2438787,44.3329595],[-117.2433487,44.3325818],[-117.2421626,44.3319185],[-117.2407127,44.3311306],[-117.2401862,44.3308153],[-117.2397026,44.3304962],[-117.2394062,44.3302436],[-117.2390993,44.3298885],[-117.2388974,44.3296052],[-117.2386764,44.3291794],[-117.2384689,44.3285853],[-117.2382613,44.3278977],[-117.2379137,44.3268038],[-117.2375054,44.3254309],[-117.2372302,44.3245609],[-117.2368877,44.3234358],[-117.2365055,44.3223124],[-117.2362311,44.3217493],[-117.2356508,44.32071],[-117.2348535,44.3192837],[-117.2323457,44.3147967],[-117.2305575,44.311624],[-117.229673,44.3100383],[-117.2292279,44.3092433],[-117.2290092,44.3088479],[-117.2288192,44.308451],[-117.2287473,44.3082629],[-117.2286713,44.3080425],[-117.2281636,44.305786],[-117.2276497,44.3035282],[-117.227145,44.3013432],[-117.2270477,44.3008763],[-117.2269756,44.3005716],[-117.2268916,44.3001969],[-117.2268333,44.2999872],[-117.2267627,44.2997813],[-117.226588,44.2993576],[-117.2263748,44.2989137],[-117.2258917,44.2979652],[-117.2251528,44.296572],[-117.2244256,44.2951865],[-117.2237796,44.2939227],[-117.2233785,44.2931351],[-117.2229817,44.2923728],[-117.2229671,44.2923445],[-117.2226449,44.2917204],[-117.2225607,44.2916631],[-117.2224697,44.2915016],[-117.222356,44.2912398],[-117.2220288,44.2905611],[-117.2216721,44.2898777],[-117.2214901,44.2895728],[-117.221324,44.2893137],[-117.2211324,44.2890675],[-117.2209093,44.2888152],[-117.2206821,44.2885898],[-117.2203337,44.2882867],[-117.21941,44.2876041],[-117.2190851,44.2873193],[-117.2178524,44.2865774],[-117.216639,44.2858445],[-117.2160298,44.2854833],[-117.2154133,44.2851068],[-117.2147601,44.2846952],[-117.2140923,44.2842579],[-117.2134739,44.2838336],[-117.2128797,44.2833868],[-117.212351,44.2829548],[-117.2118465,44.2825056],[-117.2113749,44.2820603],[-117.2109178,44.2815906],[-117.2105181,44.2811526],[-117.2101383,44.2807034],[-117.2098172,44.280308],[-117.2095272,44.2799138],[-117.2093365,44.2796065],[-117.2091016,44.2791783],[-117.2086226,44.2782712],[-117.2082186,44.2775314],[-117.2079715,44.2771185],[-117.2077091,44.2767218],[-117.2074357,44.2763474],[-117.2071476,44.2759859],[-117.2067165,44.2754803],[-117.2065018,44.2752386],[-117.2062712,44.274996],[-117.2058588,44.2745986],[-117.2054062,44.2741826],[-117.2050534,44.2738984],[-117.2047029,44.2735858],[-117.2039989,44.2729602],[-117.2032925,44.272348],[-117.2029402,44.2720563],[-117.2025591,44.2717701],[-117.202221,44.2715426],[-117.201865,44.2713285],[-117.2015018,44.2711353],[-117.2011229,44.2709515],[-117.2006889,44.2707714],[-117.2002431,44.2706032],[-117.1993679,44.2703129],[-117.1984762,44.2700252],[-117.198034,44.2698767],[-117.1975865,44.2697106],[-117.1971569,44.2695337],[-117.1967842,44.2693524],[-117.1963328,44.2691198],[-117.1959479,44.2688696],[-117.1955844,44.268626],[-117.1952585,44.2683716],[-117.1949128,44.2680713],[-117.1946005,44.2677784],[-117.1942903,44.2674367],[-117.1937469,44.2667878],[-117.1932129,44.2661073],[-117.1926705,44.2654359],[-117.1923657,44.2651092],[-117.1920417,44.2648047],[-117.1917476,44.2645506],[-117.1914091,44.2643022],[-117.191016,44.2640387],[-117.1905899,44.2637968],[-117.1901435,44.2635825],[-117.1896548,44.2633695],[-117.1890061,44.2631414],[-117.1882766,44.2629171],[-117.1867618,44.2624736],[-117.1858253,44.2621974],[-117.1853291,44.2620408],[-117.184581,44.2617907],[-117.1839521,44.261538],[-117.1834917,44.2613287],[-117.1831321,44.2611556],[-117.1826297,44.26088],[-117.1821456,44.2605836],[-117.1811009,44.259941],[-117.1801046,44.2593262],[-117.1794627,44.2589326],[-117.1782276,44.2581603],[-117.1777161,44.2577924],[-117.1773125,44.2574672],[-117.1769718,44.2571482],[-117.1766818,44.2568197],[-117.176468,44.2565272],[-117.1762718,44.2562114],[-117.1761226,44.2559238],[-117.1760114,44.2556414],[-117.1759375,44.2553907],[-117.1758758,44.2551266],[-117.1758281,44.2547487],[-117.1758182,44.2543245],[-117.1758203,44.2540444],[-117.1758626,44.2536566],[-117.1761633,44.251781],[-117.1764485,44.2498912],[-117.1766275,44.2484017],[-117.1766275,44.2472335],[-117.1764665,44.2462882],[-117.1760159,44.2450739],[-117.1746963,44.2428757],[-117.1733444,44.2406929],[-117.1721321,44.2387482],[-117.1713274,44.2374722],[-117.169643,44.234605],[-117.1678298,44.2316454],[-117.1662849,44.2292622],[-117.165051,44.2278169],[-117.1641303,44.2269383],[-117.1630608,44.2261468],[-117.1621543,44.2255489],[-117.1601909,44.2244802],[-117.1583418,44.2237093],[-117.155438,44.2223966],[-117.1543759,44.2215586],[-117.1536785,44.2205359],[-117.1532171,44.2195748],[-117.1528309,44.2177294],[-117.1526485,44.2168836],[-117.1523052,44.2160454],[-117.152037,44.2153687],[-117.1508675,44.2132925],[-117.150138,44.2123159],[-117.1493655,44.21147],[-117.1461039,44.2082631],[-117.1447735,44.2065635],[-117.1443015,44.205233],[-117.1442586,44.2045869],[-117.1443873,44.2031487],[-117.144677,44.2013182],[-117.1447092,44.1999721],[-117.144398,44.1985261],[-117.1439903,44.19758],[-117.1430462,44.1963108],[-117.1420055,44.195157],[-117.1400314,44.1930339],[-117.139495,44.19238],[-117.1388141,44.1914555],[-117.138236,44.1905928],[-117.1374457,44.1889721],[-117.1368878,44.1873719],[-117.1364909,44.1858102],[-117.1356627,44.1827083],[-117.1355618,44.1823305],[-117.134903,44.1798628],[-117.1343773,44.1777699],[-117.1341198,44.1769235],[-117.1334975,44.1756616],[-117.1330791,44.1749075],[-117.1321564,44.173761],[-117.1312016,44.1729222],[-117.1301394,44.172145],[-117.1281653,44.1707598],[-117.1260625,44.1693207],[-117.1222859,44.166558],[-117.1186381,44.1640413],[-117.1178978,44.1632486],[-117.1175652,44.1627868],[-117.1171897,44.1621172],[-117.1164923,44.1603547],[-117.1159559,44.1592232],[-117.115119,44.1577608],[-117.1123886,44.1538813],[-117.1109455,44.1519068],[-117.1095669,44.1500324],[-117.1084242,44.1485004],[-117.1073031,44.147134],[-117.1057528,44.1453864],[-117.1014827,44.1409633],[-117.0980709,44.1378488],[-117.0960003,44.1361317],[-117.0912045,44.1324819],[-117.0875996,44.1299792],[-117.0841932,44.1278075],[-117.0820206,44.1264868],[-117.0795369,44.125089],[-117.0727562,44.1217734],[-117.0698541,44.1205026],[-117.0667588,44.1191586],[-117.0648598,44.1180688],[-117.0628911,44.1167979],[-117.0592862,44.1142329],[-117.0368669,44.0982251],[-117.0364633,44.0979289],[-117.0360971,44.0976602],[-117.0291328,44.0925494],[-117.0249271,44.0894632],[-117.0176368,44.0840649],[-117.0160168,44.0829589],[-117.0128679,44.080643],[-117.0122111,44.0801716],[-117.0055936,44.0753623],[-117.0050509,44.074976],[-117.0025092,44.0731974],[-117.0007496,44.0719255],[-116.9993764,44.0708695],[-116.9982552,44.0698712],[-116.9974827,44.0690772],[-116.9965118,44.0678862],[-116.995632,44.0665564],[-116.9945216,44.0646176],[-116.9937759,44.0633799],[-116.9929766,44.0623047],[-116.992188,44.0614181],[-116.9914638,44.0606664],[-116.9901013,44.0595369],[-116.9827721,44.0538127],[-116.9817017,44.0529766],[-116.9812262,44.0526158],[-116.9758473,44.0484089],[-116.9750326,44.0477087],[-116.9731712,44.0462744],[-116.9681876,44.0423567],[-116.9653767,44.0401356],[-116.9631236,44.0384812],[-116.9620561,44.0378372],[-116.9584858,44.0360817],[-116.9577803,44.0357326],[-116.9562326,44.0349854],[-116.9550719,44.0343691],[-116.9546129,44.0340991],[-116.9540212,44.0336955],[-116.9535319,44.033341],[-116.9530729,44.0329483],[-116.9526291,44.032512],[-116.952227,44.0321029],[-116.9518818,44.0316611],[-116.9514936,44.0310843],[-116.9512307,44.0306176],[-116.9508498,44.029827],[-116.9506498,44.0293528],[-116.9497126,44.0275591],[-116.949589,44.0273607],[-116.9494978,44.0272546],[-116.9493556,44.0271138],[-116.9490954,44.0269248],[-116.9487709,44.0267435],[-116.9483125,44.0265177],[-116.9477208,44.0262403],[-116.9475263,44.0261378],[-116.9473838,44.0260353],[-116.9472499,44.0259219],[-116.9471752,44.0258272],[-116.9470922,44.0257013],[-116.9470338,44.0255786],[-116.9469971,44.0254591],[-116.9469777,44.0253364],[-116.9469782,44.0251293],[-116.9469815,44.0250451],[-116.9469854,44.0249441],[-116.9470021,44.0248811],[-116.9470246,44.0247965],[-116.9468653,44.0247973],[-116.9450009,44.0248071],[-116.944168,44.0248019],[-116.9437245,44.0248042],[-116.9435015,44.0248054],[-116.9432162,44.0248071],[-116.9425258,44.0248112],[-116.9419331,44.0248108],[-116.9413895,44.0248093],[-116.940751,44.0248114],[-116.9406216,44.0248125],[-116.9404064,44.0248159],[-116.9401778,44.0248159],[-116.9394328,44.0248159],[-116.9389983,44.024815],[-116.938085,44.0248285],[-116.9375901,44.0248439],[-116.937452,44.024842],[-116.9372427,44.0248169],[-116.9354447,44.0250248]],[[-123.8527016,46.1876702],[-123.8524105,46.1877964],[-123.8522661,46.187859],[-123.8521516,46.1879086],[-123.8519467,46.1879974],[-123.8517398,46.1880864],[-123.8515621,46.1881615],[-123.8502093,46.1887673],[-123.8492339,46.189207],[-123.8491558,46.1892426],[-123.8481797,46.1897261],[-123.8479175,46.1898617],[-123.847638,46.1900063],[-123.8474167,46.1901316],[-123.8472659,46.1902137],[-123.8471253,46.1902855],[-123.8469998,46.1903366],[-123.8468673,46.1903869],[-123.8467571,46.1904233],[-123.8467234,46.1904345],[-123.8465846,46.1904762],[-123.8465457,46.1904862],[-123.8464448,46.1905122],[-123.8462903,46.1905456],[-123.8461407,46.1905747],[-123.8459933,46.1905959],[-123.8458429,46.1906137],[-123.8456855,46.1906256],[-123.8455255,46.1906347],[-123.8453748,46.1906382],[-123.8451538,46.1906348],[-123.8446755,46.1906286],[-123.844628,46.1906273],[-123.8441992,46.1906191],[-123.8433227,46.1906014],[-123.8422461,46.1905845],[-123.8421672,46.1905829],[-123.8416391,46.1905776],[-123.8411582,46.190569],[-123.8405747,46.1905575],[-123.8395846,46.190539],[-123.8386061,46.1905209],[-123.8376287,46.1905053],[-123.8372161,46.1904973],[-123.8367303,46.1904878],[-123.8366395,46.190486],[-123.8365588,46.1904837],[-123.836411,46.1904796],[-123.8361249,46.1904485],[-123.8360639,46.1904351],[-123.8358894,46.1903968],[-123.8358028,46.1903709],[-123.8356496,46.190325],[-123.8353672,46.1902109],[-123.8350408,46.1900759],[-123.8348014,46.1899958],[-123.8346792,46.1899482],[-123.8346052,46.1899185],[-123.8344361,46.1898543],[-123.8343237,46.189819],[-123.8342247,46.1897946],[-123.8341186,46.1897734],[-123.8339979,46.1897566],[-123.8339077,46.1897551],[-123.833796,46.1897535],[-123.833693,46.189752],[-123.8336204,46.1897507],[-123.8328008,46.1897357],[-123.8327133,46.1897341],[-123.8326337,46.1897326],[-123.831837,46.189718],[-123.831727,46.189716],[-123.8316294,46.1897142],[-123.8309545,46.1897018],[-123.8302537,46.189689],[-123.8301541,46.1896872],[-123.8300527,46.1896853],[-123.8295155,46.1896755],[-123.829025,46.1896665],[-123.8289334,46.1896637],[-123.8288377,46.1896545],[-123.8287,46.1896282],[-123.8285972,46.1896085],[-123.8276782,46.1894328],[-123.8274104,46.1893816],[-123.8273311,46.1893665],[-123.8272625,46.1893522],[-123.8264834,46.1892044],[-123.82635,46.1891848],[-123.8263102,46.189181],[-123.8262397,46.1891741],[-123.8259824,46.1891715],[-123.8258121,46.1891426],[-123.8244998,46.1892233],[-123.8244054,46.1892291],[-123.8243046,46.1892346],[-123.823694,46.189268],[-123.8230801,46.1892997],[-123.8229927,46.1893042],[-123.8228972,46.1893092],[-123.821632,46.189375],[-123.8202548,46.1894404],[-123.820152,46.1894453],[-123.8200466,46.1894504],[-123.8187371,46.189514],[-123.8187,46.189512],[-123.8183447,46.1894705],[-123.8181235,46.1894289],[-123.8178437,46.1893457],[-123.8176045,46.189261],[-123.8171371,46.1890232],[-123.8167573,46.1888619],[-123.8164822,46.1887749],[-123.8162653,46.1887331],[-123.816159,46.1887181],[-123.81605,46.1887027],[-123.81578,46.1886816],[-123.8156967,46.1886818],[-123.8155961,46.188682],[-123.8154415,46.1886846],[-123.8153202,46.1886915],[-123.8151767,46.1887022],[-123.815037,46.1887178],[-123.8147961,46.1887566],[-123.8146536,46.1887844],[-123.8145119,46.1888196],[-123.814436,46.1888415],[-123.8142902,46.1888836],[-123.8142128,46.1889103],[-123.8139678,46.1889947],[-123.8139227,46.189015],[-123.8126856,46.1895709],[-123.811881,46.1899325],[-123.8107977,46.1904368],[-123.8107082,46.1904784],[-123.8106188,46.1905194],[-123.8095315,46.1910171],[-123.8086369,46.1914293],[-123.8083183,46.1915757],[-123.8079725,46.1917358],[-123.8076779,46.191871],[-123.8076059,46.191903],[-123.8074631,46.1919686],[-123.8073353,46.1920275],[-123.8060186,46.1926343],[-123.8054929,46.1928664],[-123.8051959,46.1929976],[-123.8046168,46.1932419],[-123.8044278,46.1933066],[-123.8042739,46.1933491],[-123.8040713,46.1933963],[-123.803826,46.193444],[-123.803477,46.193497],[-123.803195,46.193523],[-123.8029254,46.1935365],[-123.802773,46.193536],[-123.8014509,46.1935176],[-123.8013539,46.1935171],[-123.80103,46.1935217],[-123.8007133,46.1935336],[-123.800404,46.1935677],[-123.8001625,46.1935976],[-123.7998771,46.1936447],[-123.799556,46.1936824],[-123.7991821,46.1937119],[-123.7988462,46.1937326],[-123.7984576,46.1937407],[-123.797231,46.1937249],[-123.796826,46.1937197],[-123.795841,46.193707],[-123.7952912,46.1937317],[-123.7948793,46.1937713],[-123.7945284,46.1938198],[-123.794286,46.193864],[-123.794027,46.193936],[-123.793817,46.194015],[-123.7934258,46.1942123],[-123.7931212,46.1943416],[-123.7928836,46.1944123],[-123.7926714,46.1944444],[-123.792257,46.194477],[-123.7910797,46.1944627],[-123.7897085,46.1944559],[-123.7896212,46.1944555],[-123.7881406,46.1944517],[-123.787745,46.194446],[-123.7874497,46.194423],[-123.7871506,46.1943713],[-123.7868394,46.1943056],[-123.7865745,46.1942655],[-123.7863322,46.1942417],[-123.7860926,46.1942291],[-123.7858405,46.1942294],[-123.784491,46.1942378],[-123.783967,46.1942411],[-123.7827944,46.1942416],[-123.7820599,46.1942334],[-123.7813409,46.1942296],[-123.7808426,46.1942268],[-123.7792609,46.1942325],[-123.779027,46.194245],[-123.778797,46.194266],[-123.778484,46.194318],[-123.778182,46.194396],[-123.7768732,46.1948716],[-123.7766748,46.1949233],[-123.776497,46.1949576],[-123.7762017,46.1950028],[-123.7758448,46.1950368],[-123.7755844,46.1950534],[-123.775251,46.1950595],[-123.7749224,46.1950567],[-123.7744626,46.1950366],[-123.7742477,46.1950254],[-123.7739587,46.1950103],[-123.7729015,46.1949601],[-123.7717652,46.1949177],[-123.7694495,46.194811],[-123.7689543,46.1947882],[-123.7683131,46.1947586],[-123.7679014,46.1947408],[-123.7676741,46.1947309],[-123.7674726,46.1947186],[-123.7671825,46.1946992],[-123.7668833,46.1946708],[-123.7665855,46.1946332],[-123.7662989,46.1945907],[-123.7660694,46.1945469],[-123.7658042,46.1944893],[-123.7654925,46.1944075],[-123.7652073,46.1943223],[-123.7648718,46.1942151],[-123.7645553,46.1940987],[-123.7642424,46.1939581],[-123.7638867,46.1937809],[-123.7632182,46.1934368],[-123.7628807,46.1932537],[-123.7626068,46.1931089],[-123.7623653,46.1930035],[-123.7622028,46.1929325],[-123.7619541,46.1928481],[-123.7616622,46.1927606],[-123.7613481,46.1926852],[-123.760716,46.1925492],[-123.7599985,46.1924088],[-123.7596662,46.1923398],[-123.7594142,46.1922773],[-123.7591531,46.1921902],[-123.7589345,46.1921047],[-123.7587052,46.1919937],[-123.7585475,46.1919009],[-123.7584202,46.1918136],[-123.7582719,46.1916909],[-123.7581404,46.1915795],[-123.7579986,46.1914271],[-123.757809,46.1911681],[-123.7574309,46.1905429],[-123.7569677,46.1897769],[-123.7567943,46.1895041],[-123.7567194,46.1893942],[-123.7566422,46.1892986],[-123.7565502,46.1891944],[-123.7564413,46.1890961],[-123.7563136,46.189008],[-123.7561688,46.18893],[-123.7559349,46.1888395],[-123.7557309,46.1887827],[-123.7552065,46.1886712],[-123.7549619,46.1886051],[-123.7547824,46.188537],[-123.7545994,46.1884506],[-123.7544557,46.1883698],[-123.7543291,46.1882917],[-123.7542162,46.1882135],[-123.7540341,46.1880411],[-123.7539996,46.1880085],[-123.7538505,46.1878143],[-123.7537471,46.1876032],[-123.7536795,46.1873804],[-123.753573,46.1868717],[-123.7535359,46.1867745],[-123.7534891,46.1866793],[-123.753426,46.1865927],[-123.7533439,46.186496],[-123.7532567,46.1864189],[-123.7531284,46.1863324],[-123.7529587,46.1862432],[-123.7528113,46.1861772],[-123.7524,46.1860147],[-123.7522564,46.1859489],[-123.7521051,46.1858806],[-123.7519561,46.1857897],[-123.7518286,46.1857062],[-123.7516849,46.1855957],[-123.751599,46.1855282],[-123.7515066,46.1854454],[-123.7514203,46.1853535],[-123.751267,46.1851736],[-123.7511446,46.1850041],[-123.7508058,46.1844656],[-123.7506955,46.1842804],[-123.7506114,46.1841371],[-123.7505234,46.1839501],[-123.750472,46.1837971],[-123.7504331,46.1836506],[-123.7504038,46.183474],[-123.7503921,46.1833648],[-123.7503682,46.1831625],[-123.7503501,46.182963],[-123.7503344,46.1827995],[-123.7503464,46.1826543],[-123.7503721,46.1825465],[-123.7504117,46.1824542],[-123.750457,46.182372],[-123.7505403,46.1822788],[-123.7506275,46.182196],[-123.7507122,46.1821389],[-123.7509632,46.1819851],[-123.7510686,46.1819076],[-123.7511858,46.1818242],[-123.7512755,46.1817179],[-123.751344,46.1816032],[-123.7514028,46.1814779],[-123.7514535,46.1813249],[-123.7514634,46.1812865],[-123.751625,46.18069],[-123.7516503,46.1805564],[-123.7516595,46.1804222],[-123.7516596,46.1802574],[-123.751645,46.180057],[-123.7516281,46.1798804],[-123.7516298,46.1796895],[-123.7516467,46.1794676],[-123.7516863,46.1792847],[-123.7517718,46.1790318],[-123.7518536,46.1788503],[-123.7519686,46.1786592],[-123.7520822,46.1784994],[-123.752201,46.1783541],[-123.7523993,46.1781689],[-123.7525947,46.1780023],[-123.7527966,46.1778497],[-123.7540383,46.1769399],[-123.7549773,46.1762518],[-123.7553689,46.1759433],[-123.7555436,46.1758152],[-123.7556711,46.1757088],[-123.7558438,46.1755592],[-123.7559471,46.1754506],[-123.7560604,46.1753231],[-123.756122,46.1752399],[-123.7563354,46.1749517],[-123.7566567,46.1745131],[-123.7566914,46.1744656],[-123.7567697,46.1743466],[-123.7568446,46.1742135],[-123.7569065,46.1740609],[-123.7569277,46.1739318],[-123.7569327,46.1737936],[-123.7569146,46.1736719],[-123.7568824,46.1735679],[-123.756703,46.1731274],[-123.7566272,46.1729532],[-123.7565158,46.1726972],[-123.7564682,46.1725689],[-123.756428,46.172433],[-123.7564261,46.1722849],[-123.7564382,46.1721408],[-123.7564736,46.1720384],[-123.7565354,46.1719083],[-123.7566161,46.1717981],[-123.7567075,46.1716639],[-123.7567897,46.1715138],[-123.756839,46.171355],[-123.7568561,46.1712095],[-123.7568518,46.1710299],[-123.756779,46.1704844],[-123.756722,46.1702035],[-123.7566857,46.1700417],[-123.7566243,46.169854],[-123.7565296,46.1696419],[-123.7564551,46.1695109],[-123.7563659,46.1693761],[-123.7562248,46.169208],[-123.756099,46.169092],[-123.7559711,46.1689805],[-123.7558451,46.1688892],[-123.7555687,46.1687099],[-123.7554277,46.1686194],[-123.7549374,46.1683322],[-123.7518987,46.1666562],[-123.7515105,46.1664606],[-123.7512391,46.1663466],[-123.751005,46.1662611],[-123.7507519,46.1661815],[-123.7504948,46.1661129],[-123.7501972,46.1660403],[-123.7494161,46.1658632],[-123.7491485,46.1658024],[-123.7486853,46.1657017],[-123.7481835,46.1655923],[-123.7479056,46.165538],[-123.7476878,46.1655001],[-123.7474698,46.1654728],[-123.7472785,46.1654541],[-123.7470839,46.1654375],[-123.7468878,46.1654331],[-123.7467447,46.1654361],[-123.7465574,46.1654464],[-123.7463457,46.1654665],[-123.7461274,46.1654996],[-123.745889,46.165541],[-123.7454846,46.1656469],[-123.7451731,46.1657295],[-123.7448575,46.1658237],[-123.7446227,46.1659083],[-123.7444459,46.1659869],[-123.7442582,46.166081],[-123.7440963,46.166191],[-123.7439465,46.1662974],[-123.7438219,46.1664109],[-123.7437094,46.1665371],[-123.7436005,46.1666701],[-123.743514,46.1667957],[-123.743451,46.1669335],[-123.7434059,46.1670435],[-123.7433771,46.1671609],[-123.7433525,46.1673184],[-123.7433254,46.1674509],[-123.7432849,46.1675486],[-123.743216,46.1676681],[-123.7431201,46.1677832],[-123.7429766,46.1679069],[-123.7428075,46.1680331],[-123.7422151,46.1684051],[-123.7419916,46.1685262],[-123.7418353,46.168608],[-123.741624,46.1687057],[-123.7413732,46.1688199],[-123.7407907,46.1690746],[-123.7405703,46.1691768],[-123.7404002,46.1692441],[-123.7402064,46.1693087],[-123.7400185,46.1693493],[-123.739816,46.1693682],[-123.7396043,46.169377],[-123.7393699,46.169375],[-123.7387604,46.1693568],[-123.7383456,46.1693875],[-123.73754,46.1695185],[-123.7371205,46.1695651],[-123.73613,46.169567],[-123.7357576,46.1696056],[-123.7353703,46.1697249],[-123.7350448,46.1698467],[-123.7347061,46.1699573],[-123.7344906,46.1700073],[-123.7342695,46.1700311],[-123.7340063,46.1700319],[-123.7334055,46.1700111],[-123.733155,46.1700104],[-123.7328525,46.1700243],[-123.7326009,46.1700299],[-123.730901,46.170189],[-123.729837,46.170274],[-123.7296648,46.1702822],[-123.7294499,46.1702766],[-123.7292138,46.1702505],[-123.7290064,46.1702071],[-123.7288124,46.17015],[-123.7286129,46.1700785],[-123.7281013,46.1698672],[-123.7279538,46.169813],[-123.7277871,46.1697527],[-123.727604,46.1696946],[-123.7274423,46.1696516],[-123.7272563,46.1696067],[-123.7270569,46.1695666],[-123.7268792,46.1695427],[-123.7266588,46.1695168],[-123.7264458,46.1695055],[-123.7261909,46.169498],[-123.7253693,46.1695005],[-123.7232564,46.1694986],[-123.722984,46.1695031],[-123.7227569,46.1695126],[-123.7225854,46.1695289],[-123.7225004,46.169537],[-123.7222226,46.169574],[-123.7219674,46.1696177],[-123.7217321,46.1696722],[-123.7213504,46.1697754],[-123.7208672,46.1698963],[-123.7205323,46.1699792],[-123.7202502,46.170049],[-123.7200442,46.1700909],[-123.7197452,46.1701449],[-123.7195115,46.1701787],[-123.7192471,46.1702031],[-123.7189572,46.1702133],[-123.7186525,46.1702046],[-123.7183733,46.1701802],[-123.7181222,46.1701463],[-123.7178321,46.1701045],[-123.7175222,46.170046],[-123.7172156,46.1699848],[-123.7168384,46.1699066],[-123.716561,46.1698505],[-123.716282,46.1698121],[-123.7160807,46.1697867],[-123.7158718,46.1697771],[-123.7155728,46.1697641],[-123.7152588,46.1697535],[-123.7149976,46.1697436],[-123.714691,46.1697246],[-123.7143952,46.1696961],[-123.714089,46.1696685],[-123.712089,46.1694901],[-123.7116478,46.1694657],[-123.7112092,46.1694491],[-123.7107672,46.1694328],[-123.710402,46.1694251],[-123.7100449,46.1694236],[-123.7095798,46.1694251],[-123.7091513,46.1694328],[-123.7087251,46.1694365],[-123.7082179,46.1694307],[-123.7077871,46.1694253],[-123.7055785,46.169369],[-123.7055,46.1693652],[-123.7052484,46.1693528],[-123.7049491,46.1693279],[-123.7046193,46.1692973],[-123.7043008,46.1692541],[-123.7040104,46.1692121],[-123.7036698,46.1691392],[-123.7033525,46.1690618],[-123.7030218,46.1689589],[-123.7027919,46.1688768],[-123.7024923,46.1687529],[-123.7022651,46.1686435],[-123.7020587,46.1685458],[-123.7017935,46.1684073],[-123.7015857,46.1682964],[-123.7012044,46.168084],[-123.7009864,46.1679578],[-123.700764,46.1678314],[-123.7001328,46.16747],[-123.6998911,46.1673367],[-123.6996535,46.167222],[-123.6992572,46.1670369],[-123.6989463,46.1669041],[-123.6986361,46.166784],[-123.698406,46.1667022],[-123.6981713,46.1666226],[-123.697976,46.1665622],[-123.6977174,46.1664966],[-123.6974095,46.1664378],[-123.6970824,46.1663823],[-123.6968322,46.1663506],[-123.6965803,46.1663289],[-123.6962892,46.1663105],[-123.6959453,46.1663011],[-123.6956055,46.1663124],[-123.6952819,46.1663323],[-123.6950063,46.1663598],[-123.694717,46.1663973],[-123.6944181,46.1664479],[-123.6941797,46.166498],[-123.6939362,46.1665517],[-123.6937935,46.1665868],[-123.6935215,46.1666622],[-123.6932367,46.1667467],[-123.6929186,46.1668477],[-123.6925978,46.1669579],[-123.6922405,46.1670796],[-123.6918368,46.1672237],[-123.6899027,46.1678852],[-123.687648,46.1686741],[-123.6863997,46.1691399],[-123.6861709,46.1692216],[-123.6859864,46.1692826],[-123.6857695,46.1693472],[-123.6856397,46.1693852],[-123.6852935,46.1694945],[-123.68498,46.1696043],[-123.6846551,46.1697309],[-123.6842957,46.1698809],[-123.6839778,46.1699961],[-123.6835746,46.1701308],[-123.6832468,46.1702276],[-123.6829149,46.1703166],[-123.6826141,46.1703876],[-123.6821361,46.1704918],[-123.6817091,46.1705675],[-123.6812646,46.1706273],[-123.6808999,46.1706542],[-123.6806342,46.170667],[-123.6802379,46.1706634],[-123.6798754,46.1706457],[-123.679594,46.17062],[-123.6793348,46.1705936],[-123.6790517,46.1705589],[-123.6787513,46.1705148],[-123.6784419,46.1704589],[-123.6780724,46.1703882],[-123.6776674,46.1703078],[-123.6771875,46.1702108],[-123.6765622,46.1700825],[-123.6765158,46.170073],[-123.6752913,46.1698321],[-123.6744055,46.1696509],[-123.6740068,46.1695676],[-123.6737432,46.1695149],[-123.6713647,46.1690385],[-123.6697829,46.1687232],[-123.668554,46.1684809],[-123.6678798,46.1683416],[-123.659239,46.1666223],[-123.6504646,46.164848],[-123.6480675,46.1643656],[-123.6478111,46.1643196],[-123.6475339,46.1642732],[-123.6472736,46.1642352],[-123.6470606,46.1642061],[-123.6468526,46.164184],[-123.646568,46.1641574],[-123.6461768,46.1641328],[-123.6458874,46.1641186],[-123.6455364,46.1641113],[-123.6451162,46.1641117],[-123.6446294,46.1641219],[-123.6439027,46.1641486],[-123.631981,46.1649266],[-123.6242939,46.1654132],[-123.623001,46.165487],[-123.619866,46.1657],[-123.6141462,46.1660706],[-123.6116475,46.1662337],[-123.6037645,46.1667437],[-123.5928395,46.1674547],[-123.5923074,46.1674893],[-123.5867956,46.1678447],[-123.5817665,46.1681733],[-123.5762801,46.1685253],[-123.5755518,46.1685714],[-123.5710155,46.1688587],[-123.5707787,46.168878],[-123.5676641,46.1690828],[-123.5668765,46.1691357],[-123.565241,46.169352],[-123.562714,46.169931],[-123.5533025,46.1722995],[-123.5512966,46.1727401],[-123.5483695,46.1732599],[-123.537161,46.175302],[-123.535387,46.175545],[-123.533761,46.175692],[-123.5330577,46.175758],[-123.528861,46.176152],[-123.5283931,46.1761787],[-123.5280439,46.176186],[-123.5277161,46.1761776],[-123.5210932,46.1757393],[-123.5204998,46.1757307],[-123.5197039,46.1757722],[-123.5190381,46.1758821],[-123.5168096,46.1764389],[-123.5161975,46.1765629],[-123.515532,46.176628],[-123.514917,46.176655],[-123.51391,46.176585],[-123.5052364,46.1755151],[-123.501131,46.175022],[-123.499664,46.174758],[-123.4923771,46.1726203],[-123.4910869,46.1721644],[-123.4898583,46.1715567],[-123.4890416,46.1710307],[-123.4872562,46.1698803],[-123.4868941,46.1696411],[-123.4866701,46.1694981],[-123.4860942,46.1691224],[-123.4857296,46.1688885],[-123.4852984,46.1686964],[-123.4848597,46.1685241],[-123.4842849,46.1683502],[-123.4837573,46.1682318],[-123.4829199,46.1681124],[-123.482055,46.16806],[-123.481139,46.168065],[-123.480624,46.168111],[-123.479345,46.168327],[-123.478501,46.16855],[-123.4745896,46.1697579],[-123.474356,46.16983],[-123.472348,46.170441],[-123.471452,46.170642],[-123.470704,46.170728],[-123.469417,46.170663],[-123.465469,46.170201],[-123.4653006,46.1701816],[-123.456629,46.1691829],[-123.4529653,46.1687748],[-123.4522886,46.1687222],[-123.4516388,46.1687084],[-123.4506348,46.1687395],[-123.4498578,46.1688269],[-123.4491262,46.1689381],[-123.4430245,46.1701612],[-123.4409295,46.1706005],[-123.4401782,46.1707265],[-123.4395808,46.1707796],[-123.4391074,46.1707803],[-123.438718,46.170759],[-123.4381142,46.1706936],[-123.437486,46.170576],[-123.436623,46.170304],[-123.4360918,46.1700396],[-123.4355713,46.1696985],[-123.4351281,46.1693428],[-123.4347087,46.1688496],[-123.4344553,46.1684347],[-123.4342887,46.1680066],[-123.4341958,46.1675164],[-123.4341904,46.1670327],[-123.4343687,46.166204],[-123.434537,46.1656428],[-123.4346234,46.1651116],[-123.4346256,46.1645803],[-123.4345224,46.1641231],[-123.4343045,46.1636354],[-123.4340449,46.163238],[-123.4336184,46.1627655],[-123.4311527,46.1604354],[-123.4306638,46.1599914],[-123.430158,46.1595798],[-123.4293872,46.1590401],[-123.4288217,46.1586938],[-123.4280925,46.1583119],[-123.4166917,46.1541138],[-123.415636,46.1537191],[-123.414775,46.1533427],[-123.4132639,46.1524552],[-123.4121855,46.1519125],[-123.4112441,46.1514023],[-123.4074436,46.1492873],[-123.406134,46.1485707],[-123.404183,46.1474926],[-123.3868997,46.1379837],[-123.3818127,46.1351989],[-123.378367,46.1332941],[-123.3773472,46.1327303],[-123.3764593,46.132172],[-123.37613,46.1319663],[-123.374555,46.1308557],[-123.3737729,46.1302826],[-123.3729052,46.1296727],[-123.3724915,46.1294024],[-123.3708048,46.1282843],[-123.3702165,46.1279228],[-123.3696494,46.1275742],[-123.368824,46.1271324],[-123.3678197,46.1266341],[-123.3671761,46.1263486],[-123.3641083,46.1250016],[-123.359635,46.1230732],[-123.3585956,46.1226879],[-123.3574216,46.1223349],[-123.3562924,46.1220627],[-123.3551351,46.1218418],[-123.3531476,46.121481],[-123.3528807,46.1214281],[-123.3513928,46.1211175],[-123.3473967,46.1200942],[-123.3259964,46.1152762],[-123.3238286,46.1148781],[-123.3214121,46.1144082],[-123.3107495,46.1120272],[-123.3106463,46.1120039],[-123.3075262,46.1113008],[-123.3056171,46.1109523],[-123.303977,46.1107391],[-123.3011299,46.1105367],[-123.2993495,46.1105201],[-123.2976594,46.1105784],[-123.2964383,46.110654],[-123.295074,46.1107973],[-123.293727,46.11098],[-123.2863716,46.1124135],[-123.2696362,46.115697],[-123.2436488,46.1207866],[-123.240865,46.1213144],[-123.2399419,46.1214281],[-123.2394724,46.1214572],[-123.2390713,46.1214668],[-123.23832,46.1214362],[-123.2376296,46.1213641],[-123.2371622,46.1212902],[-123.2361046,46.1210877],[-123.2317785,46.1200942],[-123.23042,46.119667],[-123.2270992,46.1183679],[-123.2245522,46.1172484],[-123.2232654,46.116681],[-123.2219742,46.1161679],[-123.2208777,46.1157554],[-123.2161538,46.1139783],[-123.2150767,46.1135295],[-123.2140271,46.1129705],[-123.2131445,46.1124216],[-123.2118052,46.1115344],[-123.2081802,46.1091124],[-123.2079358,46.1089422],[-123.2076943,46.1087319],[-123.2074937,46.1085125],[-123.2072593,46.1082285],[-123.2070295,46.1077962],[-123.2069655,46.1075721],[-123.2068074,46.1070187],[-123.2067196,46.1067112],[-123.2066312,46.1064018],[-123.2065587,46.1062154],[-123.2065243,46.106127],[-123.2062922,46.1057317],[-123.2062603,46.1056773],[-123.2062041,46.1056084],[-123.2060555,46.105447],[-123.2058097,46.1052056],[-123.2054955,46.1049777],[-123.2047623,46.1045293],[-123.2043341,46.1043225],[-123.2042589,46.1042862],[-123.2039284,46.1041266],[-123.2031594,46.1036861],[-123.2019753,46.1030409],[-123.2017056,46.102894],[-123.2015133,46.102799],[-123.201404,46.1027433],[-123.2010828,46.1026127],[-123.2005978,46.1024321],[-123.2000612,46.1022627],[-123.1996638,46.1021548],[-123.199151,46.102056],[-123.19865,46.1019752],[-123.1986123,46.1019715],[-123.1979946,46.1019105],[-123.1976146,46.1018978],[-123.1972096,46.1018843],[-123.1970196,46.1018886],[-123.1959742,46.1019122],[-123.1953332,46.1019267],[-123.1937532,46.1019844],[-123.1926963,46.1020067],[-123.19151,46.1020333],[-123.1908778,46.1020565],[-123.189953,46.102093],[-123.1884666,46.1021516],[-123.1873311,46.1022341],[-123.1847079,46.1024861],[-123.1817341,46.1028426],[-123.1800252,46.1029259],[-123.1779716,46.1028896],[-123.1769752,46.1029176],[-123.1759868,46.1030012],[-123.1735451,46.1034262],[-123.1724722,46.1035229],[-123.1718238,46.1035279],[-123.1711689,46.1034954],[-123.1686557,46.1033253],[-123.168009,46.1032551],[-123.1673868,46.1031435],[-123.1668503,46.1029798],[-123.1662066,46.1026748],[-123.1657667,46.1023029],[-123.1645139,46.1008907],[-123.1639535,46.1003687],[-123.163536,46.1000867],[-123.1630476,46.0998733],[-123.1627519,46.0997363],[-123.161797,46.0995131],[-123.159508,46.0991299],[-123.1583718,46.0988957],[-123.1496627,46.0969142],[-123.1477301,46.0965398],[-123.1356879,46.0944936],[-123.1304016,46.0935906],[-123.1294464,46.0934585],[-123.1285666,46.0933649],[-123.1276196,46.0933238],[-123.1264894,46.0933461],[-123.1254855,46.0934261],[-123.1236896,46.0937294],[-123.1204268,46.09441],[-123.1164702,46.0952355],[-123.1139219,46.0957673],[-123.1129719,46.0959252],[-123.1121564,46.0960381],[-123.1109797,46.0960916],[-123.10979,46.0960474],[-123.1087664,46.0959193],[-123.1033291,46.0949388],[-123.099981,46.094335],[-123.0989261,46.0942086],[-123.0977137,46.0941416],[-123.0964974,46.0941766],[-123.0917707,46.0944718],[-123.0891198,46.0946436],[-123.0850956,46.0949044],[-123.0834808,46.095026],[-123.0818951,46.0951764],[-123.0805861,46.0953698],[-123.0785729,46.0958052],[-123.0767534,46.0963247],[-123.0759831,46.096579],[-123.0753449,46.0967896],[-123.0750754,46.0968786],[-123.0745879,46.0970395],[-123.0739042,46.0972609],[-123.0733444,46.0974422],[-123.0709238,46.0982261],[-123.069771,46.098561],[-123.0688173,46.0987753],[-123.0687691,46.0987862],[-123.0677939,46.0989574],[-123.0666547,46.0991102],[-123.0654404,46.0992269],[-123.0641701,46.0992793],[-123.0630662,46.0992752],[-123.0622544,46.0992412],[-123.0601716,46.0990749],[-123.0581421,46.0988982],[-123.0576737,46.0988597],[-123.0571474,46.0988174],[-123.0564507,46.0987613],[-123.0557191,46.0987025],[-123.0540713,46.0985651],[-123.0521967,46.0984088],[-123.050175,46.098249],[-123.0481533,46.0980892],[-123.0474099,46.0980268],[-123.046755,46.0979718],[-123.0452916,46.0978488],[-123.0444761,46.0977803],[-123.0439202,46.0977336],[-123.0425483,46.0976184],[-123.041867,46.0975629],[-123.0412217,46.0975103],[-123.0390013,46.0973295],[-123.0368043,46.0971505],[-123.0326226,46.0968099],[-123.0297002,46.0965719],[-123.0277775,46.0964153],[-123.0255635,46.0962349],[-123.0235273,46.0960691],[-123.0229248,46.09602],[-123.0221304,46.0959553],[-123.0214573,46.0959003],[-123.0208459,46.0958503],[-123.0181378,46.0956403],[-123.0175594,46.095598],[-123.0169795,46.095566],[-123.0163987,46.0955443],[-123.0158172,46.0955329],[-123.0152356,46.0955318],[-123.014654,46.095541],[-123.014073,46.0955606],[-123.0133875,46.095595],[-123.0127039,46.0956441],[-123.0120226,46.0957073],[-123.0113444,46.0957849],[-123.010113,46.0959577],[-123.0088996,46.0961835],[-123.007709,46.0964617],[-123.0065458,46.0967909],[-123.0056842,46.0970655],[-123.0050217,46.0972871],[-123.0041878,46.097609],[-123.0034949,46.0978886],[-123.0023453,46.0983905],[-123.0015885,46.0987131],[-123.0007558,46.0990884],[-123.0003423,46.0992705],[-123.0000683,46.0993837],[-122.9998074,46.0994918],[-122.9993247,46.099676],[-122.9987891,46.099885],[-122.9983681,46.0999718],[-122.9978972,46.1000311],[-122.9975895,46.1000579],[-122.9973576,46.1000626],[-122.9971543,46.1000668],[-122.9968743,46.1000583],[-122.9965101,46.1000295],[-122.9960803,46.0999745],[-122.9955366,46.0998917],[-122.9942457,46.0996644],[-122.993336,46.099519],[-122.9922027,46.0993598],[-122.9905633,46.0991504],[-122.9881158,46.0988507],[-122.9867228,46.0986637],[-122.9850845,46.0984584],[-122.9836699,46.0982935],[-122.9833282,46.0982618],[-122.982753,46.0982316],[-122.9821005,46.0982122],[-122.980623,46.0981884],[-122.9801125,46.0981685],[-122.9797091,46.0981508],[-122.9792778,46.0981104],[-122.9788795,46.0980635],[-122.9784859,46.0979962],[-122.9781512,46.0979244],[-122.977833,46.0978467],[-122.977482,46.0977259],[-122.9771292,46.0975996],[-122.97666,46.0974127],[-122.9757059,46.0969818],[-122.9746036,46.0965113],[-122.9742103,46.0963659],[-122.9737282,46.0962403],[-122.9733642,46.0961496],[-122.9727387,46.0960245],[-122.9714329,46.0958602],[-122.9664789,46.0952773],[-122.9659037,46.095188],[-122.964874,46.0950781],[-122.963704,46.094953],[-122.963488,46.09493],[-122.9633388,46.0949156],[-122.9583497,46.0944361],[-122.9527972,46.0939247],[-122.9518301,46.0938205],[-122.9499701,46.0936201],[-122.9490034,46.0934515],[-122.947821,46.093133],[-122.9468716,46.0928334],[-122.9460915,46.0924891],[-122.9453099,46.0920944],[-122.9439121,46.0912635],[-122.9431672,46.0907951],[-122.9428128,46.0906076],[-122.9424031,46.090429],[-122.942002,46.0902979],[-122.9415515,46.0901969],[-122.94055,46.0900011],[-122.9399076,46.089868],[-122.9397315,46.0898355],[-122.9391608,46.089726],[-122.9378922,46.0894968],[-122.9376454,46.0894523],[-122.9372686,46.0893842],[-122.9370774,46.0893491],[-122.9369155,46.0893193],[-122.9359237,46.0891238],[-122.9348563,46.0889241],[-122.9337908,46.0887177],[-122.9326653,46.0884951],[-122.9315332,46.0882775],[-122.9304085,46.0880557],[-122.9291688,46.0878156],[-122.9288432,46.0877614],[-122.9285068,46.0877108],[-122.9282213,46.087687],[-122.927642,46.0876394],[-122.9271452,46.0875862],[-122.9269031,46.0875547],[-122.9267018,46.0875154],[-122.9264964,46.0874719],[-122.9262363,46.0874021],[-122.9259684,46.087326],[-122.9257159,46.0872417],[-122.9250663,46.0869729],[-122.9229243,46.0860834],[-122.921879,46.0856553],[-122.9210909,46.0853376],[-122.9203775,46.0850756],[-122.9162562,46.0836521],[-122.9158811,46.0835097],[-122.9156172,46.0833944],[-122.9153537,46.0832657],[-122.9150927,46.0831154],[-122.9148092,46.0829327],[-122.914531,46.082735],[-122.9143543,46.082591],[-122.9140677,46.0823378],[-122.9121567,46.0804636],[-122.9093117,46.0776147],[-122.9082315,46.0765419],[-122.9076926,46.0760068],[-122.9072439,46.0755611],[-122.9068813,46.0752009],[-122.9064946,46.0748169],[-122.9057812,46.0741105],[-122.9057755,46.0741049],[-122.9055514,46.0738767],[-122.9052824,46.0736029],[-122.904785,46.0731084],[-122.9012305,46.0695745],[-122.9010501,46.0693952],[-122.898662,46.0670208],[-122.8986497,46.0670086],[-122.8983198,46.0666837],[-122.8981316,46.0664966],[-122.8978705,46.0662242],[-122.8975308,46.0658589],[-122.8972285,46.0655113],[-122.8970284,46.0652608],[-122.8968635,46.0650393],[-122.8968401,46.0650052],[-122.8967146,46.0648377],[-122.8964652,46.0644165],[-122.8962382,46.0640318],[-122.8961945,46.0639436],[-122.8957888,46.0631235],[-122.8956387,46.0627217],[-122.8954979,46.0622637],[-122.8953522,46.0616042],[-122.8952648,46.0610333],[-122.8952306,46.0605722],[-122.8952331,46.0601223],[-122.8952553,46.0595956],[-122.8953256,46.0590321],[-122.8954078,46.0586223],[-122.8955145,46.0581818],[-122.8956117,46.057865],[-122.8961093,46.0565154],[-122.8968163,46.0547681],[-122.8976068,46.052778],[-122.8981341,46.0513774],[-122.898206,46.0510807],[-122.8982602,46.0507546],[-122.8982921,46.0504884],[-122.8983064,46.0502016],[-122.898319,46.0498582],[-122.8982967,46.0477604],[-122.898308,46.0469225],[-122.8983014,46.045867],[-122.8982904,46.0430608],[-122.8982759,46.0423924],[-122.898234,46.0419196],[-122.8981947,46.0415907],[-122.8981324,46.0412553],[-122.8980664,46.0409465],[-122.8978871,46.0403605],[-122.8977525,46.0400044],[-122.8975398,46.0395101],[-122.8974108,46.0392432],[-122.8972543,46.0389589],[-122.8970109,46.0385427],[-122.8966657,46.0380603],[-122.8962126,46.0375053],[-122.8959955,46.0372604],[-122.89567,46.0369232],[-122.8952237,46.0364987],[-122.8944943,46.0358885],[-122.8941597,46.0356198],[-122.8933482,46.034914],[-122.8866908,46.0292227],[-122.8843519,46.0272386],[-122.8840664,46.0269795],[-122.8838857,46.0268112],[-122.8836862,46.0266046],[-122.8835074,46.0263896],[-122.883336,46.0261463],[-122.883187,46.025905],[-122.8830662,46.0256566],[-122.8827454,46.0249201],[-122.8825745,46.0245854],[-122.8824363,46.0243495],[-122.882355,46.0242132],[-122.8822548,46.0240814],[-122.8820884,46.0238906],[-122.8819256,46.023724],[-122.8817197,46.0235315],[-122.8815132,46.023358],[-122.8813383,46.0232262],[-122.8811514,46.0230929],[-122.8809231,46.0229524],[-122.8806315,46.0227938],[-122.8796412,46.0222599],[-122.8794758,46.0221707],[-122.879233,46.022028],[-122.8790002,46.0218627],[-122.8787799,46.0216916],[-122.8785912,46.0215348],[-122.878392,46.021332],[-122.8781114,46.0210372],[-122.8775803,46.0204317],[-122.8771714,46.0200028],[-122.876794,46.0195639],[-122.8763938,46.0190895],[-122.876213,46.0188339],[-122.8760312,46.0185607],[-122.8759177,46.0183356],[-122.875835,46.0181567],[-122.8757614,46.0179743],[-122.8756853,46.0177467],[-122.8756157,46.0174974],[-122.8755642,46.0172517],[-122.875531,46.0170316],[-122.8754227,46.0160495],[-122.8754113,46.0159719],[-122.8752403,46.0143305],[-122.8751848,46.0137976],[-122.8749293,46.0113444],[-122.8748563,46.0104352],[-122.8748479,46.0101723],[-122.8748531,46.0098666],[-122.8748795,46.0095427],[-122.8750756,46.0086272],[-122.8751326,46.0084738],[-122.8752911,46.0080474],[-122.8766133,46.0052779],[-122.87673,46.0050152],[-122.8768201,46.0047943],[-122.8769045,46.0045721],[-122.8769817,46.0043238],[-122.8770379,46.0040954],[-122.8770967,46.0038316],[-122.8774321,46.0017239],[-122.877869,45.9988375],[-122.8778763,45.9981713],[-122.877816,45.997292],[-122.8775092,45.9961376],[-122.8774141,45.9959242],[-122.8771991,45.9954772],[-122.8770833,45.9952724],[-122.8768696,45.9949228],[-122.8765879,45.9945052],[-122.8729743,45.9897949],[-122.8724485,45.9890616],[-122.8722762,45.9887849],[-122.872077,45.9884057],[-122.8718704,45.987929],[-122.871744,45.9875676],[-122.8715434,45.9868553],[-122.8713415,45.9859815],[-122.8710801,45.9848329],[-122.8709629,45.9843988],[-122.8708112,45.9839516],[-122.8704999,45.9831657],[-122.870222,45.9825665],[-122.8700683,45.9822754],[-122.8698582,45.9818828],[-122.8692672,45.9809429],[-122.8688078,45.9803227],[-122.8684196,45.9797988],[-122.8675329,45.9786252],[-122.8669764,45.9778446],[-122.866766,45.9775226],[-122.866578,45.977206],[-122.8664396,45.9769266],[-122.8663272,45.9766544],[-122.8662438,45.9763768],[-122.866174,45.9761092],[-122.8661334,45.9758164],[-122.8661106,45.9754409],[-122.866116,45.9750974],[-122.8661388,45.9748189],[-122.8661925,45.9745541],[-122.8662478,45.9743006],[-122.8663283,45.9740278],[-122.8664089,45.9737661],[-122.8672862,45.9715597],[-122.8677013,45.9705027],[-122.8678586,45.970069],[-122.8679133,45.9698499],[-122.8679446,45.969682],[-122.8679768,45.9695094],[-122.8680044,45.9692679],[-122.8680065,45.9690801],[-122.8680038,45.9688843],[-122.8678899,45.9655898],[-122.8678748,45.9649288],[-122.8678646,45.9644443],[-122.8678915,45.9639185],[-122.8678971,45.9638491],[-122.8679321,45.9635221],[-122.8679922,45.9631121],[-122.8681803,45.9621419],[-122.8682735,45.9615087],[-122.8682879,45.9613185],[-122.8682914,45.9611228],[-122.8682671,45.9608521],[-122.8682215,45.9606917],[-122.868181,45.9605572],[-122.8681353,45.9604456],[-122.8678947,45.9599299],[-122.8678312,45.9598278],[-122.8675919,45.9594799],[-122.8668933,45.9585203],[-122.866669,45.958168],[-122.8664763,45.9578302],[-122.8659837,45.9568578],[-122.8654384,45.9557815],[-122.8648877,45.9546681],[-122.8644285,45.9537563],[-122.8641204,45.9531311],[-122.8639245,45.9526817],[-122.8637989,45.9523151],[-122.8636691,45.9518686],[-122.8635158,45.9513916],[-122.8632986,45.9507848],[-122.8631444,45.9504191],[-122.8616855,45.9477125],[-122.8612166,45.9468413],[-122.8605543,45.9456121],[-122.8603999,45.9453485],[-122.860295,45.9451694],[-122.860176,45.9449759],[-122.860051,45.9448095],[-122.8598941,45.9446255],[-122.8597113,45.944447],[-122.8595291,45.9442789],[-122.8592611,45.9440989],[-122.8590013,45.9439396],[-122.8586213,45.9437387],[-122.8583731,45.9436104],[-122.858269,45.9435566],[-122.8579683,45.943405],[-122.8562712,45.9425495],[-122.8561976,45.9425113],[-122.8555441,45.9421722],[-122.8552639,45.9420268],[-122.8549342,45.9418419],[-122.8545963,45.9416504],[-122.8543263,45.9414821],[-122.8540368,45.9412602],[-122.8537672,45.9410379],[-122.8535449,45.9408288],[-122.8533548,45.9406406],[-122.8500813,45.9372189],[-122.8486973,45.9357954],[-122.8478905,45.9350183],[-122.8475294,45.9346738],[-122.8470024,45.9342222],[-122.8465118,45.9338106],[-122.8461012,45.9334446],[-122.8456571,45.9330275],[-122.8452182,45.9326946],[-122.8447367,45.9322693],[-122.8446234,45.9321723],[-122.8418418,45.9297561],[-122.8406185,45.9287288],[-122.8377804,45.9262363],[-122.8368821,45.9253571],[-122.8357102,45.9242318],[-122.8348033,45.9232544],[-122.8335302,45.9217755],[-122.833469,45.9217049],[-122.8320478,45.9200664],[-122.8311782,45.9190666],[-122.8309277,45.9187785],[-122.8279256,45.9153674],[-122.826754,45.9139703],[-122.826075,45.9131899],[-122.8251285,45.9121128],[-122.8229528,45.9096792],[-122.8218882,45.9084883],[-122.8201549,45.9065108],[-122.8195067,45.9057595],[-122.8191364,45.9053303],[-122.8168282,45.9026547],[-122.816142,45.9018529],[-122.8155582,45.9011918],[-122.8141587,45.8993588],[-122.8135787,45.8983761],[-122.813031,45.8972199],[-122.8126839,45.8963209],[-122.812412,45.8953546],[-122.8119881,45.8931009],[-122.8116829,45.8913524],[-122.8112988,45.8892718],[-122.8111357,45.887972],[-122.8111424,45.8860291],[-122.8111478,45.8853788],[-122.8111711,45.8825621],[-122.8110118,45.8807274],[-122.8108745,45.8795679],[-122.8108491,45.878935],[-122.8109214,45.8783064],[-122.8111132,45.8776062],[-122.811639,45.8767216],[-122.8132723,45.8746558],[-122.8138002,45.8739027],[-122.8141616,45.8731904],[-122.8147606,45.8717629],[-122.8152821,45.870514],[-122.8157411,45.8694273],[-122.8159277,45.8689854],[-122.8161814,45.8683819],[-122.8165533,45.8675041],[-122.8171703,45.8660431],[-122.8180877,45.8638801],[-122.8184501,45.8630315],[-122.8187528,45.8623835],[-122.8190128,45.8619305],[-122.8195422,45.8610467],[-122.8200805,45.8603212],[-122.8203278,45.8600044],[-122.8205454,45.8597385],[-122.8206788,45.8595754],[-122.8212168,45.8589649],[-122.8219764,45.8582069],[-122.8225927,45.8575918],[-122.8228549,45.8573301],[-122.8229146,45.8572697],[-122.8235212,45.8566651],[-122.8238352,45.8563593],[-122.8242406,45.8559653],[-122.8250349,45.8551927],[-122.8258052,45.8544261],[-122.8263796,45.8538567],[-122.8274671,45.8527784],[-122.8279009,45.8523484],[-122.8282113,45.8520406],[-122.8283304,45.8519226],[-122.8284648,45.8517893],[-122.8286838,45.8515721],[-122.8294089,45.8508532],[-122.8298341,45.8504354],[-122.8302681,45.8500089],[-122.8306562,45.8496276],[-122.8312429,45.8490511],[-122.8316069,45.8486612],[-122.8320992,45.8481217],[-122.8322767,45.8479273],[-122.8323572,45.847825],[-122.8326982,45.8473912],[-122.8332921,45.846584],[-122.8342549,45.8449284],[-122.8344783,45.8445187],[-122.8347999,45.843933],[-122.8349848,45.8435959],[-122.8353685,45.8428966],[-122.835735,45.842228],[-122.8361311,45.8415053],[-122.8365183,45.8408002],[-122.8368586,45.8401806],[-122.8375394,45.8389408],[-122.837728,45.8385963],[-122.8380056,45.8380892],[-122.838357,45.8374472],[-122.8386415,45.8369274],[-122.8388407,45.8365628],[-122.8390583,45.8361661],[-122.8393262,45.8356767],[-122.839821,45.8347777],[-122.8399786,45.8344913],[-122.8400956,45.8342851],[-122.8402621,45.8339831],[-122.8410374,45.8325872],[-122.8415614,45.8316436],[-122.8416051,45.8315616],[-122.841988,45.8308435],[-122.8425014,45.8299073],[-122.842805,45.8293536],[-122.8434708,45.8281392],[-122.8436581,45.8277977],[-122.8445576,45.826157],[-122.845126,45.8251219],[-122.8459414,45.8236896],[-122.8461962,45.8232374],[-122.8465227,45.8227066],[-122.8466945,45.8224418],[-122.8469539,45.8220421],[-122.8470927,45.8218486],[-122.8474626,45.8213374],[-122.8475457,45.8212225],[-122.8476585,45.8210654],[-122.8478752,45.8207638],[-122.8482105,45.820297],[-122.8484235,45.8200005],[-122.8491777,45.8189506],[-122.8499371,45.8178797],[-122.8511791,45.8161618],[-122.8530408,45.8135867],[-122.8534904,45.8129648],[-122.8543698,45.8117272],[-122.8549612,45.8108959],[-122.8553439,45.8103651],[-122.8560138,45.8094499],[-122.8569228,45.808185],[-122.8570786,45.8079682],[-122.8574279,45.8074818],[-122.8581734,45.8064415],[-122.8583519,45.8061923],[-122.8590545,45.8052128],[-122.859643,45.8044356],[-122.8598088,45.8042288],[-122.8601657,45.8038098],[-122.8604728,45.8034906],[-122.8607531,45.8032154],[-122.8614712,45.8025112],[-122.8618336,45.8022025],[-122.8624648,45.801665],[-122.8633087,45.8009275],[-122.8634006,45.8008394],[-122.8635935,45.8006547],[-122.8639733,45.8002662],[-122.8642628,45.799948],[-122.8646518,45.7994574],[-122.8649577,45.7990474],[-122.8652041,45.7986706],[-122.8652199,45.7986464],[-122.8653894,45.7983794],[-122.8655945,45.798028],[-122.8656123,45.7979975],[-122.865648,45.7979365],[-122.8661592,45.7970744],[-122.8664927,45.7965123],[-122.8667192,45.7961305],[-122.867234,45.7952626],[-122.869207,45.7918838],[-122.8698118,45.7908218],[-122.8701778,45.7901511],[-122.8706318,45.7892773],[-122.8711471,45.788246],[-122.8719922,45.7865825],[-122.8727611,45.785069],[-122.8736495,45.7833202],[-122.8742781,45.7820828],[-122.8752202,45.780228],[-122.8753669,45.7799226],[-122.8758494,45.7789664],[-122.8766276,45.7774241],[-122.8768574,45.7769687],[-122.8771799,45.7763289],[-122.8780891,45.7745277],[-122.8787893,45.7731398],[-122.8788532,45.7729789],[-122.8789777,45.7726657],[-122.8791029,45.7722485],[-122.8792016,45.7719111],[-122.8792609,45.7716089],[-122.8792762,45.7714999],[-122.8792967,45.7712783],[-122.8792951,45.7709924],[-122.8792627,45.7705179],[-122.8792613,45.7704977],[-122.8791875,45.7696388],[-122.879141,45.769098],[-122.879086,45.7684587],[-122.8790101,45.767576],[-122.8789217,45.7665844],[-122.8788938,45.766209],[-122.878841,45.7654984],[-122.8787712,45.7647023],[-122.8787043,45.7640808],[-122.8786854,45.763905],[-122.8786454,45.7635337],[-122.8786199,45.7633228],[-122.8786083,45.7632273],[-122.8786018,45.7631451],[-122.8785788,45.7628534],[-122.878429,45.7609597],[-122.8783138,45.7597388],[-122.8782414,45.7590576],[-122.8782084,45.7587368],[-122.878177,45.7584324],[-122.8781068,45.7577408],[-122.8780464,45.7571237],[-122.8779912,45.7564602],[-122.8779741,45.7562823],[-122.8779455,45.7559754],[-122.8779004,45.7554971],[-122.8778639,45.7551107],[-122.8778538,45.7549662],[-122.8778323,45.7547535],[-122.8778022,45.7544564],[-122.8777226,45.7536215],[-122.8776782,45.7530962],[-122.8776032,45.7522092],[-122.8775447,45.7515404],[-122.8775153,45.7512042],[-122.8774686,45.7506696],[-122.8774403,45.7503552],[-122.8774249,45.7501694],[-122.8773973,45.7498539],[-122.87736,45.7494561],[-122.87732,45.7490268],[-122.8772898,45.7487033],[-122.8772333,45.7480979],[-122.8772018,45.7477234],[-122.8771758,45.7474132],[-122.8771444,45.7470722],[-122.8771278,45.7468913],[-122.87712,45.7468062],[-122.8770465,45.7459966],[-122.8770089,45.7455826],[-122.8769649,45.7450974],[-122.8769194,45.7445959],[-122.8768348,45.7436633],[-122.8767737,45.7429893],[-122.8766309,45.7413922],[-122.8765239,45.7401921],[-122.8764828,45.7397308],[-122.876435,45.7391945],[-122.8762587,45.7366981],[-122.876146,45.7351027],[-122.8760943,45.7335346],[-122.8760345,45.7320552],[-122.8759761,45.7312826],[-122.8758675,45.7291448],[-122.8758426,45.7286555],[-122.8758335,45.7282854],[-122.8758063,45.7278357],[-122.8758033,45.7277786],[-122.875784,45.7274151],[-122.875725,45.7263022],[-122.8756996,45.7258313],[-122.8756856,45.7255595],[-122.8756472,45.7248365],[-122.8756116,45.7241664],[-122.875592,45.7237949],[-122.875572,45.7234368],[-122.8755472,45.7227942],[-122.8755419,45.7226616],[-122.8755296,45.7223569],[-122.875506,45.7217274],[-122.8754897,45.7213045],[-122.8754596,45.7201737],[-122.875421,45.719282],[-122.8753931,45.7187353],[-122.875305,45.718161],[-122.8752387,45.7177188],[-122.8750994,45.7169497],[-122.874909,45.716147],[-122.874673,45.715248],[-122.8744868,45.7144967],[-122.8744621,45.7144],[-122.8738648,45.7120647],[-122.8737221,45.7115066],[-122.8726358,45.7072584],[-122.8719318,45.7044844],[-122.871326,45.7002357],[-122.8712251,45.6992165],[-122.8711688,45.6976306],[-122.8711722,45.6970111],[-122.8712265,45.6961424],[-122.8713271,45.6949915],[-122.8713911,45.694254],[-122.8714666,45.6933849],[-122.8715974,45.6920321],[-122.8717682,45.6910584],[-122.871813,45.690803],[-122.872525,45.6878336],[-122.873237,45.684893],[-122.8735941,45.6835093],[-122.8739215,45.6822209],[-122.8741372,45.6812791],[-122.8742298,45.6806643],[-122.8742393,45.6799476],[-122.8742412,45.6798033],[-122.8742181,45.6795992],[-122.874059,45.6787949],[-122.873788,45.6779213],[-122.8735292,45.6772438],[-122.8732368,45.6765898],[-122.8730019,45.6761034],[-122.8720033,45.6742215],[-122.8715238,45.6733106],[-122.8699279,45.6703221],[-122.8694249,45.669569],[-122.8690634,45.6691062],[-122.8686788,45.6686397],[-122.8652872,45.6644706],[-122.8642803,45.6632386],[-122.8635526,45.6623767],[-122.8630641,45.6617885],[-122.8616501,45.6603991],[-122.8610436,45.6598227],[-122.8601789,45.659001],[-122.8581315,45.6570367],[-122.857766,45.656686],[-122.8559869,45.655208],[-122.8556505,45.6549285],[-122.8552496,45.6545955],[-122.8545968,45.654056],[-122.8538598,45.6534539],[-122.8533876,45.653066],[-122.8525838,45.6524314],[-122.8522601,45.6521952],[-122.8516155,45.6517306],[-122.8515519,45.6516888],[-122.8513026,45.6515276],[-122.8508843,45.6512486],[-122.8501088,45.650731],[-122.8500574,45.6506977],[-122.8490594,45.6500409],[-122.8488065,45.6498745],[-122.8486788,45.6497895],[-122.8483423,45.6495654],[-122.847517,45.6490159],[-122.8464108,45.6483433],[-122.8463572,45.6483158],[-122.845858,45.6480599],[-122.845297,45.647797],[-122.8442785,45.6473823],[-122.8437575,45.6471701],[-122.8434867,45.6470541],[-122.843135,45.6469035],[-122.8426898,45.6466943],[-122.8425582,45.646627],[-122.8423401,45.6465154],[-122.8419665,45.646297],[-122.8415691,45.6460282],[-122.8413442,45.6458764],[-122.8406987,45.6453742],[-122.8394486,45.644387],[-122.8392134,45.6442029],[-122.8385176,45.6436583],[-122.8362448,45.6418542],[-122.8354891,45.6411909],[-122.8341443,45.6398454],[-122.8336788,45.6393837],[-122.8331898,45.6389468],[-122.8325204,45.6384123],[-122.8306781,45.6370299],[-122.8297627,45.6363442],[-122.8289121,45.6356667],[-122.8277168,45.634666],[-122.8265313,45.6336548],[-122.8260527,45.6332532],[-122.8256232,45.6328476],[-122.8250749,45.6322835],[-122.8245559,45.6317218],[-122.8243156,45.6314347],[-122.823837,45.6308442],[-122.8235276,45.6304302],[-122.8231542,45.6299339],[-122.8229657,45.6296925],[-122.8227602,45.6294479],[-122.8224415,45.6291188],[-122.8222105,45.628921],[-122.8221172,45.6288488],[-122.8216957,45.6285429],[-122.8213348,45.6283026],[-122.8198697,45.6273806],[-122.8193078,45.627027],[-122.8187119,45.626652],[-122.8185017,45.6265163],[-122.8180809,45.6262389],[-122.8175284,45.6258705],[-122.8170165,45.6255409],[-122.8165577,45.6252455],[-122.8154044,45.6243873],[-122.814707,45.6238911],[-122.8142121,45.623531],[-122.8137454,45.6231727],[-122.8133136,45.6228303],[-122.8129287,45.6224993],[-122.81258,45.6221944],[-122.8123802,45.622004],[-122.8121308,45.6217658],[-122.8117861,45.6214197],[-122.8113676,45.6209653],[-122.8110044,45.6206311],[-122.8106045,45.6202659],[-122.8103235,45.6200418],[-122.81003,45.6198334],[-122.8095334,45.6195135],[-122.8090344,45.6192021],[-122.8069199,45.6179001],[-122.8068321,45.6178477],[-122.8064325,45.6176038],[-122.8015276,45.6145878],[-122.7998291,45.6135401],[-122.7987721,45.6128711],[-122.7983711,45.6125838],[-122.7979681,45.6122639],[-122.7976553,45.6119975],[-122.7973106,45.6116838],[-122.7968845,45.6112965],[-122.7959098,45.6103846],[-122.7934479,45.6080856],[-122.7931603,45.607828],[-122.7927146,45.6074052],[-122.7922887,45.6069791],[-122.7918299,45.6064902],[-122.7913325,45.6059165],[-122.7905953,45.6050172],[-122.7904066,45.6048879],[-122.7901988,45.6046296],[-122.7901211,45.6044678],[-122.7894258,45.6036173],[-122.7891443,45.6032761],[-122.7880323,45.601923],[-122.7877736,45.6015927],[-122.7875418,45.6012784],[-122.78738,45.6010346],[-122.7871524,45.6006671],[-122.7867454,45.5999955],[-122.7865379,45.5996734],[-122.7863187,45.5993543],[-122.7858959,45.598788],[-122.7858592,45.5987366],[-122.7857836,45.5986354],[-122.7855516,45.5983325],[-122.7844467,45.5968578],[-122.7843719,45.5967518],[-122.7837268,45.5959004],[-122.7836036,45.5958359],[-122.7831196,45.5951862],[-122.7828883,45.59488],[-122.7826492,45.5945754],[-122.7826455,45.5944736],[-122.7822715,45.5940234],[-122.7820773,45.5937964],[-122.7818799,45.5935703],[-122.7817557,45.593517],[-122.7816678,45.5934177],[-122.7814005,45.5931406],[-122.7810559,45.5927909],[-122.7810393,45.5926906],[-122.7808548,45.5925072],[-122.7804481,45.592109],[-122.7802919,45.5919573],[-122.7801596,45.5919124],[-122.7797964,45.5915609],[-122.7795429,45.5913118],[-122.7793,45.5910769],[-122.7792779,45.5909839],[-122.7788068,45.5905925],[-122.7784951,45.5903313],[-122.7782797,45.5901817],[-122.77813,45.5900926],[-122.7777342,45.5898543],[-122.7773937,45.5896623],[-122.7765681,45.5892085],[-122.775341,45.5885445],[-122.7744687,45.5880708],[-122.774119,45.587875],[-122.7737461,45.5876573],[-122.7735219,45.5875346],[-122.773044,45.5872572],[-122.7727131,45.5870182],[-122.7724473,45.5868194],[-122.77179,45.5862353],[-122.7713241,45.5858096],[-122.770892,45.5854599],[-122.7707741,45.5853757],[-122.7706277,45.5852778],[-122.7704489,45.5851683],[-122.7700544,45.5849449],[-122.7691603,45.5844263],[-122.7688927,45.5842405],[-122.7686478,45.5840503],[-122.7674439,45.5829652],[-122.7669082,45.5824756],[-122.7663033,45.5819227],[-122.7662106,45.5818421],[-122.7652817,45.5810053],[-122.7643634,45.5801611],[-122.7639239,45.5797346],[-122.7634894,45.579304],[-122.7626326,45.5784394],[-122.7616852,45.5774551],[-122.7609333,45.576668],[-122.7597168,45.5754001],[-122.7596131,45.5753035],[-122.7595533,45.5752471],[-122.7594384,45.5751397],[-122.7589631,45.5746366],[-122.7580889,45.5737115],[-122.7567249,45.5722816],[-122.7565139,45.5720525],[-122.7563252,45.5718239],[-122.7561028,45.5715116],[-122.7558673,45.5711487],[-122.7556256,45.570777],[-122.7553783,45.5704652],[-122.7552409,45.5703066],[-122.7550947,45.5701527],[-122.7547782,45.5698541],[-122.7545964,45.5697011],[-122.7544057,45.569552],[-122.754019,45.5692796],[-122.7536006,45.5689971],[-122.7523846,45.5681758],[-122.7517083,45.5677191],[-122.7513171,45.5674549],[-122.751083,45.5672968],[-122.7497738,45.5664126],[-122.7492187,45.5660381],[-122.7490648,45.5659342],[-122.7482865,45.56541],[-122.7476359,45.5649625],[-122.7466526,45.5642709],[-122.7460217,45.563811],[-122.7455396,45.5634484],[-122.7451343,45.5631287],[-122.7446117,45.5627117],[-122.7440982,45.562303],[-122.7438092,45.5620699],[-122.7435787,45.5618841],[-122.7430828,45.5614887],[-122.7428358,45.5612899],[-122.7426692,45.5612263],[-122.742223,45.5608542],[-122.7418068,45.5605322],[-122.7404973,45.5595231],[-122.740076,45.5592048],[-122.7395781,45.5588197],[-122.7385329,45.5580145],[-122.7383444,45.557885],[-122.7381307,45.5577495],[-122.7379123,45.5576231],[-122.737695,45.5575066],[-122.737432,45.5573839],[-122.7371614,45.5572737],[-122.7363792,45.5569827],[-122.7361256,45.5568811],[-122.7358485,45.5567564],[-122.7355196,45.5565859],[-122.7352925,45.5564561],[-122.7351113,45.5563411],[-122.7350741,45.5562499],[-122.7349618,45.5561668],[-122.7348315,45.556058],[-122.7348013,45.5560317],[-122.7347429,45.5559809],[-122.7345318,45.5557974],[-122.734335,45.5556225],[-122.7342676,45.5555626],[-122.7341111,45.555445],[-122.733838,45.5552557],[-122.733561,45.5550905],[-122.7333316,45.5549679],[-122.7330778,45.5548524],[-122.7326614,45.5546835],[-122.7318796,45.5543665],[-122.7313954,45.5541702],[-122.7312319,45.5541033],[-122.7308507,45.5539473],[-122.7305097,45.5538079],[-122.7301742,45.5536707],[-122.7299011,45.553559],[-122.7296044,45.5534376],[-122.7285392,45.5530019],[-122.7270208,45.5523825],[-122.726943,45.552351],[-122.7267402,45.5522693],[-122.7259518,45.5519471],[-122.7257285,45.5518559],[-122.7254026,45.5517227],[-122.725206,45.5516424],[-122.7247866,45.551471],[-122.7246759,45.5514281],[-122.7244963,45.5513585],[-122.7244324,45.5513338],[-122.7243142,45.5512882],[-122.7241196,45.5512201],[-122.7239776,45.5511709],[-122.723783,45.551111],[-122.7232008,45.5509422],[-122.7230038,45.5508825],[-122.7229121,45.5508521],[-122.7228539,45.5508333],[-122.7228039,45.5508169],[-122.7226771,45.5508285],[-122.7225392,45.5507813],[-122.7222588,45.5506825],[-122.7216037,45.5504381],[-122.7201992,45.5499238],[-122.7191908,45.5495555],[-122.7187653,45.5493402],[-122.718186,45.5491308],[-122.7175393,45.5488941],[-122.7154502,45.548127],[-122.7133489,45.5473604],[-122.7126647,45.5471071],[-122.7124853,45.5470416],[-122.7122288,45.5469552],[-122.7119037,45.5468564],[-122.7117075,45.5468041],[-122.7113975,45.5467182],[-122.710957,45.5465962],[-122.7107916,45.5465504],[-122.7105864,45.546495],[-122.7103456,45.5464259],[-122.7095784,45.5461882],[-122.7093578,45.546119],[-122.7087884,45.5459404],[-122.7084471,45.5458334],[-122.7078607,45.5456523],[-122.7075657,45.5455612],[-122.7073358,45.5454902],[-122.706982,45.5453809],[-122.7066969,45.5452914],[-122.705988,45.5450689],[-122.7056846,45.5449756],[-122.7054803,45.5449127],[-122.7053349,45.544868],[-122.70474,45.544685],[-122.704691,45.54467],[-122.7044174,45.5445858],[-122.7040568,45.5444749],[-122.7037959,45.5443946],[-122.7035874,45.5443245],[-122.7034893,45.5442913],[-122.7034071,45.5442602],[-122.7033334,45.5442297],[-122.7032725,45.5442033],[-122.7031256,45.5441345],[-122.7028442,45.5439728],[-122.7026971,45.5438746],[-122.7024795,45.5437297],[-122.7022397,45.5435733],[-122.7019222,45.5433663],[-122.7013784,45.5430117],[-122.7011051,45.5428334],[-122.7008442,45.542662],[-122.7003205,45.5423179],[-122.6996877,45.5418991],[-122.6995047,45.5418585],[-122.6992489,45.5416891],[-122.6990916,45.5415871],[-122.6989782,45.5415111],[-122.6988703,45.5414333],[-122.6987761,45.5413544],[-122.6986834,45.5412589],[-122.6986764,45.5412501],[-122.6985886,45.5411401],[-122.6985181,45.5410195],[-122.6984588,45.5408662],[-122.6984296,45.5407566],[-122.6984142,45.5406757],[-122.698405,45.5405903],[-122.6983939,45.5401853],[-122.6983435,45.539612],[-122.6983145,45.5389782],[-122.69831,45.538885],[-122.6982888,45.5387371],[-122.6982673,45.5386138],[-122.6982257,45.5384494],[-122.6981773,45.5382769],[-122.6981331,45.5381655],[-122.698049,45.5380172],[-122.6979736,45.5379029],[-122.6978347,45.5377278],[-122.6976535,45.5375413],[-122.6974615,45.5373854],[-122.6974147,45.5373532],[-122.697247,45.537238],[-122.6971124,45.5371607],[-122.6968919,45.5370475],[-122.6966821,45.5369609],[-122.6964247,45.5368705],[-122.6962476,45.5368157],[-122.6960292,45.536754],[-122.6955537,45.5366372],[-122.6952817,45.5365732],[-122.6948438,45.5364717],[-122.693927,45.536283],[-122.6931484,45.5360853],[-122.6930282,45.5360537],[-122.6928934,45.5360147],[-122.6927336,45.5359647],[-122.6922776,45.53582],[-122.6917096,45.535635],[-122.6913522,45.5355624],[-122.6895134,45.5349718],[-122.6893676,45.5349263],[-122.6892357,45.534888],[-122.6890668,45.5348456],[-122.6889669,45.5348233],[-122.688854,45.5348015],[-122.6887549,45.5347837],[-122.6886331,45.5347653],[-122.6884797,45.5347495],[-122.6883147,45.5347398],[-122.6881427,45.5347371],[-122.6879784,45.5347422],[-122.6878274,45.5347536],[-122.6876822,45.5347694],[-122.6875202,45.5347974],[-122.6873995,45.5348197],[-122.6872449,45.5348571],[-122.6870454,45.5349164],[-122.6869567,45.5349477],[-122.6868561,45.5349863],[-122.6867866,45.5350157],[-122.6867038,45.5350537],[-122.6865985,45.5351054],[-122.6865303,45.5351423],[-122.6864299,45.5351924],[-122.6862477,45.5352588],[-122.6858401,45.5355905],[-122.6853311,45.5360055],[-122.6851134,45.5361807],[-122.684382,45.5367843],[-122.6825975,45.5382466],[-122.6814082,45.5392212],[-122.6807251,45.5397805],[-122.6800203,45.5403622],[-122.6796447,45.5406884],[-122.6795021,45.5408774],[-122.6792202,45.5411349],[-122.67902,45.5413358],[-122.6788281,45.5415528],[-122.6786309,45.541791],[-122.67804,45.542525],[-122.6779755,45.5425953],[-122.6779285,45.5426414],[-122.6777966,45.5427602],[-122.677621,45.5429067],[-122.6774458,45.5430242],[-122.6771398,45.5431923],[-122.6767853,45.5433348],[-122.6765964,45.5433963],[-122.6764061,45.5434459],[-122.676268,45.543474],[-122.6761494,45.5434936],[-122.6759543,45.543524],[-122.6757712,45.5435451],[-122.6755465,45.5435529],[-122.6752932,45.5435494],[-122.6750781,45.5435382],[-122.6749391,45.5435227],[-122.6748238,45.5435042],[-122.674623,45.5434675],[-122.6743924,45.5434133],[-122.6741045,45.5433227],[-122.6738592,45.5432229],[-122.6736093,45.543101],[-122.6734511,45.5430016],[-122.673269,45.542884],[-122.673115,45.5427647],[-122.672952,45.542619],[-122.672674,45.542318],[-122.6722981,45.5418242],[-122.6719127,45.5413568],[-122.6714837,45.5408212],[-122.6714597,45.5407829],[-122.6714295,45.5407241],[-122.6713693,45.5405577],[-122.6709013,45.5400257],[-122.6705892,45.5396569],[-122.6700787,45.5390523],[-122.6697735,45.5386532],[-122.6689044,45.5376139],[-122.6685986,45.5372447],[-122.6683076,45.5368976],[-122.6679764,45.536497],[-122.6672731,45.5356572],[-122.6669537,45.5352774],[-122.6665752,45.5348132],[-122.6663837,45.534555],[-122.6661984,45.5342799],[-122.6660197,45.533986],[-122.6658556,45.5336873],[-122.6657455,45.53346],[-122.6656422,45.5332292],[-122.6655678,45.5330508],[-122.6654924,45.5328406],[-122.6653601,45.5323994],[-122.665279,45.5320191],[-122.6652474,45.5318546],[-122.6652157,45.5316268],[-122.6651516,45.5310002],[-122.6651528,45.5300418],[-122.6651509,45.5298042],[-122.6651546,45.5293047],[-122.6651623,45.5291283],[-122.6651051,45.5289659],[-122.6650935,45.5288994],[-122.6650745,45.5286196],[-122.6650309,45.5280999],[-122.6650163,45.5279859],[-122.6649998,45.5278738],[-122.6649787,45.5277579],[-122.6649515,45.527641],[-122.66492,45.5275235],[-122.6648828,45.5274077],[-122.6648462,45.5273045],[-122.6648029,45.5271983],[-122.6647549,45.5270897],[-122.6647074,45.5269912],[-122.6646479,45.5268792],[-122.6645839,45.5267707],[-122.6644458,45.5265499],[-122.6643256,45.5263986],[-122.6642449,45.5263241],[-122.6642094,45.5262799],[-122.6641226,45.526179],[-122.6640541,45.5261092],[-122.6639593,45.5260227],[-122.6638595,45.5259431],[-122.6637445,45.5258575],[-122.6635961,45.525762],[-122.6634949,45.5257035],[-122.6633658,45.5256445],[-122.6632421,45.5255949],[-122.6630941,45.5255431],[-122.6629479,45.5255025],[-122.6627992,45.5254667],[-122.6626579,45.5254402],[-122.6625108,45.5254199],[-122.662379,45.5254069],[-122.6621887,45.5254001],[-122.6617333,45.5254029],[-122.6614695,45.5254492],[-122.661321,45.5254833],[-122.6611057,45.5255419],[-122.6608963,45.5256088],[-122.6606722,45.5256893],[-122.6604733,45.5257722],[-122.6603366,45.5258313],[-122.6600877,45.5259476],[-122.6598287,45.5260729],[-122.659568,45.5262016],[-122.6579048,45.5270228],[-122.6576406,45.5271494],[-122.6573767,45.5272713],[-122.6571177,45.5273863],[-122.6568406,45.5275036],[-122.6565713,45.527612],[-122.6562982,45.5277187],[-122.6560196,45.527821],[-122.6557441,45.5279169],[-122.6554511,45.5280122],[-122.6551699,45.5280994],[-122.6548801,45.5281863],[-122.6545844,45.528269],[-122.6542917,45.5283475],[-122.6539885,45.5284265],[-122.6523524,45.5288484],[-122.6498598,45.529495],[-122.6496448,45.5295493],[-122.6494145,45.529606],[-122.6491971,45.5296569],[-122.6489738,45.5297043],[-122.6487436,45.529749],[-122.6485097,45.5297902],[-122.6482872,45.5298237],[-122.6480461,45.5298539],[-122.6478312,45.5298753],[-122.6475989,45.5298972],[-122.6473471,45.5299163],[-122.6471102,45.529931],[-122.6468797,45.5299434],[-122.646034,45.5299833],[-122.6414929,45.5301981],[-122.6382087,45.5303533],[-122.6371327,45.5304103],[-122.6368999,45.5304226],[-122.63667,45.5304378],[-122.6364271,45.5304574],[-122.6361883,45.5304829],[-122.6359615,45.5305147],[-122.6357323,45.5305565],[-122.6355083,45.530604],[-122.6352865,45.5306639],[-122.6350734,45.5307293],[-122.634861,45.5308046],[-122.6346739,45.5308841],[-122.6344786,45.5309812],[-122.6343,45.5310825],[-122.6341261,45.5311885],[-122.6339594,45.5313059],[-122.6338054,45.531429],[-122.6336552,45.5315592],[-122.6335246,45.5316854],[-122.6333898,45.5318264],[-122.633265,45.5319627],[-122.6331424,45.5321039],[-122.6330184,45.5322489],[-122.6326586,45.532672],[-122.6325406,45.5328089],[-122.6324125,45.5329494],[-122.6322732,45.5330886],[-122.6321349,45.5332226],[-122.6319871,45.5333542],[-122.6318354,45.5334796],[-122.6316724,45.5336016],[-122.631503,45.5337124],[-122.6313148,45.533822],[-122.6311232,45.5339188],[-122.6309199,45.5340115],[-122.6307212,45.5340887],[-122.630504,45.5341629],[-122.6302877,45.5342233],[-122.6300661,45.5342752],[-122.6298379,45.534317],[-122.6295986,45.5343493],[-122.6293647,45.5343705],[-122.6291346,45.5343796],[-122.628898,45.5343796],[-122.6286704,45.5343702],[-122.6284271,45.5343508],[-122.6281912,45.5343243],[-122.6279598,45.5342922],[-122.6277327,45.5342544],[-122.6274341,45.5341955],[-122.627132,45.534133],[-122.626826,45.5340637],[-122.6192327,45.5323124],[-122.6189348,45.532241],[-122.6186459,45.5321669],[-122.618352,45.5320858],[-122.6180647,45.531999],[-122.6177828,45.5319074],[-122.6175047,45.5318054],[-122.6172321,45.531696],[-122.6169608,45.5315759],[-122.6167074,45.5314526],[-122.6164567,45.5313203],[-122.6162146,45.5311833],[-122.6159779,45.5310433],[-122.6157418,45.5308962],[-122.6155098,45.5307489],[-122.6145731,45.5301413],[-122.6125068,45.5288047],[-122.6122772,45.5286636],[-122.6120344,45.5285192],[-122.6117933,45.5283852],[-122.6115436,45.5282539],[-122.6112805,45.528128],[-122.6110165,45.5280172],[-122.6107365,45.5279106],[-122.61046,45.5278171],[-122.610172,45.5277336],[-122.6098728,45.5276576],[-122.6095752,45.527592],[-122.6092711,45.5275379],[-122.6089862,45.5274938],[-122.6086692,45.5274576],[-122.6083472,45.5274266],[-122.6082763,45.5274221],[-122.6080081,45.5274039],[-122.6077255,45.527396],[-122.6074204,45.527397],[-122.607103,45.5274066],[-122.6067904,45.5274236],[-122.6064819,45.5274502],[-122.6061725,45.527486],[-122.6058666,45.5275326],[-122.6055584,45.5275868],[-122.6052605,45.5276523],[-122.6049821,45.5277206],[-122.6046884,45.527803],[-122.6044022,45.5278945],[-122.6041202,45.5279934],[-122.603842,45.5281022],[-122.6035745,45.5282157],[-122.6033213,45.528331],[-122.6030598,45.5284576],[-122.6028138,45.528583],[-122.6025625,45.5287145],[-122.6009455,45.5295825],[-122.6006356,45.5297517],[-122.6003193,45.5299209],[-122.6000075,45.5300867],[-122.599678,45.5302594],[-122.5993112,45.5304472],[-122.5988076,45.5307042],[-122.5982865,45.530971],[-122.5977873,45.5312286],[-122.5961548,45.5320723],[-122.5913744,45.5345375],[-122.5911164,45.5346676],[-122.5908591,45.5347915],[-122.590601,45.5349114],[-122.5903286,45.5350275],[-122.5900413,45.5351403],[-122.5897636,45.5352377],[-122.5894812,45.5353282],[-122.5891906,45.5354089],[-122.5888892,45.535482],[-122.5885868,45.5355442],[-122.5882698,45.535597],[-122.5879633,45.5356382],[-122.5876491,45.5356725],[-122.5873345,45.5356955],[-122.5870255,45.5357083],[-122.5867141,45.5357114],[-122.5864044,45.5357057],[-122.5860871,45.5356893],[-122.5857682,45.5356599],[-122.5854591,45.5356239],[-122.585159,45.5355789],[-122.5848532,45.5355221],[-122.5845517,45.5354557],[-122.5842608,45.5353797],[-122.5839685,45.5352969],[-122.5836776,45.5352041],[-122.5833958,45.5351061],[-122.583126,45.5350073],[-122.5828472,45.5349009],[-122.5825755,45.5347929],[-122.5821759,45.5346316],[-122.5817587,45.5344658],[-122.5813446,45.5343081],[-122.5809213,45.5341541],[-122.5805069,45.5340084],[-122.580084,45.5338614],[-122.577836,45.5330848],[-122.5752765,45.5321854],[-122.5750344,45.5321052],[-122.5747582,45.5320191],[-122.5744627,45.5319342],[-122.5741712,45.531858],[-122.5738804,45.5317876],[-122.5735872,45.5317259],[-122.5732765,45.5316687],[-122.5729675,45.5316176],[-122.572667,45.5315747],[-122.5723658,45.5315399],[-122.5720491,45.5315095],[-122.5717358,45.5314876],[-122.5714169,45.5314728],[-122.5711003,45.5314646],[-122.5707945,45.531463],[-122.5703114,45.5314791],[-122.5692432,45.5315581],[-122.5689384,45.5315916],[-122.5686378,45.5316352],[-122.5683455,45.5316873],[-122.5680667,45.5317417],[-122.5677756,45.5318058],[-122.5674988,45.531873],[-122.5671978,45.5319515],[-122.5669273,45.5320307],[-122.5666331,45.5321224],[-122.5663559,45.532218],[-122.5660862,45.5323198],[-122.5658063,45.5324335],[-122.5655432,45.5325468],[-122.5652898,45.5326637],[-122.5650423,45.532785],[-122.5647907,45.5329143],[-122.5645542,45.5330387],[-122.5643008,45.5331772],[-122.5640418,45.5333258],[-122.563818,45.5334605],[-122.5635952,45.5336017],[-122.563358,45.5337577],[-122.5631354,45.5339099],[-122.5629157,45.5340665],[-122.5626974,45.5342267],[-122.5624979,45.5343843],[-122.5622858,45.5345568],[-122.5620892,45.5347232],[-122.5618949,45.5348996],[-122.5617111,45.5350738],[-122.5615341,45.5352612],[-122.5613689,45.5354462],[-122.5612087,45.5356352],[-122.561067,45.5358215],[-122.5609248,45.5360224],[-122.5607899,45.5362287],[-122.5606748,45.5364239],[-122.560572,45.5366259],[-122.5604716,45.5368361],[-122.5603834,45.537053],[-122.5603078,45.5372562],[-122.5602406,45.5374704],[-122.5601813,45.5376861],[-122.5601357,45.5378961],[-122.5600987,45.5381268],[-122.5600714,45.5383368],[-122.5600469,45.5385606],[-122.5599859,45.5392766],[-122.5599361,45.5398892],[-122.5598811,45.5405261],[-122.5598526,45.5408793],[-122.559818,45.5412904],[-122.5597942,45.5415278],[-122.5597686,45.541745],[-122.5597371,45.541956],[-122.5596985,45.5421839],[-122.5596572,45.5424031],[-122.5596115,45.5426201],[-122.5595699,45.5427988],[-122.5595223,45.5429771],[-122.5594684,45.543158],[-122.5594138,45.5433214],[-122.559357,45.5434804],[-122.5592975,45.5436272],[-122.5592267,45.5437907],[-122.5591541,45.5439469],[-122.5590758,45.5441101],[-122.5589995,45.5442533],[-122.5589098,45.5444099],[-122.5588143,45.5445688],[-122.5587121,45.544724],[-122.5586111,45.5448631],[-122.5584987,45.545009],[-122.5583833,45.5451492],[-122.5582615,45.5452873],[-122.558133,45.5454229],[-122.5579998,45.5455541],[-122.5578545,45.5456877],[-122.5576988,45.5458242],[-122.5575506,45.5459477],[-122.5573946,45.5460702],[-122.5572325,45.5461894],[-122.5570619,45.5463055],[-122.5568949,45.546414],[-122.5567141,45.5465245],[-122.5565291,45.5466323],[-122.5563504,45.5467319],[-122.5561609,45.5468323],[-122.5559695,45.5469248],[-122.5557739,45.5470127],[-122.555571,45.547101],[-122.5553652,45.547184],[-122.5551704,45.5472581],[-122.5549554,45.5473335],[-122.5547394,45.5474045],[-122.554536,45.5474651],[-122.5543207,45.5475265],[-122.5540996,45.547584],[-122.553878,45.5476344],[-122.5536576,45.547679],[-122.5534383,45.5477174],[-122.5532054,45.5477527],[-122.5529842,45.5477797],[-122.5527348,45.5478024],[-122.5525012,45.5478192],[-122.5522681,45.5478288],[-122.552024,45.5478334],[-122.5517195,45.5478316],[-122.5513969,45.547819],[-122.5510843,45.5478037],[-122.5507681,45.5477824],[-122.5495376,45.5476932],[-122.5492289,45.5476692],[-122.5489282,45.5476472],[-122.548611,45.5476275],[-122.5475091,45.5475778],[-122.547194,45.5475648],[-122.5468844,45.5475502],[-122.5465782,45.547533],[-122.5462118,45.5475101],[-122.5459496,45.5474906],[-122.5456422,45.5474641],[-122.545337,45.5474366],[-122.5450255,45.5474064],[-122.5447167,45.5473751],[-122.5444067,45.5473448],[-122.5438326,45.5472901],[-122.5432333,45.547235],[-122.5410912,45.547041],[-122.5407888,45.5470136],[-122.5404642,45.5469822],[-122.5401543,45.5469506],[-122.5398408,45.5469155],[-122.5395336,45.5468799],[-122.5392328,45.546844],[-122.538915,45.5468029],[-122.5386185,45.5467647],[-122.538308,45.5467215],[-122.5380118,45.5466802],[-122.5377107,45.5466346],[-122.537381,45.5465844],[-122.5370564,45.5465313],[-122.5367609,45.5464827],[-122.5364871,45.5464358],[-122.5362188,45.5463879],[-122.5359389,45.5463357],[-122.5356523,45.5462821],[-122.5353578,45.5462265],[-122.5317638,45.5455344],[-122.5300102,45.5451967],[-122.529461,45.545103],[-122.527385,45.54474],[-122.521894,45.544107],[-122.516359,45.543497],[-122.5105106,45.5428169],[-122.5098272,45.5427389],[-122.507614,45.542489],[-122.506277,45.542384],[-122.505109,45.542314],[-122.503697,45.542311],[-122.50278,45.542323],[-122.500082,45.542356],[-122.499265,45.542366],[-122.4961453,45.5424152],[-122.4953643,45.5424332],[-122.49074,45.542478],[-122.486693,45.542523],[-122.485811,45.542533],[-122.4847623,45.5425145],[-122.4840499,45.5424965],[-122.4833461,45.5424244],[-122.4814875,45.5422175],[-122.47874,45.5417667],[-122.4775502,45.5415878],[-122.477015,45.5415188],[-122.4757862,45.541384],[-122.4748076,45.5413052],[-122.4738626,45.5412455],[-122.4728901,45.5412064],[-122.4695704,45.541061],[-122.4664595,45.5409274],[-122.465356,45.540867],[-122.4642494,45.5407793],[-122.4632304,45.5406813],[-122.462214,45.540557],[-122.461214,45.5404484],[-122.460147,45.5403103],[-122.45908,45.5401797],[-122.4578976,45.5400322],[-122.4569835,45.5399204],[-122.456358,45.5398352],[-122.4554253,45.5397183],[-122.4546604,45.5396322],[-122.4540699,45.5395685],[-122.453418,45.539514],[-122.4528989,45.539475],[-122.4523176,45.5394414],[-122.4516939,45.5394103],[-122.4513284,45.5393964],[-122.4509246,45.5393852],[-122.4505138,45.5393789],[-122.4498268,45.5393728],[-122.4489407,45.5393812],[-122.4482589,45.5394011],[-122.4476224,45.5394291],[-122.4468446,45.5394751],[-122.4460813,45.5395326],[-122.4454873,45.5395867],[-122.4451851,45.5396156],[-122.4448652,45.5396494],[-122.4443667,45.5397098],[-122.443883,45.5397757],[-122.4433984,45.5398464],[-122.4428501,45.5399351],[-122.4422894,45.5400362],[-122.4417532,45.5401437],[-122.4411901,45.5402648],[-122.4407665,45.5403643],[-122.4403202,45.5404741],[-122.4398304,45.5406013],[-122.4393327,45.5407423],[-122.4382954,45.5410441],[-122.437631,45.5412379],[-122.436979,45.5414152],[-122.4366492,45.5415034],[-122.436269,45.541598],[-122.4359206,45.5416773],[-122.4355279,45.5417577],[-122.4351673,45.5418234],[-122.4348919,45.5418676],[-122.4345842,45.5419097],[-122.4342996,45.5419443],[-122.4339941,45.5419718],[-122.4337434,45.5419881],[-122.4335154,45.5419988],[-122.4333289,45.5420057],[-122.4331135,45.5420104],[-122.4327498,45.5420109],[-122.4323829,45.5419974],[-122.4320718,45.541978],[-122.4317618,45.5419521],[-122.4314555,45.5419201],[-122.4312234,45.5418907],[-122.4308305,45.5418318],[-122.4305775,45.5417886],[-122.4302947,45.5417376],[-122.4295599,45.5415827],[-122.4289066,45.5414253],[-122.4280903,45.5412195],[-122.4257043,45.5405986],[-122.4249635,45.5404116],[-122.4245461,45.5403139],[-122.4243238,45.5402611],[-122.4240645,45.5402055],[-122.4234973,45.5400923],[-122.4231703,45.540032],[-122.422882,45.5399873],[-122.422563,45.5399415],[-122.4222837,45.5399076],[-122.4219282,45.539874],[-122.4215898,45.5398489],[-122.4211777,45.5398282],[-122.4208514,45.5398204],[-122.4205189,45.5398181],[-122.4201808,45.539823],[-122.4198837,45.5398333],[-122.4196053,45.5398481],[-122.4192904,45.5398714],[-122.4190598,45.5398932],[-122.4186717,45.5399354],[-122.4184235,45.53997],[-122.418152,45.5400107],[-122.4177801,45.5400747],[-122.4174914,45.5401323],[-122.4171367,45.5402096],[-122.4167921,45.5402926],[-122.4164126,45.5403956],[-122.4160931,45.5404899],[-122.4157474,45.5406007],[-122.415404,45.540713],[-122.4148261,45.5409163],[-122.4134807,45.541417],[-122.4125032,45.5417812],[-122.4113965,45.5421911],[-122.4105701,45.5424997],[-122.4081049,45.5434179],[-122.4073655,45.5436882],[-122.4069654,45.5438274],[-122.4065787,45.5439502],[-122.4061368,45.5440835],[-122.405854,45.5441648],[-122.4055869,45.5442376],[-122.4051785,45.5443178],[-122.4046218,45.5444312],[-122.4042112,45.5445018],[-122.40379,45.5445611],[-122.4034062,45.5446059],[-122.4029683,45.5446479],[-122.4023468,45.5446984],[-122.4007603,45.5447937],[-122.4002203,45.544823],[-122.3970834,45.544991],[-122.3954743,45.5450792],[-122.3945506,45.5451259],[-122.3937652,45.5451562],[-122.3928341,45.5451783],[-122.3921177,45.5451874],[-122.3912273,45.5451854],[-122.3907553,45.5451786],[-122.3899392,45.5451595],[-122.388971,45.5451231],[-122.3886011,45.5451075],[-122.3881975,45.5450845],[-122.3877679,45.5450586],[-122.3873677,45.5450319],[-122.3865538,45.5449775],[-122.3862884,45.5449602],[-122.3861647,45.544952],[-122.3828692,45.5447237],[-122.3817205,45.5446386],[-122.3814062,45.5446171],[-122.3808845,45.5445784],[-122.379817,45.5445024],[-122.3787213,45.5444245],[-122.3773529,45.54433],[-122.3759406,45.5442306],[-122.3747116,45.5441441],[-122.3716121,45.5439265],[-122.3646539,45.543431],[-122.3603334,45.5431268],[-122.3561428,45.5428333],[-122.3523054,45.5425599],[-122.3483675,45.5422864],[-122.3450887,45.5420562],[-122.344275,45.5419771],[-122.343903,45.5419288],[-122.3435229,45.5418684],[-122.3430327,45.5417841],[-122.3425708,45.5416785],[-122.3420563,45.541564],[-122.3399285,45.5410595],[-122.3374411,45.5404732],[-122.3350453,45.5399083],[-122.334222,45.5397138],[-122.3330896,45.5394462],[-122.3319745,45.5392203],[-122.3308576,45.5390161],[-122.3298942,45.538869],[-122.3291435,45.538774],[-122.3284122,45.5386933],[-122.3276922,45.5386259],[-122.3266752,45.5385501],[-122.325458,45.5384844],[-122.3239325,45.5384326],[-122.3228641,45.5384148],[-122.3214507,45.5384304],[-122.3200424,45.5384695],[-122.3177366,45.5385806],[-122.315364,45.5387411],[-122.3136584,45.5388475],[-122.3111469,45.5390091],[-122.3087833,45.5391699],[-122.3069444,45.5392978],[-122.3060314,45.5393952],[-122.305265,45.5395015],[-122.3047989,45.5395709],[-122.3042142,45.5396665],[-122.303746,45.5397549],[-122.3025314,45.5400112],[-122.3013314,45.5402675],[-122.2992257,45.5407319],[-122.2962345,45.5413456],[-122.2955659,45.5414801],[-122.2948877,45.5415754],[-122.2940104,45.5416605],[-122.2924263,45.5417444],[-122.2903271,45.5418382],[-122.2900201,45.5418512],[-122.2892108,45.5418489],[-122.2846028,45.5415875],[-122.2832545,45.5415417],[-122.2824086,45.5415432],[-122.2815302,45.5415827],[-122.2807563,45.5416571],[-122.2798931,45.5417532],[-122.2789883,45.5418766],[-122.2787304,45.54191],[-122.2770796,45.5421103],[-122.2761536,45.5422113],[-122.2757359,45.5422372],[-122.2753106,45.5422608],[-122.2744498,45.5422185],[-122.2732135,45.5420879],[-122.2725512,45.5420124],[-122.2714419,45.5418974],[-122.2691913,45.5417063],[-122.2680221,45.5416361],[-122.2668138,45.541572],[-122.2652357,45.5415312],[-122.2635907,45.5415159],[-122.2613121,45.5415472],[-122.2587012,45.5416728],[-122.2572647,45.5417809],[-122.2560544,45.5418882],[-122.2532851,45.5421742],[-122.2509872,45.5424172],[-122.2497915,45.5425587],[-122.2484766,45.5427234],[-122.2471142,45.5428974],[-122.2460773,45.5430321],[-122.2444311,45.5432514],[-122.2439098,45.5433262],[-122.2427342,45.5434947],[-122.2410681,45.5437386],[-122.2399944,45.543899],[-122.2377276,45.5442556],[-122.2358164,45.5445689],[-122.2343793,45.5448108],[-122.2325677,45.5451264],[-122.2304499,45.5455115],[-122.229691,45.5456485],[-122.2281702,45.545912],[-122.2258813,45.5462952],[-122.2230178,45.5467355],[-122.2191655,45.5472269],[-122.2168469,45.5474753],[-122.2145204,45.5476972],[-122.205201,45.548432],[-122.2036501,45.5485863],[-122.2021132,45.548792],[-122.2005901,45.5490469],[-122.1998339,45.5491951],[-122.198342,45.5495327],[-122.1968792,45.5499185],[-122.1961586,45.550132],[-122.1947412,45.5505998],[-122.1940452,45.5508498],[-122.1926795,45.5513849],[-122.192012,45.5516695],[-122.190702,45.5522656],[-122.1887675,45.5531847],[-122.1868804,45.5541482],[-122.1831802,45.5561809],[-122.1817466,45.5569918],[-122.1812287,45.5572852],[-122.1801485,45.5579042],[-122.1777785,45.5593369],[-122.1766185,45.5600706],[-122.1645319,45.5679034],[-122.1621626,45.5693376],[-122.160936,45.5700219],[-122.1600642,45.5704743],[-122.1594209,45.5708086],[-122.1585064,45.5712531],[-122.1567176,45.5720795],[-122.1552223,45.5726545],[-122.1546798,45.5728836],[-122.1533317,45.5734038],[-122.1518682,45.5738486],[-122.1511476,45.5740676],[-122.1489632,45.5746727],[-122.1474843,45.5750297],[-122.145013,45.5755816],[-122.1437337,45.5758239],[-122.1403117,45.5764925],[-122.1384983,45.5768245],[-122.1354169,45.5773765],[-122.1316087,45.5780219],[-122.1277881,45.5785942],[-122.1258906,45.5788507],[-122.1253785,45.5789131],[-122.1248694,45.5789729],[-122.1235417,45.5791315],[-122.1231661,45.5791758],[-122.1227872,45.5792189],[-122.1223897,45.5792583],[-122.1219937,45.5792904],[-122.121617,45.579315],[-122.1212246,45.5793365],[-122.120827,45.5793508],[-122.1204467,45.5793599],[-122.1200559,45.5793643],[-122.1196595,45.5793611],[-122.119271,45.5793519],[-122.1188832,45.5793384],[-122.1184961,45.5793169],[-122.1181057,45.5792946],[-122.1177258,45.5792703],[-122.1167091,45.5792042],[-122.116333,45.5791855],[-122.1159373,45.5791699],[-122.115541,45.5791623],[-122.1151514,45.579163],[-122.1147766,45.5791717],[-122.1143825,45.5791884],[-122.1139994,45.5792151],[-122.1136215,45.5792488],[-122.1132463,45.5792937],[-122.1128608,45.579352],[-122.1124781,45.5794174],[-122.1121078,45.5794871],[-122.1117267,45.579566],[-122.110534,45.579826],[-122.1072729,45.5805382],[-122.1045773,45.5811266],[-122.1037228,45.5813393],[-122.103303,45.5814576],[-122.1028498,45.5815919],[-122.1022657,45.581793],[-122.098197,45.5834084],[-122.0974896,45.583654],[-122.0967624,45.5838641],[-122.093802,45.5846065],[-122.0930742,45.5848135],[-122.092368,45.5850554],[-122.091677,45.5853188],[-122.0764452,45.5915197],[-122.0739517,45.5925453],[-122.0715568,45.5935182],[-122.06992,45.5941923],[-122.0678333,45.5949656],[-122.0639227,45.5963143],[-122.0614016,45.5971112],[-122.0599399,45.5975389],[-122.0564536,45.5984951],[-122.0548784,45.5989097],[-122.0519113,45.5996715],[-122.0484298,45.6004791],[-122.0466778,45.6008968],[-122.0462865,45.6010075],[-122.0459397,45.6010922],[-122.0452175,45.6013139],[-122.044514,45.6015593],[-122.0442024,45.6016821],[-122.0434159,45.6019931],[-122.04254,45.6024583],[-122.0419443,45.6028177],[-122.0397125,45.6042678],[-122.0390479,45.6046929],[-122.0372929,45.6058005],[-122.0354417,45.6068329],[-122.0348086,45.6071637],[-122.034376,45.6073576],[-122.0330911,45.6079601],[-122.0325341,45.6082142],[-122.031198,45.6087822],[-122.0296822,45.6093906],[-122.0275666,45.6101355],[-122.0267465,45.6103781],[-122.0260296,45.6105703],[-122.0251634,45.6107906],[-122.0243944,45.6109494],[-122.0237807,45.6110566],[-122.0228946,45.6112116],[-122.0209356,45.6115271],[-122.0191037,45.61182],[-122.0162623,45.61228],[-122.0147291,45.6125116],[-122.0134043,45.6127061],[-122.0124597,45.612809],[-122.0116392,45.6128693],[-122.0112278,45.6128804],[-122.0108187,45.6128859],[-122.0045563,45.6128817],[-122.0037566,45.6128589],[-122.0029707,45.612864],[-122.0025369,45.6128908],[-122.0021816,45.6129206],[-122.0017951,45.6129632],[-122.0014109,45.613022],[-122.0006491,45.6131804],[-121.9999934,45.613376],[-121.999802,45.6134272],[-121.9992496,45.6136622],[-121.9988977,45.6138361],[-121.9985493,45.61402],[-121.9982204,45.6142112],[-121.9978951,45.6144099],[-121.9966923,45.6151338],[-121.9955365,45.6158281],[-121.9945183,45.6164404],[-121.9941616,45.6166463],[-121.9934641,45.6170469],[-121.9927173,45.6174243],[-121.9921698,45.6177135],[-121.9908555,45.618314],[-121.9902003,45.6185903],[-121.9895001,45.6188726],[-121.9887988,45.6191553],[-121.9874548,45.6196391],[-121.9845968,45.6205529],[-121.983886,45.6207938],[-121.9831935,45.6210567],[-121.9825257,45.6213164],[-121.9818613,45.6216009],[-121.9805129,45.622211],[-121.9788125,45.6229918],[-121.9780892,45.6233122],[-121.977924,45.6233854],[-121.9770752,45.6237794],[-121.976542,45.6240186],[-121.9758978,45.6243112],[-121.9748908,45.6247867],[-121.9732718,45.6255275],[-121.972614,45.6258227],[-121.9719758,45.6261128],[-121.9710812,45.6265266],[-121.9700053,45.6270238],[-121.9699144,45.6270657],[-121.9681272,45.6278899],[-121.9655934,45.6290552],[-121.9641496,45.6296979],[-121.9627268,45.6303487],[-121.962086,45.6306202],[-121.961364,45.630876],[-121.9606807,45.6310712],[-121.9600374,45.6312199],[-121.9594505,45.6313237],[-121.9589719,45.631381],[-121.9585552,45.6314159],[-121.9572071,45.6315113],[-121.9563122,45.6315979],[-121.9557392,45.6316839],[-121.9552039,45.631792],[-121.9548369,45.6319061],[-121.9542674,45.6321305],[-121.9539341,45.6322882],[-121.9533815,45.6326138],[-121.9524963,45.6331932],[-121.952057,45.6334789],[-121.9514598,45.6338749],[-121.9510105,45.6341286],[-121.9504007,45.6344532],[-121.9497408,45.6347479],[-121.948793,45.6350874],[-121.9475952,45.6354042],[-121.9453649,45.6359552],[-121.9446096,45.6361553],[-121.9435008,45.6364172],[-121.9423943,45.6366937],[-121.9410553,45.6370188],[-121.9401661,45.6372459],[-121.9394593,45.6374861],[-121.9374221,45.6383379],[-121.9367408,45.6385883],[-121.9359975,45.6388012],[-121.9352347,45.6389727],[-121.9344988,45.6391596],[-121.933791,45.6393923],[-121.9331403,45.6396981],[-121.9307792,45.6410854],[-121.9288916,45.6422266],[-121.9265155,45.6435974],[-121.9260529,45.6438568],[-121.9252738,45.6442579],[-121.9243753,45.6446291],[-121.923216,45.6450054],[-121.9217345,45.6454685],[-121.9207437,45.6458253],[-121.9189993,45.6465351],[-121.9176444,45.6470989],[-121.9169827,45.6474048],[-121.9149744,45.6482672],[-121.9136025,45.6488703],[-121.9103234,45.6503653],[-121.9066897,45.6519689],[-121.9057215,45.6524984],[-121.9046144,45.6531356],[-121.9042485,45.6533686],[-121.9039341,45.6535881],[-121.9033479,45.6539714],[-121.9026226,45.6546046],[-121.9022563,45.6549633],[-121.9019437,45.6552943],[-121.9016055,45.6557297],[-121.9014352,45.6559563],[-121.9011483,45.6564145],[-121.9008217,45.6568449],[-121.900467,45.6572798],[-121.8993348,45.6588749],[-121.8990605,45.6592903],[-121.8988529,45.6597005],[-121.8986537,45.6602227],[-121.8983702,45.6609656],[-121.8982839,45.661253],[-121.8981015,45.6617338],[-121.8980436,45.6618865],[-121.8979797,45.662055],[-121.8979092,45.6622222],[-121.8978286,45.6623872],[-121.8978103,45.6624217],[-121.8977497,45.6625344],[-121.8976506,45.6627029],[-121.8974028,45.6631241],[-121.8973265,45.6632343],[-121.8971807,45.6634449],[-121.8968808,45.6638113],[-121.8968606,45.6638372],[-121.8966872,45.6640595],[-121.8961332,45.6647698],[-121.8958114,45.6651833],[-121.8957116,45.6653115],[-121.895627,45.6654374],[-121.8955911,45.6654909],[-121.8954791,45.6656577],[-121.8954556,45.6656927],[-121.8951402,45.6662358],[-121.8949655,45.6665703],[-121.8948875,45.6667198],[-121.894813,45.6668587],[-121.8947883,45.6669032],[-121.8947459,45.6669793],[-121.8947179,45.6670275],[-121.8945658,45.6673029],[-121.8944517,45.6674883],[-121.8943673,45.6676253],[-121.8941206,45.6679177],[-121.8938363,45.6682364],[-121.8935949,45.6684426],[-121.8932194,45.668705],[-121.8928358,45.6689467],[-121.8925113,45.6691248],[-121.8922448,45.6692629],[-121.8921572,45.6693057],[-121.8918159,45.6694421],[-121.8915054,45.6695559],[-121.8907732,45.6698071],[-121.8899911,45.6700757],[-121.8891826,45.6703533],[-121.8890981,45.6703823],[-121.8882991,45.6706567],[-121.8875808,45.6709147]],[[-123.8350408,46.1900759],[-123.8348676,46.1899567],[-123.8347934,46.1899051],[-123.8347274,46.1898382],[-123.8347083,46.1898115],[-123.8346851,46.1897654],[-123.834689,46.1895665],[-123.8346948,46.1893807],[-123.8347012,46.1891863],[-123.8347023,46.1891516],[-123.8347046,46.1890822],[-123.8346277,46.189081],[-123.8338255,46.1890686],[-123.8337247,46.1890671],[-123.8336359,46.1890656],[-123.8328336,46.1890518],[-123.8327357,46.1890501],[-123.8326458,46.1890487],[-123.8318663,46.1890368],[-123.8317464,46.189035],[-123.8316633,46.1890334],[-123.8302864,46.1890068],[-123.8301796,46.1890047],[-123.830084,46.1890032],[-123.8292786,46.1889904],[-123.8287607,46.188982],[-123.828646,46.18898],[-123.8285387,46.188986],[-123.8281042,46.1890105],[-123.8279596,46.1890187],[-123.8278244,46.1890263],[-123.8276993,46.1890333],[-123.8276318,46.1890371],[-123.8273383,46.1890537],[-123.827226,46.18906],[-123.826498,46.1890855],[-123.8262416,46.1890945],[-123.8260553,46.1891011],[-123.8259801,46.1891037],[-123.8258121,46.1891426]],[[-122.9993247,46.099676],[-122.9985874,46.0998422],[-122.9981814,46.0999197],[-122.9978031,46.0999677],[-122.9973904,46.0999912],[-122.9971105,46.0999913],[-122.9968162,46.0999764],[-122.9964754,46.0999496],[-122.9960886,46.099903],[-122.995429,46.0997908],[-122.9938143,46.0995196],[-122.9922069,46.0992922],[-122.9905501,46.0990783],[-122.9881194,46.0987758],[-122.9866891,46.0985805],[-122.9847607,46.0983443],[-122.9838597,46.0982384],[-122.9831786,46.0981833],[-122.9826236,46.0981513],[-122.981944,46.0981341],[-122.9807479,46.0981095],[-122.9801642,46.098091],[-122.9797033,46.0980738],[-122.9793057,46.0980436],[-122.9788951,46.0979956],[-122.9785136,46.0979321],[-122.9781231,46.09784],[-122.9777316,46.0977272],[-122.9773305,46.0975927],[-122.9768233,46.0973875],[-122.9757757,46.0969215],[-122.9746647,46.096437],[-122.9743402,46.096313],[-122.9742653,46.0962874],[-122.9740049,46.0961976],[-122.9733988,46.0960581],[-122.972764,46.0959527],[-122.9718618,46.0958333],[-122.9687687,46.0954609],[-122.9681025,46.0953858],[-122.9664957,46.0952046],[-122.9659037,46.095188]],[[-122.7905953,45.6050172],[-122.7905295,45.6048388],[-122.7903194,45.6045806],[-122.7901211,45.6044678]],[[-122.7837268,45.5959004],[-122.7837225,45.5957932],[-122.7832367,45.5951433],[-122.7830053,45.5948357],[-122.7827644,45.5945295],[-122.7826455,45.5944736]],[[-122.7818799,45.5935703],[-122.7818717,45.5934712],[-122.7817785,45.5933678],[-122.7815143,45.5930923],[-122.7811667,45.592738],[-122.7810393,45.5926906]],[[-122.7802919,45.5919573],[-122.7802674,45.5918575],[-122.7799025,45.5915066],[-122.7796571,45.5912651],[-122.7794047,45.5910257],[-122.7792779,45.5909839]],[[-122.7428358,45.5612899],[-122.7427962,45.5611918],[-122.742407,45.5608785],[-122.7423091,45.5608008],[-122.741115,45.5598806],[-122.7405486,45.5594441],[-122.740168,45.5591565],[-122.7396493,45.5587646],[-122.7387719,45.5580826],[-122.7385776,45.5579385],[-122.7381811,45.5576799],[-122.737733,45.5574375],[-122.7374957,45.5573247],[-122.7372491,45.5572232],[-122.7364479,45.5569218],[-122.7361843,45.5568184],[-122.7359263,45.5567024],[-122.7357083,45.5565955],[-122.7355941,45.5565308],[-122.7353827,45.5563969],[-122.7352089,45.5562794],[-122.7350741,45.5562499]],[[-122.7228039,45.5508169],[-122.7227263,45.5507318],[-122.7225181,45.5506555],[-122.7217045,45.5503558],[-122.7203001,45.5498405],[-122.7192688,45.5494626],[-122.7191378,45.5494177],[-122.7187653,45.5493402]],[[-122.6996877,45.5418991],[-122.6995788,45.5417771],[-122.6993629,45.5416478],[-122.6992016,45.5415317],[-122.6990769,45.5414395],[-122.6989938,45.5413743],[-122.6989278,45.5413165],[-122.6988665,45.5412553],[-122.6987658,45.5411099],[-122.6987088,45.5409936],[-122.6986529,45.5408782],[-122.6986197,45.5407839],[-122.6985984,45.5406767],[-122.6985858,45.540558],[-122.6985659,45.5400109],[-122.6985843,45.5398643],[-122.6985567,45.5391434],[-122.6985389,45.5388567],[-122.698515,45.538682],[-122.6984942,45.538568],[-122.6984557,45.5384404],[-122.6983693,45.5382206],[-122.6983216,45.5381098],[-122.6982234,45.5379372],[-122.6981328,45.5378055],[-122.6980477,45.5376981],[-122.6979258,45.5375642],[-122.6977882,45.5374332],[-122.6976652,45.5373383],[-122.697574,45.5372678],[-122.6973869,45.5371413],[-122.6970929,45.5369814],[-122.6968798,45.53689],[-122.696639,45.5367986],[-122.6963511,45.5367088],[-122.6961088,45.5366395],[-122.6954934,45.5364756],[-122.6953836,45.5364185],[-122.6941588,45.5360918],[-122.6932918,45.5358629],[-122.692774,45.535722],[-122.6912167,45.535308],[-122.6911099,45.5353167],[-122.690231,45.5350847],[-122.6895245,45.5349151],[-122.6891467,45.5348333],[-122.6889607,45.5347958],[-122.6887729,45.5347655],[-122.688667,45.5347541],[-122.6885009,45.534736],[-122.6883231,45.534725],[-122.6881368,45.5347228],[-122.6879744,45.5347261],[-122.6878313,45.5347359],[-122.687734,45.5347463],[-122.6876143,45.5347631],[-122.6874945,45.5347841],[-122.6873907,45.5348064],[-122.6872298,45.5348453],[-122.6870734,45.5348902],[-122.6869115,45.5349465],[-122.6867842,45.5349947],[-122.6866776,45.5350442],[-122.6866069,45.5350794],[-122.6864017,45.535191],[-122.6860065,45.535432],[-122.6851672,45.5361146],[-122.6842996,45.5368249],[-122.6797012,45.5406141],[-122.6794872,45.5408612],[-122.6786851,45.5416489],[-122.6781196,45.5423446],[-122.6779445,45.5425556],[-122.6778011,45.5427092],[-122.6776978,45.5427937],[-122.6775745,45.5428681],[-122.6774061,45.5429529],[-122.6772448,45.5430227],[-122.6771364,45.5430627],[-122.676953,45.5431176],[-122.6767388,45.5431759],[-122.6765229,45.5432218],[-122.6763023,45.5432433],[-122.676175,45.5432509],[-122.6759916,45.5432563],[-122.6757209,45.543246],[-122.6755956,45.5432357],[-122.6754993,45.5432237],[-122.6753847,45.5432061],[-122.6751947,45.5431665],[-122.6750508,45.5431244],[-122.6748822,45.5430699],[-122.674747,45.5430217],[-122.6744954,45.5429027],[-122.674367,45.5428354],[-122.6741681,45.5427139],[-122.6738461,45.5424808],[-122.6731912,45.5419879],[-122.6731509,45.5419651],[-122.6729089,45.5418385],[-122.6723735,45.5413677],[-122.6720733,45.541079],[-122.6719115,45.5409013],[-122.6717243,45.5406958],[-122.6716189,45.5405729],[-122.6709525,45.539796],[-122.6700329,45.5387051],[-122.6698142,45.5384455],[-122.6696212,45.5382419],[-122.6693685,45.5379382],[-122.6688996,45.5373789],[-122.6685666,45.5370076],[-122.6680405,45.5363781],[-122.6675336,45.5357717],[-122.6671312,45.5352857],[-122.6666889,45.5347317],[-122.6665431,45.5345369],[-122.6663242,45.5342109],[-122.6661678,45.5339618],[-122.66603,45.533711],[-122.6659235,45.5335031],[-122.6658326,45.5333099],[-122.6657058,45.5329995],[-122.6655623,45.5325735],[-122.665497,45.5323226],[-122.6654359,45.5320316],[-122.6653964,45.5318066],[-122.6653775,45.5316668],[-122.6653893,45.5315166],[-122.6653699,45.5313542],[-122.6653516,45.5310025],[-122.665348,45.5298046],[-122.6653267,45.5288924],[-122.6653267,45.5288096],[-122.6654014,45.5286164],[-122.6654083,45.5285848],[-122.6654139,45.5284869],[-122.6654229,45.5283889],[-122.6654375,45.5282941],[-122.6654606,45.5281936],[-122.665487,45.5281003],[-122.6655173,45.5280041],[-122.6655539,45.5279069],[-122.6655937,45.5278158],[-122.6656431,45.527718],[-122.6656965,45.527619],[-122.6659042,45.527251],[-122.665949,45.5271572],[-122.6659942,45.527057],[-122.6660297,45.5269621],[-122.6660603,45.5268676],[-122.6660889,45.5267702],[-122.6661098,45.5266753],[-122.6661146,45.5266355],[-122.6661225,45.5265833],[-122.666129,45.5264936],[-122.6661263,45.5264012],[-122.666118,45.5263077],[-122.6661031,45.5262189],[-122.66608,45.5261372],[-122.6660533,45.526053],[-122.6660161,45.5259634],[-122.6659651,45.525863],[-122.6659131,45.5257717],[-122.6658512,45.5256816],[-122.6657834,45.5255924],[-122.6657165,45.5255162],[-122.6656369,45.5254335],[-122.665542,45.5253468],[-122.6654378,45.5252634],[-122.6653273,45.5251857],[-122.6652192,45.5251157],[-122.6651014,45.5250521],[-122.6649762,45.5249913],[-122.6648455,45.5249356],[-122.6647165,45.524887],[-122.6645734,45.5248403],[-122.6644396,45.5248038],[-122.6643063,45.5247734],[-122.6641636,45.5247476],[-122.6640307,45.52473],[-122.6638845,45.524715],[-122.6637297,45.5247046],[-122.6635814,45.524701],[-122.6634261,45.5247022],[-122.6632785,45.5247123],[-122.6631257,45.5247275],[-122.6629817,45.5247485],[-122.6628309,45.524778],[-122.6626886,45.5248133],[-122.6625386,45.5248532],[-122.6623901,45.5248986],[-122.6622381,45.5249495],[-122.6615702,45.5251795],[-122.661215,45.5253022],[-122.661005,45.5253814],[-122.6607968,45.5254672],[-122.6604414,45.5256005],[-122.6604081,45.5256178],[-122.6602711,45.5257101],[-122.6599873,45.525844],[-122.6597265,45.5259703],[-122.6594651,45.5260993],[-122.6578029,45.52692],[-122.657541,45.5270455],[-122.6572878,45.5271632],[-122.6570223,45.5272818],[-122.6567525,45.5273945],[-122.6564844,45.527501],[-122.6562115,45.5276065],[-122.6559368,45.5277074],[-122.6556653,45.5278019],[-122.6553909,45.5278927],[-122.6551019,45.527983],[-122.6547965,45.5280735],[-122.6545177,45.5281533],[-122.654229,45.5282312],[-122.6539269,45.5283099],[-122.6522909,45.5287317],[-122.6497989,45.5293783],[-122.6495853,45.5294322],[-122.649357,45.5294884],[-122.6491432,45.5295385],[-122.6489244,45.5295849],[-122.6486983,45.5296288],[-122.6484694,45.5296691],[-122.6482529,45.5297017],[-122.6480179,45.5297312],[-122.6478069,45.5297522],[-122.6475776,45.5297738],[-122.6473297,45.5297926],[-122.6470956,45.5298072],[-122.646867,45.5298195],[-122.6450428,45.5299051],[-122.6436977,45.5299686],[-122.6414928,45.5300711],[-122.6381982,45.5302293],[-122.6371293,45.530286],[-122.6368858,45.5303003],[-122.6366518,45.5303158],[-122.6364039,45.5303358],[-122.6361579,45.5303621],[-122.6359223,45.5303951],[-122.6356849,45.5304384],[-122.6354514,45.5304879],[-122.6352199,45.5305505],[-122.6349987,45.5306183],[-122.634776,45.5306973],[-122.6345777,45.5307815],[-122.6343728,45.5308834],[-122.6341875,45.5309885],[-122.6340064,45.5310988],[-122.6338313,45.5312221],[-122.6336714,45.53135],[-122.6335161,45.5314846],[-122.6333897,45.5316037],[-122.6332466,45.5317509],[-122.6331237,45.5318897],[-122.6329876,45.5320443],[-122.6327851,45.5322782],[-122.6325132,45.5325959],[-122.6323916,45.5327316],[-122.6322557,45.5328697],[-122.6321228,45.5330014],[-122.6319764,45.5331383],[-122.6318401,45.5332563],[-122.631697,45.5333666],[-122.6315286,45.533485],[-122.6313626,45.5335881],[-122.6311764,45.5336933],[-122.6309946,45.5337838],[-122.6308124,45.533864],[-122.6306228,45.5339366],[-122.6304149,45.5340016],[-122.6302115,45.5340598],[-122.6300012,45.5341088],[-122.6297852,45.5341498],[-122.6295569,45.5341839],[-122.6293489,45.5342047],[-122.629137,45.5342182],[-122.6289125,45.5342242],[-122.6286942,45.5342193],[-122.6284581,45.5342076],[-122.6282313,45.5341879],[-122.6280146,45.5341604],[-122.6277818,45.5341252],[-122.627479,45.534071],[-122.6271868,45.5340126],[-122.6268835,45.5339457],[-122.6264179,45.5338389],[-122.619291,45.5321966],[-122.618994,45.5321239],[-122.6187089,45.5320508],[-122.6184196,45.531971],[-122.6181371,45.5318856],[-122.6178613,45.531796],[-122.6175899,45.5316965],[-122.6173236,45.5315896],[-122.6170588,45.5314723],[-122.6168113,45.531352],[-122.6165658,45.5312224],[-122.6163276,45.5310875],[-122.616094,45.5309494],[-122.6158703,45.5308113],[-122.6156203,45.5306534],[-122.6128537,45.5288607],[-122.6126169,45.5287085],[-122.6123935,45.5285692],[-122.6121441,45.5284211],[-122.6118931,45.528281],[-122.6116473,45.5281524],[-122.6113765,45.5280229],[-122.6111049,45.5279089],[-122.6108178,45.5277996],[-122.6105328,45.5277032],[-122.6102365,45.5276173],[-122.6099299,45.5275394],[-122.6096239,45.5274719],[-122.6093149,45.527417],[-122.6090197,45.5273716],[-122.6086956,45.5273345],[-122.6083676,45.527303],[-122.6080515,45.5272822],[-122.607731,45.5272727],[-122.6074212,45.5272711],[-122.607099,45.5272807],[-122.6067312,45.5273035],[-122.6065617,45.5273178],[-122.6061923,45.5273578],[-122.6058261,45.5274115],[-122.6055148,45.5274692],[-122.6052199,45.5275344],[-122.6049248,45.5276061],[-122.6046203,45.5276927],[-122.6043359,45.5277805],[-122.6040421,45.5278836],[-122.6037527,45.5279946],[-122.6034801,45.5281103],[-122.6032224,45.5282276],[-122.602957,45.5283561],[-122.6027084,45.5284829],[-122.6024619,45.5286106],[-122.6022092,45.5287456],[-122.6008357,45.5294829],[-122.6005258,45.529652],[-122.6002105,45.5298208],[-122.5999099,45.5299825],[-122.5995939,45.5301495],[-122.5992868,45.530307],[-122.5989101,45.5304973],[-122.5981802,45.5308696],[-122.5976807,45.5311274],[-122.596318,45.5318123],[-122.5912687,45.5344358],[-122.591017,45.5345628],[-122.5907685,45.5346856],[-122.5905046,45.5348052],[-122.590238,45.5349189],[-122.5899571,45.5350291],[-122.589686,45.5351242],[-122.5894107,45.5352125],[-122.5891281,45.535291],[-122.5888345,45.5353621],[-122.5885407,45.5354226],[-122.5882446,45.5354761],[-122.5879376,45.535518],[-122.5876306,45.5355499],[-122.5873244,45.5355723],[-122.5870215,45.5355845],[-122.5867286,45.5355875],[-122.5864134,45.53558],[-122.5861055,45.535564],[-122.5857947,45.5355354],[-122.5854926,45.5355002],[-122.5852008,45.5354565],[-122.5849032,45.5354013],[-122.5846178,45.5353387],[-122.584332,45.5352663],[-122.5840399,45.5351833],[-122.58377,45.5350972],[-122.5834846,45.5349981],[-122.5832097,45.5348968],[-122.5829397,45.5347927],[-122.5826633,45.5346842],[-122.5822657,45.5345238],[-122.5818439,45.534357],[-122.5814319,45.5341994],[-122.5810179,45.5340473],[-122.58058,45.5338931],[-122.5801515,45.5337454],[-122.5789145,45.5333193],[-122.5770734,45.532679],[-122.5756591,45.532192],[-122.5753791,45.5320962],[-122.5751035,45.5320053],[-122.5748212,45.531917],[-122.574522,45.5318316],[-122.5742278,45.531754],[-122.5739367,45.5316825],[-122.5736422,45.5316173],[-122.5733366,45.5315574],[-122.5730248,45.5315036],[-122.5727112,45.5314582],[-122.5723872,45.5314172],[-122.5720768,45.531385],[-122.5717643,45.5313607],[-122.5714357,45.5313416],[-122.5708044,45.5313245],[-122.5702469,45.5313299],[-122.5698469,45.5313606],[-122.5695433,45.5313844],[-122.5692119,45.531417],[-122.5688961,45.5314582],[-122.5685986,45.531504],[-122.5682944,45.5315556],[-122.5680084,45.5316114],[-122.5677208,45.5316731],[-122.5674345,45.5317421],[-122.56713,45.5318241],[-122.5668561,45.5319033],[-122.5665818,45.5319892],[-122.5662664,45.5320999],[-122.5659767,45.5322087],[-122.5657163,45.5323141],[-122.5654635,45.532425],[-122.5651856,45.5325522],[-122.5649484,45.5326701],[-122.5646992,45.5328029],[-122.5644469,45.5329432],[-122.5641964,45.5330908],[-122.5639577,45.533237],[-122.563727,45.5333794],[-122.5634976,45.5335269],[-122.5632641,45.5336827],[-122.5630464,45.5338358],[-122.5628179,45.5340021],[-122.5626033,45.5341664],[-122.5623936,45.5343333],[-122.5621919,45.5345043],[-122.5619962,45.5346736],[-122.5618018,45.5348504],[-122.5616156,45.535027],[-122.5614361,45.535217],[-122.5612694,45.5354037],[-122.5611071,45.5355951],[-122.5609633,45.5357842],[-122.5608196,45.5359873],[-122.560683,45.5361961],[-122.5605665,45.5363937],[-122.5604594,45.5365982],[-122.5603563,45.5368096],[-122.5602651,45.5370313],[-122.5601887,45.5372372],[-122.5601238,45.5374404],[-122.5600657,45.5376705],[-122.5600221,45.5378851],[-122.5599841,45.5381146],[-122.5599541,45.5383297],[-122.559927,45.5385569],[-122.5599076,45.5387618],[-122.5598917,45.5389546],[-122.5598249,45.539737],[-122.5597368,45.5408773],[-122.5597013,45.5412793],[-122.5596758,45.5415219],[-122.5596479,45.5417428],[-122.5596174,45.541954],[-122.5595815,45.5421722],[-122.5595432,45.5423895],[-122.5594987,45.5425996],[-122.5594526,45.5427845],[-122.5594055,45.5429609],[-122.5593534,45.5431349],[-122.5592981,45.5433018],[-122.559242,45.5434589],[-122.5591833,45.5436037],[-122.5591131,45.5437657],[-122.5590411,45.5439207],[-122.5589636,45.5440823],[-122.5588885,45.5442232],[-122.5587997,45.5443782],[-122.5587054,45.5445351],[-122.558605,45.5446877],[-122.5585057,45.5448244],[-122.5583948,45.5449684],[-122.5582811,45.5451065],[-122.5581613,45.5452423],[-122.5580374,45.5453758],[-122.5579057,45.5455069],[-122.5577681,45.5456366],[-122.5576192,45.5457682],[-122.5574705,45.5458899],[-122.5573121,45.5460101],[-122.5571544,45.5461237],[-122.5569848,45.5462379],[-122.5568112,45.5463434],[-122.5566217,45.5464523],[-122.5564334,45.5465515],[-122.5562384,45.5466441],[-122.5560538,45.5467247],[-122.5558521,45.5468048],[-122.555656,45.546876],[-122.5554398,45.5469437],[-122.5552342,45.5470045],[-122.5550222,45.5470575],[-122.554801,45.5471088],[-122.5545689,45.5471533],[-122.5543456,45.5471885],[-122.554123,45.5472186],[-122.5538918,45.5472441],[-122.5536623,45.5472622],[-122.5533616,45.5472811],[-122.5530454,45.5472979],[-122.552657,45.5473151],[-122.550888,45.5474001],[-122.548771,45.5474064],[-122.5484598,45.5474012],[-122.5481682,45.5473952],[-122.547839,45.5473858],[-122.5475062,45.5473752],[-122.5472086,45.5473629],[-122.5469104,45.5473484],[-122.5465891,45.5473301],[-122.5462795,45.5473099],[-122.5426459,45.5470122],[-122.541116,45.5468741],[-122.5408206,45.5468461],[-122.5405098,45.546816],[-122.5401971,45.5467837],[-122.5398725,45.5467476],[-122.5395741,45.5467114],[-122.5392755,45.5466757],[-122.5389592,45.5466348],[-122.5386643,45.5465968],[-122.5383556,45.5465538],[-122.5380614,45.5465128],[-122.5377146,45.5464624],[-122.5373843,45.5464118],[-122.5370569,45.5463581],[-122.5368148,45.5463181],[-122.5365459,45.5462709],[-122.53628,45.5462234],[-122.5360014,45.5461716],[-122.5357152,45.546118],[-122.5354216,45.5460626],[-122.5318281,45.5453706],[-122.5308464,45.5451815],[-122.5300613,45.5450304],[-122.5284279,45.5447402],[-122.526921,45.544505],[-122.516369,45.543304],[-122.5105104,45.5426401],[-122.5098308,45.5425648],[-122.508495,45.542391],[-122.507255,45.542249],[-122.506101,45.542189],[-122.50504,45.542139],[-122.503615,45.542132],[-122.502875,45.542142],[-122.50004,45.54218],[-122.499248,45.542191],[-122.4961441,45.5422348],[-122.4953508,45.5422442],[-122.486669,45.542349],[-122.486513,45.542347],[-122.484695,45.542327],[-122.484042,45.542282],[-122.4833415,45.5422115],[-122.481297,45.542014],[-122.4789602,45.541632],[-122.4775638,45.541418],[-122.4770263,45.5413488],[-122.4760406,45.5412417],[-122.4749054,45.5411443],[-122.4741062,45.5410906],[-122.4717912,45.54099],[-122.4700095,45.5409138],[-122.4676482,45.5408131],[-122.4663794,45.5407534],[-122.465116,45.5406712],[-122.4646925,45.5406429],[-122.464269,45.5406108],[-122.4633703,45.5405247],[-122.462477,45.5404291],[-122.4611406,45.540267],[-122.4597989,45.5401013],[-122.4569651,45.5397341],[-122.4563464,45.5396639],[-122.454708,45.539466],[-122.4540144,45.5393964],[-122.453529,45.5393549],[-122.4529085,45.5393112],[-122.4522767,45.5392724],[-122.4515116,45.5392357],[-122.4510468,45.5392243],[-122.4504466,45.5392122],[-122.4495402,45.5392087],[-122.4488795,45.5392156],[-122.4482548,45.5392359],[-122.4475936,45.539264],[-122.4472682,45.5392799],[-122.446947,45.539302],[-122.4463701,45.5393408],[-122.4457216,45.539395],[-122.4448019,45.5394902],[-122.4442601,45.5395547],[-122.4437258,45.5396257],[-122.443182,45.5397104],[-122.442656,45.5397969],[-122.4421274,45.5398972],[-122.4415519,45.5400093],[-122.441174,45.5400927],[-122.4408394,45.5401705],[-122.4405133,45.5402492],[-122.4401575,45.5403397],[-122.4396785,45.5404672],[-122.4391456,45.54062],[-122.4373939,45.5411246],[-122.436974,45.5412387],[-122.4365245,45.5413564],[-122.4361491,45.5414489],[-122.4358799,45.5415077],[-122.4355237,45.5415824],[-122.4352599,45.5416314],[-122.4349546,45.5416807],[-122.4346215,45.54173],[-122.4342724,45.5417739],[-122.4339496,45.5418004],[-122.4337128,45.5418183],[-122.4335471,45.541826],[-122.4333544,45.5418347],[-122.4331006,45.5418419],[-122.4328728,45.5418415],[-122.4325653,45.5418364],[-122.4322272,45.54182],[-122.4319404,45.5418001],[-122.4316188,45.5417705],[-122.4313155,45.5417318],[-122.4309962,45.5416863],[-122.4306919,45.5416375],[-122.4303893,45.5415795],[-122.4298706,45.5414743],[-122.4295603,45.5414065],[-122.4290487,45.5412849],[-122.4284814,45.5411384],[-122.4276106,45.5409143],[-122.4263585,45.5405909],[-122.4251917,45.5402921],[-122.4246469,45.5401608],[-122.4242148,45.5400639],[-122.423796,45.539975],[-122.4234058,45.5399007],[-122.4230566,45.5398401],[-122.4227637,45.5398008],[-122.4225537,45.5397718],[-122.4223032,45.5397443],[-122.4220067,45.5397143],[-122.4216548,45.5396849],[-122.4212546,45.5396649],[-122.4210694,45.5396581],[-122.4207965,45.539652],[-122.4204797,45.5396498],[-122.4201864,45.5396563],[-122.4198852,45.5396662],[-122.4195442,45.5396849],[-122.4192927,45.5397042],[-122.4189113,45.5397391],[-122.4185699,45.5397791],[-122.4181796,45.5398328],[-122.4179006,45.5398821],[-122.4175758,45.5399409],[-122.4173004,45.5399988],[-122.4168829,45.5400936],[-122.4166421,45.5401563],[-122.4163149,45.5402428],[-122.4158751,45.5403735],[-122.4153195,45.5405585],[-122.4147955,45.5407402],[-122.4142028,45.5409552],[-122.413452,45.5412315],[-122.4111025,45.5421132],[-122.4087563,45.5429869],[-122.4079051,45.5433036],[-122.4075506,45.5434293],[-122.4070872,45.5435833],[-122.4068787,45.5436509],[-122.4061793,45.5438673],[-122.4058773,45.543948],[-122.4055822,45.5440088],[-122.4052417,45.5440904],[-122.4047986,45.5441712],[-122.4044967,45.5442266],[-122.4040192,45.5443055],[-122.4034989,45.5443825],[-122.4023482,45.5445234],[-122.4014872,45.5446023],[-122.4007491,45.5446509],[-122.4002034,45.5446795],[-122.3986548,45.5447695],[-122.3967317,45.5448709],[-122.3956051,45.5449104],[-122.3943499,45.5449386],[-122.393285,45.544948],[-122.3919949,45.544948],[-122.3910266,45.5449254],[-122.3906017,45.544918],[-122.3896587,45.544886],[-122.3883176,45.5448183],[-122.3869289,45.5447298],[-122.3860369,45.5446697],[-122.3827413,45.5444321],[-122.3817447,45.5443599],[-122.3814713,45.5443426],[-122.3801865,45.5442576],[-122.3759743,45.5439675],[-122.3751962,45.5439139],[-122.3742572,45.543838],[-122.3727803,45.5437355],[-122.3716594,45.5436581],[-122.3698117,45.5435332],[-122.3646309,45.5431679],[-122.3604034,45.5428692],[-122.3561547,45.5425748],[-122.3523364,45.542306],[-122.3484545,45.5420292],[-122.34521,45.5418003],[-122.3443996,45.5417269],[-122.3439303,45.5416632],[-122.3434917,45.541597],[-122.3430829,45.5415189],[-122.3427712,45.5414555],[-122.3425176,45.5413972],[-122.342,45.5412748],[-122.3400198,45.540809],[-122.3375644,45.5402271],[-122.3352013,45.5396744],[-122.3350863,45.5396474],[-122.3343667,45.5395051],[-122.3331423,45.539263],[-122.3319632,45.5390644],[-122.330879,45.5389],[-122.3303859,45.5388383],[-122.3299479,45.5387813],[-122.3291539,45.5386893],[-122.3283519,45.5386043],[-122.3275801,45.5385345],[-122.3266041,45.538469],[-122.3254573,45.5383951],[-122.3238579,45.5383452],[-122.3232983,45.5383426],[-122.3228579,45.5383405],[-122.3214349,45.5383543],[-122.3200139,45.5383883],[-122.3176884,45.5385026],[-122.3152717,45.5386546],[-122.3137056,45.5387632],[-122.3111565,45.5389293],[-122.3087535,45.5390845],[-122.3069018,45.5392185],[-122.3059974,45.5393155],[-122.3052396,45.5394173],[-122.3046919,45.5394977],[-122.3041419,45.5395948],[-122.3024711,45.5399296],[-122.3005863,45.5403371],[-122.2994382,45.5405799],[-122.2991064,45.5406415],[-122.2980999,45.5408656],[-122.2973349,45.5410291],[-122.2968929,45.541126],[-122.2959143,45.541324],[-122.2948116,45.5414935],[-122.2941556,45.5415564],[-122.2933892,45.5416023],[-122.2924318,45.5416481],[-122.2900914,45.5417546],[-122.2898944,45.5417583],[-122.2890649,45.5417543],[-122.2877189,45.5416873],[-122.2846205,45.5415102],[-122.2831209,45.5414573],[-122.2823911,45.54146],[-122.2818439,45.5414777],[-122.2812627,45.541519],[-122.2805461,45.5415848],[-122.2776159,45.5419503],[-122.2768785,45.5420397],[-122.2760882,45.5421317],[-122.2756411,45.5421606],[-122.2752119,45.5421675],[-122.2747173,45.5421486],[-122.2742239,45.5421033],[-122.2730379,45.5419733],[-122.2716169,45.5418263],[-122.270405,45.5417204],[-122.2691766,45.5416183],[-122.268044,45.5415459],[-122.266809,45.5414908],[-122.2652015,45.541448],[-122.2635773,45.5414299],[-122.2613114,45.5414638],[-122.2586527,45.5415887],[-122.2573255,45.5416838],[-122.2560413,45.5418011],[-122.2532664,45.5420845],[-122.2509736,45.5423317],[-122.2509517,45.5423342],[-122.2497641,45.5424717],[-122.2484599,45.542634],[-122.2470958,45.5428105],[-122.2460303,45.5429501],[-122.2443971,45.5431672],[-122.2438847,45.5432384],[-122.2427061,45.5434103],[-122.2410365,45.5436534],[-122.2399587,45.5438152],[-122.2376948,45.54417],[-122.2357925,45.5444851],[-122.2343515,45.5447269],[-122.2325384,45.5450432],[-122.2304219,45.545417],[-122.2296494,45.5455516],[-122.2281231,45.5458102],[-122.2258148,45.5461881],[-122.2226287,45.5466817],[-122.2218848,45.5467656],[-122.2192685,45.5470874],[-122.2146034,45.5475783],[-122.2080749,45.5481053],[-122.2029252,45.5485418],[-122.2011215,45.5488178],[-122.1978284,45.5495317],[-122.1940796,45.5506891],[-122.1901294,45.5524138],[-122.1878078,45.553525],[-122.1842053,45.5554817],[-122.1829165,45.556194],[-122.1820269,45.5566983],[-122.1810829,45.5572203],[-122.1772051,45.5595234],[-122.1735661,45.5618358],[-122.1713296,45.5633063],[-122.1666717,45.56629],[-122.1636014,45.5682776],[-122.1611399,45.5697582],[-122.159566,45.5705807],[-122.1579998,45.5713333],[-122.1556782,45.5723761],[-122.1532206,45.57327],[-122.1517917,45.5737109],[-122.1500158,45.5742407],[-122.148243,45.5747132],[-122.1448533,45.5754906],[-122.1407281,45.5762957],[-122.1383497,45.5767374],[-122.1358866,45.5771785],[-122.1349639,45.5773359],[-122.1322631,45.5777987],[-122.1298428,45.5781792],[-122.1287613,45.5783399],[-122.1285763,45.5783675],[-122.1278346,45.5784782],[-122.1271576,45.5785694],[-122.1258517,45.5787433],[-122.1253812,45.5788019],[-122.1248449,45.5788643],[-122.1244742,45.5789041],[-122.1240901,45.5789414],[-122.1237078,45.5789682],[-122.1233313,45.5789827],[-122.1229361,45.5789918],[-122.1225425,45.5789912],[-122.1221591,45.5789817],[-122.1217695,45.5789617],[-122.1213848,45.5789353],[-122.1210036,45.5788965],[-122.1206275,45.5788495],[-122.1202509,45.5787932],[-122.1198624,45.5787335],[-122.1189604,45.5785866],[-122.1186501,45.5785397],[-122.1183434,45.5784997],[-122.1180476,45.5784684],[-122.1177295,45.5784432],[-122.117425,45.5784291],[-122.1171109,45.5784286],[-122.1167941,45.578442],[-122.1164803,45.5784678],[-122.1161722,45.5785045],[-122.1158724,45.5785489],[-122.1155678,45.5786034],[-122.1152654,45.5786659],[-122.1137031,45.5790116],[-122.1124524,45.5792872],[-122.1116783,45.5794592],[-122.1104771,45.579722],[-122.1071855,45.5804484],[-122.1060426,45.5806964],[-122.1050117,45.580926],[-122.1041704,45.5811182],[-122.1034036,45.5813196],[-122.1031236,45.5813997],[-122.1028127,45.5814967],[-122.1024454,45.5816135],[-122.1019861,45.5817763],[-122.1002965,45.5824291],[-122.0971911,45.583569],[-122.0932759,45.584565],[-122.0919279,45.585037],[-122.0904141,45.5856221],[-122.0824757,45.5889322],[-122.0791359,45.5903103],[-122.0763389,45.5914173],[-122.0737899,45.5924998],[-122.0714205,45.5934462],[-122.0689626,45.5944274],[-122.0667409,45.5952453],[-122.0638485,45.5962343],[-122.0614577,45.5969698],[-122.0596871,45.5974893],[-122.056397,45.5983875],[-122.052912,45.5992868],[-122.0516431,45.5995557],[-122.0484802,45.6003255],[-122.0471097,45.6006493],[-122.0462474,45.6008642],[-122.0459278,45.6009604],[-122.0444492,45.6014232],[-122.0435227,45.6017697],[-122.0431177,45.6019657],[-122.0422797,45.6023727],[-122.0414553,45.6029179],[-122.0406706,45.6034335],[-122.0395413,45.6041815],[-122.0375562,45.6054592],[-122.0353038,45.6067259],[-122.033706,45.6075517],[-122.0332044,45.6077854],[-122.0327354,45.608001],[-122.0311546,45.608687],[-122.0301199,45.6090889],[-122.0286255,45.6096166],[-122.0258487,45.6105057],[-122.0239965,45.6109067],[-122.0220505,45.6112317],[-122.0136197,45.6125537],[-122.0121224,45.6127262],[-122.0112088,45.6127626],[-122.0108297,45.6127765],[-122.0040559,45.6127256],[-122.0032773,45.6127662],[-122.0026601,45.6127822],[-122.0023841,45.6127977],[-122.002076,45.6128356],[-122.0016152,45.6128874],[-122.0006516,45.6130787],[-122.0003955,45.6131385],[-122.0001401,45.6132123],[-121.9998181,45.6133167],[-121.9995155,45.6134286],[-121.9992291,45.6135485],[-121.9989472,45.6136732],[-121.9986402,45.6138216],[-121.9983493,45.6139795],[-121.9980624,45.6141486],[-121.9977808,45.6143214],[-121.996654,45.6150073],[-121.9949241,45.616032],[-121.9942981,45.616364],[-121.9936958,45.6166741],[-121.9922912,45.617363],[-121.9918086,45.6175789],[-121.9915748,45.6176839],[-121.990823,45.6180031],[-121.9896718,45.6184632],[-121.988439,45.618912],[-121.9878322,45.6191319],[-121.987314,45.6193023],[-121.9861925,45.6196582],[-121.9855106,45.6198691],[-121.9846523,45.6201262],[-121.983514,45.6205014],[-121.9827743,45.62076],[-121.9820457,45.6210297],[-121.9812257,45.6213724],[-121.9804061,45.6217249],[-121.9793229,45.6222264],[-121.9783297,45.6226732],[-121.9779103,45.6228672],[-121.977298,45.6231119],[-121.9766412,45.6234132],[-121.976201,45.6236493],[-121.9757528,45.623875],[-121.9748871,45.624268],[-121.9739677,45.6247058],[-121.9733421,45.625003],[-121.9729119,45.6252139],[-121.9716806,45.6258458],[-121.970886,45.6262645],[-121.9699119,45.6267565],[-121.9685769,45.6274141],[-121.9672335,45.6280593],[-121.9649812,45.629144],[-121.9643606,45.6294371],[-121.9638243,45.6296798],[-121.9634629,45.6298602],[-121.9630935,45.6300414],[-121.9623222,45.6303728],[-121.961928,45.6305402],[-121.9615177,45.6306861],[-121.9609082,45.6308806],[-121.9604872,45.6310023],[-121.9596442,45.6311759],[-121.9586735,45.6312998],[-121.9580834,45.6313539],[-121.9571954,45.631426],[-121.9569387,45.6314408],[-121.9561144,45.631532],[-121.9557029,45.6315974],[-121.9548501,45.6318124],[-121.9545176,45.6319193],[-121.9541959,45.6320374],[-121.9541034,45.6320758],[-121.9539419,45.6321532],[-121.9538072,45.6322343],[-121.9514488,45.6337505],[-121.9509198,45.6340718],[-121.950157,45.6344634],[-121.9496722,45.6346723],[-121.9491859,45.6348569],[-121.9485184,45.6350745],[-121.9479745,45.635226],[-121.9474014,45.6353613],[-121.9462395,45.6356522],[-121.9455905,45.6358136],[-121.9445061,45.6360764],[-121.9438942,45.6362301],[-121.9419365,45.6367155],[-121.9413653,45.6368545],[-121.9407951,45.6369973],[-121.9386963,45.6375204],[-121.9379358,45.6376945],[-121.937096,45.6378867],[-121.9344092,45.6385976],[-121.9338334,45.6387881],[-121.9334149,45.6389475],[-121.9331333,45.6390506],[-121.9328478,45.6391817],[-121.9324109,45.6394079],[-121.9321945,45.6395269],[-121.931559,45.63991],[-121.9301265,45.6408146],[-121.9291269,45.6414565],[-121.9271903,45.6426799],[-121.9265646,45.6430693],[-121.9261998,45.6432831],[-121.9254429,45.6436593],[-121.9247362,45.6439901],[-121.9235592,45.644464],[-121.9223873,45.6449537],[-121.9206502,45.6457154],[-121.9188809,45.6464578],[-121.9175278,45.647029],[-121.9168415,45.6473235],[-121.9148287,45.6481612],[-121.9135266,45.6487181],[-121.9102191,45.6502529],[-121.9066028,45.6518665],[-121.905573,45.6524371],[-121.9044225,45.6531278],[-121.9038298,45.6535022],[-121.9034468,45.6537605],[-121.9029769,45.6540931],[-121.9024072,45.6545299],[-121.9016981,45.6551549],[-121.9008946,45.6559616],[-121.900308,45.6565959],[-121.8986862,45.6582089],[-121.8983682,45.6585203],[-121.8981778,45.658763],[-121.8980705,45.6589571],[-121.8980026,45.6591016],[-121.8979658,45.6592409],[-121.8979494,45.6594793],[-121.8980233,45.6597827],[-121.8981385,45.6599871],[-121.898304,45.6602608],[-121.8983688,45.6605401],[-121.8983702,45.6609656]],[[-121.8783864,45.6728233],[-121.878133,45.6728235],[-121.8778812,45.6728035],[-121.8776343,45.6727635],[-121.877037,45.6726456],[-121.8764634,45.6725097],[-121.8761608,45.6724578],[-121.8758001,45.6724128],[-121.8756886,45.6723944],[-121.875553,45.6723645],[-121.8754347,45.6723038],[-121.8752485,45.6721905],[-121.8751776,45.6721474],[-121.8741214,45.6728226],[-121.8734017,45.6732487],[-121.8727206,45.6736291],[-121.8724441,45.6737595],[-121.8721659,45.6738638],[-121.8716307,45.6740197],[-121.8709864,45.6741832],[-121.8703785,45.6743653],[-121.8644282,45.6755103],[-121.8599639,45.676364],[-121.8593355,45.6764888],[-121.8587241,45.676616],[-121.8578702,45.6768368],[-121.8572618,45.6770237],[-121.8562596,45.6773988],[-121.8558182,45.6775979],[-121.8537356,45.6786337],[-121.8515835,45.6797181],[-121.8495555,45.6807279],[-121.8476015,45.6816944],[-121.8464556,45.6822589],[-121.8454054,45.6827719],[-121.8445213,45.6832209],[-121.8442206,45.6833928],[-121.8439434,45.6835632],[-121.8436231,45.6837729],[-121.8433611,45.6839583],[-121.843057,45.6841897],[-121.8427181,45.6844739],[-121.8422923,45.6848784],[-121.8419213,45.6852522],[-121.8415883,45.6856116],[-121.8410598,45.6861842],[-121.840511,45.6868446],[-121.8401271,45.6873389],[-121.8397993,45.6877949],[-121.8389925,45.6889833],[-121.8386421,45.6895413],[-121.838441,45.6898704],[-121.8381548,45.6902967],[-121.8379327,45.6905874],[-121.8375263,45.6910507],[-121.8370351,45.691569],[-121.8366519,45.6919141],[-121.8361933,45.6923119],[-121.8334628,45.6945043],[-121.8329158,45.6949792],[-121.8323938,45.6953213],[-121.8317679,45.6956553],[-121.8311958,45.6958862],[-121.8306633,45.6960765],[-121.8299861,45.6962023],[-121.8291754,45.6963056],[-121.821343,45.6969929],[-121.8199286,45.6971187],[-121.8187632,45.6971862],[-121.8179538,45.6971907],[-121.8169866,45.6971684],[-121.8156209,45.6970472],[-121.8147899,45.6969882],[-121.8139234,45.6969703],[-121.8128111,45.6969863],[-121.811554,45.6970434],[-121.8101495,45.6970622],[-121.8086979,45.6970143],[-121.8061369,45.6968684],[-121.8049654,45.6968282],[-121.8038264,45.6968076],[-121.8027856,45.6967449],[-121.8022717,45.6967036],[-121.8018386,45.6966418],[-121.8014619,45.6965782],[-121.8011063,45.6965155],[-121.8007292,45.6964341],[-121.8000062,45.6962512],[-121.7992604,45.6960184],[-121.7983376,45.6956786],[-121.7974202,45.695337],[-121.7951699,45.694493],[-121.7935663,45.6940419],[-121.7922518,45.6937402],[-121.7899665,45.6932588],[-121.7892129,45.6930985],[-121.7877338,45.6928412],[-121.786175,45.6926181],[-121.7854407,45.6924858],[-121.7847374,45.6922948],[-121.7840792,45.692046],[-121.7827823,45.6914521],[-121.7821171,45.6911395],[-121.7814424,45.6908732],[-121.7807004,45.6906763],[-121.7799837,45.6905466],[-121.7791681,45.6904687],[-121.7783697,45.6905035],[-121.7776599,45.6905422],[-121.7743786,45.6907773],[-121.7736162,45.6908335],[-121.7731969,45.6908664],[-121.769365,45.69113],[-121.7689218,45.6911601],[-121.7680184,45.6912218],[-121.7671664,45.6912656],[-121.7664041,45.6912838],[-121.7654924,45.6912841],[-121.7649854,45.6912721],[-121.7645477,45.691254],[-121.763762,45.6912131],[-121.7631653,45.6911707],[-121.7626612,45.6911217],[-121.7621678,45.6910651],[-121.761805,45.6910259],[-121.7608027,45.6908905],[-121.7583331,45.6905057],[-121.7574909,45.6904199],[-121.7566418,45.6903854],[-121.7557528,45.6903835],[-121.7548851,45.690445],[-121.7546802,45.6904696],[-121.7531711,45.6906446],[-121.7512706,45.6909158],[-121.7481561,45.6913956],[-121.744284,45.6919951],[-121.7435419,45.6920949],[-121.742793,45.6921844],[-121.7420861,45.692249],[-121.7413847,45.6922996],[-121.7403342,45.6923491],[-121.7398974,45.6923535],[-121.7394828,45.6923485],[-121.7388283,45.6923149],[-121.7382616,45.6922589],[-121.7375725,45.6921516],[-121.7369288,45.6920242],[-121.7358466,45.6917353],[-121.7345555,45.6913193],[-121.7333419,45.6909746],[-121.7325027,45.6907887],[-121.7316584,45.6906432],[-121.7304145,45.6905133],[-121.7288572,45.6904717],[-121.72638,45.6903965],[-121.7239063,45.6903587],[-121.7222605,45.6904231],[-121.7215084,45.6904525],[-121.7205455,45.6904278],[-121.7199169,45.6903681],[-121.7192933,45.6902295],[-121.7187432,45.690109],[-121.7182305,45.689902],[-121.7176787,45.6896405],[-121.7171556,45.6893362],[-121.7162433,45.6887159],[-121.7158114,45.6884071],[-121.7153332,45.688129],[-121.7148063,45.6878464],[-121.7145119,45.687708],[-121.7141853,45.6875976],[-121.7136327,45.6874409],[-121.7128299,45.6872895],[-121.7120438,45.6871883],[-121.7105907,45.6870423],[-121.7091164,45.6869817],[-121.7079256,45.6869429],[-121.7067324,45.6869975],[-121.7058397,45.6870889],[-121.7032548,45.6874447],[-121.7021804,45.6875788],[-121.7003242,45.6877621],[-121.6975264,45.687671],[-121.6962835,45.6876789],[-121.6950875,45.687762],[-121.6940679,45.6879267],[-121.6935806,45.6880149],[-121.6929644,45.6881672],[-121.6915389,45.6886005],[-121.6903204,45.6891288],[-121.6897395,45.689379],[-121.688245,45.6904471],[-121.6866914,45.6917437],[-121.6861931,45.6921292],[-121.6856273,45.6924838],[-121.6850264,45.6928325],[-121.6844558,45.6931161],[-121.6839054,45.6933584],[-121.6833191,45.6935717],[-121.6825986,45.6938159],[-121.6817744,45.6940481],[-121.6808715,45.6942324],[-121.6798653,45.6943696],[-121.6784665,45.6945238],[-121.6768828,45.6946653],[-121.6753935,45.6947953],[-121.6751657,45.6948153],[-121.6735076,45.6949551],[-121.673021,45.6950205],[-121.6725483,45.6951065],[-121.6717131,45.6953203],[-121.6705396,45.6957791],[-121.6703323,45.6958706],[-121.6693852,45.6962648],[-121.6682713,45.6966822],[-121.6669808,45.6970834],[-121.6667048,45.6971563],[-121.6654272,45.6973952],[-121.6645781,45.6975348],[-121.6635408,45.6976583],[-121.6582045,45.698184],[-121.6531285,45.6986554],[-121.6478518,45.6991729],[-121.6429391,45.6996525],[-121.6411398,45.6998024],[-121.6400729,45.6997897],[-121.6389958,45.6997099],[-121.6378637,45.6995635],[-121.6354166,45.699334],[-121.6345435,45.6993004],[-121.6332324,45.6993084],[-121.6317977,45.6993976],[-121.6308864,45.6995274],[-121.6299841,45.6996881],[-121.6289838,45.699975],[-121.6279867,45.7002988],[-121.6265317,45.7008543],[-121.6257429,45.7012116],[-121.624262,45.7018856],[-121.6226509,45.7026115],[-121.620783,45.7034545],[-121.6196538,45.7039039],[-121.61881,45.7041452],[-121.6172291,45.7044089],[-121.6160999,45.7044479],[-121.6090702,45.704377],[-121.6044534,45.7044508],[-121.5932501,45.704879],[-121.5923165,45.7049155],[-121.5918825,45.7049307],[-121.5911184,45.7049659],[-121.5903729,45.7050062],[-121.5896036,45.70506],[-121.5884631,45.7051638],[-121.5880295,45.7052163],[-121.5876131,45.7052621],[-121.5871348,45.7053264],[-121.5865085,45.7054231],[-121.5859551,45.7055143],[-121.585244,45.7056466],[-121.585014,45.7056905],[-121.5845186,45.7057775],[-121.5841663,45.7058534],[-121.5834302,45.7060273],[-121.5828139,45.7061714],[-121.5822253,45.7063231],[-121.581409,45.7065332],[-121.5807325,45.706718],[-121.5803106,45.7068244],[-121.5799881,45.7068968],[-121.5797016,45.7069407],[-121.579339,45.7069902],[-121.5790149,45.7070193],[-121.5787224,45.7070365],[-121.5783403,45.7070428],[-121.578044,45.7070403],[-121.5777191,45.7070197],[-121.577503,45.7070019],[-121.5766567,45.70691],[-121.5759814,45.7068487],[-121.5752153,45.7067872],[-121.5748286,45.7067738],[-121.5743857,45.7067645],[-121.573734,45.7067588],[-121.5732216,45.7067741],[-121.5728524,45.7067872],[-121.5722699,45.7068275],[-121.5716104,45.7068777],[-121.5706143,45.7070174],[-121.5693365,45.7072488],[-121.5683025,45.7074447],[-121.5667819,45.7077534],[-121.5658192,45.707946],[-121.5650976,45.70809],[-121.5618945,45.7087047],[-121.5544585,45.7103298],[-121.5537081,45.7104297],[-121.5527974,45.7105682],[-121.5524151,45.7106164],[-121.5520374,45.7106499],[-121.5517557,45.7106524],[-121.5515431,45.7106486],[-121.5511303,45.7106338],[-121.5508663,45.7106363],[-121.5506147,45.7106629],[-121.550388,45.7107031],[-121.5502019,45.7107544],[-121.549945,45.7108565],[-121.5498075,45.7109371],[-121.549741,45.7109761]],[[-121.502897,45.7077323],[-121.502853,45.7075826],[-121.502839,45.707537],[-121.5030352,45.7075003],[-121.5030904,45.707494]],[[-121.5017342,45.7102189],[-121.5015049,45.7102219],[-121.5012091,45.7102273],[-121.5006505,45.7102696],[-121.4999653,45.7103006],[-121.4995093,45.7103304],[-121.4988889,45.7103489],[-121.4981737,45.7103614],[-121.4973613,45.7103363],[-121.4961033,45.7102779],[-121.4956678,45.7102135],[-121.4948709,45.7100903],[-121.4939616,45.7099213],[-121.4935281,45.7098285],[-121.493066,45.709728],[-121.4921256,45.7094919],[-121.4914971,45.709318],[-121.4901917,45.7088931],[-121.4876239,45.7079449],[-121.4861229,45.7073853],[-121.4847054,45.7068188],[-121.4838885,45.7064423],[-121.4812823,45.7052094],[-121.4793435,45.7042574],[-121.4726984,45.7010706],[-121.4719566,45.7007059],[-121.4704288,45.70001],[-121.4696092,45.6996711],[-121.4687162,45.6993467],[-121.4676315,45.6989914],[-121.463266,45.6977904],[-121.4625911,45.6975592],[-121.4611332,45.696972],[-121.4604343,45.6967047],[-121.4595761,45.6964418],[-121.4590793,45.6963236],[-121.4586457,45.6962421],[-121.4582941,45.6961786],[-121.4577419,45.6961088],[-121.4574072,45.6960733],[-121.4568501,45.6960384],[-121.4557745,45.6959926],[-121.4521757,45.6959039],[-121.4489592,45.6958068],[-121.448572,45.6957768],[-121.4481426,45.6957113],[-121.44777,45.6956339],[-121.4473336,45.6955243],[-121.4463439,45.6951302],[-121.4457,45.6947942],[-121.4449788,45.6943803],[-121.4436145,45.6935621],[-121.4429358,45.6931493],[-121.4422916,45.6927438],[-121.4416532,45.6923368],[-121.4409918,45.6918915],[-121.4400604,45.6911989],[-121.4380726,45.689814],[-121.4376322,45.68953],[-121.4371782,45.6892848],[-121.4364151,45.6889226],[-121.4352861,45.6885503],[-121.4347394,45.6884079],[-121.4341707,45.6882936],[-121.4336152,45.6881729],[-121.4330271,45.6880644],[-121.4295157,45.6874138],[-121.426269,45.6867999],[-121.4246321,45.6864887],[-121.422983,45.6862715],[-121.4215957,45.6862021],[-121.4202997,45.6862321],[-121.4198649,45.6862841],[-121.4187022,45.6864233],[-121.4170639,45.6867897],[-121.4150266,45.6872004],[-121.4132128,45.6875494],[-121.4119937,45.6876795],[-121.4112691,45.6876721],[-121.4105064,45.687601],[-121.4084936,45.6872812],[-121.4060604,45.6868806],[-121.405038,45.6867051],[-121.4048447,45.6866628],[-121.4043881,45.686563],[-121.4040406,45.686487],[-121.403581,45.6863787],[-121.4033471,45.6863292],[-121.402949,45.6862171],[-121.4026495,45.6861203],[-121.4023492,45.6859926],[-121.4021012,45.6858647],[-121.4019001,45.6857385],[-121.4016767,45.685598],[-121.4015595,45.6855437],[-121.4014494,45.6855171]],[[-121.501829,45.7099469],[-121.5016924,45.7099442],[-121.5015645,45.7099835],[-121.501424,45.7101023],[-121.5013437,45.7101662],[-121.5012091,45.7102273]],[[-121.1869988,45.6036611],[-121.1868767,45.6035691],[-121.1867842,45.6034762],[-121.1867466,45.6033646],[-121.1867486,45.6033459],[-121.1867601,45.6032389],[-121.1867775,45.6032126],[-121.1868285,45.6031507],[-121.1869676,45.6029944],[-121.1870056,45.6029511],[-121.1870202,45.6029086],[-121.1870163,45.602862],[-121.1870041,45.6028101],[-121.186968,45.6027531],[-121.1865075,45.6025326],[-121.1861538,45.6023632],[-121.1861132,45.602344],[-121.1860438,45.6023111],[-121.1859459,45.6022646],[-121.1858888,45.6022373],[-121.1857913,45.6021907],[-121.185501,45.6020518],[-121.1854355,45.6020205],[-121.185392,45.6019997],[-121.1853534,45.6019812],[-121.185123,45.6018714],[-121.1849381,45.6017832],[-121.1848442,45.6017384],[-121.184766,45.6017008],[-121.1844215,45.6015352],[-121.1838729,45.6012814],[-121.1837635,45.6012308],[-121.1836431,45.6011734],[-121.1830544,45.6008929],[-121.1830258,45.6008793],[-121.1826728,45.6007117],[-121.1825796,45.6006674],[-121.182469,45.6006154],[-121.1822046,45.6004909],[-121.1821248,45.6004534],[-121.1819302,45.6003618],[-121.1816839,45.6002459],[-121.1814586,45.6001398],[-121.1813306,45.6000796],[-121.1812395,45.6000357],[-121.1811483,45.5999918],[-121.1810233,45.5999316],[-121.1805655,45.5997111],[-121.1805348,45.5996968],[-121.180481,45.5996708],[-121.1802351,45.599552],[-121.1801551,45.5995133],[-121.1800562,45.5994659],[-121.1797901,45.5993383],[-121.1796518,45.599272],[-121.1793267,45.5991162],[-121.179057,45.5989868],[-121.178958,45.5989394],[-121.1788291,45.5988787],[-121.1778329,45.598409],[-121.1777242,45.5983577],[-121.1775967,45.5983001],[-121.1766087,45.5978541],[-121.176584,45.597843],[-121.1764791,45.5977956],[-121.1762667,45.5977079],[-121.1761093,45.597659],[-121.175915,45.5976105],[-121.1757751,45.5975817],[-121.1756245,45.5975605],[-121.1754185,45.597546],[-121.1752596,45.597541],[-121.1751226,45.5975416],[-121.1749263,45.5975599],[-121.1747001,45.5975892],[-121.174517,45.5975994],[-121.1743326,45.5975985],[-121.1740679,45.5975825]],[[-121.1733991,45.5973728],[-121.1732662,45.59729],[-121.1732374,45.597272],[-121.1731441,45.5971677],[-121.1731256,45.5971176],[-121.1730851,45.5970743],[-121.1730267,45.5970424],[-121.1729568,45.5970255],[-121.1728875,45.5970246],[-121.1728212,45.5970385],[-121.1727533,45.5970723],[-121.1727226,45.5971019],[-121.172698,45.5971449],[-121.1725563,45.5971837],[-121.1724145,45.5972225]],[[-121.1386351,45.6021526],[-121.1379084,45.6024632],[-121.1362567,45.6031901],[-121.1353212,45.6035924],[-121.1345769,45.6038935],[-121.1311779,45.6051439],[-121.1294619,45.6058072],[-121.1286406,45.6061624],[-121.1280036,45.6064934],[-121.127405,45.6068606],[-121.1267027,45.6072878],[-121.1260489,45.6077622],[-121.1253981,45.608311],[-121.124775,45.608885],[-121.1245065,45.6091878],[-121.1238934,45.6099057],[-121.1226987,45.6114102],[-121.1221703,45.6120669],[-121.121624,45.6126837],[-121.1208331,45.6134569],[-121.1200255,45.6141746],[-121.1191751,45.6148731],[-121.1189477,45.615051],[-121.1187254,45.6152021],[-121.118583,45.6153265],[-121.1167903,45.6164654],[-121.1155457,45.6173426],[-121.1148954,45.6178169],[-121.1143096,45.6182999],[-121.1119236,45.6205184],[-121.1110418,45.6213925],[-121.1101616,45.622189],[-121.1068783,45.6253765],[-121.1039941,45.6280677],[-121.1026274,45.6293643],[-121.1011974,45.630636],[-121.1002266,45.6314452],[-121.099095,45.6323293],[-121.0982096,45.6329647],[-121.0977583,45.6332763],[-121.0963421,45.6341971],[-121.0949802,45.635013],[-121.0942407,45.6354335],[-121.0933115,45.6360255],[-121.092869,45.6362835],[-121.0924206,45.6365379],[-121.091384,45.6370667],[-121.0903793,45.6375515],[-121.0889407,45.6381467],[-121.0847067,45.639851],[-121.0795907,45.6419914],[-121.0718604,45.6452096],[-121.071035,45.6455375],[-121.0701009,45.6458517],[-121.068513,45.6462897],[-121.0675844,45.6465228],[-121.066623,45.6467034],[-121.0655669,45.646882],[-121.0644961,45.6470097],[-121.0623332,45.6471597],[-121.0546781,45.6473529],[-121.0504457,45.6474597],[-121.0491795,45.6475038],[-121.0480664,45.6475],[-121.0426093,45.6473997],[-121.0238467,45.6470397],[-121.0100795,45.6469017],[-121.0088658,45.6468719],[-121.0074038,45.6467762],[-121.0059768,45.6466317],[-121.0031136,45.6463686],[-121.000706,45.6460864],[-120.9902532,45.6448664],[-120.9876722,45.6444758],[-120.9854661,45.6440857],[-120.982368,45.6435273],[-120.9817688,45.643464],[-120.9811448,45.6434468],[-120.9804824,45.6434515],[-120.9798745,45.643489],[-120.9788483,45.6436022],[-120.977309,45.6438505],[-120.9746581,45.6442384],[-120.9721809,45.6446291],[-120.9702035,45.6450503],[-120.9688689,45.6454262],[-120.9672724,45.6459629],[-120.9657376,45.6466029],[-120.964413,45.6472057],[-120.9611045,45.6487318],[-120.9580904,45.6501627],[-120.9574174,45.6504791],[-120.9561605,45.6510991],[-120.9549263,45.6516777],[-120.9543003,45.6519619],[-120.9533578,45.6524126],[-120.9523665,45.6528582],[-120.9515059,45.6532048],[-120.9507801,45.6534148],[-120.9495384,45.6537328],[-120.9484883,45.6538959],[-120.9476629,45.6539571],[-120.9466161,45.6539685],[-120.9456732,45.6539099],[-120.9447194,45.6537732],[-120.9436921,45.6535559],[-120.9427745,45.6532783],[-120.9416023,45.6527986],[-120.9407486,45.6523032],[-120.9394148,45.6513497],[-120.9381202,45.6502781],[-120.9313899,45.6445136],[-120.929718,45.643069],[-120.9292956,45.6427014],[-120.923636,45.6378837],[-120.92255,45.63715],[-120.9217368,45.6366785],[-120.920463,45.6361044],[-120.9193781,45.6357396],[-120.918048,45.635414],[-120.916598,45.6351981],[-120.9155349,45.6351356],[-120.9143139,45.635154],[-120.913266,45.6352443],[-120.9091526,45.6357632],[-120.9053037,45.636281],[-120.9040091,45.6364434],[-120.9020027,45.6368029],[-120.9009172,45.637042],[-120.8998924,45.6372794],[-120.898096,45.6377952],[-120.8966037,45.6383015],[-120.8952122,45.6388366],[-120.8939176,45.6394005],[-120.8924507,45.6401083],[-120.8908327,45.6410128],[-120.88938,45.641938],[-120.8824792,45.6468805],[-120.8820403,45.6471981],[-120.876175,45.651418],[-120.874203,45.652677],[-120.871716,45.654141],[-120.866442,45.657334],[-120.866276,45.657434],[-120.865038,45.658098],[-120.860184,45.661025],[-120.858197,45.662054],[-120.853375,45.664045],[-120.8426659,45.6684101],[-120.8393873,45.6697196],[-120.8363227,45.6709751],[-120.8354626,45.6713254],[-120.833452,45.6720758],[-120.8321102,45.6725141],[-120.8312749,45.6727736],[-120.8307921,45.6729236],[-120.830088,45.6731443],[-120.8219895,45.6756576],[-120.8209895,45.6759014],[-120.8202137,45.6760493],[-120.8193475,45.6761922],[-120.8122862,45.6771822],[-120.8089646,45.677651],[-120.8042014,45.6783334],[-120.8022141,45.6786961],[-120.8005523,45.6790438],[-120.7988737,45.6794398],[-120.7936881,45.6808752],[-120.7696958,45.6875778],[-120.7646307,45.6890264],[-120.7531333,45.6922288],[-120.7521829,45.6924856],[-120.7513974,45.6926568],[-120.7506441,45.692775],[-120.7497109,45.6928765],[-120.7488459,45.6929228],[-120.7470656,45.6930168],[-120.7460383,45.6930871],[-120.7449945,45.6932425],[-120.7441028,45.6934217],[-120.7433454,45.6936202],[-120.7426928,45.6938331],[-120.7392443,45.6950432],[-120.7345165,45.6967255],[-120.7340565,45.696888],[-120.73338,45.697127],[-120.7307672,45.6980499],[-120.7302417,45.6982372],[-120.7263781,45.6996078],[-120.7235544,45.7006157],[-120.7153711,45.7035082],[-120.7143541,45.7037837],[-120.7129225,45.7040485],[-120.7055307,45.7052418],[-120.7028761,45.7057438],[-120.6971005,45.7070608],[-120.6964459,45.7072218],[-120.6957138,45.7074253],[-120.6949898,45.7076362],[-120.6943177,45.7078542],[-120.6936671,45.7080872],[-120.6924629,45.7085189],[-120.6912936,45.7089581],[-120.6888346,45.7099825],[-120.6863715,45.7111465],[-120.6844252,45.7121719],[-120.6833988,45.7127413],[-120.6820977,45.7135806],[-120.6814518,45.7139725],[-120.6725001,45.7200558],[-120.6706367,45.7212064],[-120.6614199,45.726286],[-120.6605348,45.7267577],[-120.6598503,45.7270797],[-120.658856,45.7275261],[-120.6577633,45.7278892],[-120.6574477,45.7279818],[-120.6552187,45.728629],[-120.6548532,45.728735],[-120.6526156,45.7293847],[-120.6518558,45.7296496],[-120.6509743,45.7300676],[-120.6501901,45.7304872],[-120.6495958,45.7308732],[-120.6491875,45.7311679],[-120.6488434,45.7314536],[-120.6481847,45.732055],[-120.6471368,45.733264],[-120.6458928,45.7347502],[-120.6450331,45.7355323],[-120.6438744,45.7362961],[-120.6426835,45.7368278],[-120.6413424,45.7372995],[-120.6340575,45.7392015],[-120.631783,45.7396882],[-120.6305063,45.7398454],[-120.6293261,45.7399203],[-120.6138304,45.7402045],[-120.6070929,45.7403172],[-120.6056412,45.7403153],[-120.6040905,45.7402872],[-120.6024151,45.7402241],[-120.6001759,45.7400776],[-120.5982125,45.7398829],[-120.5960774,45.7396433],[-120.5940175,45.7393587],[-120.5920243,45.7390095],[-120.5891788,45.7384152],[-120.5871081,45.7379285],[-120.5764437,45.7354274],[-120.5737615,45.7346861],[-120.5708647,45.7337949],[-120.568676,45.7330536],[-120.5652106,45.7317505],[-120.561316,45.7300505],[-120.558033,45.7283504],[-120.5560399,45.7271267],[-120.5540526,45.7257965],[-120.551939,45.7241188],[-120.5502868,45.7226507],[-120.5485487,45.720928],[-120.5460489,45.7184336],[-120.5425942,45.7149578],[-120.5413604,45.7136843],[-120.538528,45.7108974],[-120.5371869,45.7096763],[-120.5343459,45.7074501],[-120.5238295,45.7008426],[-120.5230936,45.7003913],[-120.5221146,45.6998644],[-120.520093,45.6987959],[-120.5159724,45.6966788],[-120.5118383,45.6945206],[-120.5090559,45.6931617],[-120.5071116,45.6923895],[-120.5050969,45.6917003],[-120.5044653,45.6915219],[-120.5011912,45.6906204],[-120.5002552,45.6903805],[-120.4996878,45.6902424],[-120.4986929,45.6899968],[-120.4954606,45.6892295],[-120.48998,45.6879231],[-120.4882169,45.6876391],[-120.486378,45.6874579],[-120.4844792,45.6873455],[-120.481006,45.6872598],[-120.4796087,45.6872486],[-120.4781297,45.6872774],[-120.4741594,45.6874904],[-120.4672882,45.6878191],[-120.4644145,45.6879985],[-120.4615028,45.6882485],[-120.444994,45.6902914],[-120.4406166,45.6906732],[-120.4362822,45.6908985],[-120.4214905,45.6913823],[-120.4191271,45.691505],[-120.4167858,45.6916874],[-120.4107368,45.6923149],[-120.4074001,45.6925472],[-120.405387,45.6925927],[-120.4033124,45.6925622],[-120.3927875,45.6922774],[-120.3902662,45.6923149],[-120.388571,45.6924273],[-120.3849983,45.6929744],[-120.3822517,45.693454],[-120.3795612,45.6939297],[-120.3755033,45.6946755],[-120.3748025,45.6948076],[-120.3743828,45.6948868],[-120.371449,45.6954399],[-120.3690481,45.6960274],[-120.3682613,45.6963091],[-120.3651822,45.6973807],[-120.3597748,45.6993815],[-120.3585058,45.6997091],[-120.3571784,45.6999809],[-120.3557944,45.7001608],[-120.3544748,45.7002357],[-120.3489923,45.7002282],[-120.3472954,45.7003279],[-120.3353882,45.7016069],[-120.3303134,45.702049],[-120.325464,45.7025585],[-120.2959919,45.7057429],[-120.2866042,45.706657],[-120.281508,45.7073987],[-120.2721095,45.7091818],[-120.2511775,45.7131749],[-120.2460062,45.7141413],[-120.2346873,45.7163287],[-120.2277458,45.7176096],[-120.2252781,45.7180666],[-120.2236795,45.7183437],[-120.2209437,45.7185984],[-120.2169601,45.7188503],[-120.2149463,45.7189954],[-120.2118993,45.7194074],[-120.2105689,45.719677],[-120.2086346,45.7201102],[-120.2067963,45.720642],[-120.2054445,45.7210765],[-120.2041248,45.7215783],[-120.2030949,45.7220127],[-120.2021507,45.7224172],[-120.1983673,45.7245444],[-120.1982454,45.7246418],[-120.1965181,45.7258401],[-120.1948551,45.7271134],[-120.1925162,45.729158],[-120.1910142,45.7304836],[-120.1807145,45.7399115],[-120.1791696,45.7413342],[-120.1782791,45.7421429],[-120.1773457,45.7428617],[-120.1751462,45.7441944],[-120.169591,45.747344],[-120.165882,45.7494778],[-120.1649539,45.7499668],[-120.1633445,45.7507529],[-120.1611773,45.7514416],[-120.1555384,45.7528751],[-120.1536778,45.753388],[-120.1510023,45.7543017],[-120.1481268,45.7554527],[-120.1432348,45.7576448],[-120.139589,45.7592595],[-120.1380023,45.7599697],[-120.1371945,45.760325],[-120.1363567,45.7606143],[-120.1350565,45.7610454],[-120.1336247,45.7614425],[-120.1315264,45.7619344],[-120.1261628,45.7631973],[-120.1187276,45.7649592],[-120.1171743,45.7652809],[-120.1155939,45.7655573],[-120.078246,45.771472],[-120.0724498,45.7726013],[-120.0693385,45.7733347],[-120.0670532,45.7739932],[-120.0647358,45.7748014],[-120.0625793,45.7756844],[-120.0612543,45.776327],[-120.0600473,45.7769864],[-120.0527624,45.7810645],[-120.0513462,45.7818276],[-120.0498978,45.7825235],[-120.0438468,45.7849252],[-120.0396053,45.7866175],[-120.0388261,45.7869355],[-120.0321541,45.7895591],[-120.0248782,45.7924738],[-120.0220672,45.7935735],[-120.0206188,45.7941719],[-120.0174293,45.7954559],[-120.0161983,45.7959446],[-120.0138918,45.7968649],[-120.0108127,45.7979345],[-120.0089464,45.798526],[-120.0070683,45.7990266],[-120.0043968,45.7996549],[-120.001148,45.800288],[-119.999664,45.800559],[-119.9761,45.804873],[-119.972854,45.8054589],[-119.960047,45.8078416],[-119.9548134,45.8087908],[-119.9540295,45.8089405],[-119.9492506,45.8097891],[-119.940647,45.811373],[-119.902189,45.818412],[-119.88218,45.8220345],[-119.8801749,45.8223036],[-119.8761443,45.8227029],[-119.805981,45.8288035],[-119.8042479,45.8289722],[-119.8009411,45.8292484],[-119.7981801,45.8294971],[-119.7945279,45.8297971],[-119.7880271,45.8303566],[-119.7814947,45.8309099],[-119.7736475,45.831597],[-119.766558,45.832281],[-119.7615559,45.8326392],[-119.7413017,45.8343716],[-119.7297014,45.8354029],[-119.7210694,45.8361294],[-119.7072391,45.8373551],[-119.7046862,45.8375656],[-119.7022426,45.8377448],[-119.7003154,45.8379263],[-119.6953086,45.8382969],[-119.685468,45.839219],[-119.6756273,45.8400638],[-119.6735324,45.8402483],[-119.6708128,45.8404019],[-119.6686582,45.8404176],[-119.667984,45.8404176],[-119.6656172,45.8403577],[-119.6632838,45.8402189],[-119.6613569,45.8400418],[-119.659436,45.839809],[-119.655922,45.839226],[-119.65294,45.838735],[-119.639726,45.836569],[-119.6325717,45.835267],[-119.6244398,45.8338959],[-119.6242724,45.8338656],[-119.6235643,45.8337512],[-119.6183976,45.8328843],[-119.6161879,45.8325381],[-119.588509,45.827839],[-119.5612303,45.8232781],[-119.5598045,45.8230288],[-119.5517559,45.8217288],[-119.544613,45.820575],[-119.5355484,45.8192451],[-119.4981263,45.812949],[-119.4711386,45.8083381],[-119.43531,45.8022804],[-119.4271132,45.8008892],[-119.4181493,45.7993559],[-119.4049813,45.797109],[-119.4024309,45.7966772],[-119.3931915,45.7951091],[-119.3923249,45.7949646],[-119.3832957,45.7934337],[-119.3787638,45.7926258],[-119.3686358,45.7909261],[-119.3609592,45.7896905],[-119.3499075,45.787772],[-119.3423974,45.7864972],[-119.3420658,45.7864409],[-119.3294407,45.7842586],[-119.3182189,45.7823433],[-119.3087867,45.7807433],[-119.2950439,45.7783939],[-119.282223,45.776202],[-119.273318,45.774679],[-119.264815,45.7732083],[-119.2558285,45.7716398],[-119.2459151,45.7699455],[-119.2371861,45.7684307],[-119.225879,45.766566],[-119.220209,45.76559],[-119.2184735,45.7652916],[-119.217127,45.76506],[-119.2129046,45.7642695],[-119.2111107,45.7639761],[-119.2088116,45.7635765],[-119.2040987,45.7627865],[-119.1933389,45.7609244],[-119.182926,45.7591367],[-119.1160224,45.747571],[-119.1120096,45.7469037],[-119.1051066,45.7456772],[-119.0977907,45.7444161],[-119.0909017,45.7431466],[-119.0874151,45.7422121],[-119.0838106,45.7410836],[-119.0791365,45.7395201],[-119.078132,45.7392265],[-119.0775137,45.7390342],[-119.0613926,45.7338018],[-119.0516826,45.7306441],[-119.0384295,45.7263427],[-119.0191429,45.7200679],[-119.0087194,45.7166604],[-119.0014287,45.7142896],[-118.9893057,45.7103529],[-118.9779562,45.7066571],[-118.9379597,45.6936317],[-118.9273434,45.6901475],[-118.9209805,45.6880761],[-118.910561,45.6846473],[-118.8964865,45.680075],[-118.8899155,45.6779004],[-118.8888768,45.6775685],[-118.8838799,45.6762087],[-118.8816363,45.6758502],[-118.8790682,45.6756579],[-118.8761496,45.675628],[-118.873662,45.6758553],[-118.870915,45.6763391],[-118.8694655,45.6767078],[-118.8679885,45.6771322],[-118.8646496,45.6782227],[-118.862763,45.678678],[-118.8606579,45.6789129],[-118.859123,45.6789865],[-118.8569601,45.6788717],[-118.8558266,45.6787184],[-118.8546966,45.6785265],[-118.8527569,45.678025],[-118.8516524,45.6775478],[-118.8509433,45.6772722],[-118.8504455,45.6769727],[-118.8499683,45.67656],[-118.8495348,45.6761294],[-118.84842,45.675089],[-118.8482324,45.6748553],[-118.8479627,45.6748896],[-118.8460626,45.6753739],[-118.8457654,45.6754637],[-118.8443686,45.6759213],[-118.8437332,45.6761392],[-118.8433515,45.6762413],[-118.8423223,45.676285]],[[-118.803432,45.6685289],[-118.803076,45.6684105],[-118.802613,45.6683373],[-118.8023474,45.6683045],[-118.8020602,45.6682687],[-118.8013445,45.6681905],[-118.8013318,45.6681881],[-118.8010363,45.6681326],[-118.8009815,45.6681236],[-118.8004191,45.6680312],[-118.8000935,45.6679832],[-118.7995719,45.6679668],[-118.7991801,45.6679798],[-118.7990675,45.6679844],[-118.7980959,45.6682167],[-118.7962483,45.6687795],[-118.7953157,45.6690612],[-118.7943813,45.6693393],[-118.7934653,45.6696361],[-118.7925162,45.6699136],[-118.792184,45.6700169],[-118.7915753,45.6702061],[-118.7912905,45.6702973],[-118.7906592,45.6704993],[-118.7897265,45.670786],[-118.7892961,45.6709139],[-118.7891975,45.6709432],[-118.7887775,45.6710679],[-118.7884926,45.6711559],[-118.7878625,45.6713506],[-118.7876731,45.6714089],[-118.7875271,45.6714539],[-118.7870102,45.671613],[-118.7868923,45.6716493],[-118.7867712,45.671687],[-118.785932,45.6719486],[-118.7857391,45.6720044],[-118.7856885,45.672019],[-118.7855741,45.6720521],[-118.785267,45.672141],[-118.7849814,45.6722237],[-118.7845578,45.6723546],[-118.78453,45.6723632],[-118.7840625,45.6725076],[-118.783685,45.6726231],[-118.7831313,45.6728081],[-118.7824731,45.6730104],[-118.7821995,45.6730838],[-118.7812624,45.6733739],[-118.780351,45.6736453],[-118.779361,45.6739088],[-118.7788766,45.674044]],[[-118.7387889,45.662945],[-118.7375631,45.6620279],[-118.7371981,45.661717],[-118.7368923,45.6614114],[-118.736667,45.6611227],[-118.7364471,45.6607834],[-118.7359965,45.6599792],[-118.7358946,45.6598049],[-118.7356907,45.6595649],[-118.7354359,45.6593475],[-118.7351838,45.6591956],[-118.7348646,45.6590438],[-118.73454,45.6589257],[-118.7341458,45.6588525],[-118.7337354,45.658815],[-118.7327135,45.6587719],[-118.731544,45.6587213],[-118.7309861,45.6586857],[-118.7305436,45.6586482],[-118.7295656,45.6585985],[-118.7288214,45.6584671],[-118.72555,45.6578891],[-118.7208362,45.6570654],[-118.7169612,45.6563883],[-118.7166665,45.6563368],[-118.7143725,45.6559317],[-118.7132835,45.6557367],[-118.7127324,45.6556338],[-118.712157,45.6555043],[-118.7115642,45.6553449],[-118.7110573,45.6551912],[-118.7103385,45.6549287],[-118.7098235,45.6547169],[-118.7093031,45.6544675],[-118.7086862,45.6541413],[-118.7081552,45.6538188],[-118.706519,45.652752],[-118.7049024,45.6517059],[-118.7023321,45.6500315],[-118.7010312,45.6491859],[-118.7001181,45.6485941],[-118.6997149,45.6483329],[-118.6981371,45.6473127],[-118.69655,45.6462759],[-118.6949211,45.6452089],[-118.6933089,45.644162],[-118.6920297,45.6433075],[-118.6915335,45.6429906],[-118.6908144,45.6425193],[-118.6903911,45.6422519],[-118.6892241,45.6415147],[-118.6876762,45.6404997],[-118.6848291,45.6386505],[-118.6805375,45.6358628],[-118.6798082,45.6353833],[-118.6789452,45.6348243],[-118.6736539,45.6313968],[-118.6567371,45.6203786],[-118.6559755,45.6198833],[-118.6555517,45.6195944],[-118.6551279,45.6192905],[-118.6545523,45.6188387],[-118.6540349,45.6183693],[-118.6535492,45.6178866],[-118.6531216,45.6173938],[-118.6527742,45.6169529],[-118.6525024,45.6165721],[-118.6522083,45.6161115],[-118.6520433,45.6158404],[-118.6518931,45.6155712],[-118.651645,45.6151087],[-118.6513889,45.6145731],[-118.6511716,45.6140384],[-118.6509919,45.6135505],[-118.6508015,45.6129361],[-118.6506576,45.6123609],[-118.6505172,45.6116471],[-118.6504045,45.610784],[-118.6503053,45.6098478],[-118.6501712,45.608707],[-118.6500639,45.6077406],[-118.6499137,45.6065547],[-118.649805,45.6055687],[-118.6497554,45.6051511],[-118.649679,45.6046623],[-118.6496227,45.6044118],[-118.6495717,45.6042504],[-118.6494845,45.6040243],[-118.6493517,45.6037738],[-118.6491573,45.6035158],[-118.6489414,45.6032803],[-118.6487201,45.603087],[-118.6484666,45.6029059],[-118.6482266,45.6027624],[-118.6479597,45.6026301],[-118.6476593,45.6025043],[-118.6472623,45.6023673],[-118.6468506,45.6022454],[-118.6461318,45.6020624],[-118.6408524,45.6007511],[-118.6403006,45.6006127],[-118.639842,45.600486],[-118.6394343,45.6003528],[-118.6391996,45.6002552],[-118.6389636,45.6001342],[-118.6387731,45.6000122],[-118.6385934,45.5998611],[-118.6384647,45.5997326],[-118.6383306,45.5995552],[-118.6382166,45.5993666],[-118.6381468,45.5991733],[-118.6381213,45.5990692],[-118.6380999,45.5988928],[-118.6381052,45.5986629],[-118.6381549,45.5984461],[-118.6382233,45.5982838],[-118.6383493,45.5980586],[-118.63847,45.5978981],[-118.6386631,45.5977226],[-118.6388791,45.5975594],[-118.6391003,45.5974289],[-118.6393619,45.5973107],[-118.6396851,45.5972084],[-118.6399412,45.5971502],[-118.6402899,45.5971033],[-118.6406265,45.5970921],[-118.6409524,45.5970949],[-118.6413984,45.5971174],[-118.6422667,45.5971671],[-118.6426905,45.5971737],[-118.6430311,45.5971587],[-118.6433664,45.5971249],[-118.6437969,45.5970367],[-118.6441,45.5969522],[-118.6443736,45.5968565],[-118.6446458,45.5967374],[-118.6448966,45.5966069],[-118.645142,45.5964455],[-118.6453298,45.5963038],[-118.6455336,45.5961096],[-118.6456677,45.5959632],[-118.645834,45.5957408],[-118.6459413,45.5955353],[-118.6460271,45.595341],[-118.6461023,45.5950839],[-118.6461318,45.594885],[-118.6461344,45.5946344],[-118.6461076,45.5944101],[-118.6460379,45.594168],[-118.6459668,45.5939841],[-118.6457965,45.5936791],[-118.6456195,45.5934304],[-118.6453606,45.5931367],[-118.6434503,45.5910422],[-118.642543,45.5900416],[-118.6416453,45.5890585],[-118.6411468,45.5885122],[-118.6405125,45.5878118],[-118.6400539,45.5873031],[-118.6398051,45.5870305],[-118.6396194,45.5868113],[-118.6394713,45.5866212],[-118.6392968,45.5863317],[-118.6391996,45.5861177],[-118.6391325,45.5858662],[-118.639103,45.5855452],[-118.6391084,45.5853087],[-118.6391312,45.5851341],[-118.6391898,45.5849511],[-118.6392479,45.5847877],[-118.6393458,45.584601],[-118.6394987,45.5843785],[-118.6396542,45.5841814],[-118.6398286,45.5840125],[-118.6400579,45.5838257],[-118.6403677,45.5836295],[-118.6408489,45.5833726],[-118.6416996,45.5829639],[-118.6421084,45.5827679],[-118.6424142,45.5825896],[-118.6425832,45.5824675],[-118.6428005,45.5822836],[-118.6429453,45.5821278],[-118.6430687,45.5819513],[-118.6431813,45.5817429],[-118.643243,45.5815308],[-118.6432886,45.581298],[-118.6432645,45.581054],[-118.643235,45.5808437],[-118.6431813,45.580686],[-118.6430928,45.5805002],[-118.6429346,45.5802786],[-118.6427629,45.5800797],[-118.642543,45.5798957],[-118.642247,45.5797176],[-118.6420579,45.5796222],[-118.6418113,45.5795263],[-118.6414835,45.5794254],[-118.6412501,45.5793766],[-118.6410218,45.5793463],[-118.6407887,45.5793299],[-118.6405058,45.5793334],[-118.6401746,45.5793578],[-118.6398688,45.5794076],[-118.6394973,45.5794855],[-118.6360922,45.580442],[-118.6355665,45.5805903],[-118.634991,45.5807473],[-118.6346009,45.5808503],[-118.6342952,45.5809113],[-118.6340229,45.5809517],[-118.6338313,45.5809647],[-118.6334945,45.5809667],[-118.6331861,45.5809404],[-118.6328495,45.5808775],[-118.6325692,45.5807893],[-118.6322688,45.5806672],[-118.6320394,45.5805405],[-118.6317658,45.5803425],[-118.6315593,45.5801275],[-118.6314158,45.5799238],[-118.6313152,45.5797145],[-118.6312388,45.5794845],[-118.6311999,45.5792011],[-118.6311999,45.5784069],[-118.6312066,45.5782342],[-118.6311919,45.5780784],[-118.6311583,45.5778775],[-118.631094,45.5776964],[-118.6310175,45.5775499],[-118.6308874,45.5773537],[-118.6307184,45.5771585],[-118.6304958,45.5769736],[-118.6302571,45.5768252],[-118.6299419,45.5766788],[-118.6296375,45.5765802],[-118.6294095,45.5765173],[-118.629081,45.5764629],[-118.6287269,45.5764488],[-118.628397,45.5764629],[-118.6281087,45.5765051],[-118.6277398,45.5765915],[-118.6273845,45.5767126],[-118.6269379,45.5769135],[-118.6191216,45.5808358],[-118.618615,45.5810774],[-118.6181939,45.5812492],[-118.6178345,45.5813881],[-118.6174107,45.5814989],[-118.6170512,45.5815571],[-118.616606,45.581604],[-118.6160776,45.5816247],[-118.6154768,45.581619],[-118.6137173,45.5815834],[-118.6131808,45.5815815],[-118.6126953,45.5815984],[-118.6122796,45.581634],[-118.6117344,45.5817044],[-118.6112174,45.5818105],[-118.6108823,45.5819041],[-118.6105335,45.582032],[-118.6100426,45.5822441],[-118.609128,45.5827022],[-118.6086935,45.5829143],[-118.6083394,45.5830551],[-118.6080578,45.5831508],[-118.6077896,45.583209],[-118.6075267,45.5832522],[-118.6072357,45.5832654],[-118.6069219,45.5832541],[-118.6065947,45.5832109],[-118.6063372,45.5831555],[-118.6060689,45.5830842],[-118.6058021,45.5829622],[-118.6055566,45.5828223],[-118.6052965,45.582628],[-118.6051194,45.5824582],[-118.6049652,45.5822742],[-118.6048365,45.5820667],[-118.6047278,45.5818199],[-118.6045213,45.5810924],[-118.6042786,45.5804908],[-118.6041243,45.580136],[-118.6040036,45.5799435],[-118.6039017,45.5798253],[-118.6037193,45.5796422],[-118.6035182,45.5794892],[-118.6032392,45.5793287],[-118.60303,45.5792339],[-118.6027806,45.579141],[-118.60246,45.5790668],[-118.6019906,45.5790133],[-118.601587,45.5790021],[-118.6011323,45.5790237],[-118.5969516,45.5793214],[-118.5934496,45.5795699],[-118.5924366,45.5796638],[-118.5913906,45.5797802],[-118.5905524,45.5799004],[-118.5899341,45.5799942],[-118.5893253,45.580105],[-118.5885608,45.5802477],[-118.5875335,45.5804758],[-118.5864026,45.5807593],[-118.5851229,45.5811352],[-118.5846917,45.5812708],[-118.5844061,45.5813628],[-118.5835915,45.5816497],[-118.5827002,45.5819851],[-118.5818367,45.5823409],[-118.5812277,45.5826046],[-118.5807437,45.5828389],[-118.5780342,45.5842065],[-118.5769541,45.5846961],[-118.5760349,45.5850637],[-118.5750539,45.5854205],[-118.5744068,45.5856193],[-118.5738945,45.5857751],[-118.5733931,45.5859151],[-118.5728592,45.5860623],[-118.5723227,45.5861825],[-118.5717578,45.586308],[-118.5710058,45.5864546],[-118.5630736,45.5878131],[-118.5581902,45.5886489],[-118.555744,45.589075],[-118.5544458,45.5892965],[-118.552573,45.5896182],[-118.5511911,45.5898508],[-118.5421345,45.5914081],[-118.5386127,45.5919955],[-118.5367164,45.5923165],[-118.5352131,45.5925779],[-118.5340261,45.5927895],[-118.5328287,45.5929927],[-118.5279965,45.5938124],[-118.5236877,45.5945392],[-118.5201967,45.5951449],[-118.5187194,45.5954018],[-118.5180911,45.5955222],[-118.5175359,45.5956348],[-118.5169753,45.5957624],[-118.5162726,45.5959407],[-118.5155848,45.5961476],[-118.5150281,45.5963292],[-118.5141912,45.5966313],[-118.5135519,45.5968786],[-118.5129333,45.5971456],[-118.5123056,45.5974533],[-118.5115787,45.5978324],[-118.510589,45.5983579],[-118.5100901,45.5986113],[-118.5096046,45.5988308],[-118.5090775,45.5990491],[-118.5087559,45.5991815],[-118.5085116,45.5992587],[-118.5081992,45.5993629],[-118.5079028,45.599452],[-118.5075268,45.5995561],[-118.5071263,45.5996491],[-118.5067602,45.5997279],[-118.5064316,45.5997889],[-118.5061137,45.5998471],[-118.505647,45.5999127],[-118.5052769,45.5999531],[-118.5049577,45.5999812],[-118.504613,45.6000094],[-118.5043019,45.6000253],[-118.503979,45.6000315],[-118.5033926,45.6000319],[-118.5029876,45.6000169],[-118.5026307,45.5999961],[-118.5023088,45.5999631],[-118.5020123,45.5999263],[-118.5017352,45.5998877],[-118.5014259,45.599842],[-118.501079,45.5997727],[-118.5006427,45.5996821],[-118.4996879,45.5994297],[-118.4973586,45.5987719],[-118.4783783,45.5935113],[-118.4764284,45.5929734],[-118.4754494,45.5926881],[-118.4745309,45.5924052],[-118.4736538,45.5921106],[-118.4731668,45.5919486],[-118.4723192,45.5916464],[-118.4713993,45.5912842],[-118.4704888,45.5909244],[-118.4698048,45.5906484],[-118.4688377,45.5902237],[-118.4676415,45.5896531],[-118.4659678,45.5888178],[-118.4643155,45.5879788],[-118.462446,45.5870027],[-118.4612176,45.586342],[-118.4606034,45.5859891],[-118.4600911,45.5856681],[-118.4594017,45.5851951],[-118.458871,45.584788],[-118.4580995,45.5841214],[-118.4576018,45.5836261],[-118.4571412,45.5831388],[-118.4566927,45.5825971],[-118.4562409,45.5819875],[-118.455829,45.5813393],[-118.4554878,45.5807145],[-118.4552497,45.5802204],[-118.4550463,45.5797492],[-118.4549037,45.5793043],[-118.4548011,45.5789447],[-118.4546676,45.5783619],[-118.4545711,45.5778118],[-118.4544921,45.5772435],[-118.4544718,45.5767961],[-118.4544799,45.5762836],[-118.4545147,45.5757636],[-118.4545657,45.5752491],[-118.4546596,45.5747666],[-118.4547454,45.574378],[-118.4549063,45.5738297],[-118.455129,45.5732364],[-118.4555474,45.5722845],[-118.4565827,45.5700427],[-118.457661,45.5678843],[-118.4579104,45.5674139],[-118.4581519,45.5668807],[-118.4592955,45.5644826],[-118.4611908,45.560541],[-118.4618291,45.5591513],[-118.4623817,45.5579831],[-118.4632587,45.5561858],[-118.4635323,45.5555848],[-118.4639335,45.5546181],[-118.464309,45.5536415],[-118.4644323,45.553294],[-118.4646576,45.5523267],[-118.4647621,45.5516199],[-118.4648293,45.5509199],[-118.464852,45.5502788],[-118.4648386,45.5495914],[-118.464773,45.5489345],[-118.4646991,45.5483423],[-118.4646052,45.5478426],[-118.4644753,45.5472534],[-118.464286,45.5466498],[-118.4640541,45.5460042],[-118.4637871,45.5454176],[-118.4635017,45.5448602],[-118.4632641,45.544422],[-118.4629852,45.5439392],[-118.4626713,45.5434527],[-118.4623743,45.5430167],[-118.4618938,45.5423493],[-118.4615005,45.5418739],[-118.4611899,45.5415332],[-118.4608482,45.5412052],[-118.4601542,45.540534],[-118.4596044,45.540054],[-118.4590375,45.5395792],[-118.4584514,45.5390992],[-118.4576734,45.538466],[-118.4570035,45.5379343],[-118.4560172,45.537122],[-118.4545922,45.53595],[-118.4531173,45.5347306],[-118.4528452,45.5345083],[-118.4510532,45.5330222],[-118.4502541,45.5323458],[-118.4498531,45.5319981],[-118.4494827,45.5316481],[-118.4489452,45.5311329],[-118.4484124,45.5305972],[-118.447885,45.53005],[-118.4473716,45.5294952],[-118.440844,45.5223993],[-118.4305197,45.5111662],[-118.4269552,45.5072936],[-118.4233184,45.503342],[-118.4223155,45.5022609],[-118.4200224,45.4997401],[-118.4191064,45.498748],[-118.4182095,45.497763],[-118.4170797,45.4965419],[-118.4159467,45.4953102],[-118.413932,45.4931087],[-118.4135875,45.4927487],[-118.412159,45.4911963],[-118.4107286,45.4896302],[-118.4099522,45.488789],[-118.4093842,45.4881673],[-118.4082654,45.486958],[-118.4066559,45.4852005],[-118.4058358,45.4843127],[-118.4049862,45.4834015],[-118.4032718,45.4816188],[-118.4014993,45.4797403],[-118.3997571,45.4778301],[-118.3980074,45.4759328],[-118.3962672,45.4740246],[-118.3927832,45.4702301],[-118.3893116,45.4664345],[-118.3889414,45.4660609],[-118.3885963,45.4656717],[-118.3882627,45.4652894],[-118.3879151,45.4649039],[-118.3872039,45.4641519],[-118.3868528,45.4637809],[-118.3864926,45.4633893],[-118.3837228,45.4603323],[-118.3828198,45.45936],[-118.3819351,45.4584013],[-118.3814982,45.4579274],[-118.3810535,45.4574382],[-118.3806135,45.4569456],[-118.3802054,45.4564413],[-118.3799504,45.4561204],[-118.3797031,45.455774],[-118.3795026,45.4554506],[-118.3793184,45.4551181],[-118.3790657,45.4546187],[-118.3788533,45.4541163],[-118.3787521,45.4538219],[-118.3786587,45.4535097],[-118.3785929,45.4532659],[-118.3785403,45.453014],[-118.3784399,45.452479],[-118.3783838,45.451943],[-118.378356,45.4511684],[-118.3783323,45.45079],[-118.3783042,45.4504113],[-118.3782686,45.4500738],[-118.3782183,45.4497356],[-118.3780889,45.4490866],[-118.3779628,45.4486333],[-118.3777982,45.4481809],[-118.3776133,45.447728],[-118.3774053,45.4472859],[-118.3772123,45.4469234],[-118.3769877,45.4465596],[-118.3767083,45.446144],[-118.3764079,45.4457437],[-118.3761143,45.4454072],[-118.3757763,45.445024],[-118.3753992,45.4446629],[-118.3750018,45.4442951],[-118.3741884,45.4435605],[-118.3733818,45.4428155],[-118.370925,45.4405796],[-118.3684805,45.4383425],[-118.3660929,45.436166],[-118.3641604,45.4343937],[-118.3629617,45.4333026],[-118.361786,45.4322278],[-118.3610443,45.4315499],[-118.3606237,45.4311678],[-118.35994,45.4305405],[-118.3586487,45.4293655],[-118.3573593,45.4281902],[-118.3567784,45.4276532],[-118.3555621,45.4265504],[-118.3549661,45.4260028],[-118.3543722,45.4254392],[-118.3540221,45.4250906],[-118.35363,45.4246923],[-118.3531124,45.4241436],[-118.3526943,45.4236801],[-118.3522787,45.4232005],[-118.3518782,45.4227251],[-118.3515013,45.422253],[-118.3509771,45.4215657],[-118.3505486,45.4209743],[-118.3501226,45.420361],[-118.3492739,45.4191626],[-118.34863,45.4182596],[-118.3477977,45.4170742],[-118.3469663,45.4158812],[-118.343939,45.4115661],[-118.3429509,45.4101746],[-118.3419728,45.408759],[-118.3402951,45.406334],[-118.3399239,45.4058621],[-118.3395419,45.4053851],[-118.3391916,45.4049305],[-118.3388185,45.4044813],[-118.3357906,45.4008279],[-118.3351628,45.4001127],[-118.3345067,45.3994094],[-118.3342383,45.399141],[-118.333948,45.3988766],[-118.3336645,45.3986261],[-118.3333407,45.398368],[-118.3328037,45.3979454],[-118.3322374,45.3975315],[-118.3311892,45.3967856],[-118.3301133,45.3960405],[-118.3290426,45.3952978],[-118.3279498,45.3945538],[-118.3271697,45.3940412],[-118.3264017,45.3935112],[-118.3248624,45.3924499],[-118.3217507,45.3903177],[-118.3186696,45.3881973],[-118.3171394,45.3871306],[-118.3155813,45.386066],[-118.3140758,45.3850409],[-118.3125731,45.3840041],[-118.3110839,45.3829914],[-118.3103435,45.382475],[-118.3099784,45.3822221],[-118.3096259,45.3819534],[-118.30914,45.3815679],[-118.3086769,45.3811701],[-118.3082187,45.3807618],[-118.3077853,45.3803509],[-118.3066884,45.3792413],[-118.3053675,45.3779038],[-118.3046976,45.3772411],[-118.3040372,45.3765682],[-118.3034778,45.3760071],[-118.3030825,45.3756104],[-118.3027094,45.3752458],[-118.3023098,45.3748533],[-118.3018855,45.3744624],[-118.3013596,45.3740089],[-118.300829,45.3735801],[-118.3002676,45.3731641],[-118.2994668,45.3726189],[-118.298623,45.3720895],[-118.2982607,45.3718852],[-118.2972785,45.371364],[-118.2962554,45.3708666],[-118.295612,45.3705672],[-118.2949504,45.3702725],[-118.2935927,45.3697027],[-118.2925641,45.3693022],[-118.2914236,45.36889],[-118.287723,45.3676394],[-118.2839957,45.3663827],[-118.2784255,45.36451],[-118.278147,45.3644164],[-118.2757672,45.3636182],[-118.2736093,45.362897],[-118.2718304,45.3622969],[-118.270937,45.3619917],[-118.2704946,45.3618332],[-118.2700714,45.3616607],[-118.269622,45.3614566],[-118.2692056,45.3612445],[-118.2687181,45.3609848],[-118.2682551,45.3606992],[-118.2670388,45.3598878],[-118.2664316,45.3594782],[-118.2658245,45.3590772],[-118.2654514,45.3588345],[-118.2650628,45.3586029],[-118.2642678,45.3581597],[-118.2622453,45.3571466],[-118.2596206,45.3558515],[-118.2583073,45.3551932],[-118.2569863,45.3545437],[-118.2547751,45.3534621],[-118.2525722,45.352365],[-118.251864,45.3520052],[-118.2511788,45.351637],[-118.2505178,45.3512554],[-118.2498782,45.3508551],[-118.2493051,45.3504751],[-118.2487638,45.3500764],[-118.2482399,45.3496838],[-118.2477229,45.3492644],[-118.2457281,45.3475889],[-118.2443209,45.346415],[-118.2436235,45.3458261],[-118.2429134,45.3452572],[-118.2424386,45.3449482],[-118.2419209,45.3446622],[-118.2416058,45.3445092],[-118.2412762,45.3443763],[-118.2409275,45.3442495],[-118.2405688,45.344136],[-118.2401399,45.3440191],[-118.2396767,45.3439166],[-118.2387347,45.3437257],[-118.2372671,45.3434373],[-118.2357633,45.3431341],[-118.2347214,45.3429265],[-118.2336783,45.3427173],[-118.2327865,45.3425419],[-118.2317426,45.3423317],[-118.2309521,45.3421848],[-118.230434,45.34212],[-118.2300362,45.3420952],[-118.2295592,45.3421052],[-118.2290725,45.3421602],[-118.2286349,45.3422466],[-118.2282031,45.3423791],[-118.2280218,45.3424468],[-118.227683,45.3425955],[-118.2274631,45.342718],[-118.2272561,45.3428436],[-118.2269033,45.3431084],[-118.226511,45.3434461],[-118.2261459,45.3437888],[-118.2251027,45.3447485],[-118.224771,45.3450572],[-118.2244019,45.3453945],[-118.224127,45.3456355],[-118.2237677,45.3459371],[-118.223294,45.3462877],[-118.2229867,45.3464959],[-118.2226592,45.3467022],[-118.2223342,45.346889],[-118.2219356,45.3471026],[-118.2214313,45.347341],[-118.2209192,45.3475571],[-118.2203775,45.3477613],[-118.2197705,45.3479555],[-118.2189928,45.3481638],[-118.2182036,45.3483296],[-118.216565,45.3486253],[-118.2142042,45.3490423],[-118.2123529,45.3493713],[-118.2117918,45.3494592],[-118.2113537,45.3495129],[-118.2109505,45.3495425],[-118.2104799,45.3495465],[-118.2099845,45.3495216],[-118.2095107,45.3494651],[-118.2090098,45.3493774],[-118.2085372,45.3492577],[-118.2081771,45.3491458],[-118.2078212,45.3490066],[-118.2074759,45.3488624],[-118.2071265,45.3487022],[-118.2063961,45.3483555],[-118.2056186,45.3479948],[-118.2052654,45.3478479],[-118.2048329,45.3477082],[-118.2044607,45.3476089],[-118.2041119,45.3475461],[-118.2037255,45.3475059],[-118.2033002,45.3474931],[-118.2028685,45.3475145],[-118.20255,45.3475505],[-118.2022752,45.3476035],[-118.2019211,45.3476904],[-118.2016817,45.3477642],[-118.2014599,45.3478528],[-118.2012342,45.3479531],[-118.200987,45.3480759],[-118.2006517,45.3482924],[-118.2003491,45.3485287],[-118.2001385,45.3487231],[-118.1999391,45.3489265],[-118.199555,45.3493392],[-118.1987959,45.3501604],[-118.1980169,45.3509968],[-118.1976196,45.3514246],[-118.1974167,45.3516277],[-118.1972082,45.3518182],[-118.1969256,45.352054],[-118.1966447,45.3522506],[-118.1963753,45.3524145],[-118.1960355,45.3525992],[-118.1955835,45.3528011],[-118.1951074,45.3529772],[-118.1944804,45.3531763],[-118.1920999,45.3539],[-118.1911355,45.3541954],[-118.1901901,45.354471],[-118.1897501,45.3545866],[-118.1893631,45.3546565],[-118.188933,45.3547033],[-118.1884546,45.3547233],[-118.1879582,45.3546917],[-118.1875499,45.3546333],[-118.1872156,45.3545545],[-118.1865075,45.3543114],[-118.1853505,45.3537984],[-118.1835109,45.3529837],[-118.1829879,45.3528189],[-118.182522,45.3526934],[-118.1820123,45.3526012],[-118.1814989,45.3525461],[-118.1809617,45.3525089],[-118.1776892,45.3524618],[-118.1743867,45.3524263],[-118.173954,45.352416],[-118.1735297,45.3523916],[-118.1730967,45.3523394],[-118.1728423,45.3522984],[-118.1724352,45.3522046],[-118.1719777,45.3520462],[-118.1715633,45.3518766],[-118.1712287,45.3516978],[-118.1709571,45.3514873],[-118.1707574,45.3513121],[-118.1705494,45.3510684],[-118.1703841,45.3508433],[-118.1702007,45.3505396],[-118.1700594,45.350259],[-118.169812,45.3497369],[-118.1693853,45.3487956],[-118.16889,45.3477331],[-118.1686754,45.3473239],[-118.168439,45.3469481],[-118.1681595,45.3465917],[-118.1679023,45.3463346],[-118.1675977,45.3460805],[-118.1672037,45.3458132],[-118.1668343,45.345608],[-118.1664131,45.345417],[-118.1660402,45.3452824],[-118.1656237,45.345159],[-118.1652086,45.3450684],[-118.1647412,45.3449992],[-118.1642861,45.3449629],[-118.1638185,45.3449525],[-118.1633661,45.3449767],[-118.1629812,45.3450186],[-118.1625161,45.345092],[-118.1620655,45.3451975],[-118.161567,45.3453402],[-118.161025,45.3455173],[-118.1599903,45.3458658],[-118.1595802,45.3459738],[-118.1592151,45.3460491],[-118.158834,45.346104],[-118.1584153,45.3461412],[-118.1579488,45.3461518],[-118.1574177,45.3461326],[-118.1570133,45.3461049],[-118.1566021,45.3460647],[-118.155769,45.3459775],[-118.1544791,45.345849],[-118.1536566,45.3457738],[-118.1531412,45.3457435],[-118.1527157,45.3457393],[-118.1522379,45.3457598],[-118.1517682,45.3458113],[-118.1513675,45.3458811],[-118.1510294,45.3459614],[-118.1505755,45.3460912],[-118.1500954,45.3462618],[-118.1494155,45.3465331],[-118.1488002,45.3467832],[-118.1482088,45.3470094],[-118.1477383,45.347161],[-118.1473409,45.3472554],[-118.1468159,45.3473381],[-118.1463521,45.3473733],[-118.1459592,45.3473759],[-118.1455272,45.3473509],[-118.1450381,45.3472834],[-118.1445962,45.3471902],[-118.1441837,45.3470672],[-118.1438011,45.3469166],[-118.1434165,45.3467311],[-118.1430406,45.3465122],[-118.1423805,45.3460525],[-118.1416998,45.3455744],[-118.1410817,45.3451345],[-118.1406362,45.3448329],[-118.1402517,45.3446039],[-118.1398145,45.3443857],[-118.1393563,45.3442055],[-118.138886,45.3440612],[-118.1383764,45.3439487],[-118.1378274,45.343874],[-118.1373292,45.3438414],[-118.1367686,45.3438476],[-118.1363275,45.3438848],[-118.1358528,45.3439527],[-118.1353258,45.3440637],[-118.1345222,45.3442643],[-118.1327864,45.3447121],[-118.130852,45.3452066],[-118.1292332,45.3456255],[-118.1283404,45.3458553],[-118.1278753,45.3459746],[-118.1274492,45.3460615],[-118.1269979,45.34613],[-118.1265569,45.3461599],[-118.1260377,45.3461588],[-118.1256086,45.3461204],[-118.1251793,45.3460436],[-118.124774,45.3459288],[-118.1244565,45.3458033],[-118.1240909,45.3456291],[-118.1236861,45.3453974],[-118.1231113,45.3450273],[-118.1222697,45.3444656],[-118.1217647,45.344171],[-118.1213777,45.3439053],[-118.1209733,45.3436014],[-118.1208393,45.3435026],[-118.1205961,45.34326],[-118.1202943,45.3430185],[-118.1196728,45.3425825],[-118.1191492,45.3422866],[-118.1185231,45.341972],[-118.1177621,45.34169],[-118.1169176,45.3414237],[-118.1146688,45.3408349]],[[-118.0390791,45.295424],[-118.0394181,45.2948251],[-118.0395365,45.2945377],[-118.0395729,45.294331],[-118.0395614,45.2941309],[-118.0394651,45.2939478],[-118.039296,45.2937521],[-118.0385372,45.2931814],[-118.0378143,45.292627],[-118.0375002,45.2923896],[-118.0372502,45.2921231],[-118.0370096,45.2918061],[-118.0367939,45.2914053],[-118.0363564,45.2904635],[-118.0359933,45.2897591],[-118.0351452,45.2876885],[-118.0346721,45.2865379],[-118.0327731,45.2818501],[-118.0316787,45.2790947],[-118.0285245,45.2711295],[-118.0214649,45.2533605],[-118.0207518,45.2515844],[-118.0194908,45.2484434],[-118.0181926,45.2450971],[-118.0170875,45.2423928],[-118.0152616,45.237799],[-118.0128926,45.2318385],[-118.0122059,45.2298664],[-118.012045,45.228529],[-118.0121737,45.227252],[-118.0124774,45.226496],[-118.0129355,45.2253931],[-118.0138581,45.2239422],[-118.0180639,45.2180175],[-118.0182706,45.2177741],[-118.0185905,45.2175105],[-118.0192548,45.2170803],[-118.0200916,45.2167024],[-118.021143,45.2164228],[-118.0219906,45.2162036],[-118.0233424,45.2158333],[-118.0239584,45.2155377],[-118.0245626,45.2151379],[-118.0251409,45.2147052],[-118.0256384,45.2141101],[-118.025971,45.2133014],[-118.0260461,45.2125229],[-118.0259281,45.2117973],[-118.0256599,45.21117],[-118.0252772,45.2104604],[-118.0240946,45.2092692],[-118.0220013,45.2076401],[-118.0201774,45.2060678],[-118.0192977,45.2050851],[-118.0174738,45.2021672],[-118.0168837,45.2013205],[-118.0163794,45.2007686],[-118.0154549,45.1997824],[-118.0144053,45.1988862],[-118.0135899,45.198168],[-118.0109506,45.1961721],[-118.0082899,45.1944936],[-118.0052322,45.1927622],[-118.0020457,45.1912727],[-117.9974323,45.1893975],[-117.9951477,45.1884835],[-117.9940849,45.1880214],[-117.9926258,45.1872879],[-117.9915075,45.1866196],[-117.9894498,45.1849089],[-117.9881519,45.1836506],[-117.9853084,45.1809009],[-117.9829806,45.178667],[-117.9810816,45.1768746],[-117.9792469,45.1752107],[-117.9783933,45.1746182],[-117.9770475,45.173872],[-117.9751271,45.1730174],[-117.9731959,45.172261],[-117.9706321,45.1711651],[-117.9692691,45.1705819],[-117.9686146,45.1702718],[-117.9680889,45.1699919],[-117.9674237,45.1695229],[-117.966383,45.1685623],[-117.9651707,45.1663687],[-117.9647094,45.16447],[-117.9645806,45.1622233],[-117.9648488,45.1606195],[-117.9653745,45.1591821],[-117.9662972,45.1578354],[-117.9673594,45.1568216],[-117.9693979,45.1555203],[-117.9706942,45.1545659],[-117.9712539,45.1540072],[-117.97149,45.1537499],[-117.9721874,45.1525015],[-117.9723161,45.1520702],[-117.9724234,45.1516162],[-117.9724234,45.1508142],[-117.9722517,45.1499441],[-117.9717582,45.1484988],[-117.967413,45.1363908],[-117.9645055,45.1282466],[-117.9642266,45.1273383],[-117.963886,45.126465],[-117.9632432,45.1245966],[-117.962606,45.1226075],[-117.9621666,45.1214413],[-117.9619091,45.1207373],[-117.961386,45.119099],[-117.958717,45.11168],[-117.95608,45.104214],[-117.953648,45.097326],[-117.953376,45.096573],[-117.952438,45.093812],[-117.9512455,45.0904795],[-117.949546,45.085645],[-117.9487817,45.0832539],[-117.9483957,45.0817775],[-117.9460467,45.0721495],[-117.9430893,45.0602738],[-117.9421374,45.0578334],[-117.9418709,45.0572468],[-117.9412759,45.0558451],[-117.9403648,45.0536753],[-117.9391774,45.0509373],[-117.9384102,45.0491366],[-117.935645,45.043208],[-117.934358,45.040698],[-117.932615,45.037298],[-117.9280376,45.0286872],[-117.9277411,45.0281329],[-117.9276033,45.0277244],[-117.9272869,45.02691],[-117.9272153,45.0265813],[-117.9271423,45.0262106],[-117.9270443,45.0255046],[-117.9269913,45.0253822]],[[-117.829334,44.7745175],[-117.8292522,44.7745083],[-117.8292201,44.7744993],[-117.8291879,44.7744883],[-117.8291624,44.7744776],[-117.8291382,44.774465],[-117.8291134,44.7744515],[-117.8290913,44.774436],[-117.8290692,44.7744179],[-117.8290497,44.7743998],[-117.8290335,44.7743598]],[[-117.8083836,44.7494805],[-117.8081787,44.7493284],[-117.8072321,44.7487686],[-117.8065213,44.748335],[-117.8060725,44.7480479],[-117.8056317,44.7477318],[-117.8051672,44.7473519],[-117.8046549,44.7468904],[-117.8038681,44.7461935],[-117.8032123,44.7456562],[-117.8026067,44.7450947],[-117.8018908,44.7444857],[-117.8007031,44.7434869],[-117.7970203,44.7403644],[-117.7933319,44.7372509],[-117.7886735,44.733309],[-117.785676,44.7307908],[-117.7812348,44.7270288],[-117.778612,44.7248652],[-117.7774854,44.7241867],[-117.7758761,44.7234244],[-117.7747067,44.7230738],[-117.7690526,44.7212214],[-117.7575191,44.7174325],[-117.7531632,44.7160221],[-117.7457174,44.7136205],[-117.7394732,44.7115543],[-117.7264269,44.707292],[-117.7209123,44.7054925],[-117.7061876,44.7006278],[-117.6953991,44.6971116],[-117.6942835,44.6967225],[-117.6934894,44.6964024],[-117.6911696,44.6949694],[-117.6893129,44.6934701],[-117.6885823,44.6929005],[-117.6860436,44.6910407],[-117.6839085,44.6897821],[-117.6818379,44.6888058],[-117.6805826,44.6883406],[-117.6791127,44.6878905],[-117.676849,44.6873642],[-117.6743384,44.6868226],[-117.6699396,44.68577],[-117.6661738,44.6847784],[-117.6598342,44.6828595],[-117.6591882,44.682629],[-117.6540287,44.6807888],[-117.6438992,44.6771753],[-117.6361116,44.6744643],[-117.6302724,44.6723591],[-117.6281554,44.6716001],[-117.6270985,44.6712214],[-117.6260587,44.6708205],[-117.6245417,44.6702026],[-117.6233076,44.6696686],[-117.6224566,44.6692954],[-117.6213839,44.6687782],[-117.6208281,44.6684543],[-117.6201266,44.6680269],[-117.6196265,44.6677191],[-117.619289,44.6674906],[-117.618953,44.6672393],[-117.6183478,44.666749],[-117.6178983,44.6663669],[-117.6174656,44.6659775],[-117.6168352,44.6653875],[-117.6165467,44.6651209],[-117.6162284,44.6648479],[-117.6157823,44.6645425],[-117.6151273,44.664167],[-117.6099654,44.6614547],[-117.6092714,44.6611137],[-117.6088908,44.6609501],[-117.6084955,44.6607984],[-117.6075747,44.6604987],[-117.6065967,44.6602377],[-117.598861,44.6582648],[-117.5945588,44.6571277],[-117.5919946,44.6565019],[-117.5822099,44.6539986],[-117.5799354,44.653388],[-117.5759013,44.6523882],[-117.5710626,44.6511747],[-117.5656555,44.649935],[-117.5579413,44.6482208],[-117.5564929,44.6478926],[-117.555141,44.6474346],[-117.5539072,44.6468851],[-117.5526734,44.6461345],[-117.551564,44.6454768],[-117.5502272,44.6447554],[-117.549463,44.6444206],[-117.5486286,44.6441295],[-117.544895,44.6430379],[-117.5424737,44.6423299],[-117.5413435,44.6419913],[-117.5402778,44.6415594],[-117.539096,44.64111],[-117.5379652,44.6406504],[-117.5357433,44.6396866],[-117.5340157,44.6387169],[-117.522579,44.6315635],[-117.5185235,44.6290362],[-117.5177705,44.6286759],[-117.5169517,44.6283699],[-117.5159302,44.6280805],[-117.5149349,44.6278202],[-117.5118334,44.6270897],[-117.5106803,44.6266906],[-117.5093963,44.6260366],[-117.5074984,44.6248581],[-117.5061933,44.6240639],[-117.5051634,44.623453],[-117.5038974,44.6226741],[-117.5026528,44.6219716],[-117.5011508,44.6210858],[-117.5000457,44.6204061],[-117.4982754,44.6193523],[-117.4924496,44.6158698],[-117.4857564,44.6118439],[-117.4842464,44.6109648],[-117.4832443,44.6103479],[-117.4809591,44.6087821],[-117.479457,44.6076059],[-117.4780301,44.6063226],[-117.4769655,44.6050276],[-117.475982,44.6037239],[-117.475576,44.6031391],[-117.4751749,44.6024898],[-117.4744274,44.6011754],[-117.4742163,44.6007913],[-117.4731273,44.5988096],[-117.4714962,44.5958418],[-117.4703951,44.5937564],[-117.4700455,44.593162],[-117.4696616,44.5926407],[-117.4692365,44.592103],[-117.4687748,44.5916196],[-117.4681301,44.5910356],[-117.4674836,44.5905931],[-117.4656597,44.5892866],[-117.462139,44.5867923],[-117.4616324,44.5864345],[-117.4594597,44.5849173],[-117.456966,44.5831588],[-117.4467877,44.5759904],[-117.434868,44.5675755],[-117.4334196,44.5663449],[-117.4322823,44.5651448],[-117.4310163,44.5634937],[-117.4292353,44.5607418],[-117.4262849,44.5561245],[-117.4248472,44.553808],[-117.4236563,44.5520342],[-117.4225308,44.5502351],[-117.4222325,44.549777],[-117.4192683,44.5450305],[-117.4176375,44.5418113],[-117.4169937,44.5408784],[-117.4161783,44.5401443],[-117.4150797,44.539338],[-117.414635,44.5389625],[-117.4142472,44.5385766],[-117.4138005,44.5380638],[-117.413421,44.537506],[-117.412198,44.5356553],[-117.4116722,44.5349058],[-117.4110822,44.5342863],[-117.4105431,44.533847],[-117.4099127,44.533445],[-117.4092761,44.5331431],[-117.4086145,44.5328944],[-117.4075987,44.5326555],[-117.4050125,44.5321635],[-117.4044746,44.5320202],[-117.4039888,44.5318439],[-117.4035928,44.531637],[-117.4032275,44.5313939],[-117.4029478,44.5311403],[-117.4027311,44.5308866],[-117.4025527,44.5306152],[-117.4024046,44.5303154],[-117.4022991,44.5300038],[-117.4021266,44.5293726],[-117.401965,44.5288991],[-117.4017778,44.5285003],[-117.4015205,44.5281328],[-117.401158,44.5277279],[-117.4001441,44.5267716],[-117.3994799,44.5261499],[-117.3991175,44.5258257],[-117.3988317,44.5255953],[-117.3985334,44.5253868],[-117.3982136,44.5251724],[-117.3978423,44.5249614],[-117.3974519,44.5247797],[-117.3969451,44.5245762],[-117.3964518,44.524414],[-117.3959534,44.5242741],[-117.3939794,44.5237804],[-117.3933519,44.5236173],[-117.3927359,44.5234398],[-117.3920483,44.5232298],[-117.3913625,44.5230051],[-117.3905138,44.5227195],[-117.3896847,44.5224626],[-117.3892191,44.5223397],[-117.3887628,44.5222357],[-117.3879756,44.5220826],[-117.3873224,44.5219623],[-117.3867602,44.5218572],[-117.3863829,44.5217673],[-117.3860059,44.5216618],[-117.3856139,44.5215305],[-117.3852425,44.5213745],[-117.3849035,44.5212076],[-117.3845753,44.5210211],[-117.383964,44.5206644],[-117.3833361,44.5203111],[-117.3829375,44.5201262],[-117.3824969,44.5199615],[-117.3819909,44.5198261],[-117.3814189,44.5197152],[-117.3800106,44.5195222],[-117.3787167,44.5193329],[-117.3782862,44.5192462],[-117.3778384,44.5191267],[-117.3772949,44.518935],[-117.3767209,44.5186566],[-117.3763063,44.5183868],[-117.3758856,44.5180383],[-117.3755839,44.5177162],[-117.3754321,44.5175062],[-117.3752906,44.5172942],[-117.3751569,44.5170465],[-117.3750546,44.516788],[-117.374981,44.5165299],[-117.3749367,44.5162805],[-117.3749136,44.5159853],[-117.374926,44.5156685],[-117.3749739,44.515418],[-117.3750491,44.5151536],[-117.3751729,44.5148481],[-117.3753551,44.5144903],[-117.3761813,44.5131745],[-117.3763937,44.5127694],[-117.3764715,44.5125479],[-117.3765298,44.5123291],[-117.3765709,44.5120363],[-117.3765727,44.5118058],[-117.376537,44.5115327],[-117.3764662,44.5112903],[-117.3763615,44.5110453],[-117.3762211,44.5107888],[-117.3760595,44.5105672],[-117.3758817,44.5103707],[-117.3756066,44.5101252],[-117.3751807,44.5098181],[-117.3730966,44.5085387],[-117.3710223,44.5072591],[-117.3707293,44.5070509],[-117.3704472,44.5068309],[-117.3701263,44.5065267],[-117.3699267,44.5062924],[-117.3697449,44.5060368],[-117.3695877,44.5057462],[-117.3694523,44.5053682],[-117.3693782,44.505014],[-117.3693577,44.5046198],[-117.3694044,44.5042302],[-117.3694939,44.5038622],[-117.369675,44.5033333],[-117.3698666,44.5028017],[-117.3702489,44.5017193],[-117.3703609,44.5013893],[-117.3704507,44.5010574],[-117.3705155,44.5006954],[-117.370537,44.500319],[-117.3705122,44.4999189],[-117.3704193,44.4995004],[-117.3703284,44.4992423],[-117.3702144,44.4989737],[-117.3699459,44.4985165],[-117.3695334,44.497931],[-117.3692504,44.4975421],[-117.3686924,44.4967804],[-117.3683943,44.4963694],[-117.3666096,44.4938983],[-117.3660054,44.4930609],[-117.3657635,44.4927207],[-117.3641165,44.4904504],[-117.3632077,44.4891969],[-117.3622936,44.4879316],[-117.3616213,44.4870081],[-117.3612889,44.4865453],[-117.3609285,44.4860887],[-117.3606475,44.4857645],[-117.3603118,44.4854572],[-117.359997,44.4852203],[-117.3597469,44.4850597],[-117.3594738,44.4849135],[-117.3591055,44.484747],[-117.3588539,44.4846504],[-117.3585931,44.4845705],[-117.3582126,44.4844731],[-117.3578904,44.4844059],[-117.3575624,44.4843608],[-117.3572228,44.4843255],[-117.3566341,44.4842894],[-117.3560058,44.4842721],[-117.353152,44.4842626],[-117.3505681,44.4842538],[-117.3498041,44.4842341],[-117.3490722,44.4841834],[-117.3485094,44.4840939],[-117.3481423,44.4840295],[-117.3478464,44.4839554],[-117.3476331,44.4838581],[-117.3471333,44.483623],[-117.3468011,44.4834386],[-117.3464898,44.4832173],[-117.3461419,44.4829231],[-117.3458433,44.4826257],[-117.3456077,44.4823006],[-117.3454529,44.4820135],[-117.345356,44.4817673],[-117.3452945,44.4815027],[-117.3452215,44.4812162],[-117.3451306,44.4809383],[-117.3447846,44.4799438],[-117.3445643,44.4793233],[-117.3441289,44.4780898],[-117.3439139,44.4775376],[-117.3436787,44.4770223],[-117.3434158,44.4765352],[-117.3430814,44.4759991],[-117.3427229,44.4755058],[-117.3424077,44.4751298],[-117.3420512,44.4747431],[-117.3417443,44.4744401],[-117.3414353,44.4741503],[-117.3407546,44.4735055],[-117.3405091,44.4732839],[-117.3380939,44.4710885],[-117.3372993,44.4703431],[-117.3369271,44.4699642],[-117.3365939,44.4695781],[-117.3363622,44.4692587],[-117.3361279,44.4688785],[-117.3359371,44.4684924],[-117.3358045,44.4681255],[-117.33574,44.4678982],[-117.33569,44.467663],[-117.3356239,44.4672146],[-117.3356149,44.4668473],[-117.3356389,44.4665427],[-117.3356959,44.4662069],[-117.3357723,44.4658563],[-117.3358535,44.4655789],[-117.3359798,44.4651602],[-117.3360857,44.4648148],[-117.3361769,44.464439],[-117.3362254,44.4641376],[-117.3362492,44.4637946],[-117.3362004,44.4634825],[-117.3361254,44.4632442],[-117.3359904,44.4629614],[-117.3358018,44.4626836],[-117.3355941,44.4624347],[-117.3353732,44.462226],[-117.3351193,44.4620089],[-117.3348173,44.4617991],[-117.3326896,44.4603857],[-117.3318214,44.4598048],[-117.3314267,44.4595243],[-117.3310506,44.459227],[-117.3307379,44.458965],[-117.3304333,44.4586759],[-117.3301961,44.4584162],[-117.3299365,44.4581112],[-117.3296981,44.4577779],[-117.3294882,44.4574391],[-117.3293024,44.4570744],[-117.3291264,44.456641],[-117.3289945,44.4561638],[-117.3289083,44.4556476],[-117.3288795,44.4551057],[-117.328929,44.4545927],[-117.328974,44.4543345],[-117.3290381,44.4540751],[-117.3291448,44.4537331],[-117.3292824,44.4533888],[-117.3294425,44.4530684],[-117.3296219,44.4527585],[-117.3302702,44.4517961],[-117.3307643,44.4510842],[-117.3310655,44.4506072],[-117.3312123,44.4503182],[-117.331351,44.4499435],[-117.3313973,44.4496405],[-117.3314012,44.449385],[-117.3313683,44.4491169],[-117.3313026,44.4488907],[-117.3312118,44.4486793],[-117.3311191,44.4484966],[-117.3310003,44.4483162],[-117.3307036,44.4479899],[-117.3302902,44.4476572],[-117.3299316,44.4474301],[-117.3295581,44.44722],[-117.3284265,44.4466295],[-117.3281035,44.446465],[-117.327786,44.4462843],[-117.3274838,44.4460954],[-117.3268501,44.4456722],[-117.3261765,44.4449851],[-117.3259522,44.4447064],[-117.3257515,44.444418],[-117.3255777,44.4441191],[-117.3254231,44.4438109],[-117.3253187,44.4435434],[-117.3252006,44.4431961],[-117.3251119,44.4428852],[-117.3249792,44.4423768],[-117.3246088,44.440782],[-117.3242059,44.4390496],[-117.3240854,44.4386138],[-117.3239862,44.4383043],[-117.3238575,44.4380027],[-117.3236331,44.4375243],[-117.3233905,44.4370943],[-117.3230669,44.4366139],[-117.3226596,44.4361106],[-117.3221359,44.4355438],[-117.3215494,44.4349738],[-117.3209471,44.4344012],[-117.3197461,44.4332554],[-117.3173448,44.4309628],[-117.3168106,44.4304377],[-117.3163284,44.4299029],[-117.3159005,44.4293362],[-117.3155284,44.4287483],[-117.3146446,44.4271628],[-117.3142491,44.4264627],[-117.3139824,44.426002],[-117.3137186,44.425531],[-117.3120657,44.4225744],[-117.3099386,44.4188313],[-117.3090682,44.417272],[-117.3088807,44.4169424],[-117.3085868,44.4164288],[-117.3078867,44.4151371],[-117.3077043,44.4145623],[-117.3076506,44.4140642],[-117.3076614,44.4134971],[-117.3077686,44.412953],[-117.3079066,44.4125819],[-117.3082596,44.4119839],[-117.308917,44.411308],[-117.3100861,44.4104469],[-117.311116,44.4096958],[-117.3122104,44.4087224],[-117.3127837,44.4078905],[-117.313015,44.4071742],[-117.3130472,44.4064001],[-117.3129078,44.4056949],[-117.3124786,44.4047982],[-117.3120709,44.4043076],[-117.311395,44.4037174],[-117.3103757,44.4030046],[-117.3095174,44.4022994],[-117.3090776,44.4017628],[-117.3087342,44.4011343],[-117.3084982,44.4004291],[-117.3083909,44.3997928],[-117.3082193,44.3985817],[-117.3079725,44.3971865],[-117.3076721,44.395569],[-117.3075862,44.3943884],[-117.3076721,44.3929165],[-117.307951,44.3913832],[-117.3085386,44.3884638],[-117.3090776,44.385725],[-117.309131,44.3850475],[-117.3090668,44.3843985],[-117.308863,44.3837007],[-117.3084124,44.3829953],[-117.3076614,44.3822592],[-117.3069563,44.3818132],[-117.30617,44.3814464],[-117.304271,44.3808023],[-117.3036585,44.3805548],[-117.3030883,44.3802697],[-117.3024213,44.3798576],[-117.3019322,44.3794451],[-117.3013636,44.3787899],[-117.3009344,44.3781645],[-117.2997649,44.3760403],[-117.2992714,44.3749744],[-117.2991745,44.3748066],[-117.2981352,44.3751663],[-117.2974893,44.3754086]],[[-117.2226449,44.2917204],[-117.2226262,44.291576],[-117.2226384,44.2914545],[-117.2226979,44.2913468],[-117.222717,44.2913217],[-117.2229661,44.2910305],[-117.2235647,44.290382],[-117.2241182,44.2897678],[-117.2239361,44.2896583],[-117.2235661,44.2894806],[-117.2228473,44.2891811],[-117.2221985,44.2888807],[-117.2218327,44.2886979],[-117.2215073,44.2885288],[-117.2203683,44.2878851],[-117.2195956,44.2874729],[-117.2179801,44.2864967],[-117.2167619,44.2857631],[-117.2161509,44.2853993],[-117.215533,44.285015],[-117.2148721,44.2846138],[-117.2141858,44.2841777],[-117.213573,44.2837653],[-117.21299,44.2833229],[-117.2124758,44.2828918],[-117.2119786,44.2824531],[-117.2115034,44.2820038],[-117.2110528,44.281537],[-117.2106483,44.2810975],[-117.2102777,44.2806522],[-117.2099474,44.2802489],[-117.2096671,44.2798641],[-117.2094832,44.2795711],[-117.2092631,44.2791415],[-117.2087702,44.2782271],[-117.2083669,44.2774909],[-117.208122,44.2770738],[-117.2078577,44.2766889],[-117.2075789,44.2763106],[-117.2072704,44.2759375],[-117.2068449,44.275433],[-117.2066064,44.2751677],[-117.2063812,44.2749367],[-117.2059616,44.2745435],[-117.2055156,44.2741414],[-117.2051946,44.2738538],[-117.2041145,44.2728879],[-117.2033916,44.2722796],[-117.2030393,44.2719893],[-117.2026902,44.2717231],[-117.2023256,44.2714717],[-117.201955,44.271251],[-117.2015972,44.2710605],[-117.2012149,44.2708781],[-117.200755,44.2706847],[-117.200289,44.27051],[-117.1994284,44.2702275],[-117.1985349,44.2699385],[-117.1980817,44.2697847],[-117.1976286,44.2696176],[-117.1972414,44.2694538],[-117.1968642,44.2692751],[-117.196458,44.2690631],[-117.1960491,44.2688184],[-117.195685,44.2685681],[-117.1953505,44.2683063],[-117.195011,44.268007],[-117.1947024,44.2677162],[-117.194395,44.2673891],[-117.1938552,44.2667376],[-117.1933258,44.2660641],[-117.1927771,44.2653791],[-117.1924785,44.2650581],[-117.1921548,44.2647549],[-117.1918541,44.2644911],[-117.1915152,44.2642367],[-117.1911227,44.263978],[-117.190693,44.2637319],[-117.1902218,44.2634968],[-117.1897151,44.2632738],[-117.1890638,44.2630497],[-117.188352,44.2628294],[-117.1868868,44.2624003],[-117.1862922,44.2622314],[-117.185381,44.2619504],[-117.1846932,44.2617108],[-117.1840252,44.2614425],[-117.1835629,44.2612285],[-117.1830857,44.2609775],[-117.1819336,44.2603023],[-117.1807547,44.2595755],[-117.1802861,44.2592865],[-117.1796549,44.2588953],[-117.1789885,44.2584851],[-117.1783447,44.2580458],[-117.17795,44.2577323],[-117.1775968,44.2574071],[-117.1772544,44.2570283],[-117.177006,44.2567204],[-117.1767979,44.256447],[-117.1766865,44.2562717],[-117.176575,44.2560504],[-117.1764741,44.25582],[-117.1763837,44.2555866],[-117.176309,44.2553069],[-117.1762408,44.2549572],[-117.1761973,44.2546457],[-117.1761819,44.2543413],[-117.1761768,44.2540425],[-117.1765205,44.2518077],[-117.1768115,44.2499103],[-117.1770244,44.2483864],[-117.1770566,44.247272],[-117.1769279,44.2465265],[-117.1763807,44.2449279],[-117.1749859,44.2427297],[-117.1737092,44.2405545],[-117.1725183,44.2386713],[-117.1717244,44.2373262],[-117.169997,44.2345435],[-117.1681839,44.2315531],[-117.1666175,44.2291238],[-117.1653515,44.2276247],[-117.1643537,44.2267997],[-117.1632701,44.2259487],[-117.1624118,44.2253951],[-117.1604913,44.2243034],[-117.1585172,44.2234961],[-117.1555775,44.2222044],[-117.1546977,44.2215047],[-117.154054,44.2205667],[-117.1536248,44.2195133],[-117.1533137,44.2177217],[-117.1530347,44.2167682],[-117.1528202,44.2160916],[-117.1524661,44.2151688],[-117.151125,44.2130234],[-117.1505135,44.2120698],[-117.1498054,44.2112931],[-117.1464472,44.2081016],[-117.1450847,44.2064558],[-117.1446019,44.2051791],[-117.1445161,44.2045485],[-117.1447306,44.2032564],[-117.1451812,44.2014412],[-117.1452778,44.1999414],[-117.1449237,44.1984492],[-117.1444624,44.1973954],[-117.1435183,44.1961416],[-117.1424883,44.1950262],[-117.1405035,44.1928954],[-117.1399456,44.1922646],[-117.1392267,44.1913107],[-117.1387225,44.1904799],[-117.1379966,44.1891205],[-117.137435,44.1873873],[-117.1370226,44.1858032],[-117.1366625,44.1845176],[-117.1361761,44.1826347],[-117.1360788,44.1822578],[-117.1353965,44.1796166],[-117.1349567,44.1779161],[-117.1345811,44.1768928],[-117.1338623,44.1755693],[-117.1333581,44.1747613],[-117.1321242,44.1733069],[-117.1315941,44.1728293],[-117.1306008,44.1719603],[-117.1285623,44.1705751],[-117.1266633,44.1692592],[-117.1225112,44.1662963],[-117.1190351,44.1638181],[-117.1183591,44.1631331],[-117.1180156,44.1625624],[-117.1176725,44.1620402],[-117.1170105,44.1602575],[-117.1164494,44.1590847],[-117.1156018,44.15768],[-117.1128284,44.1537389],[-117.1113908,44.1517606],[-117.1100121,44.1498746],[-117.1088695,44.1483542],[-117.1077215,44.1469646],[-117.1062087,44.1452324],[-117.1019548,44.1407785],[-117.0985323,44.1375793],[-117.096467,44.135843],[-117.0916926,44.1321584],[-117.0881038,44.1296596],[-117.0846545,44.1274725],[-117.0824229,44.1261441],[-117.0798909,44.1247424],[-117.0730513,44.1214538],[-117.0700901,44.1201792],[-117.0670592,44.1188659],[-117.0651817,44.1177645],[-117.0632398,44.1165283],[-117.0596241,44.1139594],[-117.0373025,44.0980043],[-117.0367651,44.0976121],[-117.036435,44.0973712],[-117.0294936,44.0923051],[-117.0252007,44.0892474],[-117.0191694,44.0849099],[-117.0162099,44.0828009],[-117.0156829,44.0824165],[-117.0131146,44.0805428],[-117.0056965,44.075177],[-117.0052829,44.0748723],[-117.0026808,44.0730625],[-117.0009106,44.0718099],[-116.9994622,44.070696],[-116.9984698,44.0697903],[-116.9976651,44.0689385],[-116.9966995,44.0677783],[-116.9958627,44.0664678],[-116.9948112,44.0646021],[-116.9940441,44.0632901],[-116.9931858,44.0621891],[-116.9924133,44.0613102],[-116.991657,44.0605546],[-116.9903105,44.0594367],[-116.9832746,44.0538723],[-116.9821941,44.0530178],[-116.9794261,44.0508665],[-116.9763898,44.0484837],[-116.9752311,44.0475853],[-116.9733965,44.0461548],[-116.9683647,44.0421909],[-116.9655805,44.0399929],[-116.9633006,44.0383077],[-116.9621956,44.0376637],[-116.9586565,44.0359181],[-116.9578751,44.0355417],[-116.9564754,44.0348464],[-116.9552426,44.0341973],[-116.9548216,44.0339464],[-116.9541236,44.0334583],[-116.9534838,44.0329356],[-116.9529401,44.0324084],[-116.9525077,44.0319393],[-116.9522422,44.0316066],[-116.9519842,44.031263],[-116.9518259,44.0310171],[-116.9516408,44.0306989],[-116.9514048,44.0302206],[-116.951209,44.0298446],[-116.9510159,44.0293451],[-116.950525,44.0282362],[-116.9496989,44.0262055],[-116.9493263,44.0250635],[-116.9491412,44.024446],[-116.9491317,44.0243014],[-116.949164,44.0241637],[-116.9492247,44.0240614],[-116.9493385,44.023955],[-116.9494655,44.0238909],[-116.9496267,44.0238432],[-116.9498088,44.0238337],[-116.9500099,44.0238623],[-116.9501639,44.0239362],[-116.9502697,44.0240246],[-116.9503551,44.0241452],[-116.950401,44.024258],[-116.9504252,44.0243492],[-116.9504157,44.0244692],[-116.9503778,44.0245605],[-116.9503228,44.0246301],[-116.9501388,44.0247283],[-116.9499334,44.0247228],[-116.9494075,44.0247081],[-116.9482454,44.0247064],[-116.9470762,44.0247047],[-116.9469013,44.0247044],[-116.9437302,44.0246999],[-116.943505,44.0247023],[-116.9432276,44.0247006],[-116.9428009,44.0247022],[-116.9425941,44.024703],[-116.9416875,44.0247064],[-116.9415813,44.0247068],[-116.9406292,44.0247104],[-116.9404026,44.0247113],[-116.9401722,44.0247125],[-116.9396809,44.0247151],[-116.9387583,44.02472],[-116.9379638,44.0247388],[-116.9376399,44.0247562],[-116.9372427,44.0248169]]]}},{"type":"Feature","properties":{"name":"US 30 (ID)","ref":"US 30","routeRef":"US 30","routeTier":"major","routeTensDigit":3,"routeOnesDigit":"even"},"geometry":{"type":"MultiLineString","coordinates":[[[-111.0465177,42.213409],[-111.0465382,42.2134107],[-111.050232,42.2136611],[-111.053654,42.213877],[-111.0572977,42.2141255],[-111.0597205,42.2142844],[-111.0605372,42.2143318],[-111.0613423,42.214363],[-111.0620714,42.2143684],[-111.0626224,42.2143615],[-111.0633135,42.2143373],[-111.0641345,42.2142845],[-111.064938,42.2142157],[-111.0656038,42.2141348],[-111.0663204,42.2140331],[-111.0695806,42.2134802],[-111.0698621,42.2134316],[-111.078025,42.2120237],[-111.0810853,42.2114994],[-111.0820009,42.211339],[-111.0881521,42.2102906],[-111.0927197,42.2095001],[-111.0944614,42.2091972],[-111.0962166,42.2089012],[-111.098331,42.2085337],[-111.1009412,42.2080879],[-111.1022181,42.2078608],[-111.1027407,42.2077724],[-111.1031181,42.2077156],[-111.1036015,42.2076511],[-111.1039794,42.2076226],[-111.1043666,42.2076084],[-111.104756,42.2076194],[-111.1051276,42.2076466],[-111.1055246,42.2076961],[-111.1058683,42.2077624],[-111.1061925,42.207845],[-111.1065373,42.2079575],[-111.106889,42.208102],[-111.1071931,42.2082309],[-111.1074741,42.2083731],[-111.1077394,42.2085204],[-111.1081157,42.2087692],[-111.1083418,42.2089499],[-111.1085437,42.2091345],[-111.1087524,42.2093695],[-111.1089498,42.2096238],[-111.109116,42.209883],[-111.1092711,42.2101367],[-111.1093825,42.2103823],[-111.1094839,42.2106681],[-111.1095761,42.2110429],[-111.1096019,42.2112042],[-111.1096266,42.2114067],[-111.1096517,42.2117482],[-111.109644,42.2121496],[-111.1095924,42.2150967],[-111.1096052,42.2154096],[-111.1096393,42.2157112],[-111.1096991,42.2159957],[-111.1097683,42.2162383],[-111.1098689,42.2165092],[-111.1099689,42.216724],[-111.1100857,42.2169502],[-111.1102718,42.217226],[-111.1104158,42.217405],[-111.1105661,42.2175853],[-111.1107807,42.2177923],[-111.1109758,42.2179628],[-111.1113019,42.2181986],[-111.1115464,42.21836],[-111.1118087,42.2185107],[-111.112066,42.218638],[-111.1124083,42.2187928],[-111.1127615,42.2189239],[-111.1132499,42.2190774],[-111.11458,42.2194482],[-111.1156228,42.2197809],[-111.1163472,42.2200176],[-111.1167435,42.2201585],[-111.117527,42.220505],[-111.117658,42.220567],[-111.117982,42.220722],[-111.118413,42.22095],[-111.118748,42.22115],[-111.118852,42.221212],[-111.119251,42.221487],[-111.119672,42.221806],[-111.121623,42.223431],[-111.122941,42.224515],[-111.124331,42.225692],[-111.124403,42.225759],[-111.125,42.226316],[-111.126757,42.227789],[-111.128015,42.228825],[-111.128267,42.229048],[-111.128865,42.229532],[-111.129587,42.230127],[-111.130177,42.230579],[-111.130431,42.230747],[-111.130779,42.230943],[-111.13127,42.231159],[-111.131681,42.231317],[-111.132288,42.231485],[-111.132789,42.231575],[-111.133228,42.231629],[-111.133807,42.231643],[-111.134199,42.231636],[-111.134228,42.231635],[-111.134427,42.23162],[-111.134835,42.231583],[-111.135028,42.231549],[-111.135416,42.231471],[-111.136053,42.231312],[-111.137082,42.230999],[-111.138963,42.230416],[-111.140379,42.230001],[-111.142862,42.229251],[-111.143599,42.228995],[-111.143978,42.228842],[-111.144491,42.228596],[-111.144683,42.228489],[-111.144947,42.228322],[-111.145337,42.228058],[-111.145649,42.227812],[-111.145862,42.227625],[-111.146292,42.227181],[-111.14648,42.226956],[-111.146502,42.22693],[-111.146674,42.226684],[-111.146899,42.226312],[-111.147172,42.225811],[-111.147337,42.225508],[-111.148401,42.22344],[-111.15138,42.21765],[-111.151713,42.217025],[-111.152052,42.216366],[-111.152332,42.2158],[-111.152666,42.215147],[-111.152888,42.214731],[-111.153962,42.212647],[-111.156038,42.208618],[-111.156677,42.207359],[-111.160084,42.200752],[-111.160216,42.200506],[-111.160392,42.200178],[-111.160687,42.199736],[-111.160972,42.199403],[-111.161237,42.199143],[-111.161497,42.198926],[-111.161705,42.198776],[-111.162029,42.198572],[-111.162245,42.198445],[-111.162351,42.198389],[-111.162554,42.198303],[-111.162901,42.198167],[-111.163114,42.198097],[-111.163276,42.198053],[-111.163845,42.197945],[-111.164572,42.197833],[-111.165001,42.197794],[-111.165542,42.19779],[-111.165963,42.197812],[-111.166349,42.197845],[-111.166582,42.197869],[-111.166747,42.197892],[-111.166935,42.197925],[-111.169309,42.198439],[-111.170337,42.198645],[-111.170865,42.198771],[-111.171858,42.199056],[-111.172439,42.199206],[-111.17298,42.19929],[-111.173615,42.199351],[-111.174298,42.199439],[-111.17457,42.199463],[-111.174754,42.19948],[-111.175292,42.199485],[-111.175556,42.199473],[-111.175813,42.199446],[-111.176041,42.199416],[-111.176302,42.199372],[-111.176888,42.199244],[-111.177512,42.199102],[-111.17827,42.19889],[-111.179347,42.198556],[-111.180744,42.19818],[-111.183056,42.197541],[-111.184136,42.197197],[-111.186461,42.196484],[-111.18787,42.196077],[-111.189168,42.195705],[-111.190491,42.195363],[-111.190842,42.195288],[-111.191633,42.195049],[-111.192037,42.19492],[-111.193301,42.194519],[-111.194723,42.194102],[-111.195708,42.193867],[-111.196031,42.193813],[-111.196311,42.193781],[-111.196542,42.19377],[-111.19718,42.193781],[-111.197414,42.193802],[-111.197809,42.193882],[-111.19881,42.194146],[-111.199219,42.194275],[-111.19962,42.194436],[-111.199918,42.194584],[-111.20023,42.194756],[-111.20043,42.194883],[-111.200717,42.195093],[-111.20101,42.19535],[-111.201069,42.195403],[-111.201281,42.195632],[-111.201916,42.196553],[-111.204051,42.199901],[-111.204677,42.200801],[-111.20534,42.201618],[-111.206255,42.202588],[-111.207223,42.203474],[-111.20827,42.20438],[-111.208945,42.204957],[-111.209348,42.205301],[-111.210432,42.206242],[-111.211874,42.20747],[-111.212626,42.208125],[-111.21286,42.208329],[-111.213726,42.209069],[-111.21493,42.210113],[-111.215249,42.210386],[-111.217135,42.212],[-111.218061,42.21281],[-111.218606,42.213341],[-111.218856,42.213642],[-111.218965,42.213788],[-111.219106,42.213977],[-111.219333,42.21437],[-111.219518,42.214776],[-111.219616,42.215026],[-111.219691,42.215307],[-111.219709,42.215382],[-111.219804,42.21577],[-111.221014,42.222038],[-111.221359,42.223824],[-111.221559,42.22465],[-111.221736,42.225182],[-111.221969,42.225721],[-111.22235,42.226435],[-111.22245,42.226623],[-111.222849,42.227239],[-111.223427,42.227988],[-111.223863,42.228463],[-111.224322,42.228909],[-111.224721,42.229271],[-111.226534,42.230668],[-111.232074,42.234838],[-111.233207,42.235681],[-111.234148,42.236404],[-111.235263,42.237244],[-111.236249,42.237976],[-111.236594,42.238231],[-111.237641,42.239035],[-111.238124,42.239401],[-111.238662,42.23981],[-111.239947,42.240775],[-111.240896,42.241494],[-111.242343,42.242585],[-111.243095,42.243144],[-111.243456,42.243411],[-111.245776,42.245175],[-111.249087,42.247658],[-111.249722,42.248142],[-111.2499,42.248271],[-111.250509,42.248712],[-111.251235,42.249291],[-111.252025,42.249912],[-111.252963,42.250605],[-111.253835,42.251262],[-111.254663,42.251903],[-111.255564,42.252555],[-111.256006,42.252911],[-111.258057,42.254452],[-111.25894,42.255102],[-111.259164,42.255273],[-111.25953,42.255551],[-111.260607,42.256366],[-111.261504,42.257032],[-111.262286,42.257613],[-111.262874,42.258114],[-111.263505,42.258605],[-111.264352,42.259249],[-111.265133,42.259836],[-111.266896,42.261089],[-111.268088,42.261999],[-111.269487,42.263066],[-111.270305,42.263713],[-111.271229,42.264527],[-111.271872,42.265185],[-111.272633,42.266067],[-111.273021,42.266563],[-111.2735,42.26727],[-111.27352,42.267302],[-111.274138,42.268271],[-111.274669,42.269183],[-111.275266,42.270171],[-111.275897,42.271237],[-111.276502,42.272271],[-111.277298,42.273615],[-111.278084,42.274928],[-111.278286,42.275266],[-111.278537,42.275682],[-111.279094,42.276645],[-111.279611,42.277523],[-111.279736,42.277736],[-111.280322,42.278699],[-111.283951,42.284834],[-111.284382,42.285562],[-111.284584,42.285891],[-111.286111,42.288464],[-111.286265,42.288725],[-111.28751,42.290829],[-111.288252,42.292056],[-111.290104,42.295195],[-111.290176,42.295328],[-111.290743,42.29638],[-111.291331,42.297635],[-111.291713,42.298541],[-111.292642,42.300739],[-111.294099,42.304187],[-111.294228,42.304493],[-111.294497,42.305103],[-111.295361,42.307176],[-111.295844,42.308386],[-111.2959978,42.3087683],[-111.29606,42.308956],[-111.29618,42.309274],[-111.296595,42.310444],[-111.296832,42.311122],[-111.2969283,42.3113657],[-111.297114,42.311917],[-111.297314,42.312506],[-111.2973913,42.3126946],[-111.297496,42.312949],[-111.297626,42.313317],[-111.297747,42.313656],[-111.2977798,42.3139525],[-111.297828,42.314388],[-111.297821,42.31474],[-111.2978153,42.3150705],[-111.2978171,42.31554],[-111.2978156,42.3159453],[-111.2978169,42.3162266],[-111.2978191,42.3165427],[-111.2978218,42.3168303],[-111.2978222,42.316898],[-111.2978232,42.3172873],[-111.297824,42.317536],[-111.297825,42.3176559],[-111.297824,42.3177791],[-111.2978237,42.3181003],[-111.2978225,42.3185112],[-111.2978223,42.318703],[-111.2978216,42.3189831],[-111.297821,42.3190554],[-111.2978213,42.3191281],[-111.2978194,42.319892],[-111.2978175,42.3205661],[-111.297817,42.3207699],[-111.297817,42.3208101],[-111.2978167,42.32096],[-111.297815,42.3212175],[-111.2978136,42.321577],[-111.2978137,42.32172],[-111.2978127,42.3219308],[-111.297814,42.322042],[-111.2978123,42.322168],[-111.2978069,42.3226387],[-111.2978059,42.3228022],[-111.297804,42.322975],[-111.297819,42.3242007],[-111.297801,42.3245877],[-111.297801,42.3249286],[-111.297802,42.32544],[-111.297814,42.326395],[-111.2978135,42.3264293],[-111.2978151,42.3267817],[-111.2978263,42.3275594],[-111.2978121,42.3281779],[-111.2978191,42.3285198],[-111.2978176,42.3285858],[-111.2978134,42.3294042],[-111.297801,42.330315],[-111.29781,42.330841],[-111.2977846,42.3321396],[-111.297784,42.332288],[-111.2977808,42.3324714],[-111.297778,42.3326501],[-111.297762,42.333499],[-111.297751,42.333806],[-111.297723,42.334552],[-111.2976931,42.335791],[-111.2976554,42.337043],[-111.297624,42.339585],[-111.297609,42.340752],[-111.297574,42.342271],[-111.297577,42.342838],[-111.297581,42.343711],[-111.297604,42.34405],[-111.297703,42.344857],[-111.297772,42.345272],[-111.297902,42.345817],[-111.298035,42.346344],[-111.298085,42.346493],[-111.298279,42.347088],[-111.298512,42.347667],[-111.298733,42.34817],[-111.298919,42.348556],[-111.299144,42.34898],[-111.2998,42.350038],[-111.300145,42.350575],[-111.3008859,42.3516724],[-111.3009278,42.351732],[-111.3009695,42.351792],[-111.3018661,42.3531714],[-111.302057,42.353466],[-111.302228,42.353747],[-111.302853,42.354713],[-111.303192,42.3552179],[-111.303435,42.35558],[-111.304581,42.357279],[-111.304631,42.357359],[-111.3047704,42.357581],[-111.304901,42.357789],[-111.305657,42.358955],[-111.305732,42.35907],[-111.306419,42.36007],[-111.307704,42.362033],[-111.308001,42.362487],[-111.308057,42.3625668],[-111.308392,42.363044],[-111.308932,42.363815],[-111.308963,42.363859],[-111.309366,42.364503],[-111.310102,42.36562],[-111.310604,42.366374],[-111.310645,42.366435],[-111.310728,42.366559],[-111.311754,42.368138],[-111.312499,42.369309],[-111.312737,42.369694],[-111.313408,42.370954],[-111.313691,42.371522],[-111.313896,42.371947],[-111.31437,42.372948],[-111.315169,42.374718],[-111.315307,42.375],[-111.31624,42.377058],[-111.316628,42.377906],[-111.317146,42.379058],[-111.317169,42.379108],[-111.317328,42.379461],[-111.3203293,42.386098],[-111.320451,42.386367],[-111.320944,42.387458],[-111.321303,42.388252],[-111.321382,42.388425],[-111.321848,42.389451],[-111.322645,42.391199],[-111.322671,42.391259],[-111.322771,42.391492],[-111.323167,42.392408],[-111.323605,42.393367],[-111.323691,42.393555],[-111.3238922,42.393987],[-111.324228,42.394708],[-111.324564,42.395462],[-111.324737,42.39583],[-111.325215,42.396904],[-111.325906,42.398398],[-111.326151,42.398961],[-111.3267,42.400165],[-111.327005,42.400812],[-111.327027,42.400862],[-111.327275,42.401413],[-111.330906,42.40949],[-111.333124,42.414373],[-111.333474,42.415165],[-111.333586,42.415388],[-111.334838,42.41816],[-111.334923,42.418361],[-111.335024,42.418574],[-111.335245,42.41908],[-111.335618,42.419877],[-111.3359,42.42051],[-111.336484,42.421773],[-111.339876,42.429275],[-111.3399415,42.4294197],[-111.3406368,42.4309555],[-111.340876,42.431484],[-111.341096,42.431938],[-111.341683,42.433196],[-111.34189,42.433601],[-111.342055,42.433963],[-111.342492,42.434783],[-111.343103,42.435869],[-111.343332,42.436262],[-111.343456,42.436463],[-111.343578,42.436659],[-111.343874,42.437177],[-111.343965,42.437319],[-111.344124,42.437567],[-111.344875,42.438799],[-111.345694,42.439952],[-111.345869,42.440199],[-111.3461247,42.4405481],[-111.34669,42.44132],[-111.347424,42.4422304],[-111.347551,42.442388],[-111.348755,42.443811],[-111.349292,42.444404],[-111.349794,42.444976],[-111.350417,42.445655],[-111.35094,42.446215],[-111.351585,42.446927],[-111.352485,42.447948],[-111.358232,42.454367],[-111.358979,42.455181],[-111.359139,42.455356],[-111.359989,42.456332],[-111.3601,42.456454],[-111.360577,42.456976],[-111.36105,42.457512],[-111.361509,42.458051],[-111.361735,42.458354],[-111.36176,42.4584],[-111.361897,42.458644],[-111.362232,42.459315],[-111.36256,42.460097],[-111.363142,42.461535],[-111.363234,42.461751],[-111.363404,42.462149],[-111.363676,42.462804],[-111.364761,42.465458],[-111.364823,42.465611],[-111.364881,42.465752],[-111.365526,42.467336],[-111.366172,42.468919],[-111.366228,42.469051],[-111.367,42.470875],[-111.36709,42.471077],[-111.367372,42.471518],[-111.36773,42.472037],[-111.36814,42.472677],[-111.368201,42.472762],[-111.368768,42.473561],[-111.369473,42.474627],[-111.369965,42.475365],[-111.370188,42.4757],[-111.370716,42.476477],[-111.37123,42.477248],[-111.371827,42.478121],[-111.371933,42.478276],[-111.371985,42.478352],[-111.372521,42.479174],[-111.372992,42.479868],[-111.373194,42.480174],[-111.373851,42.481157],[-111.374187,42.481647],[-111.374234,42.481717],[-111.374282,42.481786],[-111.374318,42.481839],[-111.374781,42.48252],[-111.374809,42.482573],[-111.375002,42.482934],[-111.375167,42.483193],[-111.375251,42.483324],[-111.375814,42.484152],[-111.37658,42.485241],[-111.377232,42.48621],[-111.377581,42.48672],[-111.377768,42.486992],[-111.378145,42.487565],[-111.378308,42.487793],[-111.378455,42.487999],[-111.378663,42.48825],[-111.378952,42.48855],[-111.379595,42.489058],[-111.380489,42.489655],[-111.380867,42.489881],[-111.381175,42.490046],[-111.381506,42.490189],[-111.382059,42.49041],[-111.383302,42.490821],[-111.384323,42.491166],[-111.385026,42.491461],[-111.385418,42.491676],[-111.385934,42.492025],[-111.386526,42.492557],[-111.386821,42.492879],[-111.387134,42.493305],[-111.387296,42.493602],[-111.387643,42.494362],[-111.388228,42.495915],[-111.388564,42.496808],[-111.388901,42.4977],[-111.389371,42.49891],[-111.389593,42.499498],[-111.39084,42.5028],[-111.392513,42.507227],[-111.392698,42.507693],[-111.392883,42.508197],[-111.392951,42.508382],[-111.393337,42.509386],[-111.393909,42.510904],[-111.394998,42.513792],[-111.395312,42.514582],[-111.395534,42.515046],[-111.395845,42.515594],[-111.396054,42.515947],[-111.396544,42.516624],[-111.396862,42.517012],[-111.3971646,42.5173485],[-111.3973,42.517499],[-111.3979,42.51812],[-111.398403,42.518671],[-111.398962,42.519238],[-111.400204,42.520559],[-111.401251,42.521662],[-111.401398,42.521849],[-111.401548,42.522024],[-111.401684,42.522192],[-111.401967,42.522621],[-111.402269,42.523141],[-111.40232,42.523249],[-111.402538,42.523732],[-111.402681,42.524112],[-111.402779,42.524397],[-111.403227,42.525807],[-111.403527,42.526688],[-111.4035629,42.5267869],[-111.403605,42.526903],[-111.403694,42.527146],[-111.403906,42.527601],[-111.404026,42.527817],[-111.404232,42.528139],[-111.40429,42.528231],[-111.404395,42.52837],[-111.404526,42.528542],[-111.404723,42.528775],[-111.404967,42.529045],[-111.40525,42.529314],[-111.405264,42.529327],[-111.4053265,42.5293813],[-111.405524,42.529553],[-111.405746,42.529728],[-111.406068,42.529953],[-111.406392,42.530163],[-111.406766,42.530388],[-111.410052,42.532212],[-111.410921,42.532701],[-111.411329,42.532926],[-111.412144,42.533384],[-111.412677,42.533656],[-111.41324,42.534003],[-111.413443,42.534151],[-111.413693,42.534321],[-111.414069,42.534605],[-111.41417,42.534693],[-111.414341,42.534852],[-111.41457,42.535049],[-111.414842,42.535322],[-111.415224,42.535738],[-111.415626,42.536261],[-111.416182,42.537044],[-111.416533,42.537565],[-111.416856,42.538027],[-111.417269,42.538532],[-111.417557,42.538824],[-111.41788,42.539141],[-111.418175,42.539391],[-111.418618,42.539728],[-111.418853,42.539897],[-111.4190028,42.5399997],[-111.419292,42.540198],[-111.41965,42.540409],[-111.42045,42.540871],[-111.421121,42.541243],[-111.422881,42.542234],[-111.423364,42.542501],[-111.424814,42.543303],[-111.425494,42.543701],[-111.425913,42.543934],[-111.42663,42.544332],[-111.428073,42.545151],[-111.431082,42.546829],[-111.432132,42.547427],[-111.434193,42.548579],[-111.434712,42.548873],[-111.43531,42.549212],[-111.436155,42.549691],[-111.437177,42.550248],[-111.437466,42.550425],[-111.437638,42.55052],[-111.438659,42.551111],[-111.439526,42.551599],[-111.442021,42.552979],[-111.442628,42.553329],[-111.443937,42.554042],[-111.445021,42.554668],[-111.445818,42.555107],[-111.446534,42.555513],[-111.446847,42.555687],[-111.448025,42.556342],[-111.449581,42.557218],[-111.450858,42.557938],[-111.451465,42.558287],[-111.453297,42.559306],[-111.454217,42.559804],[-111.456379,42.561023],[-111.457562,42.56169],[-111.458977,42.562498],[-111.459412,42.562763],[-111.460827,42.563563],[-111.462648,42.564573],[-111.464291,42.565494],[-111.46624,42.566594],[-111.467819,42.567485],[-111.468145,42.567658],[-111.469715,42.568511],[-111.470947,42.569205],[-111.471406,42.569458],[-111.471598,42.569563],[-111.47227,42.569969],[-111.473028,42.570468],[-111.473984,42.571127],[-111.474326,42.571397],[-111.475053,42.572018],[-111.475492,42.572404],[-111.475797,42.572698],[-111.476118,42.573034],[-111.476482,42.573436],[-111.477179,42.574293],[-111.47748,42.574704],[-111.477551,42.574811],[-111.477948,42.575408],[-111.47813,42.575702],[-111.478383,42.576125],[-111.478653,42.576645],[-111.478891,42.577178],[-111.478956,42.577344],[-111.479061,42.577617],[-111.479363,42.578468],[-111.479445,42.578723],[-111.479538,42.579111],[-111.479905,42.580498],[-111.480118,42.581326],[-111.480348,42.582165],[-111.480392,42.582367],[-111.480513,42.582926],[-111.480601,42.583281],[-111.480705,42.583695],[-111.480837,42.584275],[-111.481127,42.585416],[-111.481411,42.586446],[-111.481585,42.586921],[-111.481893,42.587548],[-111.48212,42.587935],[-111.482458,42.588417],[-111.482758,42.58878],[-111.483251,42.589324],[-111.483519,42.589594],[-111.484167,42.590276],[-111.485581,42.591763],[-111.486387,42.592583],[-111.487753,42.593931],[-111.488115,42.594314],[-111.488595,42.594793],[-111.48882,42.59504],[-111.489631,42.595854],[-111.489976,42.596189],[-111.491754,42.597995],[-111.492164,42.598431],[-111.492617,42.598872],[-111.493448,42.599715],[-111.494775,42.601031],[-111.495762,42.602034],[-111.497084,42.603348],[-111.498618,42.604907],[-111.498896,42.605205],[-111.499248,42.605548],[-111.501307,42.607624],[-111.501961,42.608345],[-111.5028684,42.6092748],[-111.50293,42.609338],[-111.50369,42.6101],[-111.50467,42.611105],[-111.506078,42.612526],[-111.508744,42.615238],[-111.509465,42.615936],[-111.510184,42.616667],[-111.511478,42.617953],[-111.512943,42.619442],[-111.513666,42.620184],[-111.516529,42.623075],[-111.51737,42.623903],[-111.518067,42.624606],[-111.518701,42.625267],[-111.5195555,42.6261192],[-111.520535,42.627096],[-111.521097,42.627634],[-111.521925,42.628455],[-111.522491,42.629016],[-111.523283,42.629845],[-111.523926,42.6304994],[-111.525145,42.63174],[-111.526041,42.632618],[-111.526809,42.633392],[-111.527298,42.63384],[-111.527856,42.634256],[-111.527926,42.634317],[-111.528445,42.634647],[-111.52917,42.635052],[-111.529865,42.635387],[-111.530547,42.63566],[-111.531297,42.635891],[-111.532103,42.636112],[-111.5422278,42.6387244],[-111.545017,42.639444],[-111.548747,42.640406],[-111.554041,42.641779],[-111.555547,42.64215],[-111.559246,42.6431],[-111.564617,42.644523],[-111.565387,42.644703],[-111.566308,42.644932],[-111.568638,42.645536],[-111.570117,42.645907],[-111.572548,42.646631],[-111.573279,42.646859],[-111.573978,42.647077],[-111.5754535,42.6475155],[-111.5756937,42.6475859],[-111.5762792,42.6477618],[-111.576608,42.64786],[-111.577489,42.64815],[-111.578338,42.648488],[-111.578838,42.648754],[-111.579188,42.64896],[-111.579317,42.64905],[-111.579594,42.649276],[-111.580043,42.649666],[-111.580407,42.650057],[-111.580876,42.650649],[-111.5816016,42.6515443],[-111.582146,42.652216],[-111.582568,42.652663],[-111.582977,42.653047],[-111.5833,42.653266],[-111.583513,42.653411],[-111.58384,42.6536],[-111.584099,42.653712],[-111.584503,42.653906],[-111.58465,42.653977],[-111.585304,42.654227],[-111.585747,42.654329],[-111.586309,42.654465],[-111.586631,42.654536],[-111.5871668,42.6546074],[-111.5873475,42.6546224],[-111.5876008,42.6546382],[-111.588586,42.6546577],[-111.5910037,42.6546436],[-111.5915996,42.654633],[-111.5929045,42.6546256],[-111.593094,42.6546245],[-111.5942772,42.6546172],[-111.594844,42.6546197],[-111.596166,42.654611],[-111.597785,42.6546304],[-111.599375,42.654647],[-111.600664,42.6546676],[-111.6028704,42.6546639],[-111.603065,42.6546636],[-111.603731,42.6546625],[-111.606607,42.6546666],[-111.607224,42.6546675],[-111.607763,42.6546683],[-111.608088,42.6546688],[-111.609871,42.6546713],[-111.6114594,42.6546736],[-111.6121377,42.6546866],[-111.612672,42.6547154],[-111.6133255,42.6547762],[-111.6136468,42.6548124],[-111.6142194,42.6549065],[-111.6148692,42.6550416],[-111.6150933,42.6550926],[-111.6152356,42.6551286],[-111.6153516,42.6551566],[-111.6154828,42.6551996],[-111.615549,42.6552215],[-111.6160622,42.6553538],[-111.6161655,42.6553873],[-111.617049,42.655628],[-111.617843,42.655843],[-111.618495,42.65602],[-111.619445,42.656264],[-111.62008,42.656431],[-111.620712,42.656603],[-111.622078,42.656949],[-111.62323,42.657266],[-111.624815,42.657664],[-111.626189,42.658043],[-111.62894,42.65876],[-111.630622,42.659214],[-111.6325,42.659691],[-111.633833,42.66005],[-111.635177,42.660398],[-111.635499,42.660485],[-111.636073,42.660639],[-111.63766,42.66105],[-111.638406,42.661244],[-111.639065,42.661406],[-111.6397287,42.6615354],[-111.640281,42.6616],[-111.640725,42.661637],[-111.64117,42.661648],[-111.641632,42.661632],[-111.642463,42.661561],[-111.642847,42.661502],[-111.643615,42.661336],[-111.644944,42.660975],[-111.6458,42.660721],[-111.645901,42.660698],[-111.646586,42.660494],[-111.647244,42.66031],[-111.648438,42.659997],[-111.64971,42.659635],[-111.650619,42.659398],[-111.652576,42.658849],[-111.653814,42.658502],[-111.654734,42.658285],[-111.655337,42.658159],[-111.656011,42.658038],[-111.656732,42.65792],[-111.658137,42.65773],[-111.659284,42.657573],[-111.660378,42.657435],[-111.662236,42.657158],[-111.664435,42.656884],[-111.667614,42.656462],[-111.669299,42.656188],[-111.670292,42.656012],[-111.671509,42.655765],[-111.672827,42.655538],[-111.674297,42.655342],[-111.675231,42.655206],[-111.676259,42.655075],[-111.677419,42.654924],[-111.678121,42.654833],[-111.679185,42.65467],[-111.680729,42.654473],[-111.682654,42.654198],[-111.683488,42.654071],[-111.684972,42.653865],[-111.68608,42.653727],[-111.687098,42.653591],[-111.688198,42.653428],[-111.68956,42.653252],[-111.690398,42.653143],[-111.692287,42.652867],[-111.693589,42.652702],[-111.696125,42.652345],[-111.696689,42.652272],[-111.697628,42.652136],[-111.697977,42.652068],[-111.698262,42.652022],[-111.698677,42.651933],[-111.700076,42.651664],[-111.701289,42.651407],[-111.701824,42.651302],[-111.703232,42.651004],[-111.706107,42.650419],[-111.707603,42.650108],[-111.708835,42.649868],[-111.709134,42.649812],[-111.710058,42.649661],[-111.7110449,42.649519],[-111.711394,42.649456],[-111.712044,42.649374],[-111.713538,42.649211],[-111.714935,42.649077],[-111.716641,42.648983],[-111.717594,42.648951],[-111.7180397,42.6489414],[-111.718428,42.648933],[-111.71938,42.64894],[-111.720643,42.648949],[-111.721123,42.648948],[-111.721994,42.648946],[-111.722947,42.64896],[-111.726102,42.648957],[-111.727339,42.648932],[-111.728364,42.648929],[-111.729926,42.648944],[-111.73024,42.648938],[-111.732471,42.648963],[-111.734884,42.649002],[-111.736896,42.649004],[-111.742143,42.649043],[-111.749632,42.649068],[-111.752959,42.649081],[-111.756005,42.649077],[-111.759596,42.649104],[-111.760124,42.64911],[-111.764123,42.649115],[-111.764623,42.649116],[-111.765422,42.64913],[-111.767884,42.649126],[-111.769359,42.649131],[-111.77299,42.649153],[-111.775149,42.649161],[-111.776835,42.649158],[-111.778938,42.649174],[-111.780461,42.649171],[-111.782432,42.649198],[-111.783483,42.649194],[-111.793017,42.64922],[-111.798386,42.649239],[-111.805624,42.649261],[-111.806705,42.649278],[-111.812075,42.649299],[-111.815529,42.649296],[-111.818059,42.649312],[-111.818165,42.649308],[-111.820484,42.649323],[-111.8260644,42.649375],[-111.8312413,42.649418],[-111.8340914,42.6494968],[-111.8355699,42.6495645],[-111.8368951,42.6496319],[-111.8379794,42.6496907],[-111.838816,42.6497465],[-111.8418422,42.6498827],[-111.8439771,42.6499486],[-111.8467179,42.649988],[-111.8494781,42.6499803],[-111.8527832,42.6499797],[-111.8557903,42.6499697],[-111.8605338,42.6499643],[-111.8628195,42.6499587],[-111.8650838,42.6499582],[-111.8676163,42.6499601],[-111.8703461,42.6499443],[-111.8728474,42.6499504],[-111.8776583,42.6499465],[-111.8802295,42.6499404],[-111.8817358,42.6499275],[-111.8835035,42.6498434],[-111.884489,42.6497677],[-111.885316,42.649698],[-111.8866024,42.6495417],[-111.8873534,42.6494344],[-111.887739,42.6493812],[-111.8889332,42.6491742],[-111.8896872,42.649028],[-111.890677,42.648823],[-111.89171,42.648575],[-111.893119,42.648224],[-111.8937888,42.6480198],[-111.894067,42.647935],[-111.8948423,42.6476789],[-111.896159,42.647244],[-111.896879,42.646982],[-111.897704,42.646657],[-111.898645,42.646256],[-111.899503,42.645873],[-111.900761,42.645233],[-111.904104,42.643555],[-111.904599,42.643307],[-111.90479,42.643211],[-111.906092,42.642526],[-111.906196,42.642463],[-111.906412,42.642333],[-111.906475,42.642295],[-111.906791,42.642069],[-111.907118,42.641819],[-111.907538,42.641389],[-111.907841,42.641027],[-111.9086,42.640019],[-111.909574,42.638757],[-111.909778,42.638524],[-111.910021,42.638278],[-111.910513,42.637868],[-111.91109,42.637471],[-111.912312,42.636678],[-111.913295,42.636054],[-111.913866,42.635648],[-111.914132,42.635435],[-111.914386,42.635201],[-111.914469,42.635117],[-111.914602,42.634984],[-111.914795,42.634763],[-111.915069,42.634367],[-111.9152,42.634151],[-111.91532,42.633918],[-111.915428,42.63364],[-111.915815,42.632524],[-111.916005,42.632025],[-111.916217,42.631593],[-111.916387,42.631307],[-111.916557,42.631069],[-111.916842,42.630703],[-111.91709,42.630397],[-111.917946,42.629401],[-111.918425,42.628818],[-111.918746,42.628442],[-111.919469,42.627567],[-111.92027,42.626619],[-111.920585,42.626225],[-111.921205,42.625511],[-111.921785,42.624891],[-111.921981,42.62463],[-111.922092,42.624527],[-111.923271,42.623572],[-111.924406,42.622872],[-111.925295,42.622447],[-111.926313,42.621984],[-111.927509,42.621569],[-111.929799,42.621044],[-111.931627,42.620803],[-111.933295,42.620558],[-111.934073,42.620444],[-111.935816,42.620216],[-111.936513,42.620125],[-111.937455,42.620022],[-111.938592,42.620001],[-111.940302,42.620058],[-111.941958,42.620211],[-111.943322,42.620236],[-111.944692,42.620177],[-111.945972,42.620029],[-111.946398,42.619942],[-111.948096,42.619622],[-111.95033,42.619223],[-111.951673,42.619005],[-111.953151,42.618799],[-111.954161,42.618711],[-111.955651,42.618651],[-111.958036,42.618672],[-111.962101,42.618698],[-111.964215,42.618733],[-111.964785,42.618742],[-111.966436,42.618728],[-111.966656,42.618723],[-111.96697,42.618689],[-111.9680136,42.6185545],[-111.968638,42.618474],[-111.970187,42.618154],[-111.972924,42.61758],[-111.974626,42.617223],[-111.976508,42.616846],[-111.977824,42.616695],[-111.979116,42.616697],[-111.980419,42.616866],[-111.981562,42.617143],[-111.982742,42.61754],[-111.982934,42.617647],[-111.984693,42.61863],[-111.985162,42.618912],[-111.985674,42.61922],[-111.987055,42.62005],[-111.987609,42.620378],[-111.990061,42.621831],[-111.990819,42.622281],[-111.990919,42.62234],[-111.991344,42.622523],[-111.991611,42.622638],[-111.992001,42.622774],[-111.992406,42.622864],[-111.9928589,42.6229627],[-111.9931367,42.6230137],[-111.9935294,42.6230693],[-111.9940272,42.6231123],[-111.9944135,42.6231281],[-111.9947836,42.6231202],[-111.9951173,42.623097],[-111.9953254,42.623077],[-111.9956135,42.6230478],[-111.9958002,42.6230233],[-111.9960201,42.6229823],[-111.996135,42.622956],[-111.9962854,42.6229235],[-111.996659,42.6228317],[-111.9971228,42.6226796],[-111.9976485,42.6224558],[-111.9982182,42.6221817],[-111.999568,42.62143],[-112.000924,42.620592],[-112.002065,42.62013],[-112.002736,42.619953],[-112.0038566,42.6198046],[-112.00451,42.619782],[-112.005301,42.619806],[-112.006037,42.619895],[-112.006952,42.620125],[-112.008591,42.620736],[-112.00977,42.621147],[-112.010831,42.621573],[-112.012088,42.622015],[-112.01323,42.622326],[-112.014299,42.622585],[-112.0147447,42.6226704],[-112.015112,42.622745],[-112.015533,42.622843],[-112.01616,42.622965],[-112.016933,42.623116],[-112.018017,42.623309],[-112.019797,42.623651],[-112.0217374,42.6239843],[-112.0222178,42.6240711],[-112.0238688,42.6243306],[-112.024535,42.6244077],[-112.0261838,42.6245222],[-112.0271129,42.6245492],[-112.0275953,42.6245461],[-112.0283612,42.6245336],[-112.0289632,42.6245063],[-112.0296295,42.6244602],[-112.030085,42.624424],[-112.0305551,42.6243787],[-112.031623,42.624242],[-112.0322497,42.6241399],[-112.0330727,42.623985],[-112.0336887,42.6238495],[-112.034373,42.623681],[-112.035537,42.623379],[-112.0364665,42.6230904],[-112.0380768,42.6225284],[-112.0401852,42.6217793],[-112.0434791,42.6205758],[-112.0449444,42.620066],[-112.0455336,42.6198627],[-112.046319,42.6195894],[-112.0515722,42.6177839],[-112.0524661,42.6174815],[-112.0536028,42.6170969],[-112.0555303,42.6164671],[-112.0564789,42.6162462],[-112.0574566,42.6160944],[-112.0581251,42.6160398],[-112.0587842,42.6159817],[-112.0595016,42.615976],[-112.0612066,42.6160703],[-112.0646697,42.6162353],[-112.067325,42.6163686],[-112.0696067,42.6164796],[-112.072412,42.616659],[-112.0733429,42.6166666],[-112.0751248,42.6167587],[-112.0763753,42.6168138],[-112.0793512,42.6169691],[-112.0807136,42.617068],[-112.0809823,42.6170866],[-112.0821881,42.6172525],[-112.0838526,42.6175035],[-112.0855217,42.6177444],[-112.0862622,42.6178465],[-112.0866456,42.6178994],[-112.0876971,42.6180438],[-112.0918591,42.6186639],[-112.0948696,42.6191036],[-112.0990936,42.619704],[-112.1018896,42.6200997],[-112.1037005,42.6203509],[-112.1038383,42.6203713],[-112.1066231,42.6207752],[-112.1072676,42.6208698],[-112.1085977,42.6210729],[-112.1110645,42.6214308],[-112.112604,42.621742],[-112.113948,42.622032],[-112.114775,42.622251],[-112.116541,42.622822],[-112.1187563,42.6234827],[-112.1206726,42.6240727],[-112.1219971,42.6244763],[-112.1236397,42.6249633],[-112.1246117,42.6252859],[-112.1258034,42.6258387],[-112.1267492,42.6263917],[-112.1272539,42.6267183],[-112.1275717,42.6269044],[-112.127911,42.6271338],[-112.1291186,42.6278762],[-112.129796,42.6283042],[-112.1301328,42.6285342],[-112.1307375,42.6289183],[-112.1312692,42.6292484],[-112.1318079,42.6295442],[-112.1321028,42.6296845],[-112.1329109,42.6300102],[-112.13357,42.6302272],[-112.1350307,42.6305865],[-112.1357311,42.6306829],[-112.1364509,42.6307509],[-112.1375736,42.6307719],[-112.1385678,42.6307031],[-112.1392017,42.6306298],[-112.1399412,42.6305007],[-112.1408248,42.6302911],[-112.1440473,42.6294651],[-112.1467348,42.6287746],[-112.1497104,42.6280143],[-112.1506372,42.6278054],[-112.1516411,42.6276473],[-112.1529419,42.6275375],[-112.153738,42.627493],[-112.1548518,42.6274406],[-112.156084,42.627365],[-112.156202,42.627359],[-112.156637,42.627336],[-112.157529,42.627281],[-112.1579426,42.6272562],[-112.158744,42.627208],[-112.16058,42.627113],[-112.162181,42.627028],[-112.1634873,42.6269699],[-112.1649692,42.626889],[-112.1663164,42.62684],[-112.1670449,42.6268842],[-112.1678646,42.6270117],[-112.1684847,42.6271546],[-112.1691317,42.6273855],[-112.1696853,42.6276471],[-112.1701397,42.6278923],[-112.1704395,42.6280632],[-112.1709137,42.6283355],[-112.1713381,42.6286363],[-112.1717624,42.629029],[-112.1721105,42.6294126],[-112.1723487,42.6297426],[-112.17252,42.630055],[-112.172754,42.630612],[-112.1728848,42.6313098],[-112.1729329,42.6318569],[-112.173339,42.6350343],[-112.1734999,42.6362423],[-112.1737182,42.6377581],[-112.1738087,42.6382745],[-112.1739645,42.6387407],[-112.1740852,42.6390351],[-112.1741442,42.6392009],[-112.1744613,42.6397834],[-112.1747663,42.640189],[-112.175482,42.6409897],[-112.1767819,42.6423803],[-112.1770383,42.6426545],[-112.1774998,42.6431521],[-112.1789696,42.6447383],[-112.1796474,42.6455221],[-112.180412,42.6465655],[-112.1805244,42.6467418],[-112.1810401,42.6475703],[-112.181496,42.648291],[-112.1817948,42.6487675],[-112.1821249,42.6492391],[-112.1834332,42.6508421],[-112.1849369,42.6526782],[-112.185484,42.65334],[-112.186033,42.65402],[-112.186694,42.654833],[-112.187924,42.656393],[-112.1889128,42.6576753],[-112.1892237,42.658084],[-112.1895164,42.6584238],[-112.1898487,42.6587427],[-112.1902131,42.6590639],[-112.1908499,42.6595018],[-112.1911665,42.6596897],[-112.1915753,42.6598852],[-112.192141,42.660123],[-112.1931342,42.6604293],[-112.1936274,42.6605214],[-112.194018,42.660576],[-112.1943891,42.660622],[-112.1947137,42.6606516],[-112.1950422,42.6606703],[-112.1958609,42.6606866],[-112.1960474,42.6606903],[-112.1968874,42.6607134],[-112.198735,42.660785],[-112.19986,42.660848],[-112.201362,42.660885],[-112.201514,42.660892],[-112.201925,42.660912],[-112.202648,42.660915],[-112.203021,42.660916],[-112.204224,42.660927],[-112.204821,42.660933],[-112.206056,42.660945],[-112.206542,42.66095],[-112.207225,42.660956],[-112.207479,42.660959],[-112.207904,42.660959],[-112.207996,42.660958],[-112.210056,42.660942],[-112.2111208,42.6609325],[-112.2120478,42.6609388],[-112.213096,42.660921],[-112.213111,42.66136],[-112.213058,42.661594],[-112.212917,42.661968],[-112.212733,42.662513],[-112.212689,42.662866],[-112.212683,42.663238],[-112.21273,42.663652],[-112.2128143,42.664097],[-112.2130701,42.6654107],[-112.2134924,42.6668172],[-112.2139988,42.6683319],[-112.2145567,42.6700926],[-112.2207107,42.6918423],[-112.2210455,42.6930157],[-112.2213116,42.694208],[-112.2215948,42.6957914],[-112.2218265,42.6972549],[-112.2259893,42.743224],[-112.2264786,42.7464512],[-112.2280235,42.755735],[-112.2282896,42.7575689],[-112.2285814,42.7602724],[-112.2291994,42.7670463],[-112.2295256,42.7703354],[-112.2298174,42.7752056],[-112.2300835,42.7780028],[-112.2307529,42.7820598],[-112.2309074,42.7826394],[-112.2310963,42.7830425],[-112.2313023,42.7833701],[-112.2318516,42.7842268],[-112.2333879,42.7861544],[-112.2342892,42.7871937],[-112.2348986,42.7877984],[-112.2352934,42.7881511],[-112.2359371,42.7886613],[-112.2366753,42.7891841],[-112.23999,42.791126],[-112.2433958,42.7931144],[-112.243722,42.7933286],[-112.2495327,42.7966792],[-112.2500048,42.7969689],[-112.2506485,42.7972964],[-112.2515325,42.7977247],[-112.2521763,42.7979829],[-112.2527943,42.7981655],[-112.2537813,42.7983859],[-112.2546568,42.7985182],[-112.2555752,42.7985623],[-112.2585449,42.7985812],[-112.2594719,42.7986063],[-112.261446,42.7987449],[-112.2619781,42.7987764],[-112.268744,42.799571],[-112.2731104,42.8000989],[-112.274518,42.8002438],[-112.2760029,42.8003445],[-112.2778225,42.8003949],[-112.2796678,42.8003382],[-112.28254,42.800263],[-112.2955544,42.7998885],[-112.2985849,42.799784],[-112.3012886,42.799721],[-112.3028679,42.7997336],[-112.3043871,42.7997777],[-112.3060951,42.7998911],[-112.3076486,42.8000233],[-112.3235359,42.8015788],[-112.3254242,42.8017552],[-112.3265829,42.801793],[-112.3280592,42.8018055],[-112.3293381,42.8017363],[-112.3306684,42.801604],[-112.3321962,42.8013962],[-112.333518,42.8011191],[-112.3346596,42.8008357],[-112.3360586,42.8004201],[-112.3372688,42.7999793],[-112.3462038,42.7968429],[-112.3471994,42.7965028],[-112.3485126,42.7961502],[-112.3493596,42.7959609],[-112.3504125,42.7957993],[-112.3513878,42.7957027],[-112.3523922,42.7956397],[-112.3532703,42.7956418],[-112.3542712,42.7956834],[-112.3551645,42.7957975],[-112.35707,42.7961061],[-112.3583832,42.7964777],[-112.3597565,42.7969311],[-112.3609753,42.7974601],[-112.3628138,42.7983965],[-112.3631983,42.7986378],[-112.3636789,42.7988709],[-112.3671386,42.8007238],[-112.3691123,42.8018158],[-112.370237,42.802513],[-112.3708455,42.8029081],[-112.3714223,42.8033417],[-112.3720321,42.8037947],[-112.3725736,42.8042284],[-112.3730941,42.8046549],[-112.3735988,42.8051239],[-112.3742721,42.805784],[-112.3750598,42.8066162],[-112.3757068,42.8073791],[-112.3798626,42.8127073],[-112.3809266,42.8139234],[-112.3817248,42.8147245],[-112.3825622,42.8154693],[-112.3833431,42.8160613],[-112.3842279,42.8166595],[-112.385851,42.8176548],[-112.4012634,42.8267434],[-112.4025317,42.8275012],[-112.4036223,42.8282367],[-112.404639,42.829033],[-112.4057617,42.8301125],[-112.4068549,42.8312377],[-112.4073988,42.831923],[-112.407666,42.8323019],[-112.4079332,42.8326995],[-112.4083737,42.8334883],[-112.4088001,42.834292],[-112.4092743,42.8354282],[-112.4093936,42.8355423],[-112.4102795,42.837509],[-112.4104592,42.83786],[-112.4106665,42.8381879],[-112.4109041,42.8385304],[-112.4111155,42.8388117],[-112.4113678,42.8391172],[-112.411669,42.8394297],[-112.4120842,42.8398519],[-112.4127523,42.8405327],[-112.4133522,42.8411508],[-112.4140896,42.8418978],[-112.4143621,42.8421322],[-112.4148504,42.8424872],[-112.4150568,42.8426829],[-112.4176152,42.8442993],[-112.4183729,42.8447779],[-112.4193269,42.8453798],[-112.4203119,42.8459639],[-112.4213808,42.8465582],[-112.4218603,42.8468282],[-112.422701,42.847269],[-112.4230702,42.8475187],[-112.423651,42.8479207],[-112.4240832,42.84825],[-112.4243717,42.8485077],[-112.424794,42.8488908],[-112.4249416,42.849016],[-112.426232,42.8501285],[-112.4271168,42.8508928],[-112.427738,42.8514294],[-112.4288564,42.8523984],[-112.4291615,42.8526664],[-112.430065,42.853431],[-112.4305993,42.8538793],[-112.431448,42.854646],[-112.4323243,42.8553938],[-112.4331676,42.8561088],[-112.4340656,42.8568507],[-112.434944,42.8576002],[-112.4358105,42.8583473],[-112.4366826,42.8590995],[-112.4375793,42.8598585],[-112.4378285,42.8600739],[-112.4382175,42.8604181],[-112.4384362,42.8606112],[-112.4393023,42.861373],[-112.4401782,42.862127],[-112.4406693,42.8625543],[-112.440994,42.8628606],[-112.4410681,42.8629243],[-112.4415605,42.8633459],[-112.4419353,42.8636666],[-112.4423448,42.864017],[-112.4428008,42.8644064],[-112.4436623,42.8651432],[-112.444527,42.8658829],[-112.4454033,42.8666337],[-112.4462749,42.8673878],[-112.4471331,42.8681533],[-112.4480212,42.8689403],[-112.4488943,42.8696981],[-112.4494167,42.8701466],[-112.4497251,42.8704638],[-112.4498362,42.8706497],[-112.44992,42.8708366],[-112.4499694,42.8710403],[-112.4500274,42.8712892],[-112.4500768,42.8715734],[-112.4505094,42.8737564],[-112.4505668,42.8740819],[-112.45059,42.8742124],[-112.4506134,42.8743653],[-112.4506297,42.8744909],[-112.4506341,42.8746005],[-112.4506333,42.8747111],[-112.4506274,42.8748259],[-112.4505974,42.8752202],[-112.450551,42.875936],[-112.4506452,42.8762243],[-112.4506736,42.8762937],[-112.4507184,42.8763622],[-112.4507965,42.8764393],[-112.4508492,42.8764807],[-112.4508893,42.8765077],[-112.4509735,42.8765469],[-112.4510403,42.8765721],[-112.4510997,42.8765905],[-112.4511869,42.8766062],[-112.4513301,42.8766189],[-112.4514584,42.8766261],[-112.4516298,42.8766312],[-112.4519102,42.8766395]],[[-111.726102,42.648957],[-111.72718,42.64899],[-111.728631,42.649007],[-111.729439,42.649002],[-111.730247,42.649025],[-111.732727,42.649019],[-111.734884,42.649002]],[[-112.207996,42.660958],[-112.209144,42.661202],[-112.20969,42.661397],[-112.2099286,42.6614689],[-112.210479,42.661798],[-112.210918,42.662103],[-112.211318,42.662456],[-112.211829,42.663147],[-112.212086,42.663754],[-112.2126535,42.6653935],[-112.213129,42.667264],[-112.213287,42.668049],[-112.213494,42.669071],[-112.213974,42.670868],[-112.215012,42.674416],[-112.215761,42.677049],[-112.216207,42.678735],[-112.220174,42.692642],[-112.22061,42.694472],[-112.220725,42.695076],[-112.220977,42.696746],[-112.22464,42.736492],[-112.22503,42.74052],[-112.225393,42.744214],[-112.225525,42.745207],[-112.225694,42.746317],[-112.226002,42.748069],[-112.227612,42.75769],[-112.227808,42.759118],[-112.227943,42.760064],[-112.228065,42.761352],[-112.229113,42.772827],[-112.22955,42.775953],[-112.22991,42.778451],[-112.230342,42.781315],[-112.2305298,42.7820913],[-112.2306843,42.7826646],[-112.2309675,42.7833197],[-112.231412,42.784043],[-112.232301,42.785197],[-112.2329905,42.7859693],[-112.2340205,42.7871724],[-112.2349329,42.7882015],[-112.236072,42.789054],[-112.238858,42.790644],[-112.2431984,42.7932278],[-112.243619,42.7934734],[-112.2492812,42.7967839],[-112.2498905,42.7971555],[-112.251248,42.797847],[-112.252423,42.798286],[-112.253486,42.798544],[-112.254905,42.798718],[-112.2589886,42.7987488],[-112.2614262,42.7988811],[-112.2618725,42.7989126],[-112.262866,42.799031],[-112.267389,42.799586],[-112.273901,42.800366],[-112.275979,42.800574],[-112.276688,42.800621],[-112.277321,42.800659],[-112.278418,42.80066],[-112.284415,42.800511],[-112.2867383,42.800442],[-112.289132,42.800371],[-112.291742,42.800283],[-112.297329,42.800118],[-112.300364,42.800025],[-112.302185,42.800012],[-112.302617,42.800025],[-112.303937,42.800065],[-112.304283,42.800083],[-112.30568,42.800154],[-112.307702,42.80032],[-112.322466,42.801805],[-112.325153,42.80205],[-112.326539,42.802107],[-112.327984,42.802112],[-112.329555,42.802036],[-112.330789,42.801905],[-112.332653,42.801628],[-112.33477,42.801145],[-112.336657,42.800525],[-112.347644,42.796675],[-112.348707,42.796407],[-112.34983,42.796183],[-112.351181,42.795999],[-112.352252,42.7959198],[-112.3533249,42.7959013],[-112.354189,42.7959275],[-112.3555127,42.7960695],[-112.3567095,42.7962918],[-112.357714,42.796563],[-112.359447,42.797111],[-112.360626,42.797629],[-112.3632555,42.7990011],[-112.3637514,42.7992701],[-112.3648965,42.7998955],[-112.3680691,42.8015891],[-112.3686724,42.8019262],[-112.3692998,42.802298],[-112.3698367,42.8026132],[-112.37031,42.8029313],[-112.3706758,42.8031908],[-112.3710719,42.80347],[-112.3713932,42.8037098],[-112.3718036,42.8040102],[-112.3723518,42.8044421],[-112.3730162,42.8050383],[-112.3740342,42.806006],[-112.3746332,42.8066433],[-112.3751901,42.807296],[-112.3785619,42.8115777],[-112.3801075,42.8135449],[-112.3808096,42.8142943],[-112.3814052,42.8148907],[-112.3830638,42.8162613],[-112.3841494,42.8169874],[-112.3852628,42.8176589],[-112.3936515,42.8226205],[-112.3978963,42.8251128],[-112.4020095,42.8275318],[-112.4028828,42.8280836],[-112.4037088,42.8286779],[-112.4045831,42.8293891],[-112.405268,42.830054],[-112.406444,42.831307],[-112.4072102,42.8322357],[-112.4075975,42.8328148],[-112.4077924,42.8332064],[-112.4079884,42.8335151],[-112.4082566,42.8340252],[-112.4082765,42.834183],[-112.4084374,42.8346235],[-112.4085779,42.8350863],[-112.4093402,42.8376736],[-112.4093937,42.8378993],[-112.40941,42.8380444],[-112.4093951,42.8382227],[-112.4093689,42.8383241],[-112.409328,42.8384105],[-112.4092558,42.838516],[-112.4091382,42.8387049],[-112.4096092,42.8390829],[-112.4096661,42.8391945],[-112.4113342,42.8403667],[-112.4130086,42.8415268],[-112.4136121,42.8419014],[-112.4142023,42.8422671],[-112.4154516,42.8430663],[-112.4156433,42.8431873],[-112.4167343,42.8438737],[-112.4175182,42.8443735],[-112.418283,42.8448608],[-112.4189732,42.8453157],[-112.4191874,42.8454566],[-112.4206343,42.846701],[-112.4208594,42.8468906],[-112.421235,42.8472217],[-112.4221287,42.8480076],[-112.4230283,42.8488117],[-112.4231243,42.848896],[-112.4231878,42.848956],[-112.423849,42.849471],[-112.424006,42.849609],[-112.425265,42.850714],[-112.426324,42.851682],[-112.426498,42.851831],[-112.426554,42.851878],[-112.4278882,42.8529835],[-112.4282124,42.8532714],[-112.4291394,42.8540689],[-112.4295904,42.8545356],[-112.4304443,42.8552842],[-112.4313163,42.8560327],[-112.4321654,42.8567047],[-112.4330463,42.8574765],[-112.4339442,42.8582626],[-112.4347823,42.8589776],[-112.4356535,42.8597318],[-112.4365411,42.8604915],[-112.4373914,42.86125],[-112.4382737,42.8620125],[-112.4391463,42.8627598],[-112.4400187,42.8635388],[-112.440914,42.8643064],[-112.4417797,42.8650477],[-112.442632,42.8657779],[-112.4435014,42.8665228],[-112.4443741,42.8672765],[-112.4452508,42.8680333],[-112.4461256,42.8687884],[-112.4470233,42.8695633],[-112.4478991,42.8703193],[-112.4487443,42.8710489],[-112.4496503,42.871831],[-112.4498578,42.8720295],[-112.4500025,42.8722359],[-112.4500728,42.8723758],[-112.4501333,42.8725503],[-112.450145,42.8726179],[-112.4501678,42.8727454],[-112.4504241,42.8740801],[-112.4504476,42.874265],[-112.4504563,42.8744291],[-112.4504547,42.8746293],[-112.4504169,42.8752139],[-112.4503968,42.8759132],[-112.4503931,42.8762544],[-112.4504339,42.876567],[-112.4504757,42.8767671],[-112.4505001,42.8768812],[-112.4506425,42.8768689],[-112.4514602,42.8767985],[-112.4516578,42.8767777],[-112.4521873,42.8767218],[-112.4526464,42.8766789],[-112.4529206,42.8766608],[-112.4531517,42.876654],[-112.4533695,42.8766512],[-112.4539838,42.876652],[-112.4552104,42.8766535],[-112.4561551,42.8766546],[-112.4563583,42.8766221],[-112.4566502,42.8765485],[-112.4568276,42.8764578],[-112.4573928,42.8761017],[-112.457602,42.8760804],[-112.4577683,42.8760806],[-112.4579234,42.8761179],[-112.4580758,42.8761863],[-112.4581519,42.876242],[-112.4582727,42.8762948],[-112.4595733,42.8774519],[-112.4603667,42.8781636],[-112.4610976,42.8787801],[-112.4616879,42.8792244],[-112.4633879,42.8805234],[-112.4643093,42.8812307],[-112.4653329,42.8820233],[-112.4659066,42.8824813],[-112.466727,42.8831642],[-112.4700631,42.8858794],[-112.4723461,42.8877303],[-112.4742453,42.8892091],[-112.4760866,42.8907716],[-112.4771527,42.8916415],[-112.4773976,42.8918354],[-112.478274,42.892562],[-112.4785375,42.8926854],[-112.4789606,42.8930276],[-112.479406,42.893332],[-112.4799233,42.8936464],[-112.4803628,42.8938753],[-112.480702,42.8940495],[-112.4811348,42.8942455],[-112.481529,42.8944083],[-112.4844709,42.8956027],[-112.4852059,42.8958985],[-112.4857983,42.896143],[-112.4867612,42.8965271],[-112.4875736,42.8968551],[-112.4882924,42.8971416],[-112.4957216,42.900178],[-112.4975813,42.9009105],[-112.4981947,42.9011564],[-112.500536,42.902109],[-112.501426,42.902476],[-112.501637,42.902564],[-112.502726,42.903019],[-112.503366,42.90327],[-112.503511,42.903327],[-112.503863,42.903465],[-112.503998,42.903522],[-112.504418,42.903698],[-112.505455,42.904104],[-112.507874,42.905094],[-112.5083511,42.9052938],[-112.50876,42.905465],[-112.509516,42.905746],[-112.510927,42.906309],[-112.511873,42.9067008],[-112.5122558,42.9068542],[-112.5132761,42.9072688],[-112.5144128,42.9077277],[-112.5148574,42.9078976],[-112.5153345,42.908077],[-112.5158344,42.9082486],[-112.5164524,42.9084417],[-112.5169924,42.908601],[-112.5176013,42.908766],[-112.5184329,42.9089663],[-112.5197938,42.9092942],[-112.5213488,42.9096645],[-112.5220968,42.9098442],[-112.523827,42.9102531],[-112.524892,42.9105094],[-112.5254568,42.9106443],[-112.5261923,42.9107702],[-112.52704,42.9109043],[-112.527229,42.9109437],[-112.5274416,42.9110115],[-112.5276362,42.9110866],[-112.5278538,42.9111844],[-112.5281121,42.9112737],[-112.52837,42.911414],[-112.528689,42.91157],[-112.528917,42.91162],[-112.529159,42.911646],[-112.529486,42.911633],[-112.5297157,42.911613],[-112.530006,42.9116049],[-112.5302915,42.911626],[-112.5308209,42.9117206],[-112.5313938,42.9118607],[-112.5319122,42.9119765],[-112.5324572,42.9120845],[-112.5329713,42.9121516],[-112.5337006,42.912204],[-112.5350162,42.9122389],[-112.5352068,42.9122739],[-112.5360622,42.9122421],[-112.536735,42.912207],[-112.538111,42.912102],[-112.539229,42.9119949],[-112.5404197,42.9118469],[-112.542143,42.911589],[-112.543036,42.911431],[-112.544335,42.91118],[-112.545186,42.911003],[-112.546447,42.91072],[-112.547819,42.910358],[-112.54888,42.910041],[-112.550396,42.909604],[-112.551065,42.909405],[-112.55203,42.909107],[-112.553345,42.908716],[-112.553865,42.908571],[-112.554656,42.908338],[-112.5552887,42.9081549],[-112.5567247,42.90772],[-112.559047,42.9070343],[-112.561437,42.9063225],[-112.5640078,42.9055576],[-112.566305,42.9048689],[-112.5673187,42.9045664],[-112.5688969,42.9040977],[-112.5697912,42.9038284],[-112.5717253,42.9032501],[-112.572415,42.90305],[-112.573662,42.902677],[-112.5751476,42.9022324],[-112.5775479,42.9015164],[-112.5798374,42.9008326],[-112.5818556,42.90023],[-112.5835673,42.8997245],[-112.5841862,42.8995353],[-112.5846548,42.8993923],[-112.5851563,42.8992338],[-112.5855105,42.8991152],[-112.5858769,42.8989839],[-112.5862904,42.8988281],[-112.5879379,42.8981813],[-112.5883223,42.8980295],[-112.5889042,42.8978053],[-112.5892523,42.8976741],[-112.5895957,42.8975518],[-112.5899469,42.8974311],[-112.590291,42.8973175],[-112.5907401,42.8971757],[-112.5911236,42.8970641],[-112.5914826,42.896961],[-112.5918425,42.8968627],[-112.5921833,42.8967742],[-112.5926956,42.8966509],[-112.5937932,42.8963949],[-112.5964299,42.8957863],[-112.598942,42.895204],[-112.6013782,42.8946369],[-112.6037928,42.8940749],[-112.6062216,42.8935165],[-112.608775,42.8929222],[-112.6111491,42.8923649],[-112.6136081,42.8917987],[-112.615953,42.8912509],[-112.6183884,42.8906818],[-112.6209162,42.8900954],[-112.621797,42.8898891],[-112.6222926,42.8897741],[-112.6227328,42.8896701],[-112.6231004,42.8895916],[-112.6235505,42.8895011],[-112.623919,42.8894307],[-112.6242796,42.8893671],[-112.6246448,42.8893075],[-112.6249356,42.8892641],[-112.6251899,42.8892301],[-112.625558,42.8891847],[-112.6259194,42.8891436],[-112.6262849,42.8891057],[-112.6266531,42.8890726],[-112.6270291,42.8890461],[-112.6279445,42.8889962],[-112.6296213,42.8889148],[-112.6313168,42.888831],[-112.6318546,42.8888002],[-112.6323241,42.8887739],[-112.6327227,42.8887434],[-112.6331479,42.8887009],[-112.6335034,42.8886562],[-112.6338706,42.8885986],[-112.6341529,42.8885463],[-112.6344043,42.8884975],[-112.6347832,42.8884115],[-112.63513,42.8883184],[-112.6354615,42.8882228],[-112.6357879,42.8881239],[-112.636152,42.8880083],[-112.6364953,42.8878988],[-112.636823,42.8877919],[-112.6373999,42.8876046],[-112.6379106,42.8874366],[-112.6391948,42.8870193],[-112.6405556,42.8865731],[-112.6423773,42.8859759],[-112.6427499,42.8858549],[-112.6439608,42.8854614],[-112.6454871,42.8849695],[-112.6461673,42.8847444],[-112.6468502,42.8845265],[-112.647533,42.8843126],[-112.6482119,42.8841045],[-112.649076,42.8838403],[-112.6514955,42.8831319],[-112.6537331,42.8824719],[-112.6556912,42.8818866],[-112.6578947,42.8812341],[-112.6587425,42.8809858],[-112.6611536,42.8802697],[-112.6635755,42.8795559],[-112.665435,42.8790019],[-112.6678622,42.878283],[-112.6697711,42.8777187],[-112.670646,42.8774588],[-112.6716723,42.8771513],[-112.6740915,42.8764357],[-112.6764,42.8757519],[-112.6770219,42.8755646],[-112.6775434,42.8754155],[-112.6778921,42.8753158],[-112.6782385,42.8752208],[-112.6785852,42.8751285],[-112.6789424,42.8750422],[-112.6792933,42.8749603],[-112.6796516,42.8748841],[-112.6800103,42.8748108],[-112.6804319,42.8747282],[-112.68091,42.8746422],[-112.6812733,42.87458],[-112.6816345,42.874527],[-112.6820058,42.8744747],[-112.6823749,42.8744274],[-112.6829232,42.8743655],[-112.6832896,42.8743282],[-112.6836665,42.8742945],[-112.6840394,42.8742665],[-112.684402,42.8742433],[-112.6847734,42.8742223],[-112.6853341,42.8741894],[-112.6869933,42.874106],[-112.6875503,42.8740802],[-112.688117,42.8740508],[-112.688474,42.874029],[-112.689036,42.8739886],[-112.6895878,42.8739447],[-112.6899544,42.8739086],[-112.6903314,42.8738688],[-112.6906955,42.8738272],[-112.6910573,42.8737772],[-112.6914286,42.8737225],[-112.6917841,42.8736652],[-112.692138,42.8736039],[-112.6926807,42.873505],[-112.6930443,42.8734331],[-112.6934027,42.8733597],[-112.6937485,42.8732799],[-112.6941062,42.8731918],[-112.6944644,42.8731016],[-112.6947982,42.8730117],[-112.6951547,42.8729148],[-112.6954167,42.8728382],[-112.6956677,42.8727626],[-112.6960086,42.8726552],[-112.696353,42.872543],[-112.6968611,42.8723695],[-112.6972007,42.8722486],[-112.6975339,42.8721241],[-112.6978523,42.8719994],[-112.6981766,42.8718671],[-112.6985004,42.871732],[-112.6988193,42.871595],[-112.6991415,42.8714508],[-112.6994542,42.8713055],[-112.6997635,42.8711577],[-112.70007,42.8710013],[-112.7003708,42.8708414],[-112.7006657,42.8706855],[-112.7009656,42.8705215],[-112.7012687,42.8703459],[-112.7015468,42.8701761],[-112.7018309,42.870004],[-112.7021213,42.8698272],[-112.7025515,42.8695627],[-112.7029731,42.8693041],[-112.7035416,42.868953],[-112.7039762,42.8686875],[-112.7045377,42.8683396],[-112.7053877,42.867813],[-112.7061737,42.8673308],[-112.7066788,42.8670137],[-112.707371,42.866531],[-112.707884,42.866232],[-112.709184,42.865524],[-112.709759,42.865226],[-112.710625,42.86482],[-112.712129,42.864195],[-112.713721,42.863642],[-112.717219,42.862461],[-112.718564,42.862002],[-112.719282,42.861766],[-112.724584,42.859955],[-112.726803,42.859209],[-112.728577,42.858597],[-112.729462,42.858303],[-112.735123,42.856369],[-112.737534,42.855536],[-112.747929,42.851942],[-112.748681,42.85169],[-112.755341,42.849374],[-112.756656,42.848931],[-112.759313,42.848007],[-112.759825,42.8478348],[-112.761043,42.847425],[-112.762308,42.846915],[-112.762863,42.84664],[-112.76351,42.846307],[-112.764346,42.84579],[-112.764857,42.845443],[-112.765195,42.845186],[-112.765495,42.84494],[-112.765962,42.844535],[-112.766203,42.844301],[-112.766721,42.843752],[-112.766983,42.843449],[-112.767426,42.842857],[-112.767783,42.842304],[-112.768022,42.841899],[-112.768287,42.841357],[-112.768433,42.841034],[-112.76856,42.840668],[-112.768765,42.83997],[-112.7689508,42.8392138],[-112.7691884,42.8382328],[-112.769241,42.837953],[-112.769394,42.837452],[-112.769645,42.836443],[-112.7700263,42.834793],[-112.770109,42.8344773],[-112.770397,42.833309],[-112.770561,42.832674],[-112.770814,42.831885],[-112.771267,42.830829],[-112.771304,42.830743],[-112.771548,42.830258],[-112.77192,42.829585],[-112.77236,42.828895],[-112.772842,42.828245],[-112.77347,42.827464],[-112.773827,42.82707],[-112.774135,42.82675],[-112.774351,42.826525],[-112.7744072,42.8264725],[-112.774993,42.825925],[-112.775959,42.825103],[-112.776604,42.824639],[-112.777254,42.824197],[-112.778038,42.8237],[-112.781755,42.821407],[-112.782896,42.8207],[-112.785311,42.819204],[-112.78647,42.81851],[-112.788291,42.817388],[-112.789402,42.816694],[-112.7919312,42.8151505],[-112.794518,42.813563],[-112.795859,42.81276],[-112.796657,42.81227],[-112.799159,42.810732],[-112.800448,42.809923],[-112.804224,42.807612],[-112.806923,42.805933],[-112.809696,42.804239],[-112.811961,42.802848],[-112.8125,42.802481],[-112.814048,42.801516],[-112.815592,42.800584],[-112.817661,42.799298],[-112.818051,42.799068],[-112.818682,42.798669],[-112.820107,42.797794],[-112.820624,42.797485],[-112.82118,42.797137],[-112.821741,42.796805],[-112.822985,42.796039],[-112.8233876,42.7957844],[-112.8237051,42.7955838],[-112.824037,42.79538],[-112.824973,42.794812],[-112.825387,42.794545],[-112.825767,42.794323],[-112.827629,42.793143],[-112.82853,42.792573],[-112.828949,42.792325],[-112.829535,42.791978],[-112.8313601,42.7908462],[-112.831499,42.790768],[-112.833357,42.789541],[-112.834447,42.78877],[-112.836212,42.787504],[-112.838831,42.785421],[-112.838923,42.785331],[-112.839052,42.785217],[-112.8398582,42.7844884],[-112.841713,42.782857],[-112.843383,42.781327],[-112.844757,42.78011],[-112.8459,42.779112],[-112.847018,42.778135],[-112.847609,42.777587],[-112.8485507,42.7767953],[-112.8489266,42.7764607],[-112.849397,42.776042],[-112.850979,42.774616],[-112.851394,42.774255],[-112.851813,42.773891],[-112.85308,42.772716],[-112.853184,42.77262],[-112.853596,42.772266],[-112.854678,42.771336],[-112.855609,42.770535],[-112.857723,42.768643],[-112.860511,42.766176],[-112.860636,42.766065],[-112.860921,42.765793],[-112.861845,42.764977],[-112.863438,42.763556],[-112.864736,42.762425],[-112.865205,42.761992],[-112.866333,42.761009],[-112.866949,42.760487],[-112.868067,42.759469],[-112.869109,42.758575],[-112.869201,42.758494],[-112.870428,42.757421],[-112.870736,42.757133],[-112.871029,42.756882],[-112.873084,42.755043],[-112.873942,42.754289],[-112.874856,42.753486],[-112.875601,42.752848],[-112.876838,42.751732],[-112.877416,42.751241],[-112.87752,42.751152],[-112.879103,42.749696],[-112.879343,42.749476],[-112.880142,42.748768],[-112.880868,42.748107],[-112.881677,42.747391],[-112.8824924,42.7466847],[-112.883058,42.7462],[-112.884012,42.745361],[-112.884614,42.744812],[-112.885502,42.744046],[-112.886796,42.742884],[-112.887643,42.742146],[-112.888056,42.741757],[-112.889038,42.740912],[-112.889519,42.740455],[-112.890881,42.739261],[-112.892241,42.738053],[-112.893235,42.737182],[-112.893405,42.737031],[-112.895227,42.735408],[-112.896372,42.734398],[-112.897416,42.733457],[-112.898372,42.73262],[-112.900538,42.730697],[-112.901288,42.730031],[-112.901982,42.729415],[-112.903235,42.728288],[-112.9061406,42.7257071],[-112.9067056,42.7252141],[-112.907508,42.724514],[-112.907961,42.724107],[-112.908725,42.72342],[-112.909565,42.722676],[-112.910021,42.722258],[-112.911431,42.721043],[-112.912672,42.720008],[-112.914087,42.718869],[-112.915596,42.717699],[-112.916446,42.717063],[-112.917604,42.716223],[-112.918913,42.715292],[-112.920143,42.714461],[-112.920428,42.71425],[-112.920718,42.71406],[-112.921153,42.713793],[-112.922362,42.713002],[-112.923828,42.71209],[-112.924793,42.711513],[-112.925976,42.710817],[-112.928348,42.709466],[-112.930507,42.708298],[-112.931717,42.70769],[-112.934099,42.706513],[-112.936127,42.705567],[-112.936589,42.705362],[-112.938059,42.704708],[-112.939256,42.704155],[-112.942243,42.702703],[-112.942763,42.702411],[-112.943779,42.701872],[-112.947642,42.699885],[-112.948421,42.699493],[-112.948966,42.6992],[-112.949312,42.699013],[-112.949406,42.698963],[-112.949733,42.698804],[-112.950575,42.698342],[-112.95111,42.698084],[-112.951987,42.697632],[-112.952436,42.697364],[-112.952631,42.697259],[-112.952858,42.697136],[-112.954601,42.696286],[-112.956186,42.695452],[-112.957429,42.694752],[-112.957927,42.69445],[-112.958373,42.694193],[-112.958665,42.694008],[-112.959265,42.693646],[-112.96027,42.693001],[-112.9606934,42.6927413],[-112.9612912,42.6923473],[-112.9618026,42.6920189],[-112.9624866,42.6915501],[-112.9632137,42.6910768],[-112.964353,42.690345],[-112.965558,42.689537],[-112.96595,42.689299],[-112.9665043,42.6889412],[-112.967496,42.688291],[-112.968513,42.687603],[-112.969028,42.687261],[-112.971025,42.685935],[-112.97211,42.685243],[-112.973462,42.684347],[-112.974039,42.683975],[-112.974951,42.683366],[-112.976156,42.682541],[-112.97764,42.681597],[-112.978195,42.681234],[-112.979044,42.680698],[-112.980627,42.679639],[-112.982296,42.678478],[-112.982623,42.678241],[-112.982738,42.678158],[-112.984273,42.676953],[-112.9850621,42.6763655],[-112.9862471,42.6753227],[-112.9893244,42.672466],[-112.9914672,42.6704581],[-112.9931976,42.6688505],[-112.9941149,42.6679948],[-112.995108,42.6670613],[-112.996245,42.66596],[-112.997617,42.664686],[-112.9979946,42.6643344],[-112.9987687,42.6636198],[-113.001144,42.661368],[-113.002212,42.660394],[-113.004397,42.658329],[-113.006418,42.65645],[-113.006975,42.655994],[-113.00766,42.655477],[-113.008158,42.655153],[-113.008625,42.654877],[-113.009068,42.654631],[-113.010044,42.654139],[-113.010508,42.653925],[-113.011352,42.65352],[-113.013073,42.652653],[-113.0137515,42.6523246],[-113.014401,42.6520103],[-113.015509,42.651474],[-113.016126,42.651175],[-113.016708,42.650882],[-113.019326,42.649607],[-113.021293,42.648641],[-113.023344,42.647633],[-113.025839,42.646425],[-113.026656,42.646029],[-113.0278,42.645537],[-113.029225,42.644955],[-113.029971,42.644675],[-113.031681,42.644083],[-113.0333219,42.6435755],[-113.0338772,42.6433989],[-113.035078,42.64298],[-113.036994,42.642359],[-113.037193,42.642297],[-113.039126,42.641689],[-113.040063,42.641378],[-113.040506,42.641235],[-113.043013,42.640428],[-113.044247,42.640039],[-113.047724,42.638915],[-113.049919,42.638206],[-113.050636,42.637987],[-113.0531,42.637183],[-113.05409,42.636869],[-113.0553,42.636468],[-113.05616,42.636199],[-113.056844,42.635974],[-113.058878,42.635329],[-113.059648,42.635066],[-113.059995,42.634955],[-113.060609,42.634759],[-113.061242,42.634546],[-113.062543,42.634108],[-113.064342,42.633548],[-113.064867,42.633373],[-113.069308,42.631971],[-113.071329,42.631376],[-113.072443,42.631056],[-113.074634,42.630448],[-113.077209,42.629678],[-113.079279,42.629041],[-113.08077,42.628551],[-113.082919,42.627809],[-113.0855764,42.6268342],[-113.0859202,42.6267146],[-113.088777,42.625677],[-113.089475,42.625453],[-113.090537,42.625195],[-113.091547,42.625017],[-113.092111,42.624934],[-113.096641,42.62433],[-113.099902,42.623883],[-113.103576,42.623379],[-113.105964,42.623041],[-113.107261,42.622866],[-113.109817,42.622505],[-113.111057,42.622344],[-113.114982,42.621798],[-113.115956,42.621663],[-113.117411,42.621472],[-113.118125,42.621368],[-113.12008,42.621108],[-113.120672,42.621024],[-113.122207,42.62081],[-113.125174,42.6204],[-113.12767,42.6200627],[-113.130347,42.619684],[-113.130989,42.619611],[-113.131698,42.619516],[-113.132201,42.619439],[-113.132633,42.619358],[-113.133603,42.619153],[-113.134074,42.619045],[-113.135367,42.618702],[-113.13578,42.618579],[-113.136153,42.618468],[-113.13701,42.618195],[-113.138151,42.617803],[-113.140873,42.61682],[-113.142505,42.616263],[-113.143137,42.616017],[-113.143566,42.615837],[-113.149019,42.613633],[-113.150545,42.613055],[-113.152603,42.612303],[-113.153238,42.612081],[-113.153648,42.611938],[-113.161661,42.609038],[-113.1651,42.607812],[-113.167112,42.607105],[-113.167835,42.606842],[-113.172382,42.60519],[-113.173154,42.604926],[-113.174035,42.604666],[-113.174084,42.604651],[-113.175187,42.604352],[-113.17552,42.604275],[-113.1755396,42.6042675],[-113.176545,42.604034],[-113.178304,42.603752],[-113.180032,42.603583],[-113.181837,42.603493],[-113.184912,42.603319],[-113.186788,42.603217],[-113.190303,42.603006],[-113.193364,42.602866],[-113.195442,42.602734],[-113.200973,42.602453],[-113.203005,42.602299],[-113.20387,42.602205],[-113.204924,42.602077],[-113.206947,42.601812],[-113.207876,42.601675],[-113.210977,42.601252],[-113.212601,42.601054],[-113.222804,42.599674],[-113.227869,42.598993],[-113.2288367,42.5988828],[-113.2296112,42.5987842],[-113.231924,42.598447],[-113.233203,42.598296],[-113.234806,42.598076],[-113.2383329,42.597595],[-113.2385892,42.5975601],[-113.240027,42.597364],[-113.2484889,42.5962394],[-113.2492529,42.5961398],[-113.251725,42.595829],[-113.256202,42.595404],[-113.271944,42.593902],[-113.274225,42.593693],[-113.299042,42.591346],[-113.30184,42.591059],[-113.304726,42.590801],[-113.31016,42.590259],[-113.312344,42.590058],[-113.318247,42.589481],[-113.321008,42.589237],[-113.324522,42.58887],[-113.330976,42.588275],[-113.337041,42.58767],[-113.340992,42.58731],[-113.344417,42.58696],[-113.351811,42.586268],[-113.361552,42.585344],[-113.367484,42.584745],[-113.373835,42.584156],[-113.374594,42.584077],[-113.374997,42.584044],[-113.384895,42.583108],[-113.388618,42.582729],[-113.3934446,42.5822735],[-113.39513,42.5821],[-113.396459,42.581962],[-113.398422,42.58179],[-113.41033,42.580631],[-113.41393,42.580268],[-113.417639,42.579919],[-113.421717,42.579564],[-113.425187,42.579191],[-113.429172,42.578822],[-113.431564,42.578567],[-113.433425,42.578409],[-113.43521,42.578228],[-113.43753,42.578025],[-113.441257,42.577648],[-113.444724,42.577338],[-113.447674,42.577032],[-113.450577,42.576763],[-113.452549,42.576551],[-113.454658,42.576348],[-113.472215,42.574657],[-113.491327,42.572817],[-113.491849,42.572762],[-113.494919,42.572439],[-113.5043957,42.5715429],[-113.506883,42.5712987],[-113.5075156,42.5712367],[-113.5093786,42.5710569],[-113.513845,42.570626],[-113.5175621,42.5702833],[-113.5186409,42.5701697],[-113.5204543,42.5699895],[-113.5223391,42.5698103],[-113.5246196,42.569535],[-113.5267801,42.5693391],[-113.5297976,42.5690657],[-113.5327081,42.5688167],[-113.5336204,42.5687572],[-113.5348827,42.5686779],[-113.537814,42.568528],[-113.541602,42.568409],[-113.5466498,42.5684432],[-113.5470732,42.5684427],[-113.555014,42.568432],[-113.557923,42.568452],[-113.560844,42.56845],[-113.570942,42.568482],[-113.592839,42.568559],[-113.59525,42.568575],[-113.595908,42.568579],[-113.599115,42.568622],[-113.6036613,42.5686178],[-113.6045421,42.5686237],[-113.60787,42.568628],[-113.61083,42.568594],[-113.612561,42.568593],[-113.615016,42.568612],[-113.6167817,42.568651],[-113.6193066,42.5686523],[-113.6209661,42.5686628],[-113.6241111,42.5686694],[-113.6272658,42.5686775],[-113.6289623,42.568691],[-113.6307814,42.5686892],[-113.6325993,42.5687065],[-113.634104,42.568691],[-113.636011,42.568684],[-113.636714,42.568688],[-113.638924,42.568711],[-113.640358,42.5687],[-113.642043,42.568712],[-113.643974,42.568718],[-113.645219,42.56871],[-113.650384,42.568714],[-113.652492,42.56871],[-113.656498,42.568719],[-113.658355,42.568712],[-113.6606682,42.5687175],[-113.6616383,42.5687199],[-113.665442,42.568729],[-113.666857,42.568718],[-113.670458,42.568714],[-113.672834,42.568718],[-113.674421,42.568705],[-113.679489,42.568699],[-113.687491,42.568689],[-113.693167,42.568691],[-113.696027,42.568679],[-113.701166,42.568684],[-113.702964,42.568676],[-113.706893,42.568673],[-113.710485,42.568665],[-113.71559,42.56867],[-113.718045,42.568664],[-113.722938,42.568667],[-113.726078,42.568648],[-113.7274429,42.5686493],[-113.728131,42.568594],[-113.72852,42.568555],[-113.728938,42.568495],[-113.729295,42.56842],[-113.729694,42.568321],[-113.730438,42.568024],[-113.730854,42.567804],[-113.731282,42.567557],[-113.73183,42.567191],[-113.732334,42.566891],[-113.732816,42.566687],[-113.733231,42.566548],[-113.733723,42.566457],[-113.734489,42.566389],[-113.735747,42.566292],[-113.736818,42.566209],[-113.737491,42.566153],[-113.738277,42.566105],[-113.738949,42.566047],[-113.739534,42.565961],[-113.7398369,42.5658721],[-113.739977,42.565831],[-113.7402208,42.5657314],[-113.740408,42.565655],[-113.7406038,42.5655566],[-113.740788,42.565464],[-113.7410752,42.5652865],[-113.74133,42.565129],[-113.742085,42.564684],[-113.742494,42.564392],[-113.742902,42.564101],[-113.745351,42.562305],[-113.7456943,42.5620559],[-113.7458955,42.5620441],[-113.7459807,42.5619939],[-113.7464576,42.5616325],[-113.7466327,42.5615179],[-113.7469942,42.5612151],[-113.7473826,42.5609417],[-113.7474904,42.5608658],[-113.7478121,42.5606365],[-113.7484214,42.5601254],[-113.7486675,42.5599151],[-113.7491396,42.5594925],[-113.7496347,42.5590694],[-113.7504981,42.5584229],[-113.7508174,42.5581622],[-113.7511639,42.5579185],[-113.7511871,42.5579012],[-113.7519845,42.5573325],[-113.7531775,42.5564582],[-113.7533753,42.5563216],[-113.7540858,42.5557833],[-113.7541625,42.5557314],[-113.7547336,42.5553322],[-113.7549904,42.5551303],[-113.7551157,42.5550352],[-113.7552519,42.5549095],[-113.7554479,42.5547364],[-113.755728,42.5544413],[-113.7558231,42.5543078],[-113.7558839,42.5542224],[-113.7561388,42.5538617],[-113.756386,42.5535177],[-113.7564781,42.5533841],[-113.7566097,42.5532038],[-113.756742,42.553018],[-113.7568062,42.5529318],[-113.7571433,42.5524766],[-113.758052,42.551149],[-113.7580826,42.5511058],[-113.758334,42.5507518],[-113.758576,42.550411],[-113.7588868,42.5499752],[-113.7592582,42.5494446],[-113.759483,42.549103],[-113.760129,42.548216],[-113.7601726,42.5481598],[-113.7604706,42.5477304],[-113.7607515,42.5472977],[-113.7608703,42.5471359],[-113.7610036,42.5468636],[-113.7610854,42.5467118],[-113.7611298,42.5465914],[-113.7611519,42.5465432],[-113.7613279,42.546235],[-113.7618819,42.5453153],[-113.7621373,42.5448611],[-113.7624718,42.5442713],[-113.7628664,42.5436249],[-113.763028,42.5433469],[-113.7630925,42.543305],[-113.7638028,42.5421037],[-113.7638426,42.5420346],[-113.7654336,42.5392721],[-113.7656517,42.5389782],[-113.7658254,42.5387627],[-113.7661241,42.5384597],[-113.7664632,42.5381726],[-113.7668295,42.5379047],[-113.7673001,42.537613],[-113.7678096,42.5373702],[-113.7682301,42.5372113],[-113.76883,42.5370722],[-113.7690326,42.5370385],[-113.7695,42.5369794],[-113.769991,42.536946],[-113.770748,42.5369426],[-113.771464,42.5370059],[-113.7738029,42.537235],[-113.775896,42.537451],[-113.776787,42.537539],[-113.776953,42.537556],[-113.778424,42.537707],[-113.778721,42.537738],[-113.7795275,42.5378176],[-113.7805027,42.5379021],[-113.780891,42.537945],[-113.7811425,42.5379652],[-113.781621,42.538019],[-113.7818773,42.5380403],[-113.7823446,42.5380791],[-113.782614,42.5380911],[-113.7829011,42.5381019],[-113.7834344,42.538101],[-113.7841738,42.5381006],[-113.7848189,42.5381003],[-113.7854774,42.5381],[-113.7861265,42.5380997],[-113.7867697,42.5380994],[-113.7874197,42.5380991],[-113.7880445,42.5380988],[-113.7887133,42.5380985],[-113.7892628,42.5381041],[-113.7893705,42.5381052],[-113.7900123,42.5380979],[-113.7906697,42.5380976],[-113.7913142,42.5380979],[-113.7919699,42.5380981],[-113.7926085,42.5380997],[-113.793277,42.5381014],[-113.793988,42.5381019],[-113.7946007,42.538103],[-113.7952707,42.5381017],[-113.7959445,42.5380938],[-113.7965366,42.5380963],[-113.797193,42.5381004],[-113.7978383,42.5381016],[-113.7984827,42.5381],[-113.7991401,42.5381],[-113.7997963,42.5380992],[-113.8004389,42.5381],[-113.801074,42.5380985],[-113.801731,42.5380972],[-113.802396,42.5380897],[-113.8027213,42.5380711],[-113.8030841,42.5380378],[-113.8035536,42.5379594],[-113.8039495,42.5378775],[-113.8065223,42.5373236],[-113.8076307,42.5370834],[-113.807986,42.537005],[-113.809842,42.536601],[-113.810817,42.536397],[-113.810939,42.536372],[-113.812161,42.536116],[-113.812504,42.536062],[-113.813621,42.5357997],[-113.8143817,42.5356409],[-113.8153212,42.5354447],[-113.8165241,42.5351796],[-113.817528,42.534971],[-113.823008,42.533765],[-113.824016,42.533552],[-113.82458,42.533432],[-113.826743,42.532972],[-113.8272169,42.532901],[-113.8281673,42.532729],[-113.829394,42.532564],[-113.8297617,42.532522],[-113.8306994,42.532436],[-113.8315117,42.5323904],[-113.8323724,42.532364],[-113.8331747,42.532366],[-113.8348184,42.5324183],[-113.8364723,42.532492],[-113.8369264,42.532507],[-113.8374327,42.5325277],[-113.8383524,42.5325637],[-113.8407179,42.5326496],[-113.8420442,42.5327036],[-113.843899,42.5327741],[-113.8465233,42.5328754],[-113.849603,42.532967],[-113.852532,42.533096],[-113.853089,42.53312],[-113.854578,42.533176],[-113.860419,42.533396],[-113.861065,42.53342],[-113.863054,42.533489],[-113.864682,42.53355],[-113.865543,42.533545],[-113.868852,42.533526],[-113.8727426,42.5335183],[-113.8776709,42.533483],[-113.8788,42.533454],[-113.882332,42.533415],[-113.882683,42.533412],[-113.882942,42.53341],[-113.883358,42.533408],[-113.885369,42.533397],[-113.886702,42.533389],[-113.888828,42.533376],[-113.889074,42.533374],[-113.890145,42.533352],[-113.890267,42.533349],[-113.891372,42.533292],[-113.891978,42.533214],[-113.892146,42.533179],[-113.892608,42.533083],[-113.89275,42.533054],[-113.893654,42.532759],[-113.893891,42.532663],[-113.894201,42.532537],[-113.894771,42.532246],[-113.895368,42.531844],[-113.896357,42.531116],[-113.898464,42.529502],[-113.899693,42.528589],[-113.902194,42.526673],[-113.902341,42.52656],[-113.902575,42.526384],[-113.903738,42.525509],[-113.904827,42.524685],[-113.905159,42.524434],[-113.906379,42.523511],[-113.906627,42.523322],[-113.907712,42.522491],[-113.909914,42.520798],[-113.911853,42.519327],[-113.912361,42.518879],[-113.912554,42.518765],[-113.912804,42.518588],[-113.916021,42.516164],[-113.918491,42.514278],[-113.920424,42.512802],[-113.923224,42.510679],[-113.926103,42.508496],[-113.929401,42.505989],[-113.931111,42.504719],[-113.931793,42.504169],[-113.932197,42.503852],[-113.934287,42.502274],[-113.93648,42.500631],[-113.93652,42.5006],[-113.937503,42.499822],[-113.937752,42.499662],[-113.938471,42.499118],[-113.939152,42.49859],[-113.94033,42.49771],[-113.941131,42.497077],[-113.941754,42.496608],[-113.942027,42.496403],[-113.94576,42.493553],[-113.946213,42.493217],[-113.946542,42.492973],[-113.94664,42.492901],[-113.948415,42.49153],[-113.948812,42.491234],[-113.949698,42.490574],[-113.950176,42.490283],[-113.950662,42.490034],[-113.951388,42.489743],[-113.951518,42.489702],[-113.95224,42.489473],[-113.952689,42.48936],[-113.953326,42.489267],[-113.954179,42.489248],[-113.955052,42.489228],[-113.955091,42.489227],[-113.961104,42.489246],[-113.962558,42.489271],[-113.964216,42.48926],[-113.965887,42.489272],[-113.967507,42.489269],[-113.970953,42.489289],[-113.975185,42.489302],[-113.976534,42.489306],[-113.978816,42.489314],[-113.980601,42.489309],[-113.982096,42.48933],[-113.984279,42.489335],[-113.988119,42.489357],[-113.990461,42.489345],[-113.99071,42.489342],[-113.991306,42.489336],[-113.994494,42.489389],[-113.99539,42.489388],[-113.996217,42.489387],[-113.997833,42.489405],[-114.000027,42.489402],[-114.000291,42.489402],[-114.003541,42.489414],[-114.00713,42.489428],[-114.008308,42.489409],[-114.009071,42.48936],[-114.009576,42.489294],[-114.010012,42.489218],[-114.010194,42.489186],[-114.011038,42.488929],[-114.011577,42.488733],[-114.012217,42.488434],[-114.013041,42.487998],[-114.016259,42.486336],[-114.017706,42.485564],[-114.020365,42.484175],[-114.023045,42.482815],[-114.023969,42.482301],[-114.024851,42.481831],[-114.025575,42.481459],[-114.027308,42.480544],[-114.029507,42.479412],[-114.033714,42.477217],[-114.035566,42.476234],[-114.036391,42.47581],[-114.037014,42.475565],[-114.038035,42.475259],[-114.038202,42.475225],[-114.038915,42.475082],[-114.03919,42.47504],[-114.040113,42.474998],[-114.04455,42.474998],[-114.049849,42.474986],[-114.050902,42.474986],[-114.054192,42.474987],[-114.058386,42.475002],[-114.06052,42.474995],[-114.064575,42.475002],[-114.064688,42.475002],[-114.06561,42.474978],[-114.066593,42.474985],[-114.069033,42.475002],[-114.069348,42.474996],[-114.08045,42.475007],[-114.088078,42.475042],[-114.088862,42.475045],[-114.093649,42.475035],[-114.098661,42.475041],[-114.100518,42.475036],[-114.101367,42.475031],[-114.103445,42.475023],[-114.103734,42.475023],[-114.107292,42.47502],[-114.108302,42.47502],[-114.111679,42.475019],[-114.112094,42.475034],[-114.112753,42.475029],[-114.11315,42.475019],[-114.115686,42.475037],[-114.118032,42.475031],[-114.118916,42.475038],[-114.119711,42.475039],[-114.122864,42.475044],[-114.12428,42.475032],[-114.12777,42.475038],[-114.130532,42.47504],[-114.135952,42.475074],[-114.1392231,42.4751035],[-114.1397499,42.4751032],[-114.1408574,42.4751131],[-114.142388,42.475104],[-114.143313,42.475113],[-114.146542,42.475117],[-114.1466208,42.4751187],[-114.1469803,42.4751264],[-114.1472438,42.475132],[-114.1477954,42.4751485],[-114.1481432,42.4751479],[-114.149216,42.475139],[-114.149956,42.475148],[-114.150651,42.475149],[-114.152039,42.47515],[-114.155933,42.475173],[-114.156704,42.475172],[-114.157078,42.475181],[-114.161526,42.475169],[-114.161846,42.475168],[-114.161952,42.47516],[-114.1626285,42.4751547],[-114.163606,42.475147],[-114.166521,42.475124],[-114.170378,42.475104],[-114.17119,42.475088],[-114.172028,42.47508],[-114.172806,42.475083],[-114.1737118,42.4750956],[-114.1737969,42.4750965],[-114.174322,42.4750973],[-114.175957,42.475069],[-114.176948,42.475111],[-114.177328,42.475142],[-114.177949,42.475229],[-114.178317,42.475304],[-114.178655,42.475399],[-114.179088,42.475539],[-114.179761,42.475795],[-114.18044,42.476137],[-114.180678,42.47628],[-114.180943,42.47646],[-114.181245,42.476691],[-114.181509,42.476915],[-114.181968,42.47736],[-114.182507,42.478051],[-114.182828,42.478514],[-114.185395,42.482436],[-114.186138,42.483584],[-114.186497,42.484139],[-114.187469,42.48564],[-114.189911,42.489445],[-114.192137,42.492803],[-114.1933,42.494657],[-114.193733,42.495415],[-114.194653,42.496827],[-114.196671,42.499988],[-114.198459,42.502648],[-114.198971,42.50339],[-114.199169,42.503677],[-114.200722,42.506134],[-114.202075,42.508234],[-114.202928,42.509582],[-114.203674,42.510762],[-114.205802,42.514057],[-114.206417,42.514917],[-114.206433,42.51494],[-114.20726,42.516219],[-114.207549,42.516704],[-114.208474,42.518117],[-114.209185,42.519205],[-114.209714,42.519988],[-114.210015,42.52045],[-114.210117,42.520607],[-114.21046,42.52116],[-114.210794,42.521657],[-114.212271,42.523962],[-114.21261,42.524455],[-114.21277,42.524697],[-114.213524,42.525886],[-114.215383,42.528751],[-114.215669,42.529226],[-114.216082,42.529874],[-114.21644,42.53037],[-114.2167021,42.5307695],[-114.216865,42.531026],[-114.217086,42.531293],[-114.217317,42.53154],[-114.217481,42.531695],[-114.217777,42.531946],[-114.218161,42.53221],[-114.218766,42.53253],[-114.219425,42.53278],[-114.22017,42.532982],[-114.220927,42.533097],[-114.223372,42.533113],[-114.225329,42.533109],[-114.226268,42.533107],[-114.229868,42.533126],[-114.230166,42.533128],[-114.231169,42.533123],[-114.233032,42.533139],[-114.236785,42.533155],[-114.237135,42.53316],[-114.238747,42.533157],[-114.243764,42.533184],[-114.246381,42.533192],[-114.2478099,42.5331922],[-114.2494257,42.5331914],[-114.249883,42.5331929],[-114.2500163,42.5331932],[-114.2501461,42.5331934],[-114.251133,42.533177],[-114.252184,42.533175],[-114.2534,42.533183],[-114.254678,42.533177],[-114.256175,42.533172],[-114.258661,42.533177],[-114.263938,42.533166],[-114.265806,42.533177],[-114.266348,42.533172],[-114.266932,42.53318],[-114.269341,42.53318],[-114.270987,42.533178],[-114.272131,42.533188],[-114.273148,42.533182],[-114.27421,42.533197],[-114.274474,42.533191],[-114.279681,42.533193],[-114.280184,42.533202],[-114.283754,42.533202],[-114.284351,42.533216],[-114.286323,42.533206],[-114.288201,42.533226],[-114.289739,42.53322],[-114.290309,42.53323],[-114.291552,42.533233],[-114.292414,42.53325],[-114.296112,42.533268],[-114.297128,42.533286],[-114.297374,42.533274],[-114.298118,42.533276],[-114.298803,42.533292],[-114.299098,42.533299],[-114.300171,42.533288],[-114.30104,42.533297],[-114.302258,42.533301],[-114.302804,42.5333026],[-114.304247,42.5333067],[-114.305072,42.533309],[-114.305399,42.533317],[-114.305923,42.533308],[-114.306638,42.533324],[-114.30792,42.53334],[-114.309238,42.533337],[-114.311689,42.533368],[-114.3140524,42.5333672],[-114.315688,42.533369],[-114.317216,42.533365],[-114.318873,42.53338],[-114.320236,42.533369],[-114.320674,42.533397],[-114.321035,42.533403],[-114.322189,42.5334],[-114.323625,42.533434],[-114.32557,42.53342],[-114.327358,42.533438],[-114.330311,42.533451],[-114.331392,42.533461],[-114.333416,42.533479],[-114.333533,42.533471],[-114.33368,42.533476],[-114.334207,42.533496],[-114.335418,42.53349],[-114.336769,42.533507],[-114.33796,42.53349],[-114.33816,42.533504],[-114.33838,42.533506],[-114.341773,42.53353],[-114.342702,42.53351],[-114.345176,42.533551],[-114.348569,42.533555],[-114.3525842,42.5336066],[-114.3529818,42.5336217],[-114.3532946,42.5336771],[-114.3535723,42.5337506],[-114.353727,42.533801],[-114.356304,42.534683],[-114.356988,42.534938],[-114.357759,42.535256],[-114.358149,42.535418],[-114.359512,42.536018],[-114.359643,42.536073],[-114.361043,42.5366936],[-114.362489,42.537301],[-114.362826,42.537452],[-114.3639682,42.537956],[-114.364423,42.53816],[-114.3644947,42.5382003],[-114.3645805,42.5382486],[-114.364699,42.538345],[-114.3647622,42.5384145],[-114.3648144,42.5385328],[-114.3648286,42.5387701],[-114.3648294,42.5390915],[-114.3648366,42.5400662],[-114.3648348,42.5402686],[-114.3648348,42.5409092],[-114.3648315,42.5417371],[-114.364835,42.5422015],[-114.3648393,42.5425277],[-114.3648199,42.5434814],[-114.3647698,42.5444876],[-114.3647588,42.5450167],[-114.3647671,42.5455353],[-114.3647965,42.5463728],[-114.3648187,42.5469787],[-114.3648283,42.547405],[-114.3648586,42.5481513],[-114.3661365,42.54815],[-114.37006,42.548198],[-114.371999,42.5482],[-114.3731674,42.5482047],[-114.3777151,42.548205],[-114.3806363,42.5482234],[-114.3843973,42.5482333],[-114.3870167,42.5482501],[-114.3888216,42.548253],[-114.3896294,42.5482651],[-114.3921776,42.5482722],[-114.3968446,42.548292],[-114.4014436,42.5483157],[-114.4035984,42.5483157],[-114.4060985,42.5483131],[-114.4064936,42.5483173],[-114.4068017,42.548316],[-114.4087536,42.5483078],[-114.4114543,42.5483198],[-114.4130934,42.5483197],[-114.4163112,42.5483085],[-114.4164319,42.548305],[-114.4170177,42.5482984],[-114.4179994,42.5482985],[-114.4189452,42.5482989],[-114.4191328,42.548299],[-114.421263,42.5482998],[-114.4228647,42.5483236],[-114.4251309,42.5483561],[-114.4253727,42.5483587],[-114.426432,42.5483702],[-114.4271487,42.5483815],[-114.4273032,42.5483799],[-114.4308979,42.5484223],[-114.4321111,42.5484356],[-114.4328634,42.5484398],[-114.4331242,42.5484422],[-114.4351446,42.5484425],[-114.4382879,42.5484892],[-114.4392611,42.5485034],[-114.4399799,42.5485077],[-114.4406198,42.5484965],[-114.4411466,42.5484986],[-114.4424155,42.5485118],[-114.4450061,42.5485319],[-114.4462767,42.5485418],[-114.4475009,42.5485513],[-114.4480805,42.5485558],[-114.4503735,42.5485737],[-114.4518807,42.5485854],[-114.4520529,42.5485867],[-114.4531966,42.5485956],[-114.4544504,42.5486062],[-114.4553058,42.5486133],[-114.4558962,42.5486184],[-114.4565202,42.5486237],[-114.4570847,42.5486285],[-114.4577018,42.5486337],[-114.4583447,42.5486391],[-114.4587887,42.5486429],[-114.4589627,42.5485998],[-114.4602094,42.5486082],[-114.460759,42.5487276],[-114.4614754,42.5488949],[-114.462178,42.549059],[-114.4624721,42.549152],[-114.462734,42.549249],[-114.463003,42.549376],[-114.463154,42.549469],[-114.4636639,42.5498188],[-114.4643144,42.5502722],[-114.4644298,42.5503537],[-114.4648928,42.5506807],[-114.465445,42.551091],[-114.4660945,42.5515797],[-114.467296,42.5524574],[-114.4685263,42.5533566],[-114.469722,42.554246],[-114.4710089,42.5551582],[-114.4722296,42.5560824],[-114.472748,42.556457],[-114.4734819,42.5569639],[-114.474673,42.5578576],[-114.4758959,42.558748],[-114.476136,42.558916],[-114.4770944,42.5596264],[-114.4783345,42.5605231],[-114.4795669,42.5613946],[-114.4799965,42.5617072],[-114.4800073,42.5619489],[-114.4800332,42.5622991],[-114.4800384,42.5623898],[-114.4800495,42.5627076],[-114.4800532,42.5628142],[-114.4800613,42.563028],[-114.4800615,42.5631505],[-114.4802112,42.5631598],[-114.480769,42.563194],[-114.4813918,42.563231],[-114.4823241,42.5632894],[-114.4824113,42.5632956],[-114.483584,42.5633791],[-114.4848932,42.5634769],[-114.4866878,42.5636051],[-114.4874461,42.5636538],[-114.4877088,42.5636707],[-114.4880654,42.563696],[-114.4886515,42.5637376],[-114.4897702,42.5638193],[-114.490332,42.5638585],[-114.4911319,42.5639202],[-114.4923646,42.5640152],[-114.4933292,42.5640726],[-114.4943662,42.5641228],[-114.4945108,42.5641298],[-114.4951851,42.5641625],[-114.4959979,42.5641819],[-114.4960554,42.5641811],[-114.4969671,42.5642026],[-114.4978909,42.5641569],[-114.4993921,42.5641371],[-114.5006505,42.5640614],[-114.5012176,42.5640265],[-114.5016682,42.5640001],[-114.5017525,42.5639948],[-114.5020886,42.5639739],[-114.5026329,42.56394],[-114.5043032,42.5638525],[-114.5047605,42.5638431],[-114.5056853,42.5638367],[-114.5068063,42.563829],[-114.5080188,42.5638293],[-114.5089082,42.5638256],[-114.5126554,42.5638301],[-114.5159113,42.5638321],[-114.5171116,42.5638251],[-114.5174002,42.5638121],[-114.5188837,42.5637751],[-114.5204917,42.5637315],[-114.5242779,42.5637419],[-114.5255085,42.5637371],[-114.5303805,42.5637407],[-114.5313796,42.5637668],[-114.5330203,42.56384],[-114.5333816,42.5638601],[-114.5341661,42.563896],[-114.5344009,42.5639067],[-114.5355062,42.5639267],[-114.5360516,42.5639333],[-114.5368192,42.5639427],[-114.5369331,42.5639428],[-114.5372001,42.5639431],[-114.5375477,42.5639435],[-114.5376878,42.5639437],[-114.5379297,42.5639441],[-114.5384792,42.5639449],[-114.5393652,42.5639486],[-114.5398426,42.5639511],[-114.5403454,42.5639588],[-114.5404811,42.5639617],[-114.5411385,42.5639615],[-114.5427611,42.5639618],[-114.5440719,42.5639678],[-114.5456058,42.5639733],[-114.546261,42.5639789],[-114.5474886,42.5639887],[-114.5509161,42.5639999],[-114.55203,42.5640007],[-114.5526966,42.5640011],[-114.5529625,42.5639966],[-114.5536042,42.5639924],[-114.5541733,42.5639701],[-114.5551368,42.5639324],[-114.5556101,42.5639055],[-114.5556432,42.5639036],[-114.5567197,42.5638385],[-114.558468,42.5637443],[-114.5594864,42.5637194],[-114.5608094,42.5636956],[-114.5622841,42.5637035],[-114.563382,42.5637084],[-114.5645587,42.5637025],[-114.5665829,42.5636999],[-114.569709,42.5637031],[-114.5724908,42.5637058],[-114.5743528,42.5637035],[-114.5751312,42.5637007],[-114.5774395,42.5636999],[-114.5790701,42.5637006],[-114.5806995,42.5636981],[-114.5832271,42.5637051],[-114.5855862,42.5637117],[-114.5877233,42.5637394],[-114.5892733,42.5637401],[-114.5914944,42.5637432],[-114.5921657,42.5637428],[-114.5943524,42.5637398],[-114.5953021,42.5637341],[-114.5967368,42.5637401],[-114.5984709,42.5637468],[-114.5998466,42.5637905],[-114.6010934,42.5638423],[-114.6022736,42.5638741],[-114.6041702,42.5638877],[-114.6052476,42.5638868],[-114.6053859,42.5638879],[-114.6057451,42.5638887],[-114.6060781,42.5638876],[-114.6070076,42.563889],[-114.6076105,42.5638913],[-114.6078366,42.5638913],[-114.6080654,42.5638899],[-114.6091756,42.563889],[-114.6094956,42.5638895],[-114.6099286,42.5638887],[-114.610041,42.5638894],[-114.610509,42.5638899],[-114.611536,42.5638929],[-114.612192,42.5638902],[-114.6132898,42.5638884],[-114.613842,42.5638933],[-114.6155346,42.5638857],[-114.6156102,42.5638857],[-114.6164333,42.563886],[-114.6172944,42.5638996],[-114.6181484,42.5639435],[-114.6190162,42.564007],[-114.6196796,42.5640669],[-114.6199914,42.5641092],[-114.6208068,42.5642396],[-114.6212069,42.5643218],[-114.6215021,42.564407],[-114.6219316,42.5645081],[-114.6224446,42.5646534],[-114.6230474,42.5648489],[-114.6234814,42.565003],[-114.6237531,42.5651021],[-114.6239486,42.5651804],[-114.6242701,42.5653204],[-114.6247834,42.5655506],[-114.6252672,42.5657964],[-114.6256862,42.5660183],[-114.6261597,42.5663022],[-114.6266257,42.5666057],[-114.6270281,42.5668849],[-114.6274197,42.5671913],[-114.6278484,42.5675452],[-114.628187,42.567861],[-114.6284194,42.5680885],[-114.628661,42.568351],[-114.6290672,42.5688196],[-114.6294078,42.5692593],[-114.629593,42.569538],[-114.629972,42.570092],[-114.630133,42.570375],[-114.6306413,42.571205],[-114.6312859,42.5722756],[-114.6314079,42.5724778],[-114.6319776,42.5734086],[-114.6325737,42.5743777],[-114.6331253,42.5752664],[-114.6334824,42.5758108],[-114.6338868,42.5763215],[-114.634381,42.576807],[-114.634627,42.577008],[-114.634959,42.577249],[-114.635337,42.577488],[-114.635631,42.577651],[-114.635903,42.577789],[-114.636294,42.577972],[-114.637398,42.578379],[-114.6392407,42.5790669],[-114.640621,42.57958],[-114.641743,42.579979],[-114.642893,42.580404],[-114.644431,42.580947],[-114.645419,42.581262],[-114.64626,42.581517],[-114.647537,42.581868],[-114.648794,42.582197],[-114.65102,42.582742],[-114.652256,42.583051],[-114.6530965,42.5832715],[-114.65476,42.583681],[-114.655874,42.58399],[-114.659028,42.584908],[-114.661665,42.585664],[-114.664871,42.586549],[-114.665455,42.586704],[-114.666695,42.587034],[-114.668666,42.587569],[-114.668933,42.58764],[-114.6728005,42.5886802],[-114.67592,42.589491],[-114.676451,42.589641],[-114.678518,42.590184],[-114.68094,42.59084],[-114.681618,42.591006],[-114.682656,42.591302],[-114.68325,42.591427],[-114.684193,42.591611],[-114.685237,42.591785],[-114.686091,42.591892],[-114.688603,42.592096],[-114.690001,42.59221],[-114.6924293,42.5923894],[-114.694077,42.592525],[-114.695078,42.592588],[-114.697003,42.592747],[-114.70028,42.592996],[-114.700883,42.593042],[-114.7021991,42.5931422],[-114.703821,42.593261],[-114.705824,42.59341],[-114.7064659,42.5934461],[-114.706905,42.59346],[-114.708136,42.593453],[-114.708556,42.593451],[-114.710917,42.593457],[-114.712028,42.593448],[-114.713425,42.593456],[-114.713673,42.59345],[-114.714269,42.593453],[-114.715445,42.593465],[-114.716242,42.593469],[-114.716363,42.593469],[-114.717652,42.593463],[-114.718152,42.593453],[-114.719182,42.593454],[-114.721217,42.593472],[-114.722181,42.593471],[-114.7232885,42.5934508],[-114.723767,42.593442],[-114.7251085,42.5934682],[-114.725148,42.593469],[-114.725792,42.593473],[-114.728796,42.593493],[-114.730637,42.593484],[-114.731668,42.593459],[-114.731734,42.593457],[-114.732101,42.593484],[-114.733141,42.593505],[-114.733594,42.593493],[-114.734163,42.593505],[-114.736297,42.593494],[-114.737236,42.593477],[-114.737364,42.593477],[-114.73884,42.593481],[-114.739131,42.593483],[-114.741127,42.593486],[-114.741505,42.593485],[-114.742131,42.593482],[-114.742898,42.593497],[-114.744108,42.593498],[-114.744908,42.593485],[-114.745339,42.593493],[-114.747542,42.593477],[-114.748586,42.593478],[-114.749234,42.59347],[-114.750683,42.59349],[-114.750927,42.593492],[-114.75154,42.593481],[-114.752299,42.593723],[-114.752456,42.593769],[-114.752682,42.593886],[-114.753374,42.594354],[-114.7535546,42.5944854],[-114.7538824,42.5947239],[-114.7541934,42.5949594],[-114.754548,42.595224],[-114.754652,42.595295],[-114.755117,42.595598],[-114.755669,42.596017],[-114.756274,42.596482],[-114.7565808,42.5967024],[-114.7568942,42.5969275],[-114.7572805,42.5972112],[-114.7585302,42.5981096],[-114.7592836,42.5986602],[-114.7597396,42.5989935],[-114.759851,42.599121],[-114.7601383,42.5993301],[-114.76049,42.599586],[-114.760928,42.599889],[-114.762192,42.600811],[-114.762634,42.60111],[-114.763395,42.601676],[-114.764306,42.602327],[-114.764655,42.602599],[-114.765078,42.602887],[-114.765882,42.603491],[-114.766335,42.603803],[-114.767114,42.604389],[-114.768407,42.605286],[-114.769664,42.6062],[-114.770881,42.607104],[-114.771454,42.6075],[-114.771721,42.607666],[-114.771821,42.607751],[-114.7720205,42.6077977],[-114.772196,42.607836],[-114.772455,42.607866],[-114.77356,42.607878],[-114.774477,42.607873],[-114.776782,42.607888],[-114.77813,42.607873],[-114.779379,42.607902],[-114.780675,42.6079],[-114.781927,42.607912],[-114.782449,42.607917],[-114.782921,42.607917],[-114.784193,42.607928],[-114.785878,42.60793],[-114.786646,42.607923],[-114.786812,42.607927],[-114.788553,42.607954],[-114.788703,42.607944],[-114.789817,42.60795],[-114.791535,42.607951],[-114.79165,42.607951],[-114.792663,42.607961],[-114.795356,42.607942],[-114.797015,42.607919],[-114.798473,42.607938],[-114.801394,42.607927],[-114.802887,42.607918],[-114.803922,42.60792],[-114.805351,42.607916],[-114.807776,42.60791],[-114.808791,42.607918],[-114.811287,42.607888],[-114.812504,42.607898],[-114.814253,42.607881],[-114.815174,42.607881],[-114.81717,42.607855],[-114.818275,42.607838],[-114.821071,42.607817],[-114.821189,42.607816],[-114.824865,42.60778],[-114.828243,42.60773],[-114.829799,42.607737],[-114.830115,42.607739],[-114.830315,42.60779],[-114.830497,42.607872],[-114.830651,42.607959],[-114.830795,42.608104],[-114.830917,42.608274],[-114.830963,42.60838],[-114.83096,42.608679],[-114.830975,42.609068],[-114.830946,42.609906],[-114.830903,42.612704],[-114.830866,42.614056],[-114.830842,42.615643],[-114.830755,42.619015],[-114.830724,42.619909],[-114.830713,42.621012],[-114.830746,42.621206],[-114.830785,42.621351],[-114.830879,42.621528],[-114.830984,42.621702],[-114.831011,42.621748],[-114.83113,42.621871],[-114.831364,42.622076],[-114.831765,42.622316],[-114.831906,42.622378],[-114.832099,42.622449],[-114.832288,42.622498],[-114.832492,42.622537],[-114.832877,42.622552],[-114.833882,42.622571],[-114.83752,42.622589],[-114.839807,42.622614],[-114.840971,42.622627],[-114.84109,42.622622],[-114.841695,42.622634],[-114.847636,42.622689],[-114.847842,42.62269],[-114.849466,42.622696],[-114.849746,42.622718],[-114.849992,42.622783],[-114.850152,42.622846],[-114.850259,42.622908],[-114.850411,42.623058],[-114.850539,42.623288],[-114.850572,42.623413],[-114.850574,42.623516],[-114.850564,42.624002],[-114.850571,42.625189],[-114.850572,42.625416],[-114.850563,42.62637],[-114.850545,42.62727],[-114.850541,42.628853],[-114.850504,42.631801],[-114.85051,42.632679],[-114.850499,42.633601],[-114.850506,42.633782],[-114.850493,42.634563],[-114.850481,42.63509],[-114.850477,42.637287],[-114.850443,42.640317],[-114.850448,42.640809],[-114.850446,42.642586],[-114.850438,42.643453],[-114.850414,42.644139],[-114.850417,42.644604],[-114.850419,42.644986],[-114.850395,42.648217],[-114.850399,42.64896],[-114.850378,42.65086],[-114.850389,42.651826],[-114.850386,42.6521],[-114.850407,42.652491],[-114.850641,42.655774],[-114.850703,42.65657],[-114.850716,42.656744],[-114.850745,42.65713],[-114.850747,42.657371],[-114.850902,42.659794],[-114.851001,42.660886],[-114.851136,42.663068],[-114.851134,42.663265],[-114.851173,42.66353],[-114.851194,42.663841],[-114.851223,42.664776],[-114.851234,42.665632],[-114.851212,42.66625],[-114.851176,42.666796],[-114.851154,42.666894],[-114.851133,42.66723],[-114.850993,42.668626],[-114.850891,42.669276],[-114.850705,42.670186],[-114.850602,42.670605],[-114.850511,42.670919],[-114.850382,42.671454],[-114.850275,42.671851],[-114.850035,42.672634],[-114.849853,42.673122],[-114.849712,42.673522],[-114.849408,42.67427],[-114.8493,42.674564],[-114.849185,42.674823],[-114.848924,42.675489],[-114.848287,42.67675],[-114.848035,42.677204],[-114.847637,42.67796],[-114.847218,42.678813],[-114.846873,42.679434],[-114.846302,42.680569],[-114.846193,42.680761],[-114.845825,42.681541],[-114.845547,42.68204],[-114.84526,42.682663],[-114.844915,42.683283],[-114.844478,42.68412],[-114.844242,42.684676],[-114.844155,42.684994],[-114.844086,42.685588],[-114.844098,42.685761],[-114.844135,42.685954],[-114.844271,42.686508],[-114.844413,42.686889],[-114.844497,42.687085],[-114.844719,42.687424],[-114.844963,42.687709],[-114.845214,42.687957],[-114.845467,42.68819],[-114.845786,42.688425],[-114.84612,42.688658],[-114.846467,42.68887],[-114.846832,42.689073],[-114.847105,42.689238],[-114.847151,42.689262],[-114.847286,42.689332],[-114.848225,42.689678],[-114.848482,42.689787],[-114.848847,42.68999],[-114.849281,42.690254],[-114.850361,42.690957],[-114.850892,42.691352],[-114.851165,42.69152],[-114.851433,42.691743],[-114.851823,42.692106],[-114.852123,42.692408],[-114.852426,42.692745],[-114.8526,42.692939],[-114.853117,42.693617],[-114.853324,42.693918],[-114.853825,42.694702],[-114.854299,42.695361],[-114.8547,42.695917],[-114.8549599,42.6962954],[-114.8551211,42.6965317],[-114.8552722,42.6967468],[-114.855778,42.697567],[-114.856191,42.698169],[-114.856755,42.698945],[-114.857505,42.700043],[-114.857925,42.7006],[-114.858059,42.700799],[-114.858639,42.701658],[-114.858858,42.701968],[-114.858919,42.702072],[-114.859106,42.702334],[-114.859931,42.70356],[-114.860216,42.704007],[-114.860394,42.704353],[-114.86047,42.704549],[-114.860535,42.704688],[-114.86066,42.705106],[-114.860681,42.705292],[-114.860715,42.70545],[-114.860734,42.705645],[-114.860738,42.705843],[-114.86073,42.70608],[-114.860726,42.706187],[-114.860663,42.706729],[-114.860453,42.707426],[-114.860295,42.707772],[-114.860129,42.708063],[-114.859991,42.708277],[-114.859853,42.70849],[-114.8596446,42.708779],[-114.859525,42.708879],[-114.859168,42.709228],[-114.858571,42.709757],[-114.857212,42.710918],[-114.857107,42.71103],[-114.8564009,42.711666],[-114.8560146,42.7120225],[-114.8557765,42.7122714],[-114.8555844,42.7125088],[-114.8553944,42.7127652],[-114.8552033,42.7130734],[-114.8550392,42.7133772],[-114.8549218,42.7136563],[-114.854815,42.7139441],[-114.8547158,42.7143138],[-114.8546728,42.7145879],[-114.8546439,42.7148646],[-114.8546228,42.7155489],[-114.8546031,42.716912],[-114.8545817,42.7174612],[-114.8545368,42.7180105],[-114.854463,42.718583],[-114.854346,42.719226],[-114.854211,42.719789],[-114.854039,42.720389],[-114.853566,42.721592],[-114.853511,42.721772],[-114.853071,42.722757],[-114.852823,42.723313],[-114.852545,42.723966],[-114.852154,42.724883],[-114.852123,42.724957],[-114.851994,42.725252],[-114.851016,42.727488],[-114.850484,42.728765],[-114.850026,42.729826],[-114.848362,42.733676],[-114.848026,42.734502],[-114.847692,42.735972],[-114.847665,42.736255],[-114.84767,42.737269],[-114.84768,42.737565],[-114.847738,42.738031],[-114.847758,42.738131],[-114.847827,42.738482],[-114.847994,42.739155],[-114.848175,42.739676],[-114.848437,42.740334],[-114.848807,42.741211],[-114.848991,42.741687],[-114.849717,42.743423],[-114.850225,42.744636],[-114.85049,42.745106],[-114.850531,42.745176],[-114.850573,42.745248],[-114.850843,42.745664],[-114.850891,42.745727],[-114.851105,42.746011],[-114.851327,42.746279],[-114.851712,42.746689],[-114.852254,42.747174],[-114.852541,42.747411],[-114.852869,42.747658],[-114.853084,42.747798],[-114.853937,42.748337],[-114.854758,42.74875],[-114.855937,42.749189],[-114.8562217,42.7492683],[-114.856917,42.749462],[-114.859622,42.749999],[-114.860221,42.750116],[-114.867822,42.751545],[-114.86966,42.751882],[-114.869991,42.751983],[-114.871144,42.75244],[-114.872129,42.75295],[-114.872984,42.753468],[-114.873407,42.753879],[-114.8734561,42.7539287],[-114.873594,42.754067],[-114.87375,42.754242],[-114.8739167,42.7544079],[-114.873979,42.75447],[-114.874255,42.754778],[-114.8744793,42.7550643],[-114.8747195,42.7553703],[-114.8757115,42.756595],[-114.8776384,42.7589839],[-114.8783414,42.7598758],[-114.8785124,42.7600778],[-114.878944,42.760587],[-114.879127,42.760824],[-114.879265,42.761003],[-114.879315,42.761068],[-114.8797626,42.7616156],[-114.880379,42.762417],[-114.881037,42.763217],[-114.881091,42.763311],[-114.881239,42.763494],[-114.883722,42.766572],[-114.884762,42.767864],[-114.884859,42.767983],[-114.885265,42.768486],[-114.885397,42.768662],[-114.886082,42.769513],[-114.886551,42.7702],[-114.886877,42.770712],[-114.887384,42.77163],[-114.887642,42.772172],[-114.887755,42.772484],[-114.88796,42.77293],[-114.888194,42.773687],[-114.888377,42.774334],[-114.888526,42.775019],[-114.888607,42.775634],[-114.888686,42.77642],[-114.888679,42.777249],[-114.888684,42.777682],[-114.888692,42.778406],[-114.888686,42.779191],[-114.888677,42.779474],[-114.888618,42.781206],[-114.888639,42.782131],[-114.88862,42.782712],[-114.888587,42.783984],[-114.888596,42.784695],[-114.888599,42.7849],[-114.88857,42.786661],[-114.88854,42.788147],[-114.888491,42.789589],[-114.888491,42.789907],[-114.88849,42.790084],[-114.888487,42.790382],[-114.888481,42.793942],[-114.888491,42.794765],[-114.888452,42.797316],[-114.888478,42.798805],[-114.888481,42.799921],[-114.888482,42.800372],[-114.888462,42.80212],[-114.888489,42.803292],[-114.888532,42.803482],[-114.888639,42.803951],[-114.888939,42.80447],[-114.889282,42.804829],[-114.889835,42.805193],[-114.890335,42.805449],[-114.891887,42.80613],[-114.893339,42.806884],[-114.89435,42.807421],[-114.895467,42.808147],[-114.897279,42.809369],[-114.89733,42.809408],[-114.897962,42.809897],[-114.89835,42.810328],[-114.89852,42.810712],[-114.898565,42.810971],[-114.898576,42.811038],[-114.898567,42.811285],[-114.898579,42.811892],[-114.8985792,42.8128793],[-114.8985794,42.8137463],[-114.8985795,42.8142374],[-114.8985796,42.8146759],[-114.8985798,42.815539],[-114.8985799,42.8160178],[-114.89858,42.816479],[-114.8985753,42.8173891],[-114.8985706,42.8183094],[-114.8985682,42.8187691],[-114.8985659,42.8192322],[-114.8985612,42.8201351],[-114.8985588,42.8206095],[-114.8985566,42.8210381],[-114.8985503,42.8211871],[-114.8985366,42.8212584],[-114.8985142,42.8213571],[-114.8984781,42.821464],[-114.8984457,42.8215463],[-114.8983921,42.8216459],[-114.8983335,42.8217392],[-114.8982646,42.8218234],[-114.8981912,42.8218991],[-114.8980792,42.822005],[-114.8979921,42.8220698],[-114.897899,42.8221272],[-114.8978022,42.8221809],[-114.8977129,42.8222264],[-114.8975987,42.8222783],[-114.8974821,42.8223247],[-114.8973319,42.8223802],[-114.8971247,42.8224448],[-114.8966544,42.822585],[-114.8962498,42.8227006],[-114.8958788,42.8228135],[-114.8956927,42.8228754],[-114.8955351,42.8229318],[-114.8954122,42.8229782],[-114.8952807,42.8230346],[-114.8951591,42.8230911],[-114.8950216,42.8231671],[-114.8948627,42.8232592],[-114.894707,42.8233578],[-114.8945437,42.8234783],[-114.894404,42.8235926],[-114.8942418,42.823742],[-114.8941127,42.8238868],[-114.8939804,42.8240613],[-114.8938637,42.8242399],[-114.8938128,42.8243339],[-114.8937609,42.8244342],[-114.8937227,42.8245274],[-114.8936899,42.8246121],[-114.893657,42.8247061],[-114.8936295,42.8248134],[-114.893603,42.8249424],[-114.8935829,42.8250885],[-114.8935654,42.8252815],[-114.8935571,42.8256651],[-114.8935504,42.8271584],[-114.893502,42.828299],[-114.893501,42.828802],[-114.893499,42.829942],[-114.893499,42.829997],[-114.893502,42.83039],[-114.893515,42.832201],[-114.893519,42.832678],[-114.893522,42.833117],[-114.893523,42.833242],[-114.893529,42.833735],[-114.893541,42.834104],[-114.893568,42.834445],[-114.893581,42.834769],[-114.893586,42.834901],[-114.893576,42.835298],[-114.893575,42.835344],[-114.89355,42.836345],[-114.893543,42.836647],[-114.893536,42.837082],[-114.893453,42.838669],[-114.893436,42.839341],[-114.893432,42.839505],[-114.893399,42.840854],[-114.893424,42.843663],[-114.893515,42.843969],[-114.893589,42.844385],[-114.893758,42.844992],[-114.894113,42.845891],[-114.894494,42.846723],[-114.895013,42.847905],[-114.89521,42.848528],[-114.895343,42.849102],[-114.895405,42.849392],[-114.895454,42.849623],[-114.895511,42.850104],[-114.895534,42.851136],[-114.89552,42.851992],[-114.895549,42.853456],[-114.895555,42.854867],[-114.895537,42.856731],[-114.895536,42.85822],[-114.895536,42.85828],[-114.895498,42.859207],[-114.895496,42.860445],[-114.895476,42.861425],[-114.895579,42.86262],[-114.895691,42.863424],[-114.8957909,42.8640948],[-114.8958147,42.8642436],[-114.8958471,42.8643501],[-114.8958892,42.8644923],[-114.8959467,42.864639],[-114.896036,42.8648449],[-114.8961791,42.8651203],[-114.8962272,42.8652083],[-114.896497,42.865659],[-114.896524,42.865726],[-114.89691,42.866429],[-114.897395,42.867211],[-114.897789,42.867794],[-114.89838,42.868588],[-114.899491,42.869905],[-114.900587,42.871176],[-114.901652,42.872544],[-114.903048,42.874084],[-114.904655,42.875881],[-114.906735,42.877952],[-114.907182,42.878361],[-114.909091,42.880197],[-114.912678,42.883622],[-114.913487,42.884418],[-114.914839,42.886063],[-114.915496,42.886906],[-114.916648,42.88833],[-114.918073,42.890063],[-114.919658,42.89207],[-114.920633,42.893292],[-114.920797,42.89348],[-114.922104,42.895069],[-114.922877,42.896028],[-114.923862,42.897229],[-114.926336,42.900335],[-114.926948,42.901089],[-114.927682,42.902181],[-114.927893,42.902536],[-114.928467,42.903589],[-114.928953,42.904625],[-114.929382,42.905841],[-114.929525,42.906332],[-114.929831,42.907851],[-114.929929,42.908525],[-114.9299739,42.9089513],[-114.9300099,42.909396],[-114.930021,42.9098695],[-114.930014,42.913131],[-114.9300171,42.9157166],[-114.9300191,42.9162411],[-114.930011,42.917528],[-114.9300307,42.9178824],[-114.9300732,42.9181904],[-114.9301514,42.9185276],[-114.9302405,42.9188099],[-114.9304111,42.9191986],[-114.9306597,42.9195986],[-114.9309396,42.9199634],[-114.9312036,42.920264],[-114.931518,42.9205594],[-114.9318691,42.9208246],[-114.9322483,42.921084],[-114.9326252,42.9212958],[-114.9329513,42.9214498],[-114.9333372,42.9216068],[-114.9336805,42.9217276],[-114.9341473,42.9218594],[-114.9345141,42.9219458],[-114.9348203,42.922002],[-114.9351499,42.9220428],[-114.9354789,42.9220762],[-114.935877,42.9221038],[-114.9365274,42.9221106],[-114.9377463,42.922109],[-114.9381036,42.922124],[-114.9384961,42.9221768],[-114.9388639,42.922294],[-114.9391929,42.9224726],[-114.939389,42.9226276],[-114.9395466,42.9227794],[-114.939674,42.9229752],[-114.9398018,42.9232524],[-114.939848,42.92347],[-114.9398596,42.9236626],[-114.9404996,42.9236666],[-114.9407828,42.923667],[-114.9417241,42.9236684],[-114.9424478,42.9236723],[-114.9426804,42.9236735],[-114.9428499,42.9236744],[-114.9437389,42.9236802],[-114.9441861,42.923687],[-114.9446695,42.9236934],[-114.9451147,42.9236916],[-114.9455552,42.923696],[-114.946401,42.9236985],[-114.9469163,42.9237186],[-114.9473524,42.923751],[-114.9478487,42.9238136],[-114.9481171,42.9238574],[-114.9482572,42.9238862],[-114.948699,42.9239808],[-114.9491517,42.9241004],[-114.9496152,42.9242276],[-114.9500991,42.924372],[-114.9506482,42.924525],[-114.951147,42.9246642],[-114.9517403,42.9248352],[-114.9522511,42.9249824],[-114.9527073,42.9251054],[-114.9532819,42.925274],[-114.9539346,42.9254626],[-114.955215,42.9258214],[-114.9555995,42.925916],[-114.9562771,42.9260617],[-114.9568311,42.9261568],[-114.957508,42.9262352],[-114.9580109,42.9262696],[-114.9585276,42.9262958],[-114.9589562,42.9262959],[-114.9592903,42.9262906],[-114.959517,42.9262788],[-114.9598815,42.9262596],[-114.9603849,42.926215],[-114.9608717,42.9261594],[-114.9613368,42.9260904],[-114.9619039,42.925981],[-114.9640191,42.9255016],[-114.9656372,42.9251422],[-114.9661016,42.9250646],[-114.9665887,42.9250142],[-114.9671509,42.9250056],[-114.9675964,42.9250232],[-114.9679131,42.9250566],[-114.9682881,42.9251094],[-114.9686703,42.9251922],[-114.969128,42.9253206],[-114.9695775,42.9254806],[-114.9699139,42.9256338],[-114.9702515,42.9258088],[-114.970538,42.9259881],[-114.9709807,42.9262877],[-114.9716823,42.9267857],[-114.972883,42.927606],[-114.97332,42.927921],[-114.974382,42.928606],[-114.974701,42.928831],[-114.97505,42.929044],[-114.975222,42.929158],[-114.975622,42.929398],[-114.976522,42.929905],[-114.977247,42.930242],[-114.977793,42.930506],[-114.978483,42.930791],[-114.979519,42.931171],[-114.9812974,42.9318389],[-114.9818655,42.9320417],[-114.9829315,42.9324459],[-114.983746,42.932751],[-114.984312,42.932969],[-114.985159,42.933267],[-114.985923,42.933557],[-114.9880165,42.9342741],[-114.988734,42.934533],[-114.98949,42.934811],[-114.989937,42.935018],[-114.990433,42.935286],[-114.990781,42.935497],[-114.9911437,42.9357249],[-114.9914367,42.9359639],[-114.991764,42.9362809],[-114.9920497,42.9365779],[-114.992134,42.9366918],[-114.9923194,42.9369139],[-114.9929602,42.9377441],[-114.9935328,42.9384613],[-114.9940857,42.9391321],[-114.9944163,42.9394861],[-114.9947173,42.9397501],[-114.994975,42.939915],[-114.995404,42.940153],[-114.995618,42.940262],[-114.995906,42.940377],[-114.996363,42.940511],[-114.996756,42.940592],[-114.997055,42.940633],[-114.99755,42.940649],[-114.998117,42.940644],[-114.998455,42.940612],[-114.999014,42.940509],[-114.999582,42.940346],[-114.999795,42.940261],[-115.000222,42.940067],[-115.001283,42.939549],[-115.001925,42.939225],[-115.002601,42.938923],[-115.003068,42.938766],[-115.003454,42.938651],[-115.004044,42.938502],[-115.004314,42.938455],[-115.00453,42.938418],[-115.005073,42.938355],[-115.007131,42.938206],[-115.011182,42.938194],[-115.014825,42.938188],[-115.018515,42.938174],[-115.022594,42.938178],[-115.024914,42.938159],[-115.027885,42.938154],[-115.029485,42.938163],[-115.033748,42.938146],[-115.036302,42.938149],[-115.037547,42.938139],[-115.046284,42.938112],[-115.050867,42.938107],[-115.052793,42.938095],[-115.059542,42.938085],[-115.061121,42.938073],[-115.063224,42.938088],[-115.064616,42.93814],[-115.065524,42.938202],[-115.066719,42.938262],[-115.067454,42.938322],[-115.069078,42.9385],[-115.070894,42.938752],[-115.071809,42.938903],[-115.073338,42.939191],[-115.074198,42.939372],[-115.075538,42.93968],[-115.078005,42.94031],[-115.079375,42.940674],[-115.081153,42.941172],[-115.081762,42.941364],[-115.083659,42.941845],[-115.0846712,42.9421118],[-115.086298,42.9425616],[-115.086845,42.942697],[-115.089404,42.943386],[-115.090495,42.943695],[-115.092467,42.94421],[-115.097201,42.945483],[-115.100976,42.946498],[-115.103438,42.947182],[-115.10368,42.947245],[-115.105725,42.947774],[-115.113533,42.949881],[-115.11555,42.95041],[-115.116875,42.950744],[-115.118723,42.951144],[-115.119816,42.951362],[-115.120871,42.951559],[-115.120946,42.951573],[-115.121885,42.951723],[-115.124014,42.951981],[-115.125007,42.952078],[-115.125447,42.95213],[-115.127034,42.952264],[-115.129246,42.952435],[-115.1302619,42.952512],[-115.1324076,42.9526799],[-115.137213,42.953056],[-115.1401882,42.9532888],[-115.1440733,42.9535939],[-115.1474442,42.9538547],[-115.1495009,42.9540151],[-115.1516456,42.9541837],[-115.1549704,42.9544483],[-115.1574863,42.9546424],[-115.158714,42.9547371],[-115.165048,42.9552328],[-115.1669521,42.9553456],[-115.1688668,42.9555283],[-115.1721235,42.9557748],[-115.1731897,42.9558731],[-115.1739349,42.9559603],[-115.1748437,42.9561131],[-115.1752231,42.9561887],[-115.175608,42.9562752],[-115.1761366,42.9564095],[-115.1766533,42.956559],[-115.1772536,42.9567491],[-115.1778949,42.956984],[-115.1783878,42.9571915],[-115.1788585,42.9574],[-115.1793085,42.9576189],[-115.1796695,42.9577988],[-115.179864,42.957936],[-115.180507,42.958317],[-115.181292,42.95889],[-115.181885,42.959356],[-115.182967,42.960352],[-115.183675,42.96097],[-115.184359,42.961625],[-115.185067,42.962245],[-115.185706,42.962884],[-115.185835,42.963001],[-115.186522,42.963627],[-115.187506,42.964586],[-115.188119,42.965161],[-115.188993,42.965924],[-115.191314,42.968044],[-115.191771,42.968379],[-115.192286,42.968794],[-115.192668,42.969069],[-115.193196,42.969471],[-115.193667,42.969773],[-115.193972,42.969946],[-115.194548,42.970315],[-115.195,42.970589],[-115.195046,42.970617],[-115.196445,42.971327],[-115.197827,42.971943],[-115.198216,42.972101],[-115.198872,42.972344],[-115.199717,42.972624],[-115.200487,42.972869],[-115.201366,42.973123],[-115.202266,42.97335],[-115.202909,42.973497],[-115.20337,42.97359],[-115.204,42.9737],[-115.20458,42.973792],[-115.205175,42.973873],[-115.206701,42.974033],[-115.207476,42.974087],[-115.209203,42.974109],[-115.210243,42.974109],[-115.211112,42.97412],[-115.212307,42.974122],[-115.212441,42.97412],[-115.213547,42.974104],[-115.214786,42.974107],[-115.215125,42.974104],[-115.215885,42.974097],[-115.216737,42.974077],[-115.217515,42.974038],[-115.219163,42.973934],[-115.219646,42.973905],[-115.220926,42.973778],[-115.222683,42.973537],[-115.223515,42.973433],[-115.224623,42.973249],[-115.225407,42.9730982],[-115.226427,42.972902],[-115.227488,42.972663],[-115.228144,42.9725],[-115.228557,42.972411],[-115.229217,42.972247],[-115.230724,42.971819],[-115.231432,42.971637],[-115.234584,42.970743],[-115.235311,42.970556],[-115.237783,42.969861],[-115.239073,42.969511],[-115.240588,42.969062],[-115.241381,42.968848],[-115.241684,42.968766],[-115.242274,42.968596],[-115.242739,42.968473],[-115.243003,42.968396],[-115.243325,42.968302],[-115.244619,42.967956],[-115.245458,42.967708],[-115.247043,42.967275],[-115.248661,42.966817],[-115.249907,42.966485],[-115.250006,42.966459],[-115.251581,42.965992],[-115.252657,42.965659],[-115.253462,42.965377],[-115.254093,42.965139],[-115.254744,42.964849],[-115.255646,42.964383],[-115.256594,42.963868],[-115.257448,42.963405],[-115.258319,42.963025],[-115.259016,42.962736],[-115.259176,42.962686],[-115.259835,42.96248],[-115.260407,42.962301],[-115.261388,42.962072],[-115.261846,42.961981],[-115.262966,42.961809],[-115.263721,42.961717],[-115.265224,42.96163],[-115.265952,42.961571],[-115.266883,42.961531],[-115.26785,42.961457],[-115.268571,42.961414],[-115.269507,42.961337],[-115.270071,42.961313],[-115.270722,42.961264],[-115.271504,42.961245],[-115.273086,42.961143],[-115.27369,42.961079],[-115.275589,42.960977],[-115.2759553,42.9609479],[-115.276307,42.96092],[-115.276626,42.960904],[-115.2776925,42.9608701],[-115.2818519,42.9606057],[-115.283154,42.960525],[-115.284137,42.960448],[-115.2848639,42.960404],[-115.285668,42.960355],[-115.2875267,42.9602395],[-115.288017,42.960204],[-115.2903819,42.9600747],[-115.292193,42.959984],[-115.2936592,42.9599446],[-115.2945258,42.9599436],[-115.296284,42.9600004],[-115.298606,42.960097],[-115.300578,42.96029],[-115.301197,42.960367],[-115.302845,42.960593],[-115.303928,42.960773],[-115.304286,42.960829],[-115.305961,42.961091],[-115.3082517,42.9614413],[-115.3087313,42.9615146],[-115.310369,42.961765],[-115.311511,42.961943],[-115.312501,42.962119],[-115.313118,42.962206],[-115.313429,42.96225],[-115.3171219,42.9628534],[-115.318723,42.963115],[-115.318873,42.963139],[-115.320853,42.963452],[-115.321249,42.963499],[-115.324005,42.963951],[-115.327232,42.964464],[-115.328735,42.964678],[-115.328983,42.964692],[-115.330019,42.964748],[-115.330707,42.964707],[-115.331154,42.964659],[-115.331773,42.964572],[-115.332025,42.964507],[-115.332088,42.964491],[-115.332235,42.964453],[-115.333055,42.964221],[-115.334103,42.963812],[-115.336196,42.962936],[-115.338553,42.961931],[-115.341773,42.960586],[-115.343078,42.960018],[-115.343635,42.959794],[-115.344268,42.959527],[-115.344993,42.959236],[-115.345913,42.958838],[-115.347358,42.958258],[-115.347555,42.958192],[-115.348281,42.957947],[-115.34936,42.957667],[-115.350914,42.957414],[-115.351085,42.957394],[-115.351922,42.957325],[-115.352606,42.957277],[-115.354479,42.95724],[-115.35661,42.957319],[-115.359133,42.957516],[-115.360938,42.957699],[-115.36199,42.957788],[-115.363091,42.95782],[-115.363449,42.957815],[-115.3644718,42.9577501],[-115.3652776,42.9576462],[-115.36599,42.957508],[-115.369594,42.956631],[-115.369924,42.956559],[-115.37023,42.956483],[-115.371504,42.956167],[-115.372512,42.955934],[-115.373349,42.955695],[-115.373947,42.955549],[-115.374522,42.955385],[-115.375,42.955248],[-115.3754,42.955101],[-115.375951,42.954899],[-115.376553,42.954666],[-115.377983,42.954046],[-115.378604,42.953744],[-115.379445,42.953306],[-115.382859,42.951495],[-115.38446,42.950633],[-115.385156,42.950274],[-115.385901,42.949907],[-115.386795,42.949521],[-115.3875,42.949278],[-115.387984,42.949143],[-115.388601,42.948982],[-115.389299,42.94885],[-115.389851,42.948776],[-115.391306,42.948637],[-115.392118,42.948543],[-115.392987,42.94847],[-115.394516,42.948308],[-115.395304,42.948201],[-115.39683,42.947978],[-115.39754,42.947858],[-115.399127,42.947545],[-115.403441,42.946624],[-115.405457,42.946214],[-115.406324,42.946069],[-115.407132,42.945963],[-115.407928,42.945877],[-115.408627,42.945836],[-115.409569,42.945798],[-115.410917,42.945798],[-115.417442,42.945996],[-115.4189586,42.9460506],[-115.419524,42.946071],[-115.420465,42.946093],[-115.421121,42.946139],[-115.42234,42.946225],[-115.423257,42.94634],[-115.4239,42.94644],[-115.425148,42.946668],[-115.426492,42.946986],[-115.4270451,42.9471373],[-115.4277709,42.947354],[-115.428205,42.947501],[-115.428962,42.947771],[-115.429744,42.948081],[-115.429942,42.94817],[-115.43015,42.948263],[-115.430674,42.948498],[-115.431588,42.948939],[-115.433456,42.949964],[-115.434587,42.950602],[-115.437384,42.95212],[-115.440164,42.953655],[-115.440546,42.953875],[-115.442373,42.954852],[-115.443361,42.955362],[-115.444378,42.955841],[-115.44518,42.956169],[-115.446496,42.956706],[-115.448894,42.957492],[-115.451024,42.95802],[-115.4513034,42.9580759],[-115.452833,42.958382],[-115.454728,42.958646],[-115.455216,42.958704],[-115.455452,42.958732],[-115.4564,42.958809],[-115.456908,42.95885],[-115.459221,42.958906],[-115.461312,42.958872],[-115.465812,42.958792],[-115.467902,42.958768],[-115.470868,42.958697],[-115.47255,42.9586431],[-115.472959,42.95863],[-115.478563,42.958506],[-115.48015,42.958579],[-115.481077,42.958699],[-115.482073,42.958893],[-115.482814,42.959092],[-115.483405,42.959287],[-115.484401,42.959709],[-115.484524,42.959761],[-115.485467,42.960251],[-115.486157,42.960677],[-115.489286,42.963137],[-115.491136,42.964596],[-115.492461,42.965658],[-115.493234,42.966268],[-115.494779,42.967485],[-115.4974,42.969551],[-115.498922,42.970772],[-115.499991,42.971588],[-115.501387,42.972686],[-115.502253,42.973355],[-115.502888,42.973912],[-115.503536,42.974401],[-115.504511,42.975198],[-115.505323,42.975811],[-115.508473,42.978291],[-115.509255,42.978895],[-115.509978,42.979403],[-115.51065,42.979938],[-115.511184,42.980316],[-115.513033,42.981709],[-115.517515,42.985072],[-115.518316,42.985658],[-115.51934,42.986442],[-115.520032,42.986945],[-115.520912,42.987613],[-115.521834,42.988287],[-115.522743,42.988983],[-115.524309,42.990114],[-115.525347,42.990875],[-115.526396,42.991691],[-115.527718,42.992687],[-115.529488,42.994056],[-115.530778,42.995138],[-115.531889,42.996175],[-115.532373,42.996636],[-115.533079,42.997307],[-115.533709,42.997917],[-115.535843,42.999984],[-115.537038,43.001112],[-115.53802,43.002],[-115.538454,43.002328],[-115.539378,43.002942],[-115.540282,43.003463],[-115.541306,43.004036],[-115.542333,43.004626],[-115.54334,43.00523],[-115.544279,43.005873],[-115.545487,43.006738],[-115.546502,43.007552],[-115.547347,43.008287],[-115.548303,43.009191],[-115.549027,43.009959],[-115.549664,43.010722],[-115.550067,43.011185],[-115.550989,43.01246],[-115.551886,43.013821],[-115.55296,43.01553],[-115.554907,43.018554],[-115.556002,43.020293],[-115.558367,43.023964],[-115.559125,43.025195],[-115.559897,43.026413],[-115.561421,43.028818],[-115.562502,43.030412],[-115.563612,43.031893],[-115.564385,43.032832],[-115.565373,43.033913],[-115.567376,43.036066],[-115.569678,43.03855],[-115.570256,43.03916],[-115.571063,43.040032],[-115.572251,43.041279],[-115.572777,43.041845],[-115.574356,43.043538],[-115.579378,43.048921],[-115.580594,43.050247],[-115.593891,43.064489],[-115.594606,43.065219],[-115.597147,43.06797],[-115.598342,43.069241],[-115.598816,43.069744],[-115.59959,43.070596],[-115.601156,43.072245],[-115.601797,43.072935],[-115.602089,43.073231],[-115.604057,43.075359],[-115.605599,43.077106],[-115.606368,43.078002],[-115.607091,43.078899],[-115.607813,43.079856],[-115.6080786,43.0801879],[-115.608442,43.080642],[-115.61056,43.083389],[-115.611277,43.084361],[-115.61142,43.084567],[-115.612107,43.085389],[-115.612863,43.086344],[-115.613231,43.086827],[-115.61345,43.087115],[-115.61363,43.087326],[-115.61459,43.088572],[-115.615627,43.089917],[-115.616281,43.090752],[-115.617166,43.091919],[-115.617399,43.092231],[-115.618098,43.093113],[-115.618145,43.093172],[-115.618783,43.094002],[-115.619516,43.09494],[-115.6211983,43.0970916],[-115.622187,43.098356],[-115.622594,43.098822],[-115.623066,43.099339],[-115.623701,43.09999],[-115.624155,43.100417],[-115.6249,43.101076],[-115.625001,43.101183],[-115.626096,43.102044],[-115.627363,43.102973],[-115.627431,43.103023],[-115.629513,43.104592],[-115.630838,43.105566],[-115.631962,43.10641],[-115.633404,43.107472],[-115.637305,43.110383],[-115.63826,43.111119],[-115.638839,43.111583],[-115.639221,43.111906],[-115.640197,43.112779],[-115.640668,43.113222],[-115.640805,43.113351],[-115.64205,43.114617],[-115.64257,43.115201],[-115.644041,43.116901],[-115.644903,43.117875],[-115.646192,43.11938],[-115.646544,43.11978],[-115.64846,43.122012],[-115.649454,43.123169],[-115.650042,43.123865],[-115.652401,43.126592],[-115.659779,43.135121],[-115.6603263,43.1357727],[-115.6608682,43.1363681],[-115.661525,43.137146],[-115.661832,43.137506],[-115.66223,43.137972],[-115.6635117,43.1393656],[-115.663801,43.1396723],[-115.664989,43.140892],[-115.665951,43.141809],[-115.666828,43.142596],[-115.668081,43.143719],[-115.669781,43.14513],[-115.670512,43.145667],[-115.671661,43.146514],[-115.673317,43.147646],[-115.673962,43.148087],[-115.675229,43.148927],[-115.67682,43.149858],[-115.677358,43.150153],[-115.678194,43.150611],[-115.679569,43.151364],[-115.686781,43.155146],[-115.687996,43.155767],[-115.689961,43.156809],[-115.69016,43.156915],[-115.691186,43.157443],[-115.692806,43.158224],[-115.693707,43.158667],[-115.694644,43.159111],[-115.695062,43.159309],[-115.698472,43.160855],[-115.69995,43.161493],[-115.701001,43.161935],[-115.702562,43.162565],[-115.705609,43.16376],[-115.707017,43.16433],[-115.710077,43.165479],[-115.711247,43.165931],[-115.712797,43.166483],[-115.713886,43.16685],[-115.715003,43.167192],[-115.716058,43.167481],[-115.717069,43.16774],[-115.717235,43.167783],[-115.717988,43.167976],[-115.72089,43.168601],[-115.722013,43.168853],[-115.723321,43.169121],[-115.727499,43.170024],[-115.734478,43.171532],[-115.736021,43.171849],[-115.737825,43.172198],[-115.745079,43.17349],[-115.7487,43.174139],[-115.750008,43.174365],[-115.75164,43.174664],[-115.75224,43.174759],[-115.753481,43.17497],[-115.754851,43.175246],[-115.7570451,43.1757116],[-115.7571797,43.1757435],[-115.758545,43.176071],[-115.762091,43.17707],[-115.764128,43.177692],[-115.766212,43.178401],[-115.769841,43.179822],[-115.772923,43.181195],[-115.776239,43.182868],[-115.777786,43.183749],[-115.780942,43.185705],[-115.783507,43.187495],[-115.785225,43.188799],[-115.787121,43.190378],[-115.801896,43.2041],[-115.810246,43.211935],[-115.812523,43.213986],[-115.823301,43.224107],[-115.839152,43.238841],[-115.842378,43.241933],[-115.851197,43.250022],[-115.8714851,43.268933],[-115.8716575,43.2690936],[-115.87501,43.272218],[-115.88385,43.280519],[-115.885796,43.282275],[-115.897412,43.293071],[-115.90156,43.297029],[-115.9133769,43.3079597],[-115.949891,43.341859],[-115.955501,43.347093],[-115.974946,43.365081],[-115.9750666,43.365192],[-115.9940211,43.3827086],[-115.9989074,43.3872873],[-116.0008554,43.38911],[-116.0030713,43.39115],[-116.0032473,43.3913121],[-116.0063003,43.3941219],[-116.0087698,43.3963948],[-116.012497,43.3999889],[-116.0188881,43.4063833],[-116.0218398,43.4093708],[-116.0232524,43.4107109],[-116.0254668,43.4127544],[-116.027342,43.414421],[-116.0303151,43.4166616],[-116.0320714,43.4179464],[-116.036283,43.4206779],[-116.0374734,43.4214226],[-116.039366,43.422465],[-116.0473871,43.4266079],[-116.053458,43.429739],[-116.054519,43.430237],[-116.05783,43.432216],[-116.060255,43.434036],[-116.062261,43.4358189],[-116.0696059,43.4427665],[-116.069803,43.442953],[-116.0862241,43.4581767],[-116.0865868,43.4584569],[-116.088921,43.460491],[-116.0917752,43.4631223],[-116.0918318,43.463177],[-116.0921443,43.4634777],[-116.0932635,43.4646318],[-116.0936273,43.4649661],[-116.095287,43.466834],[-116.0959861,43.4676312],[-116.096413,43.4681181],[-116.099371,43.4715419],[-116.103743,43.476602],[-116.1072751,43.4796926],[-116.107615,43.479892],[-116.109329,43.481142],[-116.111347,43.482427],[-116.114587,43.484268],[-116.118405,43.486299],[-116.119593,43.487005],[-116.122034,43.488664],[-116.124623,43.490573],[-116.126267,43.491841],[-116.127563,43.492954],[-116.128658,43.493986],[-116.130958,43.496425],[-116.132746,43.498193],[-116.134006,43.499255],[-116.13709,43.501667],[-116.139037,43.503415],[-116.140243,43.504651],[-116.141108,43.505638],[-116.142113,43.50686],[-116.143493,43.508805],[-116.144771,43.510983],[-116.145351,43.512131],[-116.1460784,43.513817],[-116.1554187,43.534426],[-116.1563423,43.5361642],[-116.1576109,43.5381563],[-116.1585486,43.5394356],[-116.159486,43.54059],[-116.1605899,43.5417711],[-116.1611013,43.5422855],[-116.161614,43.54283],[-116.162195,43.543377],[-116.1629968,43.5441558],[-116.1640069,43.5450169],[-116.164416,43.5453419],[-116.1646929,43.5455564],[-116.164979,43.5457692],[-116.1653384,43.546028],[-116.1691141,43.5486687],[-116.1706092,43.5497095],[-116.174672,43.552555],[-116.175476,43.553121],[-116.176855,43.554094],[-116.177649,43.554653],[-116.188262,43.562131],[-116.1898259,43.5631739],[-116.1908768,43.5637492],[-116.1915413,43.5641377],[-116.1943197,43.5655755],[-116.1950452,43.5658865],[-116.1955555,43.5660915],[-116.1960729,43.5662892],[-116.1969899,43.5666279],[-116.1978514,43.5669174],[-116.198822,43.567208],[-116.1999363,43.5675221],[-116.200701,43.5677025],[-116.2011562,43.5677958],[-116.2016887,43.5679209],[-116.2023359,43.5680778],[-116.205238,43.5688094],[-116.208941,43.5697472],[-116.210663,43.5701717],[-116.2114122,43.570362],[-116.2124817,43.5706322],[-116.2137933,43.5709602],[-116.2150323,43.5712738],[-116.2157572,43.5714446],[-116.2165103,43.571594],[-116.2176555,43.5717858],[-116.218913,43.5719578],[-116.2199888,43.572069],[-116.2212785,43.5721306],[-116.222411,43.5721739],[-116.2253339,43.5721713],[-116.2323229,43.5721795],[-116.2344236,43.572169],[-116.234964,43.572192],[-116.235825,43.572302],[-116.236396,43.572413],[-116.237103,43.572582],[-116.237886,43.572844],[-116.2387027,43.5731274],[-116.2395515,43.5735268],[-116.2400171,43.5737522],[-116.2413653,43.574395],[-116.2421615,43.5747929],[-116.2460868,43.5766897],[-116.2467334,43.5770221],[-116.247882,43.577649],[-116.248462,43.577928],[-116.248631,43.578009],[-116.250472,43.578892],[-116.251133,43.579209],[-116.25226,43.57975],[-116.253632,43.580408],[-116.2540854,43.5806255],[-116.255731,43.581415],[-116.256076,43.581582],[-116.261047,43.583987],[-116.263056,43.584958],[-116.264528,43.58567],[-116.265195,43.585993],[-116.268319,43.587501],[-116.269423,43.588034],[-116.2698273,43.5882485],[-116.271135,43.588853],[-116.2733791,43.5899419],[-116.2746236,43.5905391],[-116.2752969,43.5908689],[-116.278153,43.592233],[-116.279737,43.592996],[-116.280623,43.593423],[-116.2836965,43.5948818],[-116.285134,43.5954923],[-116.285565,43.595644],[-116.286602,43.59599],[-116.287128,43.596149],[-116.287662,43.596299],[-116.288195,43.59644],[-116.288736,43.596572],[-116.289829,43.596807],[-116.2907678,43.596971],[-116.2919878,43.5971395],[-116.2928252,43.5972248],[-116.2935435,43.5972758],[-116.2954569,43.5974007],[-116.296047,43.597413],[-116.298835,43.597427],[-116.304232,43.5974143],[-116.313357,43.597407],[-116.316647,43.597408],[-116.319204,43.597409],[-116.329526,43.597417],[-116.3399681,43.5973878],[-116.3400814,43.5973893],[-116.3404499,43.5973897],[-116.3432493,43.5973929],[-116.3444492,43.5973929],[-116.3460884,43.5973955],[-116.3467752,43.5973939],[-116.34737,43.5973924],[-116.3479849,43.5973827],[-116.3483997,43.5973722],[-116.3489526,43.597344],[-116.349713,43.5972942],[-116.3503759,43.5972363],[-116.3510415,43.5971624],[-116.3519147,43.5970483],[-116.352552,43.5969484],[-116.3534052,43.5967979],[-116.3542207,43.5966257],[-116.3550156,43.5964399],[-116.3557473,43.5962477],[-116.3567041,43.595966],[-116.3577542,43.5956387],[-116.3586386,43.5953722],[-116.3593941,43.5951645],[-116.360089,43.5949869],[-116.3609205,43.5947888],[-116.361866,43.5945839],[-116.3625942,43.5944362],[-116.3634947,43.594272],[-116.3643953,43.5941245],[-116.3657509,43.5939501],[-116.3667379,43.593832],[-116.367986,43.593699],[-116.370615,43.593582],[-116.3721653,43.5935688],[-116.3747669,43.5935699],[-116.3793983,43.5935675],[-116.3804689,43.5935675],[-116.3848073,43.5935667],[-116.3871441,43.5935474],[-116.3882622,43.5935501],[-116.3912199,43.5935698],[-116.3926487,43.5935992],[-116.394521,43.593592],[-116.3985557,43.5935678],[-116.4013158,43.5935511],[-116.4044181,43.5935613],[-116.4084726,43.5935606],[-116.4136829,43.5935666],[-116.4180869,43.593564],[-116.4219348,43.5935618],[-116.4257795,43.5935634],[-116.4262529,43.5935634],[-116.4272477,43.5935595],[-116.433456,43.5935504],[-116.436209,43.5935534],[-116.4390106,43.5935589],[-116.4396019,43.5935649],[-116.4401691,43.5935759],[-116.4407293,43.5935955],[-116.4412884,43.5936108],[-116.4418414,43.5936388],[-116.4424547,43.5936702],[-116.4430251,43.5937118],[-116.4435495,43.5937542],[-116.4442134,43.5938078],[-116.4447874,43.5938689],[-116.4453757,43.5939309],[-116.4493287,43.5943785],[-116.468078,43.596583],[-116.4735019,43.5971717],[-116.4763481,43.5975377],[-116.4829725,43.598285],[-116.4893114,43.5989764],[-116.4945098,43.5993873],[-116.4961461,43.5994906],[-116.4987076,43.5996136],[-116.506411,43.599729],[-116.5136243,43.5993987],[-116.5141515,43.5993672],[-116.5204996,43.599033],[-116.5227829,43.5989095],[-116.5242443,43.5988276],[-116.5290288,43.5985597],[-116.5349498,43.5983849],[-116.5408918,43.598269],[-116.5434389,43.5983113],[-116.5438802,43.5983214],[-116.5454533,43.5984027],[-116.5468946,43.5985061],[-116.548278,43.5986053],[-116.5486741,43.5986402],[-116.5500671,43.5987561],[-116.5571314,43.5992966],[-116.564062,43.5999323],[-116.5666291,43.6001468],[-116.5674725,43.6002141],[-116.5682176,43.6002735],[-116.5726958,43.6006307],[-116.573503,43.6006985],[-116.578749,43.6011966],[-116.5795068,43.6012942],[-116.5799975,43.6013768],[-116.5805537,43.6014797],[-116.5813998,43.6016585],[-116.5818975,43.6017614],[-116.5823953,43.6018913],[-116.5829567,43.6020453],[-116.5833962,43.6021764],[-116.5838356,43.6023211],[-116.5853323,43.6029672],[-116.58731,43.6037655],[-116.5888034,43.6045202],[-116.5914305,43.6062363],[-116.5950359,43.6089273],[-116.5974697,43.6107589],[-116.6029611,43.6148914],[-116.605536,43.6168068],[-116.6115402,43.6210245],[-116.617316,43.6249333],[-116.6197457,43.6264832],[-116.6269872,43.6313136],[-116.632203,43.634296],[-116.6410454,43.6392682],[-116.642773,43.6403288],[-116.6439242,43.6411439],[-116.6447649,43.6418429],[-116.6458557,43.6428528],[-116.6465869,43.6436336],[-116.6471737,43.6443136],[-116.6478156,43.6451728],[-116.6488364,43.6467638],[-116.6497208,43.6481194],[-116.6499121,43.6484223],[-116.6504133,43.6492087],[-116.6504577,43.6492783],[-116.6528337,43.6530398],[-116.6541236,43.6550422],[-116.655084,43.656687],[-116.6556604,43.6575669],[-116.6570607,43.6597044],[-116.657654,43.66061],[-116.658002,43.661089],[-116.658096,43.661218],[-116.65845,43.6616],[-116.659343,43.66241],[-116.6601107,43.6629578],[-116.6611031,43.6634856],[-116.6616825,43.663734],[-116.6630612,43.6642656],[-116.663501,43.664448],[-116.6664622,43.6655928],[-116.6686562,43.6664504],[-116.6706035,43.6672148],[-116.6727654,43.6680762],[-116.6732375,43.6682509],[-116.674246,43.6686467],[-116.6748897,43.6689222],[-116.6753296,43.6691278],[-116.6757695,43.6693645],[-116.6762201,43.6696478],[-116.6776953,43.6706605],[-116.6784624,43.6711727],[-116.6796665,43.6719391],[-116.6814718,43.6731981],[-116.6817937,43.6734231],[-116.6853664,43.6758365],[-116.6858975,43.6762361],[-116.6864178,43.676659],[-116.6869704,43.6771789],[-116.6872279,43.6774505],[-116.6878233,43.6781139],[-116.6883222,43.6788006],[-116.6886494,43.6793244],[-116.6889284,43.6798792],[-116.689175,43.6804506],[-116.6893054,43.6808014],[-116.6894164,43.6811486],[-116.6894974,43.6814722],[-116.6895936,43.6818732],[-116.6896794,43.6823776],[-116.6899262,43.6841854],[-116.6900388,43.6848681],[-116.6901676,43.6858418],[-116.6902695,43.686606],[-116.690359,43.687009],[-116.6906,43.687512],[-116.690845,43.687911],[-116.691393,43.688633],[-116.692278,43.689708],[-116.69329,43.690826],[-116.694094,43.69182],[-116.694489,43.692267],[-116.695088,43.692982],[-116.695681,43.693698],[-116.696447,43.694766],[-116.696852,43.69538],[-116.697343,43.696265],[-116.6976058,43.696816],[-116.697695,43.697003],[-116.698133,43.698117],[-116.6987211,43.7001438],[-116.6988563,43.7011543],[-116.6989298,43.7020847],[-116.699001,43.703096],[-116.699114,43.704925],[-116.699228,43.706737],[-116.699333,43.708421],[-116.699453,43.709327],[-116.699488,43.709702],[-116.699574,43.710219],[-116.699625,43.710446],[-116.699812,43.711088],[-116.699962,43.711493],[-116.700034,43.711733],[-116.700104,43.711963],[-116.700234,43.712264],[-116.701592,43.716089],[-116.701861,43.716812],[-116.702689,43.718909],[-116.703667,43.721763],[-116.704064,43.722727],[-116.704284,43.723395],[-116.704679,43.724477],[-116.707164,43.731274],[-116.707376,43.731813],[-116.707502,43.732135],[-116.7086748,43.7353377],[-116.7087927,43.7356722],[-116.708975,43.736254],[-116.70953,43.737742],[-116.71015,43.73941],[-116.710534,43.740544],[-116.71198,43.744431],[-116.712431,43.745714],[-116.713243,43.747857],[-116.713651,43.749048],[-116.714177,43.7504],[-116.71553,43.754145],[-116.716287,43.756152],[-116.71699,43.758127],[-116.71804,43.760961],[-116.719388,43.764705],[-116.72049,43.767645],[-116.720997,43.768959],[-116.721814,43.771206],[-116.722016,43.771802],[-116.72241,43.772862],[-116.722763,43.773681],[-116.723289,43.774785],[-116.724337,43.776647],[-116.725257,43.778031],[-116.725861,43.778879],[-116.726359,43.779541],[-116.726888,43.780181],[-116.728144,43.781593],[-116.729503,43.782975],[-116.731403,43.78483],[-116.732498,43.785966],[-116.734001,43.787423],[-116.734717,43.788138],[-116.736004,43.789401],[-116.736552,43.789927],[-116.738717,43.792112],[-116.740684,43.794046],[-116.741881,43.795217],[-116.742609,43.795954],[-116.744422,43.797723],[-116.745912,43.799195],[-116.747488,43.800752],[-116.748487,43.801866],[-116.7490188,43.8024497],[-116.7496117,43.803211],[-116.749998,43.803707],[-116.7504026,43.8042747],[-116.750833,43.804927],[-116.751078,43.805296],[-116.751843,43.806553],[-116.752077,43.806989],[-116.752487,43.807753],[-116.752785,43.808418],[-116.753639,43.810325],[-116.753905,43.811047],[-116.754116,43.81155],[-116.754176,43.811693],[-116.754738,43.813109],[-116.757393,43.819742],[-116.758076,43.82139],[-116.7589065,43.8234782],[-116.7589283,43.8235328],[-116.759477,43.82497],[-116.759541,43.825136],[-116.760198,43.826949],[-116.760789,43.82867],[-116.761295,43.830474],[-116.761788,43.832317],[-116.761913,43.832826],[-116.7623088,43.8343879],[-116.7623397,43.8345148],[-116.763229,43.838173],[-116.763663,43.840006],[-116.7645157,43.8433821],[-116.7645444,43.8434957],[-116.765658,43.848111],[-116.766003,43.849508],[-116.766538,43.851431],[-116.767263,43.853299],[-116.768039,43.855009],[-116.76877,43.856398],[-116.768981,43.856717],[-116.769661,43.857746],[-116.771042,43.859679],[-116.772643,43.861574],[-116.773904,43.862867],[-116.774362,43.863303],[-116.775632,43.864481],[-116.776493,43.865166],[-116.777126,43.865669],[-116.777711,43.866093],[-116.778666,43.866786],[-116.77891,43.866963],[-116.779226,43.867171],[-116.780693,43.868138],[-116.781005,43.868343],[-116.782958,43.869577],[-116.785066,43.870939],[-116.787035,43.872188],[-116.787783,43.87271],[-116.789362,43.873703],[-116.791247,43.874933],[-116.792899,43.876057],[-116.794053,43.876955],[-116.79561,43.878283],[-116.796945,43.879566],[-116.797957,43.880625],[-116.798865,43.881678],[-116.799893,43.882942],[-116.800797,43.884195],[-116.801639,43.885556],[-116.80227,43.886677],[-116.803493,43.889176],[-116.804475,43.891281],[-116.805031,43.892427],[-116.805497,43.893455],[-116.806208,43.894864],[-116.806761,43.895924],[-116.807948,43.898443],[-116.808713,43.899774],[-116.809526,43.900998],[-116.810238,43.902044],[-116.811204,43.903092],[-116.811604,43.903552],[-116.8127648,43.9047559],[-116.8131138,43.905109],[-116.813959,43.9061],[-116.814122,43.906409],[-116.814358,43.9068],[-116.814536,43.907267],[-116.814696,43.90753],[-116.814819,43.907621],[-116.81433,43.907954],[-116.814132,43.908116],[-116.813846,43.908349],[-116.813561,43.908675],[-116.81334,43.909176],[-116.8133,43.909553],[-116.813319,43.910207],[-116.813279,43.910832],[-116.813294,43.912031],[-116.813295,43.912135],[-116.8133007,43.9128997],[-116.81332,43.915499],[-116.813338,43.916198],[-116.8133487,43.9166098],[-116.813366,43.91728],[-116.813361,43.918009],[-116.8133595,43.9182172],[-116.813345,43.920284],[-116.813344,43.92102],[-116.813344,43.921116],[-116.813335,43.923024],[-116.813327,43.923229],[-116.813299,43.923872],[-116.813215,43.925847],[-116.813104,43.927123],[-116.813002,43.928267],[-116.812911,43.929478],[-116.812814,43.930979],[-116.81268,43.932882],[-116.812602,43.934174],[-116.812571,43.935147],[-116.81256,43.935463],[-116.81244,43.936643],[-116.812394,43.937314],[-116.812368,43.937509],[-116.812316,43.938147],[-116.812247,43.938989],[-116.812194,43.939913],[-116.812171,43.940323],[-116.8121767,43.9410612],[-116.812177,43.941336],[-116.812179,43.941697],[-116.812179,43.941733],[-116.8121803,43.9425131],[-116.812181,43.9429593],[-116.8121827,43.9439877],[-116.812185,43.945355],[-116.812185,43.945592],[-116.812172,43.947178],[-116.8121781,43.9478278],[-116.8121824,43.9482918],[-116.812189,43.948987],[-116.812205,43.949936],[-116.812207,43.95004],[-116.812208,43.950137],[-116.812233,43.95165],[-116.8122434,43.9522842],[-116.812246,43.952442],[-116.812249,43.952648],[-116.812262,43.953164],[-116.812273,43.953607],[-116.8122772,43.9538249],[-116.8122912,43.9545473],[-116.812324,43.956235],[-116.812326,43.956322],[-116.81235,43.957561],[-116.812347,43.958075],[-116.812343,43.959935],[-116.812349,43.96089],[-116.8123499,43.9620369],[-116.812351,43.963546],[-116.812355,43.964092],[-116.812337,43.965316],[-116.812334,43.9655249],[-116.812329,43.965876],[-116.812337,43.966237],[-116.812342,43.966451],[-116.812392,43.966641],[-116.812498,43.966836],[-116.812635,43.966995],[-116.812826,43.967163],[-116.813271,43.967237],[-116.814021,43.967452],[-116.814197,43.967502],[-116.814681,43.967629],[-116.815249,43.967798],[-116.815558,43.967898],[-116.815624,43.967933],[-116.816066,43.968176],[-116.816618,43.968484],[-116.816933,43.968661],[-116.817213,43.968817],[-116.817593,43.969029],[-116.8197555,43.9702504],[-116.819765,43.971077],[-116.819755,43.9715452],[-116.8197329,43.9720187],[-116.8197318,43.9721047],[-116.81973,43.972856],[-116.8197104,43.9736816],[-116.819705,43.9739081],[-116.819927,43.974183],[-116.82002,43.974249],[-116.820163,43.974348],[-116.820472,43.97452],[-116.822463,43.974547],[-116.824735,43.974576],[-116.826664,43.974589],[-116.826762,43.97459],[-116.826818,43.97459],[-116.827374,43.974595],[-116.827709,43.974598],[-116.828109,43.974602],[-116.82942,43.974614],[-116.8317763,43.9746369],[-116.832584,43.974633],[-116.8351522,43.9746398],[-116.835602,43.974641],[-116.837608,43.974647],[-116.838843,43.974641],[-116.839397,43.974638],[-116.841664,43.974623],[-116.84269,43.974627],[-116.843626,43.974627],[-116.845096,43.974628],[-116.8471078,43.974612],[-116.8473194,43.9746115],[-116.847897,43.97461],[-116.849258,43.974629],[-116.852801,43.974626],[-116.855345,43.974622],[-116.855404,43.974622],[-116.855839,43.97462],[-116.856998,43.974616],[-116.858432,43.974623],[-116.859275,43.974628],[-116.860139,43.974627],[-116.861601,43.9745982],[-116.8621131,43.9745882],[-116.862478,43.974581],[-116.862613,43.974578],[-116.863234,43.974574],[-116.863423,43.974573],[-116.8641606,43.9745692],[-116.8648238,43.9745657],[-116.865354,43.974563],[-116.865792,43.974561],[-116.865876,43.97456],[-116.866116,43.974559],[-116.8666773,43.9745642],[-116.868374,43.97458],[-116.868439,43.974581],[-116.870354,43.974573],[-116.871271,43.97457],[-116.873554,43.974561],[-116.874167,43.974558],[-116.875005,43.974532],[-116.878451,43.974525],[-116.8795455,43.9745269],[-116.881382,43.97453],[-116.883604,43.974527],[-116.885018,43.974525],[-116.887038,43.974536],[-116.887558,43.974539],[-116.891225,43.974571],[-116.892387,43.974581],[-116.89354,43.974571],[-116.893723,43.97457],[-116.893826,43.974569],[-116.895506,43.97461],[-116.8961733,43.9746093],[-116.897313,43.974608],[-116.898886,43.974607],[-116.9000238,43.9746119],[-116.900509,43.974614],[-116.902632,43.974616],[-116.902766,43.97462],[-116.903854,43.974625],[-116.9041366,43.9746259],[-116.9043643,43.9746267],[-116.904464,43.974627],[-116.90484,43.974629],[-116.906405,43.974622],[-116.907441,43.97462],[-116.910449,43.974616],[-116.911142,43.974615],[-116.9115933,43.9746114],[-116.9123491,43.9746053],[-116.9127414,43.9746021],[-116.913129,43.974599],[-116.913974,43.974609],[-116.914088,43.97461],[-116.91409,43.975611],[-116.914089,43.976462],[-116.9140888,43.9766007],[-116.914086,43.978196],[-116.914084,43.979657],[-116.914082,43.981196],[-116.914072,43.981858],[-116.914046,43.983679],[-116.914019,43.987307],[-116.913992,43.989084],[-116.9139686,43.9905076],[-116.913965,43.990584],[-116.913961,43.990928],[-116.913944,43.992681],[-116.913919,43.994332],[-116.9139,43.996355],[-116.913902,43.997409],[-116.91394,43.997994],[-116.913999,43.998228],[-116.914113,43.998504],[-116.914198,43.998709],[-116.914252,43.998841],[-116.9142856,43.9988977],[-116.914533,43.999316],[-116.914791,43.999613],[-116.915167,43.999981],[-116.915413,44.000191],[-116.915812,44.000448],[-116.916295,44.000694],[-116.91674,44.000892],[-116.917132,44.001039],[-116.917228,44.001066],[-116.918392,44.001398],[-116.919007,44.001554],[-116.919333,44.001648],[-116.92012,44.001876],[-116.920739,44.002096],[-116.921389,44.002391],[-116.921904,44.002709],[-116.922255,44.002976],[-116.922499,44.003162],[-116.922621,44.003274],[-116.922826,44.003462],[-116.922943,44.003609],[-116.923152,44.003869],[-116.9232004,44.0039404],[-116.923205,44.003947],[-116.92339,44.004223],[-116.923587,44.004626],[-116.923615,44.004693],[-116.923787,44.005109],[-116.923849,44.0054719],[-116.923877,44.005636],[-116.923924,44.006337],[-116.923932,44.0067838],[-116.923933,44.007353],[-116.923929,44.007779],[-116.923928,44.007914],[-116.923944,44.008851],[-116.92395,44.009197],[-116.923934,44.009637],[-116.923924,44.009918],[-116.923887,44.010964],[-116.923877,44.011413],[-116.9238765,44.0114365],[-116.923868,44.01185],[-116.92386,44.012205],[-116.923834,44.0129578],[-116.923821,44.013243],[-116.923805,44.013607],[-116.923811,44.01367],[-116.923785,44.014541],[-116.923758,44.015479],[-116.923766,44.016387],[-116.923724,44.017291],[-116.9237216,44.0178352],[-116.9237192,44.0183658],[-116.923718,44.018636],[-116.923695,44.019374],[-116.92367,44.019792],[-116.923642,44.021811],[-116.923612,44.022827],[-116.923543,44.023622],[-116.9235498,44.0246143],[-116.9235538,44.0248064],[-116.9235523,44.0252882],[-116.9235507,44.025447],[-116.9244134,44.0254454],[-116.924615,44.0254392],[-116.9247153,44.0254372],[-116.9250097,44.0254315],[-116.9252439,44.0254278],[-116.9254329,44.0254248],[-116.9257752,44.0254193],[-116.9261474,44.0254136],[-116.9262481,44.0254118],[-116.9270585,44.0253988],[-116.9279615,44.0253879],[-116.9285622,44.0253799],[-116.9292076,44.0253718],[-116.9296593,44.0253662],[-116.9296882,44.0253658],[-116.9298273,44.0253641],[-116.9299853,44.0253621],[-116.9301027,44.0253611],[-116.9309836,44.025354],[-116.9321063,44.0253519],[-116.9326466,44.0253243],[-116.9331807,44.0252813],[-116.9339478,44.0251942],[-116.9353042,44.0250407],[-116.9353088,44.0250402],[-116.9354447,44.0250248]],[[-112.4785375,42.8926854],[-112.4784032,42.89249],[-112.4775123,42.8917583],[-112.4768094,42.8911911],[-112.476164,42.8906622],[-112.4754702,42.8900935],[-112.4743835,42.8891246],[-112.4725041,42.8876171],[-112.4717508,42.8870711],[-112.4712268,42.8866456],[-112.470235,42.885769],[-112.4660511,42.8823881],[-112.4637007,42.8805252],[-112.4618112,42.8791504],[-112.4611346,42.8786364],[-112.460549,42.8780898],[-112.4591161,42.8768338],[-112.4587349,42.8765079],[-112.4585573,42.876364],[-112.4579869,42.8758733],[-112.4578283,42.8758004],[-112.4576355,42.8758504],[-112.4567786,42.8763569],[-112.4565778,42.8764578],[-112.4563139,42.8765314],[-112.4560711,42.8765571],[-112.4551964,42.8765527],[-112.4533555,42.8765434],[-112.4531609,42.8765457],[-112.4529668,42.8765524],[-112.4526556,42.8765728],[-112.4519102,42.8766395],[-112.4516727,42.8766608],[-112.4516361,42.8766641],[-112.4506234,42.876754],[-112.4504757,42.8767671]],[[-112.5278538,42.9111844],[-112.5280365,42.9113002],[-112.5282033,42.9114353],[-112.5283343,42.9115606],[-112.5285379,42.9117905],[-112.5288313,42.9121758],[-112.5293546,42.9128356],[-112.5296975,42.9132501],[-112.5313613,42.9129253],[-112.5319579,42.9128456],[-112.5327619,42.9127697],[-112.535267,42.9126015],[-112.535481,42.9125431],[-112.5361968,42.9125123],[-112.538387,42.912356],[-112.53988,42.912198],[-112.5404744,42.912118],[-112.541126,42.912033],[-112.542855,42.911773],[-112.543216,42.91171],[-112.543804,42.911581],[-112.54407,42.911538],[-112.544895,42.911381],[-112.545639,42.911214],[-112.546434,42.911025],[-112.546936,42.910917],[-112.548914,42.910379],[-112.550403,42.909932],[-112.5553637,42.9084295],[-112.5567518,42.9080178],[-112.5583398,42.9075405],[-112.5605405,42.906888],[-112.5622896,42.9063641],[-112.562848,42.9061989],[-112.5636573,42.9059596],[-112.5650499,42.9055432],[-112.5674391,42.904826],[-112.567826,42.9047123],[-112.570059,42.9040486],[-112.5719601,42.9034817],[-112.5731727,42.9031238],[-112.5748604,42.9026207],[-112.5760753,42.9022501],[-112.5777097,42.9017635],[-112.5796212,42.9011999],[-112.5809215,42.9008087],[-112.5814337,42.9006583],[-112.5821325,42.9004502],[-112.5831602,42.9001453],[-112.5838537,42.8999334],[-112.5844972,42.8997418],[-112.5848689,42.8996254],[-112.5852205,42.8995131],[-112.585551,42.8994009],[-112.585895,42.8992805],[-112.5862299,42.8991573],[-112.5865564,42.8990349],[-112.5868916,42.8989038],[-112.5873891,42.8987052],[-112.5883619,42.8983214],[-112.58886,42.8981278],[-112.5894032,42.8979241],[-112.5900218,42.8977099],[-112.5903585,42.8975963],[-112.5906994,42.8974902],[-112.5910422,42.8973868],[-112.5913862,42.8972863],[-112.591746,42.8971856],[-112.5920918,42.8970922],[-112.5924458,42.8970031],[-112.5927928,42.8969164],[-112.593146,42.8968324],[-112.5952744,42.8963428],[-112.5973923,42.8958511],[-112.5993533,42.8953971],[-112.6002463,42.8951848],[-112.6018304,42.894818],[-112.6041402,42.8942813],[-112.6066297,42.8937068],[-112.6089263,42.8931736],[-112.6114039,42.8925897],[-112.6137201,42.8920577],[-112.615135,42.8917273],[-112.6170817,42.8912727],[-112.6190378,42.8908179],[-112.6208102,42.8904066],[-112.6219175,42.890145],[-112.6227724,42.8899531],[-112.6232937,42.8898405],[-112.6236515,42.8897717],[-112.624007,42.8897043],[-112.6243726,42.8896405],[-112.6247513,42.8895776],[-112.625125,42.8895206],[-112.6254722,42.8894762],[-112.6258359,42.8894334],[-112.6262136,42.8893939],[-112.6265801,42.8893607],[-112.6269523,42.8893322],[-112.6273125,42.8893102],[-112.6276904,42.8892885],[-112.6286154,42.8892414],[-112.6293496,42.889205],[-112.6302839,42.8891587],[-112.6315778,42.8890963],[-112.6321374,42.889066],[-112.6325041,42.8890392],[-112.6328742,42.8890081],[-112.633254,42.8889691],[-112.6336213,42.8889195],[-112.6339892,42.8888609],[-112.634246,42.8888161],[-112.6345305,42.8887607],[-112.6348777,42.8886813],[-112.6352399,42.888587],[-112.6355794,42.888491],[-112.6359223,42.8883858],[-112.6364324,42.888222],[-112.6381421,42.8876638],[-112.6393191,42.8872812],[-112.6403463,42.8869453],[-112.6406865,42.8868337],[-112.6410325,42.8867179],[-112.6415408,42.8865486],[-112.6425329,42.8862287],[-112.642882,42.8861164],[-112.6441035,42.8857157],[-112.6456119,42.8852273],[-112.6468094,42.8848371],[-112.6474894,42.884622],[-112.6481896,42.8844096],[-112.6488666,42.8842039],[-112.6502476,42.8837921],[-112.6519931,42.8832788],[-112.6540521,42.8826697],[-112.6557603,42.8821619],[-112.6580147,42.8814925],[-112.6592174,42.8811403],[-112.660762,42.880681],[-112.6630036,42.8800181],[-112.6654531,42.8792929],[-112.6678955,42.8785715],[-112.669752,42.878022],[-112.671661,42.8774576],[-112.6740454,42.8767461],[-112.6764616,42.8760273],[-112.6773597,42.8757634],[-112.6778478,42.8756254],[-112.6783632,42.8754841],[-112.6787209,42.8753867],[-112.6790812,42.8752987],[-112.6794244,42.8752196],[-112.6797845,42.8751432],[-112.6801482,42.8750683],[-112.6805265,42.8749928],[-112.6808656,42.8749303],[-112.6812263,42.8748664],[-112.681605,42.8748083],[-112.682027,42.8747496],[-112.6824929,42.8746899],[-112.6828688,42.8746494],[-112.6832307,42.8746119],[-112.6836022,42.874579],[-112.6839742,42.8745461],[-112.6843379,42.874521],[-112.6847084,42.8744996],[-112.6858236,42.8744403],[-112.6876811,42.8743484],[-112.6880616,42.8743289],[-112.6884317,42.8743073],[-112.6887898,42.8742866],[-112.6892246,42.8742544],[-112.6895966,42.8742236],[-112.689967,42.8741859],[-112.6903146,42.8741491],[-112.6907157,42.8741047],[-112.6911189,42.8740503],[-112.69153,42.8739886],[-112.6919108,42.8739283],[-112.6922923,42.8738636],[-112.6926511,42.8737974],[-112.6930039,42.8737286],[-112.693436,42.873639],[-112.6938744,42.8735394],[-112.6942487,42.8734483],[-112.6946127,42.873355],[-112.695125,42.8732163],[-112.6956868,42.8730564],[-112.6960233,42.8729505],[-112.6963523,42.8728436],[-112.6966944,42.8727294],[-112.6970124,42.8726207],[-112.6973612,42.8724984],[-112.6976797,42.8723798],[-112.697998,42.8722544],[-112.698335,42.8721188],[-112.6986677,42.8719785],[-112.6989878,42.8718409],[-112.6996147,42.8715545],[-112.7001056,42.8713124],[-112.7004041,42.8711603],[-112.7006897,42.8710127],[-112.7009705,42.8708568],[-112.7012792,42.870687],[-112.7017124,42.8704311],[-112.7021391,42.8701699],[-112.7039885,42.8690316],[-112.7052847,42.8682363],[-112.7067252,42.8673482],[-112.708302,42.86638],[-112.709536,42.865695],[-112.710593,42.865191],[-112.712114,42.864557],[-112.71369,42.863988],[-112.717034,42.862858],[-112.718233,42.862443],[-112.719085,42.862163],[-112.722508,42.860988],[-112.724041,42.860477],[-112.726989,42.859463],[-112.729459,42.858628],[-112.737547,42.855853],[-112.738781,42.85543],[-112.741939,42.854333],[-112.744518,42.853458],[-112.746434,42.852781],[-112.748271,42.852151],[-112.752109,42.85082],[-112.759066,42.848436],[-112.7599878,42.8481112],[-112.761027,42.847745],[-112.762189,42.847286],[-112.76274,42.847037],[-112.763132,42.846847],[-112.763832,42.846474],[-112.764314,42.846204],[-112.764646,42.845957],[-112.764927,42.845772],[-112.765586,42.845276],[-112.766075,42.844861],[-112.766627,42.844327],[-112.767257,42.843629],[-112.767662,42.843115],[-112.767902,42.842777],[-112.768263,42.842187],[-112.768572,42.841562],[-112.768747,42.841181],[-112.76894,42.84061],[-112.769108,42.840067],[-112.7693971,42.8389275],[-112.7696238,42.838041],[-112.769898,42.836828],[-112.7703861,42.8349081],[-112.770461,42.8346032],[-112.770814,42.833073],[-112.771021,42.832344],[-112.771197,42.831833],[-112.771371,42.831487],[-112.771502,42.831185],[-112.771745,42.830621],[-112.772073,42.829997],[-112.772362,42.829521],[-112.772691,42.829009],[-112.773139,42.828397],[-112.77346,42.827995],[-112.773999,42.827346],[-112.774437,42.826883],[-112.774656,42.826673],[-112.7747226,42.8266088],[-112.775237,42.826113],[-112.775736,42.825689],[-112.776488,42.825099],[-112.777043,42.824694],[-112.777581,42.824339],[-112.778297,42.823885],[-112.779012,42.823455],[-112.779966,42.822864],[-112.780437,42.82259],[-112.780872,42.822299],[-112.782198,42.821469],[-112.783134,42.820895],[-112.786006,42.819132],[-112.786767,42.818679],[-112.787624,42.818146],[-112.788397,42.817677],[-112.790626,42.816294],[-112.791432,42.815825],[-112.7922673,42.8152871],[-112.7928359,42.8149419],[-112.795567,42.813277],[-112.796887,42.812466],[-112.799562,42.810822],[-112.801366,42.809703],[-112.806581,42.806507],[-112.808427,42.805347],[-112.809905,42.804429],[-112.810375,42.804165],[-112.811482,42.803487],[-112.8125,42.80284],[-112.813632,42.802149],[-112.814296,42.801733],[-112.815024,42.801276],[-112.815415,42.801054],[-112.816155,42.800577],[-112.816872,42.800144],[-112.818825,42.798934],[-112.819231,42.798699],[-112.820412,42.797958],[-112.821363,42.797381],[-112.822619,42.7966],[-112.823228,42.79624],[-112.8244081,42.7955194],[-112.828051,42.793273],[-112.829395,42.792447],[-112.82973,42.792246],[-112.831089,42.791389],[-112.8321916,42.7907517],[-112.833841,42.789597],[-112.834708,42.788976],[-112.835067,42.788719],[-112.837169,42.787153],[-112.838882,42.785779],[-112.839149,42.785545],[-112.8401552,42.784692],[-112.842254,42.782834],[-112.842972,42.782162],[-112.844962,42.780437],[-112.845112,42.780307],[-112.847245,42.778422],[-112.8488455,42.7769945],[-112.8492186,42.7766723],[-112.849939,42.77605],[-112.851257,42.774851],[-112.851437,42.774691],[-112.852863,42.77342],[-112.853673,42.772719],[-112.853785,42.772622],[-112.854187,42.772268],[-112.855038,42.771518],[-112.856158,42.770531],[-112.857838,42.769008],[-112.85992,42.767157],[-112.86048,42.766672],[-112.86085,42.766335],[-112.861083,42.766124],[-112.861203,42.766036],[-112.862363,42.765005],[-112.862906,42.764508],[-112.863681,42.763821],[-112.866021,42.76179],[-112.866842,42.761047],[-112.867265,42.760676],[-112.869191,42.758945],[-112.869644,42.758538],[-112.870449,42.757862],[-112.871765,42.756671],[-112.874206,42.754535],[-112.874431,42.754338],[-112.875309,42.753527],[-112.876091,42.752838],[-112.876708,42.752274],[-112.876866,42.75214],[-112.877618,42.751463],[-112.877756,42.751338],[-112.878105,42.751041],[-112.878951,42.750294],[-112.879503,42.749789],[-112.880443,42.748941],[-112.880633,42.748771],[-112.881463,42.748096],[-112.882457,42.747246],[-112.883865,42.745942],[-112.884393,42.745484],[-112.885446,42.744524],[-112.88929,42.741129],[-112.892374,42.738388],[-112.893505,42.737413],[-112.893525,42.737395],[-112.895861,42.735297],[-112.897222,42.734096],[-112.898903,42.732593],[-112.900817,42.730896],[-112.901113,42.730633],[-112.901747,42.730082],[-112.902175,42.72971],[-112.904114,42.727956],[-112.904576,42.727558],[-112.9064072,42.7259302],[-112.9069887,42.7254162],[-112.907927,42.724582],[-112.908633,42.723948],[-112.911119,42.721766],[-112.912804,42.720333],[-112.91367,42.719629],[-112.914949,42.718608],[-112.916611,42.717349],[-112.919373,42.715375],[-112.92014,42.714854],[-112.920928,42.71437],[-112.921761,42.713775],[-112.922177,42.71352],[-112.922662,42.713204],[-112.924172,42.712266],[-112.925022,42.71175],[-112.925091,42.711708],[-112.926138,42.711098],[-112.927696,42.710193],[-112.929139,42.709406],[-112.929879,42.709017],[-112.930494,42.70873],[-112.93155,42.708147],[-112.934028,42.70689],[-112.936758,42.705576],[-112.936791,42.70556],[-112.938891,42.704702],[-112.941818,42.70348],[-112.943134,42.702943],[-112.943447,42.702795],[-112.945512,42.701924],[-112.946166,42.701653],[-112.946904,42.701372],[-112.948154,42.700857],[-112.948471,42.700727],[-112.949519,42.700281],[-112.950024,42.700066],[-112.951959,42.699257],[-112.9528989,42.6988492],[-112.954487,42.698078],[-112.95512,42.697767],[-112.956777,42.696852],[-112.957288,42.696558],[-112.958588,42.695776],[-112.95944,42.695211],[-112.959981,42.69484],[-112.960296,42.694613],[-112.9615839,42.6937151],[-112.9625636,42.6930199],[-112.9629919,42.6927073],[-112.9634171,42.6924016],[-112.9638515,42.6921004],[-112.9644893,42.691652],[-112.9651301,42.6911969],[-112.965665,42.690829],[-112.9666,42.690149],[-112.96712,42.689799],[-112.967325,42.68967],[-112.967617,42.689487],[-112.96848,42.688842],[-112.969299,42.688257],[-112.96988,42.687851],[-112.970567,42.687371],[-112.971288,42.686833],[-112.97218,42.6862],[-112.973168,42.685545],[-112.974018,42.68494],[-112.975955,42.683586],[-112.976919,42.682901],[-112.97734,42.682602],[-112.979828,42.680852],[-112.981562,42.679583],[-112.982529,42.678826],[-112.98281,42.678596],[-112.984104,42.677541],[-112.985196,42.67662],[-112.985491,42.676371],[-112.985763,42.67613],[-112.9864328,42.675587],[-112.9872258,42.6748601],[-112.9881363,42.6740091],[-112.9890647,42.6731538],[-112.9901243,42.6721437],[-112.9913879,42.6709765],[-112.992542,42.669895],[-112.9933881,42.6691165],[-112.9942741,42.6682797],[-112.9951493,42.6674591],[-112.996049,42.66662],[-112.9972476,42.6655],[-112.9975695,42.6651831],[-112.999022,42.663839],[-112.9998197,42.6631005],[-113.001095,42.66188],[-113.003212,42.659924],[-113.004065,42.659101],[-113.005423,42.657857],[-113.006175,42.65714],[-113.006661,42.656696],[-113.007335,42.656148],[-113.007768,42.655808],[-113.008691,42.655203],[-113.009364,42.654811],[-113.010754,42.654126],[-113.011506,42.653779],[-113.012294,42.6534],[-113.0127399,42.6531871],[-113.0139934,42.6525586],[-113.014662,42.6522234],[-113.014954,42.652077],[-113.015461,42.651832],[-113.017194,42.650993],[-113.018351,42.650433],[-113.019346,42.649939],[-113.020727,42.64927],[-113.02171,42.648787],[-113.026225,42.646572],[-113.026294,42.64654],[-113.027003,42.646212],[-113.027993,42.645785],[-113.029521,42.645168],[-113.030621,42.64476],[-113.032043,42.644262],[-113.033183,42.6439125],[-113.0337136,42.643742],[-113.034712,42.643417],[-113.035452,42.643182],[-113.03724,42.642614],[-113.037928,42.642395],[-113.040826,42.641459],[-113.041315,42.641301],[-113.045586,42.639908],[-113.046615,42.639587],[-113.047372,42.639335],[-113.048016,42.639128],[-113.049467,42.63866],[-113.050762,42.638249],[-113.052282,42.637752],[-113.053229,42.637451],[-113.056231,42.63648],[-113.058622,42.635716],[-113.059416,42.635448],[-113.059778,42.63533],[-113.061387,42.634804],[-113.062939,42.634297],[-113.06457,42.633777],[-113.070135,42.632026],[-113.071941,42.631506],[-113.074071,42.630927],[-113.075494,42.630509],[-113.077428,42.629927],[-113.079273,42.629345],[-113.080583,42.628943],[-113.081716,42.628567],[-113.0857338,42.6270844],[-113.0860873,42.6269573],[-113.088822,42.625986],[-113.089689,42.625716],[-113.090528,42.625508],[-113.09158,42.625313],[-113.09492,42.62486],[-113.09957,42.624221],[-113.100033,42.624158],[-113.10536,42.623432],[-113.108246,42.623026],[-113.111648,42.622574],[-113.112775,42.622408],[-113.115347,42.622047],[-113.119637,42.621456],[-113.120793,42.621297],[-113.122283,42.621093],[-113.122365,42.621082],[-113.124739,42.620736],[-113.1278825,42.6203151],[-113.130803,42.619941],[-113.131243,42.619872],[-113.132407,42.619666],[-113.13325,42.619478],[-113.134315,42.619203],[-113.13551,42.618875],[-113.135859,42.618766],[-113.136796,42.618474],[-113.138343,42.617943],[-113.139627,42.617467],[-113.141158,42.616922],[-113.142147,42.616585],[-113.143045,42.616265],[-113.143746,42.61597],[-113.145021,42.615453],[-113.146627,42.614814],[-113.148226,42.614192],[-113.149708,42.613658],[-113.153481,42.612327],[-113.154134,42.612098],[-113.155795,42.611486],[-113.163466,42.60872],[-113.167994,42.607107],[-113.168137,42.607056],[-113.16962,42.606509],[-113.17244,42.605489],[-113.173917,42.605007],[-113.17424,42.604921],[-113.175518,42.604579],[-113.1755647,42.6045624],[-113.175689,42.604533],[-113.176453,42.604344],[-113.177552,42.604147],[-113.178459,42.604026],[-113.179147,42.603961],[-113.179731,42.603887],[-113.18049,42.603823],[-113.184774,42.603601],[-113.185979,42.603538],[-113.188684,42.603367],[-113.200502,42.602751],[-113.203359,42.602533],[-113.205613,42.602267],[-113.2132,42.60125],[-113.22249,42.599998],[-113.22338,42.599907],[-113.224672,42.599704],[-113.226306,42.599494],[-113.2288786,42.5991515],[-113.2296972,42.59905],[-113.232766,42.598602],[-113.234231,42.598411],[-113.23841,42.5978658],[-113.2386892,42.5978294],[-113.2400906,42.5976466],[-113.242725,42.59725],[-113.2457021,42.5969732],[-113.2484511,42.5967077],[-113.2493469,42.5966214],[-113.24995,42.596568],[-113.256197,42.59597],[-113.274746,42.594201],[-113.277629,42.593911],[-113.28053,42.593652],[-113.283122,42.593397],[-113.288639,42.592887],[-113.291114,42.59264],[-113.296607,42.592125],[-113.298957,42.59187],[-113.310608,42.59078],[-113.312667,42.590594],[-113.316452,42.590212],[-113.319169,42.589969],[-113.324889,42.589396],[-113.3254,42.58935],[-113.328684,42.589052],[-113.331852,42.588734],[-113.334924,42.588461],[-113.363193,42.585738],[-113.370048,42.58507],[-113.373473,42.584753],[-113.374997,42.5846],[-113.376522,42.584459],[-113.379113,42.584182],[-113.381321,42.583995],[-113.383501,42.583776],[-113.385686,42.583594],[-113.387928,42.583351],[-113.403001,42.581913],[-113.429287,42.579379],[-113.435616,42.578771],[-113.439204,42.578427],[-113.442698,42.578091],[-113.445084,42.57785],[-113.447357,42.577638],[-113.452678,42.577109],[-113.454101,42.576997],[-113.45486,42.57692],[-113.457259,42.576678],[-113.459178,42.576499],[-113.460359,42.576375],[-113.465385,42.575895],[-113.46696,42.575733],[-113.46845,42.575622],[-113.470155,42.575439],[-113.472272,42.575232],[-113.482659,42.574219],[-113.486276,42.573904],[-113.492085,42.57332],[-113.504504,42.572103],[-113.5052082,42.572033],[-113.5119507,42.5713628],[-113.5183767,42.5707512],[-113.5205186,42.5705066],[-113.5241412,42.5701881],[-113.5258653,42.5700148],[-113.5277617,42.5698242],[-113.5320338,42.5694127],[-113.536159,42.569069],[-113.538822,42.568913],[-113.539836,42.568864],[-113.541524,42.568799],[-113.54283,42.568762],[-113.544647,42.56873],[-113.546636,42.5687292],[-113.5470347,42.5687291],[-113.55808,42.568752],[-113.559542,42.568745],[-113.559636,42.568738],[-113.562497,42.568777],[-113.57093,42.568823],[-113.573315,42.568831],[-113.574093,42.568841],[-113.58181,42.568832],[-113.58696,42.568836],[-113.592819,42.568863],[-113.595364,42.568867],[-113.597073,42.56887],[-113.600172,42.568858],[-113.6036654,42.568894],[-113.6044974,42.5688952],[-113.609731,42.568916],[-113.620477,42.568946],[-113.62257,42.568945],[-113.624839,42.568946],[-113.627005,42.568947],[-113.628014,42.568962],[-113.6289552,42.5689661],[-113.6307832,42.5689659],[-113.6326039,42.568965],[-113.6331881,42.568961],[-113.6339581,42.568965],[-113.6356091,42.568963],[-113.6367071,42.568969],[-113.6374151,42.568977],[-113.6396541,42.568972],[-113.6415601,42.568979],[-113.6438341,42.568977],[-113.6453041,42.568984],[-113.6475031,42.568994],[-113.6483831,42.56899],[-113.6490661,42.568987],[-113.6518211,42.568996],[-113.6530591,42.568996],[-113.6539731,42.569004],[-113.6557661,42.568999],[-113.6574171,42.568997],[-113.6586831,42.568982],[-113.6604338,42.5689811],[-113.661346,42.5689807],[-113.6627941,42.56898],[-113.6644161,42.568993],[-113.6698571,42.568998],[-113.6722551,42.568993],[-113.6796081,42.568998],[-113.6828681,42.56898],[-113.6875141,42.56898],[-113.6899121,42.568975],[-113.6953541,42.568959],[-113.7018191,42.568957],[-113.7070771,42.568965],[-113.7089711,42.568955],[-113.7156011,42.568945],[-113.7180871,42.568956],[-113.7231781,42.568942],[-113.7267081,42.568953],[-113.7293541,42.568948],[-113.730045,42.569013],[-113.730465,42.569124],[-113.730865,42.569309],[-113.731366,42.569669],[-113.731936,42.57012],[-113.7327916,42.5707754],[-113.7332291,42.5710897],[-113.7333878,42.5712107],[-113.7334659,42.5711545],[-113.735723,42.569527],[-113.73634,42.569065],[-113.7367021,42.5688309],[-113.737429,42.568279],[-113.738052,42.56781],[-113.738847,42.567229],[-113.73974,42.566594],[-113.740547,42.566003],[-113.741973,42.565004],[-113.74263,42.564502],[-113.743443,42.563918],[-113.744858,42.562882],[-113.745493,42.562426],[-113.7458579,42.5621527],[-113.7458955,42.5620441]],[[-113.7610854,42.5467118],[-113.7612307,42.5465735],[-113.7619431,42.5453516],[-113.7630845,42.5433605],[-113.7630925,42.543305]],[[-114.3661365,42.54815],[-114.365437,42.547977],[-114.3652207,42.5478946],[-114.3650674,42.547765],[-114.3649641,42.5476034],[-114.3648283,42.547405]],[[-114.4587887,42.5486429],[-114.458954,42.548702],[-114.4595993,42.5486987],[-114.460212,42.5486907],[-114.4602205,42.5490941],[-114.4602245,42.5493651],[-114.4602202,42.5500936],[-114.4604095,42.5501878],[-114.4605796,42.5503112],[-114.4618051,42.5512038],[-114.4630162,42.5520858],[-114.464239,42.5529763],[-114.4654336,42.5538463],[-114.4666738,42.5547495],[-114.4678856,42.555632],[-114.4691444,42.5565487],[-114.4703866,42.5574543],[-114.4716206,42.5583539],[-114.4728241,42.5592313],[-114.4740473,42.560123],[-114.4752646,42.5610104],[-114.4764808,42.5618969],[-114.4776889,42.5627776],[-114.4781471,42.5631116],[-114.4788079,42.5631136],[-114.4790992,42.5631215],[-114.4798367,42.5631414],[-114.4800615,42.5631505]],[[-116.814819,43.907621],[-116.8152963,43.9073119],[-116.8160056,43.9068525],[-116.8162246,43.9067152],[-116.8161017,43.9066119],[-116.815744,43.906424],[-116.814997,43.906011],[-116.8142285,43.9055021],[-116.8138042,43.9051512],[-116.8126313,43.9041396],[-116.812188,43.903628],[-116.810587,43.901759],[-116.809713,43.90052],[-116.808843,43.899235],[-116.808152,43.897977],[-116.807582,43.896848],[-116.80711,43.895703],[-116.805956,43.893387],[-116.80539,43.892161],[-116.804237,43.88978],[-116.803764,43.888849],[-116.803205,43.887609],[-116.802548,43.886199],[-116.801867,43.885076],[-116.80133,43.884233],[-116.800422,43.88307],[-116.799509,43.881848],[-116.798635,43.880833],[-116.796776,43.878902],[-116.79668,43.878815],[-116.795595,43.877826],[-116.794428,43.876826],[-116.793452,43.876034],[-116.792009,43.875008],[-116.790329,43.873909],[-116.788809,43.872959],[-116.786944,43.871734],[-116.784924,43.870461],[-116.783497,43.869514],[-116.781437,43.86819],[-116.779484,43.866935],[-116.779155,43.866723],[-116.778942,43.866575],[-116.778479,43.866253],[-116.777956,43.86586],[-116.777451,43.86548],[-116.776844,43.864985],[-116.775756,43.864101],[-116.774867,43.863295],[-116.774426,43.862868],[-116.773097,43.861547],[-116.772033,43.860339],[-116.770965,43.858982],[-116.770103,43.857753],[-116.769793,43.857274],[-116.769205,43.856296],[-116.768844,43.855695],[-116.768059,43.854205],[-116.7674,43.852666],[-116.767142,43.851983],[-116.766722,43.850673],[-116.766237,43.848857],[-116.766035,43.848024],[-116.7649304,43.8434677],[-116.764899,43.8433426],[-116.764436,43.841491],[-116.764088,43.839931],[-116.76374,43.838649],[-116.7634,43.83732],[-116.763106,43.836102],[-116.7627355,43.8344585],[-116.7627077,43.8343347],[-116.7624295,43.8331295],[-116.762205,43.832392],[-116.762059,43.831791],[-116.761508,43.829728],[-116.760927,43.827815],[-116.760212,43.825761],[-116.759641,43.824282],[-116.759604,43.824186],[-116.759331,43.8234584],[-116.7593028,43.8233945],[-116.758342,43.821004],[-116.756119,43.815552],[-116.755591,43.81415],[-116.755052,43.812876],[-116.754447,43.81132],[-116.754441,43.811304],[-116.753926,43.810014],[-116.753265,43.808439],[-116.752726,43.807405],[-116.752491,43.806988],[-116.752225,43.806518],[-116.751463,43.805239],[-116.750878,43.804327],[-116.750407,43.803648],[-116.7499536,43.8030612],[-116.749707,43.802742],[-116.748829,43.801707],[-116.747989,43.800792],[-116.74709,43.799843],[-116.745845,43.798646],[-116.744732,43.797527],[-116.742951,43.795738],[-116.741652,43.794488],[-116.7390148,43.791914],[-116.736929,43.789852],[-116.73557,43.788487],[-116.734355,43.787251],[-116.732449,43.785413],[-116.730212,43.783167],[-116.729262,43.782228],[-116.728738,43.781737],[-116.727158,43.77993],[-116.726852,43.779553],[-116.725951,43.778373],[-116.725435,43.77765],[-116.725111,43.777155],[-116.724622,43.776328],[-116.724086,43.775424],[-116.723517,43.774363],[-116.723075,43.773443],[-116.722621,43.772296],[-116.722174,43.77106],[-116.721732,43.769891],[-116.721273,43.768597],[-116.720814,43.767361],[-116.720366,43.766244],[-116.719973,43.765141],[-116.719508,43.763897],[-116.71859,43.761273],[-116.718149,43.76013],[-116.716058,43.754441],[-116.71518,43.752053],[-116.714823,43.75098],[-116.714034,43.748903],[-116.713191,43.746607],[-116.712173,43.743835],[-116.710974,43.740557],[-116.709974,43.737822],[-116.7091688,43.7356095],[-116.7090472,43.7352667],[-116.707768,43.731813],[-116.707075,43.729995],[-116.705914,43.726741],[-116.705066,43.724452],[-116.704246,43.722206],[-116.702834,43.718285],[-116.701876,43.715766],[-116.701039,43.713486],[-116.700787,43.71275],[-116.700657,43.712367],[-116.700154,43.711009],[-116.700034,43.71055],[-116.699891,43.709799],[-116.699779,43.708912],[-116.699609,43.70677],[-116.699487,43.704931],[-116.699414,43.703717],[-116.6993753,43.7028488],[-116.6993182,43.7020571],[-116.6992406,43.7009834],[-116.6991017,43.7001341],[-116.6989121,43.6992082],[-116.6986015,43.6982502],[-116.698212,43.697254],[-116.6979899,43.6967397],[-116.697927,43.696594],[-116.697308,43.695387],[-116.696979,43.694895],[-116.696863,43.694729],[-116.696424,43.6941],[-116.696105,43.693666],[-116.695542,43.692986],[-116.694287,43.691598],[-116.69362,43.69083],[-116.6927502,43.6898678],[-116.6919769,43.688983],[-116.691308,43.688304],[-116.691071,43.687997],[-116.690948,43.687817],[-116.690769,43.68751],[-116.6905311,43.686796],[-116.6904881,43.6865283],[-116.690366,43.6858185],[-116.6902319,43.6848293],[-116.6900697,43.6837702],[-116.6898444,43.682521],[-116.689764,43.6820089],[-116.6896391,43.6814467],[-116.6895516,43.6811088],[-116.6894444,43.680777],[-116.6893163,43.6804172],[-116.6890558,43.6798209],[-116.6887393,43.6792157],[-116.6884443,43.6787385],[-116.6880634,43.6782147],[-116.6876665,43.6777103],[-116.687307,43.6773224],[-116.6867116,43.6767404],[-116.6864863,43.6765193],[-116.6859069,43.6760537],[-116.6853061,43.675623],[-116.6833213,43.6742844],[-116.6820553,43.6734231],[-116.6815618,43.673101],[-116.6784826,43.6710252],[-116.6777114,43.6705169],[-116.6765353,43.6697253],[-116.6761383,43.6694576],[-116.675697,43.669198],[-116.6752116,43.6689532],[-116.6747234,43.668732],[-116.6742352,43.6685264],[-116.6728995,43.6679986],[-116.6700993,43.6668927],[-116.6696111,43.6666909],[-116.667078,43.665705],[-116.666686,43.665551],[-116.6652713,43.664999],[-116.6648314,43.6648322],[-116.662083,43.663703],[-116.661423,43.663385],[-116.660642,43.662938],[-116.65994,43.662474],[-116.659409,43.662022],[-116.659059,43.661697],[-116.658766,43.66141],[-116.658457,43.660996],[-116.6580852,43.6605035],[-116.657873,43.660213],[-116.6573487,43.659401],[-116.6568227,43.6585825],[-116.656091,43.6574375],[-116.6508864,43.6492929],[-116.6508464,43.6492312],[-116.6503373,43.648421],[-116.6501384,43.6481131],[-116.6490765,43.6464542],[-116.648039,43.6448756],[-116.647479,43.6441305],[-116.6468782,43.6434661],[-116.6459828,43.642497],[-116.6449075,43.6415234],[-116.6434629,43.6403906],[-116.6418504,43.6393558],[-116.6358458,43.6360495],[-116.6260354,43.6303277],[-116.6199966,43.6262747],[-116.6162726,43.623847],[-116.6108139,43.6201795],[-116.6020579,43.6137979],[-116.6007758,43.612843],[-116.5922132,43.6064067],[-116.589087,43.6043327],[-116.58847,43.6040133],[-116.587735,43.6036443],[-116.5868928,43.6032714],[-116.5856968,43.6027895],[-116.5825956,43.6017403],[-116.5810229,43.6014469],[-116.5800997,43.601283],[-116.5792886,43.6011462],[-116.578539,43.6010496],[-116.5784072,43.6010351],[-116.573532,43.6005885],[-116.5726928,43.6005224],[-116.5692408,43.6002298],[-116.5681713,43.6001588],[-116.5674019,43.6000951],[-116.5649183,43.5998802],[-116.5640743,43.5998074],[-116.5571285,43.5991926],[-116.555861,43.5990344],[-116.549047,43.5984419],[-116.5486077,43.5984321],[-116.5455091,43.5982187],[-116.5439007,43.59814],[-116.5433701,43.5981268],[-116.5409392,43.5981046],[-116.5349952,43.5981297],[-116.5290367,43.5982672],[-116.5228033,43.5986669],[-116.5196544,43.5988487],[-116.5142858,43.5991871],[-116.5137937,43.5992177],[-116.5096619,43.5993862],[-116.508329,43.5994312],[-116.5066515,43.5994788],[-116.4986693,43.5993789],[-116.496246,43.5992761],[-116.4946569,43.5991715],[-116.4894771,43.598753],[-116.4862625,43.5984012],[-116.4830591,43.5980506],[-116.4764348,43.5972735],[-116.4735744,43.5969627],[-116.4704989,43.5965921],[-116.4680984,43.5963027],[-116.4448833,43.5936798],[-116.4437334,43.5935718],[-116.4428435,43.5935025],[-116.4420399,43.5934494],[-116.441414,43.5934195],[-116.4408254,43.593406],[-116.4402444,43.593389],[-116.4396423,43.5933732],[-116.4362266,43.5933443],[-116.4334477,43.5933467],[-116.4272433,43.5933546],[-116.4199598,43.5933539],[-116.4189828,43.5933529],[-116.4180914,43.5933554],[-116.4136857,43.5933555],[-116.4084622,43.5933534],[-116.4044298,43.5933549],[-116.4018644,43.593355],[-116.4012235,43.5933745],[-116.4004236,43.5933708],[-116.3985806,43.593354],[-116.3947687,43.5933746],[-116.3926068,43.5933668],[-116.3912196,43.5933385],[-116.3896845,43.5933731],[-116.3882477,43.5933733],[-116.3848094,43.5933585],[-116.3806827,43.5933549],[-116.3747701,43.5933604],[-116.3721614,43.5933593],[-116.3706089,43.5933794],[-116.3698308,43.5934028],[-116.3689363,43.5934436],[-116.3680359,43.5934995],[-116.3671097,43.5935825],[-116.3661358,43.5936801],[-116.3639767,43.5939946],[-116.3616077,43.5944111],[-116.3594574,43.5949467],[-116.3585944,43.5951617],[-116.3581772,43.5952863],[-116.3578181,43.5953942],[-116.3574634,43.5955002],[-116.3567176,43.5957141],[-116.3562054,43.5958717],[-116.3552305,43.5961578],[-116.3544104,43.5963527],[-116.3538674,43.5964737],[-116.3533254,43.5965837],[-116.3527606,43.5966818],[-116.352071,43.5967965],[-116.3514976,43.5968758],[-116.3509604,43.5969497],[-116.3508114,43.5969657],[-116.3505594,43.5969947],[-116.3500014,43.5970487],[-116.3494394,43.5970917],[-116.3489498,43.597118],[-116.3483114,43.5971507],[-116.3477494,43.5971657],[-116.3469046,43.5971771],[-116.3460203,43.5971843],[-116.3446261,43.5971794],[-116.3432961,43.5971784],[-116.3401434,43.5971828],[-116.3400343,43.5971809],[-116.3292984,43.5971617],[-116.3192364,43.5971547],[-116.3166784,43.5971537],[-116.3128634,43.5971487],[-116.3011609,43.5971616],[-116.2987654,43.5971642],[-116.2977864,43.5971607],[-116.2966254,43.5971457],[-116.2954664,43.5970977],[-116.2945432,43.5970534],[-116.2932603,43.5969153],[-116.2925644,43.5968187],[-116.2917524,43.5967067],[-116.2911385,43.5966087],[-116.288842,43.5961461],[-116.2878774,43.5959007],[-116.2873354,43.5957537],[-116.2856616,43.5952936],[-116.2847309,43.5950412],[-116.2843195,43.5949038],[-116.283852,43.5947285],[-116.283383,43.5945172],[-116.2824991,43.5940659],[-116.2820097,43.5938075],[-116.2793236,43.5924727],[-116.2778124,43.5917367],[-116.2774274,43.5915567],[-116.2751876,43.590502],[-116.2736519,43.5897754],[-116.27333,43.5896232],[-116.2703592,43.5881946],[-116.2698006,43.5879259],[-116.2689505,43.5875152],[-116.2685019,43.5872982],[-116.2670815,43.5866098],[-116.2654387,43.5858164],[-116.262614,43.584418],[-116.261038,43.583653],[-116.258375,43.5823606],[-116.2562437,43.581326],[-116.256081,43.581247],[-116.253624,43.580055],[-116.251432,43.578991],[-116.2500374,43.5783139],[-116.248633,43.577632],[-116.247598,43.577145],[-116.247146,43.576922],[-116.246649,43.576678],[-116.2461819,43.5764936],[-116.2415428,43.5742376],[-116.2402309,43.5736042],[-116.2397248,43.5734031],[-116.2388125,43.5729621],[-116.2378322,43.5725693],[-116.2371507,43.5723673],[-116.2366322,43.5722428],[-116.2360576,43.5721308],[-116.2352768,43.5720201],[-116.2346742,43.5719717],[-116.2341228,43.5719592],[-116.2261112,43.5719384],[-116.2217623,43.5719444],[-116.2216736,43.5719412],[-116.2206722,43.5719051],[-116.2200335,43.5718682],[-116.2194715,43.5718062],[-116.2183371,43.5716745],[-116.2173361,43.5715346],[-116.2158676,43.5712326],[-116.2151503,43.5710863],[-116.214083,43.57082],[-116.2131635,43.5705739],[-116.2117916,43.5702358],[-116.2092113,43.569592],[-116.204232,43.568326],[-116.202921,43.567998],[-116.2021091,43.567783],[-116.2016326,43.5676545],[-116.199405,43.5670935],[-116.1981762,43.5667174],[-116.1971384,43.5663771],[-116.1962643,43.5660969],[-116.1956442,43.5658701],[-116.1949261,43.565565],[-116.1939332,43.5651214],[-116.1929753,43.5646698],[-116.1920303,43.5641587],[-116.1915324,43.5638482],[-116.1905438,43.5632575],[-116.189716,43.562758],[-116.188005,43.561569],[-116.177649,43.554297],[-116.175982,43.553127],[-116.1708895,43.5495206],[-116.1683315,43.5477216],[-116.1657741,43.5459303],[-116.1647686,43.5451769],[-116.1643306,43.5448199],[-116.1641378,43.5446622],[-116.1633146,43.5439553],[-116.162643,43.543371],[-116.161971,43.542734],[-116.1615515,43.5423292],[-116.1610234,43.541781],[-116.160415,43.541132],[-116.159898,43.540552],[-116.1594117,43.5399638],[-116.1591988,43.5397014],[-116.1588722,43.5392856],[-116.1584876,43.5387923],[-116.1580944,43.538238],[-116.1578919,43.5379468],[-116.1575741,43.5374789],[-116.1571941,43.5369028],[-116.1567507,43.5361679],[-116.1564016,43.5355573],[-116.1561039,43.5350025],[-116.1557158,43.5342151],[-116.1554451,43.5336343],[-116.1551894,43.5330687],[-116.154883,43.5323921],[-116.1544441,43.5314273],[-116.1542911,43.531087],[-116.153395,43.529109],[-116.150695,43.523084],[-116.150292,43.522185],[-116.149803,43.521097],[-116.1473872,43.5156621],[-116.1455284,43.5115986],[-116.1443318,43.509329],[-116.1430669,43.5074124],[-116.141831,43.505838],[-116.140025,43.503724],[-116.127415,43.492195],[-116.12453,43.489704],[-116.121303,43.487218],[-116.119,43.485643],[-116.111926,43.481311],[-116.1102334,43.4802193],[-116.108946,43.479324],[-116.10736,43.4781],[-116.105512,43.476487],[-116.10516,43.476153],[-116.104869,43.475782],[-116.104141,43.475133],[-116.1016076,43.4723908],[-116.09941,43.470012],[-116.096301,43.466761],[-116.0954077,43.4659814],[-116.094525,43.465211],[-116.0924077,43.4631992],[-116.0920548,43.4628519],[-116.0899379,43.4608587],[-116.08755,43.458657],[-116.0872701,43.4583958],[-116.086887,43.4580383],[-116.074929,43.446878],[-116.0702454,43.4424642],[-116.069269,43.441544],[-116.0657979,43.4381899],[-116.064142,43.43659],[-116.060825,43.433586],[-116.059767,43.432755],[-116.058177,43.431702],[-116.0522988,43.4284275],[-116.0399864,43.4214518],[-116.0363827,43.419425],[-116.032571,43.417304],[-116.0304294,43.4158694],[-116.0273881,43.4131795],[-116.0247393,43.4107409],[-116.0220482,43.4083402],[-116.0204706,43.4068087],[-116.0189114,43.4052988],[-116.0159383,43.4025924],[-116.0147981,43.4016138],[-116.0129909,43.3998649],[-116.0035643,43.3910561],[-116.0034298,43.390935],[-116.0011719,43.3889342],[-116.0001708,43.3880019],[-115.9944623,43.3826596],[-115.97186,43.3618],[-115.964509,43.354927],[-115.962985,43.353568],[-115.956213,43.347272],[-115.950897,43.342297],[-115.949158,43.340763],[-115.947779,43.339422],[-115.938918,43.331233],[-115.937502,43.32987],[-115.918741,43.312511],[-115.917346,43.311122],[-115.9137178,43.3077694],[-115.903619,43.298451],[-115.899656,43.294655],[-115.893469,43.28896],[-115.884516,43.280553],[-115.8720273,43.2689293],[-115.8717971,43.2687151],[-115.867936,43.265121],[-115.857029,43.254983],[-115.853329,43.251653],[-115.851261,43.249671],[-115.839194,43.23847],[-115.829879,43.229728],[-115.828225,43.22825],[-115.824887,43.225069],[-115.822073,43.222496],[-115.81251,43.213508],[-115.809664,43.210931],[-115.794828,43.197],[-115.788621,43.191234],[-115.785667,43.188677],[-115.78245,43.18628],[-115.779096,43.184101],[-115.777605,43.183223],[-115.775115,43.181877],[-115.772409,43.180566],[-115.770998,43.179921],[-115.768258,43.178802],[-115.766537,43.178157],[-115.764234,43.177368],[-115.760231,43.176175],[-115.7572935,43.1754788],[-115.7571553,43.1754462],[-115.755827,43.17513],[-115.755332,43.175016],[-115.754707,43.174898],[-115.754165,43.174786],[-115.751982,43.174392],[-115.751532,43.174298],[-115.75069,43.174157],[-115.74954,43.173984],[-115.748532,43.173802],[-115.745073,43.173176],[-115.744934,43.173151],[-115.742421,43.172713],[-115.737156,43.171752],[-115.735329,43.171397],[-115.73219,43.170739],[-115.731123,43.170496],[-115.72963,43.17017],[-115.728338,43.169908],[-115.72745,43.169715],[-115.722793,43.168703],[-115.72083,43.168297],[-115.719389,43.167957],[-115.718156,43.167698],[-115.717243,43.167466],[-115.717051,43.167416],[-115.715935,43.167122],[-115.714018,43.166575],[-115.713019,43.166243],[-115.711653,43.165757],[-115.707024,43.164001],[-115.704591,43.163035],[-115.703277,43.162504],[-115.702528,43.162209],[-115.701677,43.161873],[-115.700778,43.161491],[-115.700469,43.16136],[-115.6974935,43.1600814],[-115.695555,43.159184],[-115.695382,43.159105],[-115.693722,43.158335],[-115.693566,43.158258],[-115.692196,43.157585],[-115.691131,43.15705],[-115.690044,43.15649],[-115.689972,43.156453],[-115.687902,43.155356],[-115.687492,43.155139],[-115.684814,43.153752],[-115.684029,43.153341],[-115.682611,43.152598],[-115.681562,43.152043],[-115.679134,43.150758],[-115.67832,43.150316],[-115.677358,43.14979],[-115.676962,43.149565],[-115.676296,43.149172],[-115.675403,43.148646],[-115.673986,43.147725],[-115.673459,43.147362],[-115.67264,43.146797],[-115.671499,43.14599],[-115.671187,43.145756],[-115.6711,43.145691],[-115.669951,43.144829],[-115.66825,43.143458],[-115.6675343,43.142826],[-115.665789,43.141229],[-115.665469,43.140893],[-115.6639555,43.1393548],[-115.6636893,43.139069],[-115.662688,43.137945],[-115.662309,43.137512],[-115.661403,43.136476],[-115.660683,43.135639],[-115.659172,43.133888],[-115.658827,43.133488],[-115.654117,43.128029],[-115.652768,43.12649],[-115.652663,43.12637],[-115.651114,43.124551],[-115.649944,43.123192],[-115.648843,43.121914],[-115.64649,43.119199],[-115.643844,43.116113],[-115.642678,43.114786],[-115.642123,43.114181],[-115.641776,43.11383],[-115.640973,43.113045],[-115.640785,43.112872],[-115.640004,43.11215],[-115.638972,43.111261],[-115.638442,43.110831],[-115.637763,43.110301],[-115.627715,43.102837],[-115.626353,43.101826],[-115.625616,43.101239],[-115.624859,43.100588],[-115.623986,43.09978],[-115.623285,43.099062],[-115.622546,43.09822],[-115.622219,43.097818],[-115.621953,43.097463],[-115.6215268,43.0969376],[-115.621472,43.09687],[-115.620937,43.096149],[-115.620726,43.095887],[-115.620589,43.095736],[-115.620491,43.095605],[-115.620251,43.095283],[-115.619558,43.094414],[-115.619293,43.094053],[-115.618483,43.093007],[-115.617864,43.092206],[-115.617365,43.091546],[-115.617062,43.091104],[-115.616728,43.090644],[-115.616469,43.090398],[-115.615278,43.088876],[-115.615005,43.088519],[-115.613654,43.086771],[-115.612524,43.08532],[-115.611904,43.084491],[-115.611622,43.084073],[-115.611211,43.083573],[-115.610116,43.082177],[-115.609712,43.081687],[-115.609282,43.081124],[-115.608912,43.080668],[-115.6084323,43.0800384],[-115.607997,43.079467],[-115.607516,43.078867],[-115.605697,43.076508],[-115.605143,43.075823],[-115.6046,43.075131],[-115.603692,43.07404],[-115.603222,43.073519],[-115.602809,43.073043],[-115.602273,43.072446],[-115.598189,43.068053],[-115.597204,43.067042],[-115.5967,43.066485],[-115.593005,43.062544],[-115.592981,43.062502],[-115.592376,43.061868],[-115.591293,43.060687],[-115.590438,43.059787],[-115.589378,43.058652],[-115.588792,43.058],[-115.587985,43.057139],[-115.587146,43.056261],[-115.586969,43.056076],[-115.58594,43.054959],[-115.58424,43.053155],[-115.58321,43.052026],[-115.582445,43.051202],[-115.581629,43.050346],[-115.580894,43.04954],[-115.575,43.04322],[-115.574364,43.042538],[-115.573734,43.041873],[-115.573367,43.041466],[-115.573141,43.041216],[-115.572056,43.04008],[-115.5702,43.038068],[-115.568867,43.036676],[-115.568244,43.035984],[-115.565537,43.0331],[-115.564991,43.032476],[-115.564465,43.031857],[-115.563989,43.031256],[-115.563543,43.030658],[-115.563131,43.030065],[-115.56198,43.028337],[-115.560884,43.026604],[-115.559986,43.025248],[-115.559821,43.024987],[-115.557233,43.02089],[-115.556425,43.019654],[-115.555544,43.018235],[-115.55415,43.01608],[-115.553447,43.014959],[-115.551752,43.012329],[-115.551167,43.011497],[-115.55001,43.010093],[-115.549433,43.009448],[-115.548622,43.008635],[-115.548055,43.008109],[-115.547226,43.007372],[-115.546482,43.006781],[-115.545641,43.006145],[-115.544696,43.005493],[-115.543699,43.004838],[-115.54131,43.003474],[-115.540817,43.003185],[-115.540051,43.002755],[-115.539709,43.002552],[-115.539251,43.002261],[-115.538779,43.001921],[-115.538407,43.001634],[-115.537787,43.001086],[-115.536646,43],[-115.536246,42.999611],[-115.53605,42.999419],[-115.535047,42.998443],[-115.533679,42.997131],[-115.531611,42.995149],[-115.531466,42.995025],[-115.530993,42.994617],[-115.530081,42.993828],[-115.529195,42.993137],[-115.525283,42.99019],[-115.516269,42.983469],[-115.515596,42.982953],[-115.514371,42.982053],[-115.513443,42.981356],[-115.5124,42.9806],[-115.511757,42.980092],[-115.51115,42.979677],[-115.510235,42.978958],[-115.509592,42.978491],[-115.508846,42.977924],[-115.508144,42.977344],[-115.507423,42.976786],[-115.50686,42.97633],[-115.505297,42.975099],[-115.504188,42.974246],[-115.502995,42.973301],[-115.501887,42.972407],[-115.497379,42.968865],[-115.496229,42.96797],[-115.495666,42.967482],[-115.495651,42.96747],[-115.492445,42.964968],[-115.49034,42.963299],[-115.489744,42.96283],[-115.489409,42.962567],[-115.488919,42.962156],[-115.487323,42.960907],[-115.486545,42.960318],[-115.485806,42.959861],[-115.48518,42.959525],[-115.4841904,42.9591095],[-115.483598,42.958907],[-115.482696,42.95865],[-115.481044,42.958343],[-115.480399,42.958282],[-115.479832,42.958262],[-115.478476,42.958284],[-115.477822,42.958285],[-115.4725737,42.9583921],[-115.470076,42.958443],[-115.46846,42.958463],[-115.467851,42.958477],[-115.464532,42.958553],[-115.462832,42.95859],[-115.462376,42.958603],[-115.461425,42.958629],[-115.460516,42.958654],[-115.460212,42.958643],[-115.459132,42.958641],[-115.458648,42.958631],[-115.457895,42.958593],[-115.457336,42.958565],[-115.455621,42.958444],[-115.455027,42.958387],[-115.454656,42.958351],[-115.453484,42.9582],[-115.452882,42.958097],[-115.4514577,42.9578269],[-115.451284,42.957794],[-115.450493,42.957609],[-115.450427,42.957592],[-115.449855,42.957447],[-115.448584,42.957084],[-115.44733,42.956702],[-115.447008,42.956575],[-115.446272,42.956317],[-115.445145,42.955861],[-115.444791,42.955681],[-115.44445,42.955529],[-115.44421,42.955422],[-115.442825,42.954766],[-115.441822,42.954198],[-115.440613,42.953533],[-115.438614,42.952455],[-115.437418,42.951777],[-115.435954,42.950981],[-115.434034,42.949916],[-115.431333,42.948463],[-115.430665,42.948148],[-115.430496,42.948077],[-115.429471,42.947647],[-115.428902,42.947422],[-115.4280485,42.9471404],[-115.4273932,42.9469391],[-115.427062,42.946846],[-115.426032,42.946576],[-115.42509,42.946361],[-115.423902,42.946127],[-115.422542,42.945954],[-115.421956,42.945892],[-115.419519,42.945736],[-115.4189851,42.9457284],[-115.418678,42.945724],[-115.414416,42.945593],[-115.411249,42.945513],[-115.409392,42.945508],[-115.408668,42.94555],[-115.407889,42.945608],[-115.406678,42.945724],[-115.405151,42.945963],[-115.403462,42.946307],[-115.402006,42.946631],[-115.398919,42.947288],[-115.398263,42.947412],[-115.396347,42.947748],[-115.395378,42.947891],[-115.394499,42.948011],[-115.389554,42.948516],[-115.389088,42.948579],[-115.388381,42.948726],[-115.387508,42.948958],[-115.386579,42.949268],[-115.386002,42.949483],[-115.384995,42.949988],[-115.384174,42.950411],[-115.382423,42.951365],[-115.381277,42.951971],[-115.379976,42.952674],[-115.379051,42.953147],[-115.378305,42.953541],[-115.377576,42.953908],[-115.37691,42.954212],[-115.376046,42.95455],[-115.375001,42.954928],[-115.374861,42.954966],[-115.374731,42.955002],[-115.374392,42.955112],[-115.37381,42.955281],[-115.372305,42.955664],[-115.369109,42.95644],[-115.36793,42.956726],[-115.367041,42.956948],[-115.365166,42.9574045],[-115.3643781,42.9575269],[-115.363604,42.957592],[-115.362606,42.957633],[-115.361915,42.957626],[-115.36116,42.957567],[-115.359887,42.957443],[-115.359385,42.957404],[-115.358124,42.957289],[-115.357452,42.957238],[-115.357073,42.957191],[-115.356401,42.957149],[-115.355256,42.95711],[-115.353311,42.957123],[-115.352671,42.957127],[-115.351743,42.957181],[-115.350638,42.957294],[-115.349237,42.957515],[-115.348352,42.957727],[-115.347643,42.957912],[-115.34724,42.95804],[-115.347079,42.958091],[-115.346258,42.958374],[-115.345798,42.958551],[-115.344857,42.958955],[-115.336046,42.962626],[-115.334325,42.963359],[-115.33403,42.963478],[-115.332888,42.963936],[-115.331998,42.964196],[-115.331123,42.964363],[-115.330518,42.964422],[-115.329931,42.964448],[-115.329424,42.964428],[-115.329198,42.964414],[-115.3289,42.964395],[-115.328482,42.964341],[-115.326043,42.963961],[-115.324855,42.963761],[-115.324689,42.963733],[-115.321214,42.963177],[-115.319202,42.962878],[-115.318503,42.962786],[-115.318431,42.962777],[-115.3172278,42.9625794],[-115.316476,42.962456],[-115.314708,42.962189],[-115.314003,42.962066],[-115.313258,42.961949],[-115.312502,42.961818],[-115.31122,42.961614],[-115.308735,42.9612347],[-115.3082492,42.9611605],[-115.306819,42.960916],[-115.304367,42.960547],[-115.302735,42.960283],[-115.301346,42.96009],[-115.300728,42.960023],[-115.299916,42.959935],[-115.299521,42.959901],[-115.298512,42.959814],[-115.298325,42.959801],[-115.296951,42.959704],[-115.295993,42.959672],[-115.294572,42.959651],[-115.29429,42.959647],[-115.29313,42.95963],[-115.291481,42.959697],[-115.290607,42.95974],[-115.290373,42.95976],[-115.289771,42.95981],[-115.289652,42.959818],[-115.288501,42.959898],[-115.2871583,42.9599937],[-115.2855454,42.9600917],[-115.2849079,42.9601348],[-115.2841285,42.960176],[-115.283127,42.9602278],[-115.282639,42.960253],[-115.2819135,42.9603172],[-115.2776001,42.9605818],[-115.276937,42.960602],[-115.275941,42.9606554],[-115.275705,42.960668],[-115.274827,42.960743],[-115.273739,42.960799],[-115.271971,42.960913],[-115.270858,42.960974],[-115.2697,42.961052],[-115.268286,42.961131],[-115.267718,42.961183],[-115.26671,42.961229],[-115.266103,42.961274],[-115.264552,42.961369],[-115.263413,42.961453],[-115.262508,42.961563],[-115.261682,42.961703],[-115.260814,42.961884],[-115.259925,42.96213],[-115.259376,42.962298],[-115.259224,42.962344],[-115.25878,42.962506],[-115.258294,42.962683],[-115.257617,42.962972],[-115.25689,42.963312],[-115.25626,42.963659],[-115.255366,42.964152],[-115.254499,42.964609],[-115.253715,42.964969],[-115.252531,42.9654],[-115.25096,42.965839],[-115.249832,42.966163],[-115.248119,42.966656],[-115.247407,42.966867],[-115.245778,42.967322],[-115.245073,42.967511],[-115.244368,42.967727],[-115.243808,42.96788],[-115.243024,42.96808],[-115.242813,42.968143],[-115.241964,42.968399],[-115.241343,42.968551],[-115.240995,42.968642],[-115.240582,42.968749],[-115.240058,42.968905],[-115.237814,42.969527],[-115.236747,42.969843],[-115.235347,42.970232],[-115.232481,42.971012],[-115.231818,42.971209],[-115.2301,42.971687],[-115.229041,42.97196],[-115.227981,42.972274],[-115.227383,42.9724],[-115.226527,42.972594],[-115.2253202,42.9728316],[-115.225232,42.972849],[-115.223942,42.973073],[-115.222671,42.973277],[-115.221007,42.973473],[-115.220473,42.973542],[-115.219846,42.973594],[-115.218896,42.973671],[-115.217192,42.973763],[-115.216285,42.973802],[-115.215365,42.973802],[-115.215169,42.973806],[-115.214668,42.973818],[-115.212929,42.973836],[-115.212083,42.973847],[-115.210789,42.973846],[-115.208755,42.97387],[-115.207455,42.97381],[-115.206136,42.973692],[-115.20485,42.973524],[-115.2047234,42.9735046],[-115.20417,42.97342],[-115.203582,42.973311],[-115.202782,42.973147],[-115.202009,42.972968],[-115.20121,42.972763],[-115.200002,42.972399],[-115.199267,42.972146],[-115.198471,42.971859],[-115.197695,42.97154],[-115.197105,42.97128],[-115.196234,42.970876],[-115.195891,42.970709],[-115.194937,42.970185],[-115.194889,42.970156],[-115.194321,42.969811],[-115.193605,42.969351],[-115.193055,42.968971],[-115.192287,42.96839],[-115.191529,42.967801],[-115.189691,42.966099],[-115.189183,42.965611],[-115.188648,42.965139],[-115.187999,42.964548],[-115.187428,42.963982],[-115.186817,42.96341],[-115.186374,42.962949],[-115.186253,42.962835],[-115.18583,42.962436],[-115.185142,42.961829],[-115.183841,42.960642],[-115.183108,42.95994],[-115.182336,42.959237],[-115.181814,42.95879],[-115.181183,42.958323],[-115.180535,42.957889],[-115.1799198,42.9575998],[-115.1795325,42.9573985],[-115.1791193,42.9571941],[-115.1786167,42.9569655],[-115.1780316,42.9567229],[-115.1774308,42.956507],[-115.1768074,42.9563022],[-115.1762807,42.9561508],[-115.1757425,42.9560192],[-115.1753318,42.955922],[-115.1749145,42.955841],[-115.1740624,42.9557002],[-115.1732436,42.9556012],[-115.1721752,42.9555081],[-115.1687764,42.955246],[-115.1669761,42.9550645],[-115.164917,42.9549432],[-115.1587347,42.954467],[-115.157561,42.954375],[-115.1549061,42.954167],[-115.1516531,42.9539062],[-115.1495209,42.9537391],[-115.1474917,42.953583],[-115.1440955,42.9533197],[-115.1422385,42.9531714],[-115.1402481,42.9530166],[-115.1372194,42.9527829],[-115.1324485,42.9524109],[-115.1302797,42.9522381],[-115.129036,42.952098],[-115.128584,42.952065],[-115.127383,42.951963],[-115.126478,42.951907],[-115.124525,42.951735],[-115.122708,42.95154],[-115.120768,42.951231],[-115.119502,42.951002],[-115.117962,42.950665],[-115.115934,42.95019],[-115.11213,42.94918],[-115.110971,42.948884],[-115.109334,42.948449],[-115.107662,42.947979],[-115.104043,42.947012],[-115.100492,42.946063],[-115.09806,42.945422],[-115.097215,42.945182],[-115.095355,42.944654],[-115.09231,42.943888],[-115.090484,42.943391],[-115.08996,42.943241],[-115.08684,42.942394],[-115.0862858,42.9422463],[-115.082122,42.941118],[-115.080398,42.9406429],[-115.078071,42.940029],[-115.076277,42.939548],[-115.075753,42.939421],[-115.074776,42.939199],[-115.074041,42.939047],[-115.073195,42.938859],[-115.072263,42.938688],[-115.070656,42.938424],[-115.069708,42.938284],[-115.068619,42.938147],[-115.067392,42.938029],[-115.06595,42.937918],[-115.065211,42.937873],[-115.063916,42.937819],[-115.063564,42.937796],[-115.063125,42.937789],[-115.060729,42.937789],[-115.058231,42.937803],[-115.057068,42.937799],[-115.055533,42.937817],[-115.052754,42.937816],[-115.05107,42.937825],[-115.049462,42.937816],[-115.046214,42.93782],[-115.045392,42.937838],[-115.04008,42.93784],[-115.035006,42.937857],[-115.022897,42.937881],[-115.01872,42.937903],[-115.017003,42.937897],[-115.012702,42.937913],[-115.008541,42.937922],[-115.007607,42.93791],[-115.001422,42.937933],[-115.000446,42.937921],[-114.999262,42.937853],[-114.99876,42.93782],[-114.997772,42.937712],[-114.997405,42.937637],[-114.996641,42.937456],[-114.995127,42.9369],[-114.98949,42.934811]],[[-116.913974,43.974609],[-116.9139664,43.9752707],[-116.9139518,43.9766024],[-116.913934,43.978203],[-116.913933,43.980467],[-116.913924,43.981859],[-116.913901,43.983091],[-116.913867,43.985436],[-116.913848,43.987306],[-116.913821,43.990074],[-116.9138178,43.9905088],[-116.91381,43.990928],[-116.913748,43.99268],[-116.91373,43.996355],[-116.913738,43.997216],[-116.913757,43.997776],[-116.913885,43.998383],[-116.9140047,43.9986235],[-116.9141595,43.9989344],[-116.914294,43.999212],[-116.914508,43.999512],[-116.91496,44.00001],[-116.915361,44.000306],[-116.916208,44.000816],[-116.91695,44.001117],[-116.917783,44.001361],[-116.918797,44.001642],[-116.919234,44.001757],[-116.9193703,44.0017925],[-116.919576,44.001846],[-116.920565,44.002155],[-116.921115,44.002416],[-116.921722,44.00273],[-116.921881,44.002851],[-116.922337,44.003199],[-116.922919,44.003835],[-116.9230287,44.0039977],[-116.923033,44.004004],[-116.923271,44.004355],[-116.923414,44.004599],[-116.923476,44.004706],[-116.923711,44.005362],[-116.923771,44.005824],[-116.923804,44.006502],[-116.923799,44.007345],[-116.923781,44.007847],[-116.923774,44.00885],[-116.923751,44.009611],[-116.923768,44.009895],[-116.923754,44.010959],[-116.923748,44.011291],[-116.9237423,44.0114318],[-116.9237114,44.0122007],[-116.923681,44.0129572],[-116.923668,44.01328],[-116.923637,44.013702],[-116.923634,44.014594],[-116.9236347,44.0152813],[-116.923635,44.015575],[-116.9236345,44.0156006],[-116.9235899,44.0178296],[-116.92358,44.018327],[-116.9235785,44.0183619],[-116.923536,44.01938],[-116.9235007,44.020582],[-116.923495,44.020777],[-116.923494,44.021791],[-116.923485,44.0220334],[-116.923459,44.022736],[-116.9234381,44.0230227],[-116.923395,44.023614],[-116.9234016,44.025287],[-116.9234016,44.0254485],[-116.9235507,44.025447]]]}},{"type":"Feature","properties":{"name":"US 30 (WY)","ref":"US 30","routeRef":"US 30","routeTier":"major","routeTensDigit":3,"routeOnesDigit":"even"},"geometry":{"type":"LineString","coordinates":[[-111.04732,42.21343],[-111.04675,42.2134],[-111.04666,42.21337],[-111.04664,42.21336],[-111.04659,42.21336],[-111.04507,42.21325],[-111.04483,42.21324],[-111.04219,42.21306],[-111.04181,42.21302],[-111.04127,42.21293],[-111.04032,42.21271],[-111.0403,42.21271],[-111.04028,42.2127],[-111.04013,42.2127],[-111.03979,42.21258],[-111.03926,42.21237],[-111.03895,42.21222],[-111.03892,42.21221],[-111.03856,42.21202],[-111.03824,42.21184],[-111.03816,42.2118],[-111.03806,42.21174],[-111.03784,42.21157],[-111.03765,42.21144],[-111.03745,42.21128],[-111.03722,42.21107],[-111.03717,42.21101],[-111.03684,42.21065],[-111.0358,42.2094],[-111.03521,42.20872],[-111.03437,42.2077],[-111.0336,42.20679],[-111.03349,42.20665],[-111.02734,42.19929],[-111.02708,42.19899],[-111.02586,42.1975],[-111.02536,42.19691],[-111.02524,42.19676],[-111.02423,42.1956],[-111.0219,42.19279],[-111.02178,42.19263],[-111.02057,42.19128],[-111.02016,42.19085],[-111.01938,42.19008],[-111.0182,42.18901],[-111.01804,42.18888],[-111.01772,42.1886],[-111.01452,42.1859],[-111.01389,42.18535],[-111.0107,42.18265],[-111.0092,42.18142],[-111.0081,42.18058],[-111.00736,42.18007],[-111.00657,42.1796],[-111.00586,42.17916],[-111.00561,42.17902],[-111.00145,42.17688],[-111.00125,42.17677],[-110.99845,42.17535],[-110.99719,42.17469],[-110.9966,42.17436],[-110.99639,42.17423],[-110.99636,42.17422],[-110.9959,42.17392],[-110.99515,42.17337],[-110.99502,42.17326],[-110.99478,42.17307],[-110.99426,42.1726],[-110.99405,42.1724],[-110.99363,42.17195],[-110.99352,42.17181],[-110.99343,42.17171],[-110.99305,42.1712],[-110.99285,42.17091],[-110.99281,42.17087],[-110.99179,42.16933],[-110.99101,42.16811],[-110.98763,42.16297],[-110.98657,42.16131],[-110.98363,42.15687],[-110.98343,42.15655],[-110.9788,42.14947],[-110.9787,42.1493],[-110.97833,42.14874],[-110.97828,42.14865],[-110.97796,42.14817],[-110.97723,42.14703],[-110.9772,42.14699],[-110.975,42.14364],[-110.97498,42.1436],[-110.97451,42.14295],[-110.97414,42.14251],[-110.97326,42.14153],[-110.97228,42.14049],[-110.97187,42.14003],[-110.97127,42.13929],[-110.97087,42.13872],[-110.97062,42.13831],[-110.97032,42.13779],[-110.97004,42.13727],[-110.97003,42.13726],[-110.9699,42.13702],[-110.96962,42.13639],[-110.96958,42.13629],[-110.96942,42.1358],[-110.96922,42.13505],[-110.96907,42.13433],[-110.96895,42.13359],[-110.96856,42.13092],[-110.96853,42.13067],[-110.96845,42.13016],[-110.96841,42.12967],[-110.9684,42.12895],[-110.96845,42.1275],[-110.96854,42.12636],[-110.96854,42.12567],[-110.96853,42.12553],[-110.96853,42.12532],[-110.96848,42.12476],[-110.96844,42.12449],[-110.96836,42.12416],[-110.96824,42.12383],[-110.96808,42.12348],[-110.96789,42.12313],[-110.96787,42.12308],[-110.96776,42.12291],[-110.96742,42.1225],[-110.96727,42.12235],[-110.96699,42.1221],[-110.9668,42.12195],[-110.96497,42.12069],[-110.9625,42.11915],[-110.96098,42.11814],[-110.96027,42.1176],[-110.95932,42.11673],[-110.95904,42.11642],[-110.9587,42.11594],[-110.95836,42.11539],[-110.95822,42.11512],[-110.95786,42.11447],[-110.95779,42.11433],[-110.95729,42.11342],[-110.95689,42.11263],[-110.95662,42.11212],[-110.95636,42.1116],[-110.95622,42.11127],[-110.95613,42.11108],[-110.95582,42.11029],[-110.95569,42.10992],[-110.95395,42.10391],[-110.95184,42.09644],[-110.95153,42.09544],[-110.95012,42.09131],[-110.95006,42.09116],[-110.94941,42.08893],[-110.94662,42.07871],[-110.94661,42.07866],[-110.94618,42.07719],[-110.94566,42.07525],[-110.94536,42.07419],[-110.94508,42.07312],[-110.94493,42.07259],[-110.94477,42.0721],[-110.94464,42.07175],[-110.94444,42.07136],[-110.94426,42.07107],[-110.94425,42.07106],[-110.94404,42.07077],[-110.9438,42.07047],[-110.94332,42.07001],[-110.94256,42.06943],[-110.9417,42.06884],[-110.9416,42.06876],[-110.93931,42.06718],[-110.93874,42.06676],[-110.93835,42.06646],[-110.93823,42.06636],[-110.93802,42.06615],[-110.93772,42.06583],[-110.9376,42.06567],[-110.93753,42.0656],[-110.93719,42.06515],[-110.93704,42.06489],[-110.93703,42.06488],[-110.93694,42.06471],[-110.93672,42.06433],[-110.93646,42.06385],[-110.93609,42.0632],[-110.93586,42.06276],[-110.93527,42.06172],[-110.9347,42.06088],[-110.93429,42.0604],[-110.93388,42.05998],[-110.93362,42.05974],[-110.93292,42.05905],[-110.93264,42.05875],[-110.93251,42.05858],[-110.93235,42.0584],[-110.93225,42.05826],[-110.93222,42.05821],[-110.93198,42.05787],[-110.93192,42.05776],[-110.93184,42.05763],[-110.93175,42.05744],[-110.93172,42.05739],[-110.93154,42.05694],[-110.93149,42.05676],[-110.93145,42.05657],[-110.93139,42.05621],[-110.93138,42.05609],[-110.93136,42.05558],[-110.93127,42.0483],[-110.93154,42.03913],[-110.93158,42.03826],[-110.93176,42.03702],[-110.9319,42.03633],[-110.93237,42.03453],[-110.9324,42.0343],[-110.93243,42.03415],[-110.93248,42.03363],[-110.9325,42.03306],[-110.93251,42.02852],[-110.93259,42.02391],[-110.93265,42.0232],[-110.9327,42.0229],[-110.93282,42.02241],[-110.93308,42.02154],[-110.93326,42.02112],[-110.93367,42.02031],[-110.93407,42.01969],[-110.93466,42.01887],[-110.93578,42.01746],[-110.93596,42.01721],[-110.93609,42.01701],[-110.93637,42.01655],[-110.93681,42.01563],[-110.93696,42.01521],[-110.93709,42.01464],[-110.93714,42.01435],[-110.93718,42.01405],[-110.9372,42.01315],[-110.93716,42.00135],[-110.93717,42.00035],[-110.93723,41.99952],[-110.9373,41.9991],[-110.93738,41.99875],[-110.93754,41.99827],[-110.93782,41.99763],[-110.93802,41.99713],[-110.93828,41.99653],[-110.93829,41.9965],[-110.93875,41.9955],[-110.93965,41.99401],[-110.93977,41.99385],[-110.94143,41.99144],[-110.94162,41.99106],[-110.94175,41.99074],[-110.94184,41.99048],[-110.94191,41.99024],[-110.94198,41.98984],[-110.94199,41.98975],[-110.94201,41.98965],[-110.94203,41.98871],[-110.94203,41.98341],[-110.94205,41.98231],[-110.94207,41.98202],[-110.9421,41.98177],[-110.94226,41.98113],[-110.94228,41.98109],[-110.94239,41.98068],[-110.94326,41.97788],[-110.94342,41.97741],[-110.94399,41.9756],[-110.94443,41.97465],[-110.9452,41.97332],[-110.94529,41.97315],[-110.94646,41.97117],[-110.94699,41.97032],[-110.94724,41.96986],[-110.94725,41.96985],[-110.9474,41.96955],[-110.9475,41.96931],[-110.94764,41.96892],[-110.94773,41.96855],[-110.94779,41.96812],[-110.94781,41.96776],[-110.94782,41.96771],[-110.94787,41.96251],[-110.94791,41.96038],[-110.94792,41.95623],[-110.948,41.95542],[-110.94804,41.95521],[-110.9482,41.95471],[-110.9483,41.95446],[-110.94844,41.95418],[-110.95224,41.94809],[-110.95235,41.94789],[-110.95259,41.94732],[-110.95268,41.94708],[-110.95274,41.94682],[-110.95276,41.9467],[-110.95279,41.94658],[-110.95281,41.94624],[-110.9528,41.93871],[-110.95282,41.93838],[-110.95285,41.93812],[-110.95295,41.93765],[-110.95301,41.93745],[-110.9531,41.93711],[-110.95422,41.9336],[-110.95422,41.93359],[-110.95435,41.93315],[-110.95449,41.9326],[-110.95466,41.93166],[-110.95472,41.93121],[-110.95474,41.931],[-110.95477,41.93019],[-110.95478,41.92906],[-110.95477,41.92853],[-110.95483,41.92494],[-110.95483,41.92221],[-110.95492,41.91624],[-110.95492,41.91438],[-110.95494,41.9133],[-110.95493,41.91268],[-110.95494,41.9124],[-110.95494,41.91222],[-110.95495,41.91204],[-110.95495,41.9118],[-110.95513,41.91056],[-110.95522,41.91008],[-110.95533,41.90966],[-110.96592,41.8762],[-110.96688,41.87309],[-110.96936,41.86535],[-110.9705,41.86166],[-110.97054,41.86149],[-110.97068,41.86098],[-110.97089,41.86008],[-110.971,41.85953],[-110.97222,41.85195],[-110.97231,41.85151],[-110.97248,41.85081],[-110.97272,41.85003],[-110.97372,41.84733],[-110.97469,41.84484],[-110.97538,41.84294],[-110.97564,41.84228],[-110.97642,41.84042],[-110.98345,41.8249],[-110.98354,41.82468],[-110.98369,41.82427],[-110.9838,41.82394],[-110.98385,41.82376],[-110.98395,41.82344],[-110.98406,41.82305],[-110.98421,41.82231],[-110.98431,41.82173],[-110.98449,41.82053],[-110.98452,41.82016],[-110.98453,41.82008],[-110.98453,41.81993],[-110.98454,41.81976],[-110.98454,41.81959],[-110.98453,41.81945],[-110.98448,41.81901],[-110.98444,41.81882],[-110.98441,41.81871],[-110.98439,41.8186],[-110.98437,41.81852],[-110.98433,41.8184],[-110.98431,41.81835],[-110.98427,41.8182],[-110.98423,41.81809],[-110.98418,41.81797],[-110.98418,41.81796],[-110.98417,41.81793],[-110.98415,41.81789],[-110.98405,41.81764],[-110.98403,41.81751],[-110.98401,41.81745],[-110.98367,41.81683],[-110.98346,41.81652],[-110.9832,41.81618],[-110.98296,41.81589],[-110.98267,41.81556],[-110.98213,41.81509],[-110.9819,41.81491],[-110.98161,41.8147],[-110.98127,41.81447],[-110.98097,41.81429],[-110.98038,41.81398],[-110.98015,41.81387],[-110.97941,41.81356],[-110.97878,41.81335],[-110.97864,41.81331],[-110.97846,41.81327],[-110.97813,41.81318],[-110.97801,41.81316],[-110.97515,41.81246],[-110.97435,41.8123],[-110.97406,41.81225],[-110.97314,41.81213],[-110.97309,41.81213],[-110.97269,41.81209],[-110.97174,41.81204],[-110.97031,41.81204],[-110.97025,41.81205],[-110.96977,41.81207],[-110.96959,41.81209],[-110.96932,41.81211],[-110.96886,41.81216],[-110.96835,41.81224],[-110.96834,41.81224],[-110.96744,41.8124],[-110.96718,41.81246],[-110.96717,41.81246],[-110.96706,41.81248],[-110.96673,41.81256],[-110.96586,41.81281],[-110.96555,41.81291],[-110.96507,41.81308],[-110.96312,41.81383],[-110.95015,41.81894],[-110.94975,41.81908],[-110.94944,41.8192],[-110.94873,41.81945],[-110.94838,41.81956],[-110.94822,41.81962],[-110.94657,41.82014],[-110.94496,41.82058],[-110.94382,41.82086],[-110.9396,41.82175],[-110.9239,41.82491],[-110.92193,41.82529],[-110.92145,41.82537],[-110.92044,41.82549],[-110.91987,41.82554],[-110.91884,41.82558],[-110.91859,41.82558],[-110.9181,41.82556],[-110.91794,41.82556],[-110.91747,41.82553],[-110.91737,41.82553],[-110.91713,41.82551],[-110.9171,41.82551],[-110.91612,41.82542],[-110.90386,41.82405],[-110.90373,41.82403],[-110.90282,41.82393],[-110.9023,41.82386],[-110.90217,41.82385],[-110.89934,41.82346],[-110.8901,41.82211],[-110.89001,41.82209],[-110.8899,41.82208],[-110.88936,41.822],[-110.88886,41.82195],[-110.88833,41.82191],[-110.88804,41.8219],[-110.88705,41.82189],[-110.88669,41.8219],[-110.88609,41.82195],[-110.88603,41.82195],[-110.88565,41.82199],[-110.88561,41.822],[-110.88465,41.82212],[-110.88424,41.82218],[-110.88347,41.82227],[-110.88344,41.82227],[-110.88257,41.82239],[-110.88217,41.82243],[-110.88062,41.82263],[-110.88045,41.82266],[-110.88038,41.82266],[-110.879,41.82283],[-110.87895,41.82284],[-110.87799,41.82294],[-110.87727,41.82299],[-110.87655,41.82301],[-110.87642,41.82302],[-110.87454,41.82302],[-110.87414,41.82301],[-110.87366,41.82301],[-110.87212,41.82297],[-110.86221,41.82282],[-110.86101,41.82284],[-110.86042,41.82288],[-110.86039,41.82288],[-110.86027,41.82289],[-110.86015,41.82291],[-110.85954,41.82298],[-110.85873,41.82312],[-110.8587,41.82312],[-110.85849,41.82316],[-110.85837,41.82319],[-110.85805,41.82325],[-110.85711,41.82348],[-110.85643,41.82369],[-110.85579,41.82391],[-110.8555,41.82403],[-110.8549,41.82426],[-110.85416,41.82459],[-110.85369,41.82478],[-110.85368,41.82479],[-110.85326,41.82495],[-110.85325,41.82495],[-110.8529,41.82507],[-110.8528,41.82509],[-110.85255,41.82516],[-110.85223,41.82523],[-110.852,41.82527],[-110.8514,41.82534],[-110.8512,41.82535],[-110.85031,41.82535],[-110.84886,41.82526],[-110.84875,41.82526],[-110.84851,41.82524],[-110.8473,41.82518],[-110.84706,41.82516],[-110.84367,41.82497],[-110.84324,41.82493],[-110.84254,41.82484],[-110.84227,41.82478],[-110.84206,41.82474],[-110.84181,41.82468],[-110.8418,41.82468],[-110.84158,41.82462],[-110.8415,41.82459],[-110.84091,41.82441],[-110.84048,41.82425],[-110.84048,41.82424],[-110.8398,41.82397],[-110.83788,41.82315],[-110.83757,41.82303],[-110.8373,41.82294],[-110.83693,41.82283],[-110.83686,41.82282],[-110.83665,41.82276],[-110.83663,41.82276],[-110.83646,41.82272],[-110.83622,41.82268],[-110.83582,41.82264],[-110.83551,41.82262],[-110.83495,41.8226],[-110.83472,41.82261],[-110.83471,41.82262],[-110.83445,41.82263],[-110.83406,41.82267],[-110.83377,41.82272],[-110.83325,41.82283],[-110.83196,41.82319],[-110.83194,41.82319],[-110.83127,41.82338],[-110.83103,41.82344],[-110.83059,41.82357],[-110.83007,41.82371],[-110.82834,41.82422],[-110.82811,41.82428],[-110.82791,41.82434],[-110.82718,41.8245],[-110.82695,41.82453],[-110.82689,41.82455],[-110.82665,41.82458],[-110.82653,41.82459],[-110.82638,41.82461],[-110.8262,41.82461],[-110.82597,41.82462],[-110.82552,41.8246],[-110.82513,41.82456],[-110.82504,41.82454],[-110.82491,41.82452],[-110.8248,41.82449],[-110.82461,41.82445],[-110.82444,41.8244],[-110.82435,41.82438],[-110.824,41.82426],[-110.82234,41.82358],[-110.82177,41.82339],[-110.82158,41.82334],[-110.82109,41.82325],[-110.82101,41.82324],[-110.8209,41.82322],[-110.82036,41.82318],[-110.82005,41.82318],[-110.81961,41.82321],[-110.81957,41.82322],[-110.81948,41.82323],[-110.81933,41.82326],[-110.81911,41.82332],[-110.81894,41.82336],[-110.81869,41.82344],[-110.81861,41.82346],[-110.81852,41.8235],[-110.81844,41.82353],[-110.81843,41.82354],[-110.81823,41.82362],[-110.81784,41.82382],[-110.81752,41.824],[-110.81685,41.82441],[-110.81653,41.82463],[-110.81646,41.82467],[-110.81599,41.82498],[-110.81543,41.82533],[-110.81513,41.8255],[-110.81481,41.82565],[-110.81471,41.82569],[-110.81461,41.82574],[-110.81428,41.82586],[-110.81413,41.8259],[-110.81397,41.82595],[-110.81365,41.82602],[-110.8134,41.82606],[-110.81288,41.82612],[-110.81266,41.82613],[-110.81257,41.82613],[-110.81207,41.82611],[-110.81159,41.82604],[-110.81141,41.826],[-110.81118,41.82594],[-110.81087,41.82584],[-110.81045,41.82568],[-110.81022,41.82557],[-110.81005,41.82548],[-110.80977,41.8253],[-110.80965,41.82521],[-110.80957,41.82516],[-110.80954,41.82513],[-110.80941,41.82502],[-110.80938,41.825],[-110.80913,41.82475],[-110.80896,41.82456],[-110.80885,41.8244],[-110.8087,41.82416],[-110.80864,41.82404],[-110.80847,41.82363],[-110.80845,41.82354],[-110.80843,41.82347],[-110.80836,41.82305],[-110.80825,41.82146],[-110.80824,41.8214],[-110.80824,41.8213],[-110.80819,41.82097],[-110.80807,41.82044],[-110.80796,41.82018],[-110.80796,41.82017],[-110.80782,41.81992],[-110.80778,41.81984],[-110.80777,41.81983],[-110.80771,41.81974],[-110.80757,41.81951],[-110.80726,41.81913],[-110.80692,41.81881],[-110.80657,41.81855],[-110.80621,41.81833],[-110.80614,41.8183],[-110.80596,41.8182],[-110.80565,41.81806],[-110.80517,41.81787],[-110.80516,41.81787],[-110.80508,41.81784],[-110.80498,41.81781],[-110.80472,41.81775],[-110.80469,41.81774],[-110.8044,41.81768],[-110.80401,41.81761],[-110.80367,41.81759],[-110.80329,41.81758],[-110.80321,41.81757],[-110.80305,41.81757],[-110.80106,41.8175],[-110.79582,41.81739],[-110.79558,41.81738],[-110.79533,41.81738],[-110.7881,41.81721],[-110.78788,41.81721],[-110.78761,41.8172],[-110.78737,41.8172],[-110.78713,41.81719],[-110.78689,41.81719],[-110.78665,41.81718],[-110.78572,41.81717],[-110.78544,41.81716],[-110.7852,41.81716],[-110.77394,41.8169],[-110.77128,41.81679],[-110.76885,41.81664],[-110.76731,41.81651],[-110.75275,41.81501],[-110.75235,41.81496],[-110.75164,41.8149],[-110.75039,41.81482],[-110.74895,41.81478],[-110.74833,41.81478],[-110.74701,41.81481],[-110.72089,41.81591],[-110.71923,41.81593],[-110.71822,41.8159],[-110.7174,41.81586],[-110.71651,41.8158],[-110.71579,41.81573],[-110.70756,41.81472],[-110.70628,41.81454],[-110.70572,41.81445],[-110.70527,41.81436],[-110.7043,41.81412],[-110.70421,41.81409],[-110.70401,41.81404],[-110.70342,41.81386],[-110.70285,41.81366],[-110.70245,41.8135],[-110.70188,41.81325],[-110.69611,41.81049],[-110.69575,41.81033],[-110.69529,41.81011],[-110.69527,41.81011],[-110.69488,41.80993],[-110.69443,41.80976],[-110.69442,41.80975],[-110.69401,41.80962],[-110.69375,41.80953],[-110.6934,41.80944],[-110.69282,41.80932],[-110.6925,41.80927],[-110.69226,41.80924],[-110.69195,41.80922],[-110.6911,41.8092],[-110.69069,41.80921],[-110.69033,41.80923],[-110.68844,41.80947],[-110.68556,41.80989],[-110.68498,41.80996],[-110.68397,41.8101],[-110.68347,41.81019],[-110.68038,41.81083],[-110.67806,41.81134],[-110.67754,41.81144],[-110.67713,41.81153],[-110.67696,41.81156],[-110.6769,41.81158],[-110.67424,41.81214],[-110.67389,41.81224],[-110.67383,41.81225],[-110.67366,41.8123],[-110.67353,41.81235],[-110.6728,41.81258],[-110.67076,41.81334],[-110.66887,41.814],[-110.66812,41.81425],[-110.66706,41.81458],[-110.66622,41.8148],[-110.66544,41.81496],[-110.66423,41.81518],[-110.66302,41.81533],[-110.66165,41.81543],[-110.66067,41.81547],[-110.6606,41.81548],[-110.66002,41.81549],[-110.65771,41.8156],[-110.65609,41.81565],[-110.64597,41.81609],[-110.64591,41.81609],[-110.64573,41.8161],[-110.64197,41.81621],[-110.64042,41.81621],[-110.6368,41.81612],[-110.63568,41.81607],[-110.635,41.81602],[-110.63428,41.81593],[-110.63355,41.81582],[-110.63285,41.8157],[-110.63182,41.81549],[-110.63117,41.81534],[-110.62927,41.81478],[-110.62858,41.81454],[-110.6281,41.81436],[-110.62751,41.81412],[-110.6197,41.81062],[-110.61879,41.81025],[-110.61827,41.81006],[-110.61761,41.80986],[-110.61673,41.80965],[-110.6165,41.80961],[-110.61648,41.8096],[-110.61484,41.8093],[-110.61291,41.80892],[-110.61133,41.80854],[-110.61017,41.8082],[-110.60955,41.808],[-110.60858,41.80765],[-110.60848,41.8076],[-110.60786,41.80733],[-110.60682,41.80683],[-110.60581,41.8063],[-110.60528,41.806],[-110.60455,41.80553],[-110.60451,41.80551],[-110.60364,41.80489],[-110.60315,41.80449],[-110.60298,41.80436],[-110.59678,41.79937],[-110.59584,41.79871],[-110.59474,41.798],[-110.59372,41.79747],[-110.59287,41.79705],[-110.59211,41.79671],[-110.59097,41.79628],[-110.59059,41.79615],[-110.58992,41.79594],[-110.58927,41.79575],[-110.58926,41.79575],[-110.58864,41.79558],[-110.58781,41.79537],[-110.58296,41.7943],[-110.58206,41.79409],[-110.57979,41.79361],[-110.57833,41.7931],[-110.57701,41.79248],[-110.57623,41.79207],[-110.57556,41.79163],[-110.57472,41.79101],[-110.5742,41.79055],[-110.57373,41.7901],[-110.57319,41.7895],[-110.5729,41.78912],[-110.57269,41.78883],[-110.57245,41.78848],[-110.57246,41.78845],[-110.57233,41.78822],[-110.57203,41.78762],[-110.57193,41.78738],[-110.57169,41.78673],[-110.57149,41.78594],[-110.57142,41.78553],[-110.57142,41.7855],[-110.5714,41.78535],[-110.57135,41.7843],[-110.57136,41.78392],[-110.57136,41.78349],[-110.57134,41.78283],[-110.57127,41.7822],[-110.57125,41.78213],[-110.57117,41.78177],[-110.57107,41.78142],[-110.57096,41.78108],[-110.57079,41.78073],[-110.57068,41.78047],[-110.57036,41.77988],[-110.57018,41.77963],[-110.57003,41.77944],[-110.56989,41.77925],[-110.56977,41.77911],[-110.56972,41.77904],[-110.56957,41.77886],[-110.56941,41.77869],[-110.56894,41.77822],[-110.56878,41.77809],[-110.56866,41.77798],[-110.56829,41.77769],[-110.56829,41.77768],[-110.56827,41.77767],[-110.56796,41.77744],[-110.56777,41.77731],[-110.56759,41.7772],[-110.56723,41.77701],[-110.5659,41.77637],[-110.56577,41.77632],[-110.56576,41.77631],[-110.56555,41.77623],[-110.56514,41.77605],[-110.56429,41.7757],[-110.56408,41.77562],[-110.56407,41.77561],[-110.56345,41.77535],[-110.56344,41.77535],[-110.56327,41.77528],[-110.56324,41.77526],[-110.56261,41.77501],[-110.5626,41.775],[-110.56212,41.7748],[-110.55752,41.77302],[-110.5561,41.77242],[-110.55496,41.77196],[-110.55474,41.77188],[-110.55453,41.77179],[-110.55432,41.77171],[-110.55411,41.77162],[-110.55389,41.77154],[-110.55347,41.77137],[-110.55303,41.77121],[-110.55281,41.77114],[-110.55272,41.7711],[-110.55247,41.77102],[-110.55208,41.77091],[-110.55125,41.7707],[-110.55124,41.77069],[-110.55091,41.77062],[-110.55055,41.77056],[-110.55053,41.77056],[-110.54812,41.77037],[-110.54795,41.77035],[-110.54767,41.77028],[-110.54626,41.77019],[-110.54425,41.77002],[-110.54285,41.76986],[-110.54258,41.7698],[-110.54242,41.76977],[-110.54161,41.76955],[-110.54123,41.76943],[-110.54041,41.76909],[-110.53961,41.76867],[-110.53941,41.76855],[-110.53909,41.76832],[-110.53884,41.76815],[-110.53824,41.76768],[-110.53804,41.76749],[-110.53776,41.7672],[-110.53735,41.76668],[-110.53714,41.7664],[-110.53703,41.76621],[-110.53694,41.76603],[-110.53691,41.76598],[-110.53669,41.76546],[-110.53667,41.76542],[-110.53656,41.76506],[-110.53649,41.76476],[-110.53647,41.76465],[-110.53646,41.76457],[-110.5364,41.76426],[-110.53637,41.76394],[-110.53637,41.76377],[-110.53638,41.76347],[-110.5364,41.76317],[-110.53643,41.76286],[-110.53643,41.76283],[-110.53651,41.76233],[-110.53653,41.76215],[-110.53671,41.76105],[-110.53688,41.75982],[-110.53691,41.75964],[-110.5371,41.75826],[-110.53723,41.75713],[-110.53723,41.75691],[-110.53722,41.75657],[-110.53713,41.75594],[-110.53709,41.75575],[-110.53704,41.75562],[-110.53703,41.7556],[-110.53696,41.75536],[-110.53687,41.75511],[-110.53677,41.75488],[-110.53661,41.75457],[-110.53643,41.75428],[-110.53643,41.75427],[-110.53631,41.75409],[-110.53616,41.7539],[-110.53609,41.7538],[-110.53585,41.7535],[-110.53551,41.75313],[-110.53536,41.753],[-110.53508,41.75274],[-110.53479,41.75253],[-110.5346,41.75238],[-110.53403,41.752],[-110.5331,41.75134],[-110.53276,41.75112],[-110.5286,41.74827],[-110.52776,41.74772],[-110.52751,41.74757],[-110.52611,41.74685],[-110.52544,41.74654],[-110.5233,41.74569],[-110.51725,41.74337],[-110.51704,41.74328],[-110.5144,41.74225],[-110.51366,41.74198],[-110.51319,41.74184],[-110.51231,41.74162],[-110.51196,41.74155],[-110.51139,41.74146],[-110.51131,41.74146],[-110.51089,41.74142],[-110.51037,41.74139],[-110.50975,41.74139],[-110.50818,41.7415],[-110.50794,41.74151],[-110.50733,41.74156],[-110.50644,41.74166],[-110.50603,41.74173],[-110.50581,41.74178],[-110.50563,41.74181],[-110.50534,41.74188],[-110.50487,41.74201],[-110.50435,41.74218],[-110.504,41.74231],[-110.50385,41.74236],[-110.5015,41.74325],[-110.50143,41.74327],[-110.50059,41.74362],[-110.50038,41.74372],[-110.50025,41.74377],[-110.49982,41.74397],[-110.49957,41.7441],[-110.49928,41.74424],[-110.49889,41.74445],[-110.49773,41.74513],[-110.49713,41.74551],[-110.49427,41.74763],[-110.4942,41.74769],[-110.49316,41.74843],[-110.49187,41.74924],[-110.49037,41.75012],[-110.48889,41.75091],[-110.48878,41.75096],[-110.48842,41.75115],[-110.48739,41.75164],[-110.48596,41.75227],[-110.47771,41.75565],[-110.47734,41.75583],[-110.47164,41.7581],[-110.47086,41.75843],[-110.47065,41.75851],[-110.46535,41.76072],[-110.46475,41.76096],[-110.4646,41.76101],[-110.46454,41.76104],[-110.46417,41.76118],[-110.46392,41.76126],[-110.46374,41.76131],[-110.46366,41.76134],[-110.46343,41.76139],[-110.46313,41.76147],[-110.46226,41.76161],[-110.45561,41.76246],[-110.453,41.76282],[-110.44039,41.76438],[-110.43752,41.76482],[-110.42285,41.76721],[-110.42093,41.76754],[-110.41962,41.76774],[-110.41857,41.76792],[-110.4178,41.76807],[-110.41687,41.76827],[-110.41647,41.76837],[-110.41567,41.7686],[-110.41502,41.7688],[-110.41264,41.76961],[-110.41092,41.77011],[-110.40959,41.77043],[-110.40887,41.77057],[-110.40733,41.7708],[-110.40622,41.77091],[-110.40525,41.77097],[-110.40499,41.77097],[-110.40471,41.77098],[-110.40373,41.77099],[-110.40112,41.77088],[-110.39671,41.77056],[-110.39647,41.77053],[-110.39525,41.77044],[-110.39365,41.77037],[-110.39279,41.77037],[-110.39262,41.77038],[-110.3919,41.7704],[-110.39045,41.7705],[-110.38937,41.77064],[-110.38684,41.77102],[-110.38662,41.77107],[-110.38571,41.77123],[-110.38496,41.77134],[-110.37412,41.77308],[-110.37369,41.77316],[-110.37331,41.77322],[-110.37257,41.77331],[-110.37194,41.77337],[-110.37085,41.77345],[-110.36984,41.77349],[-110.36842,41.77348],[-110.36671,41.77338],[-110.3658,41.7733],[-110.36573,41.77329],[-110.35838,41.77265],[-110.35806,41.77263],[-110.34608,41.77163],[-110.3455,41.77159],[-110.34349,41.7715],[-110.34316,41.7715],[-110.34296,41.77149],[-110.33152,41.77145],[-110.33122,41.77141],[-110.32685,41.77142],[-110.32658,41.77143],[-110.32299,41.77144],[-110.3226,41.77143],[-110.32229,41.77143],[-110.32072,41.77138],[-110.32062,41.77137],[-110.32048,41.77137],[-110.32024,41.77135],[-110.31296,41.77098],[-110.3114,41.77093],[-110.31019,41.77095],[-110.3091,41.77101],[-110.30806,41.77111],[-110.30793,41.77113],[-110.30758,41.77117],[-110.30735,41.77121],[-110.30718,41.77123],[-110.30657,41.77133],[-110.30576,41.77148],[-110.30471,41.77172],[-110.30354,41.77201],[-110.29571,41.77405],[-110.29472,41.77434],[-110.29444,41.77443],[-110.29347,41.77477],[-110.29328,41.77485],[-110.29306,41.77493],[-110.29261,41.77512],[-110.29257,41.77514],[-110.2924,41.77521],[-110.29237,41.77522],[-110.29134,41.7757],[-110.29072,41.77602],[-110.29051,41.77614],[-110.29032,41.77624],[-110.28928,41.77685],[-110.28487,41.77957],[-110.28486,41.77957],[-110.28468,41.77969],[-110.26406,41.79237],[-110.26355,41.79266],[-110.26335,41.79276],[-110.26334,41.79277],[-110.26319,41.79284],[-110.26314,41.79287],[-110.26297,41.79296],[-110.26233,41.79326],[-110.26173,41.79352],[-110.26107,41.79378],[-110.26012,41.7941],[-110.25967,41.79423],[-110.25945,41.7943],[-110.25924,41.79435],[-110.25903,41.79441],[-110.25815,41.79461],[-110.2569,41.79483],[-110.25608,41.79494],[-110.25602,41.79494],[-110.25541,41.795],[-110.25438,41.79505],[-110.25418,41.79505],[-110.25398,41.79506],[-110.25347,41.79506],[-110.25339,41.79505],[-110.2529,41.79505],[-110.25244,41.79503],[-110.25192,41.79499],[-110.25171,41.79498],[-110.25164,41.79498],[-110.25094,41.79493],[-110.25063,41.7949],[-110.24999,41.79486],[-110.24915,41.79479],[-110.24889,41.79478],[-110.24883,41.79477],[-110.24854,41.79475],[-110.24823,41.79472],[-110.24747,41.79467],[-110.24739,41.79466],[-110.24701,41.79464],[-110.22883,41.79326],[-110.22831,41.7932],[-110.22808,41.79318],[-110.22773,41.79313],[-110.2274,41.7931],[-110.22562,41.79285],[-110.22493,41.79273],[-110.22464,41.79269],[-110.22434,41.79264],[-110.22267,41.7923],[-110.22156,41.79205],[-110.22042,41.79177],[-110.21891,41.79135],[-110.21752,41.79092],[-110.21596,41.79038],[-110.21267,41.78918],[-110.21245,41.78909],[-110.21208,41.78896],[-110.21161,41.78878],[-110.21,41.7882],[-110.20747,41.78725],[-110.20648,41.7869],[-110.20639,41.78686],[-110.18587,41.77931],[-110.18565,41.77924],[-110.18541,41.77915],[-110.18455,41.77889],[-110.1838,41.77869],[-110.18331,41.77857],[-110.18268,41.77843],[-110.18171,41.77824],[-110.18103,41.77814],[-110.18063,41.77809],[-110.18039,41.77805],[-110.18009,41.77802],[-110.1798,41.77798],[-110.17949,41.77795],[-110.17854,41.77788],[-110.1774,41.77784],[-110.1764,41.77784],[-110.1759,41.77786],[-110.1726,41.77793],[-110.17182,41.77796],[-110.16572,41.7781],[-110.16461,41.77811],[-110.16437,41.77812],[-110.16418,41.77811],[-110.16338,41.77809],[-110.16276,41.77805],[-110.16169,41.77796],[-110.16146,41.77793],[-110.16128,41.77792],[-110.16026,41.77777],[-110.15962,41.77766],[-110.1591,41.77756],[-110.15816,41.77735],[-110.15754,41.77719],[-110.15694,41.77702],[-110.15675,41.77696],[-110.15667,41.77694],[-110.15641,41.77686],[-110.15576,41.77664],[-110.15543,41.77652],[-110.15513,41.77639],[-110.15466,41.77621],[-110.15428,41.77605],[-110.1536,41.77574],[-110.15281,41.77536],[-110.1519,41.77487],[-110.15174,41.77477],[-110.15157,41.77468],[-110.15136,41.77456],[-110.15076,41.77416],[-110.14,41.76649],[-110.13831,41.76525],[-110.12955,41.75856],[-110.12944,41.75846],[-110.12837,41.75766],[-110.12015,41.75135],[-110.12013,41.75134],[-110.11896,41.75044],[-110.11887,41.75038],[-110.11804,41.74973],[-110.08374,41.72344],[-110.08298,41.72283],[-110.08268,41.72257],[-110.08199,41.72193],[-110.08169,41.72164],[-110.08105,41.72096],[-110.08023,41.72],[-110.07961,41.71917],[-110.07933,41.71874],[-110.07917,41.71846],[-110.07885,41.71793],[-110.07862,41.71753],[-110.07834,41.717],[-110.0783,41.71691],[-110.07806,41.71642],[-110.07778,41.71576],[-110.07753,41.7151],[-110.07732,41.71443],[-110.07732,41.71442],[-110.07725,41.71418],[-110.07713,41.7137],[-110.07706,41.71336],[-110.07705,41.71333],[-110.07689,41.71244],[-110.07669,41.7108],[-110.07666,41.71061],[-110.07661,41.71018],[-110.0765,41.70964],[-110.07648,41.70949],[-110.07645,41.70934],[-110.0764,41.70916],[-110.07636,41.70898],[-110.0763,41.70876],[-110.07626,41.70859],[-110.07612,41.70812],[-110.07612,41.70811],[-110.07597,41.70763],[-110.07589,41.70742],[-110.07582,41.70721],[-110.07548,41.70637],[-110.07525,41.70586],[-110.07524,41.70586],[-110.0751,41.70554],[-110.07478,41.70496],[-110.07433,41.70422],[-110.07393,41.70363],[-110.0734,41.70289],[-110.07308,41.70249],[-110.07297,41.70234],[-110.07259,41.7019],[-110.07207,41.70132],[-110.07154,41.70077],[-110.07069,41.69985],[-110.07039,41.69954],[-110.06973,41.69881],[-110.06973,41.6988],[-110.06914,41.69808],[-110.06861,41.69737],[-110.06809,41.69662],[-110.06796,41.69642],[-110.06758,41.6958],[-110.06705,41.69484],[-110.0665,41.69371],[-110.06603,41.69258],[-110.06561,41.69136],[-110.06541,41.69058],[-110.06364,41.68318],[-110.06344,41.68228],[-110.06258,41.67871],[-110.06231,41.67766],[-110.06213,41.67707],[-110.06176,41.67599],[-110.06121,41.67464],[-110.06066,41.67346],[-110.06027,41.67268],[-110.05966,41.67164],[-110.05889,41.67039],[-110.05871,41.67012],[-110.05865,41.67004],[-110.05808,41.66922],[-110.05726,41.66815],[-110.05162,41.66061],[-110.05157,41.66055],[-110.05089,41.65965],[-110.05008,41.65862],[-110.05005,41.65859],[-110.04935,41.65777],[-110.04857,41.65693],[-110.04792,41.65626],[-110.04723,41.6556],[-110.03961,41.6487],[-110.03951,41.6486],[-110.03296,41.64268],[-110.03277,41.6425],[-110.02599,41.63636],[-110.02524,41.63572],[-110.02432,41.63496],[-110.02238,41.63354],[-110.02113,41.63271],[-110.01097,41.62654],[-110.01054,41.62629],[-110.0055,41.62323],[-110.00452,41.62265],[-110.0033,41.62197],[-110.00146,41.621],[-110.00014,41.62036],[-109.99987,41.62024],[-109.99876,41.61971],[-109.99698,41.61893],[-109.99677,41.61885],[-109.99614,41.61858],[-109.99025,41.61635],[-109.98912,41.61594],[-109.98138,41.61303],[-109.98111,41.61291],[-109.98108,41.61289],[-109.98088,41.61282],[-109.97758,41.61157],[-109.9774,41.61152],[-109.97738,41.61151],[-109.97719,41.61146],[-109.96904,41.60844],[-109.96388,41.60648],[-109.96371,41.6064],[-109.96281,41.60604],[-109.96101,41.60538],[-109.96001,41.60499],[-109.95973,41.60492],[-109.95845,41.60442],[-109.95819,41.60431],[-109.9578,41.60413],[-109.95731,41.60388],[-109.95693,41.60366],[-109.95656,41.60343],[-109.95591,41.60293],[-109.95589,41.60291],[-109.95573,41.60278],[-109.95513,41.6022],[-109.95506,41.60204],[-109.9544,41.60116],[-109.95342,41.59963],[-109.95326,41.5994],[-109.94855,41.59168],[-109.94834,41.59135],[-109.94774,41.59036],[-109.94738,41.58971],[-109.94735,41.58967],[-109.94712,41.58921],[-109.94675,41.5884],[-109.94564,41.58542],[-109.94533,41.58462],[-109.94118,41.57349],[-109.94117,41.57345],[-109.94024,41.57103],[-109.94021,41.57097],[-109.93999,41.57047],[-109.93983,41.57018],[-109.93964,41.56986],[-109.93954,41.56961],[-109.93923,41.56912],[-109.93889,41.56869],[-109.93834,41.5681],[-109.93801,41.56776],[-109.93696,41.56684],[-109.93629,41.56627],[-109.93612,41.56614],[-109.936,41.56607],[-109.93431,41.56459],[-109.93428,41.56456],[-109.93254,41.56304],[-109.93224,41.56279],[-109.93193,41.56251],[-109.93177,41.56238],[-109.93115,41.56183],[-109.93108,41.56176],[-109.93069,41.56142],[-109.93065,41.56138],[-109.92947,41.56036],[-109.92911,41.56006],[-109.9288,41.55978],[-109.92864,41.55965],[-109.92739,41.55855],[-109.92723,41.55842],[-109.92708,41.55828],[-109.92536,41.55678],[-109.9249,41.55636],[-109.92411,41.55568],[-109.92396,41.55554],[-109.9238,41.55541],[-109.92375,41.55536],[-109.92332,41.55498],[-109.92293,41.55465],[-109.92252,41.55428],[-109.92119,41.55313],[-109.92109,41.55298],[-109.92072,41.55266],[-109.92057,41.55252],[-109.91979,41.55184],[-109.91887,41.55101],[-109.91818,41.55034],[-109.91597,41.54838],[-109.91587,41.54831],[-109.91586,41.54831],[-109.91573,41.54819],[-109.91562,41.54808],[-109.91551,41.54796],[-109.91508,41.54755],[-109.91489,41.54738],[-109.91463,41.54712],[-109.91317,41.54573],[-109.91255,41.54518],[-109.91192,41.54464],[-109.9119,41.54463],[-109.91158,41.54439],[-109.91138,41.54425],[-109.91131,41.54421],[-109.90951,41.54432],[-109.9068,41.54437],[-109.90388,41.54419],[-109.90146,41.54381],[-109.89384,41.54235],[-109.89029,41.54187],[-109.88674,41.54161],[-109.88368,41.54159],[-109.88053,41.54169],[-109.8368,41.54296],[-109.83292,41.54298],[-109.67808,41.54243],[-109.67509,41.54254],[-109.61492,41.54556],[-109.61212,41.54587],[-109.60957,41.54641],[-109.60643,41.54751],[-109.6043,41.54854],[-109.59514,41.55368],[-109.59271,41.55479],[-109.59008,41.55566],[-109.58797,41.55614],[-109.5855,41.55653],[-109.5723,41.55849],[-109.57057,41.55883],[-109.56896,41.55923],[-109.56736,41.55978],[-109.55847,41.56326],[-109.55687,41.56378],[-109.55511,41.56415],[-109.55334,41.56438],[-109.55168,41.56448],[-109.55002,41.56443],[-109.54842,41.56426],[-109.54677,41.56394],[-109.54518,41.56348],[-109.54346,41.56283],[-109.54113,41.56193],[-109.53951,41.56146],[-109.53764,41.56104],[-109.53578,41.56078],[-109.52685,41.55974],[-109.52473,41.55929],[-109.52327,41.55884],[-109.52164,41.55818],[-109.51793,41.55649],[-109.51657,41.55598],[-109.51493,41.55555],[-109.51329,41.55528],[-109.49993,41.55399],[-109.49803,41.55371],[-109.49622,41.5533],[-109.49449,41.55278],[-109.49285,41.55219],[-109.49116,41.5514],[-109.48969,41.55054],[-109.48264,41.54626],[-109.4816,41.54551],[-109.48094,41.54484],[-109.48033,41.54397],[-109.47937,41.54234],[-109.47879,41.54153],[-109.47805,41.54075],[-109.47718,41.54013],[-109.47617,41.53968],[-109.47118,41.53757],[-109.46949,41.53673],[-109.46782,41.53574],[-109.46458,41.53384],[-109.45955,41.53156],[-109.45758,41.5305],[-109.45588,41.52941],[-109.44996,41.52553],[-109.44835,41.52462],[-109.44675,41.52402],[-109.44476,41.52361],[-109.4429,41.5235],[-109.44136,41.5236],[-109.4397,41.5239],[-109.43831,41.52434],[-109.43232,41.52672],[-109.43062,41.52728],[-109.42882,41.52771],[-109.42707,41.52799],[-109.4249,41.52807],[-109.42271,41.52797],[-109.41348,41.52715],[-109.41026,41.52714],[-109.40758,41.52738],[-109.39924,41.52876],[-109.39679,41.52943],[-109.39478,41.53024],[-109.39233,41.53155],[-109.39026,41.53246],[-109.38813,41.53293],[-109.38635,41.53309],[-109.38504,41.53306],[-109.38377,41.53291],[-109.3786,41.53224],[-109.37728,41.53218],[-109.37606,41.5322],[-109.37486,41.53233],[-109.37365,41.53259],[-109.37242,41.53296],[-109.34374,41.54437],[-109.34169,41.54509],[-109.33253,41.54797],[-109.33073,41.5486],[-109.32917,41.54921],[-109.28905,41.56676],[-109.28682,41.56766],[-109.25961,41.57773],[-109.25789,41.57844],[-109.25662,41.57909],[-109.25529,41.57989],[-109.25385,41.58092],[-109.25262,41.58198],[-109.25144,41.58318],[-109.25055,41.58433],[-109.24971,41.58558],[-109.23842,41.60302],[-109.23741,41.60414],[-109.2364,41.60491],[-109.23511,41.60556],[-109.22483,41.60951],[-109.22338,41.60994],[-109.22206,41.61017],[-109.22047,41.61028],[-109.21891,41.61025],[-109.2173,41.61003],[-109.21572,41.60963],[-109.21433,41.60914],[-109.21303,41.60847],[-109.20541,41.60451],[-109.20405,41.60368],[-109.20302,41.60283],[-109.202,41.60166],[-109.20125,41.60048],[-109.19991,41.59747],[-109.19928,41.59638],[-109.19836,41.59531],[-109.19733,41.59438],[-109.19593,41.59348],[-109.19457,41.59285],[-109.19288,41.59228],[-109.19108,41.59194],[-109.18932,41.59184],[-109.18748,41.59193],[-109.18596,41.59218],[-109.18442,41.59263],[-109.18315,41.59313],[-109.17921,41.59491],[-109.17799,41.59534],[-109.17662,41.59569],[-109.1753,41.59589],[-109.17386,41.59598],[-109.164,41.59624],[-109.16265,41.59633],[-109.16137,41.59652],[-109.15975,41.59689],[-109.15829,41.59738],[-109.15685,41.59802],[-109.1557,41.59864],[-109.15459,41.5994],[-109.14999,41.60338],[-109.14859,41.60441],[-109.14704,41.60537],[-109.1453,41.60624],[-109.1435,41.60699],[-109.08561,41.62861],[-109.0834,41.62933],[-109.08107,41.6298],[-109.04631,41.63558],[-109.04404,41.63609],[-109.04187,41.63681],[-109.03992,41.63762],[-108.97368,41.66587],[-108.97144,41.66663],[-108.96906,41.66719],[-108.96672,41.66755],[-108.95801,41.66875],[-108.95435,41.66911],[-108.951,41.66922],[-108.94009,41.66931],[-108.93775,41.66943],[-108.93558,41.66968],[-108.93335,41.67007],[-108.93112,41.67065],[-108.92903,41.67136],[-108.92709,41.67216],[-108.92532,41.67314],[-108.9243,41.67394],[-108.92349,41.67487],[-108.92289,41.6759],[-108.92128,41.68015],[-108.92052,41.68157],[-108.91952,41.68296],[-108.91834,41.68419],[-108.91682,41.68544],[-108.91512,41.68645],[-108.91356,41.6872],[-108.90507,41.69053],[-108.90286,41.69132],[-108.9013,41.6917],[-108.89971,41.69197],[-108.89816,41.69211],[-108.89652,41.69214],[-108.89494,41.69206],[-108.89349,41.69189],[-108.88548,41.69085],[-108.88412,41.69078],[-108.88245,41.69088],[-108.88087,41.69116],[-108.87123,41.69334],[-108.86913,41.69365],[-108.86688,41.69375],[-108.86491,41.69363],[-108.86316,41.69338],[-108.86147,41.69301],[-108.84216,41.68856],[-108.84007,41.68821],[-108.83808,41.68802],[-108.836,41.68799],[-108.81948,41.68866],[-108.81802,41.68862],[-108.81662,41.68842],[-108.81544,41.68806],[-108.814,41.68747],[-108.80571,41.68362],[-108.80393,41.68296],[-108.80188,41.68246],[-108.77551,41.67698],[-108.77239,41.67649],[-108.76954,41.67617],[-108.74593,41.67446],[-108.74389,41.67422],[-108.74164,41.67378],[-108.73963,41.67321],[-108.7377,41.67246],[-108.73596,41.67163],[-108.7342,41.6706],[-108.71013,41.65468],[-108.70794,41.65343],[-108.70501,41.65201],[-108.70258,41.65099],[-108.69952,41.64994],[-108.69645,41.64909],[-108.69335,41.64845],[-108.69013,41.64794],[-108.68718,41.64766],[-108.68395,41.64755],[-108.65418,41.64674],[-108.65129,41.64674],[-108.64842,41.64688],[-108.61935,41.64957],[-108.61636,41.64969],[-108.61345,41.64968],[-108.61094,41.64952],[-108.60791,41.64921],[-108.58315,41.64604],[-108.57893,41.64561],[-108.46835,41.63893],[-108.41544,41.63572],[-108.40478,41.63523],[-108.39357,41.63438],[-108.36212,41.63245],[-108.35596,41.63201],[-108.29048,41.6297],[-108.28827,41.62974],[-108.28619,41.62996],[-108.23804,41.63741],[-108.23523,41.63776],[-108.15925,41.64541],[-108.1562,41.6458],[-108.15332,41.64633],[-108.12065,41.6533],[-108.11745,41.6539],[-108.11408,41.65436],[-107.99076,41.67099],[-107.9886,41.67144],[-107.98657,41.672],[-107.98402,41.67304],[-107.95047,41.68839],[-107.94827,41.6892],[-107.90191,41.703],[-107.8978,41.70401],[-107.89418,41.70466],[-107.88972,41.70513],[-107.88577,41.70535],[-107.87132,41.70594],[-107.86617,41.70603],[-107.86205,41.70579],[-107.84591,41.704],[-107.83881,41.70415],[-107.83221,41.7049],[-107.82647,41.70597],[-107.67467,41.74061],[-107.67157,41.74122],[-107.66866,41.74159],[-107.66549,41.74187],[-107.58577,41.74748],[-107.58211,41.74781],[-107.57886,41.74827],[-107.57495,41.74898],[-107.57143,41.74975],[-107.50542,41.76418],[-107.41315,41.78488],[-107.40963,41.78546],[-107.40431,41.78615],[-107.3931,41.78786],[-107.38373,41.78844],[-107.37664,41.78775],[-107.37234,41.78692],[-107.36746,41.78561],[-107.33942,41.77766],[-107.3354,41.77677],[-107.33073,41.77612],[-107.3268,41.77588],[-107.32348,41.77589],[-107.31998,41.77609],[-107.28533,41.77878],[-107.2819,41.77914],[-107.27835,41.7798],[-107.2662,41.78201],[-107.26442,41.78225],[-107.26282,41.78229],[-107.26126,41.78216],[-107.25965,41.78186],[-107.25812,41.78142],[-107.25311,41.7796],[-107.25101,41.77901],[-107.24899,41.77858],[-107.24682,41.77834],[-107.23017,41.77778],[-107.22753,41.77787],[-107.22503,41.77818],[-107.22306,41.77861],[-107.22075,41.77927],[-107.21839,41.78028],[-107.20222,41.7885],[-107.20076,41.78904],[-107.1994,41.78933],[-107.19793,41.78944],[-107.19664,41.78939],[-107.19541,41.7892],[-107.17643,41.78518],[-107.17381,41.78475],[-107.17129,41.78444],[-107.16851,41.78421],[-107.13073,41.78143],[-107.12889,41.78117],[-107.12756,41.78075],[-107.12634,41.78016],[-107.12513,41.77936],[-107.11925,41.77532],[-107.11801,41.77466],[-107.1166,41.77417],[-107.11525,41.7739],[-107.11376,41.77378],[-107.10443,41.77369],[-107.10245,41.7736],[-107.10013,41.77345],[-107.09809,41.77319],[-107.08949,41.77181],[-107.08773,41.77167],[-107.08585,41.77171],[-107.08411,41.77194],[-107.07913,41.77301],[-107.07653,41.77337],[-107.07436,41.77347],[-107.07175,41.77338],[-107.06989,41.77318],[-106.96334,41.75466],[-106.95894,41.75374],[-106.95577,41.75295],[-106.93086,41.74631],[-106.92786,41.7456],[-106.9245,41.74504],[-106.92131,41.74471],[-106.91889,41.74456],[-106.83043,41.74138],[-106.83063,41.7417],[-106.83088,41.74208],[-106.83116,41.74246],[-106.83143,41.74275],[-106.83159,41.7429],[-106.83229,41.74358],[-106.8335,41.74463],[-106.83379,41.74492],[-106.83393,41.74505],[-106.83416,41.74531],[-106.83424,41.74542],[-106.83435,41.74555],[-106.83444,41.74568],[-106.83461,41.74595],[-106.83482,41.74634],[-106.83488,41.74646],[-106.83502,41.74684],[-106.83513,41.74725],[-106.83516,41.74739],[-106.83518,41.74755],[-106.83521,41.74774],[-106.83524,41.74809],[-106.83521,41.74851],[-106.83519,41.74863],[-106.83518,41.74873],[-106.83516,41.74881],[-106.83512,41.74901],[-106.83508,41.74916],[-106.83499,41.74942],[-106.83492,41.7496],[-106.8348,41.74987],[-106.83472,41.75003],[-106.83463,41.75019],[-106.83461,41.75024],[-106.83453,41.75035],[-106.83452,41.75037],[-106.83441,41.75054],[-106.83432,41.75066],[-106.83415,41.75086],[-106.83392,41.75112],[-106.83374,41.75131],[-106.83359,41.75145],[-106.83346,41.75156],[-106.83324,41.75173],[-106.83316,41.7518],[-106.83306,41.75187],[-106.83289,41.752],[-106.83228,41.75236],[-106.83203,41.75249],[-106.82592,41.75548],[-106.82552,41.75567],[-106.81633,41.76018],[-106.81613,41.76027],[-106.80001,41.76818],[-106.7998,41.76827],[-106.79517,41.77055],[-106.79335,41.77143],[-106.79194,41.77213],[-106.77918,41.77834],[-106.77838,41.77874],[-106.77757,41.77913],[-106.77133,41.7822],[-106.77116,41.78228],[-106.77056,41.78258],[-106.77004,41.78286],[-106.76941,41.78323],[-106.76858,41.78376],[-106.76816,41.78404],[-106.76794,41.78421],[-106.76788,41.78426],[-106.7671,41.78486],[-106.76627,41.78554],[-106.76501,41.7866],[-106.76485,41.78674],[-106.76448,41.78705],[-106.76348,41.78786],[-106.76312,41.78813],[-106.76246,41.78855],[-106.76154,41.78911],[-106.7607,41.78954],[-106.76038,41.78969],[-106.76015,41.78979],[-106.75812,41.7906],[-106.75352,41.79235],[-106.75268,41.79262],[-106.75243,41.79269],[-106.75203,41.79281],[-106.75164,41.79292],[-106.75115,41.79304],[-106.75087,41.7931],[-106.75053,41.79318],[-106.74925,41.79343],[-106.74877,41.7935],[-106.74784,41.79362],[-106.74628,41.79377],[-106.74597,41.79379],[-106.74448,41.79393],[-106.74413,41.79395],[-106.74085,41.79422],[-106.7406,41.79425],[-106.72663,41.79546],[-106.72659,41.79546],[-106.72541,41.79557],[-106.72512,41.79561],[-106.72454,41.79568],[-106.7234,41.79587],[-106.72272,41.79602],[-106.72208,41.79618],[-106.72107,41.79645],[-106.72089,41.79651],[-106.72053,41.79662],[-106.71952,41.79697],[-106.71925,41.79707],[-106.71802,41.79755],[-106.71647,41.79813],[-106.70797,41.80139],[-106.70628,41.80198],[-106.69489,41.80576],[-106.69478,41.80579],[-106.69456,41.80587],[-106.6916,41.80686],[-106.69118,41.80701],[-106.69081,41.80715],[-106.69042,41.80728],[-106.65797,41.81953],[-106.65754,41.8197],[-106.65739,41.81975],[-106.65732,41.81978],[-106.64973,41.82264],[-106.64971,41.82265],[-106.64747,41.82351],[-106.64591,41.82408],[-106.64542,41.82424],[-106.64488,41.82443],[-106.64386,41.82476],[-106.6437,41.8248],[-106.64338,41.8249],[-106.64264,41.8251],[-106.64251,41.82514],[-106.64119,41.82549],[-106.63898,41.82598],[-106.63838,41.8261],[-106.62807,41.8279],[-106.62636,41.82821],[-106.62496,41.82848],[-106.62477,41.82851],[-106.62356,41.82876],[-106.62331,41.8288],[-106.62161,41.82917],[-106.62147,41.82921],[-106.62032,41.82947],[-106.62026,41.82948],[-106.62009,41.82953],[-106.61917,41.82975],[-106.61871,41.82985],[-106.61776,41.8301],[-106.61568,41.83068],[-106.60512,41.83377],[-106.60273,41.83449],[-106.59219,41.8376],[-106.59032,41.83814],[-106.5893,41.83846],[-106.58921,41.83848],[-106.58908,41.83853],[-106.58841,41.83874],[-106.58767,41.83901],[-106.58669,41.83941],[-106.58626,41.8396],[-106.58584,41.8398],[-106.58564,41.83989],[-106.58517,41.84012],[-106.58488,41.84027],[-106.58468,41.84038],[-106.58464,41.8404],[-106.58455,41.84045],[-106.58411,41.84071],[-106.58285,41.8415],[-106.58278,41.84154],[-106.5826,41.84166],[-106.58158,41.8423],[-106.58114,41.84259],[-106.58113,41.8426],[-106.58076,41.84282],[-106.58075,41.84283],[-106.58033,41.84308],[-106.5798,41.84338],[-106.57943,41.84358],[-106.57942,41.84359],[-106.57906,41.84379],[-106.57852,41.84407],[-106.57803,41.84431],[-106.57731,41.84465],[-106.57709,41.84476],[-106.57688,41.84484],[-106.57653,41.845],[-106.57619,41.84513],[-106.57564,41.84536],[-106.57446,41.84581],[-106.57381,41.84604],[-106.56992,41.84734],[-106.5674,41.84816],[-106.5662,41.84858],[-106.5659,41.84867],[-106.55767,41.85136],[-106.55745,41.85144],[-106.55239,41.8531],[-106.55224,41.85313],[-106.55223,41.85313],[-106.55223,41.85314],[-106.54974,41.85395],[-106.54932,41.8541],[-106.54669,41.85494],[-106.54658,41.85498],[-106.54656,41.85498],[-106.54635,41.85508],[-106.54422,41.85577],[-106.544,41.85585],[-106.54356,41.85599],[-106.54282,41.85625],[-106.53518,41.85876],[-106.53495,41.85884],[-106.53208,41.85978],[-106.53185,41.85986],[-106.53075,41.86022],[-106.53053,41.8603],[-106.53008,41.86044],[-106.52986,41.86052],[-106.52942,41.86066],[-106.52854,41.86096],[-106.5281,41.8611],[-106.527,41.86147],[-106.52689,41.86146],[-106.52667,41.86152],[-106.52616,41.86167],[-106.52599,41.86173],[-106.52534,41.86194],[-106.52477,41.86214],[-106.52303,41.8627],[-106.52178,41.86314],[-106.52169,41.86321],[-106.5215,41.86326],[-106.52003,41.86375],[-106.51848,41.86425],[-106.51826,41.86433],[-106.51724,41.86466],[-106.51715,41.86468],[-106.51693,41.86476],[-106.51555,41.86523],[-106.51482,41.8655],[-106.51454,41.86562],[-106.51325,41.86613],[-106.51264,41.8664],[-106.51246,41.86649],[-106.51044,41.86739],[-106.50992,41.86763],[-106.50913,41.86798],[-106.50806,41.86847],[-106.50776,41.8686],[-106.5067,41.86909],[-106.50507,41.86981],[-106.50466,41.87],[-106.50453,41.87005],[-106.50327,41.87061],[-106.50257,41.87091],[-106.49947,41.8723],[-106.49937,41.87235],[-106.49824,41.87287],[-106.49803,41.87296],[-106.4977,41.87311],[-106.49472,41.87461],[-106.494,41.87499],[-106.49214,41.87602],[-106.47845,41.88381],[-106.4773,41.88444],[-106.47694,41.88463],[-106.47542,41.88537],[-106.47463,41.88574],[-106.47293,41.88644],[-106.47184,41.88686],[-106.47156,41.88696],[-106.46988,41.88753],[-106.46848,41.88799],[-106.4682,41.88809],[-106.46582,41.88885],[-106.46316,41.88972],[-106.46308,41.88974],[-106.46107,41.8904],[-106.45999,41.89077],[-106.45857,41.89124],[-106.45853,41.89125],[-106.45699,41.89177],[-106.45694,41.89179],[-106.45633,41.89201],[-106.4557,41.89227],[-106.4553,41.89242],[-106.45382,41.89303],[-106.45379,41.89304],[-106.45064,41.89437],[-106.45046,41.89445],[-106.45043,41.89446],[-106.44772,41.89558],[-106.44437,41.89699],[-106.44258,41.89767],[-106.43934,41.89879],[-106.43929,41.89881],[-106.43093,41.90171],[-106.4308,41.90175],[-106.42974,41.90211],[-106.42698,41.90309],[-106.42629,41.90332],[-106.42513,41.90377],[-106.4247,41.90395],[-106.42389,41.90433],[-106.4235,41.90453],[-106.42296,41.90482],[-106.42171,41.90557],[-106.4194,41.90704],[-106.41865,41.90749],[-106.41827,41.9077],[-106.41789,41.9079],[-106.41731,41.90816],[-106.41636,41.90855],[-106.41511,41.90899],[-106.41462,41.90913],[-106.41376,41.90934],[-106.41314,41.90946],[-106.41246,41.90958],[-106.40925,41.91006],[-106.39709,41.91195],[-106.39486,41.91227],[-106.39396,41.91238],[-106.39177,41.9126],[-106.39094,41.91266],[-106.38993,41.91271],[-106.38813,41.91277],[-106.38209,41.9128],[-106.38119,41.91282],[-106.3613,41.91303],[-106.36086,41.91304],[-106.35961,41.91305],[-106.35765,41.91301],[-106.35634,41.91294],[-106.34986,41.91244],[-106.34293,41.91183],[-106.32898,41.91066],[-106.32599,41.91038],[-106.3248,41.91024],[-106.32459,41.91022],[-106.32267,41.90994],[-106.3224,41.90988],[-106.31942,41.90935],[-106.31923,41.90932],[-106.2961,41.90517],[-106.29601,41.90516],[-106.29494,41.90497],[-106.2939,41.90477],[-106.27405,41.90122],[-106.27089,41.90064],[-106.2603,41.89875],[-106.25938,41.8986],[-106.2584,41.89846],[-106.25817,41.89844],[-106.25677,41.89828],[-106.25676,41.89828],[-106.25621,41.89822],[-106.2558,41.89819],[-106.25573,41.89818],[-106.25502,41.89813],[-106.24279,41.89752],[-106.24254,41.8975],[-106.20947,41.89588],[-106.20323,41.89555],[-106.20171,41.8955],[-106.20136,41.8955],[-106.20087,41.89551],[-106.19946,41.89558],[-106.19111,41.89609],[-106.18997,41.89613],[-106.18895,41.89613],[-106.18799,41.89609],[-106.18719,41.89603],[-106.18619,41.89592],[-106.1858,41.89587],[-106.18558,41.89583],[-106.18547,41.89582],[-106.18489,41.89572],[-106.18377,41.89551],[-106.18332,41.8954],[-106.18205,41.89507],[-106.18172,41.89496],[-106.18148,41.89489],[-106.18081,41.89467],[-106.17971,41.89425],[-106.16076,41.88607],[-106.15132,41.88188],[-106.13268,41.87349],[-106.12519,41.87015],[-106.12304,41.86927],[-106.12288,41.86922],[-106.12183,41.86884],[-106.12108,41.86858],[-106.12095,41.86854],[-106.1203,41.86832],[-106.11805,41.86763],[-106.1167,41.86726],[-106.1165,41.8672],[-106.11438,41.86669],[-106.11349,41.8665],[-106.11173,41.86616],[-106.11081,41.866],[-106.11019,41.8659],[-106.10884,41.8657],[-106.10754,41.86553],[-106.10637,41.8654],[-106.10421,41.86521],[-106.10247,41.86511],[-106.10001,41.86504],[-106.08473,41.86494],[-106.07273,41.86476],[-106.07207,41.86473],[-106.07141,41.86469],[-106.07054,41.86461],[-106.07049,41.8646],[-106.06792,41.86422],[-106.06707,41.86401],[-106.06648,41.86385],[-106.06578,41.86364],[-106.06524,41.86346],[-106.06492,41.86336],[-106.064,41.86302],[-106.06244,41.86236],[-106.06238,41.86234],[-106.06098,41.86163],[-106.06095,41.86162],[-106.0586,41.8604],[-106.05079,41.85629],[-106.04989,41.85583],[-106.04773,41.85468],[-106.04713,41.85434],[-106.04696,41.85423],[-106.04653,41.85398],[-106.04583,41.85355],[-106.04502,41.85303],[-106.04492,41.85297],[-106.04446,41.85266],[-106.04364,41.85208],[-106.04289,41.85152],[-106.04061,41.84987],[-106.02959,41.84178],[-106.02852,41.84101],[-106.0106,41.82784],[-106.01004,41.82744],[-106.00072,41.82058],[-105.99898,41.81927],[-105.99642,41.81737],[-105.99556,41.81672],[-105.99515,41.81643],[-105.99214,41.8142],[-105.99101,41.81335],[-105.99009,41.81262],[-105.9897,41.8123],[-105.98966,41.81226],[-105.98917,41.81182],[-105.98876,41.81141],[-105.9882,41.81081],[-105.98795,41.81052],[-105.98742,41.80984],[-105.98711,41.80943],[-105.98702,41.80929],[-105.98697,41.80923],[-105.98685,41.80905],[-105.98668,41.80877],[-105.98649,41.80849],[-105.98606,41.80771],[-105.98588,41.80731],[-105.9855,41.80639],[-105.9853,41.80584],[-105.9851,41.80515],[-105.98493,41.80441],[-105.98484,41.8038],[-105.98455,41.80041],[-105.98414,41.79518],[-105.98391,41.79279],[-105.98303,41.7819],[-105.98298,41.78143],[-105.98294,41.78098],[-105.98293,41.78096],[-105.98277,41.77989],[-105.98268,41.77949],[-105.98253,41.77889],[-105.98244,41.77856],[-105.98215,41.77763],[-105.98207,41.77741],[-105.98197,41.77717],[-105.98172,41.77653],[-105.98156,41.77616],[-105.9813,41.7756],[-105.98107,41.77517],[-105.98069,41.7745],[-105.98046,41.77411],[-105.97992,41.77327],[-105.97977,41.77306],[-105.97941,41.77258],[-105.97902,41.77209],[-105.97873,41.77174],[-105.9783,41.7712],[-105.97815,41.77103],[-105.97802,41.77085],[-105.97754,41.77013],[-105.97713,41.76944],[-105.97699,41.76919],[-105.97669,41.76859],[-105.97657,41.76833],[-105.9765,41.76819],[-105.97637,41.76788],[-105.97624,41.76754],[-105.9758,41.76614],[-105.97575,41.76593],[-105.97566,41.76549],[-105.97564,41.76535],[-105.97559,41.76506],[-105.97557,41.76484],[-105.97553,41.76448],[-105.97552,41.7643],[-105.9755,41.76405],[-105.97548,41.76345],[-105.9755,41.75871],[-105.97552,41.75836],[-105.97552,41.75365],[-105.97553,41.75301],[-105.97553,41.75204],[-105.97552,41.75176],[-105.97552,41.74681],[-105.97551,41.74585],[-105.97551,41.74428],[-105.97552,41.74331],[-105.97551,41.7413],[-105.97552,41.74048],[-105.9755,41.74007],[-105.97549,41.73862],[-105.97548,41.73848],[-105.97546,41.73832],[-105.97544,41.73819],[-105.97541,41.73805],[-105.97534,41.7378],[-105.97523,41.73752],[-105.97512,41.73727],[-105.97505,41.73715],[-105.97481,41.73678],[-105.97445,41.73631],[-105.97443,41.73629],[-105.97395,41.73572],[-105.9738,41.73553],[-105.97355,41.73524],[-105.97312,41.73476],[-105.97271,41.73433],[-105.97233,41.73395],[-105.97149,41.73317],[-105.97122,41.73294],[-105.97095,41.7327],[-105.96958,41.73163],[-105.96691,41.72958],[-105.9669,41.72957],[-105.96627,41.72911],[-105.96623,41.72907],[-105.96582,41.7288],[-105.96567,41.72873],[-105.96545,41.72861],[-105.96522,41.7285],[-105.96499,41.7284],[-105.96471,41.72829],[-105.96441,41.72818],[-105.96411,41.72808],[-105.96375,41.72798],[-105.96347,41.72791],[-105.96296,41.72782],[-105.96024,41.72746],[-105.9601,41.72745],[-105.9587,41.72727],[-105.95677,41.72705],[-105.94871,41.72606],[-105.94139,41.72513],[-105.9384,41.72473],[-105.93746,41.72459],[-105.93722,41.72455],[-105.93565,41.72432],[-105.93462,41.72418],[-105.93437,41.72414],[-105.93217,41.72385],[-105.93149,41.72375],[-105.93142,41.72372],[-105.93138,41.7237],[-105.93133,41.7237],[-105.92967,41.72346],[-105.92919,41.72341],[-105.92886,41.72337],[-105.92881,41.72336],[-105.92597,41.72295],[-105.92579,41.72292],[-105.92147,41.72231],[-105.92142,41.7223],[-105.91932,41.72201],[-105.91887,41.72194],[-105.91786,41.7218],[-105.91768,41.72178],[-105.91578,41.72153],[-105.91516,41.72144],[-105.91507,41.72143],[-105.91479,41.72139],[-105.91436,41.72134],[-105.91151,41.72097],[-105.91108,41.72092],[-105.90464,41.72007],[-105.90329,41.71988],[-105.90293,41.71981],[-105.90254,41.71975],[-105.90157,41.71956],[-105.90117,41.71949],[-105.90075,41.7194],[-105.90017,41.7193],[-105.89948,41.71917],[-105.89819,41.71891],[-105.89752,41.71879],[-105.89695,41.71867],[-105.89603,41.7185],[-105.89573,41.71845],[-105.8955,41.7184],[-105.89462,41.71823],[-105.89411,41.71814],[-105.89318,41.71796],[-105.89246,41.71783],[-105.89225,41.71778],[-105.89106,41.71757],[-105.89057,41.71749],[-105.8896,41.7173],[-105.88934,41.71724],[-105.88844,41.71705],[-105.88775,41.71689],[-105.88742,41.71682],[-105.88642,41.71656],[-105.88555,41.71631],[-105.88406,41.71583],[-105.88388,41.71576],[-105.88308,41.71547],[-105.88187,41.71499],[-105.88136,41.71477],[-105.88096,41.71459],[-105.8805,41.71437],[-105.88047,41.71436],[-105.88027,41.71426],[-105.88019,41.71421],[-105.87996,41.7141],[-105.87987,41.71405],[-105.87889,41.71354],[-105.87771,41.71288],[-105.87698,41.71244],[-105.87674,41.71229],[-105.87603,41.71183],[-105.87578,41.71165],[-105.87553,41.71149],[-105.87535,41.71136],[-105.87406,41.71053],[-105.87163,41.70894],[-105.87144,41.70883],[-105.87054,41.70823],[-105.86373,41.7038],[-105.8631,41.70338],[-105.86011,41.70143],[-105.85957,41.70107],[-105.85944,41.70099],[-105.85939,41.70095],[-105.85881,41.70058],[-105.8588,41.70057],[-105.85812,41.70012],[-105.85796,41.70002],[-105.85794,41.70001],[-105.85741,41.69967],[-105.85739,41.69966],[-105.85702,41.69942],[-105.85686,41.69931],[-105.8563,41.69895],[-105.85485,41.69799],[-105.85484,41.69799],[-105.85416,41.69754],[-105.85376,41.69729],[-105.8536,41.69718],[-105.85315,41.69691],[-105.8517,41.69607],[-105.85085,41.6956],[-105.84971,41.69503],[-105.8497,41.69503],[-105.84841,41.69441],[-105.84369,41.69221],[-105.84359,41.69216],[-105.84338,41.69207],[-105.8406,41.69076],[-105.83664,41.68893],[-105.83646,41.68884],[-105.83582,41.68855],[-105.83562,41.68845],[-105.83467,41.68801],[-105.83358,41.68749],[-105.83276,41.68712],[-105.83112,41.68636],[-105.83091,41.68627],[-105.82668,41.68427],[-105.82523,41.6836],[-105.82518,41.68358],[-105.82428,41.68316],[-105.82416,41.6831],[-105.81336,41.67806],[-105.81272,41.67777],[-105.81114,41.67703],[-105.81109,41.677],[-105.80994,41.67648],[-105.80885,41.67596],[-105.80824,41.67565],[-105.8079,41.67547],[-105.80751,41.67525],[-105.80723,41.6751],[-105.80665,41.67474],[-105.80643,41.67461],[-105.80619,41.67445],[-105.80599,41.6743],[-105.80548,41.67395],[-105.80518,41.67373],[-105.80434,41.67303],[-105.80396,41.67269],[-105.80371,41.67245],[-105.80363,41.67238],[-105.80266,41.67146],[-105.80257,41.67138],[-105.80208,41.6709],[-105.79763,41.66672],[-105.78888,41.65844],[-105.78884,41.65841],[-105.78807,41.65767],[-105.78736,41.65697],[-105.78717,41.65677],[-105.78701,41.65661],[-105.78618,41.65568],[-105.78605,41.65554],[-105.78548,41.65486],[-105.78491,41.65414],[-105.78302,41.65165],[-105.7828,41.65137],[-105.78229,41.65068],[-105.78195,41.65026],[-105.78174,41.64998],[-105.78158,41.64978],[-105.78139,41.64952],[-105.77961,41.64718],[-105.77945,41.64696],[-105.77853,41.64574],[-105.7779,41.64493],[-105.77598,41.64241],[-105.77576,41.64211],[-105.77514,41.64131],[-105.77503,41.64119],[-105.77487,41.64097],[-105.77445,41.64046],[-105.77375,41.63966],[-105.77312,41.639],[-105.77312,41.63899],[-105.772,41.63787],[-105.77079,41.63669],[-105.76976,41.63571],[-105.76711,41.63314],[-105.76683,41.63286],[-105.76614,41.63219],[-105.76594,41.63201],[-105.7646,41.6307],[-105.76356,41.62976],[-105.76254,41.62891],[-105.76141,41.62802],[-105.76078,41.62755],[-105.75992,41.62695],[-105.75937,41.62659],[-105.75902,41.62637],[-105.75814,41.62579],[-105.75768,41.6255],[-105.75735,41.62528],[-105.75465,41.62354],[-105.75243,41.62209],[-105.74518,41.61741],[-105.74464,41.61705],[-105.74398,41.61663],[-105.74394,41.61661],[-105.74363,41.61641],[-105.74361,41.61639],[-105.74225,41.61551],[-105.74179,41.61522],[-105.74057,41.61442],[-105.73779,41.61263],[-105.73766,41.61255],[-105.73761,41.61251],[-105.73518,41.61094],[-105.73384,41.61006],[-105.73343,41.6098],[-105.73205,41.60889],[-105.73118,41.60834],[-105.73052,41.60791],[-105.73034,41.6078],[-105.72847,41.60659],[-105.72775,41.60614],[-105.72529,41.60454],[-105.72429,41.60387],[-105.72324,41.60312],[-105.72251,41.60256],[-105.7219,41.60207],[-105.72188,41.60205],[-105.72099,41.60131],[-105.71854,41.59921],[-105.71845,41.59914],[-105.71337,41.59483],[-105.71325,41.59472],[-105.71182,41.59349],[-105.71181,41.59348],[-105.71132,41.59306],[-105.71103,41.59282],[-105.71084,41.59265],[-105.71055,41.59241],[-105.70999,41.59193],[-105.7096,41.59161],[-105.70427,41.58705],[-105.7038,41.58666],[-105.70195,41.58507],[-105.70181,41.58496],[-105.70062,41.58394],[-105.70052,41.58385],[-105.70035,41.58371],[-105.70021,41.58358],[-105.70016,41.58354],[-105.69978,41.58321],[-105.69932,41.58279],[-105.69914,41.58261],[-105.69904,41.5825],[-105.69881,41.58231],[-105.69859,41.58202],[-105.69843,41.58182],[-105.69831,41.58164],[-105.69819,41.58148],[-105.6979,41.58106],[-105.6975,41.58041],[-105.69722,41.57988],[-105.69618,41.57761],[-105.69581,41.5769],[-105.69577,41.57684],[-105.69538,41.57617],[-105.6943,41.57436],[-105.69416,41.57409],[-105.6941,41.57399],[-105.69392,41.57367],[-105.6935,41.57288],[-105.69302,41.57193],[-105.69202,41.56975],[-105.69169,41.56911],[-105.69161,41.56894],[-105.6914,41.56853],[-105.69119,41.56814],[-105.69114,41.56806],[-105.69101,41.5678],[-105.69096,41.56772],[-105.69088,41.56756],[-105.69046,41.56681],[-105.69041,41.56673],[-105.68978,41.56565],[-105.68857,41.56367],[-105.68773,41.56225],[-105.68735,41.56163],[-105.68706,41.56113],[-105.68703,41.56109],[-105.68693,41.56092],[-105.68661,41.5604],[-105.6863,41.55988],[-105.68623,41.55977],[-105.686,41.55938],[-105.68574,41.55896],[-105.68568,41.55885],[-105.68418,41.55638],[-105.68339,41.55505],[-105.68316,41.55469],[-105.68275,41.55397],[-105.68257,41.55361],[-105.68218,41.55292],[-105.68205,41.55271],[-105.68196,41.55255],[-105.68149,41.55178],[-105.6805,41.55021],[-105.68037,41.55003],[-105.67915,41.548],[-105.67879,41.54742],[-105.67831,41.54662],[-105.6775,41.5453],[-105.6771,41.54463],[-105.67676,41.54408],[-105.67458,41.54043],[-105.67356,41.53876],[-105.67302,41.53785],[-105.66836,41.53014],[-105.66802,41.52956],[-105.66771,41.52906],[-105.66281,41.52089],[-105.66142,41.5186],[-105.66108,41.51802],[-105.66096,41.51783],[-105.65595,41.50951],[-105.65586,41.50934],[-105.65552,41.50878],[-105.65546,41.50869],[-105.65081,41.50093],[-105.65069,41.50072],[-105.64944,41.49867],[-105.6483,41.49677],[-105.64793,41.49617],[-105.64739,41.49526],[-105.64645,41.49371],[-105.64639,41.4936],[-105.64568,41.49243],[-105.64566,41.49239],[-105.64463,41.49069],[-105.64448,41.49043],[-105.6423,41.48682],[-105.64224,41.48671],[-105.64149,41.48546],[-105.63939,41.48208],[-105.63928,41.48192],[-105.63921,41.4818],[-105.63629,41.47714],[-105.63623,41.47705],[-105.63608,41.4768],[-105.63424,41.47387],[-105.63423,41.47385],[-105.63006,41.46719],[-105.62979,41.46677],[-105.62946,41.46623],[-105.62919,41.46582],[-105.6284,41.46455],[-105.62836,41.46449],[-105.62821,41.46424],[-105.62814,41.46414],[-105.62802,41.46394],[-105.62765,41.46335],[-105.62764,41.46334],[-105.62736,41.46289],[-105.62705,41.46237],[-105.62701,41.46231],[-105.62667,41.46172],[-105.62651,41.46141],[-105.6264,41.46121],[-105.62637,41.46115],[-105.62624,41.46091],[-105.62597,41.46037],[-105.62588,41.4602],[-105.62583,41.46009],[-105.6256,41.45964],[-105.62549,41.45941],[-105.62536,41.45916],[-105.62532,41.45909],[-105.62526,41.45897],[-105.62523,41.45892],[-105.6248,41.45803],[-105.62474,41.45792],[-105.62316,41.45483],[-105.62299,41.45448],[-105.62109,41.45076],[-105.62067,41.44991],[-105.62048,41.44955],[-105.61801,41.44467],[-105.61793,41.4445],[-105.61767,41.444],[-105.61759,41.44383],[-105.61742,41.44349],[-105.61733,41.44332],[-105.61708,41.44282],[-105.61699,41.44265],[-105.61664,41.44195],[-105.61631,41.44131],[-105.61627,41.44122],[-105.6161,41.44089],[-105.61609,41.44086],[-105.61605,41.44079],[-105.61578,41.44025],[-105.61535,41.43942],[-105.61436,41.43745],[-105.61431,41.43736],[-105.61423,41.43719],[-105.61304,41.43483],[-105.61298,41.43472],[-105.61261,41.434],[-105.61241,41.43358],[-105.61211,41.43298],[-105.61207,41.43292],[-105.61118,41.43116],[-105.61113,41.43104],[-105.61069,41.4302],[-105.61011,41.42905],[-105.60998,41.42878],[-105.6099,41.42863],[-105.60958,41.42797],[-105.60937,41.42757],[-105.60862,41.42609],[-105.60862,41.42608],[-105.60813,41.42514],[-105.60803,41.42493],[-105.60782,41.42451],[-105.60777,41.4244],[-105.60761,41.4241],[-105.60385,41.41667],[-105.60342,41.41577],[-105.60315,41.41526],[-105.60298,41.41492],[-105.60259,41.41419],[-105.6025,41.414],[-105.60013,41.40933],[-105.60005,41.40916],[-105.59979,41.40866],[-105.59732,41.40373],[-105.59727,41.40361],[-105.59691,41.40281],[-105.59664,41.40215],[-105.59647,41.40177],[-105.59637,41.40151],[-105.59602,41.40068],[-105.59566,41.39977],[-105.59551,41.39944],[-105.59327,41.39398],[-105.5932,41.3938],[-105.59312,41.39363],[-105.59134,41.38929],[-105.59057,41.38745],[-105.59048,41.38721],[-105.58994,41.3859],[-105.58986,41.38572],[-105.58966,41.38522],[-105.58866,41.38281],[-105.58866,41.38279],[-105.58847,41.38229],[-105.5883,41.38182],[-105.58809,41.38121],[-105.58784,41.38034],[-105.58762,41.3795],[-105.58746,41.3788],[-105.58734,41.37819],[-105.58729,41.37788],[-105.58728,41.37784],[-105.58722,41.37748],[-105.58715,41.37701],[-105.58705,41.37611],[-105.58699,41.37532],[-105.58697,41.37496],[-105.58695,41.37423],[-105.58695,41.37358],[-105.58696,41.3734],[-105.58696,41.37323],[-105.58698,41.37286],[-105.58698,41.37267],[-105.58704,41.37185],[-105.58759,41.36665],[-105.5876,41.36658],[-105.58853,41.35804],[-105.58871,41.35664],[-105.58873,41.35652],[-105.58918,41.35232],[-105.5892,41.35204],[-105.5896,41.34841],[-105.58967,41.34785],[-105.58967,41.34779],[-105.58972,41.34728],[-105.58985,41.34614],[-105.5899,41.34559],[-105.59009,41.34385],[-105.59015,41.34315],[-105.59064,41.3386],[-105.59065,41.33842],[-105.59075,41.33748],[-105.59085,41.33663],[-105.59086,41.33648],[-105.59116,41.33373],[-105.59125,41.33281],[-105.59162,41.3294],[-105.59166,41.32895],[-105.59187,41.32706],[-105.59188,41.32699],[-105.59191,41.32663],[-105.59198,41.32608],[-105.59238,41.3223],[-105.59249,41.32138],[-105.59258,41.32044],[-105.59264,41.31994],[-105.59267,41.3195],[-105.59272,41.3191],[-105.59298,41.31667],[-105.5931,41.31564],[-105.59311,41.31547],[-105.59317,41.31493],[-105.59319,41.31481],[-105.5932,41.31464],[-105.59325,41.31412],[-105.59339,41.31291],[-105.59369,41.31008],[-105.59374,41.30968],[-105.59432,41.30443],[-105.59441,41.30351],[-105.59478,41.30018],[-105.59483,41.29967],[-105.59483,41.29959],[-105.59487,41.29891],[-105.59486,41.29873],[-105.59486,41.2987],[-105.59484,41.29855],[-105.59482,41.29847],[-105.59471,41.29787],[-105.59468,41.29765],[-105.59466,41.29755],[-105.57761,41.29294],[-105.57523,41.29237],[-105.57262,41.29188],[-105.5701,41.29153],[-105.5675,41.2913],[-105.56477,41.29119],[-105.5304,41.29116],[-105.52909,41.29105],[-105.52793,41.29082],[-105.52689,41.29044],[-105.52608,41.29001],[-105.52526,41.28946],[-105.52438,41.28864],[-105.51577,41.27955],[-105.5145,41.27838],[-105.51289,41.27713],[-105.51069,41.27595],[-105.50571,41.27373],[-105.50212,41.27245],[-105.50007,41.27207],[-105.49785,41.27189],[-105.49213,41.2717],[-105.49081,41.27174],[-105.48956,41.27186],[-105.48645,41.2723],[-105.48519,41.27236],[-105.48405,41.27226],[-105.48297,41.27199],[-105.48204,41.27161],[-105.48117,41.27108],[-105.47689,41.26748],[-105.47583,41.2667],[-105.47482,41.26622],[-105.47378,41.26589],[-105.47275,41.26574],[-105.47159,41.26564],[-105.46941,41.26555],[-105.46836,41.26542],[-105.46735,41.26514],[-105.46641,41.2647],[-105.4655,41.26417],[-105.46401,41.26324],[-105.46308,41.26278],[-105.46226,41.26248],[-105.46113,41.26216],[-105.45985,41.26181],[-105.45876,41.26144],[-105.45765,41.26097],[-105.45643,41.26033],[-105.44876,41.25562],[-105.44749,41.2547],[-105.44662,41.25388],[-105.44585,41.25294],[-105.44508,41.25173],[-105.43884,41.24181],[-105.4383,41.24075],[-105.43782,41.23955],[-105.43751,41.23855],[-105.43672,41.23457],[-105.43671,41.2335],[-105.4369,41.23258],[-105.43729,41.23161],[-105.43778,41.23073],[-105.43827,41.22989],[-105.43864,41.22908],[-105.43886,41.22817],[-105.43893,41.22746],[-105.43888,41.22671],[-105.43867,41.22569],[-105.43819,41.2236],[-105.43808,41.22285],[-105.43813,41.22208],[-105.43834,41.22095],[-105.44111,41.21277],[-105.44131,41.21178],[-105.44133,41.21079],[-105.4412,41.20988],[-105.44082,41.20888],[-105.43916,41.20625],[-105.4383,41.20513],[-105.42519,41.19109],[-105.42406,41.1897],[-105.42309,41.18811],[-105.42257,41.18672],[-105.4217,41.18292],[-105.42128,41.18159],[-105.42059,41.18007],[-105.41975,41.17869],[-105.40861,41.16335],[-105.40631,41.16072],[-105.4041,41.15856],[-105.40161,41.15662],[-105.39927,41.15501],[-105.39668,41.15351],[-105.38582,41.14793],[-105.38386,41.14711],[-105.38192,41.14646],[-105.37547,41.14461],[-105.37121,41.14356],[-105.36455,41.14269],[-105.35997,41.14132],[-105.35534,41.13934],[-105.35215,41.13751],[-105.34334,41.13121],[-105.34013,41.12935],[-105.33679,41.12799],[-105.3328,41.12709],[-105.32787,41.1264],[-105.32254,41.12598],[-105.31043,41.12548],[-105.30892,41.12539],[-105.30726,41.12522],[-105.29765,41.12399],[-105.29564,41.12368],[-105.29371,41.12326],[-105.29189,41.12275],[-105.28972,41.12201],[-105.28801,41.12127],[-105.28613,41.12033],[-105.2733,41.11376],[-105.27139,41.11297],[-105.26939,41.11232],[-105.25262,41.10739],[-105.24723,41.10588],[-105.24505,41.10541],[-105.24277,41.10507],[-105.24062,41.10487],[-105.23834,41.10477],[-105.22914,41.10477],[-105.227,41.10466],[-105.22524,41.10444],[-105.22338,41.10408],[-105.22163,41.10362],[-105.22005,41.10308],[-105.21829,41.10233],[-105.21079,41.09891],[-105.20889,41.09798],[-105.20651,41.09678],[-105.20522,41.09624],[-105.20386,41.0958],[-105.20227,41.09544],[-105.20055,41.09524],[-105.19907,41.09518],[-105.19747,41.09527],[-105.19594,41.09546],[-105.19233,41.09595],[-105.1902,41.09617],[-105.18816,41.09629],[-105.18076,41.09659],[-105.17745,41.09678],[-105.16579,41.09777],[-105.16312,41.09805],[-105.16137,41.09835],[-105.15609,41.09944],[-105.15426,41.09973],[-105.15275,41.09988],[-105.15127,41.09994],[-105.14994,41.09993],[-105.14847,41.09984],[-105.13911,41.09881],[-105.13679,41.09866],[-105.1348,41.09859],[-105.13242,41.09864],[-105.12669,41.09879],[-105.12398,41.09881],[-105.12148,41.09872],[-105.11881,41.09856],[-105.11631,41.09833],[-105.11361,41.098],[-105.10948,41.09741],[-105.10752,41.09722],[-105.10591,41.09722],[-105.10427,41.09731],[-105.10267,41.09752],[-105.10093,41.09786],[-105.09698,41.09881],[-105.09508,41.09914],[-105.09347,41.0993],[-105.08312,41.09993],[-105.07998,41.10003],[-105.07671,41.10003],[-105.06701,41.09996],[-105.06506,41.10008],[-105.06299,41.10032],[-105.04525,41.10303],[-105.04306,41.10323],[-105.04069,41.10331],[-105.03568,41.10343],[-105.03362,41.10336],[-105.03153,41.10312],[-105.0208,41.10136],[-105.01852,41.10113],[-105.01629,41.1011],[-105.01413,41.10121],[-105.01217,41.1015],[-105.01001,41.10195],[-104.99313,41.10674],[-104.99078,41.10727],[-104.98825,41.10761],[-104.96993,41.10977],[-104.96767,41.10997],[-104.95472,41.11084],[-104.95201,41.11107],[-104.92336,41.11408],[-104.92062,41.11443],[-104.9091,41.11637],[-104.90706,41.11657],[-104.90513,41.11663],[-104.86803,41.11678],[-104.86641,41.11667],[-104.86487,41.11639],[-104.86319,41.11585],[-104.86036,41.11468],[-104.85392,41.11712],[-104.85215,41.11784],[-104.85069,41.1185],[-104.84195,41.1226],[-104.84109,41.12296],[-104.8404,41.12318],[-104.83962,41.12338],[-104.8368,41.1241],[-104.83567,41.12442],[-104.83462,41.12478],[-104.83338,41.12527],[-104.83244,41.1257],[-104.83146,41.12621],[-104.82902,41.12756],[-104.82846,41.12784],[-104.82771,41.12813],[-104.81645,41.13234],[-104.81419,41.13314],[-104.8041,41.13692],[-104.80361,41.13701],[-104.80319,41.13703],[-104.80282,41.13698],[-104.80233,41.13686],[-104.79989,41.13627],[-104.7994,41.13622],[-104.79891,41.13623],[-104.79848,41.13636],[-104.7981,41.13651],[-104.79767,41.13676],[-104.7951,41.13825],[-104.7947,41.13839],[-104.79438,41.13845],[-104.79392,41.13846],[-104.77774,41.13839],[-104.77557,41.13841],[-104.76853,41.13855],[-104.76767,41.13861],[-104.7672,41.13871],[-104.76672,41.13888],[-104.76618,41.13917],[-104.76369,41.14078],[-104.76305,41.1411],[-104.76229,41.14136],[-104.76172,41.14148],[-104.7613,41.14151],[-104.76116,41.14152],[-104.76036,41.14165],[-104.75983,41.14174],[-104.75958,41.14179],[-104.7593,41.14185],[-104.75909,41.14191],[-104.75889,41.14198],[-104.75888,41.14198],[-104.75861,41.1421],[-104.75849,41.14216],[-104.75838,41.14222],[-104.75827,41.14228],[-104.75816,41.14235],[-104.75806,41.14243],[-104.75805,41.14243],[-104.758,41.14248],[-104.75775,41.14271],[-104.75774,41.14282],[-104.75761,41.14301],[-104.7575,41.14316],[-104.7574,41.14334],[-104.75721,41.14367],[-104.75694,41.14415],[-104.75683,41.14435],[-104.75675,41.14449],[-104.75666,41.14463],[-104.75655,41.1448],[-104.75645,41.14495],[-104.75633,41.14509],[-104.7563,41.14512],[-104.75614,41.1453],[-104.75602,41.14543],[-104.75595,41.14544],[-104.75593,41.14546],[-104.7559,41.14548],[-104.75569,41.14563],[-104.75554,41.14574],[-104.75544,41.14582],[-104.75517,41.14601],[-104.75501,41.14612],[-104.75463,41.14636],[-104.75419,41.14665],[-104.7535,41.1471],[-104.7531,41.14735],[-104.75252,41.14771],[-104.75207,41.14798],[-104.75164,41.14823],[-104.75114,41.1485],[-104.75082,41.14866],[-104.75042,41.14886],[-104.74996,41.14907],[-104.74983,41.14913],[-104.74967,41.1492],[-104.74938,41.14932],[-104.74888,41.14951],[-104.74833,41.14972],[-104.74735,41.15007],[-104.74713,41.15015],[-104.74691,41.15023],[-104.74529,41.1508],[-104.74439,41.15113],[-104.74292,41.15166],[-104.74249,41.15181],[-104.7424,41.15184],[-104.74235,41.15186],[-104.74222,41.1519],[-104.74214,41.15193],[-104.74027,41.1526],[-104.74018,41.15268],[-104.73956,41.1529],[-104.73798,41.15344],[-104.73674,41.15388],[-104.736,41.15415],[-104.73561,41.15429],[-104.73516,41.15445],[-104.7346,41.15465],[-104.7343,41.15475],[-104.73386,41.15489],[-104.73274,41.1553],[-104.7324,41.15543],[-104.73091,41.15597],[-104.73062,41.15606],[-104.73,41.15628],[-104.72938,41.1565],[-104.72917,41.15657],[-104.72898,41.15664],[-104.72853,41.15681],[-104.72831,41.15688],[-104.72803,41.15699],[-104.72761,41.15714],[-104.72723,41.15727],[-104.72718,41.15728],[-104.72666,41.15747],[-104.726,41.15771],[-104.72482,41.15813],[-104.72405,41.15839],[-104.72383,41.15847],[-104.72339,41.1586],[-104.72337,41.1586],[-104.72299,41.15872],[-104.72223,41.1589],[-104.72161,41.15905],[-104.72131,41.15911],[-104.72121,41.15913],[-104.72098,41.15918],[-104.72038,41.15928],[-104.72029,41.15929],[-104.71992,41.15935],[-104.71931,41.15944],[-104.71881,41.15951],[-104.71847,41.15954],[-104.71829,41.15956],[-104.71786,41.15958],[-104.7169,41.15963],[-104.7154,41.15964],[-104.71458,41.15965],[-104.71436,41.15965],[-104.71321,41.15966],[-104.71206,41.15965],[-104.71083,41.15964],[-104.71073,41.15964],[-104.70913,41.15963],[-104.70889,41.15963],[-104.70842,41.15962],[-104.70649,41.1596],[-104.70589,41.1596],[-104.70515,41.15959],[-104.70487,41.15959],[-104.70369,41.15958],[-104.70362,41.15958],[-104.70309,41.15958],[-104.70256,41.15958],[-104.69834,41.15954],[-104.69659,41.15953],[-104.69544,41.15951],[-104.69409,41.1595],[-104.69272,41.1595],[-104.69222,41.15949],[-104.68651,41.15946],[-104.68503,41.15945],[-104.67731,41.1594],[-104.67626,41.15939],[-104.67487,41.15938],[-104.67384,41.15937],[-104.67219,41.15936],[-104.67165,41.15936],[-104.67013,41.15935],[-104.66882,41.15934],[-104.66813,41.15933],[-104.66719,41.15932],[-104.66528,41.15931],[-104.66504,41.15931],[-104.66385,41.15931],[-104.66362,41.15931],[-104.66341,41.1593],[-104.66297,41.1593],[-104.66236,41.15929],[-104.66157,41.15929],[-104.66133,41.15929],[-104.66061,41.15928],[-104.66037,41.15928],[-104.65966,41.15927],[-104.65942,41.15927],[-104.65888,41.15927],[-104.65846,41.15926],[-104.65822,41.15926],[-104.65799,41.15926],[-104.6575,41.15923],[-104.65713,41.15923],[-104.65696,41.15923],[-104.65655,41.15923],[-104.65584,41.15925],[-104.65574,41.15925],[-104.65575,41.15864],[-104.65575,41.1581],[-104.65576,41.15756],[-104.65576,41.15702],[-104.65295,41.15754],[-104.64879,41.1581],[-104.6448,41.15844],[-104.64104,41.15856],[-104.63766,41.15855],[-104.57832,41.15824],[-104.52713,41.15821],[-104.44619,41.15651],[-104.44334,41.15652],[-104.43943,41.15667],[-104.41829,41.15769],[-104.4152,41.15774],[-104.35778,41.15751],[-104.34544,41.15762],[-104.34229,41.15782],[-104.33617,41.15855],[-104.33334,41.15875],[-104.33059,41.15881],[-104.23438,41.15867],[-104.23145,41.15857],[-104.22893,41.15838],[-104.22623,41.15804],[-104.22333,41.15752],[-104.22052,41.15683],[-104.20255,41.15219],[-104.19837,41.15123],[-104.19296,41.15017],[-104.18793,41.14933],[-104.18224,41.14858],[-104.17657,41.14804],[-104.17086,41.1477],[-104.16568,41.14752],[-104.16057,41.14756],[-104.15551,41.14772],[-104.12269,41.14972],[-104.12027,41.15002],[-104.11773,41.15058],[-104.11526,41.15142],[-104.11308,41.15238],[-104.11092,41.15359],[-104.09086,41.16503],[-104.08933,41.16607],[-104.0879,41.16724],[-104.08647,41.16872],[-104.08246,41.17315],[-104.08131,41.17413],[-104.08027,41.17477],[-104.07902,41.17526],[-104.07803,41.17552],[-104.07658,41.17573],[-104.07561,41.17577],[-104.07463,41.17574],[-104.07337,41.17562],[-104.06615,41.17484],[-104.06477,41.17481],[-104.06366,41.17492],[-104.06256,41.17511],[-104.06154,41.17544],[-104.06056,41.17586],[-104.05957,41.1764],[-104.05867,41.17701],[-104.05627,41.17903],[-104.05524,41.17974],[-104.05427,41.18031],[-104.05346,41.18073]]}},{"type":"Feature","properties":{"name":"U.S. Route 30 in Nebraska","ref":"US 30","routeRef":"US 30","routeTier":"major","routeTensDigit":3,"routeOnesDigit":"even"},"geometry":{"type":"LineString","coordinates":[[-104.05331,41.18598],[-104.04663,41.18691],[-104.04316,41.18728],[-104.00327,41.19162],[-103.99789,41.19214],[-103.99381,41.19321],[-103.97947,41.19675],[-103.976,41.19764],[-103.97192,41.19833],[-103.96141,41.20046],[-103.95054,41.20324],[-103.94727,41.204],[-103.94179,41.20591],[-103.93475,41.2089],[-103.90773,41.22015],[-103.90171,41.22271],[-103.8941,41.2287],[-103.89288,41.22914],[-103.8866,41.2315],[-103.88286,41.23258],[-103.87887,41.23313],[-103.86119,41.23272],[-103.8514,41.23238],[-103.83432,41.23255],[-103.805,41.22929],[-103.79451,41.22907],[-103.78284,41.22909],[-103.76011,41.2307],[-103.74401,41.23419],[-103.72618,41.2378],[-103.7017,41.2401],[-103.699,41.24027],[-103.68894,41.24036],[-103.67927,41.23942],[-103.67582,41.2386],[-103.67023,41.23619],[-103.66781,41.23571],[-103.66296,41.23573],[-103.64629,41.23549],[-103.64265,41.23565],[-103.63797,41.23573],[-103.61941,41.23579],[-103.59334,41.23583],[-103.58472,41.23587],[-103.57926,41.23581],[-103.56916,41.23576],[-103.54688,41.23564],[-103.54064,41.23563],[-103.53474,41.23563],[-103.52833,41.23562],[-103.51831,41.23564],[-103.51172,41.23563],[-103.49075,41.23557],[-103.47941,41.23472],[-103.47155,41.23398],[-103.45088,41.23184],[-103.41584,41.22793],[-103.40583,41.22628],[-103.38651,41.22304],[-103.37615,41.22114],[-103.35806,41.21816],[-103.35356,41.21764],[-103.33589,41.21641],[-103.31556,41.21483],[-103.31148,41.21497],[-103.2985,41.21421],[-103.29348,41.21408],[-103.27828,41.21448],[-103.27283,41.21421],[-103.26764,41.21388],[-103.25925,41.21324],[-103.25624,41.21248],[-103.25178,41.21007],[-103.24928,41.20945],[-103.24686,41.20916],[-103.23835,41.20988],[-103.23465,41.20977],[-103.21735,41.20887],[-103.19533,41.20751],[-103.18876,41.20683],[-103.17934,41.20565],[-103.17399,41.20479],[-103.16146,41.20131],[-103.13317,41.19313],[-103.12945,41.19184],[-103.12241,41.18926],[-103.10386,41.18283],[-103.09881,41.18047],[-103.09009,41.17623],[-103.06101,41.16145],[-103.04688,41.15403],[-103.03078,41.14784],[-103.02484,41.14582],[-103.02054,41.14491],[-103.01605,41.14458],[-103.00045,41.14504],[-102.99863,41.14495],[-102.99466,41.14443],[-102.98812,41.14445],[-102.98058,41.14472],[-102.96543,41.14509],[-102.94752,41.1446],[-102.94604,41.14503],[-102.9454,41.14593],[-102.94522,41.14919],[-102.93986,41.14904],[-102.9325,41.14904],[-102.90754,41.14912],[-102.89754,41.15053],[-102.89102,41.15133],[-102.8761,41.15211],[-102.84868,41.15361],[-102.80366,41.15581],[-102.78092,41.15534],[-102.76417,41.15513],[-102.75837,41.15509],[-102.75094,41.15475],[-102.74739,41.15469],[-102.74228,41.15473],[-102.73682,41.15482],[-102.68247,41.15559],[-102.65539,41.1554],[-102.6502,41.15387],[-102.62963,41.14607],[-102.61289,41.14184],[-102.58671,41.13503],[-102.56659,41.12696],[-102.54522,41.11945],[-102.51526,41.10878],[-102.50203,41.10368],[-102.48152,41.09556],[-102.47452,41.09262],[-102.45531,41.09253],[-102.45089,41.0916],[-102.43333,41.09158],[-102.41015,41.09154],[-102.37942,41.09154],[-102.34201,41.09133],[-102.30377,41.09123],[-102.27613,41.09134],[-102.2281,41.09132],[-102.19734,41.09121],[-102.18921,41.09118],[-102.1569,41.09125],[-102.14332,41.09126],[-102.13207,41.09128],[-102.11088,41.09118],[-102.06937,41.09109],[-102.05578,41.09102],[-102.02022,41.09087],[-101.97527,41.09092],[-101.95455,41.09085],[-101.92718,41.09089],[-101.92178,41.09095],[-101.91425,41.09087],[-101.90603,41.09086],[-101.90226,41.09093],[-101.89797,41.09099],[-101.89382,41.09137],[-101.88958,41.09202],[-101.87988,41.0935],[-101.84801,41.09888],[-101.83528,41.10094],[-101.8057,41.10593],[-101.7772,41.11064],[-101.77391,41.11141],[-101.7687,41.11342],[-101.75518,41.11887],[-101.75286,41.1195],[-101.75043,41.12021],[-101.74229,41.12117],[-101.72904,41.12342],[-101.71777,41.12495],[-101.69507,41.12766],[-101.69126,41.12863],[-101.68657,41.13005],[-101.68032,41.13196],[-101.6642,41.13399],[-101.66013,41.13404],[-101.65693,41.13371],[-101.63701,41.1309],[-101.63087,41.13023],[-101.61936,41.12953],[-101.61468,41.12925],[-101.59822,41.13004],[-101.58922,41.12994],[-101.57667,41.12963],[-101.55008,41.12887],[-101.5409,41.12876],[-101.53346,41.1286],[-101.52852,41.12858],[-101.52627,41.12837],[-101.51961,41.12743],[-101.51056,41.12465],[-101.5077,41.12418],[-101.48637,41.12538],[-101.47416,41.12597],[-101.45374,41.12705],[-101.44845,41.12689],[-101.44421,41.12641],[-101.41496,41.12267],[-101.4006,41.12148],[-101.38659,41.12056],[-101.38243,41.12047],[-101.37845,41.12077],[-101.37018,41.12164],[-101.36497,41.12317],[-101.3526,41.12447],[-101.34498,41.12475],[-101.32006,41.12342],[-101.30843,41.12446],[-101.30296,41.1254],[-101.27493,41.13055],[-101.26521,41.13251],[-101.24992,41.13606],[-101.23388,41.14121],[-101.21624,41.14643],[-101.20392,41.14935],[-101.19263,41.15148],[-101.18358,41.15236],[-101.13761,41.15604],[-101.11761,41.15764],[-101.10248,41.15892],[-101.09866,41.1598],[-101.09238,41.1623],[-101.08821,41.16318],[-101.08431,41.16353],[-101.08119,41.16357],[-101.07405,41.16351],[-101.07059,41.16355],[-101.06339,41.16354],[-101.05334,41.16352],[-101.0387,41.16339],[-101.02683,41.16296],[-101.01877,41.16269],[-101.01427,41.16272],[-101.00231,41.16281],[-100.98958,41.16276],[-100.96175,41.16276],[-100.94332,41.16272],[-100.92591,41.16262],[-100.87377,41.16237],[-100.8346,41.16242],[-100.82313,41.16237],[-100.82165,41.16237],[-100.81907,41.16172],[-100.81716,41.16048],[-100.81162,41.15506],[-100.81074,41.15389],[-100.80866,41.15265],[-100.8058,41.1516],[-100.79151,41.14834],[-100.78157,41.14827],[-100.77424,41.14788],[-100.77104,41.14761],[-100.76099,41.1463],[-100.73917,41.14329],[-100.7351,41.14283],[-100.7325,41.14178],[-100.73086,41.14034],[-100.72841,41.13652],[-100.72677,41.13293],[-100.7266,41.13189],[-100.72314,41.13208],[-100.71119,41.13346],[-100.69482,41.13526],[-100.69222,41.13533],[-100.68919,41.1348],[-100.68625,41.13349],[-100.65462,41.11902],[-100.64216,41.11334],[-100.63533,41.11125],[-100.58633,41.09653],[-100.55387,41.08681],[-100.55154,41.08589],[-100.54938,41.08465],[-100.5467,41.0838],[-100.54575,41.08373],[-100.5396,41.08417],[-100.53727,41.08371],[-100.5333,41.08161],[-100.51722,41.07674],[-100.4712,41.06281],[-100.45349,41.0576],[-100.44157,41.05377],[-100.38673,41.03532],[-100.38363,41.03374],[-100.38042,41.03163],[-100.36485,41.01995],[-100.34403,41.00394],[-100.33818,41.00137],[-100.33138,41.00049],[-100.3211,40.99967],[-100.31869,40.999],[-100.30479,40.9899],[-100.30213,40.98845],[-100.29292,40.98404],[-100.27306,40.97432],[-100.25421,40.96601],[-100.24293,40.96119],[-100.22429,40.95314],[-100.19606,40.94117],[-100.15804,40.9246],[-100.11489,40.90579],[-100.08517,40.89308],[-100.07984,40.89129],[-100.07468,40.88962],[-100.07167,40.88862],[-100.05691,40.88357],[-100.0515,40.88138],[-100.03398,40.87506],[-100.00901,40.86589],[-99.99846,40.8619],[-99.99321,40.86023],[-99.98729,40.8579],[-99.97493,40.85337],[-99.97142,40.85171],[-99.96618,40.84972],[-99.95296,40.84479],[-99.91914,40.83216],[-99.89816,40.82436],[-99.8949,40.82336],[-99.88821,40.82095],[-99.88229,40.81875],[-99.87827,40.81696],[-99.87381,40.81516],[-99.84645,40.80497],[-99.84114,40.8029],[-99.8348,40.80056],[-99.81649,40.79367],[-99.80989,40.79133],[-99.79727,40.78855],[-99.77142,40.78296],[-99.76347,40.78116],[-99.7578,40.78019],[-99.74347,40.77706],[-99.72999,40.77399],[-99.72255,40.77209],[-99.71096,40.76963],[-99.6848,40.76393],[-99.67193,40.76099],[-99.6414,40.75431],[-99.62716,40.75116],[-99.6119,40.74789],[-99.60993,40.74748],[-99.59635,40.74577],[-99.57565,40.74313],[-99.53314,40.73802],[-99.52412,40.73668],[-99.51424,40.73539],[-99.5078,40.7346],[-99.48155,40.73127],[-99.45098,40.72732],[-99.42665,40.72409],[-99.39786,40.72053],[-99.38695,40.71935],[-99.3806,40.71856],[-99.3733,40.71755],[-99.34017,40.71312],[-99.32755,40.71145],[-99.27964,40.70533],[-99.25728,40.70251],[-99.23471,40.69972],[-99.21241,40.69967],[-99.16116,40.69943],[-99.15092,40.69942],[-99.14541,40.69844],[-99.14008,40.69883],[-99.13741,40.6987],[-99.13549,40.69876],[-99.13126,40.69941],[-99.1256,40.69941],[-99.11975,40.69947],[-99.0944,40.69952],[-99.0932,40.70049],[-99.08201,40.70035],[-99.06051,40.70017],[-99.05543,40.70127],[-99.03679,40.70551],[-99.012,40.7111],[-98.98848,40.71635],[-98.95043,40.72493],[-98.93708,40.72803],[-98.92113,40.73158],[-98.89751,40.73685],[-98.87518,40.74175],[-98.86113,40.74563],[-98.84687,40.74935],[-98.82703,40.75503],[-98.79892,40.76262],[-98.76224,40.77267],[-98.74092,40.77858],[-98.72843,40.78218],[-98.72697,40.78276],[-98.72368,40.78496],[-98.72238,40.78554],[-98.71988,40.78599],[-98.71686,40.78604],[-98.7147,40.7863],[-98.71151,40.78707],[-98.68218,40.79582],[-98.62656,40.81237],[-98.60995,40.81732],[-98.6045,40.81906],[-98.60104,40.82015],[-98.59724,40.8213],[-98.59119,40.82297],[-98.58419,40.82495],[-98.5764,40.8272],[-98.56879,40.82944],[-98.56473,40.83066],[-98.53385,40.83997],[-98.5316,40.84074],[-98.52891,40.84203],[-98.49447,40.85774],[-98.47435,40.86702],[-98.46424,40.8715],[-98.42885,40.88765],[-98.4027,40.89974],[-98.40068,40.90117],[-98.39901,40.90371],[-98.39839,40.90494],[-98.39725,40.90663],[-98.39602,40.90799],[-98.39393,40.90928],[-98.38586,40.91288],[-98.38256,40.91423],[-98.38065,40.91493],[-98.37875,40.91531],[-98.37304,40.91573],[-98.37019,40.9159],[-98.36786,40.91582],[-98.36381,40.91521],[-98.36251,40.91546],[-98.35522,40.91854],[-98.34956,40.9208],[-98.34905,40.9206],[-98.34854,40.92007],[-98.33751,40.92463],[-98.32918,40.92789],[-98.31572,40.93295],[-98.30348,40.93717],[-98.30148,40.9382],[-98.29965,40.93923],[-98.29668,40.94136],[-98.29276,40.9442],[-98.28911,40.946],[-98.28242,40.94836],[-98.27682,40.95067],[-98.27342,40.95253],[-98.2478,40.96793],[-98.23984,40.97247],[-98.23504,40.97556],[-98.20642,40.99307],[-98.16696,41.01695],[-98.16361,41.01867],[-98.15785,41.02207],[-98.15444,41.02433],[-98.15164,41.02626],[-98.14946,41.02748],[-98.12401,41.04297],[-98.10491,41.05441],[-98.09066,41.06309],[-98.04331,41.09165],[-98.02001,41.1056],[-98.01205,41.11026],[-98.00821,41.11185],[-98.00155,41.11609],[-97.99003,41.11604],[-97.98751,41.11653],[-97.98532,41.11769],[-97.98373,41.11924],[-97.98283,41.12099],[-97.98271,41.12269],[-97.98249,41.12529],[-97.9815,41.12757],[-97.9799,41.12944],[-97.97517,41.13246],[-97.92586,41.16194],[-97.92037,41.16516],[-97.91617,41.1672],[-97.91028,41.17124],[-97.90247,41.17599],[-97.87704,41.19112],[-97.86783,41.19663],[-97.84451,41.21045],[-97.83239,41.21736],[-97.82414,41.22222],[-97.82202,41.22377],[-97.81499,41.22799],[-97.80831,41.23202],[-97.76422,41.25836],[-97.75287,41.26501],[-97.69542,41.29908],[-97.68021,41.30801],[-97.67731,41.30961],[-97.67125,41.31227],[-97.66352,41.31563],[-97.65738,41.31816],[-97.65123,41.32102],[-97.64468,41.32382],[-97.62862,41.33065],[-97.61667,41.33578],[-97.59472,41.34512],[-97.57231,41.35466],[-97.55183,41.36338],[-97.54031,41.36831],[-97.51627,41.37851],[-97.49674,41.38672],[-97.49322,41.38823],[-97.48697,41.39108],[-97.44905,41.40724],[-97.44421,41.40913],[-97.44107,41.40967],[-97.41375,41.40976],[-97.36923,41.40977],[-97.36819,41.41069],[-97.36808,41.42439],[-97.36823,41.43869],[-97.33985,41.43841],[-97.32035,41.43852],[-97.28789,41.43852],[-97.26908,41.43863],[-97.25977,41.43874],[-97.24993,41.4386],[-97.22881,41.43856],[-97.22602,41.43881],[-97.22289,41.43972],[-97.2214,41.44057],[-97.21957,41.442],[-97.21022,41.45131],[-97.20795,41.45255],[-97.20656,41.45281],[-97.20455,41.45294],[-97.19955,41.45291],[-97.18344,41.45291],[-97.16916,41.45284],[-97.15793,41.45284],[-97.13003,41.4527],[-97.12036,41.45263],[-97.11409,41.45275],[-97.11122,41.45288],[-97.10164,41.45359],[-97.09728,41.45392],[-97.09493,41.4545],[-97.09345,41.45541],[-97.09258,41.45613],[-97.08918,41.46039],[-97.08534,41.46495],[-97.08351,41.46606],[-97.08116,41.46658],[-97.06531,41.46656],[-97.05181,41.46655],[-97.0403,41.4666],[-97.03263,41.46704],[-97.02593,41.46716],[-97.01826,41.46715],[-97.00554,41.46707],[-96.95272,41.46704],[-96.90552,41.4668],[-96.86095,41.46662],[-96.85267,41.46653],[-96.84937,41.46645],[-96.84789,41.46612],[-96.84667,41.46547],[-96.84303,41.46324],[-96.84086,41.46251],[-96.83233,41.46229],[-96.82098,41.46213],[-96.81679,41.46329],[-96.81148,41.46353],[-96.80852,41.46352],[-96.80112,41.46271],[-96.78999,41.46163],[-96.78152,41.4618],[-96.77623,41.46184],[-96.77511,41.46184],[-96.77233,41.46098],[-96.75944,41.46015],[-96.74856,41.45959],[-96.74281,41.4595],[-96.73732,41.45941],[-96.72957,41.45932],[-96.72287,41.45916],[-96.71137,41.45911],[-96.69996,41.45894],[-96.69831,41.45893],[-96.69665,41.45866],[-96.69379,41.45676],[-96.69232,41.4561],[-96.68474,41.45567],[-96.63124,41.45234],[-96.62784,41.45265],[-96.62601,41.4527],[-96.62479,41.45237],[-96.62361,41.45217],[-96.62196,41.4519],[-96.61926,41.45175],[-96.61656,41.45154],[-96.61349,41.45159],[-96.59424,41.45156],[-96.57534,41.45153],[-96.54528,41.45148],[-96.54101,41.45165],[-96.53987,41.45191],[-96.53821,41.45268],[-96.53725,41.45333],[-96.53645,41.45411],[-96.52998,41.46054],[-96.51827,41.47229],[-96.51616,41.47384],[-96.5152,41.47436],[-96.51293,41.47532],[-96.51153,41.47564],[-96.50952,41.47602],[-96.50691,41.47614],[-96.49197,41.47618],[-96.47507,41.47621],[-96.47174,41.47613],[-96.46338,41.47568],[-96.45938,41.4754],[-96.45677,41.47505],[-96.45347,41.47412],[-96.45035,41.47266],[-96.44802,41.47062],[-96.44622,41.46846],[-96.44512,41.46571],[-96.44488,41.46323],[-96.44485,41.45131],[-96.44049,41.45141],[-96.41239,41.45129],[-96.36515,41.45102],[-96.36193,41.45113],[-96.35922,41.45137],[-96.35287,41.45133],[-96.30968,41.45133],[-96.30245,41.45141],[-96.30036,41.45159],[-96.29721,41.45235],[-96.29573,41.4526],[-96.29355,41.45252],[-96.28839,41.4515],[-96.28134,41.45131],[-96.24746,41.45124],[-96.24041,41.45098],[-96.23529,41.45003],[-96.23251,41.44942],[-96.2306,41.4492],[-96.22832,41.44977],[-96.22454,41.45242],[-96.22104,41.45488],[-96.21936,41.45617],[-96.21751,41.45779],[-96.20797,41.46626],[-96.19751,41.47398],[-96.19531,41.47507],[-96.19232,41.4768],[-96.18415,41.48163],[-96.17975,41.48414],[-96.17789,41.48595],[-96.17487,41.48964],[-96.16883,41.49492],[-96.16212,41.5008],[-96.16034,41.50268],[-96.15758,41.50644],[-96.15492,41.50929],[-96.14663,41.51836],[-96.14556,41.51978],[-96.14466,41.5216],[-96.14411,41.52303],[-96.14273,41.5365],[-96.14174,41.53864],[-96.14102,41.53981],[-96.14096,41.54366],[-96.12405,41.54367],[-96.119,41.54378],[-96.11664,41.54409],[-96.11366,41.54504],[-96.1111,41.54645],[-96.10574,41.54927],[-96.10424,41.54991],[-96.10056,41.55092],[-96.09629,41.55095]]}},{"type":"Feature","properties":{"name":"Westbound in Grand Island","ref":"US 30","routeRef":"US 30","routeTier":"major","routeTensDigit":3,"routeOnesDigit":"even"},"geometry":{"type":"LineString","coordinates":[[-98.32942,40.92785],[-98.3312,40.92772],[-98.33232,40.92768],[-98.33435,40.927],[-98.34966,40.92076]]}},{"type":"Feature","properties":{"name":"U.S. 30 (IA)","ref":"US 30","routeRef":"US 30","routeTier":"major","routeTensDigit":3,"routeOnesDigit":"even"},"geometry":{"type":"LineString","coordinates":[[-96.09627,41.55105],[-96.09489,41.55103],[-96.09434,41.55103],[-96.09345,41.55101],[-96.09054,41.55098],[-96.08934,41.55095],[-96.08805,41.55093],[-96.08707,41.5509],[-96.08674,41.55088],[-96.08647,41.55087],[-96.08623,41.55085],[-96.08602,41.55084],[-96.08555,41.5508],[-96.08523,41.55078],[-96.08491,41.55075],[-96.08384,41.55069],[-96.08261,41.55066],[-96.08153,41.55066],[-96.081,41.55067],[-96.08041,41.55069],[-96.08011,41.55069],[-96.07973,41.55071],[-96.05789,41.55153],[-96.05719,41.55155],[-96.05569,41.55157],[-96.05343,41.55155],[-96.05304,41.55154],[-96.03252,41.55135],[-96.03204,41.55134],[-96.0313,41.55134],[-96.03088,41.55133],[-96.03054,41.55133],[-96.03021,41.55132],[-96.02929,41.55132],[-96.02919,41.55131],[-96.02851,41.55131],[-96.0276,41.55129],[-96.02714,41.55129],[-96.02645,41.55128],[-96.02557,41.55128],[-96.02518,41.55127],[-96.02366,41.55125],[-96.01514,41.5512],[-96.01486,41.55119],[-96.00937,41.55116],[-95.9948,41.55094],[-95.98994,41.55083],[-95.98967,41.55083],[-95.98914,41.55081],[-95.98893,41.55081],[-95.98838,41.5508],[-95.98782,41.55078],[-95.98721,41.55077],[-95.98693,41.55076],[-95.9865,41.55076],[-95.98411,41.55069],[-95.96916,41.55009],[-95.9679,41.55005],[-95.96772,41.55005],[-95.9673,41.55003],[-95.96684,41.55003],[-95.9666,41.55002],[-95.96437,41.55003],[-95.96288,41.55005],[-95.96176,41.55005],[-95.95981,41.55007],[-95.95891,41.55007],[-95.95684,41.55009],[-95.95617,41.55009],[-95.95592,41.5501],[-95.9515,41.55013],[-95.94936,41.55011],[-95.9485,41.55011],[-95.94667,41.55009],[-95.94588,41.55007],[-95.94511,41.55006],[-95.94379,41.55006],[-95.94016,41.55002],[-95.93705,41.55001],[-95.93638,41.55002],[-95.92427,41.55005],[-95.92346,41.55006],[-95.92273,41.55005],[-95.9226,41.55001],[-95.92254,41.55],[-95.92244,41.55],[-95.92064,41.54988],[-95.92019,41.54987],[-95.91939,41.54987],[-95.91904,41.54988],[-95.91856,41.54988],[-95.91831,41.54989],[-95.91737,41.54989],[-95.91712,41.5499],[-95.91397,41.5499],[-95.9133,41.54991],[-95.91285,41.54991],[-95.91255,41.54992],[-95.91222,41.54996],[-95.91159,41.55007],[-95.91134,41.55013],[-95.91125,41.55016],[-95.9111,41.5502],[-95.91076,41.55033],[-95.91061,41.5504],[-95.91049,41.55054],[-95.91025,41.55067],[-95.90998,41.55084],[-95.9098,41.55099],[-95.90956,41.55119],[-95.90952,41.55122],[-95.90939,41.55135],[-95.90927,41.55145],[-95.90895,41.55177],[-95.90864,41.55209],[-95.90752,41.55314],[-95.90706,41.55358],[-95.90674,41.55387],[-95.90615,41.55439],[-95.90585,41.55467],[-95.90554,41.55494],[-95.90524,41.55522],[-95.90517,41.55529],[-95.90479,41.55564],[-95.90464,41.55578],[-95.90459,41.55583],[-95.90441,41.55596],[-95.90418,41.55609],[-95.90394,41.55619],[-95.90374,41.55625],[-95.90362,41.55628],[-95.9034,41.55631],[-95.9032,41.55633],[-95.903,41.55634],[-95.90282,41.55633],[-95.90231,41.55634],[-95.90159,41.55634],[-95.90112,41.55635],[-95.89955,41.55635],[-95.89888,41.55636],[-95.89609,41.55636],[-95.89323,41.55638],[-95.89166,41.55638],[-95.88901,41.5564],[-95.88647,41.5564],[-95.88406,41.55642],[-95.88309,41.55642],[-95.88272,41.5565],[-95.88264,41.55652],[-95.88258,41.55655],[-95.88249,41.55659],[-95.88242,41.55665],[-95.88232,41.55675],[-95.88227,41.55681],[-95.88221,41.55689],[-95.88184,41.55744],[-95.88031,41.55962],[-95.88006,41.55998],[-95.87975,41.56044],[-95.87944,41.56088],[-95.8793,41.56103],[-95.87877,41.56171],[-95.87849,41.56205],[-95.87827,41.56233],[-95.87824,41.56236],[-95.87752,41.56325],[-95.87748,41.56329],[-95.87724,41.56361],[-95.87625,41.56483],[-95.8758,41.56536],[-95.87569,41.56547],[-95.87539,41.56571],[-95.87518,41.56585],[-95.87506,41.56592],[-95.87479,41.56604],[-95.87469,41.5661],[-95.87429,41.56624],[-95.87414,41.56628],[-95.87399,41.56631],[-95.87381,41.56635],[-95.87369,41.56637],[-95.87352,41.56639],[-95.87335,41.56642],[-95.86836,41.56711],[-95.86812,41.56715],[-95.86754,41.56723],[-95.86727,41.56728],[-95.86708,41.56732],[-95.86675,41.56741],[-95.86641,41.56752],[-95.86612,41.56765],[-95.8658,41.5678],[-95.86402,41.56873],[-95.86344,41.56903],[-95.85763,41.57206],[-95.8574,41.57217],[-95.85729,41.57223],[-95.85713,41.57231],[-95.85608,41.57287],[-95.85591,41.57295],[-95.85562,41.57309],[-95.85529,41.57321],[-95.85517,41.57325],[-95.85503,41.57329],[-95.85487,41.57332],[-95.85426,41.57348],[-95.85289,41.5738],[-95.85261,41.57387],[-95.85243,41.57392],[-95.85229,41.57395],[-95.85207,41.57403],[-95.85184,41.57413],[-95.85165,41.57422],[-95.85138,41.57438],[-95.85118,41.57454],[-95.8511,41.57462],[-95.85107,41.57464],[-95.85101,41.57469],[-95.85093,41.57479],[-95.85084,41.5749],[-95.85075,41.57501],[-95.85066,41.57517],[-95.85062,41.57527],[-95.85051,41.57555],[-95.85033,41.57604],[-95.85012,41.57669],[-95.8501,41.57674],[-95.84983,41.57751],[-95.84944,41.57846],[-95.84944,41.57847],[-95.84936,41.57864],[-95.84887,41.57978],[-95.84878,41.58],[-95.848,41.58187],[-95.84785,41.58214],[-95.84781,41.58223],[-95.8478,41.58224],[-95.84773,41.58236],[-95.84768,41.58244],[-95.84744,41.58271],[-95.84728,41.58287],[-95.84715,41.58298],[-95.84699,41.58312],[-95.84636,41.58364],[-95.84612,41.58383],[-95.84484,41.58493],[-95.83962,41.58926],[-95.83915,41.58966],[-95.83818,41.59045],[-95.83612,41.59208],[-95.83543,41.59265],[-95.83534,41.59274],[-95.83525,41.59282],[-95.83513,41.59294],[-95.83508,41.59301],[-95.83498,41.59313],[-95.83185,41.59767],[-95.83103,41.59884],[-95.82988,41.60051],[-95.8298,41.60064],[-95.82881,41.60205],[-95.82782,41.60357],[-95.82633,41.60571],[-95.82628,41.60581],[-95.82594,41.60629],[-95.82472,41.60804],[-95.82472,41.60805],[-95.8233,41.61012],[-95.82316,41.61029],[-95.82301,41.61049],[-95.8227,41.61086],[-95.82219,41.6114],[-95.82174,41.61185],[-95.82095,41.61265],[-95.82052,41.6131],[-95.81903,41.61462],[-95.81885,41.61481],[-95.81853,41.61512],[-95.81786,41.61582],[-95.81395,41.6198],[-95.81341,41.62034],[-95.81316,41.62061],[-95.81296,41.62081],[-95.81269,41.62107],[-95.81171,41.62198],[-95.81095,41.62272],[-95.80932,41.62439],[-95.80879,41.62494],[-95.80553,41.62826],[-95.80466,41.62915],[-95.8026,41.63126],[-95.80216,41.63172],[-95.80113,41.63276],[-95.80071,41.6332],[-95.8004,41.63351],[-95.79818,41.63578],[-95.79786,41.63609],[-95.79764,41.63629],[-95.79747,41.63642],[-95.79719,41.63661],[-95.79696,41.63675],[-95.79676,41.63686],[-95.7965,41.63699],[-95.79613,41.63714],[-95.79605,41.63717],[-95.79523,41.63744],[-95.79445,41.63767],[-95.79411,41.63776],[-95.79347,41.63794],[-95.79346,41.63794],[-95.79326,41.63801],[-95.79303,41.6381],[-95.79285,41.63819],[-95.7927,41.63828],[-95.79255,41.63838],[-95.79238,41.63852],[-95.79228,41.63862],[-95.79223,41.63868],[-95.79214,41.63879],[-95.79208,41.63888],[-95.79203,41.63898],[-95.79203,41.63899],[-95.79196,41.63917],[-95.79194,41.63923],[-95.79191,41.63937],[-95.79187,41.63965],[-95.79187,41.63995],[-95.79186,41.6405],[-95.79185,41.64098],[-95.79185,41.64276],[-95.79183,41.64306],[-95.78914,41.64304],[-95.78782,41.64304],[-95.78512,41.64302],[-95.78436,41.64303],[-95.78407,41.64305],[-95.78283,41.6431],[-95.78228,41.64313],[-95.78108,41.64318],[-95.78036,41.64322],[-95.77709,41.64335],[-95.77661,41.64338],[-95.7699,41.64366],[-95.76894,41.64371],[-95.76865,41.64372],[-95.76841,41.64375],[-95.7682,41.64377],[-95.76817,41.64378],[-95.76791,41.64381],[-95.76769,41.64386],[-95.76754,41.64388],[-95.76751,41.64389],[-95.76719,41.64396],[-95.76704,41.644],[-95.76683,41.64407],[-95.76675,41.64409],[-95.76649,41.64417],[-95.766,41.64436],[-95.76582,41.64444],[-95.76531,41.64469],[-95.76515,41.64478],[-95.76501,41.64486],[-95.76473,41.64504],[-95.76426,41.64539],[-95.76412,41.64552],[-95.75727,41.65167],[-95.75717,41.65177],[-95.75239,41.65605],[-95.75234,41.6561],[-95.7475,41.66044],[-95.74735,41.66058],[-95.74182,41.66554],[-95.74168,41.66567],[-95.73918,41.6679],[-95.73863,41.66841],[-95.73716,41.66973],[-95.73699,41.66986],[-95.7352,41.67149],[-95.73517,41.67151],[-95.73394,41.67262],[-95.73247,41.67394],[-95.73235,41.67404],[-95.73173,41.6746],[-95.73133,41.67495],[-95.73112,41.67512],[-95.7311,41.67515],[-95.72989,41.67624],[-95.72987,41.67626],[-95.72848,41.67751],[-95.72784,41.67808],[-95.72673,41.67913],[-95.72622,41.67966],[-95.72598,41.67992],[-95.72573,41.6802],[-95.72568,41.68024],[-95.7255,41.68047],[-95.72483,41.68124],[-95.72474,41.68135],[-95.72448,41.68164],[-95.72429,41.68182],[-95.7241,41.68203],[-95.72376,41.68237],[-95.72349,41.68263],[-95.7228,41.68323],[-95.72045,41.68536],[-95.72022,41.68555],[-95.71892,41.68671],[-95.71805,41.68752],[-95.71777,41.68776],[-95.71637,41.68903],[-95.71587,41.68946],[-95.7146,41.69059],[-95.71426,41.69089],[-95.71317,41.69186],[-95.71279,41.69222],[-95.7121,41.69283],[-95.71191,41.69301],[-95.71171,41.69319],[-95.71088,41.69391],[-95.71034,41.69439],[-95.7086,41.69598],[-95.70795,41.69656],[-95.70685,41.69753],[-95.70673,41.69762],[-95.70614,41.69817],[-95.70592,41.69839],[-95.70567,41.69865],[-95.70553,41.69882],[-95.7055,41.69884],[-95.70528,41.69911],[-95.70507,41.69939],[-95.7048,41.69975],[-95.70478,41.69979],[-95.7045,41.70026],[-95.7044,41.70043],[-95.70435,41.70051],[-95.70415,41.70091],[-95.70381,41.70161],[-95.70368,41.70199],[-95.70363,41.70214],[-95.70354,41.70246],[-95.7035,41.70262],[-95.70346,41.70276],[-95.70339,41.70302],[-95.70337,41.70323],[-95.70332,41.70345],[-95.7033,41.70368],[-95.70326,41.70392],[-95.70314,41.70476],[-95.7031,41.70527],[-95.70306,41.70553],[-95.70303,41.70632],[-95.70303,41.70638],[-95.703,41.70691],[-95.70296,41.70922],[-95.70295,41.70969],[-95.70295,41.71021],[-95.70292,41.71217],[-95.70289,41.71348],[-95.70289,41.71408],[-95.70282,41.71788],[-95.70282,41.72723],[-95.70278,41.7276],[-95.70274,41.72771],[-95.70267,41.72794],[-95.70263,41.72803],[-95.70259,41.72813],[-95.70167,41.73002],[-95.7015,41.73042],[-95.70148,41.73046],[-95.70145,41.73051],[-95.70142,41.73065],[-95.70141,41.73071],[-95.70139,41.73107],[-95.70143,41.7313],[-95.7015,41.7315],[-95.70173,41.73195],[-95.70216,41.73263],[-95.70216,41.73298],[-95.70212,41.7331],[-95.70202,41.73329],[-95.70195,41.73339],[-95.70187,41.73349],[-95.7018,41.73353],[-95.70145,41.7338],[-95.70077,41.73442],[-95.70041,41.7348],[-95.70027,41.73497],[-95.70013,41.73515],[-95.70006,41.73524],[-95.7,41.73536],[-95.69992,41.73547],[-95.69986,41.73559],[-95.69979,41.73572],[-95.69974,41.73583],[-95.69971,41.73591],[-95.69962,41.73612],[-95.69952,41.73639],[-95.6995,41.73645],[-95.69883,41.73824],[-95.69867,41.73866],[-95.69847,41.7392],[-95.69823,41.73986],[-95.6979,41.74069],[-95.69785,41.74081],[-95.69768,41.74118],[-95.69288,41.75184],[-95.69257,41.75248],[-95.69248,41.75265],[-95.69238,41.75282],[-95.69223,41.7531],[-95.69198,41.75351],[-95.69143,41.75432],[-95.69092,41.75497],[-95.69077,41.75514],[-95.6901,41.7559],[-95.68985,41.75618],[-95.68972,41.75632],[-95.68837,41.7578],[-95.68471,41.76183],[-95.68442,41.76216],[-95.67556,41.77191],[-95.67551,41.77196],[-95.67473,41.77282],[-95.67431,41.77327],[-95.66652,41.78182],[-95.66624,41.78215],[-95.66488,41.78363],[-95.65475,41.79478],[-95.65461,41.79491],[-95.6515,41.79833],[-95.65044,41.79951],[-95.64876,41.80135],[-95.64825,41.80192],[-95.64178,41.80902],[-95.64171,41.80909],[-95.64015,41.81081],[-95.62899,41.82305],[-95.62855,41.82355],[-95.62849,41.82361],[-95.62804,41.8241],[-95.628,41.82415],[-95.62766,41.82451],[-95.627,41.82526],[-95.62672,41.82559],[-95.62652,41.82582],[-95.62612,41.82634],[-95.62609,41.82637],[-95.62488,41.82795],[-95.62424,41.82877],[-95.62417,41.82887],[-95.62369,41.82948],[-95.62369,41.82949],[-95.62318,41.83016],[-95.62266,41.83082],[-95.62222,41.8314],[-95.62057,41.83352],[-95.61992,41.83439],[-95.61776,41.83717],[-95.61689,41.83833],[-95.61539,41.84026],[-95.61528,41.84041],[-95.6152,41.84053],[-95.61435,41.84162],[-95.61129,41.84559],[-95.61114,41.84577],[-95.61105,41.84588],[-95.611,41.84593],[-95.61095,41.84598],[-95.61087,41.84606],[-95.61076,41.84616],[-95.61063,41.84626],[-95.61048,41.84637],[-95.61038,41.84643],[-95.61025,41.84652],[-95.61014,41.84658],[-95.61004,41.84663],[-95.60996,41.84668],[-95.60985,41.84672],[-95.60966,41.84681],[-95.60946,41.84689],[-95.60929,41.84695],[-95.60908,41.84701],[-95.60881,41.84708],[-95.60777,41.84725],[-95.60757,41.84727],[-95.60733,41.84731],[-95.60722,41.84732],[-95.6071,41.84735],[-95.60668,41.84744],[-95.60621,41.8476],[-95.60617,41.84761],[-95.60613,41.84763],[-95.60605,41.84767],[-95.60588,41.84774],[-95.60554,41.84791],[-95.60541,41.848],[-95.60522,41.84813],[-95.60511,41.84822],[-95.60503,41.84828],[-95.60493,41.84836],[-95.60487,41.84842],[-95.60471,41.84857],[-95.60462,41.84866],[-95.60452,41.84877],[-95.60418,41.84923],[-95.60362,41.84994],[-95.60326,41.85041],[-95.60286,41.85095],[-95.60202,41.85203],[-95.60195,41.85213],[-95.60193,41.85222],[-95.60191,41.85227],[-95.60191,41.85244],[-95.60192,41.8529],[-95.60192,41.85341],[-95.60194,41.85431],[-95.60194,41.85478],[-95.60195,41.85514],[-95.60195,41.85638],[-95.60196,41.85728],[-95.60198,41.85736],[-95.60196,41.85755],[-95.60195,41.85769],[-95.60189,41.85782],[-95.60182,41.85792],[-95.60174,41.85801],[-95.60173,41.85804],[-95.60151,41.85829],[-95.60142,41.85839],[-95.60131,41.85856],[-95.60118,41.85872],[-95.60095,41.85903],[-95.60026,41.8599],[-95.59979,41.86053],[-95.5995,41.8609],[-95.59945,41.86097],[-95.59922,41.86126],[-95.59886,41.86173],[-95.59867,41.86197],[-95.59753,41.86346],[-95.59718,41.86389],[-95.59689,41.86428],[-95.59645,41.86486],[-95.59632,41.86505],[-95.59595,41.86552],[-95.59552,41.86608],[-95.5952,41.86648],[-95.59166,41.87106],[-95.59139,41.87141],[-95.58842,41.87528],[-95.58816,41.87561],[-95.58531,41.87931],[-95.58494,41.87978],[-95.58472,41.88008],[-95.58456,41.88027],[-95.5845,41.88035],[-95.58282,41.88254],[-95.58206,41.8835],[-95.58175,41.88387],[-95.58118,41.88451],[-95.58095,41.88478],[-95.58084,41.88489],[-95.5806,41.88515],[-95.57992,41.88587],[-95.57922,41.88657],[-95.57913,41.88665],[-95.57886,41.88692],[-95.57858,41.88717],[-95.57783,41.88786],[-95.57717,41.88842],[-95.55529,41.9069],[-95.55513,41.90703],[-95.55476,41.90734],[-95.55368,41.90824],[-95.55322,41.90858],[-95.55294,41.90879],[-95.55251,41.9091],[-95.55209,41.90938],[-95.55201,41.90944],[-95.55097,41.91008],[-95.55013,41.91056],[-95.54938,41.91095],[-95.54931,41.91097],[-95.54854,41.91135],[-95.54766,41.91174],[-95.54738,41.91184],[-95.54648,41.9122],[-95.54639,41.91223],[-95.54618,41.91231],[-95.54581,41.91244],[-95.54161,41.91398],[-95.54015,41.9145],[-95.53473,41.91648],[-95.53196,41.91734],[-95.53146,41.91751],[-95.52686,41.91919],[-95.52636,41.91938],[-95.52634,41.91939],[-95.52607,41.9195],[-95.52544,41.9198],[-95.52506,41.91997],[-95.5247,41.92012],[-95.52467,41.92014],[-95.52388,41.92044],[-95.52334,41.92063],[-95.52281,41.92083],[-95.52211,41.92107],[-95.52112,41.92144],[-95.52101,41.92148],[-95.51536,41.92354],[-95.51535,41.92354],[-95.51335,41.92427],[-95.51318,41.92433],[-95.51285,41.92445],[-95.51267,41.92451],[-95.50269,41.92816],[-95.50198,41.92841],[-95.50179,41.92847],[-95.50165,41.92851],[-95.50145,41.92856],[-95.50135,41.92859],[-95.50129,41.92861],[-95.50112,41.92865],[-95.50078,41.92872],[-95.50063,41.92874],[-95.50024,41.9288],[-95.50013,41.92882],[-95.49988,41.92885],[-95.49915,41.92897],[-95.49885,41.92903],[-95.49857,41.92911],[-95.49839,41.92916],[-95.49816,41.92923],[-95.498,41.92928],[-95.49678,41.92972],[-95.49619,41.92994],[-95.49366,41.93085],[-95.48817,41.93287],[-95.48691,41.93332],[-95.4855,41.93387],[-95.48501,41.93407],[-95.48453,41.9343],[-95.48403,41.93454],[-95.48314,41.93501],[-95.48245,41.93541],[-95.48215,41.9356],[-95.47429,41.94028],[-95.47421,41.94033],[-95.47412,41.94039],[-95.474,41.94046],[-95.47389,41.94053],[-95.47317,41.94095],[-95.47221,41.94152],[-95.47201,41.94164],[-95.46873,41.9436],[-95.46863,41.94365],[-95.46393,41.94647],[-95.46387,41.94651],[-95.46208,41.94757],[-95.46126,41.94807],[-95.46057,41.94847],[-95.45998,41.94883],[-95.45493,41.95184],[-95.4544,41.95215],[-95.45193,41.95363],[-95.44987,41.95484],[-95.44647,41.95674],[-95.44546,41.95729],[-95.44106,41.95973],[-95.43966,41.96052],[-95.43902,41.96092],[-95.43878,41.96108],[-95.43835,41.96138],[-95.43799,41.96164],[-95.43772,41.96185],[-95.43553,41.96349],[-95.43443,41.9643],[-95.43398,41.96464],[-95.41786,41.97676],[-95.41637,41.97786],[-95.4151,41.97883],[-95.41424,41.97939],[-95.41392,41.97958],[-95.41367,41.97972],[-95.41345,41.97985],[-95.41324,41.97996],[-95.41304,41.98007],[-95.40803,41.98265],[-95.40791,41.9827],[-95.40752,41.98289],[-95.40642,41.98348],[-95.40564,41.98389],[-95.4052,41.9841],[-95.40425,41.9846],[-95.40356,41.985],[-95.40045,41.98691],[-95.39816,41.98828],[-95.39729,41.98882],[-95.39606,41.98956],[-95.39514,41.99012],[-95.39212,41.99194],[-95.39207,41.99197],[-95.39188,41.99209],[-95.39152,41.9923],[-95.38775,41.99458],[-95.38666,41.99525],[-95.38475,41.99639],[-95.37922,41.99973],[-95.37887,41.99995],[-95.37775,42.00062],[-95.37738,42.00084],[-95.3747,42.00247],[-95.37463,42.00251],[-95.37407,42.00285],[-95.37376,42.00303],[-95.37372,42.00305],[-95.37338,42.00326],[-95.37306,42.00343],[-95.37296,42.00349],[-95.37289,42.00352],[-95.37259,42.00367],[-95.37242,42.00374],[-95.37206,42.00389],[-95.37174,42.00401],[-95.37163,42.00404],[-95.37142,42.00411],[-95.37096,42.00424],[-95.37074,42.00429],[-95.37061,42.00433],[-95.37047,42.00436],[-95.37019,42.00441],[-95.36969,42.00449],[-95.36906,42.00455],[-95.36885,42.00456],[-95.36772,42.00464],[-95.36763,42.00464],[-95.36756,42.00465],[-95.3675,42.00467],[-95.36745,42.00468],[-95.36736,42.00471],[-95.36731,42.00473],[-95.36726,42.00476],[-95.3672,42.00479],[-95.36718,42.00481],[-95.36712,42.00485],[-95.36706,42.00491],[-95.36704,42.00494],[-95.367,42.00499],[-95.36699,42.00503],[-95.36693,42.00517],[-95.3669,42.00524],[-95.36686,42.00529],[-95.3665,42.00675],[-95.3664,42.00708],[-95.3656,42.01029],[-95.36541,42.01099],[-95.36529,42.01162],[-95.36516,42.01177],[-95.36512,42.01182],[-95.36508,42.01188],[-95.36505,42.01191],[-95.36503,42.01193],[-95.36499,42.01196],[-95.36494,42.01201],[-95.36479,42.0121],[-95.3647,42.01215],[-95.36457,42.01219],[-95.36448,42.01223],[-95.36443,42.01224],[-95.3644,42.01224],[-95.36431,42.01226],[-95.36429,42.01226],[-95.3642,42.0123],[-95.3639,42.01229],[-95.36357,42.01229],[-95.36323,42.0123],[-95.36275,42.01233],[-95.36273,42.01233],[-95.36273,42.01234],[-95.36268,42.0124],[-95.36192,42.0124],[-95.36124,42.01239],[-95.35684,42.01239],[-95.35647,42.01238],[-95.3562,42.01239],[-95.35527,42.01238],[-95.35187,42.01238],[-95.3509,42.01237],[-95.34943,42.01237],[-95.34876,42.01236],[-95.34811,42.01237],[-95.34524,42.01236],[-95.34507,42.01237],[-95.34493,42.01237],[-95.34465,42.01239],[-95.34452,42.01241],[-95.34426,42.01243],[-95.3442,42.01241],[-95.34419,42.01241],[-95.34406,42.01242],[-95.34295,42.01261],[-95.34262,42.01266],[-95.34222,42.0127],[-95.34192,42.01272],[-95.34185,42.01272],[-95.34148,42.01273],[-95.34135,42.01273],[-95.34014,42.01276],[-95.33972,42.01276],[-95.33586,42.01284],[-95.33503,42.01284],[-95.33454,42.01283],[-95.33405,42.0128],[-95.3336,42.01279],[-95.33315,42.01279],[-95.33288,42.0128],[-95.3326,42.01282],[-95.33228,42.01286],[-95.33213,42.01289],[-95.33199,42.01291],[-95.33198,42.01291],[-95.3317,42.01297],[-95.33156,42.01301],[-95.33141,42.01304],[-95.33127,42.01308],[-95.33087,42.01323],[-95.33034,42.01343],[-95.32944,42.01381],[-95.32561,42.01537],[-95.32447,42.01582],[-95.32317,42.01636],[-95.32174,42.01694],[-95.32151,42.01703],[-95.32093,42.01727],[-95.32008,42.01761],[-95.31988,42.0177],[-95.31952,42.01784],[-95.31809,42.01843],[-95.31729,42.01873],[-95.31702,42.01882],[-95.31635,42.01902],[-95.31604,42.0191],[-95.31576,42.01916],[-95.31556,42.01921],[-95.3154,42.01924],[-95.31534,42.01926],[-95.31498,42.01932],[-95.31477,42.01936],[-95.31443,42.01942],[-95.31384,42.0195],[-95.31374,42.01951],[-95.30834,42.0202],[-95.30819,42.02024],[-95.30601,42.02053],[-95.30582,42.02056],[-95.30508,42.02071],[-95.30462,42.02082],[-95.29353,42.02361],[-95.29303,42.02373],[-95.28836,42.02491],[-95.28825,42.02493],[-95.2837,42.02608],[-95.28079,42.0268],[-95.27785,42.02755],[-95.26473,42.03083],[-95.26405,42.03098],[-95.26349,42.03109],[-95.26312,42.03115],[-95.26275,42.0312],[-95.26254,42.03124],[-95.25594,42.03228],[-95.25584,42.0323],[-95.25465,42.03249],[-95.25449,42.03252],[-95.24515,42.03399],[-95.24432,42.03413],[-95.24256,42.03441],[-95.24156,42.03456],[-95.23645,42.03538],[-95.23629,42.03542],[-95.23614,42.03545],[-95.2356,42.03558],[-95.23482,42.03582],[-95.2344,42.03597],[-95.23406,42.03611],[-95.23362,42.03631],[-95.23324,42.03649],[-95.233,42.03662],[-95.23284,42.03671],[-95.23254,42.03689],[-95.23199,42.03724],[-95.23175,42.03741],[-95.23155,42.03756],[-95.23058,42.03824],[-95.2296,42.03891],[-95.22889,42.03941],[-95.22675,42.04089],[-95.2194,42.04604],[-95.2194,42.04605],[-95.21863,42.04657],[-95.20832,42.05379],[-95.20733,42.05447],[-95.20704,42.05466],[-95.20659,42.05496],[-95.20604,42.05533],[-95.20534,42.0558],[-95.20526,42.05585],[-95.20438,42.05645],[-95.20406,42.05668],[-95.20381,42.05687],[-95.20358,42.05708],[-95.2029,42.0577],[-95.20272,42.05785],[-95.20219,42.05824],[-95.20201,42.05836],[-95.20187,42.05846],[-95.20059,42.05931],[-95.20023,42.05955],[-95.19999,42.05972],[-95.19929,42.06017],[-95.19897,42.0604],[-95.1987,42.06057],[-95.19466,42.06296],[-95.19421,42.06324],[-95.19386,42.06345],[-95.19221,42.06456],[-95.19022,42.06588],[-95.18985,42.0661],[-95.18938,42.06637],[-95.18891,42.06663],[-95.18865,42.06676],[-95.18845,42.06687],[-95.18814,42.06702],[-95.18559,42.06816],[-95.18304,42.06928],[-95.18241,42.06956],[-95.1782,42.07142],[-95.17764,42.07166],[-95.17753,42.07171],[-95.17628,42.07226],[-95.17613,42.07234],[-95.17608,42.07236],[-95.17504,42.07283],[-95.17449,42.07312],[-95.17379,42.07352],[-95.17355,42.07365],[-95.17321,42.07386],[-95.17232,42.07446],[-95.172,42.07469],[-95.17147,42.07509],[-95.17144,42.0751],[-95.17117,42.07533],[-95.17009,42.07626],[-95.16971,42.07661],[-95.16899,42.07723],[-95.16858,42.07756],[-95.16804,42.07794],[-95.16764,42.07819],[-95.16687,42.07858],[-95.16634,42.0788],[-95.16585,42.07897],[-95.16559,42.07905],[-95.16542,42.0791],[-95.16513,42.07918],[-95.16445,42.07932],[-95.16414,42.07937],[-95.16363,42.07944],[-95.16336,42.07946],[-95.16328,42.07946],[-95.16309,42.07948],[-95.1624,42.0795],[-95.15335,42.0795],[-95.15214,42.07951],[-95.14963,42.07951],[-95.14512,42.07947],[-95.14382,42.07947],[-95.14333,42.07946],[-95.12919,42.07936],[-95.11717,42.07935],[-95.1166,42.07934],[-95.11571,42.07928],[-95.11535,42.07923],[-95.11476,42.07913],[-95.11439,42.07905],[-95.11438,42.07905],[-95.10245,42.07665],[-95.10184,42.07651],[-95.10133,42.07638],[-95.10108,42.0763],[-95.10095,42.07627],[-95.10072,42.07619],[-95.09644,42.07487],[-95.09571,42.07463],[-95.09473,42.07434],[-95.08747,42.07249],[-95.08703,42.07239],[-95.08663,42.07231],[-95.0862,42.07224],[-95.08569,42.07217],[-95.08524,42.07212],[-95.08498,42.0721],[-95.08441,42.07208],[-95.08386,42.07208],[-95.08343,42.07209],[-95.08283,42.07213],[-95.0821,42.07221],[-95.08189,42.07225],[-95.08163,42.07229],[-95.08144,42.07233],[-95.08116,42.07238],[-95.0806,42.07251],[-95.08033,42.07259],[-95.08004,42.07267],[-95.07964,42.0728],[-95.07931,42.07292],[-95.07866,42.07318],[-95.0783,42.07335],[-95.07749,42.07375],[-95.07694,42.07403],[-95.07564,42.07468],[-95.07447,42.07523],[-95.07388,42.0755],[-95.07331,42.07574],[-95.07253,42.07605],[-95.07153,42.07643],[-95.07071,42.07671],[-95.06983,42.07698],[-95.06891,42.07725],[-95.06793,42.0775],[-95.06701,42.07772],[-95.06604,42.07792],[-95.06467,42.07817],[-95.06371,42.07831],[-95.06287,42.07842],[-95.06211,42.0785],[-95.06115,42.07859],[-95.05992,42.07866],[-95.05906,42.07869],[-95.05893,42.0787],[-95.05843,42.07871],[-95.05767,42.07871],[-95.05735,42.0787],[-95.05663,42.07869],[-95.0557,42.07865],[-95.04771,42.07824],[-95.04759,42.07822],[-95.04715,42.07819],[-95.0433,42.078],[-95.0425,42.07795],[-95.04136,42.0779],[-95.03946,42.07784],[-95.03936,42.07785],[-95.03603,42.07769],[-95.036,42.07767],[-95.03597,42.07766],[-95.03594,42.07766],[-95.03128,42.07744],[-95.031,42.07744],[-95.02982,42.0774],[-95.0297,42.07741],[-95.02947,42.07741],[-95.0282,42.07736],[-95.02755,42.07736],[-95.02656,42.07739],[-95.02634,42.07739],[-95.02564,42.07742],[-95.02544,42.07744],[-95.02513,42.07745],[-95.02361,42.07759],[-95.02296,42.07767],[-95.02269,42.07771],[-95.02222,42.07777],[-95.02196,42.07782],[-95.02157,42.07788],[-95.02113,42.07796],[-95.02058,42.07805],[-95.01949,42.07826],[-95.01799,42.07852],[-95.01784,42.07855],[-95.01741,42.07861],[-95.01716,42.07864],[-95.01691,42.07868],[-95.01666,42.07871],[-95.01621,42.07875],[-95.01587,42.07879],[-95.01483,42.07885],[-95.01427,42.07887],[-95.01249,42.0789],[-95.00807,42.0789],[-95.00709,42.07891],[-94.99498,42.07892],[-94.98882,42.07887],[-94.98589,42.07883],[-94.97578,42.07874],[-94.9676,42.07873],[-94.96693,42.07872],[-94.95605,42.07872],[-94.94525,42.07866],[-94.93661,42.07864],[-94.90594,42.07845],[-94.90376,42.07845],[-94.90206,42.07843],[-94.89913,42.07843],[-94.8953,42.0784],[-94.89057,42.07839],[-94.8899,42.07838],[-94.88772,42.07838],[-94.88641,42.07837],[-94.8863,42.07836],[-94.88623,42.07836],[-94.88612,42.07835],[-94.88581,42.07831],[-94.88536,42.07824],[-94.88527,42.07821],[-94.88514,42.07818],[-94.88502,42.07814],[-94.885,42.07814],[-94.88464,42.07802],[-94.88458,42.07799],[-94.88457,42.07798],[-94.88451,42.07797],[-94.88433,42.07788],[-94.88423,42.07782],[-94.88401,42.07771],[-94.88388,42.07763],[-94.88373,42.07752],[-94.8836,42.07742],[-94.88133,42.07559],[-94.8808,42.07516],[-94.88075,42.07505],[-94.88055,42.07488],[-94.88021,42.07458],[-94.8799,42.07428],[-94.87922,42.07358],[-94.87842,42.0726],[-94.87806,42.07217],[-94.87775,42.07181],[-94.87717,42.07107],[-94.87612,42.06987],[-94.87589,42.06962],[-94.8758,42.06953],[-94.87566,42.0694],[-94.87563,42.06938],[-94.87557,42.06932],[-94.87533,42.06912],[-94.87454,42.0685],[-94.87438,42.06845],[-94.87289,42.06737],[-94.87281,42.06732],[-94.87273,42.06726],[-94.87267,42.06716],[-94.87255,42.06707],[-94.87238,42.06697],[-94.87233,42.06695],[-94.87224,42.06691],[-94.87215,42.06687],[-94.87206,42.06684],[-94.8716,42.06671],[-94.87015,42.06635],[-94.86995,42.06635],[-94.86868,42.06603],[-94.86553,42.0652],[-94.86461,42.06497],[-94.86197,42.06428],[-94.86127,42.06411],[-94.86109,42.06407],[-94.861,42.06406],[-94.86091,42.06404],[-94.86076,42.06402],[-94.86067,42.06402],[-94.86057,42.06401],[-94.85926,42.06402],[-94.85697,42.06409],[-94.85603,42.0641],[-94.85476,42.06414],[-94.85424,42.06414],[-94.84748,42.06424],[-94.84673,42.06426],[-94.84229,42.06432],[-94.82223,42.06412],[-94.82098,42.06412],[-94.81531,42.06408],[-94.81504,42.06407],[-94.81314,42.06405],[-94.80341,42.06403],[-94.7839,42.06389],[-94.76443,42.0637],[-94.74437,42.06385],[-94.73595,42.06399],[-94.73123,42.06405],[-94.73044,42.06405],[-94.72895,42.06408],[-94.72765,42.06409],[-94.72721,42.0641],[-94.72633,42.0641],[-94.72605,42.06411],[-94.72461,42.06411],[-94.72413,42.0641],[-94.70676,42.06402],[-94.68865,42.06387],[-94.68132,42.06384],[-94.68084,42.06383],[-94.6462,42.06364],[-94.64543,42.06361],[-94.64486,42.06356],[-94.64452,42.06351],[-94.64419,42.06347],[-94.64387,42.06341],[-94.6433,42.06329],[-94.64313,42.06325],[-94.64249,42.06307],[-94.64225,42.063],[-94.64161,42.06278],[-94.64097,42.0625],[-94.64071,42.06238],[-94.64035,42.06221],[-94.64008,42.06206],[-94.63953,42.06173],[-94.6392,42.0615],[-94.63903,42.06137],[-94.63888,42.06127],[-94.63286,42.05637],[-94.63249,42.05606],[-94.62914,42.05333],[-94.629,42.05322],[-94.62855,42.05285],[-94.62215,42.04763],[-94.62203,42.04752],[-94.6215,42.0471],[-94.62134,42.04696],[-94.61856,42.0447],[-94.61844,42.0446],[-94.61821,42.04441],[-94.61798,42.04421],[-94.61789,42.04415],[-94.61766,42.04395],[-94.61615,42.04274],[-94.61261,42.03984],[-94.61252,42.03976],[-94.60933,42.03716],[-94.60914,42.03701],[-94.60872,42.0367],[-94.60854,42.03658],[-94.60838,42.03647],[-94.60801,42.03625],[-94.60729,42.03587],[-94.60697,42.03572],[-94.6063,42.03544],[-94.6055,42.03517],[-94.60511,42.03506],[-94.60459,42.03494],[-94.60439,42.03489],[-94.60383,42.03479],[-94.60336,42.03472],[-94.60293,42.03467],[-94.60201,42.03461],[-94.60175,42.03461],[-94.60146,42.0346],[-94.5711,42.03449],[-94.5628,42.03454],[-94.56254,42.03455],[-94.55938,42.03456],[-94.55923,42.03457],[-94.55535,42.03459],[-94.55182,42.03468],[-94.54985,42.0347],[-94.5481,42.0347],[-94.54208,42.0346],[-94.54004,42.03461],[-94.53845,42.03463],[-94.53713,42.03463],[-94.53625,42.03464],[-94.53536,42.03464],[-94.53505,42.03465],[-94.53023,42.03468],[-94.5026,42.03466],[-94.50206,42.03465],[-94.49618,42.03465],[-94.48671,42.03455],[-94.48291,42.03455],[-94.48205,42.03456],[-94.47969,42.03456],[-94.47879,42.03457],[-94.47443,42.03458],[-94.47346,42.03459],[-94.47015,42.03459],[-94.4689,42.0346],[-94.46684,42.0346],[-94.46624,42.03461],[-94.46261,42.03461],[-94.46187,42.03462],[-94.4524,42.03464],[-94.45135,42.03465],[-94.44834,42.03465],[-94.44797,42.03466],[-94.4407,42.03465],[-94.43997,42.03464],[-94.42787,42.0346],[-94.42692,42.03459],[-94.40508,42.03454],[-94.40416,42.03453],[-94.40269,42.03453],[-94.40149,42.03452],[-94.39865,42.03452],[-94.39789,42.03451],[-94.39769,42.03452],[-94.38757,42.03449],[-94.38177,42.03442],[-94.38115,42.03442],[-94.38106,42.0344],[-94.38075,42.0344],[-94.37975,42.03438],[-94.37938,42.03438],[-94.37895,42.03439],[-94.37805,42.03439],[-94.3779,42.03438],[-94.37718,42.03438],[-94.37667,42.03439],[-94.37562,42.03446],[-94.37502,42.03451],[-94.37485,42.03453],[-94.36628,42.03465],[-94.36545,42.03465],[-94.36506,42.03466],[-94.34922,42.0346],[-94.34872,42.03459],[-94.30985,42.03442],[-94.30195,42.03447],[-94.30019,42.03447],[-94.29841,42.03449],[-94.28084,42.03459],[-94.26439,42.03443],[-94.2617,42.03442],[-94.2594,42.03439],[-94.25885,42.03439],[-94.25768,42.03442],[-94.25734,42.03444],[-94.25725,42.03444],[-94.25666,42.03447],[-94.24334,42.03563],[-94.24321,42.03562],[-94.2431,42.03562],[-94.24078,42.03578],[-94.24052,42.03581],[-94.24023,42.03583],[-94.23958,42.0359],[-94.23856,42.03603],[-94.23839,42.03604],[-94.23831,42.03607],[-94.23745,42.03614],[-94.23714,42.03617],[-94.2367,42.0362],[-94.23524,42.03627],[-94.23478,42.03627],[-94.23441,42.03628],[-94.23021,42.03628],[-94.22944,42.03627],[-94.22872,42.03627],[-94.22826,42.03625],[-94.22795,42.03623],[-94.22753,42.03619],[-94.22673,42.03608],[-94.22618,42.03598],[-94.2258,42.03589],[-94.22512,42.03571],[-94.22493,42.03565],[-94.22469,42.03557],[-94.2245,42.0355],[-94.2243,42.03543],[-94.2223,42.03467],[-94.222,42.03455],[-94.2208,42.03409],[-94.22059,42.034],[-94.21827,42.03312],[-94.21672,42.03252],[-94.21655,42.03246],[-94.21642,42.03241],[-94.21629,42.03237],[-94.21617,42.03234],[-94.21616,42.03233],[-94.21593,42.03227],[-94.21585,42.03224],[-94.21536,42.03213],[-94.21475,42.03203],[-94.21456,42.03201],[-94.21391,42.03196],[-94.21365,42.03196],[-94.2135,42.03195],[-94.21283,42.03198],[-94.21235,42.03203],[-94.21233,42.03203],[-94.21204,42.03207],[-94.21144,42.03217],[-94.2111,42.03222],[-94.20609,42.03306],[-94.20541,42.03316],[-94.20507,42.03322],[-94.20487,42.03324],[-94.20352,42.0334],[-94.20247,42.03346],[-94.20169,42.03348],[-94.20151,42.03349],[-94.1759,42.0344],[-94.1742,42.03444],[-94.16896,42.03452],[-94.16871,42.03453],[-94.16369,42.0346],[-94.1438,42.03464],[-94.12622,42.03458],[-94.11435,42.03461],[-94.11339,42.03462],[-94.08762,42.03462],[-94.08654,42.03461],[-94.06998,42.03457],[-94.0548,42.03458],[-94.05437,42.03456],[-94.05376,42.03451],[-94.05316,42.03445],[-94.05246,42.03433],[-94.05177,42.03417],[-94.05134,42.03406],[-94.05101,42.03396],[-94.05053,42.0338],[-94.0498,42.0335],[-94.04969,42.03342],[-94.04903,42.03306],[-94.04897,42.03303],[-94.04834,42.03268],[-94.04828,42.03265],[-94.04782,42.03238],[-94.04764,42.03229],[-94.04577,42.03124],[-94.04522,42.03096],[-94.04436,42.03058],[-94.04374,42.03032],[-94.04275,42.02999],[-94.04235,42.02988],[-94.04175,42.02975],[-94.04116,42.02964],[-94.04069,42.02957],[-94.04002,42.0295],[-94.03912,42.02946],[-94.03524,42.02947],[-94.03358,42.02946],[-94.02828,42.02948],[-94.02799,42.02947],[-94.02776,42.02948],[-94.02759,42.02948],[-94.02735,42.02949],[-94.02489,42.02949],[-94.02394,42.0295],[-94.01962,42.0295],[-94.0189,42.02951],[-94.01724,42.0295],[-93.99217,42.02952],[-93.991,42.02953],[-93.99055,42.02954],[-93.98987,42.02957],[-93.98858,42.02967],[-93.9782,42.03083],[-93.97455,42.03122],[-93.9719,42.03152],[-93.96953,42.03177],[-93.96921,42.03182],[-93.96833,42.03192],[-93.96545,42.03222],[-93.96194,42.03255],[-93.9612,42.03261],[-93.95462,42.03322],[-93.95456,42.03322],[-93.95371,42.03331],[-93.95293,42.03337],[-93.95149,42.03351],[-93.95132,42.03353],[-93.95081,42.03357],[-93.95004,42.03365],[-93.94147,42.03443],[-93.94033,42.0345],[-93.93942,42.03452],[-93.93716,42.03454],[-93.93679,42.03455],[-93.93528,42.03455],[-93.9338,42.03457],[-93.93319,42.03457],[-93.93248,42.03458],[-93.93186,42.03458],[-93.93174,42.03459],[-93.92908,42.0346],[-93.92859,42.03461],[-93.92774,42.03461],[-93.92592,42.03464],[-93.91567,42.03471],[-93.91446,42.03471],[-93.91361,42.03472],[-93.91037,42.03472],[-93.90087,42.03466],[-93.90041,42.03467],[-93.89954,42.03465],[-93.89407,42.03463],[-93.89342,42.03464],[-93.89287,42.03464],[-93.89213,42.03465],[-93.89155,42.03465],[-93.88948,42.03468],[-93.88848,42.03468],[-93.88043,42.03456],[-93.87966,42.03454],[-93.87864,42.03454],[-93.87365,42.0345],[-93.87258,42.0345],[-93.8702,42.03448],[-93.86839,42.03448],[-93.86799,42.03447],[-93.86481,42.03446],[-93.86206,42.03443],[-93.85806,42.03441],[-93.85755,42.0344],[-93.85657,42.0344],[-93.85508,42.03442],[-93.85317,42.0345],[-93.85035,42.03459],[-93.84969,42.03462],[-93.8496,42.03462],[-93.84519,42.03479],[-93.84494,42.03479],[-93.84446,42.03481],[-93.84437,42.03481],[-93.84325,42.03485],[-93.84318,42.03485],[-93.84135,42.03492],[-93.83962,42.03496],[-93.83835,42.03496],[-93.83729,42.03493],[-93.82872,42.03475],[-93.8286,42.03475],[-93.82508,42.03467],[-93.82491,42.03467],[-93.82329,42.03463],[-93.80703,42.0346],[-93.80648,42.03459],[-93.80237,42.03458],[-93.80212,42.03457],[-93.80195,42.03456],[-93.8018,42.03456],[-93.80177,42.03455],[-93.80152,42.03453],[-93.80134,42.03451],[-93.80101,42.03446],[-93.80065,42.03439],[-93.80034,42.03432],[-93.79995,42.03421],[-93.79959,42.0341],[-93.79931,42.034],[-93.79895,42.03385],[-93.79875,42.03376],[-93.79837,42.03355],[-93.79808,42.03338],[-93.79775,42.03317],[-93.79761,42.03306],[-93.7974,42.03289],[-93.79712,42.03265],[-93.79678,42.0323],[-93.79653,42.03203],[-93.79614,42.03145],[-93.79491,42.02944],[-93.79472,42.02913],[-93.79456,42.02886],[-93.79429,42.02847],[-93.79398,42.02811],[-93.79382,42.02793],[-93.79374,42.02786],[-93.79348,42.02761],[-93.79328,42.02744],[-93.79294,42.02719],[-93.79266,42.027],[-93.78822,42.02443],[-93.78821,42.02443],[-93.78787,42.02424],[-93.78739,42.02402],[-93.78714,42.02392],[-93.78675,42.02378],[-93.78651,42.0237],[-93.78616,42.0236],[-93.78592,42.02354],[-93.78536,42.02342],[-93.78476,42.02332],[-93.78424,42.02325],[-93.78406,42.02322],[-93.78362,42.02318],[-93.78259,42.02311],[-93.78246,42.02311],[-93.78216,42.0231],[-93.78188,42.0231],[-93.78138,42.02311],[-93.78084,42.02311],[-93.77718,42.02316],[-93.7768,42.02317],[-93.77137,42.02317],[-93.77049,42.02316],[-93.76727,42.02316],[-93.75886,42.02327],[-93.75823,42.02327],[-93.75734,42.02328],[-93.75548,42.02325],[-93.75523,42.02325],[-93.75295,42.0232],[-93.7491,42.02314],[-93.74241,42.023],[-93.74137,42.02299],[-93.73978,42.02295],[-93.73913,42.02294],[-93.73877,42.02294],[-93.73778,42.02292],[-93.73471,42.02291],[-93.73383,42.02292],[-93.73033,42.02292],[-93.72934,42.0229],[-93.72889,42.02288],[-93.72824,42.02283],[-93.72793,42.0228],[-93.72747,42.02274],[-93.72689,42.02265],[-93.7266,42.02259],[-93.72627,42.02253],[-93.72588,42.02244],[-93.72504,42.02222],[-93.72501,42.02221],[-93.72476,42.02214],[-93.72431,42.022],[-93.72378,42.02185],[-93.72187,42.02127],[-93.71994,42.0207],[-93.71859,42.02029],[-93.71831,42.0202],[-93.71737,42.01993],[-93.71399,42.01891],[-93.71327,42.0187],[-93.7127,42.01852],[-93.71229,42.0184],[-93.71204,42.01832],[-93.70124,42.01508],[-93.70102,42.01501],[-93.68001,42.00871],[-93.67861,42.00828],[-93.67608,42.00753],[-93.67536,42.00733],[-93.67529,42.00732],[-93.67495,42.00723],[-93.67451,42.00713],[-93.67411,42.00706],[-93.67337,42.00695],[-93.67279,42.00688],[-93.6725,42.00685],[-93.67246,42.00685],[-93.67171,42.00679],[-93.67114,42.00677],[-93.65441,42.00677],[-93.65383,42.00675],[-93.65353,42.00673],[-93.65339,42.00671],[-93.65324,42.0067],[-93.65295,42.00666],[-93.65286,42.00664],[-93.65281,42.00664],[-93.65237,42.00656],[-93.65209,42.0065],[-93.6518,42.00643],[-93.65125,42.00627],[-93.65113,42.00623],[-93.65089,42.00615],[-93.65057,42.00603],[-93.6502,42.00587],[-93.64995,42.00575],[-93.64964,42.00559],[-93.64923,42.00536],[-93.64711,42.00403],[-93.64655,42.00373],[-93.64639,42.00365],[-93.64563,42.00332],[-93.64521,42.00318],[-93.64468,42.00302],[-93.6444,42.00295],[-93.64384,42.00283],[-93.64327,42.00274],[-93.64315,42.00273],[-93.64284,42.00269],[-93.64254,42.00267],[-93.6421,42.00265],[-93.64151,42.00265],[-93.64091,42.00267],[-93.63157,42.00334],[-93.6306,42.0034],[-93.62534,42.00377],[-93.62504,42.0038],[-93.62439,42.00384],[-93.62375,42.00389],[-93.62294,42.00394],[-93.61709,42.00436],[-93.61626,42.00441],[-93.6131,42.00464],[-93.61208,42.0047],[-93.61187,42.00472],[-93.61039,42.00482],[-93.61006,42.00485],[-93.60987,42.00486],[-93.60977,42.00487],[-93.60937,42.00489],[-93.60814,42.00498],[-93.60793,42.005],[-93.59482,42.00593],[-93.59457,42.00594],[-93.59368,42.00601],[-93.58465,42.00664],[-93.58441,42.00665],[-93.58253,42.00679],[-93.58128,42.00687],[-93.58024,42.00695],[-93.57742,42.00714],[-93.57697,42.00718],[-93.56997,42.00768],[-93.56588,42.00795],[-93.56525,42.008],[-93.56195,42.00823],[-93.56191,42.00823],[-93.55772,42.00852],[-93.55723,42.00856],[-93.55573,42.00866],[-93.55459,42.0087],[-93.55452,42.00871],[-93.55385,42.00873],[-93.55286,42.00874],[-93.5453,42.00875],[-93.54465,42.00876],[-93.54168,42.00876],[-93.54085,42.00877],[-93.52903,42.0088],[-93.5271,42.00879],[-93.52681,42.0088],[-93.52136,42.00881],[-93.50275,42.00871],[-93.50217,42.0087],[-93.48154,42.00858],[-93.48038,42.00856],[-93.48007,42.00855],[-93.47929,42.0085],[-93.47843,42.00842],[-93.47783,42.00835],[-93.47711,42.00824],[-93.47601,42.00805],[-93.4743,42.00767],[-93.47284,42.00733],[-93.47261,42.00728],[-93.47189,42.00711],[-93.47093,42.00691],[-93.46979,42.00671],[-93.46962,42.00669],[-93.4693,42.00664],[-93.46893,42.0066],[-93.46871,42.00657],[-93.46843,42.00654],[-93.4682,42.00652],[-93.46812,42.00651],[-93.46773,42.00648],[-93.4674,42.00646],[-93.46729,42.00645],[-93.46679,42.00642],[-93.4663,42.00638],[-93.46571,42.00635],[-93.4655,42.00633],[-93.45246,42.00549],[-93.45242,42.00549],[-93.45186,42.00545],[-93.45147,42.00543],[-93.45126,42.00541],[-93.45074,42.00538],[-93.45067,42.00537],[-93.45011,42.00534],[-93.44938,42.00529],[-93.44929,42.00529],[-93.44893,42.00527],[-93.44862,42.00526],[-93.44795,42.00526],[-93.44734,42.00528],[-93.4469,42.00532],[-93.44659,42.00534],[-93.44631,42.00538],[-93.44602,42.00541],[-93.44532,42.00553],[-93.44468,42.00566],[-93.44405,42.00582],[-93.44363,42.00592],[-93.43947,42.00697],[-93.43917,42.00704],[-93.43791,42.00736],[-93.43756,42.00743],[-93.43716,42.00752],[-93.43686,42.00758],[-93.43549,42.0078],[-93.43483,42.00788],[-93.43426,42.00794],[-93.43398,42.00796],[-93.43368,42.00799],[-93.43324,42.00801],[-93.43301,42.00803],[-93.43282,42.00803],[-93.43205,42.00805],[-93.43155,42.00805],[-93.42093,42.00785],[-93.41744,42.00782],[-93.41695,42.00783],[-93.41634,42.00782],[-93.41104,42.00779],[-93.4089,42.00779],[-93.40577,42.00776],[-93.40322,42.00776],[-93.40278,42.00775],[-93.40161,42.00775],[-93.40089,42.00774],[-93.40043,42.00775],[-93.39455,42.00773],[-93.39396,42.00772],[-93.39342,42.00772],[-93.38912,42.00764],[-93.38868,42.00764],[-93.38826,42.00763],[-93.38809,42.00762],[-93.3878,42.00762],[-93.38692,42.0076],[-93.38661,42.0076],[-93.38648,42.00759],[-93.38589,42.00759],[-93.38517,42.00757],[-93.385,42.00757],[-93.38367,42.00754],[-93.38338,42.00754],[-93.38146,42.0075],[-93.38111,42.0075],[-93.37956,42.00746],[-93.37867,42.00745],[-93.37733,42.00746],[-93.37692,42.00747],[-93.37661,42.00747],[-93.37572,42.0075],[-93.37567,42.0075],[-93.37558,42.00751],[-93.37542,42.00751],[-93.37414,42.00755],[-93.37395,42.00756],[-93.37204,42.00763],[-93.37188,42.00763],[-93.37133,42.00765],[-93.37102,42.00767],[-93.37045,42.00768],[-93.37028,42.00769],[-93.37018,42.00769],[-93.37003,42.0077],[-93.35782,42.00811],[-93.35723,42.00814],[-93.35499,42.00821],[-93.35487,42.00821],[-93.35377,42.00824],[-93.35205,42.00826],[-93.34748,42.00826],[-93.33064,42.0082],[-93.33053,42.00819],[-93.31986,42.00815],[-93.3194,42.00814],[-93.31918,42.00814],[-93.31828,42.0081],[-93.3109,42.00765],[-93.31054,42.00764],[-93.30952,42.00759],[-93.30877,42.00757],[-93.30613,42.00756],[-93.30472,42.00758],[-93.30383,42.00758],[-93.29619,42.00764],[-93.29445,42.00764],[-93.2836,42.00773],[-93.27151,42.00771],[-93.27065,42.00772],[-93.24579,42.00766],[-93.24552,42.00765],[-93.24111,42.00765],[-93.22808,42.00787],[-93.2259,42.00789],[-93.22405,42.00786],[-93.22346,42.00784],[-93.21527,42.00768],[-93.215,42.00768],[-93.2145,42.00767],[-93.21374,42.00767],[-93.21353,42.00766],[-93.20407,42.00758],[-93.2031,42.00758],[-93.19512,42.00751],[-93.19425,42.00748],[-93.18249,42.0074],[-93.18213,42.00739],[-93.18136,42.00739],[-93.1786,42.00736],[-93.17798,42.00736],[-93.17771,42.00735],[-93.174,42.00733],[-93.16251,42.00764],[-93.1621,42.00766],[-93.16186,42.00766],[-93.16102,42.00769],[-93.15962,42.00772],[-93.1585,42.00773],[-93.15718,42.00772],[-93.15675,42.00771],[-93.15552,42.0077],[-93.15367,42.0077],[-93.15116,42.00768],[-93.13739,42.0077],[-93.1362,42.00771],[-93.12338,42.00808],[-93.12238,42.0081],[-93.12,42.00817],[-93.1181,42.00821],[-93.11678,42.00822],[-93.09707,42.00822],[-93.09202,42.00817],[-93.09038,42.00814],[-93.09014,42.00814],[-93.0899,42.00813],[-93.08685,42.0081],[-93.08674,42.00809],[-93.08467,42.00807],[-93.08458,42.00806],[-93.08409,42.00806],[-93.07949,42.008],[-93.07852,42.00798],[-93.0778,42.00798],[-93.07765,42.00797],[-93.0654,42.00781],[-93.06392,42.00781],[-93.06305,42.00782],[-93.05675,42.00797],[-93.05658,42.00798],[-93.05385,42.00801],[-93.05361,42.00802],[-93.05022,42.00805],[-93.04907,42.00807],[-93.03915,42.00817],[-93.028,42.0082],[-93.02757,42.00821],[-93.02422,42.00821],[-93.02093,42.00811],[-93.02039,42.00808],[-93.00967,42.00768],[-93.00663,42.0076],[-93.00533,42.00758],[-93.00493,42.00758],[-92.98953,42.00735],[-92.98874,42.00731],[-92.98786,42.0073],[-92.98742,42.00728],[-92.98705,42.00727],[-92.98662,42.00725],[-92.9858,42.00719],[-92.98486,42.00715],[-92.98469,42.00713],[-92.98457,42.00711],[-92.98414,42.00705],[-92.98369,42.00698],[-92.98261,42.00679],[-92.98228,42.00671],[-92.98175,42.00659],[-92.98117,42.00645],[-92.98007,42.00613],[-92.97884,42.00579],[-92.97362,42.00428],[-92.97292,42.0041],[-92.97235,42.00397],[-92.97109,42.00371],[-92.97049,42.00361],[-92.96975,42.00351],[-92.96895,42.00342],[-92.9682,42.00336],[-92.96733,42.00331],[-92.96657,42.00329],[-92.9627,42.0033],[-92.96163,42.00329],[-92.9561,42.00329],[-92.95531,42.0033],[-92.93601,42.0033],[-92.93386,42.00332],[-92.93352,42.00333],[-92.93326,42.00333],[-92.92843,42.00342],[-92.92771,42.00344],[-92.92693,42.00345],[-92.92137,42.00357],[-92.92126,42.00357],[-92.91545,42.00369],[-92.9152,42.00369],[-92.91314,42.00372],[-92.9124,42.00372],[-92.91064,42.00369],[-92.90997,42.00366],[-92.90973,42.00366],[-92.90886,42.00362],[-92.89505,42.00313],[-92.89389,42.00308],[-92.89174,42.00301],[-92.88943,42.00292],[-92.88699,42.00284],[-92.88554,42.00278],[-92.88501,42.00278],[-92.88471,42.00279],[-92.88454,42.00279],[-92.88421,42.00281],[-92.88393,42.00282],[-92.8837,42.00284],[-92.88352,42.00286],[-92.88334,42.00287],[-92.88309,42.00291],[-92.88269,42.00296],[-92.88227,42.00303],[-92.88182,42.00311],[-92.8817,42.00314],[-92.88141,42.0032],[-92.88083,42.00334],[-92.8795,42.00368],[-92.87938,42.00372],[-92.87715,42.00427],[-92.87391,42.00511],[-92.8699,42.00612],[-92.86889,42.00636],[-92.86868,42.0064],[-92.86836,42.00647],[-92.86754,42.00662],[-92.8675,42.00662],[-92.86741,42.00664],[-92.86735,42.00664],[-92.86711,42.00667],[-92.86693,42.0067],[-92.8668,42.00671],[-92.86663,42.00673],[-92.86637,42.00675],[-92.86631,42.00676],[-92.86623,42.00676],[-92.86597,42.00678],[-92.86535,42.00681],[-92.8649,42.00682],[-92.85639,42.0069],[-92.85542,42.0069],[-92.85121,42.00694],[-92.85099,42.00695],[-92.84909,42.00695],[-92.84869,42.00694],[-92.8454,42.00678],[-92.84502,42.00678],[-92.84474,42.00677],[-92.84415,42.00677],[-92.84348,42.00678],[-92.84098,42.00678],[-92.83977,42.00676],[-92.83914,42.00674],[-92.83694,42.00674],[-92.83669,42.00675],[-92.83396,42.00676],[-92.82366,42.00672],[-92.81907,42.00661],[-92.81882,42.0066],[-92.81402,42.00648],[-92.81282,42.00646],[-92.81069,42.0064],[-92.8104,42.0064],[-92.80996,42.00639],[-92.80927,42.00639],[-92.80895,42.0064],[-92.80878,42.00641],[-92.80864,42.00641],[-92.80785,42.00646],[-92.80734,42.00651],[-92.80676,42.00658],[-92.80606,42.00669],[-92.80519,42.00686],[-92.80437,42.00706],[-92.80046,42.00817],[-92.7941,42.00995],[-92.79346,42.01012],[-92.78944,42.01127],[-92.78903,42.01138],[-92.78873,42.01145],[-92.78857,42.01149],[-92.78818,42.01157],[-92.78788,42.01162],[-92.78733,42.0117],[-92.78717,42.01172],[-92.78628,42.01178],[-92.7859,42.01179],[-92.78533,42.01178],[-92.7821,42.01177],[-92.78138,42.01176],[-92.78113,42.01175],[-92.78091,42.01175],[-92.78067,42.01174],[-92.77981,42.01168],[-92.77952,42.01165],[-92.77911,42.0116],[-92.77856,42.01152],[-92.77825,42.01148],[-92.77793,42.01142],[-92.77701,42.01123],[-92.77681,42.01119],[-92.77621,42.01104],[-92.77585,42.01093],[-92.7756,42.01086],[-92.77527,42.01075],[-92.77506,42.01069],[-92.77482,42.0106],[-92.77467,42.01055],[-92.77429,42.01041],[-92.77378,42.01021],[-92.77352,42.01009],[-92.77325,42.00998],[-92.773,42.00986],[-92.77119,42.00906],[-92.77056,42.00877],[-92.76994,42.00857],[-92.76945,42.00834],[-92.76846,42.00788],[-92.76814,42.00774],[-92.76736,42.00738],[-92.76694,42.0072],[-92.7668,42.00715],[-92.76657,42.00706],[-92.76647,42.00703],[-92.76594,42.00686],[-92.76533,42.00669],[-92.76455,42.00652],[-92.7642,42.00646],[-92.76392,42.00642],[-92.76366,42.00639],[-92.76343,42.00637],[-92.76326,42.00635],[-92.76201,42.0063],[-92.76143,42.0063],[-92.75618,42.00622],[-92.75457,42.00621],[-92.74871,42.00613],[-92.74845,42.00612],[-92.74811,42.00612],[-92.74749,42.00611],[-92.74704,42.00611],[-92.74003,42.00601],[-92.73948,42.00601],[-92.73907,42.006],[-92.73863,42.006],[-92.73844,42.00599],[-92.73802,42.00598],[-92.73786,42.00598],[-92.73768,42.00597],[-92.73739,42.00596],[-92.73587,42.00586],[-92.73524,42.0058],[-92.73471,42.00574],[-92.73372,42.00561],[-92.73331,42.00554],[-92.73314,42.00552],[-92.72974,42.00492],[-92.72899,42.00478],[-92.72804,42.00462],[-92.70268,42.0001],[-92.70235,42.00005],[-92.70219,42.00002],[-92.70171,41.99995],[-92.7011,41.99988],[-92.70045,41.99982],[-92.7,41.99979],[-92.6997,41.99978],[-92.69956,41.99977],[-92.6994,41.99977],[-92.69908,41.99976],[-92.69847,41.99975],[-92.68826,41.99977],[-92.68708,41.99976],[-92.68544,41.99977],[-92.67838,41.99976],[-92.67623,41.99971],[-92.6753,41.9997],[-92.67327,41.9997],[-92.67103,41.99972],[-92.66989,41.99972],[-92.66883,41.9997],[-92.66749,41.99964],[-92.66692,41.9996],[-92.66669,41.99959],[-92.6664,41.99957],[-92.66462,41.99942],[-92.66245,41.99921],[-92.66173,41.99915],[-92.66028,41.99901],[-92.65913,41.99892],[-92.65859,41.99887],[-92.65495,41.99858],[-92.64294,41.99747],[-92.64292,41.99747],[-92.64269,41.99745],[-92.64193,41.99736],[-92.64017,41.99713],[-92.63814,41.99681],[-92.63804,41.99679],[-92.63688,41.9966],[-92.63619,41.9965],[-92.63538,41.99637],[-92.63476,41.99626],[-92.63348,41.99605],[-92.63194,41.99575],[-92.62545,41.99443],[-92.62402,41.99413],[-92.62262,41.99385],[-92.62192,41.9937],[-92.6203,41.99333],[-92.61928,41.99308],[-92.61897,41.99302],[-92.61846,41.99289],[-92.61843,41.99288],[-92.61658,41.99242],[-92.61623,41.99234],[-92.61548,41.99215],[-92.61547,41.99215],[-92.61387,41.99175],[-92.61304,41.99151],[-92.61236,41.99128],[-92.61145,41.99091],[-92.61123,41.9908],[-92.61105,41.99071],[-92.61085,41.99061],[-92.61051,41.99044],[-92.61001,41.99014],[-92.60984,41.99004],[-92.6096,41.98987],[-92.6085,41.98907],[-92.60843,41.98903],[-92.60747,41.98831],[-92.60729,41.98817],[-92.60657,41.98766],[-92.60553,41.98689],[-92.60487,41.98644],[-92.60457,41.98626],[-92.60436,41.98615],[-92.60416,41.98604],[-92.60398,41.98595],[-92.60339,41.98568],[-92.60321,41.98561],[-92.60281,41.98546],[-92.60238,41.98531],[-92.60202,41.9852],[-92.60131,41.98502],[-92.59881,41.98454],[-92.59843,41.98448],[-92.59572,41.98397],[-92.59449,41.98375],[-92.59419,41.98369],[-92.59389,41.98364],[-92.59162,41.98323],[-92.58765,41.98248],[-92.58729,41.98243],[-92.58694,41.98237],[-92.58648,41.98232],[-92.58625,41.9823],[-92.58557,41.98227],[-92.58472,41.98227],[-92.58378,41.98226],[-92.58241,41.98227],[-92.57986,41.98227],[-92.57935,41.98228],[-92.57183,41.98227],[-92.57124,41.98225],[-92.57069,41.98221],[-92.56993,41.98212],[-92.56957,41.98206],[-92.56947,41.98205],[-92.56934,41.98202],[-92.56907,41.98197],[-92.56872,41.98189],[-92.56825,41.98177],[-92.56793,41.98168],[-92.56771,41.98161],[-92.56717,41.98142],[-92.56669,41.98123],[-92.56632,41.98107],[-92.56601,41.98091],[-92.56555,41.98067],[-92.56504,41.98036],[-92.56406,41.97966],[-92.56216,41.97828],[-92.56211,41.97824],[-92.55947,41.97634],[-92.55938,41.97627],[-92.55858,41.97568],[-92.55809,41.97533],[-92.55754,41.97493],[-92.55749,41.97488],[-92.55667,41.97429],[-92.55541,41.97337],[-92.55513,41.97317],[-92.55439,41.9726],[-92.55385,41.97222],[-92.552,41.97088],[-92.5514,41.97043],[-92.54998,41.96946],[-92.54931,41.96899],[-92.54835,41.96828],[-92.54738,41.96767],[-92.5468,41.96732],[-92.54604,41.96692],[-92.54567,41.96675],[-92.54371,41.96592],[-92.54304,41.96566],[-92.54228,41.96541],[-92.54204,41.96534],[-92.54053,41.96493],[-92.53986,41.96479],[-92.53912,41.96465],[-92.53828,41.96451],[-92.53749,41.96441],[-92.53661,41.96431],[-92.53626,41.96429],[-92.53606,41.96427],[-92.53565,41.96424],[-92.53552,41.96424],[-92.53515,41.96422],[-92.53384,41.9642],[-92.53178,41.9642],[-92.53118,41.96418],[-92.53101,41.96418],[-92.53072,41.96416],[-92.53025,41.96414],[-92.52972,41.9641],[-92.52878,41.964],[-92.52873,41.964],[-92.528,41.96396],[-92.52759,41.96393],[-92.5273,41.96392],[-92.52688,41.96389],[-92.52678,41.96389],[-92.52666,41.96388],[-92.52544,41.96388],[-92.52539,41.96389],[-92.52202,41.96387],[-92.52153,41.96386],[-92.52054,41.96386],[-92.51611,41.9638],[-92.51539,41.9638],[-92.51468,41.96379],[-92.51419,41.96379],[-92.51394,41.9638],[-92.49795,41.96382],[-92.49674,41.96383],[-92.45729,41.96387],[-92.45639,41.96388],[-92.44864,41.96388],[-92.44792,41.96389],[-92.44636,41.96389],[-92.44622,41.9639],[-92.44371,41.9639],[-92.43195,41.96396],[-92.43123,41.96397],[-92.42686,41.96398],[-92.42662,41.96399],[-92.41893,41.96402],[-92.4182,41.96403],[-92.40604,41.96404],[-92.40072,41.96395],[-92.40036,41.96395],[-92.39934,41.96393],[-92.39865,41.96393],[-92.39669,41.96396],[-92.39382,41.96398],[-92.39152,41.96402],[-92.38372,41.96411],[-92.38271,41.96411],[-92.37857,41.96417],[-92.37516,41.96417],[-92.37427,41.96416],[-92.37278,41.96416],[-92.37231,41.96415],[-92.37127,41.96415],[-92.3703,41.96414],[-92.36933,41.96414],[-92.36909,41.96413],[-92.3674,41.96413],[-92.36716,41.96412],[-92.36595,41.96412],[-92.36498,41.96411],[-92.36329,41.96411],[-92.36256,41.9641],[-92.35847,41.96409],[-92.35774,41.96408],[-92.35421,41.96407],[-92.35363,41.96406],[-92.3494,41.96404],[-92.33405,41.96404],[-92.33351,41.96405],[-92.32756,41.96408],[-92.32703,41.96409],[-92.32624,41.96409],[-92.32458,41.96411],[-92.32263,41.96411],[-92.32151,41.96408],[-92.31984,41.96401],[-92.31976,41.96401],[-92.31948,41.964],[-92.31838,41.96398],[-92.31691,41.96398],[-92.31596,41.96399],[-92.3131,41.96399],[-92.31228,41.96401],[-92.31177,41.96401],[-92.31153,41.96402],[-92.31104,41.96403],[-92.31005,41.96408],[-92.30938,41.96413],[-92.30798,41.9642],[-92.30754,41.96421],[-92.3067,41.96421],[-92.30616,41.96422],[-92.30517,41.96422],[-92.30457,41.96423],[-92.30217,41.96423],[-92.29966,41.96426],[-92.29376,41.96428],[-92.29331,41.96429],[-92.28967,41.9643],[-92.28785,41.96432],[-92.28334,41.96432],[-92.28089,41.9643],[-92.27878,41.9643],[-92.27849,41.96429],[-92.27558,41.96429],[-92.27513,41.96428],[-92.26015,41.96423],[-92.25942,41.96422],[-92.25797,41.96422],[-92.257,41.96421],[-92.25289,41.9642],[-92.25217,41.96419],[-92.25069,41.96419],[-92.25021,41.96418],[-92.24778,41.96418],[-92.24724,41.96417],[-92.2448,41.96417],[-92.24408,41.96416],[-92.24142,41.96416],[-92.24068,41.96415],[-92.23273,41.96415],[-92.2294,41.96413],[-92.22351,41.96414],[-92.22179,41.96413],[-92.2212,41.96412],[-92.20246,41.96404],[-92.20162,41.96403],[-92.20098,41.96403],[-92.20047,41.96402],[-92.18934,41.96394],[-92.18919,41.96393],[-92.18718,41.96393],[-92.18622,41.96391],[-92.18043,41.96388],[-92.17024,41.96387],[-92.16928,41.96386],[-92.16159,41.96386],[-92.16086,41.96385],[-92.15695,41.96385],[-92.14998,41.96382],[-92.14919,41.96381],[-92.11793,41.96378],[-92.1172,41.96377],[-92.11684,41.96378],[-92.11587,41.96377],[-92.10257,41.96375],[-92.09362,41.96369],[-92.07674,41.96367],[-92.07644,41.96365],[-92.0763,41.96365],[-92.07597,41.96364],[-92.06391,41.96357],[-92.06366,41.96354],[-92.06298,41.9635],[-92.06196,41.96342],[-92.06102,41.96336],[-92.06035,41.96331],[-92.05889,41.96327],[-92.05511,41.96327],[-92.05301,41.96329],[-92.03892,41.96333],[-92.03816,41.96334],[-92.0352,41.96335],[-92.03503,41.96334],[-92.03419,41.96335],[-92.03337,41.96334],[-92.03189,41.96336],[-92.03143,41.96338],[-92.03125,41.96338],[-92.03119,41.96339],[-92.03069,41.96337],[-92.02948,41.96338],[-92.02819,41.96336],[-92.02769,41.96337],[-92.02392,41.96336],[-92.0223,41.96334],[-92.01571,41.96342],[-92.01304,41.96342],[-92.01199,41.96341],[-92.0091,41.96341],[-92.00879,41.9634],[-92.00445,41.96338],[-92.00249,41.96333],[-92.00215,41.96333],[-92.00099,41.9633],[-91.99974,41.96328],[-91.9997,41.96329],[-91.99829,41.96327],[-91.98982,41.96325],[-91.98951,41.96326],[-91.9888,41.96325],[-91.97108,41.96317],[-91.97033,41.96316],[-91.96669,41.96316],[-91.96578,41.96315],[-91.96084,41.96314],[-91.96013,41.96315],[-91.95966,41.96315],[-91.95751,41.96319],[-91.95732,41.9632],[-91.95616,41.96321],[-91.9557,41.96322],[-91.94875,41.96321],[-91.9314,41.96313],[-91.92934,41.9631],[-91.92619,41.96302],[-91.92522,41.96302],[-91.92448,41.96301],[-91.92094,41.96304],[-91.9167,41.963],[-91.91265,41.96293],[-91.91213,41.96294],[-91.91127,41.96293],[-91.90931,41.96294],[-91.90875,41.96295],[-91.90848,41.96295],[-91.90834,41.96296],[-91.90568,41.96301],[-91.89418,41.96309],[-91.89274,41.96311],[-91.89192,41.96311],[-91.88718,41.96315],[-91.88334,41.96316],[-91.87266,41.9633],[-91.86973,41.96337],[-91.86941,41.96337],[-91.8678,41.9634],[-91.85992,41.9635],[-91.85962,41.96352],[-91.85933,41.96353],[-91.85908,41.96355],[-91.85904,41.96356],[-91.8587,41.96358],[-91.85808,41.96364],[-91.85687,41.96374],[-91.85652,41.96375],[-91.85641,41.96376],[-91.85621,41.96377],[-91.85584,41.96378],[-91.83439,41.96401],[-91.8264,41.96401],[-91.82269,41.96403],[-91.81398,41.96404],[-91.81328,41.96405],[-91.81267,41.96404],[-91.81218,41.96404],[-91.81171,41.96403],[-91.80904,41.96403],[-91.80831,41.96402],[-91.80568,41.96402],[-91.80316,41.96404],[-91.80283,41.96403],[-91.80244,41.96403],[-91.80125,41.96398],[-91.79872,41.96382],[-91.79849,41.96381],[-91.79728,41.96373],[-91.79704,41.96371],[-91.79677,41.9637],[-91.79487,41.96357],[-91.79462,41.96355],[-91.78576,41.96298],[-91.78478,41.96288],[-91.78394,41.96273],[-91.78353,41.96263],[-91.78279,41.96244],[-91.78215,41.96222],[-91.78175,41.96206],[-91.78131,41.96188],[-91.78113,41.9618],[-91.78069,41.96157],[-91.7806,41.96152],[-91.78016,41.96126],[-91.77985,41.96106],[-91.77946,41.96082],[-91.77572,41.95841],[-91.77536,41.95818],[-91.77503,41.95796],[-91.77091,41.95529],[-91.77059,41.95507],[-91.7702,41.95483],[-91.76702,41.95279],[-91.76701,41.95278],[-91.76688,41.95271],[-91.76667,41.95257],[-91.76617,41.9523],[-91.76571,41.95206],[-91.76533,41.95188],[-91.76466,41.95159],[-91.7639,41.9513],[-91.7635,41.95116],[-91.7628,41.95096],[-91.75892,41.94997],[-91.75887,41.94996],[-91.75321,41.94853],[-91.75279,41.94841],[-91.75211,41.94823],[-91.75187,41.94816],[-91.75157,41.94808],[-91.73943,41.94473],[-91.73915,41.94466],[-91.7383,41.94442],[-91.73708,41.94409],[-91.73677,41.944],[-91.73186,41.94266],[-91.7288,41.9418],[-91.72324,41.94029],[-91.72311,41.94026],[-91.72252,41.9401],[-91.71276,41.93758],[-91.71259,41.93754],[-91.71034,41.93696],[-91.71008,41.9369],[-91.70417,41.93535],[-91.70278,41.93501],[-91.68618,41.93072],[-91.68562,41.93055],[-91.68483,41.93028],[-91.68457,41.93017],[-91.68392,41.92992],[-91.68373,41.92983],[-91.68262,41.92935],[-91.68236,41.92924],[-91.681,41.92865],[-91.67941,41.92795],[-91.67872,41.92765],[-91.67857,41.9276],[-91.67833,41.9275],[-91.67778,41.92732],[-91.67721,41.92717],[-91.67671,41.92708],[-91.67622,41.92701],[-91.67605,41.92699],[-91.67578,41.92697],[-91.67381,41.92693],[-91.67355,41.92693],[-91.66844,41.92685],[-91.66799,41.92685],[-91.66727,41.92684],[-91.6671,41.92683],[-91.66661,41.92683],[-91.66565,41.92681],[-91.66528,41.92681],[-91.66482,41.9268],[-91.66409,41.9268],[-91.66269,41.92678],[-91.65857,41.92675],[-91.65724,41.92673],[-91.65636,41.92673],[-91.65516,41.92671],[-91.6533,41.9267],[-91.65299,41.92669],[-91.65228,41.92669],[-91.65081,41.92667],[-91.65009,41.92667],[-91.64979,41.92666],[-91.64882,41.92666],[-91.64418,41.92659],[-91.64394,41.92659],[-91.64348,41.92658],[-91.64321,41.92658],[-91.64297,41.92657],[-91.64249,41.92657],[-91.63862,41.92651],[-91.63836,41.92651],[-91.63675,41.92648],[-91.63643,41.92648],[-91.63557,41.92646],[-91.63236,41.92642],[-91.63212,41.92641],[-91.63186,41.92641],[-91.63159,41.9264],[-91.63112,41.9264],[-91.63026,41.92638],[-91.62881,41.92636],[-91.62851,41.92636],[-91.62737,41.92634],[-91.62596,41.92633],[-91.62517,41.92631],[-91.62385,41.92629],[-91.62353,41.92629],[-91.62099,41.92624],[-91.6207,41.92624],[-91.61211,41.92608],[-91.61197,41.92608],[-91.61111,41.92606],[-91.61076,41.92606],[-91.60981,41.92604],[-91.60955,41.92603],[-91.59613,41.92579],[-91.59135,41.92568],[-91.58329,41.92542],[-91.58011,41.9253],[-91.5791,41.92527],[-91.57756,41.92521],[-91.57202,41.92504],[-91.57138,41.92504],[-91.57093,41.92503],[-91.5708,41.92504],[-91.56941,41.92506],[-91.55745,41.92555],[-91.55708,41.92557],[-91.54264,41.92617],[-91.54222,41.92618],[-91.54104,41.92623],[-91.53968,41.92625],[-91.53884,41.92625],[-91.5375,41.92623],[-91.52816,41.92592],[-91.52694,41.92589],[-91.52594,41.92585],[-91.52322,41.92577],[-91.52226,41.92573],[-91.52203,41.92573],[-91.51866,41.92561],[-91.51716,41.92557],[-91.51302,41.92542],[-91.51268,41.9254],[-91.51206,41.92535],[-91.51105,41.92521],[-91.51015,41.92504],[-91.50997,41.92499],[-91.50973,41.92494],[-91.50937,41.92485],[-91.50896,41.92473],[-91.50854,41.9246],[-91.50787,41.92437],[-91.50734,41.92416],[-91.50669,41.92389],[-91.50667,41.92388],[-91.5052,41.92328],[-91.50512,41.92325],[-91.50499,41.92319],[-91.50478,41.92311],[-91.50463,41.92304],[-91.50309,41.92241],[-91.50241,41.92212],[-91.49921,41.9208],[-91.49735,41.92004],[-91.49604,41.91949],[-91.4959,41.91944],[-91.4943,41.91878],[-91.4937,41.91855],[-91.49333,41.91843],[-91.49254,41.91821],[-91.49169,41.91803],[-91.49145,41.91799],[-91.49102,41.91793],[-91.49097,41.91793],[-91.49014,41.91785],[-91.48915,41.91782],[-91.48569,41.91781],[-91.48519,41.9178],[-91.48172,41.91779],[-91.46291,41.91763],[-91.46066,41.91755],[-91.45873,41.91743],[-91.45401,41.9171],[-91.44368,41.91633],[-91.44204,41.91622],[-91.44041,41.91601],[-91.43894,41.91573],[-91.43734,41.91536],[-91.43611,41.91497],[-91.43476,41.91452],[-91.43345,41.9139],[-91.42846,41.9116],[-91.42434,41.90963],[-91.42025,41.90772],[-91.41893,41.90709],[-91.41825,41.90675],[-91.41721,41.90633],[-91.41617,41.90591],[-91.41502,41.9055],[-91.41385,41.90514],[-91.4127,41.90481],[-91.41155,41.90453],[-91.41028,41.90431],[-91.40901,41.90411],[-91.40776,41.90398],[-91.40637,41.90386],[-91.40006,41.90386],[-91.38682,41.90391],[-91.38557,41.90392],[-91.38431,41.90401],[-91.38313,41.9042],[-91.382,41.90449],[-91.38077,41.90486],[-91.3796,41.90532],[-91.3785,41.90585],[-91.37592,41.90717],[-91.37473,41.9077],[-91.36642,41.91177],[-91.36159,41.91419],[-91.35785,41.91594],[-91.35415,41.9176],[-91.35293,41.91804],[-91.35163,41.91836],[-91.35019,41.9186],[-91.34855,41.91878],[-91.34674,41.91882],[-91.3279,41.91822],[-91.32464,41.91816],[-91.31639,41.91803],[-91.31515,41.91802],[-91.31511,41.91801],[-91.31485,41.91801],[-91.31471,41.918],[-91.31456,41.91798],[-91.31446,41.91798],[-91.31439,41.91797],[-91.31429,41.91796],[-91.31413,41.91794],[-91.31392,41.9179],[-91.31337,41.91778],[-91.31295,41.91766],[-91.30628,41.91585],[-91.30609,41.91579],[-91.29154,41.91184],[-91.29125,41.91176],[-91.28062,41.90887],[-91.28059,41.90886],[-91.27922,41.90848],[-91.27876,41.90836],[-91.27504,41.90735],[-91.2747,41.90725],[-91.26399,41.90434],[-91.26382,41.90429],[-91.26005,41.90326],[-91.25916,41.90301],[-91.25473,41.90181],[-91.2542,41.90166],[-91.25252,41.90121],[-91.24317,41.89865],[-91.24257,41.89848],[-91.24091,41.89804],[-91.2409,41.89803],[-91.23471,41.89634],[-91.23316,41.89593],[-91.23284,41.89584],[-91.2323,41.89572],[-91.2321,41.89567],[-91.23166,41.89558],[-91.2311,41.89547],[-91.22982,41.89528],[-91.2298,41.89528],[-91.22932,41.89522],[-91.22858,41.89515],[-91.22802,41.89511],[-91.22705,41.89507],[-91.22684,41.89507],[-91.22656,41.89506],[-91.22591,41.89506],[-91.22495,41.89509],[-91.22444,41.89509],[-91.22435,41.89508],[-91.22418,41.89507],[-91.22397,41.89505],[-91.2238,41.89502],[-91.22337,41.89494],[-91.22303,41.89486],[-91.2229,41.89482],[-91.22253,41.89469],[-91.22231,41.8946],[-91.22207,41.89449],[-91.22171,41.8943],[-91.2139,41.88979],[-91.21348,41.88956],[-91.21321,41.88941],[-91.21288,41.88927],[-91.21241,41.88911],[-91.21226,41.88907],[-91.21213,41.88903],[-91.21197,41.88899],[-91.21183,41.88896],[-91.21156,41.88891],[-91.21135,41.88888],[-91.21089,41.88883],[-91.21073,41.88882],[-91.21039,41.88881],[-91.20538,41.88877],[-91.2041,41.88875],[-91.20312,41.88875],[-91.2012,41.88872],[-91.2005,41.88872],[-91.19105,41.88863],[-91.19082,41.88864],[-91.18816,41.88861],[-91.18767,41.88861],[-91.18733,41.8886],[-91.18333,41.88858],[-91.18285,41.88857],[-91.17797,41.88856],[-91.17704,41.88855],[-91.17584,41.88856],[-91.17343,41.88856],[-91.16374,41.88848],[-91.16288,41.88848],[-91.16194,41.88847],[-91.15759,41.88848],[-91.15698,41.88849],[-91.15475,41.88849],[-91.15414,41.8885],[-91.15199,41.88849],[-91.15076,41.88847],[-91.14671,41.88847],[-91.14536,41.88848],[-91.14314,41.88847],[-91.14275,41.88848],[-91.14241,41.88847],[-91.14218,41.88848],[-91.13508,41.88847],[-91.13324,41.88845],[-91.13136,41.88845],[-91.13084,41.88846],[-91.13049,41.88846],[-91.12915,41.88848],[-91.12358,41.88851],[-91.12114,41.88851],[-91.11399,41.88855],[-91.11008,41.88855],[-91.10924,41.88856],[-91.10737,41.88856],[-91.10708,41.88857],[-91.10382,41.88857],[-91.10326,41.88858],[-91.10095,41.88858],[-91.09968,41.88859],[-91.09591,41.88859],[-91.08468,41.88869],[-91.08094,41.8887],[-91.08026,41.88871],[-91.0789,41.88871],[-91.07773,41.88872],[-91.07634,41.88872],[-91.07567,41.88873],[-91.05801,41.88872],[-91.05717,41.88874],[-91.05636,41.88874],[-91.05555,41.88875],[-91.05319,41.88875],[-91.05304,41.88874],[-91.05294,41.88874],[-91.05274,41.88873],[-91.05261,41.88871],[-91.05238,41.88868],[-91.05204,41.88862],[-91.05116,41.88845],[-91.05049,41.88833],[-91.05034,41.8883],[-91.05025,41.88829],[-91.04958,41.88815],[-91.04889,41.88803],[-91.04768,41.88779],[-91.04004,41.88634],[-91.03842,41.88604],[-91.038,41.88595],[-91.03618,41.88561],[-91.03616,41.8856],[-91.03518,41.88542],[-91.03488,41.88536],[-91.03348,41.88509],[-91.03328,41.88506],[-91.02316,41.88313],[-91.0224,41.88299],[-91.02143,41.8828],[-91.01554,41.88168],[-91.01524,41.88162],[-91.00693,41.88003],[-91.00662,41.87998],[-91.00108,41.87892],[-91.00051,41.87882],[-90.99867,41.87846],[-90.99587,41.87793],[-90.99559,41.87787],[-90.99529,41.87782],[-90.99491,41.87774],[-90.98779,41.87638],[-90.98739,41.87631],[-90.98623,41.87608],[-90.98567,41.87598],[-90.98496,41.87584],[-90.98482,41.87582],[-90.97754,41.87442],[-90.97676,41.87428],[-90.97633,41.87419],[-90.97613,41.87416],[-90.97574,41.87408],[-90.97421,41.87379],[-90.97308,41.87355],[-90.97236,41.87337],[-90.97167,41.87317],[-90.9714,41.87309],[-90.97129,41.87305],[-90.97096,41.87295],[-90.97095,41.87294],[-90.97033,41.87273],[-90.96993,41.87258],[-90.96688,41.87138],[-90.96629,41.87114],[-90.96111,41.86911],[-90.95854,41.86808],[-90.95801,41.86788],[-90.95634,41.86722],[-90.9559,41.86706],[-90.93839,41.86014],[-90.93825,41.86009],[-90.9371,41.85964],[-90.93683,41.85952],[-90.93653,41.8594],[-90.93594,41.85913],[-90.93573,41.85902],[-90.93549,41.85888],[-90.93503,41.85861],[-90.9344,41.85818],[-90.93412,41.85801],[-90.93349,41.85758],[-90.93319,41.85737],[-90.93294,41.85721],[-90.93286,41.85715],[-90.93263,41.857],[-90.93205,41.85666],[-90.93197,41.85661],[-90.93186,41.85655],[-90.93167,41.85646],[-90.93153,41.85638],[-90.93145,41.85635],[-90.93125,41.85625],[-90.9308,41.85606],[-90.93052,41.85595],[-90.93022,41.85584],[-90.92964,41.85565],[-90.92856,41.85537],[-90.92816,41.85526],[-90.92804,41.8552],[-90.92759,41.85506],[-90.92731,41.85498],[-90.92652,41.85478],[-90.9264,41.85474],[-90.92517,41.85445],[-90.92515,41.85444],[-90.92507,41.85444],[-90.92399,41.85415],[-90.92366,41.85407],[-90.92291,41.85387],[-90.92218,41.85366],[-90.92182,41.85354],[-90.92167,41.8535],[-90.9215,41.85344],[-90.9211,41.8533],[-90.92071,41.85316],[-90.92032,41.85301],[-90.92006,41.8529],[-90.91927,41.85259],[-90.91907,41.85252],[-90.91714,41.85175],[-90.91703,41.85171],[-90.9158,41.85123],[-90.91571,41.85119],[-90.91415,41.85057],[-90.91366,41.85039],[-90.91361,41.85036],[-90.91251,41.84993],[-90.91231,41.84985],[-90.90803,41.84816],[-90.90761,41.84799],[-90.89443,41.84278],[-90.89348,41.84244],[-90.89212,41.84199],[-90.89196,41.84195],[-90.89113,41.84171],[-90.89086,41.84163],[-90.88975,41.84135],[-90.88892,41.84116],[-90.88853,41.84106],[-90.8869,41.8407],[-90.88625,41.84055],[-90.88615,41.84053],[-90.84806,41.8319],[-90.84786,41.83185],[-90.84766,41.83181],[-90.84707,41.83165],[-90.84667,41.83152],[-90.84653,41.83148],[-90.84643,41.83144],[-90.84604,41.8313],[-90.8459,41.83124],[-90.84559,41.83112],[-90.84542,41.83104],[-90.8453,41.83098],[-90.84518,41.83092],[-90.84309,41.82986],[-90.84222,41.82943],[-90.84062,41.82862],[-90.84029,41.82846],[-90.83997,41.82828],[-90.83959,41.82809],[-90.83911,41.82787],[-90.83875,41.82772],[-90.83829,41.82757],[-90.83804,41.82749],[-90.83757,41.82736],[-90.83726,41.82729],[-90.83656,41.82717],[-90.83638,41.82715],[-90.83617,41.82712],[-90.83611,41.82712],[-90.83565,41.82708],[-90.83515,41.82706],[-90.83467,41.82706],[-90.83438,41.82707],[-90.83419,41.82709],[-90.83378,41.82712],[-90.83365,41.82714],[-90.83347,41.82716],[-90.83332,41.82718],[-90.83323,41.8272],[-90.83283,41.82726],[-90.82934,41.82787],[-90.82897,41.82794],[-90.82187,41.82917],[-90.8212,41.82927],[-90.82061,41.82935],[-90.82028,41.82938],[-90.81997,41.82942],[-90.81967,41.82945],[-90.81883,41.82952],[-90.81828,41.82956],[-90.81798,41.82957],[-90.81748,41.8296],[-90.81651,41.82962],[-90.79993,41.82952],[-90.79952,41.82951],[-90.78234,41.82941],[-90.78184,41.8294],[-90.76079,41.82926],[-90.75723,41.82926],[-90.75603,41.82925],[-90.72341,41.82919],[-90.72275,41.8292],[-90.72193,41.82919],[-90.71668,41.82919],[-90.71557,41.82918],[-90.6846,41.82916],[-90.68386,41.82917],[-90.68066,41.82916],[-90.67976,41.82917],[-90.65139,41.82921],[-90.64989,41.8292],[-90.64979,41.82919],[-90.64967,41.82919],[-90.64946,41.82917],[-90.64919,41.82914],[-90.64892,41.8291],[-90.64861,41.82903],[-90.64846,41.829],[-90.6483,41.82895],[-90.64814,41.82891],[-90.64798,41.82886],[-90.64765,41.82874],[-90.64727,41.82859],[-90.64713,41.82852],[-90.64682,41.82836],[-90.64665,41.82826],[-90.64651,41.82816],[-90.64633,41.82805],[-90.64612,41.82789],[-90.64583,41.82765],[-90.64435,41.82634],[-90.644,41.82608],[-90.64381,41.82595],[-90.64362,41.82582],[-90.64341,41.8257],[-90.64319,41.82559],[-90.64291,41.82547],[-90.64261,41.82536],[-90.64233,41.82526],[-90.64216,41.82521],[-90.64196,41.82516],[-90.64177,41.82512],[-90.64142,41.82506],[-90.64098,41.825],[-90.64082,41.82499],[-90.64069,41.82499],[-90.6399,41.82497],[-90.62884,41.82482],[-90.62838,41.82482],[-90.62831,41.82483],[-90.62823,41.82483],[-90.62802,41.82484],[-90.62777,41.82486],[-90.62772,41.82487],[-90.62764,41.82488],[-90.62743,41.8249],[-90.62618,41.82509],[-90.62322,41.82557],[-90.62303,41.82559],[-90.6224,41.82563],[-90.62227,41.82563],[-90.622,41.82564],[-90.62009,41.82564],[-90.61754,41.82566],[-90.61502,41.82566],[-90.6143,41.82567],[-90.60705,41.82568],[-90.60578,41.82569],[-90.60151,41.82568],[-90.59302,41.8257],[-90.59206,41.82571],[-90.58767,41.82571],[-90.58759,41.8257],[-90.58693,41.82569],[-90.58647,41.82569],[-90.58526,41.82565],[-90.58359,41.82556],[-90.58322,41.82555],[-90.58256,41.82551],[-90.58194,41.82549],[-90.58141,41.82549],[-90.58109,41.82548],[-90.57707,41.82548],[-90.5768,41.82543],[-90.57675,41.82543],[-90.57656,41.82541],[-90.57626,41.8254],[-90.57568,41.82536],[-90.5752,41.82534],[-90.57449,41.82526],[-90.57429,41.82522],[-90.57411,41.82519],[-90.57393,41.82515],[-90.57366,41.82508],[-90.57338,41.825],[-90.5731,41.8249],[-90.57284,41.8248],[-90.57258,41.82469],[-90.57227,41.82454],[-90.57194,41.82437],[-90.57167,41.82421],[-90.57123,41.82392],[-90.57107,41.8238],[-90.57056,41.82339],[-90.57049,41.82332],[-90.57037,41.82321],[-90.57019,41.82303],[-90.56999,41.82282],[-90.56982,41.82261],[-90.56968,41.82244],[-90.56958,41.82227],[-90.56946,41.82207],[-90.56939,41.82194],[-90.56932,41.82182],[-90.56927,41.82169],[-90.56917,41.82142],[-90.56913,41.82129],[-90.56906,41.82105],[-90.56903,41.82096],[-90.569,41.82089],[-90.56899,41.82084],[-90.56891,41.82073],[-90.56887,41.82051],[-90.56843,41.81759],[-90.56814,41.81581],[-90.56798,41.81473],[-90.56798,41.8147],[-90.56719,41.80946],[-90.56707,41.80857],[-90.56702,41.80793],[-90.56707,41.80782],[-90.56708,41.80779],[-90.56708,41.80774],[-90.56711,41.80766],[-90.56711,41.80742],[-90.56713,41.8072],[-90.56718,41.80688],[-90.56723,41.80667],[-90.56726,41.80659],[-90.5673,41.80651],[-90.56735,41.80642],[-90.56743,41.80634],[-90.56757,41.80622],[-90.5676,41.80621],[-90.56766,41.80616],[-90.56778,41.80611],[-90.56788,41.80607],[-90.56795,41.80605],[-90.56809,41.80601],[-90.56823,41.80599],[-90.56825,41.80599],[-90.56841,41.80598],[-90.56854,41.80599],[-90.56871,41.80602],[-90.56883,41.80605],[-90.56896,41.80611],[-90.56909,41.80617],[-90.5692,41.80624],[-90.56927,41.80631],[-90.56934,41.80638],[-90.56939,41.80646],[-90.56948,41.8066],[-90.56949,41.80662],[-90.56951,41.80675],[-90.56953,41.80683],[-90.56953,41.80694],[-90.56951,41.80704],[-90.56948,41.80718],[-90.56944,41.80725],[-90.56941,41.80733],[-90.56939,41.80738],[-90.56936,41.80744],[-90.56931,41.80751],[-90.56922,41.80762],[-90.56917,41.80767],[-90.5691,41.80774],[-90.56883,41.80798],[-90.56872,41.80805],[-90.56867,41.80809],[-90.56852,41.80818],[-90.56833,41.80829],[-90.56819,41.80837],[-90.56805,41.80844],[-90.56765,41.8086],[-90.56749,41.80865],[-90.56707,41.80876],[-90.56685,41.80881],[-90.56638,41.80888],[-90.56592,41.8089],[-90.56565,41.8089],[-90.56554,41.80889],[-90.56544,41.80889],[-90.5631,41.80871],[-90.56289,41.8087],[-90.56265,41.80868],[-90.5622,41.80865],[-90.56186,41.80862],[-90.56169,41.80861],[-90.56099,41.80855],[-90.56073,41.80852],[-90.55617,41.80817],[-90.55583,41.80815],[-90.54722,41.8075],[-90.54677,41.80746],[-90.54577,41.80739],[-90.54543,41.80736],[-90.54532,41.80736],[-90.54161,41.80708],[-90.54127,41.80706],[-90.54016,41.80701],[-90.53804,41.80697],[-90.5376,41.80697],[-90.53693,41.80698],[-90.53579,41.80702],[-90.53489,41.80706],[-90.53386,41.80709],[-90.52896,41.8073],[-90.52403,41.80748],[-90.52243,41.80755],[-90.52003,41.8076],[-90.51788,41.8076],[-90.51653,41.80758],[-90.51203,41.80748],[-90.51167,41.80748],[-90.5107,41.80746],[-90.51012,41.80744],[-90.50749,41.8074],[-90.50657,41.8074],[-90.5038,41.80744],[-90.50306,41.80747],[-90.50288,41.80747],[-90.48934,41.80787],[-90.48913,41.80787],[-90.47808,41.80819],[-90.47764,41.80821],[-90.47696,41.80827],[-90.47617,41.80836],[-90.47579,41.80842],[-90.47512,41.80854],[-90.47478,41.80861],[-90.47412,41.80877],[-90.47301,41.80908],[-90.47183,41.80945],[-90.47157,41.80952],[-90.46147,41.81258],[-90.46126,41.81264],[-90.45924,41.81325],[-90.45879,41.81339],[-90.45701,41.81393],[-90.45695,41.81395],[-90.45517,41.81448],[-90.45475,41.81461],[-90.45444,41.81469],[-90.45338,41.81494],[-90.45283,41.81504],[-90.45236,41.81511],[-90.45226,41.81512],[-90.4518,41.81518],[-90.45108,41.81524],[-90.45098,41.81524],[-90.45073,41.81526],[-90.4505,41.81526],[-90.45026,41.81527],[-90.45017,41.81527],[-90.44987,41.81528],[-90.4329,41.81531],[-90.43233,41.81532],[-90.42753,41.81534],[-90.42594,41.81536],[-90.41354,41.81543],[-90.41309,41.81544],[-90.39558,41.8156],[-90.3941,41.8156],[-90.39391,41.81561],[-90.39293,41.81561],[-90.39221,41.8156],[-90.38256,41.81556],[-90.38232,41.81555],[-90.3746,41.81553],[-90.37339,41.81554],[-90.32097,41.81544],[-90.32073,41.81543],[-90.31587,41.81542],[-90.31091,41.81536],[-90.29737,41.81528],[-90.29688,41.81527],[-90.2964,41.81528],[-90.29605,41.81527],[-90.27785,41.81517],[-90.2739,41.81512],[-90.26446,41.81516],[-90.26298,41.81518],[-90.25939,41.81526],[-90.25847,41.81526],[-90.25758,41.81527],[-90.25552,41.81527],[-90.25422,41.81529],[-90.25281,41.81533],[-90.25219,41.81536],[-90.25164,41.8154],[-90.25045,41.81545],[-90.24975,41.81547],[-90.24872,41.81548],[-90.2443,41.81548],[-90.24383,41.81547],[-90.24366,41.81546],[-90.24193,41.81546],[-90.24135,41.81549],[-90.24132,41.8155],[-90.24084,41.81552],[-90.24061,41.81554],[-90.24052,41.8156],[-90.22834,41.81605],[-90.2283,41.81605],[-90.22786,41.81608],[-90.2269,41.81616],[-90.22614,41.81626],[-90.22575,41.81632],[-90.22469,41.81652],[-90.22458,41.81655],[-90.22444,41.81658],[-90.22359,41.81678],[-90.22248,41.81714],[-90.22221,41.81722],[-90.22171,41.81742],[-90.22095,41.81775],[-90.22019,41.81811],[-90.21998,41.81822],[-90.21989,41.81823],[-90.21973,41.81827],[-90.21966,41.8183],[-90.21963,41.81831],[-90.21944,41.81839],[-90.21872,41.81874],[-90.21762,41.81914],[-90.21672,41.81944],[-90.2163,41.81959],[-90.21558,41.8199],[-90.21529,41.82006],[-90.21393,41.82092],[-90.21375,41.82101],[-90.21357,41.8211],[-90.21334,41.82121],[-90.21314,41.82128],[-90.21295,41.82132],[-90.21283,41.82135],[-90.21241,41.82143],[-90.21179,41.82159],[-90.21162,41.82165],[-90.21152,41.82168],[-90.2115,41.82169],[-90.21133,41.82175],[-90.21106,41.82188],[-90.21077,41.82204],[-90.2099,41.82259],[-90.2093,41.82301],[-90.20908,41.82315],[-90.2074,41.82431],[-90.2069,41.82468],[-90.20663,41.82488],[-90.20612,41.82523],[-90.20545,41.82567],[-90.2052,41.82585],[-90.20284,41.82741],[-90.20206,41.82794],[-90.20175,41.82816],[-90.20157,41.8283],[-90.20135,41.82848],[-90.20128,41.82853],[-90.20011,41.82959],[-90.20001,41.82968],[-90.19965,41.83001],[-90.19934,41.83026],[-90.19904,41.83051],[-90.199,41.83054],[-90.1985,41.83094],[-90.19706,41.83208],[-90.19694,41.83219],[-90.19609,41.83288],[-90.19526,41.83356],[-90.19524,41.83359],[-90.19497,41.83375],[-90.19477,41.83385],[-90.19459,41.83392],[-90.19446,41.83397],[-90.19413,41.83405],[-90.19401,41.83407],[-90.19391,41.83408],[-90.19389,41.83409],[-90.19384,41.83409],[-90.19372,41.8341],[-90.1936,41.83412],[-90.19325,41.83415],[-90.19314,41.83415],[-90.1928,41.8342],[-90.19266,41.83423],[-90.19258,41.83424],[-90.19243,41.83428],[-90.19223,41.83434],[-90.19204,41.83441],[-90.19188,41.83449],[-90.19174,41.83457],[-90.19148,41.83473],[-90.19122,41.83494],[-90.19114,41.83501],[-90.19109,41.83505],[-90.19105,41.83511],[-90.19089,41.83533],[-90.19086,41.83538],[-90.19083,41.83545],[-90.19081,41.83549],[-90.19079,41.83554],[-90.19076,41.83565],[-90.19074,41.83567],[-90.19072,41.83578],[-90.19072,41.83589],[-90.19071,41.83607],[-90.19071,41.83618],[-90.19072,41.83641],[-90.19072,41.83774],[-90.19046,41.83777],[-90.19036,41.83779],[-90.1898,41.8378],[-90.18715,41.8378],[-90.18667,41.83781],[-90.18326,41.83782]]}},{"type":"Feature","properties":{"name":"US 30 (IL)","ref":"US 30","routeRef":"US 30","routeTier":"major","routeTensDigit":3,"routeOnesDigit":"even"},"geometry":{"type":"LineString","coordinates":[[-90.18326,41.83782],[-90.17713,41.83785],[-90.17665,41.83786],[-90.17296,41.83788],[-90.17225,41.83791],[-90.17165,41.83795],[-90.17113,41.838],[-90.1707,41.83806],[-90.17019,41.83815],[-90.1701,41.83817],[-90.16996,41.83819],[-90.16892,41.83844],[-90.16845,41.83858],[-90.16833,41.83861],[-90.16797,41.83873],[-90.16756,41.83888],[-90.16691,41.83914],[-90.16669,41.83921],[-90.16619,41.83944],[-90.16566,41.83967],[-90.16535,41.83978],[-90.1648,41.84005],[-90.16449,41.84018],[-90.16442,41.84019],[-90.16434,41.84021],[-90.16428,41.84024],[-90.16421,41.84026],[-90.16228,41.84109],[-90.16224,41.84111],[-90.16217,41.84114],[-90.16214,41.84117],[-90.16203,41.84123],[-90.16156,41.84143],[-90.16132,41.84154],[-90.15936,41.84238],[-90.15892,41.84256],[-90.15867,41.84268],[-90.15838,41.84276],[-90.15817,41.84285],[-90.15798,41.84292],[-90.15722,41.84324],[-90.15613,41.84373],[-90.1556,41.84399],[-90.15505,41.84423],[-90.15471,41.84436],[-90.15432,41.84452],[-90.15354,41.84482],[-90.15329,41.84491],[-90.15304,41.84501],[-90.15127,41.84562],[-90.11611,41.85711],[-90.11543,41.85732],[-90.11464,41.85754],[-90.11396,41.85771],[-90.11284,41.85795],[-90.11251,41.85801],[-90.11242,41.85802],[-90.11172,41.85814],[-90.11086,41.85825],[-90.11,41.85833],[-90.10984,41.85835],[-90.10941,41.85837],[-90.10935,41.85838],[-90.10854,41.85842],[-90.10813,41.85843],[-90.0937,41.85836],[-90.09355,41.85837],[-90.09339,41.85837],[-90.09311,41.85838],[-90.09252,41.85842],[-90.09224,41.85845],[-90.09138,41.85857],[-90.0911,41.85862],[-90.09084,41.85868],[-90.0905,41.85875],[-90.08987,41.85892],[-90.08932,41.85908],[-90.08825,41.85942],[-90.08754,41.85963],[-90.08727,41.85972],[-90.08527,41.86034],[-90.08509,41.86038],[-90.08494,41.86042],[-90.08479,41.86045],[-90.08462,41.86049],[-90.08445,41.86051],[-90.08435,41.86053],[-90.08398,41.86057],[-90.08391,41.86057],[-90.08366,41.86059],[-90.08311,41.86059],[-90.08293,41.86058],[-90.08251,41.86054],[-90.08199,41.86045],[-90.08185,41.86042],[-90.0815,41.86033],[-90.08136,41.86028],[-90.08117,41.86022],[-90.081,41.86016],[-90.08092,41.86012],[-90.0807,41.86003],[-90.08041,41.8599],[-90.08023,41.8598],[-90.08013,41.85974],[-90.08004,41.85968],[-90.07983,41.85955],[-90.07502,41.8562],[-90.07396,41.8555],[-90.06357,41.84896],[-90.05601,41.84415],[-90.05578,41.84401],[-90.05564,41.84391],[-90.0549,41.84345],[-90.05447,41.84317],[-90.05379,41.84276],[-90.05321,41.84243],[-90.05274,41.84218],[-90.05262,41.84211],[-90.0525,41.84205],[-90.05128,41.84148],[-90.0494,41.84066],[-90.04196,41.83733],[-90.04183,41.83728],[-90.04133,41.83707],[-90.04043,41.83671],[-90.03953,41.83637],[-90.0381,41.83589],[-90.03715,41.8356],[-90.03649,41.83541],[-90.0354,41.83513],[-90.03416,41.83484],[-90.03247,41.83451],[-90.03176,41.83439],[-90.03054,41.83421],[-90.03029,41.83418],[-90.0301,41.83415],[-90.02997,41.83414],[-90.02935,41.83407],[-90.02719,41.83388],[-90.02304,41.83355],[-90.02252,41.83352],[-90.02147,41.83344],[-90.0203,41.83333],[-90.0193,41.83321],[-90.01802,41.83303],[-90.01688,41.83284],[-90.01563,41.8326],[-90.0143,41.8323],[-90.01343,41.83209],[-90.00958,41.83109],[-90.00919,41.83098],[-90.00891,41.83091],[-90.00848,41.83079],[-90.00797,41.83063],[-90.00781,41.83059],[-90.00761,41.83053],[-90.0061,41.83003],[-90.00468,41.82951],[-90.0039,41.8292],[-90.00269,41.82869],[-90.0013,41.82806],[-90.00105,41.82794],[-89.99573,41.82552],[-89.98358,41.81981],[-89.98321,41.81962],[-89.98285,41.81941],[-89.98271,41.81932],[-89.98259,41.81923],[-89.98243,41.81912],[-89.98226,41.81899],[-89.98193,41.8187],[-89.98174,41.81851],[-89.98154,41.8183],[-89.98136,41.81809],[-89.98121,41.81788],[-89.98046,41.81678],[-89.98039,41.81669],[-89.98025,41.81649],[-89.97986,41.81604],[-89.97931,41.81544],[-89.97907,41.81521],[-89.97848,41.81467],[-89.97775,41.81395],[-89.97759,41.81381],[-89.97745,41.81371],[-89.97733,41.81364],[-89.9752,41.81272],[-89.97499,41.81264],[-89.97384,41.81226],[-89.97277,41.81195],[-89.97224,41.81178],[-89.9714,41.81154],[-89.9712,41.81147],[-89.97009,41.81112],[-89.96927,41.81084],[-89.96917,41.81081],[-89.96904,41.81075],[-89.96884,41.81064],[-89.96872,41.81058],[-89.96866,41.81054],[-89.96847,41.81046],[-89.96648,41.80979],[-89.96644,41.80975],[-89.96383,41.80888],[-89.96257,41.80848],[-89.96097,41.80817],[-89.95823,41.80761],[-89.95575,41.80713],[-89.9556,41.80714],[-89.9511,41.80627],[-89.95068,41.80618],[-89.95033,41.80612],[-89.94994,41.80604],[-89.94986,41.806],[-89.94706,41.80551],[-89.9435,41.80486],[-89.93808,41.80382],[-89.93743,41.80371],[-89.93728,41.80368],[-89.93718,41.80368],[-89.93276,41.80284],[-89.92148,41.80057],[-89.92008,41.8003],[-89.91917,41.80011],[-89.91177,41.79868],[-89.90949,41.7982],[-89.89957,41.79597],[-89.89754,41.79557],[-89.89169,41.7945],[-89.88982,41.79413],[-89.87813,41.79164],[-89.87427,41.79085],[-89.87313,41.79064],[-89.87246,41.79053],[-89.87216,41.79049],[-89.87145,41.79038],[-89.87054,41.79026],[-89.86942,41.79013],[-89.85681,41.78911],[-89.85592,41.78905],[-89.8552,41.78899],[-89.85431,41.78894],[-89.85299,41.78889],[-89.85239,41.78888],[-89.85081,41.78888],[-89.85025,41.7889],[-89.84964,41.78891],[-89.84766,41.78902],[-89.84567,41.78918],[-89.84504,41.78922],[-89.83586,41.78996],[-89.83499,41.79004],[-89.82454,41.79086],[-89.82289,41.79094],[-89.82067,41.791],[-89.81529,41.79102],[-89.81515,41.791],[-89.81393,41.79098],[-89.81353,41.79098],[-89.81304,41.79099],[-89.8112,41.79099],[-89.81057,41.79101],[-89.80985,41.79102],[-89.80983,41.79103],[-89.8098,41.79103],[-89.80974,41.79105],[-89.80493,41.79106],[-89.80425,41.79103],[-89.80401,41.79101],[-89.80351,41.79095],[-89.80329,41.79091],[-89.80303,41.79087],[-89.80276,41.79082],[-89.8025,41.79076],[-89.80182,41.79058],[-89.80129,41.7904],[-89.8007,41.79017],[-89.80049,41.79008],[-89.80013,41.78991],[-89.79954,41.78958],[-89.79917,41.78934],[-89.7987,41.78901],[-89.7982,41.78859],[-89.79795,41.78835],[-89.79048,41.7809],[-89.79046,41.78085],[-89.79045,41.78083],[-89.79011,41.78047],[-89.78938,41.77973],[-89.78908,41.77945],[-89.7886,41.77896],[-89.78841,41.77878],[-89.78814,41.77851],[-89.78745,41.77785],[-89.78735,41.77778],[-89.78677,41.7772],[-89.78644,41.77684],[-89.78551,41.77561],[-89.78527,41.77533],[-89.78513,41.77518],[-89.78469,41.77474],[-89.78459,41.77462],[-89.78423,41.77427],[-89.78412,41.77415],[-89.78288,41.77293],[-89.78272,41.77278],[-89.7826,41.77268],[-89.78245,41.77253],[-89.78155,41.77158],[-89.78142,41.77135],[-89.78138,41.77123],[-89.78121,41.77129],[-89.78109,41.77134],[-89.78075,41.77147],[-89.78057,41.77153],[-89.78032,41.77163],[-89.78006,41.77172],[-89.7798,41.7718],[-89.77937,41.77192],[-89.77868,41.77205],[-89.77834,41.7721],[-89.7778,41.77216],[-89.77778,41.77216],[-89.77722,41.77221],[-89.77702,41.77222],[-89.77688,41.77222],[-89.77675,41.77224],[-89.74368,41.77234],[-89.74311,41.77235],[-89.72125,41.77241],[-89.72105,41.77238],[-89.71973,41.77236],[-89.71668,41.77237],[-89.7156,41.77235],[-89.71446,41.7723],[-89.71443,41.77231],[-89.71429,41.77234],[-89.7132,41.77226],[-89.71207,41.77214],[-89.71086,41.77198],[-89.70998,41.77183],[-89.70863,41.77158],[-89.70757,41.77133],[-89.70675,41.77112],[-89.70531,41.77071],[-89.70459,41.77048],[-89.69988,41.7689],[-89.69881,41.76856],[-89.69104,41.76595],[-89.69094,41.76586],[-89.68962,41.76542],[-89.68939,41.76535],[-89.6881,41.76492],[-89.68709,41.76461],[-89.687,41.76459],[-89.68689,41.76458],[-89.67517,41.76068],[-89.67507,41.76065],[-89.67405,41.7603],[-89.67208,41.75965],[-89.67113,41.75935],[-89.6706,41.7592],[-89.66959,41.75894],[-89.66881,41.75876],[-89.66834,41.75864],[-89.66744,41.75847],[-89.66656,41.75833],[-89.66534,41.75819],[-89.66402,41.75809],[-89.66349,41.75806],[-89.66235,41.75805],[-89.66166,41.75807],[-89.66147,41.75808],[-89.65828,41.75809],[-89.6574,41.75808],[-89.64271,41.75811],[-89.64256,41.75809],[-89.64057,41.75807],[-89.63398,41.75807],[-89.63148,41.75809],[-89.63137,41.75812],[-89.46102,41.75822],[-89.46087,41.75821],[-89.46055,41.7582],[-89.46043,41.75819],[-89.46004,41.75819],[-89.45978,41.75818],[-89.45952,41.75818],[-89.45929,41.75817],[-89.45905,41.75817],[-89.45871,41.75818],[-89.45733,41.75819],[-89.457,41.75818],[-89.45393,41.75819],[-89.45391,41.7582],[-89.45378,41.75822],[-89.41536,41.75821],[-89.401,41.75795],[-89.4003,41.75795],[-89.39987,41.75794],[-89.34489,41.75784],[-89.34287,41.75785],[-89.34257,41.75784],[-89.33176,41.75782],[-89.33166,41.7578],[-89.32952,41.75779],[-89.32901,41.7578],[-89.32864,41.75779],[-89.32828,41.7578],[-89.32721,41.7578],[-89.32479,41.75783],[-89.32467,41.75786],[-89.27635,41.75805],[-89.27513,41.75804],[-89.25574,41.75811],[-89.24676,41.75806],[-89.17987,41.75813],[-89.17917,41.75812],[-89.1787,41.75813],[-89.17815,41.75812],[-89.17728,41.75812],[-89.1769,41.75813],[-89.17601,41.75813],[-89.17451,41.75817],[-89.17415,41.75819],[-89.17326,41.75822],[-89.1728,41.75825],[-89.17254,41.75826],[-89.17108,41.75835],[-89.16897,41.75854],[-89.16844,41.75858],[-89.16652,41.75877],[-89.16507,41.75889],[-89.16352,41.75899],[-89.1623,41.75905],[-89.16094,41.75909],[-89.15906,41.75912],[-89.15393,41.75915],[-89.15166,41.75914],[-89.08392,41.75948],[-89.08366,41.75949],[-89.06488,41.75964],[-89.06421,41.75966],[-89.05382,41.75976],[-89.05302,41.75978],[-89.05238,41.75981],[-89.04955,41.7599],[-89.04809,41.75996],[-89.03493,41.76022],[-89.03442,41.76022],[-89.03373,41.76024],[-89.01203,41.76063],[-89.00913,41.76066],[-89.0086,41.76068],[-89.00511,41.76074],[-89.00461,41.76074],[-89.00115,41.76079],[-88.95803,41.76087],[-88.95624,41.76085],[-88.93912,41.76079],[-88.90944,41.76078],[-88.90614,41.7608],[-88.9021,41.76078],[-88.90174,41.7608],[-88.90161,41.76082],[-88.90137,41.76084],[-88.90093,41.76092],[-88.90048,41.76104],[-88.90028,41.7611],[-88.90008,41.76117],[-88.89954,41.7614],[-88.89899,41.76169],[-88.89857,41.76195],[-88.89277,41.76531],[-88.89216,41.76568],[-88.89023,41.76678],[-88.89004,41.76688],[-88.88992,41.76693],[-88.88939,41.76718],[-88.88879,41.76741],[-88.88836,41.76754],[-88.88758,41.76773],[-88.88728,41.76779],[-88.88699,41.76784],[-88.88651,41.7679],[-88.88595,41.76794],[-88.88556,41.76796],[-88.8798,41.76796],[-88.87962,41.76793],[-88.87711,41.76795],[-88.87475,41.76794],[-88.87467,41.76797],[-88.86367,41.76798],[-88.86333,41.76797],[-88.86278,41.76793],[-88.86189,41.76785],[-88.85972,41.76758],[-88.85948,41.76758],[-88.85938,41.76757],[-88.85905,41.76759],[-88.85883,41.76761],[-88.85851,41.76766],[-88.85817,41.76773],[-88.85788,41.76781],[-88.85752,41.76794],[-88.85629,41.76849],[-88.85576,41.76874],[-88.85481,41.76916],[-88.85436,41.76935],[-88.85404,41.76945],[-88.85382,41.7695],[-88.8533,41.7696],[-88.85316,41.76961],[-88.85302,41.76963],[-88.85287,41.76964],[-88.85218,41.76964],[-88.85205,41.76963],[-88.8519,41.76961],[-88.8517,41.76959],[-88.85141,41.76953],[-88.85133,41.76951],[-88.8509,41.76943],[-88.84957,41.76912],[-88.84895,41.769],[-88.8487,41.76896],[-88.84753,41.76882],[-88.8463,41.76878],[-88.81593,41.76881],[-88.8144,41.76883],[-88.8096,41.76897],[-88.80869,41.76901],[-88.8086,41.76902],[-88.8007,41.7693],[-88.79997,41.76935],[-88.79833,41.76949],[-88.79669,41.76966],[-88.79571,41.76972],[-88.79504,41.76975],[-88.79374,41.76976],[-88.79292,41.76975],[-88.79239,41.76973],[-88.78172,41.76905],[-88.78127,41.76903],[-88.78123,41.76902],[-88.7812,41.76901],[-88.78116,41.769],[-88.781,41.76899],[-88.77941,41.76893],[-88.77803,41.76894],[-88.77792,41.76897],[-88.77665,41.76897],[-88.77611,41.769],[-88.77491,41.769],[-88.77456,41.76902],[-88.77447,41.76902],[-88.77386,41.76916],[-88.77333,41.76935],[-88.77312,41.76941],[-88.77311,41.76941],[-88.77301,41.76943],[-88.77288,41.76944],[-88.77286,41.76945],[-88.77268,41.76946],[-88.77247,41.76946],[-88.77228,41.76945],[-88.77219,41.76944],[-88.77206,41.76942],[-88.77136,41.76927],[-88.77093,41.76919],[-88.7705,41.76912],[-88.77004,41.76906],[-88.76974,41.76904],[-88.76944,41.76903],[-88.76911,41.76903],[-88.7687,41.76904],[-88.76857,41.76903],[-88.76018,41.7691],[-88.76005,41.76911],[-88.71748,41.76948],[-88.71564,41.76948],[-88.71524,41.76949],[-88.7049,41.76944],[-88.66907,41.76949],[-88.66811,41.76948],[-88.66653,41.76943],[-88.66485,41.76933],[-88.66401,41.76926],[-88.65931,41.76894],[-88.65846,41.76883],[-88.65813,41.76877],[-88.65546,41.76816],[-88.65512,41.76809],[-88.655,41.76807],[-88.65483,41.76805],[-88.65431,41.76801],[-88.65409,41.768],[-88.65388,41.768],[-88.65367,41.76802],[-88.65325,41.76808],[-88.6518,41.76834],[-88.6516,41.76837],[-88.65047,41.76858],[-88.6496,41.76872],[-88.64845,41.76887],[-88.64801,41.76892],[-88.64709,41.76897],[-88.64503,41.76897],[-88.64472,41.76898],[-88.64391,41.76898],[-88.64353,41.76899],[-88.64229,41.769],[-88.64139,41.76902],[-88.64062,41.76902],[-88.64,41.76903],[-88.63964,41.76902],[-88.63706,41.76904],[-88.63676,41.76905],[-88.63616,41.76911],[-88.63545,41.76921],[-88.63524,41.76925],[-88.63465,41.76929],[-88.6344,41.7693],[-88.63308,41.76931],[-88.6327,41.76932],[-88.63217,41.76932],[-88.63187,41.76933],[-88.63022,41.76935],[-88.62994,41.76936],[-88.62369,41.76945],[-88.62306,41.76945],[-88.62272,41.76943],[-88.62254,41.76941],[-88.62224,41.76939],[-88.62215,41.76938],[-88.62175,41.76932],[-88.62159,41.76929],[-88.62145,41.76927],[-88.62129,41.76924],[-88.62104,41.76918],[-88.62093,41.76916],[-88.62077,41.76912],[-88.62057,41.76906],[-88.62041,41.76902],[-88.62027,41.76898],[-88.61868,41.76844],[-88.61764,41.76812],[-88.61716,41.768],[-88.61659,41.76788],[-88.61632,41.76784],[-88.61617,41.76781],[-88.61555,41.76773],[-88.6151,41.76769],[-88.61407,41.76762],[-88.61332,41.76758],[-88.60805,41.76723],[-88.6076,41.76721],[-88.6073,41.76719],[-88.60709,41.76719],[-88.60569,41.76715],[-88.60502,41.76715],[-88.60472,41.76716],[-88.56835,41.76774],[-88.56796,41.76774],[-88.56684,41.76768],[-88.56633,41.76762],[-88.56591,41.76756],[-88.56574,41.76753],[-88.56553,41.7675],[-88.56539,41.76747],[-88.56526,41.76745],[-88.56512,41.76742],[-88.56492,41.76737],[-88.5647,41.76733],[-88.56448,41.76727],[-88.55112,41.76424],[-88.551,41.76422],[-88.55091,41.7642],[-88.5508,41.76419],[-88.55064,41.76416],[-88.55006,41.76412],[-88.54958,41.76412],[-88.52435,41.76452],[-88.52373,41.76452],[-88.52328,41.76453],[-88.52244,41.76453],[-88.52219,41.76452],[-88.52194,41.76452],[-88.52166,41.7645],[-88.52095,41.76447],[-88.52067,41.76445],[-88.51836,41.76419],[-88.51766,41.76412],[-88.51672,41.76408],[-88.51617,41.76408],[-88.51596,41.76409],[-88.51579,41.76409],[-88.51559,41.7641],[-88.51536,41.76412],[-88.51102,41.76441],[-88.5103,41.76447],[-88.50988,41.76449],[-88.50245,41.76502],[-88.5019,41.76505],[-88.50016,41.76517],[-88.49972,41.76519],[-88.49895,41.76521],[-88.49816,41.76521],[-88.49675,41.76516],[-88.49589,41.76509],[-88.49529,41.76503],[-88.495,41.76499],[-88.49464,41.76495],[-88.4943,41.7649],[-88.49371,41.7648],[-88.49336,41.76473],[-88.49302,41.76467],[-88.49265,41.76459],[-88.49245,41.76454],[-88.4922,41.76449],[-88.49198,41.76443],[-88.49179,41.76439],[-88.49166,41.76434],[-88.49009,41.76389],[-88.49,41.76386],[-88.48936,41.76368],[-88.48897,41.7636],[-88.48882,41.76358],[-88.48864,41.76355],[-88.4884,41.76353],[-88.48813,41.7635],[-88.4878,41.76348],[-88.48746,41.76348],[-88.48706,41.7635],[-88.48517,41.76365],[-88.48503,41.76367],[-88.47377,41.76445],[-88.46888,41.76482],[-88.46861,41.76482],[-88.46564,41.76502],[-88.46374,41.76511],[-88.46352,41.76514],[-88.4631,41.76516],[-88.45906,41.76519],[-88.45886,41.76516],[-88.45867,41.76514],[-88.45639,41.76509],[-88.45215,41.76511],[-88.44505,41.76521],[-88.44478,41.76517],[-88.44475,41.76516],[-88.44415,41.76513],[-88.444,41.7651],[-88.4437,41.76505],[-88.44354,41.765],[-88.44333,41.76492],[-88.44327,41.76489],[-88.44308,41.76476],[-88.44295,41.76463],[-88.44291,41.76457],[-88.44287,41.76452],[-88.44283,41.76446],[-88.44277,41.76434],[-88.44275,41.76425],[-88.44273,41.76419],[-88.44271,41.76409],[-88.44268,41.76385],[-88.44268,41.76383],[-88.44267,41.76382],[-88.4426,41.76366],[-88.44256,41.76302],[-88.44247,41.76228],[-88.44243,41.76188],[-88.44234,41.76141],[-88.44229,41.76106],[-88.44217,41.76032],[-88.44214,41.76017],[-88.44207,41.75953],[-88.4421,41.75906],[-88.44215,41.75868],[-88.44215,41.75849],[-88.44227,41.75796],[-88.44237,41.75768],[-88.44241,41.75759],[-88.4428,41.7568],[-88.44304,41.75635],[-88.4431,41.75628],[-88.44324,41.75603],[-88.44333,41.75585],[-88.44345,41.75557],[-88.44354,41.75527],[-88.44357,41.75515],[-88.44363,41.75497],[-88.44369,41.7547],[-88.44373,41.75446],[-88.44378,41.75409],[-88.44381,41.75339],[-88.44377,41.7523],[-88.44377,41.75208],[-88.44376,41.75193],[-88.44373,41.7518],[-88.44371,41.74992],[-88.44373,41.74989],[-88.44373,41.74987],[-88.44374,41.74986],[-88.44375,41.74952],[-88.44375,41.7488],[-88.44372,41.74731],[-88.44372,41.74699],[-88.44371,41.74696],[-88.44371,41.74691],[-88.4437,41.7469],[-88.44369,41.74685],[-88.44368,41.74639],[-88.44366,41.74358],[-88.44365,41.74317],[-88.44353,41.72916],[-88.44355,41.72912],[-88.44356,41.72911],[-88.44356,41.72908],[-88.44357,41.72907],[-88.44355,41.72469],[-88.44365,41.72319],[-88.44371,41.7226],[-88.44385,41.72178],[-88.44374,41.72176],[-88.44342,41.72178],[-88.42468,41.72203],[-88.42401,41.72203],[-88.41333,41.72217],[-88.41328,41.72216],[-88.41325,41.72215],[-88.41154,41.72214],[-88.41114,41.72215],[-88.41068,41.72215],[-88.41053,41.72216],[-88.40975,41.72218],[-88.40451,41.72223],[-88.40404,41.72225],[-88.40333,41.72225],[-88.40186,41.72229],[-88.40183,41.7223],[-88.40181,41.72231],[-88.39678,41.72237],[-88.39675,41.72236],[-88.39673,41.72236],[-88.39672,41.72235],[-88.39496,41.72234],[-88.3948,41.72235],[-88.3947,41.72235],[-88.3946,41.72236],[-88.39405,41.72236],[-88.39228,41.7224],[-88.39225,41.72241],[-88.39219,41.72241],[-88.39216,41.72243],[-88.38838,41.72247],[-88.38832,41.72246],[-88.38829,41.72245],[-88.38715,41.72245],[-88.38675,41.72246],[-88.38584,41.72246],[-88.3851,41.72248],[-88.38456,41.72248],[-88.38367,41.72251],[-88.3835,41.72251],[-88.38348,41.72252],[-88.38345,41.72252],[-88.38344,41.72253],[-88.37978,41.72257],[-88.37899,41.72259],[-88.37859,41.72259],[-88.3785,41.72257],[-88.37526,41.72256],[-88.37439,41.72258],[-88.37254,41.72271],[-88.37135,41.72288],[-88.37052,41.72301],[-88.36988,41.72314],[-88.36926,41.72328],[-88.36881,41.72339],[-88.36853,41.72347],[-88.36837,41.72351],[-88.36835,41.72352],[-88.36833,41.72352],[-88.36829,41.72355],[-88.36027,41.72583],[-88.35954,41.72598],[-88.35877,41.72611],[-88.35832,41.72616],[-88.35727,41.72623],[-88.35722,41.72621],[-88.35639,41.7262],[-88.35594,41.72617],[-88.35573,41.72615],[-88.35503,41.72606],[-88.35442,41.72594],[-88.35387,41.72581],[-88.35331,41.72565],[-88.35306,41.72557],[-88.35255,41.72539],[-88.35139,41.72493],[-88.35108,41.72478],[-88.35066,41.72456],[-88.35037,41.72442],[-88.35009,41.72427],[-88.34905,41.72374],[-88.34899,41.72372],[-88.34748,41.72293],[-88.34687,41.72263],[-88.34678,41.72258],[-88.3432,41.72076],[-88.34313,41.72072],[-88.3431,41.72071],[-88.34306,41.72069],[-88.34299,41.72066],[-88.34118,41.71975],[-88.34074,41.71956],[-88.34039,41.71942],[-88.34012,41.71932],[-88.33989,41.71925],[-88.33982,41.71922],[-88.3389,41.71896],[-88.33839,41.71885],[-88.33787,41.71875],[-88.33738,41.71868],[-88.33697,41.71863],[-88.33605,41.71858],[-88.33545,41.71858],[-88.33483,41.7186],[-88.33146,41.71883],[-88.32805,41.71898],[-88.32416,41.71911],[-88.32242,41.71911],[-88.3179,41.71918],[-88.31727,41.7192],[-88.31643,41.71921],[-88.31577,41.71923],[-88.3152,41.71923],[-88.31081,41.71931],[-88.31054,41.71934],[-88.30612,41.71941],[-88.30517,41.71941],[-88.3045,41.71939],[-88.30369,41.71935],[-88.30335,41.71932],[-88.30299,41.7193],[-88.30268,41.71927],[-88.30238,41.71925],[-88.30198,41.71921],[-88.3017,41.71917],[-88.30116,41.71911],[-88.30041,41.71901],[-88.30005,41.71895],[-88.29977,41.71891],[-88.29942,41.71884],[-88.29878,41.71873],[-88.29782,41.71852],[-88.29669,41.71825],[-88.29655,41.71819],[-88.29596,41.71801],[-88.29438,41.71748],[-88.29413,41.71739],[-88.2938,41.71728],[-88.29278,41.71692],[-88.28888,41.7156],[-88.28838,41.71542],[-88.28827,41.71537],[-88.2881,41.7153],[-88.28766,41.71509],[-88.28753,41.71502],[-88.28737,41.7151],[-88.28595,41.7159],[-88.28464,41.71667],[-88.28232,41.71815],[-88.28225,41.71818],[-88.28218,41.7182],[-88.2821,41.7182],[-88.28204,41.71819],[-88.282,41.71819],[-88.28198,41.71818],[-88.28197,41.71818],[-88.28195,41.71817],[-88.28194,41.71817],[-88.28192,41.71816],[-88.28186,41.7181],[-88.28138,41.71742],[-88.28125,41.71725],[-88.28056,41.71643],[-88.28005,41.71576],[-88.27926,41.71459],[-88.27899,41.71414],[-88.27793,41.71255],[-88.27751,41.7119],[-88.27658,41.71054],[-88.27643,41.71039],[-88.27639,41.71036],[-88.27633,41.71028],[-88.27626,41.7102],[-88.27612,41.71007],[-88.2758,41.7098],[-88.27566,41.70969],[-88.27539,41.7095],[-88.27515,41.70936],[-88.27489,41.70923],[-88.27438,41.709],[-88.27424,41.70895],[-88.27405,41.70889],[-88.27271,41.70851],[-88.27243,41.7084],[-88.27241,41.7084],[-88.27205,41.70827],[-88.27183,41.70818],[-88.27141,41.70799],[-88.27139,41.70797],[-88.27124,41.7079],[-88.27096,41.70774],[-88.27083,41.70766],[-88.27041,41.70738],[-88.27004,41.70707],[-88.26979,41.70682],[-88.2693,41.70626],[-88.26858,41.70546],[-88.26846,41.70534],[-88.2683,41.70517],[-88.26818,41.70508],[-88.26675,41.70345],[-88.26629,41.7029],[-88.26554,41.70196],[-88.26516,41.70146],[-88.265,41.70124],[-88.26461,41.70068],[-88.26383,41.69949],[-88.26254,41.69726],[-88.26237,41.69701],[-88.26236,41.69696],[-88.26221,41.6967],[-88.26192,41.69627],[-88.2615,41.6957],[-88.26121,41.69534],[-88.26109,41.69518],[-88.26058,41.6946],[-88.26023,41.69417],[-88.26015,41.69409],[-88.25972,41.69356],[-88.25876,41.69225],[-88.25843,41.69176],[-88.25794,41.69106],[-88.25742,41.69029],[-88.25157,41.68187],[-88.25152,41.68175],[-88.25105,41.68104],[-88.25069,41.68053],[-88.2503,41.67994],[-88.24966,41.67902],[-88.24913,41.67829],[-88.24901,41.67817],[-88.24054,41.66594],[-88.2403,41.66558],[-88.24017,41.66541],[-88.24001,41.66517],[-88.23928,41.66413],[-88.23779,41.66196],[-88.23743,41.66146],[-88.237,41.66083],[-88.23673,41.66045],[-88.23549,41.65858],[-88.23521,41.65813],[-88.23504,41.65787],[-88.23419,41.65646],[-88.23399,41.65615],[-88.23336,41.65523],[-88.23309,41.65487],[-88.23293,41.65467],[-88.23275,41.65443],[-88.23153,41.65287],[-88.23122,41.65246],[-88.23093,41.65204],[-88.23031,41.65119],[-88.22983,41.65047],[-88.22963,41.65015],[-88.22897,41.64923],[-88.22515,41.6437],[-88.22499,41.64348],[-88.22471,41.64306],[-88.22452,41.6428],[-88.22436,41.64257],[-88.22419,41.64231],[-88.22408,41.64216],[-88.22377,41.64171],[-88.22364,41.64151],[-88.2235,41.64131],[-88.2234,41.64115],[-88.22315,41.64069],[-88.22304,41.64044],[-88.22292,41.64019],[-88.22288,41.64007],[-88.22283,41.63996],[-88.22281,41.63989],[-88.22278,41.63981],[-88.22264,41.63931],[-88.22258,41.639],[-88.22251,41.63847],[-88.22249,41.63826],[-88.22249,41.63805],[-88.22245,41.63696],[-88.22251,41.63684],[-88.22251,41.63676],[-88.22249,41.63663],[-88.22247,41.63646],[-88.22241,41.63497],[-88.2224,41.63443],[-88.22238,41.63403],[-88.22238,41.63382],[-88.22235,41.63322],[-88.22235,41.63302],[-88.22231,41.63233],[-88.2223,41.63206],[-88.22228,41.63175],[-88.22224,41.63151],[-88.22218,41.6297],[-88.2221,41.62785],[-88.22211,41.62778],[-88.22212,41.62773],[-88.22212,41.62735],[-88.22194,41.62231],[-88.22194,41.62222],[-88.22056,41.62225],[-88.22044,41.62229],[-88.21577,41.62238],[-88.21541,41.62238],[-88.21139,41.62246],[-88.21086,41.62246],[-88.20867,41.62251],[-88.20848,41.62251],[-88.20781,41.62253],[-88.2074,41.62257],[-88.20734,41.62257],[-88.2067,41.62263],[-88.20487,41.62286],[-88.2044,41.6229],[-88.20403,41.62294],[-88.20377,41.62296],[-88.20338,41.62298],[-88.20309,41.6229],[-88.20303,41.62288],[-88.20299,41.62287],[-88.20295,41.62285],[-88.20294,41.62284],[-88.20292,41.62283],[-88.20285,41.62276],[-88.20283,41.62273],[-88.20277,41.62261],[-88.20275,41.6213],[-88.20274,41.62116],[-88.20269,41.6193],[-88.20256,41.61613],[-88.20256,41.61587],[-88.20251,41.61471],[-88.20239,41.61252],[-88.20239,41.61224],[-88.20238,41.61186],[-88.20236,41.61165],[-88.20233,41.611],[-88.20233,41.61047],[-88.20229,41.60915],[-88.20226,41.60851],[-88.20223,41.60756],[-88.20219,41.60683],[-88.20219,41.6066],[-88.20215,41.60549],[-88.20202,41.60546],[-88.20122,41.60481],[-88.1995,41.60348],[-88.19937,41.60337],[-88.19057,41.59636],[-88.19043,41.59624],[-88.19028,41.5961],[-88.18978,41.59571],[-88.18955,41.59549],[-88.18911,41.59512],[-88.18866,41.59478],[-88.18799,41.59423],[-88.1879,41.59415],[-88.18774,41.59407],[-88.18674,41.59327],[-88.18585,41.59258],[-88.18537,41.59219],[-88.18523,41.59207],[-88.1823,41.58973],[-88.18226,41.58967],[-88.18208,41.58951],[-88.18072,41.5884],[-88.1804,41.5882],[-88.18023,41.5881],[-88.17991,41.58793],[-88.17961,41.58779],[-88.17952,41.58776],[-88.17946,41.58773],[-88.17835,41.58731],[-88.17823,41.58727],[-88.17776,41.58709],[-88.17705,41.58684],[-88.17688,41.5868],[-88.17585,41.58641],[-88.17572,41.58634],[-88.17508,41.58611],[-88.17482,41.58601],[-88.17451,41.58591],[-88.17388,41.58567],[-88.17362,41.58558],[-88.17167,41.58485],[-88.17154,41.58481],[-88.16707,41.58313],[-88.16654,41.58288],[-88.16596,41.58258],[-88.16585,41.58251],[-88.16568,41.58242],[-88.16527,41.58217],[-88.16518,41.5821],[-88.16496,41.58195],[-88.16476,41.5818],[-88.16462,41.58168],[-88.16455,41.58163],[-88.16389,41.58105],[-88.16358,41.58081],[-88.16231,41.57989],[-88.16189,41.5796],[-88.1612,41.5791],[-88.16064,41.57871],[-88.15895,41.57749],[-88.15887,41.57744],[-88.15766,41.57657],[-88.15724,41.57628],[-88.15621,41.57554],[-88.15608,41.57544],[-88.15439,41.57424],[-88.15344,41.57361],[-88.1525,41.57296],[-88.15204,41.57262],[-88.15188,41.57251],[-88.1518,41.57246],[-88.15178,41.57245],[-88.15175,41.57244],[-88.15165,41.5724],[-88.15038,41.57151],[-88.1486,41.57023],[-88.14843,41.57004],[-88.14698,41.56901],[-88.14688,41.56893],[-88.14663,41.56876],[-88.14659,41.56874],[-88.14655,41.56871],[-88.14651,41.56869],[-88.14645,41.56867],[-88.14633,41.56861],[-88.14487,41.56761],[-88.14332,41.5665],[-88.14328,41.56644],[-88.14326,41.5664],[-88.1432,41.56634],[-88.14315,41.56631],[-88.142,41.5655],[-88.14041,41.56445],[-88.13988,41.56411],[-88.13809,41.56292],[-88.13768,41.56266],[-88.13755,41.56257],[-88.1375,41.56254],[-88.13746,41.56252],[-88.13741,41.56249],[-88.13738,41.56248],[-88.13734,41.56246],[-88.13722,41.56242],[-88.13658,41.56201],[-88.13654,41.56192],[-88.13652,41.5619],[-88.13648,41.56187],[-88.13435,41.56046],[-88.13385,41.56014],[-88.13351,41.55991],[-88.13345,41.55988],[-88.13342,41.55986],[-88.1334,41.55985],[-88.13335,41.55983],[-88.13333,41.55982],[-88.13324,41.5598],[-88.13201,41.55898],[-88.13157,41.5587],[-88.12854,41.55669],[-88.12736,41.55593],[-88.12734,41.55591],[-88.12661,41.55543],[-88.12657,41.55541],[-88.12284,41.55294],[-88.12279,41.55284],[-88.12277,41.55282],[-88.12154,41.55201],[-88.12126,41.55184],[-88.12114,41.55174],[-88.12012,41.55107],[-88.11935,41.55054],[-88.11915,41.55044],[-88.11258,41.54579],[-88.11255,41.54572],[-88.11128,41.54482],[-88.11119,41.54475],[-88.10994,41.54385],[-88.10938,41.54346],[-88.10921,41.54333],[-88.10904,41.54326],[-88.10822,41.54267],[-88.10766,41.54228],[-88.10367,41.53943],[-88.10356,41.53931],[-88.10327,41.5391],[-88.10266,41.53863],[-88.10139,41.53773],[-88.1013,41.53766],[-88.09895,41.53604],[-88.09885,41.53596],[-88.09787,41.53526],[-88.09782,41.53526],[-88.09738,41.53495],[-88.09736,41.5349],[-88.09698,41.53464],[-88.09552,41.5336],[-88.09545,41.53359],[-88.09493,41.53322],[-88.09491,41.53317],[-88.09379,41.53239],[-88.0937,41.53234],[-88.09362,41.5323],[-88.09354,41.53227],[-88.09281,41.53205],[-88.09259,41.53199],[-88.09214,41.53188],[-88.09201,41.53183],[-88.09197,41.53182],[-88.09193,41.53179],[-88.0919,41.53176],[-88.09189,41.53174],[-88.09187,41.53171],[-88.09185,41.53167],[-88.09185,41.53165],[-88.09183,41.5316],[-88.09183,41.53155],[-88.09164,41.53006],[-88.09149,41.52904],[-88.09144,41.52892],[-88.09139,41.5286],[-88.09135,41.52829],[-88.09135,41.52811],[-88.09129,41.52713],[-88.09125,41.52623],[-88.09125,41.52604],[-88.09124,41.52578],[-88.09124,41.52558],[-88.09123,41.52541],[-88.09111,41.52524],[-88.09106,41.52521],[-88.0909,41.52515],[-88.0908,41.52514],[-88.09057,41.52514],[-88.0878,41.52489],[-88.08575,41.52489],[-88.08187,41.52497],[-88.08155,41.52497],[-88.08091,41.52499],[-88.08067,41.52499],[-88.07602,41.52509],[-88.07582,41.52509],[-88.07566,41.5251],[-88.07508,41.52603],[-88.07506,41.52698],[-88.07504,41.52752],[-88.07504,41.52794],[-88.07452,41.52792],[-88.07262,41.5279],[-88.07145,41.52791],[-88.06654,41.528],[-88.06625,41.528],[-88.06537,41.52802],[-88.06516,41.52802],[-88.05972,41.52813],[-88.0592,41.52815],[-88.05895,41.52818],[-88.05888,41.5282],[-88.05874,41.52822],[-88.05868,41.52824],[-88.05856,41.52826],[-88.05832,41.52832],[-88.05763,41.52851],[-88.05577,41.52899],[-88.05566,41.52901],[-88.05556,41.52904],[-88.05549,41.52905],[-88.05546,41.52906],[-88.05542,41.52907],[-88.05538,41.52907],[-88.05532,41.52908],[-88.05522,41.52909],[-88.05519,41.5291],[-88.05511,41.5291],[-88.05506,41.52911],[-88.0549,41.52911],[-88.05479,41.52912],[-88.05301,41.52913],[-88.05251,41.52914],[-88.05215,41.52914],[-88.05195,41.52915],[-88.05069,41.52915],[-88.04873,41.52918],[-88.04829,41.52918],[-88.04794,41.52916],[-88.04761,41.52913],[-88.04686,41.52904],[-88.04642,41.52902],[-88.0462,41.52902],[-88.04612,41.52903],[-88.04598,41.52903],[-88.0458,41.52905],[-88.04466,41.52914],[-88.04444,41.52917],[-88.04401,41.5292],[-88.04387,41.5292],[-88.04266,41.52928],[-88.04235,41.52931],[-88.04204,41.52933],[-88.04138,41.52942],[-88.04052,41.52956],[-88.03986,41.52971],[-88.03938,41.52981],[-88.03913,41.52987],[-88.03903,41.52989],[-88.03894,41.5299],[-88.03874,41.52993],[-88.03857,41.52995],[-88.03844,41.52997],[-88.03814,41.52999],[-88.0379,41.53],[-88.03753,41.53],[-88.03719,41.52998],[-88.03669,41.5299],[-88.03598,41.52977],[-88.0352,41.52964],[-88.03482,41.5296],[-88.03439,41.52957],[-88.03423,41.52957],[-88.03408,41.52956],[-88.03367,41.52956],[-88.03349,41.52957],[-88.03338,41.52958],[-88.0332,41.52958],[-88.03305,41.52959],[-88.03255,41.52964],[-88.02852,41.52995],[-88.02821,41.52998],[-88.02714,41.53006],[-88.02689,41.53007],[-88.02672,41.53009],[-88.02615,41.53009],[-88.02608,41.53008],[-88.02601,41.53008],[-88.02595,41.53007],[-88.02586,41.53006],[-88.02578,41.53006],[-88.02562,41.53004],[-88.02554,41.53002],[-88.02544,41.53001],[-88.02508,41.52994],[-88.02501,41.52992],[-88.02495,41.52991],[-88.02489,41.52989],[-88.02481,41.52987],[-88.02469,41.52983],[-88.02441,41.52975],[-88.02258,41.52916],[-88.02218,41.52904],[-88.02162,41.52885],[-88.02088,41.52862],[-88.02034,41.52843],[-88.02025,41.52839],[-88.01845,41.52768],[-88.01809,41.52755],[-88.01802,41.52752],[-88.01755,41.52736],[-88.01745,41.52733],[-88.01699,41.52721],[-88.01688,41.52719],[-88.0168,41.52717],[-88.01674,41.52715],[-88.01657,41.52712],[-88.01649,41.5271],[-88.01551,41.52692],[-88.01457,41.52676],[-88.01313,41.52649],[-88.01253,41.52636],[-88.01176,41.52617],[-88.01162,41.52613],[-88.01149,41.5261],[-88.01101,41.52597],[-88.01092,41.52595],[-88.01083,41.52592],[-88.01029,41.52576],[-88.01008,41.52569],[-88.00968,41.52557],[-88.00937,41.52542],[-88.00931,41.5254],[-88.00766,41.52473],[-88.00754,41.52469],[-88.00489,41.52363],[-88.00475,41.52357],[-88.00079,41.522],[-88.00065,41.52195],[-88.00052,41.52191],[-87.99972,41.52164],[-87.99931,41.52151],[-87.99887,41.52138],[-87.99863,41.52132],[-87.99836,41.52124],[-87.99809,41.52118],[-87.99767,41.52107],[-87.99701,41.52093],[-87.99668,41.52087],[-87.99645,41.52082],[-87.99631,41.5208],[-87.99483,41.52055],[-87.99449,41.5205],[-87.98493,41.51893],[-87.98477,41.51891],[-87.98464,41.51888],[-87.98405,41.51877],[-87.98363,41.51868],[-87.98335,41.51861],[-87.98293,41.51852],[-87.98201,41.51827],[-87.98174,41.51818],[-87.98169,41.51817],[-87.97823,41.51708],[-87.97812,41.51704],[-87.97513,41.5161],[-87.9743,41.51581],[-87.97362,41.51555],[-87.97231,41.515],[-87.97212,41.51493],[-87.97138,41.51462],[-87.97127,41.51458],[-87.97116,41.51455],[-87.97104,41.51451],[-87.97087,41.51446],[-87.97074,41.51443],[-87.97063,41.5144],[-87.97034,41.51434],[-87.97033,41.51434],[-87.97023,41.51432],[-87.97009,41.51431],[-87.96993,41.51429],[-87.96812,41.51414],[-87.96788,41.51411],[-87.96727,41.51407],[-87.96721,41.51406],[-87.96717,41.51406],[-87.96681,41.51403],[-87.9665,41.51398],[-87.96646,41.51397],[-87.96643,41.51397],[-87.96607,41.51386],[-87.96589,41.51379],[-87.96574,41.51374],[-87.96367,41.51299],[-87.96283,41.51267],[-87.96239,41.51252],[-87.96199,41.5124],[-87.96177,41.51235],[-87.96169,41.51235],[-87.96166,41.51236],[-87.96162,41.51237],[-87.96128,41.51231],[-87.96078,41.51226],[-87.96066,41.51226],[-87.96052,41.51225],[-87.96033,41.51225],[-87.95917,41.51228],[-87.95903,41.51224],[-87.95902,41.51224],[-87.959,41.51223],[-87.95098,41.51234],[-87.94885,41.5124],[-87.94839,41.51239],[-87.94596,41.51239],[-87.94497,41.51245],[-87.94483,41.51245],[-87.94354,41.51251],[-87.94205,41.51253],[-87.94204,41.51254],[-87.94203,41.51254],[-87.94195,41.51256],[-87.94061,41.51259],[-87.94032,41.51259],[-87.93899,41.51263],[-87.93764,41.5126],[-87.93728,41.51258],[-87.93682,41.5125],[-87.93667,41.51249],[-87.93661,41.51248],[-87.93656,41.51248],[-87.93646,41.51246],[-87.93618,41.51242],[-87.936,41.5124],[-87.93587,41.51238],[-87.9357,41.51234],[-87.93547,41.5123],[-87.93402,41.51201],[-87.93395,41.51196],[-87.93389,41.51194],[-87.9326,41.51166],[-87.93218,41.51158],[-87.93161,41.51145],[-87.92979,41.51111],[-87.92839,41.51081],[-87.92567,41.51028],[-87.92023,41.50918],[-87.91934,41.50899],[-87.91876,41.50883],[-87.91799,41.50859],[-87.91795,41.50858],[-87.91741,41.5084],[-87.91671,41.5082],[-87.91577,41.50796],[-87.91564,41.50792],[-87.91535,41.50786],[-87.91473,41.50769],[-87.91416,41.50755],[-87.91228,41.5072],[-87.89827,41.50496],[-87.894,41.50422],[-87.89385,41.5042],[-87.89344,41.50413],[-87.89291,41.50405],[-87.89087,41.50367],[-87.89044,41.50358],[-87.89001,41.50348],[-87.88831,41.50317],[-87.88768,41.50307],[-87.88689,41.50296],[-87.88655,41.50292],[-87.88628,41.50291],[-87.88581,41.50285],[-87.88567,41.50284],[-87.88481,41.50274],[-87.88448,41.50269],[-87.88305,41.5026],[-87.88131,41.50254],[-87.88069,41.50254],[-87.87989,41.50257],[-87.87909,41.50263],[-87.87861,41.50268],[-87.87746,41.50286],[-87.87626,41.50313],[-87.87593,41.50322],[-87.87542,41.50337],[-87.87492,41.50353],[-87.87428,41.50377],[-87.87351,41.50409],[-87.87316,41.50426],[-87.87278,41.50448],[-87.87205,41.50484],[-87.87097,41.50529],[-87.87073,41.50537],[-87.86967,41.5057],[-87.86938,41.50578],[-87.86906,41.50585],[-87.86826,41.506],[-87.86758,41.50607],[-87.86343,41.50613],[-87.86329,41.50614],[-87.85692,41.50624],[-87.85651,41.50624],[-87.8558,41.50627],[-87.85286,41.5063],[-87.85253,41.50629],[-87.85189,41.50633],[-87.85141,41.50637],[-87.85065,41.50641],[-87.8495,41.50643],[-87.84929,41.50642],[-87.84495,41.50651],[-87.8443,41.50651],[-87.83785,41.50664],[-87.83565,41.50666],[-87.83549,41.50667],[-87.83525,41.50667],[-87.83512,41.50666],[-87.83444,41.50664],[-87.83291,41.50655],[-87.83215,41.50649],[-87.83105,41.50642],[-87.83016,41.50638],[-87.82909,41.50635],[-87.82738,41.50637],[-87.82547,41.50637],[-87.82453,41.50642],[-87.82322,41.50655],[-87.82125,41.50691],[-87.81929,41.50725],[-87.8188,41.5073],[-87.81839,41.50733],[-87.81791,41.50733],[-87.81743,41.50731],[-87.81544,41.50717],[-87.80967,41.50672],[-87.80959,41.50671],[-87.8083,41.50662],[-87.80481,41.50634],[-87.80305,41.50623],[-87.79909,41.50619],[-87.79826,41.5062],[-87.79399,41.50618],[-87.79332,41.50616],[-87.79302,41.50617],[-87.78761,41.50615],[-87.78529,41.50617],[-87.7812,41.50617],[-87.78043,41.50616],[-87.73246,41.50608],[-87.73233,41.50609],[-87.732,41.50609],[-87.73169,41.5061],[-87.72537,41.5061],[-87.72495,41.50609],[-87.72349,41.5061],[-87.72201,41.50608],[-87.7212,41.50604],[-87.71663,41.50602],[-87.71609,41.50603],[-87.71181,41.50603],[-87.71156,41.50604],[-87.71139,41.50604],[-87.71111,41.50605],[-87.70977,41.50615],[-87.70789,41.50616],[-87.70692,41.50615],[-87.7066,41.50614],[-87.70599,41.5061],[-87.70531,41.50608],[-87.7039,41.50608],[-87.70342,41.50609],[-87.69959,41.50609],[-87.69914,41.50608],[-87.6986,41.50609],[-87.68791,41.50611],[-87.68781,41.5061],[-87.67555,41.50611],[-87.67525,41.5061],[-87.67514,41.5061],[-87.67505,41.50609],[-87.67496,41.50609],[-87.67485,41.50608],[-87.67473,41.50606],[-87.6744,41.50603],[-87.67424,41.50603],[-87.67387,41.50599],[-87.67363,41.50597],[-87.67353,41.50597],[-87.67343,41.50596],[-87.67333,41.50596],[-87.67314,41.50595],[-87.6719,41.50595],[-87.67001,41.50597],[-87.65848,41.50597],[-87.65795,41.50596],[-87.65549,41.50597],[-87.65491,41.50596],[-87.65432,41.50597],[-87.65371,41.50597],[-87.65249,41.50599],[-87.65127,41.50599],[-87.65062,41.506],[-87.64887,41.506],[-87.64765,41.50602],[-87.64637,41.50602],[-87.64578,41.50603],[-87.6411,41.50605],[-87.64097,41.50606],[-87.63932,41.50605],[-87.63559,41.5061],[-87.63353,41.50611],[-87.63275,41.5061],[-87.63142,41.50611],[-87.63104,41.50612],[-87.6308,41.50616],[-87.62334,41.50618],[-87.62305,41.50616],[-87.62226,41.50615],[-87.61901,41.50616],[-87.61839,41.50617],[-87.61624,41.50617],[-87.61609,41.50618],[-87.61437,41.50618],[-87.614,41.50622],[-87.61129,41.50623],[-87.61079,41.50624],[-87.60298,41.50626],[-87.60289,41.50622],[-87.60193,41.50621],[-87.597,41.50624],[-87.59689,41.50623],[-87.5956,41.50624],[-87.59534,41.50627],[-87.58334,41.50626],[-87.58322,41.50622],[-87.58169,41.50621],[-87.57668,41.50622],[-87.56388,41.50637],[-87.56322,41.50637],[-87.55549,41.50646],[-87.53619,41.50643],[-87.53557,41.50642],[-87.53549,41.50641],[-87.53489,41.50641],[-87.5345,41.50642],[-87.53412,41.50644],[-87.53363,41.50624],[-87.53333,41.50581],[-87.53274,41.50509],[-87.53174,41.50392],[-87.52989,41.50171],[-87.52975,41.50155],[-87.52961,41.50136],[-87.52954,41.50125],[-87.52944,41.50107],[-87.52939,41.50097],[-87.52933,41.50082],[-87.52925,41.50068],[-87.52919,41.50053],[-87.52909,41.50024],[-87.52905,41.50008],[-87.52901,41.49973],[-87.529,41.49919],[-87.52898,41.49869],[-87.52898,41.49801],[-87.52899,41.49786],[-87.52899,41.49774],[-87.529,41.49762],[-87.529,41.49732],[-87.52899,41.49721],[-87.52897,41.49706],[-87.52894,41.49691],[-87.5289,41.49677],[-87.52884,41.49663],[-87.52876,41.49647],[-87.52867,41.49632],[-87.52856,41.49616],[-87.52844,41.49602],[-87.52833,41.4959],[-87.52821,41.49579],[-87.52807,41.49567],[-87.52772,41.49544],[-87.52751,41.49531],[-87.52709,41.49509],[-87.52689,41.495],[-87.52667,41.49491],[-87.52644,41.49483],[-87.52564,41.49463],[-87.52541,41.49459],[-87.5252,41.49454],[-87.5251,41.49452]]}},{"type":"Feature","properties":{"name":"US 30 (IN)","ref":"US 30","routeRef":"US 30","routeTier":"major","routeTensDigit":3,"routeOnesDigit":"even"},"geometry":{"type":"LineString","coordinates":[[-87.52198,41.49435],[-87.48498,41.48972],[-87.46288,41.49034],[-87.44675,41.48418],[-87.37925,41.4705],[-87.13981,41.4707],[-87.10556,41.46125],[-87.0508,41.45652],[-87.03516,41.46017],[-87.01867,41.44937],[-86.95106,41.43772],[-86.82356,41.43266],[-86.81159,41.43292],[-86.76214,41.4101],[-86.65791,41.3937],[-86.59981,41.39302],[-86.58777,41.39138],[-86.56222,41.37916],[-86.467,41.36508],[-86.38547,41.36398],[-86.36326,41.36061],[-86.30463,41.36169],[-86.2939,41.36141],[-86.28497,41.35684],[-86.27731,41.35226],[-86.25563,41.33759],[-86.15036,41.31279],[-86.11582,41.31383],[-86.10572,41.31024],[-86.0792,41.29334],[-85.99164,41.26539],[-85.96502,41.26484],[-85.94816,41.26838],[-85.87026,41.26952],[-85.85516,41.26692],[-85.84003,41.26055],[-85.82618,41.25137],[-85.81172,41.23569],[-85.79297,41.22524],[-85.7068,41.20721],[-85.69578,41.19782],[-85.62925,41.18158],[-85.60904,41.17615],[-85.55434,41.17491],[-85.53986,41.16894],[-85.47453,41.16825],[-85.4453,41.14508],[-85.42323,41.1379],[-85.37177,41.12563],[-85.19581,41.12585],[-85.18574,41.12074],[-85.17632,41.12791],[-85.15809,41.12853],[-85.13854,41.13674],[-85.11574,41.14928],[-85.10161,41.16802],[-85.08388,41.16768],[-85.06628,41.16016],[-85.0233,41.15309],[-85.01692,41.15216],[-85.01369,41.14734],[-85.01361,41.13961],[-84.99634,41.1248],[-84.99426,41.09991],[-84.98896,41.06249],[-84.88465,41.02422],[-84.82526,41.00084],[-84.80294,40.9993]]}},{"type":"Feature","properties":{"name":"US 30 (OH)","ref":"US 30","routeRef":"US 30","routeTier":"major","routeTensDigit":3,"routeOnesDigit":"even"},"geometry":{"type":"LineString","coordinates":[[-84.80322,40.9981],[-84.78893,40.99238],[-84.78715,40.99158],[-84.78534,40.99054],[-84.77538,40.9845],[-84.76075,40.97465],[-84.75573,40.9716],[-84.74868,40.96703],[-84.72046,40.94953],[-84.71842,40.94819],[-84.71674,40.9469],[-84.71409,40.94483],[-84.71194,40.94335],[-84.65274,40.90391],[-84.65028,40.90244],[-84.64778,40.9011],[-84.64524,40.89994],[-84.64247,40.89879],[-84.63965,40.8978],[-84.63598,40.89675],[-84.63229,40.89586],[-84.62788,40.89481],[-84.59514,40.88726],[-84.59201,40.88664],[-84.58906,40.88617],[-84.58542,40.88584],[-84.58205,40.88567],[-84.53484,40.88485],[-84.53268,40.88454],[-84.53108,40.88412],[-84.52948,40.88342],[-84.52818,40.88256],[-84.52672,40.88115],[-84.52179,40.87593],[-84.51976,40.87427],[-84.51766,40.87294],[-84.51546,40.87187],[-84.51295,40.87095],[-84.51048,40.87033],[-84.50818,40.87],[-84.50549,40.86982],[-84.45877,40.86964],[-84.45649,40.86975],[-84.45432,40.87014],[-84.45243,40.8707],[-84.44826,40.87243],[-84.44576,40.87302],[-84.44381,40.8732],[-84.44147,40.87323],[-84.35887,40.87343],[-84.35267,40.87331],[-84.34533,40.87318],[-84.34321,40.87292],[-84.34109,40.87245],[-84.33938,40.87189],[-84.33756,40.87095],[-84.33587,40.86978],[-84.32335,40.8612],[-84.32121,40.85951],[-84.31926,40.85778],[-84.30162,40.8414],[-84.30021,40.8403],[-84.29862,40.83941],[-84.29679,40.8386],[-84.29497,40.83808],[-84.29316,40.83778],[-84.29135,40.83764],[-84.28799,40.83763],[-84.23164,40.83774],[-84.22947,40.83761],[-84.22771,40.83735],[-84.21565,40.83498],[-84.2137,40.83476],[-84.21141,40.83476],[-84.1738,40.83513],[-84.17101,40.83506],[-84.16802,40.83483],[-84.16511,40.83448],[-84.16233,40.83397],[-84.15921,40.83324],[-84.13269,40.82599],[-84.12976,40.82526],[-84.12677,40.82475],[-84.12308,40.82425],[-84.11983,40.82408],[-84.11704,40.82407],[-84.05758,40.82445],[-84.05449,40.8246],[-84.04957,40.825],[-84.0463,40.82507],[-84.04275,40.82498],[-84.03843,40.82471],[-84.03511,40.82463],[-84.03164,40.82464],[-83.97108,40.82498],[-83.96893,40.82511],[-83.96534,40.82604],[-83.96144,40.82777],[-83.95849,40.82853],[-83.95578,40.82877],[-83.9533,40.8289],[-83.94963,40.82894],[-83.94084,40.82906],[-83.93878,40.82892],[-83.93665,40.82852],[-83.93459,40.82789],[-83.92873,40.82586],[-83.92642,40.82535],[-83.92401,40.82502],[-83.92146,40.82493],[-83.91933,40.825],[-83.91719,40.82523],[-83.89469,40.82777],[-83.89192,40.82796],[-83.88929,40.82793],[-83.88181,40.82766],[-83.87719,40.82757],[-83.8513,40.82752],[-83.81427,40.82738],[-83.81076,40.82725],[-83.8055,40.82695],[-83.79927,40.82663],[-83.79415,40.82635],[-83.79051,40.82626],[-83.76259,40.82612],[-83.75926,40.82597],[-83.75595,40.82571],[-83.7506,40.82531],[-83.74763,40.82527],[-83.74365,40.82527],[-83.74041,40.8254],[-83.73675,40.82563],[-83.72953,40.82612],[-83.72601,40.82617],[-83.72197,40.82621],[-83.70582,40.82635],[-83.70302,40.8263],[-83.70023,40.82615],[-83.69134,40.82522],[-83.68747,40.82508],[-83.68448,40.82512],[-83.68202,40.82535],[-83.67957,40.82577],[-83.67325,40.82691],[-83.67071,40.82719],[-83.66781,40.82721],[-83.60695,40.82696],[-83.60443,40.82707],[-83.60216,40.82744],[-83.60003,40.82796],[-83.59765,40.8285],[-83.59536,40.82878],[-83.59296,40.82881],[-83.56916,40.82862],[-83.56623,40.82843],[-83.56369,40.82796],[-83.56141,40.82733],[-83.55334,40.82469],[-83.55115,40.82413],[-83.54824,40.82372],[-83.54592,40.82361],[-83.54348,40.82372],[-83.50793,40.82604],[-83.4866,40.82698],[-83.4838,40.82697],[-83.48136,40.82678],[-83.47908,40.8265],[-83.47595,40.82587],[-83.4735,40.82538],[-83.47091,40.82506],[-83.4681,40.82489],[-83.45489,40.82488],[-83.45183,40.82476],[-83.44914,40.82458],[-83.4363,40.82363],[-83.43322,40.82352],[-83.41148,40.82334],[-83.40708,40.82346],[-83.4027,40.82372],[-83.38692,40.82511],[-83.38337,40.82527],[-83.38002,40.8253],[-83.34876,40.82548],[-83.34684,40.82562],[-83.34496,40.82593],[-83.34305,40.82651],[-83.34082,40.82752],[-83.33906,40.82864],[-83.3379,40.82971],[-83.337,40.83079],[-83.32214,40.85273],[-83.32056,40.85466],[-83.31876,40.85605],[-83.3163,40.85717],[-83.31296,40.85789],[-83.31011,40.85819],[-83.30641,40.85829],[-83.27453,40.85821],[-83.27256,40.85796],[-83.27073,40.85749],[-83.26915,40.85679],[-83.26777,40.8559],[-83.26622,40.85469],[-83.23962,40.8335],[-83.23861,40.83244],[-83.23787,40.83134],[-83.23737,40.83004],[-83.23717,40.82883],[-83.23706,40.82741],[-83.23652,40.81601],[-83.23617,40.81385],[-83.23479,40.81199],[-83.23284,40.81079],[-83.22979,40.80988],[-83.226,40.80938],[-83.22413,40.80917],[-83.22259,40.80886],[-83.22021,40.80834],[-83.21779,40.8079],[-83.21488,40.80751],[-83.21193,40.80729],[-83.2083,40.80717],[-83.20493,40.80723],[-83.20109,40.80734],[-83.18206,40.80786],[-83.17759,40.8079],[-83.15378,40.8079],[-83.15089,40.80782],[-83.1479,40.80758],[-83.14409,40.80709],[-83.13997,40.80653],[-83.13729,40.80639],[-83.1351,40.80657],[-83.13221,40.80689],[-83.11988,40.80831],[-83.11634,40.80883],[-83.11313,40.80949],[-83.10979,40.81034],[-83.10717,40.81116],[-83.10414,40.81229],[-83.10156,40.81337],[-83.0876,40.81951],[-83.08479,40.82052],[-83.0817,40.82151],[-83.07853,40.82232],[-83.07496,40.82302],[-83.05993,40.82567],[-83.05625,40.82617],[-83.05287,40.82652],[-83.04854,40.82683],[-83.04406,40.82698],[-83.03504,40.82704],[-82.99881,40.82738],[-82.9952,40.82721],[-82.97378,40.82634],[-82.96899,40.82626],[-82.95747,40.82626],[-82.95519,40.82615],[-82.95336,40.82583],[-82.95142,40.82525],[-82.94945,40.82438],[-82.94775,40.82336],[-82.94621,40.82221],[-82.93153,40.81105],[-82.92966,40.80948],[-82.92787,40.80785],[-82.90881,40.78959],[-82.9063,40.78742],[-82.90433,40.78592],[-82.9014,40.78396],[-82.89011,40.77645],[-82.88733,40.77472],[-82.88445,40.77323],[-82.88168,40.77198],[-82.86763,40.76561],[-82.86475,40.76454],[-82.86158,40.76363],[-82.85886,40.76314],[-82.85571,40.76283],[-82.85295,40.76278],[-82.84818,40.76282],[-82.8455,40.76271],[-82.84189,40.76242],[-82.83526,40.76193],[-82.83212,40.76185],[-82.82805,40.7619],[-82.7922,40.76252],[-82.78961,40.7625],[-82.78654,40.76233],[-82.78404,40.76206],[-82.78132,40.7617],[-82.77555,40.76094],[-82.77216,40.76071],[-82.76887,40.76073],[-82.76561,40.76089],[-82.76232,40.76124],[-82.75717,40.76189],[-82.75465,40.76198],[-82.75159,40.76199],[-82.74332,40.76198],[-82.7393,40.76217],[-82.73086,40.76263],[-82.72752,40.76264],[-82.72427,40.76249],[-82.72048,40.76213],[-82.71749,40.76186],[-82.714,40.76177],[-82.6969,40.7618],[-82.6945,40.76197],[-82.69253,40.76235],[-82.6903,40.76308],[-82.68801,40.76414],[-82.65785,40.78005],[-82.6554,40.78092],[-82.65341,40.78136],[-82.65128,40.78162],[-82.6364,40.7832],[-82.63322,40.78337],[-82.59995,40.78399],[-82.59651,40.78414],[-82.59085,40.78477],[-82.58841,40.78482],[-82.58633,40.78463],[-82.58422,40.78416],[-82.58194,40.78329],[-82.57997,40.78224],[-82.57811,40.78084],[-82.57176,40.77598],[-82.56975,40.77481],[-82.56778,40.77406],[-82.56579,40.77371],[-82.5639,40.77363],[-82.56159,40.77375],[-82.54261,40.77477],[-82.54053,40.77491],[-82.53879,40.77517],[-82.52701,40.77748],[-82.5255,40.77765],[-82.52372,40.77776],[-82.50308,40.77881],[-82.49755,40.77895],[-82.47478,40.77935],[-82.47323,40.77934],[-82.47155,40.77924],[-82.46407,40.77839],[-82.4619,40.77832],[-82.42729,40.77851],[-82.42538,40.77866],[-82.42351,40.77906],[-82.42085,40.77982],[-82.39733,40.78685],[-82.39568,40.7872],[-82.3943,40.78724],[-82.39274,40.78702],[-82.39136,40.78661],[-82.39016,40.78599],[-82.38911,40.78529],[-82.38552,40.78279],[-82.38381,40.78199],[-82.38229,40.78151],[-82.38028,40.78115],[-82.3746,40.78055],[-82.37194,40.7805],[-82.36995,40.7806],[-82.36743,40.7809],[-82.36476,40.78146],[-82.36246,40.78213],[-82.34906,40.78653],[-82.34741,40.78693],[-82.34552,40.78718],[-82.34385,40.78726],[-82.34165,40.78714],[-82.31841,40.78495],[-82.31482,40.78477],[-82.27924,40.78471],[-82.27646,40.78482],[-82.27295,40.7851],[-82.26784,40.78552],[-82.26542,40.78564],[-82.26262,40.78561],[-82.2598,40.78545],[-82.25727,40.7852],[-82.25362,40.78481],[-82.25072,40.78466],[-82.24769,40.78463],[-82.1645,40.78526],[-82.16275,40.78518],[-82.16069,40.78486],[-82.15723,40.78415],[-82.15539,40.78394],[-82.15363,40.78388],[-82.13425,40.78429],[-82.13049,40.78432],[-82.10338,40.78434],[-82.10042,40.78447],[-82.09752,40.78471],[-82.09494,40.78507],[-82.09194,40.78567],[-82.03578,40.79864],[-82.03303,40.79912],[-82.03071,40.79927],[-82.02797,40.79931],[-82.00958,40.79944],[-82.00716,40.79921],[-82.00511,40.79876],[-82.00285,40.79796],[-81.99449,40.79412],[-81.99257,40.79345],[-81.9904,40.79296],[-81.98819,40.79273],[-81.98562,40.79274],[-81.94781,40.79328],[-81.94607,40.79313],[-81.9443,40.79276],[-81.93207,40.78955],[-81.93041,40.78936],[-81.92871,40.78937],[-81.92704,40.78964],[-81.92541,40.79024],[-81.92382,40.79122],[-81.91497,40.79739],[-81.91304,40.79832],[-81.91105,40.799],[-81.90821,40.79947],[-81.90619,40.79946],[-81.90359,40.7992],[-81.89539,40.7984],[-81.89279,40.79829],[-81.8902,40.79835],[-81.88765,40.79856],[-81.88537,40.79894],[-81.88233,40.79968],[-81.85071,40.80865],[-81.84746,40.80936],[-81.84499,40.80972],[-81.84195,40.8099],[-81.83942,40.80983],[-81.83709,40.80962],[-81.83457,40.80926],[-81.83223,40.80872],[-81.82998,40.80805],[-81.82792,40.80727],[-81.82547,40.8061],[-81.823,40.80459],[-81.82101,40.80312],[-81.81064,40.79516],[-81.80873,40.79392],[-81.80669,40.79295],[-81.80466,40.7922],[-81.80199,40.79144],[-81.79944,40.79103],[-81.79696,40.79084],[-81.79453,40.79093],[-81.79186,40.79128],[-81.78949,40.79177],[-81.78733,40.79247],[-81.78555,40.79327],[-81.78091,40.79532],[-81.77882,40.79601],[-81.77684,40.79644],[-81.7751,40.79667],[-81.77358,40.79674],[-81.77171,40.79675],[-81.75352,40.79645],[-81.75078,40.79657],[-81.74886,40.79677],[-81.7471,40.79711],[-81.74544,40.79747],[-81.74052,40.79872],[-81.73563,40.79974],[-81.73039,40.80069],[-81.72825,40.80089],[-81.72619,40.80087],[-81.72397,40.80075],[-81.71916,40.80043],[-81.71762,40.80024],[-81.71617,40.7999],[-81.71448,40.79928],[-81.71267,40.79842],[-81.70866,40.79649],[-81.70711,40.79591],[-81.70543,40.79545],[-81.70358,40.79512],[-81.70185,40.79494],[-81.70028,40.7949],[-81.69172,40.79498],[-81.68913,40.79512],[-81.68637,40.79537],[-81.67528,40.79692],[-81.67192,40.7972],[-81.66928,40.79735],[-81.65996,40.79783],[-81.65547,40.79813],[-81.65383,40.79812],[-81.65264,40.79793],[-81.65128,40.7976],[-81.64322,40.79465],[-81.63905,40.79338],[-81.62127,40.78824],[-81.6186,40.78719],[-81.61679,40.78631],[-81.61471,40.7852],[-81.5987,40.7765],[-81.59609,40.77523],[-81.59346,40.77412],[-81.59104,40.77327],[-81.58877,40.77251],[-81.58722,40.77188],[-81.58564,40.77105],[-81.58425,40.77016],[-81.57968,40.767],[-81.57818,40.76616],[-81.57615,40.76532],[-81.57405,40.76474],[-81.56329,40.7622],[-81.55714,40.76065],[-81.55423,40.75975],[-81.54491,40.75675],[-81.54344,40.75638],[-81.54178,40.75625],[-81.53994,40.75625],[-81.53838,40.75649],[-81.53667,40.75697],[-81.53513,40.75761],[-81.5329,40.75865],[-81.53145,40.75919],[-81.52978,40.7597],[-81.52818,40.76004],[-81.52626,40.76025],[-81.52418,40.76038],[-81.49458,40.76223],[-81.49075,40.76269],[-81.48734,40.76323],[-81.47263,40.76559],[-81.47036,40.76609],[-81.46788,40.76691],[-81.46502,40.76825],[-81.45484,40.77426],[-81.45302,40.77509],[-81.451,40.77575],[-81.449,40.77607],[-81.42719,40.77861],[-81.42366,40.77884],[-81.41951,40.77899],[-81.4175,40.7792],[-81.41554,40.77962],[-81.4139,40.78013],[-81.41141,40.78128],[-81.40645,40.78374],[-81.40491,40.78428],[-81.40352,40.78462],[-81.40182,40.78477],[-81.4003,40.78478],[-81.38894,40.78437],[-81.38713,40.78445],[-81.38598,40.78461],[-81.38504,40.78493],[-81.38394,40.78543],[-81.38155,40.78676],[-81.38043,40.78715],[-81.37934,40.78736],[-81.37823,40.78746],[-81.3766,40.78743],[-81.37141,40.78728],[-81.36984,40.7874],[-81.36865,40.78763],[-81.36631,40.78826],[-81.36501,40.78852],[-81.36365,40.78858],[-81.34846,40.78809],[-81.34566,40.78792],[-81.34366,40.78761],[-81.34129,40.78698],[-81.3393,40.78632],[-81.33578,40.78496],[-81.33368,40.78441],[-81.3312,40.78399],[-81.32887,40.78386],[-81.32053,40.78371],[-81.32019,40.78916],[-81.31633,40.78889],[-81.31195,40.78857],[-81.31115,40.78847],[-81.30815,40.78803],[-81.30705,40.78789],[-81.30596,40.78777],[-81.30518,40.78772],[-81.30109,40.78754],[-81.29721,40.78736],[-81.29554,40.78732],[-81.29244,40.78724],[-81.29068,40.78722],[-81.2841,40.78721],[-81.2841,40.78507],[-81.28279,40.78506],[-81.28228,40.78505],[-81.28182,40.78501],[-81.2813,40.78493],[-81.28069,40.78482],[-81.28,40.78465],[-81.27941,40.78446],[-81.27877,40.7842],[-81.2758,40.78288],[-81.27502,40.78256],[-81.27432,40.78233],[-81.27359,40.78214],[-81.27275,40.78195],[-81.24502,40.77635],[-81.23897,40.77512],[-81.23769,40.77483],[-81.23638,40.7745],[-81.2351,40.77414],[-81.22255,40.77057],[-81.22106,40.7701],[-81.21969,40.76964],[-81.21844,40.76917],[-81.20454,40.76345],[-81.20355,40.76309],[-81.20265,40.76282],[-81.20173,40.7626],[-81.20062,40.76242],[-81.1996,40.76231],[-81.19857,40.76225],[-81.19741,40.76224],[-81.19672,40.76228],[-81.19603,40.76236],[-81.18987,40.76317],[-81.18958,40.76319],[-81.18922,40.76319],[-81.18713,40.76315],[-81.18627,40.76315],[-81.18557,40.76317],[-81.18485,40.76324],[-81.18428,40.76332],[-81.18353,40.76347],[-81.18262,40.76368],[-81.17461,40.76565],[-81.17372,40.76583],[-81.17293,40.76595],[-81.17222,40.766],[-81.17137,40.766],[-81.17054,40.76594],[-81.16971,40.76581],[-81.16886,40.7656],[-81.16796,40.76529],[-81.16718,40.76494],[-81.16647,40.76453],[-81.16585,40.76407],[-81.16525,40.76355],[-81.16458,40.7629],[-81.15594,40.75454],[-81.15538,40.75392],[-81.15489,40.75326],[-81.15454,40.75266],[-81.15418,40.75196],[-81.15181,40.7471],[-81.15136,40.74627],[-81.15088,40.74553],[-81.14758,40.74056],[-81.14709,40.73992],[-81.14667,40.73949],[-81.1462,40.73911],[-81.14562,40.73872],[-81.14489,40.73834],[-81.1442,40.73807],[-81.14316,40.73777],[-81.13434,40.7354],[-81.13376,40.73529],[-81.13325,40.73524],[-81.13275,40.73527],[-81.13226,40.73533],[-81.13165,40.73549],[-81.13068,40.73574],[-81.13003,40.73582],[-81.12945,40.73586],[-81.12678,40.7359],[-81.12604,40.73594],[-81.12509,40.73605],[-81.12236,40.73649],[-81.12177,40.73661],[-81.1198,40.73721],[-81.11912,40.73737],[-81.11845,40.73744],[-81.11782,40.73744],[-81.11726,40.73737],[-81.11655,40.7372],[-81.1159,40.73693],[-81.11372,40.73573],[-81.11322,40.73537],[-81.1129,40.73507],[-81.11257,40.7347],[-81.10981,40.73142],[-81.10838,40.7298],[-81.10823,40.72968],[-81.10806,40.72965],[-81.10778,40.72966],[-81.10237,40.73019],[-81.10203,40.73024],[-81.10175,40.73031],[-81.10136,40.73048],[-81.09956,40.7313],[-81.09883,40.73168],[-81.0979,40.73217],[-81.09722,40.73256],[-81.09479,40.73399],[-81.09318,40.73492],[-81.09271,40.73523],[-81.08535,40.74029],[-81.08489,40.74056],[-81.08429,40.74085],[-81.07038,40.74725],[-81.06987,40.74744],[-81.06945,40.7475],[-81.06904,40.74751],[-81.06867,40.74746],[-81.06825,40.74737],[-81.06437,40.74646],[-81.06379,40.74637],[-81.06321,40.74635],[-81.06269,40.74638],[-81.06216,40.74645],[-81.05537,40.74744],[-81.05426,40.74757],[-81.05182,40.74781],[-81.04545,40.74846],[-81.04505,40.74847],[-81.04462,40.74845],[-81.0441,40.74835],[-81.0435,40.74816],[-81.03781,40.74621],[-81.03736,40.74609],[-81.03693,40.74604],[-81.03646,40.74602],[-81.03146,40.74598],[-81.03078,40.74593],[-81.03005,40.74579],[-81.02364,40.74402],[-81.02275,40.74372],[-81.02193,40.7434],[-81.02058,40.74287],[-81.01995,40.74269],[-81.01935,40.74257],[-81.01855,40.74249],[-81.01413,40.74208],[-81.01348,40.74199],[-81.01284,40.74186],[-81.01185,40.74165],[-81.01111,40.74153],[-81.01042,40.74146],[-81.00968,40.74142],[-81.00896,40.7414],[-81.00825,40.74143],[-81.00739,40.7415],[-81.00671,40.74159],[-81.00545,40.74179],[-81.0046,40.74187],[-81.00388,40.74191],[-81.00304,40.74189],[-81.00222,40.74183],[-81.00151,40.74173],[-81.00073,40.74156],[-80.99817,40.74097],[-80.99749,40.74085],[-80.99701,40.7408],[-80.99632,40.74078],[-80.994,40.74075],[-80.99342,40.74071],[-80.99287,40.74064],[-80.99227,40.74051],[-80.99176,40.74034],[-80.99119,40.7401],[-80.99072,40.73984],[-80.9862,40.73722],[-80.98562,40.73699],[-80.98506,40.73684],[-80.98444,40.73675],[-80.98377,40.73671],[-80.98231,40.73665],[-80.98129,40.73658],[-80.9804,40.73648],[-80.97957,40.73637],[-80.97861,40.7362],[-80.97755,40.73598],[-80.97574,40.73558],[-80.97513,40.7354],[-80.9745,40.73517],[-80.97147,40.73389],[-80.971,40.73373],[-80.97052,40.73364],[-80.97008,40.73364],[-80.96963,40.73368],[-80.96912,40.73378],[-80.96644,40.73443],[-80.96597,40.73451],[-80.96558,40.73454],[-80.96513,40.73453],[-80.96456,40.73446],[-80.96278,40.73426],[-80.9623,40.73423],[-80.96188,40.73426],[-80.96129,40.73435],[-80.95921,40.73474],[-80.95884,40.73484],[-80.95825,40.73505],[-80.9579,40.73514],[-80.95743,40.7352],[-80.95592,40.73537],[-80.95592,40.73586],[-80.95592,40.73712],[-80.95588,40.73739],[-80.9558,40.73757],[-80.95567,40.73774],[-80.95543,40.73794],[-80.94085,40.74825],[-80.93994,40.7489],[-80.93928,40.74945],[-80.93848,40.75012],[-80.93802,40.75044],[-80.93758,40.75069],[-80.93688,40.75093],[-80.93205,40.75256],[-80.93144,40.75273],[-80.93094,40.75281],[-80.9301,40.7529],[-80.92927,40.75304],[-80.92235,40.75426],[-80.91981,40.75475],[-80.91897,40.75488],[-80.91824,40.75492],[-80.91369,40.75498],[-80.91327,40.75501],[-80.9129,40.75507],[-80.91246,40.75517],[-80.91131,40.75559],[-80.91088,40.75569],[-80.91035,40.75576],[-80.90974,40.75577],[-80.9008,40.75577],[-80.90039,40.7558],[-80.90003,40.75586],[-80.89971,40.75596],[-80.89934,40.75615],[-80.89804,40.75702],[-80.89691,40.75776],[-80.89657,40.75801],[-80.89635,40.75825],[-80.89614,40.75857],[-80.89502,40.76112],[-80.89473,40.76169],[-80.89442,40.76211],[-80.8941,40.76244],[-80.89369,40.7628],[-80.89299,40.76336],[-80.89259,40.76362],[-80.89223,40.7638],[-80.8918,40.76393],[-80.8913,40.76402],[-80.89034,40.76415],[-80.8898,40.76425],[-80.88945,40.76437],[-80.88925,40.76449],[-80.88905,40.76465],[-80.88886,40.7649],[-80.88843,40.76561],[-80.88819,40.76592],[-80.88797,40.76613],[-80.88767,40.76635],[-80.88734,40.76651],[-80.8868,40.7667],[-80.88627,40.76684],[-80.88573,40.76691],[-80.88516,40.76691],[-80.88464,40.76687],[-80.87964,40.76634],[-80.87854,40.76622],[-80.87544,40.7658],[-80.8749,40.76577],[-80.87432,40.76576],[-80.87357,40.76579],[-80.87166,40.7659],[-80.8706,40.766],[-80.86969,40.76613],[-80.86711,40.76656],[-80.86633,40.76673],[-80.86566,40.76694],[-80.86508,40.76719],[-80.86441,40.76754],[-80.8629,40.76837],[-80.86232,40.76866],[-80.86175,40.76889],[-80.86113,40.76908],[-80.86062,40.76921],[-80.85988,40.76933],[-80.85493,40.76993],[-80.85399,40.77001],[-80.85304,40.77004],[-80.84867,40.77005],[-80.84438,40.77006],[-80.83762,40.77007],[-80.83235,40.77007],[-80.82418,40.77006],[-80.82366,40.77003],[-80.82319,40.76997],[-80.8225,40.76983],[-80.82122,40.76955],[-80.82057,40.76937],[-80.81993,40.76918],[-80.81905,40.7689],[-80.81852,40.76877],[-80.81807,40.76869],[-80.81745,40.76861],[-80.81688,40.76857],[-80.8162,40.76856],[-80.81552,40.76861],[-80.80884,40.76896],[-80.8082,40.76902],[-80.8076,40.76915],[-80.80646,40.76943],[-80.80601,40.76958],[-80.80506,40.76992],[-80.80478,40.76999],[-80.80438,40.77002],[-80.80388,40.77003],[-80.8014,40.76999],[-80.79542,40.76997],[-80.79385,40.76995],[-80.79019,40.76988],[-80.78961,40.76988],[-80.78927,40.76994],[-80.78895,40.77004],[-80.78866,40.77023],[-80.78782,40.77081],[-80.78716,40.77123],[-80.78665,40.77149],[-80.78598,40.77174],[-80.78548,40.7719],[-80.78471,40.77204],[-80.7841,40.7721],[-80.78337,40.77217],[-80.78244,40.77221],[-80.78145,40.77221],[-80.77744,40.7722],[-80.75781,40.77207],[-80.75763,40.77144],[-80.75755,40.77121],[-80.75742,40.77104],[-80.75722,40.77085],[-80.75626,40.77002],[-80.75569,40.76958],[-80.75244,40.76719],[-80.7467,40.76296],[-80.74604,40.76239],[-80.74554,40.76183],[-80.74506,40.76111],[-80.74474,40.76043],[-80.74453,40.7598],[-80.74441,40.75915],[-80.74435,40.75834],[-80.74377,40.7479],[-80.74366,40.74706],[-80.74348,40.74619],[-80.74321,40.74537],[-80.74286,40.74456],[-80.74239,40.74373],[-80.7418,40.74283],[-80.74121,40.74211],[-80.74048,40.74132],[-80.7396,40.74055],[-80.73882,40.73995],[-80.73794,40.73935],[-80.73614,40.73814],[-80.73533,40.73752],[-80.73442,40.73674],[-80.73357,40.73594],[-80.73282,40.7351],[-80.73211,40.73417],[-80.7315,40.73325],[-80.72709,40.7261],[-80.72662,40.72538],[-80.72611,40.72474],[-80.7256,40.72416],[-80.72488,40.72347],[-80.72416,40.72286],[-80.72321,40.72219],[-80.72234,40.72165],[-80.72137,40.72112],[-80.70441,40.71207],[-80.70329,40.71158],[-80.70233,40.71125],[-80.70129,40.71095],[-80.70018,40.71072],[-80.6989,40.71055],[-80.69775,40.71049],[-80.69696,40.71052],[-80.69565,40.71064],[-80.69467,40.71076],[-80.69167,40.71112],[-80.69035,40.71028],[-80.68795,40.70892],[-80.68503,40.70756],[-80.67251,40.70193],[-80.67034,40.70079],[-80.66905,40.69969],[-80.66783,40.69835],[-80.663,40.69298],[-80.66169,40.69185],[-80.66033,40.69098],[-80.6587,40.69032],[-80.65657,40.68971],[-80.64195,40.68594],[-80.64002,40.68521],[-80.63809,40.6842],[-80.62574,40.6769],[-80.62386,40.67591],[-80.6223,40.67533],[-80.62012,40.67472],[-80.61795,40.67432],[-80.61595,40.67414],[-80.61128,40.67367],[-80.60975,40.67338],[-80.6077,40.67265],[-80.59388,40.66664],[-80.59252,40.6658],[-80.59153,40.66497],[-80.5908,40.66401],[-80.59025,40.66289],[-80.58969,40.66146],[-80.58813,40.65726],[-80.58796,40.65646],[-80.58802,40.65565],[-80.58817,40.65482],[-80.58855,40.65307],[-80.58867,40.65171],[-80.58895,40.64759],[-80.5889,40.64693],[-80.58873,40.64629],[-80.5885,40.64577],[-80.58785,40.64444],[-80.58743,40.64343],[-80.58716,40.64247],[-80.58583,40.63704],[-80.58548,40.63571],[-80.58518,40.63502],[-80.58478,40.63443],[-80.58338,40.63251],[-80.58301,40.63181],[-80.58278,40.63114],[-80.58271,40.63039],[-80.58267,40.62837],[-80.58271,40.62762],[-80.58287,40.62697],[-80.58314,40.62636],[-80.58355,40.62578],[-80.58402,40.62527],[-80.58471,40.62469],[-80.58685,40.62309],[-80.58734,40.62263],[-80.58762,40.62227],[-80.58777,40.62192],[-80.58782,40.62155],[-80.58775,40.62113],[-80.58761,40.6208],[-80.58732,40.62042],[-80.58691,40.62004],[-80.58629,40.61955],[-80.58566,40.61913],[-80.58475,40.61857],[-80.58366,40.61804],[-80.58222,40.61746],[-80.58074,40.61698],[-80.5788,40.6165],[-80.57771,40.6163],[-80.57655,40.61621],[-80.57533,40.6162],[-80.57408,40.61634],[-80.57319,40.61649],[-80.57221,40.61674],[-80.57132,40.61707],[-80.57044,40.61747],[-80.56953,40.61807],[-80.56884,40.61866],[-80.56732,40.62022],[-80.56646,40.621],[-80.56596,40.62126],[-80.5652,40.62144],[-80.56445,40.62149],[-80.56394,40.62143],[-80.5636,40.62131]]}},{"type":"Feature","properties":{"name":"U.S. Route 30 in West Virginia","ref":"US 30","routeRef":"US 30","routeTier":"major","routeTensDigit":3,"routeOnesDigit":"even"},"geometry":{"type":"LineString","coordinates":[[-80.56368,40.62125],[-80.56329,40.62099],[-80.5629,40.6206],[-80.55772,40.61496],[-80.55707,40.61435],[-80.55624,40.61381],[-80.55523,40.61334],[-80.5537,40.6129],[-80.55249,40.61257],[-80.55188,40.61227],[-80.55143,40.6119],[-80.551,40.61131],[-80.54902,40.60808],[-80.54863,40.60762],[-80.54812,40.60726],[-80.54772,40.60691],[-80.54754,40.60661],[-80.54747,40.60623],[-80.54752,40.60589],[-80.54782,40.60535],[-80.54793,40.60498],[-80.54787,40.60463],[-80.5476,40.60417],[-80.54717,40.60362],[-80.54695,40.60316],[-80.54675,40.60263],[-80.54624,40.60084],[-80.54601,40.60036],[-80.5457,40.59996],[-80.54529,40.59962],[-80.54483,40.59935],[-80.54433,40.59915],[-80.54382,40.59901],[-80.54321,40.59892],[-80.54184,40.59881],[-80.53029,40.59788],[-80.5295,40.59779],[-80.52896,40.59765],[-80.52835,40.59741],[-80.52784,40.59713],[-80.52747,40.59686],[-80.52231,40.593],[-80.52186,40.5927],[-80.52137,40.5925],[-80.52091,40.59236],[-80.52039,40.59228],[-80.51994,40.59226],[-80.51902,40.59228]]}},{"type":"Feature","properties":{"name":"US 30 (PA)","ref":"US 30","routeRef":"US 30","routeTier":"major","routeTensDigit":3,"routeOnesDigit":"even"},"geometry":{"type":"LineString","coordinates":[[-80.51911,40.59227],[-80.51639,40.59233],[-80.51348,40.59297],[-80.5125,40.59287],[-80.50976,40.59197],[-80.50755,40.59022],[-80.50636,40.59003],[-80.50438,40.59017],[-80.50283,40.58946],[-80.50014,40.58883],[-80.49776,40.58778],[-80.49641,40.58647],[-80.49197,40.58301],[-80.48804,40.58107],[-80.48414,40.58063],[-80.48161,40.57921],[-80.47927,40.57902],[-80.47834,40.57858],[-80.4773,40.57774],[-80.4762,40.57741],[-80.47512,40.57737],[-80.47271,40.57769],[-80.47114,40.57815],[-80.47033,40.57872],[-80.46897,40.58005],[-80.46741,40.58203],[-80.46636,40.58272],[-80.46519,40.58291],[-80.46415,40.58273],[-80.46359,40.58246],[-80.45895,40.57945],[-80.45659,40.57865],[-80.45617,40.57838],[-80.45345,40.57529],[-80.45223,40.57243],[-80.45116,40.57157],[-80.452,40.57149],[-80.45075,40.57139],[-80.44583,40.56967],[-80.44486,40.56914],[-80.44234,40.56725],[-80.44024,40.56405],[-80.43857,40.56071],[-80.43655,40.55716],[-80.43499,40.55502],[-80.43437,40.55441],[-80.43257,40.55333],[-80.43131,40.55287],[-80.42997,40.55288],[-80.42801,40.55326],[-80.42621,40.55306],[-80.42524,40.55258],[-80.42407,40.55168],[-80.4217,40.55072],[-80.42107,40.55011],[-80.42085,40.54967],[-80.42061,40.54759],[-80.42033,40.54661],[-80.41929,40.54524],[-80.41638,40.54326],[-80.41439,40.54267],[-80.41197,40.54229],[-80.41071,40.54163],[-80.40831,40.53882],[-80.40751,40.53718],[-80.40589,40.53587],[-80.40484,40.53442],[-80.40222,40.53225],[-80.40064,40.53128],[-80.39934,40.53012],[-80.39839,40.52962],[-80.39735,40.52933],[-80.39385,40.52936],[-80.39113,40.52867],[-80.38707,40.52893],[-80.38601,40.52881],[-80.38469,40.52838],[-80.38198,40.52696],[-80.37904,40.52615],[-80.37473,40.52352],[-80.373,40.52209],[-80.37163,40.52004],[-80.36915,40.51813],[-80.36592,40.5169],[-80.36545,40.51635],[-80.36531,40.51571],[-80.36597,40.51234],[-80.36632,40.50931],[-80.36624,40.50837],[-80.36605,40.50777],[-80.36488,40.50575],[-80.36414,40.50232],[-80.36404,40.50072],[-80.363,40.4983],[-80.36223,40.49748],[-80.3607,40.49696],[-80.35295,40.49564],[-80.35171,40.49559],[-80.34966,40.49587],[-80.34827,40.49569],[-80.34702,40.49494],[-80.3427,40.49113],[-80.33947,40.48918],[-80.33762,40.48861],[-80.33673,40.48864],[-80.33568,40.48899],[-80.32738,40.49302],[-80.32093,40.49486],[-80.31958,40.49509],[-80.31801,40.495],[-80.3128,40.49374],[-80.30999,40.49323],[-80.30619,40.49291],[-80.30108,40.49301],[-80.29924,40.49255],[-80.29823,40.49199],[-80.29712,40.49104],[-80.28851,40.48287],[-80.27893,40.46958],[-80.27823,40.46885],[-80.2773,40.46817],[-80.26695,40.46263],[-80.26035,40.45947],[-80.25601,40.45538],[-80.25196,40.45223],[-80.25116,40.45086],[-80.25032,40.45012],[-80.24902,40.44964],[-80.24671,40.44934],[-80.24559,40.44889],[-80.24496,40.44832],[-80.24455,40.44759],[-80.24453,40.4461],[-80.24415,40.4454],[-80.24112,40.44276],[-80.23932,40.44156],[-80.23768,40.43936],[-80.22313,40.43972],[-80.22173,40.43964],[-80.21934,40.43913],[-80.21387,40.43717],[-80.21099,40.43676],[-80.20835,40.43686],[-80.19488,40.43823],[-80.19164,40.43885],[-80.18995,40.43938],[-80.17469,40.44545],[-80.16603,40.4473],[-80.16421,40.44511],[-80.16161,40.4434],[-80.14043,40.43259],[-80.12611,40.42629],[-80.12225,40.42525],[-80.11628,40.42505],[-80.11383,40.42481],[-80.09857,40.42209],[-80.09561,40.42138],[-80.09292,40.42048],[-80.08946,40.41889],[-80.08687,40.41729],[-80.08264,40.41432],[-80.08112,40.41347],[-80.07398,40.41085],[-80.07244,40.41051],[-80.07168,40.4105],[-80.07017,40.41083],[-80.05185,40.41954],[-80.04857,40.42066],[-80.046,40.42105],[-80.0435,40.42108],[-80.03457,40.41995],[-80.03372,40.42],[-80.03223,40.4205],[-80.0312,40.42127],[-80.03067,40.42209],[-80.03047,40.42314],[-80.03087,40.42521],[-80.03089,40.4265],[-80.03048,40.42772],[-80.02929,40.42908],[-80.02746,40.43027],[-80.02448,40.43188],[-80.0099,40.43955],[-80.00902,40.43946],[-80.00129,40.43661],[-79.99748,40.43468],[-79.99503,40.43411],[-79.9907,40.43398],[-79.98674,40.43437],[-79.98228,40.43518],[-79.97525,40.43607],[-79.97245,40.43615],[-79.96964,40.43587],[-79.96681,40.43512],[-79.9599,40.43216],[-79.95845,40.43126],[-79.95551,40.42836],[-79.95495,40.42801],[-79.95335,40.42745],[-79.95104,40.42742],[-79.94325,40.42925],[-79.94142,40.42925],[-79.93709,40.42853],[-79.9316,40.42895],[-79.93017,40.42885],[-79.92646,40.42803],[-79.90873,40.42546],[-79.89385,40.42627],[-79.8915,40.42708],[-79.88838,40.42896],[-79.88311,40.43012],[-79.88077,40.43014],[-79.87776,40.42946],[-79.87634,40.42946],[-79.87552,40.42962],[-79.87348,40.43057],[-79.86864,40.43433],[-79.86605,40.43309],[-79.86471,40.43208],[-79.86402,40.43095],[-79.86312,40.42732],[-79.86224,40.42623],[-79.86073,40.4253],[-79.8512,40.42048],[-79.85036,40.41989],[-79.84933,40.41879],[-79.84766,40.41574],[-79.84489,40.41277],[-79.84456,40.41095],[-79.8442,40.41025],[-79.84242,40.40868],[-79.84008,40.40575],[-79.83942,40.4039],[-79.83742,40.40101],[-79.83724,40.40034],[-79.83729,40.39967],[-79.83812,40.39775],[-79.83867,40.39548],[-79.83846,40.39451],[-79.8377,40.39369],[-79.82356,40.38419],[-79.82109,40.3829],[-79.8156,40.381],[-79.81439,40.38099],[-79.81296,40.38148],[-79.8108,40.38075],[-79.79734,40.37582],[-79.79644,40.37524],[-79.79518,40.37411],[-79.79392,40.37343],[-79.78813,40.37098],[-79.78457,40.36994],[-79.77905,40.36762],[-79.77737,40.36621],[-79.77484,40.36479],[-79.77149,40.36181],[-79.77081,40.36096],[-79.77037,40.35952],[-79.77052,40.358],[-79.77041,40.35698],[-79.76859,40.35402],[-79.76822,40.35274],[-79.76799,40.35101],[-79.76763,40.34997],[-79.76456,40.34544],[-79.76336,40.3443],[-79.76139,40.34304],[-79.75681,40.34075],[-79.75057,40.33923],[-79.74688,40.33763],[-79.7456,40.33651],[-79.74382,40.33431],[-79.74096,40.33174],[-79.73951,40.33093],[-79.73436,40.3295],[-79.73114,40.32882],[-79.70804,40.32607],[-79.70555,40.32566],[-79.70275,40.32472],[-79.68182,40.31641],[-79.68019,40.31589],[-79.65177,40.30899],[-79.64929,40.30893],[-79.64341,40.30955],[-79.63458,40.30937],[-79.63208,40.30965],[-79.62829,40.31035],[-79.62418,40.31029],[-79.61815,40.3108],[-79.6119,40.31035],[-79.60769,40.31106],[-79.60414,40.31134],[-79.60316,40.31125],[-79.604,40.31122],[-79.60272,40.31115],[-79.60182,40.31086],[-79.59882,40.30928],[-79.59301,40.30569],[-79.59211,40.3053],[-79.59093,40.30513],[-79.58268,40.30482],[-79.58063,40.30493],[-79.57743,40.30567],[-79.57134,40.30772],[-79.5699,40.30785],[-79.56808,40.30763],[-79.56595,40.30678],[-79.56467,40.30573],[-79.55564,40.29343],[-79.55051,40.28763],[-79.54961,40.28701],[-79.54799,40.28629],[-79.54158,40.28383],[-79.53996,40.28349],[-79.53817,40.28359],[-79.53646,40.28419],[-79.52734,40.28957],[-79.5263,40.29034],[-79.5253,40.29156],[-79.51983,40.30129],[-79.51907,40.30209],[-79.5183,40.30242],[-79.51749,40.30255],[-79.50982,40.30309],[-79.5064,40.30305],[-79.49781,40.30232],[-79.49456,40.30188],[-79.49156,40.30116],[-79.47764,40.29652],[-79.46575,40.29107],[-79.4623,40.28984],[-79.45901,40.28903],[-79.43149,40.28479],[-79.41267,40.28228],[-79.41064,40.28224],[-79.40775,40.28245],[-79.36123,40.2889],[-79.35871,40.28941],[-79.35352,40.29084],[-79.34922,40.29135],[-79.34319,40.29184],[-79.3407,40.29176],[-79.3377,40.2914],[-79.33487,40.29158],[-79.33202,40.29206],[-79.3296,40.29166],[-79.32786,40.2909],[-79.32319,40.28708],[-79.3208,40.28618],[-79.31632,40.28618],[-79.31309,40.28539],[-79.31044,40.28415],[-79.30869,40.28236],[-79.30775,40.27997],[-79.3075,40.27749],[-79.30668,40.2761],[-79.30501,40.27492],[-79.29975,40.27291],[-79.29747,40.27148],[-79.29588,40.26945],[-79.29408,40.26812],[-79.29275,40.26735],[-79.28679,40.26503],[-79.28562,40.26473],[-79.27126,40.26292],[-79.26928,40.26235],[-79.26487,40.2601],[-79.26393,40.25909],[-79.26326,40.25782],[-79.26219,40.25302],[-79.2617,40.25197],[-79.26087,40.25115],[-79.25967,40.25043],[-79.25802,40.24994],[-79.25118,40.24927],[-79.24951,40.24882],[-79.24833,40.24828],[-79.24591,40.24661],[-79.24154,40.24267],[-79.23882,40.2406],[-79.23733,40.23987],[-79.23201,40.238],[-79.23072,40.23734],[-79.22926,40.23609],[-79.22782,40.23412],[-79.22708,40.23344],[-79.22301,40.23143],[-79.22209,40.23076],[-79.22117,40.22958],[-79.21933,40.22577],[-79.21799,40.22417],[-79.20923,40.2179],[-79.1992,40.21218],[-79.19479,40.21056],[-79.18828,40.20915],[-79.17645,40.20447],[-79.17324,40.20298],[-79.16652,40.19838],[-79.16593,40.19738],[-79.16512,40.19441],[-79.16484,40.19405],[-79.16432,40.19383],[-79.16265,40.19415],[-79.16116,40.19399],[-79.15951,40.19357],[-79.15621,40.19228],[-79.15454,40.19072],[-79.15291,40.18819],[-79.15188,40.1877],[-79.14844,40.18551],[-79.14552,40.18478],[-79.13098,40.17947],[-79.12526,40.17642],[-79.1112,40.17068],[-79.07183,40.16189],[-79.05547,40.15571],[-79.05331,40.15477],[-79.05153,40.15345],[-79.04863,40.1501],[-79.0469,40.14904],[-79.03747,40.14593],[-79.03273,40.14394],[-79.01297,40.13909],[-78.99884,40.13392],[-78.99738,40.13298],[-78.9939,40.12808],[-78.99216,40.12589],[-78.99078,40.12474],[-78.98953,40.12408],[-78.98766,40.12345],[-78.97881,40.12201],[-78.97777,40.12195],[-78.97537,40.12228],[-78.97404,40.12216],[-78.97285,40.12172],[-78.97084,40.12061],[-78.97012,40.11968],[-78.97014,40.11862],[-78.97197,40.11569],[-78.97212,40.11498],[-78.97192,40.11283],[-78.97139,40.11168],[-78.97072,40.11108],[-78.96567,40.10817],[-78.95481,40.09982],[-78.95292,40.09884],[-78.95035,40.09812],[-78.94166,40.09701],[-78.93203,40.0967],[-78.93064,40.09648],[-78.92885,40.09557],[-78.92767,40.09413],[-78.92587,40.09114],[-78.92472,40.09031],[-78.92399,40.08998],[-78.92276,40.08966],[-78.90359,40.08733],[-78.90049,40.08679],[-78.89693,40.08569],[-78.88851,40.08217],[-78.88407,40.08147],[-78.88275,40.08066],[-78.88144,40.0792],[-78.88036,40.07866],[-78.79173,40.04415],[-78.78181,40.03847],[-78.77888,40.03727],[-78.77813,40.03718],[-78.7766,40.03738],[-78.77495,40.03789],[-78.77402,40.03846],[-78.77204,40.03932],[-78.77003,40.0397],[-78.7682,40.03908],[-78.7626,40.03632],[-78.76101,40.03614],[-78.75994,40.03643],[-78.75886,40.03714],[-78.75862,40.03747],[-78.75846,40.03887],[-78.75773,40.04135],[-78.75719,40.04212],[-78.75621,40.0447],[-78.75518,40.04583],[-78.75478,40.04573],[-78.75388,40.04377],[-78.75343,40.04318],[-78.75229,40.04238],[-78.75099,40.04215],[-78.7496,40.04237],[-78.74731,40.04373],[-78.74637,40.04388],[-78.74496,40.04374],[-78.74424,40.04383],[-78.74207,40.04433],[-78.73914,40.04534],[-78.73764,40.04518],[-78.73321,40.04413],[-78.7258,40.04441],[-78.72262,40.04386],[-78.7201,40.04414],[-78.71806,40.04403],[-78.71546,40.04479],[-78.71495,40.04465],[-78.71379,40.04391],[-78.71083,40.04288],[-78.70701,40.04218],[-78.70299,40.04031],[-78.70071,40.03958],[-78.6918,40.0384],[-78.68827,40.03929],[-78.67418,40.04362],[-78.66399,40.04651],[-78.65815,40.04876],[-78.65622,40.04928],[-78.65373,40.04938],[-78.65016,40.04891],[-78.64765,40.04876],[-78.63118,40.04912],[-78.6278,40.04961],[-78.62059,40.05131],[-78.61272,40.05239],[-78.61009,40.05218],[-78.6077,40.05134],[-78.59989,40.04595],[-78.59656,40.04445],[-78.5947,40.04405],[-78.5856,40.04323],[-78.58187,40.04258],[-78.57934,40.04232],[-78.56679,40.0418],[-78.56406,40.04192],[-78.56159,40.04241],[-78.55924,40.04324],[-78.55416,40.04592],[-78.55245,40.04661],[-78.54447,40.04891],[-78.54343,40.04893],[-78.53816,40.0482],[-78.53388,40.04818],[-78.53199,40.04777],[-78.53069,40.0472],[-78.52773,40.04497],[-78.52668,40.04342],[-78.52569,40.04002],[-78.52398,40.03762],[-78.52246,40.03644],[-78.51926,40.03497],[-78.51849,40.03439],[-78.5178,40.03361],[-78.51735,40.03273],[-78.51643,40.02913],[-78.51541,40.02755],[-78.50933,40.02259],[-78.50778,40.02174],[-78.50632,40.02128],[-78.49976,40.02079],[-78.49614,40.02081],[-78.48805,40.02031],[-78.47958,40.01938],[-78.47784,40.01905],[-78.47671,40.01848],[-78.476,40.01782],[-78.47464,40.01598],[-78.47357,40.01507],[-78.47224,40.01455],[-78.47079,40.01445],[-78.46936,40.01481],[-78.46858,40.01524],[-78.45851,40.02326],[-78.45724,40.0241],[-78.455,40.02512],[-78.45237,40.02583],[-78.44974,40.02611],[-78.44071,40.02542],[-78.4344,40.02436],[-78.4302,40.02389],[-78.42191,40.02189],[-78.40632,40.01978],[-78.40333,40.01875],[-78.40088,40.0173],[-78.39992,40.01652],[-78.39672,40.01302],[-78.39536,40.01208],[-78.39375,40.01162],[-78.38965,40.01123],[-78.38544,40.00996],[-78.38393,40.00985],[-78.38286,40.01004],[-78.38177,40.01052],[-78.38094,40.01119],[-78.3804,40.01201],[-78.37807,40.02361],[-78.37739,40.02525],[-78.37632,40.0263],[-78.37467,40.02714],[-78.37296,40.02749],[-78.37145,40.02746],[-78.36953,40.02699],[-78.35344,40.02114],[-78.35011,40.0201],[-78.34741,40.0199],[-78.33484,40.01986],[-78.33284,40.01965],[-78.33072,40.0191],[-78.3222,40.01529],[-78.32002,40.01412],[-78.31737,40.01234],[-78.31322,40.00865],[-78.31204,40.00794],[-78.31052,40.0076],[-78.30513,40.00785],[-78.30326,40.00747],[-78.30259,40.00711],[-78.29887,40.00405],[-78.29197,39.99877],[-78.28986,39.99757],[-78.27591,39.99269],[-78.2742,39.99224],[-78.27284,39.99209],[-78.27109,39.99242],[-78.27008,39.99307],[-78.26968,39.99351],[-78.26798,39.99661],[-78.26727,39.99723],[-78.26624,39.99765],[-78.2648,39.99776],[-78.26356,39.99748],[-78.26076,39.99614],[-78.25971,39.99585],[-78.25826,39.99583],[-78.25675,39.99616],[-78.25129,39.9986],[-78.24929,39.99906],[-78.24363,39.99916],[-78.23909,39.99945],[-78.23523,39.99936],[-78.22827,39.9998],[-78.2252,39.99916],[-78.22433,39.9993],[-78.22044,40.00075],[-78.21744,40.00281],[-78.21425,40.00455],[-78.21336,40.00554],[-78.2112,40.00946],[-78.20991,40.0105],[-78.2053,40.01189],[-78.2003,40.01415],[-78.19606,40.0152],[-78.18451,40.0205],[-78.17985,40.02028],[-78.17434,40.02111],[-78.17251,40.02167],[-78.1719,40.02164],[-78.16865,40.02093],[-78.1667,40.0202],[-78.16159,40.01946],[-78.16101,40.01922],[-78.15831,40.01728],[-78.14962,40.01681],[-78.14813,40.01598],[-78.14631,40.01522],[-78.14527,40.01436],[-78.14435,40.01411],[-78.14211,40.01413],[-78.14066,40.01438],[-78.13839,40.01516],[-78.13608,40.01568],[-78.13471,40.01577],[-78.13368,40.01642],[-78.13235,40.01683],[-78.13009,40.01691],[-78.12843,40.01768],[-78.12635,40.0176],[-78.12404,40.01675],[-78.12071,40.01692],[-78.11988,40.01663],[-78.11923,40.01612],[-78.11759,40.01406],[-78.11697,40.01352],[-78.11606,40.01318],[-78.11213,40.01238],[-78.11158,40.01197],[-78.10996,40.01006],[-78.10818,40.00932],[-78.10728,40.00875],[-78.1041,40.00607],[-78.09807,39.99837],[-78.09695,39.99757],[-78.08752,39.99332],[-78.08362,39.99253],[-78.08183,39.99164],[-78.07782,39.99131],[-78.07559,39.99144],[-78.0728,39.99068],[-78.06826,39.98904],[-78.06407,39.98814],[-78.0592,39.9875],[-78.05871,39.98723],[-78.05813,39.98655],[-78.05769,39.98637],[-78.05355,39.98599],[-78.05217,39.9865],[-78.05162,39.98653],[-78.04791,39.98594],[-78.04745,39.98567],[-78.04721,39.98515],[-78.04709,39.98462],[-78.04728,39.98296],[-78.04716,39.98263],[-78.04385,39.98078],[-78.04345,39.97892],[-78.04125,39.97725],[-78.03956,39.97657],[-78.03865,39.97558],[-78.03453,39.97382],[-78.03256,39.97277],[-78.02912,39.97221],[-78.02825,39.97143],[-78.0275,39.97107],[-78.02555,39.9711],[-78.02451,39.97076],[-78.0243,39.97044],[-78.02424,39.96948],[-78.02374,39.96874],[-78.02363,39.96815],[-78.02536,39.96225],[-78.02526,39.96096],[-78.02461,39.95875],[-78.02461,39.95465],[-78.02421,39.95334],[-78.0213,39.94763],[-78.02107,39.94588],[-78.02103,39.94023],[-78.02062,39.93908],[-78.01951,39.93816],[-78.01847,39.93781],[-78.01734,39.93774],[-78.01664,39.93784],[-78.01552,39.93835],[-78.01459,39.9393],[-78.01253,39.94207],[-78.01155,39.94307],[-78.01045,39.94372],[-78.00866,39.94429],[-78.00685,39.94439],[-77.98542,39.94307],[-77.98426,39.94321],[-77.98272,39.94369],[-77.97864,39.94575],[-77.97735,39.94623],[-77.97523,39.94647],[-77.97307,39.94608],[-77.97125,39.94509],[-77.96999,39.94362],[-77.96457,39.92769],[-77.96369,39.92644],[-77.96295,39.92576],[-77.96128,39.92544],[-77.96112,39.92518],[-77.96118,39.92449],[-77.96084,39.92393],[-77.96043,39.92354],[-77.95945,39.9231],[-77.95928,39.92209],[-77.95844,39.92115],[-77.95821,39.92006],[-77.95775,39.91909],[-77.9575,39.9168],[-77.95689,39.91582],[-77.95647,39.9156],[-77.95296,39.91719],[-77.95204,39.91778],[-77.94804,39.91816],[-77.94652,39.91916],[-77.94608,39.91914],[-77.94528,39.91879],[-77.94368,39.91909],[-77.94184,39.92052],[-77.94081,39.92171],[-77.93891,39.92347],[-77.93752,39.92562],[-77.93465,39.92899],[-77.93327,39.92975],[-77.93213,39.93063],[-77.93081,39.9323],[-77.92956,39.93448],[-77.92904,39.93509],[-77.92764,39.93626],[-77.92672,39.93672],[-77.92507,39.93699],[-77.9229,39.93672],[-77.92218,39.93647],[-77.92055,39.93532],[-77.91886,39.93326],[-77.91755,39.93116],[-77.91727,39.93042],[-77.91726,39.92895],[-77.91685,39.92694],[-77.91576,39.92455],[-77.91395,39.9182],[-77.91269,39.91636],[-77.91081,39.91485],[-77.90562,39.91238],[-77.89502,39.90784],[-77.89353,39.90735],[-77.89084,39.90688],[-77.88527,39.90682],[-77.8834,39.90664],[-77.87398,39.90412],[-77.8692,39.90326],[-77.86151,39.90286],[-77.85725,39.90284],[-77.85556,39.90305],[-77.82807,39.90906],[-77.80558,39.91532],[-77.8009,39.91676],[-77.7916,39.91904],[-77.78091,39.92065],[-77.77037,39.92259],[-77.75155,39.92572],[-77.73415,39.9276],[-77.72725,39.92911],[-77.72212,39.92961],[-77.70801,39.93204],[-77.70043,39.93313],[-77.67581,39.93724],[-77.66935,39.93751],[-77.66334,39.93687],[-77.65732,39.93612],[-77.65081,39.93441],[-77.64095,39.93048],[-77.62842,39.92723],[-77.60254,39.92278],[-77.58544,39.91901],[-77.58257,39.91798],[-77.57794,39.9158],[-77.55358,39.90838],[-77.54967,39.90754],[-77.49876,39.90503],[-77.49594,39.90519],[-77.48305,39.90661],[-77.48042,39.90659],[-77.47658,39.90602],[-77.46216,39.90214],[-77.4559,39.90095],[-77.45056,39.89969],[-77.44217,39.89959],[-77.42781,39.89766],[-77.42568,39.89754],[-77.42285,39.89764],[-77.41592,39.89858],[-77.41213,39.89856],[-77.40822,39.89796],[-77.39902,39.89563],[-77.39503,39.89516],[-77.39135,39.89527],[-77.38476,39.89629],[-77.38223,39.89638],[-77.36619,39.89599],[-77.36294,39.8957],[-77.3599,39.89513],[-77.35684,39.89425],[-77.35414,39.89318],[-77.3516,39.89189],[-77.34989,39.89083],[-77.32025,39.86835],[-77.31811,39.86691],[-77.28752,39.85392],[-77.27079,39.84653],[-77.23666,39.83086],[-77.22677,39.83097],[-77.201,39.84412],[-77.19716,39.84576],[-77.1932,39.84666],[-77.1844,39.84802],[-77.17559,39.84914],[-77.17036,39.85065],[-77.15861,39.85326],[-77.14808,39.85652],[-77.13621,39.85944],[-77.13273,39.86061],[-77.12812,39.86174],[-77.1264,39.86191],[-77.10362,39.86255],[-77.08874,39.86092],[-77.08643,39.86083],[-77.06171,39.86245],[-77.06062,39.8626],[-77.05149,39.86502],[-77.03151,39.86959],[-77.01362,39.87618],[-76.99051,39.88497],[-76.98051,39.88789],[-76.96943,39.89036],[-76.95977,39.89368],[-76.95431,39.89648],[-76.94783,39.90171],[-76.9388,39.90721],[-76.92414,39.91362],[-76.91934,39.9161],[-76.91744,39.91672],[-76.91293,39.91749],[-76.90273,39.91988],[-76.88278,39.92341],[-76.87403,39.92395],[-76.86742,39.9257],[-76.86343,39.92704],[-76.85332,39.92857],[-76.84746,39.92886],[-76.82501,39.92833],[-76.82237,39.92863],[-76.81793,39.92967],[-76.8061,39.93355],[-76.79855,39.93713],[-76.80037,39.93978],[-76.80079,39.94115],[-76.80071,39.94208],[-76.80051,39.94257],[-76.79929,39.94411],[-76.79428,39.94911],[-76.79299,39.94998],[-76.78992,39.95159],[-76.78858,39.95256],[-76.78747,39.95409],[-76.7863,39.95669],[-76.78518,39.95799],[-76.78339,39.95909],[-76.77465,39.96284],[-76.77233,39.96426],[-76.7711,39.96543],[-76.76491,39.97444],[-76.76384,39.97562],[-76.7626,39.97659],[-76.76124,39.97739],[-76.76,39.9779],[-76.74867,39.98094],[-76.74259,39.98238],[-76.7383,39.98412],[-76.73704,39.98419],[-76.7341,39.98354],[-76.72958,39.98398],[-76.72118,39.98379],[-76.71809,39.98355],[-76.71333,39.9825],[-76.71207,39.98236],[-76.69982,39.98243],[-76.69429,39.98179],[-76.69167,39.98168],[-76.689,39.98223],[-76.67809,39.98618],[-76.67713,39.9864],[-76.67484,39.98654],[-76.66929,39.98615],[-76.66714,39.98638],[-76.66616,39.98667],[-76.66483,39.98732],[-76.65845,39.99232],[-76.65642,39.99342],[-76.61958,40.00508],[-76.61469,40.00622],[-76.60553,40.0075],[-76.60403,40.00801],[-76.6022,40.00892],[-76.59252,40.01429],[-76.58995,40.01546],[-76.58284,40.01793],[-76.57311,40.02191],[-76.55684,40.02668],[-76.54567,40.03087],[-76.54277,40.03181],[-76.50974,40.03826],[-76.49908,40.04111],[-76.49256,40.04395],[-76.49069,40.04446],[-76.48887,40.04448],[-76.48746,40.04418],[-76.47756,40.0396],[-76.47415,40.03853],[-76.47162,40.03806],[-76.46926,40.03786],[-76.46132,40.03795],[-76.43968,40.04133],[-76.42531,40.04515],[-76.41718,40.04601],[-76.41472,40.04641],[-76.39246,40.05301],[-76.3893,40.05328],[-76.37951,40.05251],[-76.37587,40.05274],[-76.37342,40.05333],[-76.37087,40.05442],[-76.36318,40.05929],[-76.3612,40.06031],[-76.35925,40.06073],[-76.34561,40.06187],[-76.34284,40.06232],[-76.33383,40.06605],[-76.33196,40.06713],[-76.3274,40.07025],[-76.3259,40.07078],[-76.32443,40.07097],[-76.31956,40.07061],[-76.30017,40.06802],[-76.29117,40.06793],[-76.2892,40.06756],[-76.28753,40.067],[-76.2856,40.06597],[-76.27558,40.0592],[-76.27123,40.05674],[-76.26648,40.05444],[-76.25276,40.04873],[-76.25072,40.04755],[-76.24933,40.04635],[-76.24831,40.04509],[-76.24299,40.03544],[-76.2404,40.03206],[-76.22936,40.02963],[-76.22319,40.02783],[-76.21899,40.02699],[-76.21067,40.02606],[-76.14358,40.01279],[-76.09347,40.00252],[-76.05138,39.99719],[-76.04741,39.99611],[-76.01031,39.99038],[-76.00337,39.99007],[-75.98908,39.98912],[-75.92349,39.98262],[-75.92108,39.98287],[-75.91675,39.9841],[-75.89513,39.98561],[-75.88142,39.98736],[-75.87794,39.98804],[-75.84577,39.99551],[-75.8377,39.99711],[-75.83141,39.99811],[-75.82459,40.00053],[-75.82279,40.00098],[-75.81951,40.00121],[-75.81501,40.00058],[-75.8141,40.00058],[-75.80787,40.00138],[-75.80059,40.003],[-75.79202,40.00583],[-75.78984,40.00635],[-75.78821,40.00648],[-75.78672,40.00639],[-75.77963,40.0048],[-75.77633,40.00452],[-75.75433,40.00687],[-75.74636,40.00797],[-75.72928,40.01122],[-75.72779,40.01168],[-75.72375,40.01361],[-75.72175,40.01428],[-75.71462,40.01572],[-75.70224,40.01878],[-75.69996,40.01919],[-75.69536,40.01971],[-75.6861,40.02061],[-75.6817,40.02041],[-75.6625,40.01661],[-75.6537,40.01372],[-75.65014,40.01317],[-75.64813,40.01311],[-75.64577,40.0133],[-75.642,40.0142],[-75.62696,40.01982],[-75.62396,40.02079],[-75.60884,40.02409],[-75.59585,40.02753],[-75.58772,40.03],[-75.58532,40.03303],[-75.57767,40.03406],[-75.56357,40.03677],[-75.54593,40.03968],[-75.52538,40.04379],[-75.52214,40.04392],[-75.5182,40.04368],[-75.50956,40.04304],[-75.49664,40.04174],[-75.49358,40.04158],[-75.45414,40.04293],[-75.45175,40.04314],[-75.44709,40.04515],[-75.44337,40.04742],[-75.43969,40.04823],[-75.4389,40.04826],[-75.43785,40.04804],[-75.43376,40.04649],[-75.42976,40.04474],[-75.4286,40.04444],[-75.42769,40.04439],[-75.42598,40.04474],[-75.41787,40.048],[-75.41621,40.04837],[-75.41464,40.04843],[-75.40719,40.04694],[-75.40295,40.04504],[-75.39981,40.04427],[-75.38859,40.04406],[-75.38282,40.04377],[-75.3776,40.0434],[-75.37419,40.04288],[-75.37069,40.04194],[-75.36601,40.03954],[-75.3609,40.03769],[-75.35207,40.03642],[-75.34365,40.03495],[-75.34061,40.03424],[-75.33932,40.03368],[-75.33138,40.02822],[-75.3274,40.02592],[-75.31348,40.01913],[-75.28194,40.00338],[-75.27471,40.00063],[-75.27162,39.99864],[-75.26276,39.9913],[-75.25842,39.99042],[-75.25694,39.98995],[-75.254,39.9883],[-75.24544,39.98414],[-75.2321,39.97969],[-75.22064,39.97436],[-75.21777,39.97263],[-75.19446,39.9752],[-75.19325,39.97129],[-75.19243,39.96963],[-75.19166,39.96885],[-75.1907,39.96819],[-75.18756,39.96668],[-75.18669,39.96601],[-75.1845,39.96399],[-75.18196,39.96087],[-75.18099,39.96026],[-75.15477,39.95688],[-75.15369,39.95685],[-75.15201,39.95708],[-75.15108,39.957],[-75.14993,39.95676],[-75.14898,39.95633],[-75.14877,39.95545],[-75.13435,39.95293]]}},{"type":"Feature","properties":{"ref":"US 30","routeRef":"US 30","routeTier":"major","routeTensDigit":3,"routeOnesDigit":"even"},"geometry":{"type":"MultiLineString","coordinates":[[[-75.1343341,39.9529794],[-75.1240629,39.9511884],[-75.1237864,39.9511379],[-75.1234491,39.9510726],[-75.1230225,39.9509719],[-75.122739,39.9508961],[-75.1224994,39.9508198],[-75.1223243,39.9507628],[-75.1220723,39.9506732],[-75.1218373,39.9505781],[-75.1213762,39.9503639],[-75.1211599,39.9502542],[-75.1208723,39.9500965],[-75.1207904,39.950047],[-75.12052,39.94987],[-75.119966,39.949469],[-75.1195774,39.9491686],[-75.1194064,39.9490234],[-75.1192469,39.9488802],[-75.1190073,39.9486175],[-75.1189624,39.948574],[-75.1189183,39.9485464],[-75.1188757,39.948531],[-75.1186797,39.9484698],[-75.1180263,39.9480696],[-75.1173451,39.9477466],[-75.1151862,39.9467153],[-75.1149421,39.9466041],[-75.1146918,39.9464967],[-75.1144399,39.9463978],[-75.1141716,39.9463026],[-75.1139142,39.946225],[-75.1136457,39.9461571],[-75.1133667,39.9460974],[-75.1130871,39.9460479],[-75.1128443,39.9460098],[-75.1125271,39.9459637],[-75.1101471,39.9456393],[-75.1098674,39.9455984],[-75.1095914,39.9455488],[-75.1093134,39.9454958],[-75.1091855,39.9454677],[-75.1090506,39.9454328],[-75.1089178,39.9453924],[-75.1087887,39.9453498],[-75.10866,39.9453044],[-75.1085163,39.9452472],[-75.1083759,39.9451838],[-75.1082425,39.9451181],[-75.1081083,39.945045],[-75.1079656,39.9449572],[-75.1078539,39.9448875],[-75.107755,39.9448185],[-75.1076609,39.9447441],[-75.1075651,39.9446639],[-75.1074743,39.9445815],[-75.107214,39.944298],[-75.1070421,39.9440764],[-75.1065059,39.9433909],[-75.1064094,39.9432402],[-75.1061787,39.9429235],[-75.1059802,39.9426891],[-75.1057951,39.9425472],[-75.1054313,39.9422532],[-75.105189,39.9420824],[-75.1049456,39.9419284],[-75.1045178,39.94168],[-75.1043284,39.9416],[-75.104043,39.941466],[-75.1036709,39.9413207],[-75.1034925,39.9412599],[-75.1031614,39.9411641],[-75.1028935,39.941101],[-75.1025776,39.9410573],[-75.1023457,39.9410188],[-75.1022223,39.9410005],[-75.1019305,39.9409748],[-75.1009287,39.9409092],[-75.1003794,39.9408666],[-75.0992338,39.9407828],[-75.0982739,39.9407101],[-75.097757,39.9406508],[-75.097356,39.9405929],[-75.0969465,39.940512],[-75.0968396,39.9404877],[-75.0965785,39.9404323],[-75.0962696,39.940361],[-75.0959091,39.9402669],[-75.0957518,39.9402236],[-75.0955146,39.9401293],[-75.0951015,39.9399926],[-75.0949008,39.9399086],[-75.094605,39.9397874],[-75.0936688,39.9393467],[-75.09285,39.9389787],[-75.0922591,39.938712],[-75.0918078,39.938503],[-75.0914575,39.9383442],[-75.0908843,39.9380795],[-75.0906942,39.9379911],[-75.0901557,39.937747],[-75.089903,39.9376253],[-75.0894631,39.9374228],[-75.0890758,39.937242],[-75.0888724,39.9371471],[-75.0888134,39.9371207],[-75.0885772,39.937015],[-75.0883878,39.9369302],[-75.0881718,39.9368335],[-75.0878234,39.9366754],[-75.087518,39.936536],[-75.0869966,39.9362981],[-75.0862524,39.9359431],[-75.0852207,39.9355235],[-75.0849044,39.9353869],[-75.0842463,39.9351764],[-75.0839318,39.9350979],[-75.0835429,39.9350244],[-75.0831766,39.9350103],[-75.0822969,39.9350278],[-75.082082,39.9349893],[-75.0817075,39.9349224],[-75.0814185,39.9348306],[-75.0813066,39.934777],[-75.081168,39.934695],[-75.081049,39.934639],[-75.080937,39.93457],[-75.080743,39.934412],[-75.080692,39.93437],[-75.080541,39.934206],[-75.0804423,39.9340541],[-75.080382,39.933917],[-75.0803755,39.933744],[-75.080423,39.933521],[-75.080458,39.933452],[-75.080494,39.933382],[-75.080633,39.933225],[-75.080772,39.933119],[-75.080993,39.932998],[-75.081023,39.932989],[-75.081199,39.932939],[-75.081559,39.932857],[-75.0817441,39.9328024],[-75.08188,39.932743],[-75.082125,39.932576],[-75.082325,39.932403],[-75.082449,39.932221],[-75.082688,39.931839],[-75.082765,39.93168],[-75.083014,39.931165],[-75.083043,39.931045],[-75.0831028,39.9307982],[-75.083161,39.930558],[-75.083205,39.930378],[-75.083341,39.929818],[-75.0833936,39.929584],[-75.0834911,39.9291498],[-75.0835638,39.9288258],[-75.08367,39.928353],[-75.083723,39.928103],[-75.083762,39.927892],[-75.083916,39.927072],[-75.0840424,39.9265441],[-75.084204,39.925894],[-75.0843844,39.9254128],[-75.0845725,39.925084],[-75.0846576,39.9249375],[-75.084804,39.924681],[-75.08486,39.924599],[-75.085227,39.924144],[-75.0853,39.924033],[-75.085536,39.923765],[-75.0856341,39.9236403],[-75.085748,39.923502],[-75.0858965,39.9232763],[-75.0861748,39.9228254],[-75.086266,39.9226855],[-75.086591,39.922169],[-75.086738,39.9219137],[-75.087138,39.921219],[-75.087544,39.9204422],[-75.0878267,39.9199013],[-75.088059,39.919499],[-75.0880912,39.9193137],[-75.0880594,39.9192565],[-75.087996,39.9191895],[-75.0878865,39.9191372],[-75.0877913,39.9190678],[-75.0877373,39.9190082],[-75.0877024,39.9189194],[-75.087623,39.918749],[-75.0873818,39.918239],[-75.0873564,39.9181696],[-75.0873612,39.918082],[-75.0873771,39.9179992],[-75.0874183,39.9179201],[-75.0874897,39.9178069],[-75.0875738,39.9176937],[-75.0876548,39.9175732],[-75.0876802,39.9174235],[-75.0876861,39.9172062],[-75.0880509,39.9177407],[-75.0882856,39.9181527],[-75.0884074,39.9183558],[-75.0885536,39.9185917],[-75.0886466,39.9187417],[-75.0887174,39.9188741],[-75.0888668,39.9187071],[-75.0890807,39.9185655],[-75.0892155,39.9185153],[-75.0893216,39.9184949],[-75.0894168,39.9184927],[-75.0895049,39.9184969],[-75.089593,39.9185114],[-75.0896837,39.918539],[-75.089757,39.9185749],[-75.0898363,39.9186281],[-75.0898736,39.9186608],[-75.0899366,39.9187378],[-75.0899765,39.9188112],[-75.0899942,39.9188875],[-75.0900001,39.918956],[-75.089997,39.9190784],[-75.0897208,39.9194995],[-75.0896503,39.9195776],[-75.0895182,39.9196712],[-75.0894279,39.9197132],[-75.0892838,39.9197768],[-75.0892086,39.9196569],[-75.089192,39.9196305],[-75.089077,39.9194473],[-75.0888215,39.91904],[-75.0887174,39.9188741],[-75.0885752,39.9190718],[-75.0884842,39.9191914],[-75.0883575,39.9193719],[-75.0883227,39.9194215],[-75.0882741,39.9194906],[-75.0878462,39.9201772],[-75.0878293,39.9202007],[-75.0873498,39.9210403],[-75.087228,39.921248],[-75.086676,39.9222459],[-75.0864266,39.9226495],[-75.086384,39.9227184],[-75.0862928,39.9228624],[-75.0861256,39.9231328],[-75.086074,39.9232161],[-75.086003,39.923331],[-75.085825,39.923545],[-75.085705,39.923694],[-75.085663,39.923745],[-75.085654,39.923762],[-75.085582,39.923849],[-75.085398,39.924062],[-75.085253,39.924219],[-75.085005,39.924593],[-75.084698,39.925087],[-75.084569,39.92533],[-75.084478,39.925525],[-75.084372,39.925728],[-75.0841615,39.9265548],[-75.0840448,39.9270902],[-75.0839329,39.9276493],[-75.083905,39.927795],[-75.083839,39.928136],[-75.0837862,39.9284146],[-75.083777,39.928463],[-75.0836825,39.9289408],[-75.08362,39.929257],[-75.0836089,39.9293219],[-75.083522,39.929832],[-75.0834387,39.9302108],[-75.0834229,39.930283],[-75.08341,39.930342],[-75.083231,39.930981],[-75.083201,39.931113],[-75.083038,39.931841],[-75.083004,39.931966],[-75.082824,39.932966],[-75.082794,39.933158],[-75.0827893,39.9332393],[-75.082784,39.9333133],[-75.0828162,39.9334779],[-75.0828376,39.9335684],[-75.083002,39.933884],[-75.0830332,39.933912],[-75.0830931,39.9339753],[-75.0831811,39.9340685],[-75.083326,39.9342001],[-75.08344,39.93429],[-75.0838825,39.9346301],[-75.0840197,39.934729],[-75.0843336,39.9349377],[-75.0847176,39.9351416],[-75.0852678,39.9353763],[-75.0858388,39.935569],[-75.0864453,39.9358384],[-75.0867153,39.9359672],[-75.0871713,39.9361655],[-75.0872081,39.9361815],[-75.087957,39.9365323],[-75.0880097,39.936557],[-75.0883222,39.9366925],[-75.0906004,39.9377206],[-75.0916787,39.9382183],[-75.0944199,39.939481],[-75.094842,39.939676],[-75.095466,39.939926],[-75.095661,39.939992],[-75.096078,39.940126],[-75.096552,39.940252],[-75.09713,39.940381],[-75.0974614,39.9404405],[-75.097758,39.94048],[-75.098881,39.940593],[-75.099234,39.940616],[-75.100904,39.940728],[-75.102079,39.940794],[-75.1023,39.940824],[-75.102435,39.940842],[-75.102707,39.940879],[-75.103022,39.940937],[-75.1034726,39.9410718],[-75.103547,39.941094],[-75.103747,39.941161],[-75.104305,39.941398],[-75.10457,39.9415202],[-75.1047187,39.9415949],[-75.1050796,39.9418004],[-75.1052512,39.9419032],[-75.105557,39.9421241],[-75.1056848,39.9422229],[-75.1059701,39.9424749],[-75.106131,39.9426353],[-75.1062322,39.9427459],[-75.1064207,39.942952],[-75.10691,39.943659],[-75.106994,39.943789],[-75.1071702,39.9440577],[-75.107275,39.944181],[-75.107614,39.944542],[-75.107836,39.944713],[-75.108093,39.944874],[-75.108323,39.944994],[-75.108525,39.945079],[-75.108712,39.945144],[-75.108845,39.94519],[-75.109081,39.945271],[-75.109333,39.945336],[-75.109727,39.945416],[-75.109799,39.945427],[-75.1102539,39.9454936],[-75.1109392,39.9456039],[-75.1124426,39.9458095],[-75.1127251,39.9458474],[-75.1129937,39.9458887],[-75.1132705,39.9459329],[-75.1135595,39.9459902],[-75.1138373,39.9460554],[-75.1141027,39.9461292],[-75.1143647,39.9462131],[-75.1146146,39.9463043],[-75.1148751,39.9464106],[-75.1151352,39.9465286],[-75.11537,39.9466371],[-75.1158909,39.9468843],[-75.1175154,39.9476593],[-75.117647,39.9477218],[-75.1177714,39.9477732],[-75.1179058,39.9478182],[-75.118083,39.9478593],[-75.1184139,39.9479328],[-75.1184989,39.9479554],[-75.1186316,39.9480011],[-75.1187551,39.9480484],[-75.1188803,39.9481062],[-75.1189978,39.9481688],[-75.1191024,39.9482416],[-75.119206,39.9483284],[-75.1192813,39.9483985],[-75.1193405,39.9484674],[-75.1193948,39.9485466],[-75.1194654,39.9486432],[-75.1195215,39.9487657],[-75.1195752,39.9488863],[-75.1196215,39.948984],[-75.1196603,39.9490392],[-75.1197088,39.9490959],[-75.1197998,39.9491807],[-75.1198972,39.9492589],[-75.120003,39.9493387],[-75.1201755,39.9494753],[-75.1206582,39.9498199],[-75.1208229,39.9499208],[-75.1211502,39.9501098],[-75.1213539,39.9502225],[-75.1217332,39.9504001],[-75.122004,39.9505149],[-75.1222413,39.9506061],[-75.1224804,39.9506868],[-75.1226735,39.9507522],[-75.1229432,39.9508314],[-75.1231526,39.9508858],[-75.1235089,39.9509698],[-75.1237789,39.9510239],[-75.1240876,39.9510809],[-75.1343604,39.9528789]],[[-75.0876861,39.9172062],[-75.0874955,39.9168929],[-75.086982,39.916054],[-75.0867586,39.9157006],[-75.08647,39.915244],[-75.0861741,39.914775],[-75.0860019,39.9145019],[-75.085443,39.913616],[-75.0850572,39.91302],[-75.085039,39.912992],[-75.0845396,39.9121498],[-75.0841822,39.9115647],[-75.083923,39.9111405],[-75.083709,39.9108004],[-75.083282,39.910122],[-75.082777,39.909311],[-75.082505,39.908904],[-75.08224,39.908504],[-75.08207,39.90829],[-75.0817461,39.9079251],[-75.0815943,39.907753],[-75.0813349,39.9074484],[-75.081309,39.907418],[-75.081136,39.907202],[-75.080876,39.9068782],[-75.080671,39.906623],[-75.0805352,39.9064539],[-75.080463,39.906364],[-75.079976,39.905784],[-75.079764,39.905532],[-75.0796348,39.9053778],[-75.0793403,39.9050261],[-75.079285,39.90496],[-75.0791936,39.9048514],[-75.079052,39.904683],[-75.0788734,39.9044686],[-75.0787749,39.9043504],[-75.0786319,39.9041787],[-75.0786088,39.9041509],[-75.0785637,39.9040968],[-75.078503,39.904024],[-75.0784573,39.9039692],[-75.078378,39.903874],[-75.078254,39.9037244],[-75.0780073,39.9034268],[-75.0778145,39.9031945],[-75.077782,39.903155],[-75.077664,39.903013],[-75.07729,39.902561],[-75.076987,39.902188],[-75.0768946,39.9020733],[-75.076829,39.901992],[-75.0767076,39.9018423],[-75.07637,39.901426],[-75.076271,39.901308],[-75.0760337,39.9010299],[-75.0758649,39.9008321],[-75.0756154,39.9005531],[-75.0755178,39.9004441],[-75.0754662,39.9003864],[-75.0753613,39.9002867],[-75.075292,39.9002218],[-75.07519,39.9001264],[-75.0750208,39.8999681],[-75.0747919,39.899754],[-75.0746498,39.8996175],[-75.07436,39.8993435],[-75.0742132,39.8992047],[-75.0741904,39.8991831],[-75.073844,39.898854],[-75.0736419,39.8986657],[-75.07361,39.898636],[-75.0735103,39.8985429],[-75.0734368,39.8984743],[-75.0733767,39.8984232],[-75.0731959,39.8982544],[-75.073007,39.898078],[-75.072903,39.897981],[-75.0727907,39.8978807],[-75.0727112,39.8978081],[-75.0725483,39.8976564],[-75.0724812,39.8975944],[-75.0724332,39.8975498],[-75.072161,39.897291],[-75.071712,39.896873],[-75.07158,39.89675],[-75.0715383,39.8967104],[-75.0714479,39.8966255],[-75.0714046,39.8965863],[-75.0712641,39.8964595],[-75.0711255,39.8963344],[-75.0710307,39.8962488],[-75.0709872,39.8962096],[-75.0707404,39.8959868],[-75.0703811,39.8956512],[-75.0700667,39.8953584],[-75.0700109,39.8953065],[-75.0699627,39.8952615],[-75.0697049,39.8950176],[-75.0696454,39.8949614],[-75.0695298,39.894852],[-75.069391,39.8947178],[-75.0693643,39.8946933],[-75.0693008,39.8946351],[-75.0691308,39.8944794],[-75.0690992,39.8944498],[-75.069044,39.8943981],[-75.0690117,39.8943679],[-75.06888,39.8942444],[-75.0688297,39.8941973],[-75.0686601,39.8940411],[-75.0685954,39.8939821],[-75.0683748,39.893781],[-75.0682461,39.8936637],[-75.0681886,39.893608],[-75.0681408,39.8935642],[-75.0674812,39.8929501],[-75.067465,39.892935],[-75.0674116,39.8928838],[-75.0669277,39.8924193],[-75.0667898,39.8922869],[-75.066616,39.8921168],[-75.0663565,39.8918659],[-75.0662219,39.8917358],[-75.06618,39.891698],[-75.066118,39.891642],[-75.0658091,39.8913585],[-75.0657574,39.8913158],[-75.0656927,39.8912612],[-75.0655998,39.8911673],[-75.0652137,39.890791],[-75.0650386,39.8906338],[-75.064972,39.890574],[-75.0649553,39.890559],[-75.064288,39.889959],[-75.064142,39.889827],[-75.063354,39.889115],[-75.063088,39.888864],[-75.0630447,39.8888231],[-75.0627889,39.8885816],[-75.0624121,39.888226],[-75.0621546,39.8879722],[-75.0617342,39.8875578],[-75.0615,39.887327],[-75.0614132,39.8872497],[-75.0611574,39.887022],[-75.061109,39.8869773],[-75.0610165,39.8868917],[-75.0609535,39.8868334],[-75.0606659,39.8865674],[-75.060583,39.886492],[-75.0605277,39.886441],[-75.0602975,39.8862288],[-75.0601283,39.8860727],[-75.0600613,39.8860109],[-75.0600396,39.8859909],[-75.0598972,39.8858596],[-75.0597997,39.8857697],[-75.0597796,39.8857512],[-75.059299,39.885308],[-75.0588549,39.8848974],[-75.0587445,39.8847953],[-75.0584032,39.8844798],[-75.0581572,39.8842524],[-75.058094,39.884194],[-75.057926,39.8840386],[-75.0579037,39.884018],[-75.057815,39.883936],[-75.0577018,39.8838314],[-75.0576245,39.8837599],[-75.0575042,39.8836487],[-75.0574483,39.8835971],[-75.0571745,39.8833439],[-75.057112,39.883282],[-75.0570352,39.8832093],[-75.056726,39.8829229],[-75.0563262,39.8825525],[-75.0563012,39.8825294],[-75.0556607,39.881936],[-75.055379,39.881675],[-75.0550509,39.8813716],[-75.0547781,39.8811194],[-75.05429,39.880668],[-75.0541917,39.8805751],[-75.053671,39.88009],[-75.0534261,39.8798608],[-75.0533139,39.8797558],[-75.0529634,39.8794279],[-75.052956,39.879421],[-75.0528336,39.8793101],[-75.0525637,39.8790656],[-75.052243,39.878775],[-75.0517351,39.8783007],[-75.0515954,39.8781702],[-75.0514591,39.878043],[-75.0512351,39.8778338],[-75.051094,39.877702],[-75.0509231,39.8775496],[-75.0503382,39.8770118],[-75.0497471,39.8763873],[-75.0493127,39.8759759],[-75.048891,39.875702],[-75.0492355,39.8760925],[-75.0496643,39.8765055],[-75.0503382,39.8770118]],[[-75.048891,39.875702],[-75.0488225,39.8756357],[-75.0480451,39.874884],[-75.0474872,39.8742541],[-75.0472258,39.8740018],[-75.0467328,39.8735258],[-75.0466451,39.8734411],[-75.0465851,39.8733832],[-75.0464894,39.8732908],[-75.0463909,39.8732134],[-75.0461581,39.8730304],[-75.0455518,39.8725579],[-75.0458799,39.8728821],[-75.0459983,39.872999],[-75.0460602,39.8730602],[-75.0463691,39.8733717],[-75.0472029,39.8741594],[-75.0480451,39.874884]],[[-75.0455518,39.8725579],[-75.0452833,39.872309],[-75.0451584,39.8721933],[-75.0449164,39.871969],[-75.044719,39.871786],[-75.0446423,39.8717154],[-75.0446323,39.8717061],[-75.0444094,39.8715168],[-75.0443493,39.8714591],[-75.0440715,39.8711922],[-75.044037,39.871159],[-75.0439955,39.8711191],[-75.0439191,39.8710487],[-75.0439022,39.8710331],[-75.043824,39.870961],[-75.0437882,39.8709278],[-75.043741,39.870884],[-75.0437052,39.8708511],[-75.0434501,39.8706167],[-75.0427445,39.8699686],[-75.0423927,39.8696495],[-75.0421163,39.86939],[-75.0417121,39.8690178],[-75.041568,39.868885],[-75.0413057,39.8686435],[-75.040797,39.868175],[-75.0403942,39.8678022],[-75.0401382,39.8675652],[-75.0399004,39.8673452],[-75.0396617,39.8671242],[-75.0395243,39.866997],[-75.0394613,39.8669378],[-75.0393276,39.8668122],[-75.0390076,39.8665113],[-75.038954,39.866461],[-75.038098,39.865665],[-75.037678,39.865284],[-75.037398,39.8650218],[-75.0370829,39.8647266],[-75.03703,39.864677],[-75.0360721,39.8638017],[-75.035932,39.8636662],[-75.0354895,39.8632381],[-75.0353746,39.8631315],[-75.035186,39.8629566],[-75.0350304,39.862829],[-75.0350076,39.8628083],[-75.0347973,39.862617],[-75.0347797,39.862601],[-75.034607,39.862444],[-75.034394,39.8622521],[-75.0342187,39.8620941],[-75.0341176,39.862003],[-75.033929,39.861833],[-75.0337827,39.8616878],[-75.033656,39.861562],[-75.033513,39.861445],[-75.033333,39.861272],[-75.0332272,39.861176],[-75.0331178,39.8610766],[-75.0329907,39.8609613],[-75.0328882,39.8608682],[-75.0327261,39.860721],[-75.0325306,39.8605436],[-75.032329,39.8603606],[-75.0322558,39.8602941],[-75.0322202,39.8602618],[-75.031815,39.859894],[-75.0316605,39.8597505],[-75.0313687,39.8594796],[-75.0313387,39.8594517],[-75.0308892,39.8590344],[-75.030836,39.858985],[-75.030713,39.8588708],[-75.030515,39.858687],[-75.0304988,39.8586723],[-75.0303345,39.8585229],[-75.0300903,39.8583009],[-75.0298055,39.858042],[-75.02915,39.857446],[-75.029014,39.857323],[-75.0288876,39.8572095],[-75.0285936,39.8569455],[-75.028417,39.856787],[-75.028335,39.856694],[-75.027922,39.856214],[-75.0276375,39.8558541],[-75.0275603,39.8557565],[-75.0274414,39.8556051],[-75.0273199,39.8554524],[-75.0270182,39.8550706],[-75.0269756,39.8550167],[-75.0268936,39.8549134],[-75.026775,39.854764],[-75.0265488,39.8544719],[-75.0263434,39.8542067],[-75.026159,39.8539687],[-75.0260158,39.8537839],[-75.0257907,39.8534932],[-75.0255286,39.8531555],[-75.025477,39.853089],[-75.0254085,39.8530004],[-75.0253858,39.8529711],[-75.0252463,39.8527907],[-75.025115,39.852621],[-75.0250172,39.8524948],[-75.024998,39.85247],[-75.02493,39.852381],[-75.0247105,39.8520966],[-75.024524,39.851855],[-75.024442,39.851749],[-75.0243472,39.851626],[-75.0239761,39.8511448],[-75.023704,39.850792],[-75.0233716,39.8503618],[-75.022872,39.849715],[-75.0227718,39.8495863],[-75.0225362,39.8492836],[-75.0223078,39.8489903],[-75.0222507,39.8489169],[-75.0221776,39.848823],[-75.021983,39.848573],[-75.021775,39.848284],[-75.02167,39.848139],[-75.0216027,39.8480353],[-75.021259,39.84757],[-75.0210096,39.8472249],[-75.02079,39.846921],[-75.020383,39.846347],[-75.02037,39.8463278],[-75.020065,39.845877],[-75.019925,39.845707],[-75.019843,39.845607],[-75.019663,39.845431],[-75.0190444,39.8449197],[-75.018239,39.844254],[-75.0179604,39.8440235],[-75.01783,39.8439156],[-75.017787,39.84388],[-75.0177234,39.8438274],[-75.0174843,39.8436296],[-75.017399,39.843559],[-75.0173139,39.8434919],[-75.0170324,39.84327],[-75.0169146,39.8431782],[-75.0167475,39.8430481],[-75.0163764,39.8427529],[-75.016242,39.842647],[-75.0162231,39.8426321],[-75.015969,39.842432],[-75.0158577,39.8423441],[-75.015745,39.842255],[-75.0156397,39.8421722],[-75.015384,39.841971],[-75.015292,39.841899],[-75.0152157,39.8418392],[-75.0151089,39.8417555],[-75.0149164,39.8416048],[-75.014822,39.841528],[-75.014404,39.841199],[-75.0140544,39.8409277],[-75.013676,39.840634],[-75.0135957,39.8405704],[-75.0133764,39.8403962],[-75.0129924,39.8400911],[-75.012947,39.840055],[-75.012797,39.839937],[-75.0127112,39.8398699],[-75.012445,39.8396615],[-75.0124097,39.8396339],[-75.012231,39.839494],[-75.0120315,39.8393515],[-75.0120036,39.8393281],[-75.0117865,39.8391594],[-75.011501,39.838925],[-75.011318,39.838782],[-75.0112784,39.8387509],[-75.010796,39.838375],[-75.010384,39.838054],[-75.0102969,39.837986],[-75.010009,39.837761],[-75.009647,39.837476],[-75.009278,39.837185],[-75.008782,39.836795],[-75.008522,39.83659],[-75.007919,39.836101],[-75.00779,39.835997],[-75.007302,39.835601],[-75.007059,39.835391],[-75.006971,39.83532],[-75.006689,39.83506],[-75.006661,39.835028],[-75.006435,39.834749],[-75.006322,39.83461],[-75.0062327,39.8344946],[-75.006007,39.834203],[-75.0058275,39.8340004],[-75.0058039,39.8339738],[-75.00555,39.833687],[-75.005446,39.833569],[-75.005246,39.83338],[-75.005169,39.833306],[-75.0048458,39.833038],[-75.0047078,39.8329246],[-75.0046891,39.8329092],[-75.004494,39.8327489],[-75.0044364,39.8327015],[-75.0042859,39.8325779],[-75.0041033,39.832428],[-75.0040166,39.8323577],[-75.0039501,39.8323038],[-75.003569,39.831995],[-75.0032951,39.8317806],[-75.0032144,39.8317174],[-75.0030209,39.8315659],[-75.0028341,39.8314196],[-75.0027108,39.8313231],[-75.0026883,39.8313055],[-75.0024,39.8310765],[-75.0022538,39.8309603],[-75.0019892,39.8307502],[-75.001761,39.830569],[-75.0014842,39.8302988],[-75.001297,39.830116],[-75.0011768,39.8299747],[-75.001103,39.829888],[-75.0010564,39.8298194],[-75.000684,39.829271],[-75.0005752,39.8291053],[-75.0003902,39.8288237],[-75.000255,39.8286179],[-75.0002113,39.8285513],[-75.0001715,39.8284907],[-75.0000744,39.8283428],[-74.9998283,39.8279682],[-74.999729,39.827817],[-74.999401,39.827341],[-74.999226,39.827086],[-74.998937,39.826666],[-74.9987404,39.8263713],[-74.99847,39.825966],[-74.9982435,39.8256318],[-74.9982206,39.825598],[-74.9981784,39.8255358],[-74.9981352,39.8254835],[-74.9977489,39.824906],[-74.9975488,39.8246094],[-74.99699,39.823727],[-74.9968474,39.8235175],[-74.9968133,39.8234675],[-74.9967468,39.8233698],[-74.9965145,39.8230286],[-74.996414,39.822881],[-74.9962272,39.8226035],[-74.9961765,39.8225283],[-74.9960577,39.8223518],[-74.995808,39.821981],[-74.995236,39.821114],[-74.994984,39.820731],[-74.9948767,39.8205683],[-74.9947666,39.8204011],[-74.9946256,39.8201873],[-74.9944094,39.8198668],[-74.994135,39.81946],[-74.993478,39.818481],[-74.993353,39.818291],[-74.9930668,39.8178529],[-74.992875,39.817546],[-74.9926372,39.8171943],[-74.9924989,39.8169897],[-74.9923045,39.8167023],[-74.9920242,39.8163164],[-74.9919709,39.8162486],[-74.9919061,39.8161664],[-74.9918117,39.8160668],[-74.991625,39.815891],[-74.991479,39.8157732],[-74.9913386,39.8156598],[-74.9912224,39.8155635],[-74.9910759,39.815448],[-74.990791,39.815272],[-74.9907544,39.8152512],[-74.990405,39.815053],[-74.9900575,39.8148703],[-74.9896051,39.8146325],[-74.989435,39.814543],[-74.9890841,39.8143671],[-74.9886127,39.8141308],[-74.9882187,39.8139333],[-74.9881413,39.8138945],[-74.9873859,39.8135158],[-74.9872222,39.8134337],[-74.987061,39.813353],[-74.9868412,39.8132425],[-74.986516,39.813079],[-74.9864252,39.8130343],[-74.986136,39.812892],[-74.9859822,39.8128301],[-74.9858548,39.8127655],[-74.9857916,39.8127334],[-74.9853876,39.8125284],[-74.9853567,39.8125127],[-74.985113,39.812389],[-74.9849053,39.8122815],[-74.9846375,39.8121429],[-74.984536,39.8120904],[-74.9843759,39.8120075],[-74.9842817,39.8119587],[-74.984064,39.811846],[-74.983613,39.811613],[-74.9834098,39.8115095],[-74.9831136,39.8113585],[-74.983021,39.811313],[-74.9826569,39.8111375],[-74.982626,39.811122],[-74.982205,39.810919],[-74.981814,39.810746],[-74.981603,39.810653],[-74.9812169,39.810513],[-74.9804365,39.8102299],[-74.9801076,39.8101106],[-74.979775,39.80999],[-74.9795658,39.8099141],[-74.978648,39.809581],[-74.978625,39.809573],[-74.9779531,39.8093165],[-74.977923,39.809305],[-74.9775651,39.8091693],[-74.9774172,39.8091132],[-74.9772391,39.8090457],[-74.976926,39.8089269],[-74.9768018,39.8088798],[-74.9765504,39.8087845],[-74.9765114,39.8087697],[-74.9753563,39.8083316],[-74.975302,39.808311],[-74.9752603,39.8082954],[-74.974538,39.8080258],[-74.9743587,39.8079589],[-74.9737386,39.8077275],[-74.9735376,39.8076525],[-74.973346,39.807581],[-74.9731968,39.8075248],[-74.972826,39.807385],[-74.97273,39.80736],[-74.972202,39.807224],[-74.9719063,39.8071535],[-74.971879,39.807147],[-74.9716018,39.807114],[-74.9710984,39.807015],[-74.9704777,39.8069057],[-74.9700447,39.8068294],[-74.9697618,39.8067796],[-74.969747,39.806777],[-74.9691797,39.8067007],[-74.9685977,39.8065959],[-74.9683036,39.806543],[-74.968254,39.8065319],[-74.9672255,39.8063506],[-74.9669773,39.8062994],[-74.9666036,39.8062223],[-74.965836,39.806064],[-74.965739,39.806047],[-74.9651414,39.8059395],[-74.9645491,39.8058329],[-74.964394,39.805805],[-74.9640273,39.8057406],[-74.9637137,39.8056856],[-74.962781,39.805522],[-74.961502,39.805297],[-74.9613119,39.8052632],[-74.960519,39.805122],[-74.9603061,39.805084],[-74.9593289,39.8049273],[-74.9580509,39.8047003],[-74.9567988,39.8044773],[-74.9559546,39.8043272],[-74.9552947,39.8042099],[-74.9552024,39.8041935],[-74.95493,39.8041451],[-74.9549038,39.8041404],[-74.9541259,39.8040021],[-74.9531181,39.8038173],[-74.9529608,39.8037885],[-74.9523514,39.8036768],[-74.9521282,39.8036364],[-74.9517289,39.803564],[-74.9516903,39.803557],[-74.9514507,39.8035135],[-74.9502202,39.8032904],[-74.9492234,39.8031146],[-74.9490462,39.8030834],[-74.9489319,39.8030632],[-74.9486146,39.8030072],[-74.9484827,39.802984],[-74.9479712,39.8028938],[-74.9478039,39.8028614],[-74.9477649,39.8028546],[-74.9474873,39.8028061],[-74.9471902,39.8027542],[-74.9467609,39.8026792],[-74.9462332,39.8025875],[-74.9457208,39.802491],[-74.9454465,39.8024414],[-74.9447749,39.8023201],[-74.9446952,39.8023057],[-74.9441708,39.8022192],[-74.9434586,39.8021018],[-74.9430718,39.802037],[-74.9428927,39.8020086],[-74.9426406,39.8019544],[-74.9424641,39.8019158],[-74.9420287,39.8017991],[-74.9415463,39.8016225],[-74.9406035,39.8012793],[-74.9400828,39.8011029],[-74.9399696,39.8010648],[-74.9389718,39.8007093],[-74.9380821,39.8003926],[-74.9380036,39.8003647],[-74.9371673,39.800074],[-74.9371281,39.8000604],[-74.9368411,39.799961],[-74.9367253,39.7999209],[-74.9365382,39.7998454],[-74.9363982,39.7997804],[-74.9362047,39.7996868],[-74.9360699,39.7996092],[-74.936014,39.7995737],[-74.9358638,39.7994831],[-74.9355654,39.7992647]],[[-74.932223,39.7956564],[-74.9322721,39.7957431],[-74.9324864,39.7961219],[-74.9326723,39.7964504],[-74.9327399,39.7965602],[-74.9330649,39.7970278],[-74.93312,39.797107],[-74.9331737,39.7972011],[-74.9332792,39.797386],[-74.933803,39.7978292],[-74.9348058,39.7986897],[-74.9352829,39.7990722],[-74.9355654,39.7992647]],[[-74.904497,39.7741739],[-74.9047889,39.774395],[-74.9051542,39.7746511],[-74.9052964,39.7747523],[-74.9055224,39.7749131],[-74.9060456,39.7752854],[-74.9067301,39.7757851],[-74.9072906,39.7761944],[-74.9075232,39.7763454],[-74.9077918,39.7765141],[-74.9081096,39.7767332],[-74.9090007,39.7773551],[-74.9098558,39.7779443],[-74.9103866,39.7783094],[-74.9107788,39.7785898],[-74.9111466,39.7788432],[-74.911756,39.7792687],[-74.9134498,39.780452],[-74.9136062,39.7805566],[-74.9140753,39.7808703],[-74.915055,39.781479]],[[-74.6588093,39.5365932],[-74.6588821,39.5366634],[-74.6590732,39.5368048],[-74.6601756,39.5376886],[-74.6604005,39.5378626],[-74.6608205,39.5381882],[-74.6611319,39.5384296],[-74.6637383,39.5402262],[-74.6666318,39.5422207],[-74.6670802,39.5425298],[-74.6673908,39.5427439],[-74.6680669,39.5432109],[-74.6701626,39.5446585],[-74.672423,39.5462198],[-74.6725602,39.5463145],[-74.6727045,39.5464142],[-74.6733585,39.5468659],[-74.6736671,39.5470791],[-74.6782381,39.550272],[-74.6787588,39.5506357],[-74.6790907,39.5508675],[-74.6796786,39.5512781],[-74.6800996,39.5515722],[-74.6803412,39.5517409],[-74.6808555,39.5521001],[-74.681173,39.5523219],[-74.6814175,39.5524927],[-74.6815997,39.5526199],[-74.6818059,39.552764],[-74.6828591,39.5534996],[-74.6828902,39.5535213],[-74.6833443,39.5538385],[-74.6836478,39.5540504],[-74.6851792,39.55512],[-74.686691,39.5561701],[-74.6874588,39.5567034],[-74.6879248,39.5570271],[-74.6882538,39.5572557],[-74.6920956,39.559924],[-74.692547,39.5602376],[-74.692868,39.5604605],[-74.6966268,39.5630712],[-74.6967096,39.5631287],[-74.6971537,39.563437],[-74.6974971,39.5636755],[-74.6991314,39.5648106],[-74.6996193,39.5651494],[-74.7013038,39.5663193],[-74.7017537,39.5666318],[-74.7020824,39.5668601],[-74.7058976,39.5695097],[-74.7063558,39.5698279],[-74.7066743,39.5700491],[-74.7138143,39.5750074],[-74.714088,39.5751975],[-74.7145225,39.5754911],[-74.7147957,39.5756466],[-74.7148712,39.5756896],[-74.7153808,39.5759501]],[[-74.574498,39.477963],[-74.5749052,39.4782409],[-74.5752235,39.4784395],[-74.5755728,39.4786568],[-74.5757779,39.4787816],[-74.5759875,39.4789091]],[[-74.5409559,39.4561269],[-74.5395933,39.4546369],[-74.5393277,39.4543612],[-74.5389451,39.4539638],[-74.5381195,39.4531066],[-74.5376098,39.4526468],[-74.5369983,39.4520876],[-74.5366443,39.4517728],[-74.5363445,39.451518],[-74.5356149,39.4509712],[-74.5355227,39.4509033],[-74.5351726,39.4506455],[-74.5349229,39.4504617],[-74.5348014,39.4503792],[-74.5342112,39.4499782],[-74.5338717,39.4497477],[-74.533577,39.4495475],[-74.5328335,39.4490424],[-74.5326241,39.4488968],[-74.531452,39.448082],[-74.531139,39.447864],[-74.5307419,39.4475737],[-74.5304753,39.4473787],[-74.5304632,39.4473699],[-74.530186,39.4471777],[-74.5298569,39.4469495],[-74.5297282,39.4468603],[-74.5295434,39.4467322],[-74.5289829,39.4463437],[-74.5289474,39.4463191],[-74.5287735,39.4461985],[-74.5282503,39.4458358],[-74.5278772,39.4455943],[-74.5277073,39.4454844],[-74.5275467,39.4453804],[-74.5274156,39.4452956],[-74.5272167,39.4451679],[-74.5263949,39.444579],[-74.5259344,39.4442605],[-74.5254461,39.4439381],[-74.5252717,39.443823],[-74.5249922,39.4436386],[-74.5244799,39.4433066],[-74.5243644,39.4432274],[-74.5241314,39.4430641],[-74.5236135,39.4427012],[-74.5230721,39.4423246],[-74.5219203,39.4415234],[-74.5213269,39.4411106],[-74.5206443,39.4406471],[-74.5205765,39.4405994],[-74.5202884,39.4403967],[-74.5198432,39.440098],[-74.5193522,39.4397615],[-74.5190758,39.4395559],[-74.5188561,39.4393844],[-74.518663,39.4392054],[-74.5185244,39.4390676],[-74.5183744,39.4388997],[-74.5182603,39.4387613],[-74.5181512,39.4386154],[-74.5180616,39.4384832],[-74.517934,39.4382802],[-74.5178712,39.4381565],[-74.5177449,39.4378759],[-74.5176333,39.4375844],[-74.5175816,39.4374175],[-74.5174966,39.4371969],[-74.5173724,39.4368805],[-74.517221,39.4365928],[-74.5171238,39.4364423],[-74.5168109,39.4360411],[-74.5166461,39.4358528],[-74.5164272,39.4356356],[-74.5160827,39.4353456],[-74.5156271,39.4350243],[-74.5152969,39.4347923],[-74.5150399,39.4346111],[-74.5147274,39.4343942],[-74.5145284,39.4342562],[-74.5142683,39.4340759],[-74.5141469,39.4339891],[-74.5139733,39.4338649],[-74.5136123,39.4336066],[-74.5134965,39.4335237],[-74.513038,39.4332038],[-74.5128591,39.4330791],[-74.5127098,39.4329749],[-74.51216,39.4325949],[-74.5119924,39.4324696],[-74.511543,39.4321685],[-74.5112405,39.4319696],[-74.5111039,39.431879],[-74.5107117,39.4315873],[-74.5104884,39.4314307],[-74.5103281,39.4313184],[-74.5100871,39.4311546],[-74.5100255,39.4311127],[-74.5098454,39.4309829],[-74.5095655,39.4307867],[-74.5089774,39.4303799],[-74.5087127,39.4301926],[-74.5084944,39.4300365],[-74.5081301,39.4297806],[-74.5079431,39.4296481],[-74.5076511,39.4294413],[-74.5071883,39.4291135],[-74.5068306,39.428853],[-74.5065335,39.4286424],[-74.506222,39.4284326],[-74.5060059,39.428287],[-74.5056712,39.428062],[-74.5055366,39.4279739],[-74.5054497,39.4279135],[-74.5051953,39.4277389],[-74.5049909,39.427606],[-74.5046133,39.4273408],[-74.5042088,39.4270357],[-74.5039005,39.4267764],[-74.5037811,39.426668],[-74.503643,39.4265425],[-74.5035536,39.4264613],[-74.5033499,39.4262763],[-74.5031951,39.4261356],[-74.502862,39.4258397],[-74.5025483,39.4255844],[-74.5022084,39.4253083],[-74.502066,39.4251926],[-74.501567,39.4247874],[-74.5014261,39.4246756],[-74.5012428,39.4245303],[-74.5008172,39.424194],[-74.5007494,39.4241404],[-74.50036,39.4237721],[-74.5001571,39.4235706],[-74.500022,39.4234365],[-74.4998649,39.4232477],[-74.4997424,39.4231049],[-74.4996084,39.4229266],[-74.4994999,39.4227862],[-74.4994689,39.4227483],[-74.4994174,39.4226808],[-74.4992176,39.4224122],[-74.4984065,39.4213467],[-74.4977947,39.4205452],[-74.4977117,39.4204412],[-74.4976318,39.4203435],[-74.4975349,39.4202359],[-74.4974671,39.4201669],[-74.4973934,39.4200921],[-74.4973485,39.4200505],[-74.4972386,39.4199538],[-74.4971143,39.4198577],[-74.4969876,39.4197672],[-74.4968972,39.4197039],[-74.4967941,39.4196375],[-74.4966689,39.419563],[-74.4965405,39.4194919],[-74.4964143,39.4194295],[-74.4962444,39.4193536],[-74.4960942,39.4192937],[-74.4959418,39.4192344],[-74.4957232,39.4191561],[-74.494532,39.41873],[-74.494287,39.4186421],[-74.4937048,39.4184288],[-74.4935344,39.4183634],[-74.4934146,39.4183131],[-74.4932865,39.4182561],[-74.4931107,39.4181717],[-74.4929479,39.4180777],[-74.4928041,39.4179863],[-74.4926561,39.4178864],[-74.4925097,39.4177782],[-74.4923659,39.4176594],[-74.4922476,39.4175468],[-74.4921216,39.4174175],[-74.4920149,39.4172919],[-74.4919122,39.4171621],[-74.4918194,39.4170348],[-74.4917474,39.416919],[-74.4916736,39.4167876],[-74.4916109,39.4166655],[-74.4915554,39.4165368],[-74.4914999,39.4163897],[-74.4914548,39.4162417],[-74.4914251,39.4161144],[-74.491395,39.4159551],[-74.4913773,39.4158163],[-74.4913696,39.4156439],[-74.4913711,39.4154839],[-74.4913919,39.4151298],[-74.4913977,39.4150531],[-74.4914073,39.414907],[-74.4914257,39.4146448],[-74.49145,39.4143029],[-74.4917375,39.4099314],[-74.4917795,39.4093194],[-74.4918136,39.4088159],[-74.4918852,39.4076778],[-74.4918882,39.4076144],[-74.4918901,39.4075749],[-74.4921349,39.4039888],[-74.4921531,39.40374],[-74.4921987,39.4029814],[-74.4922173,39.402754],[-74.4922292,39.4025768],[-74.492246,39.4023244],[-74.4922676,39.4020022],[-74.4922877,39.4017154],[-74.4923631,39.4005846],[-74.4923741,39.4004076],[-74.4923901,39.4001921],[-74.4923954,39.4000995],[-74.4924244,39.399622],[-74.4924913,39.3986136],[-74.4924942,39.3985639],[-74.4924969,39.3985169],[-74.492577,39.3976396],[-74.4926005,39.3974198],[-74.4926186,39.3971963],[-74.492629,39.3969823],[-74.4926279,39.3967638],[-74.4926135,39.3965318],[-74.4925849,39.3963202],[-74.4925401,39.3961017],[-74.4924774,39.3958778],[-74.4924015,39.3956667],[-74.4923098,39.3954503],[-74.492206,39.395243],[-74.4920919,39.3950434],[-74.4919641,39.3948492],[-74.4918088,39.3946445],[-74.4916514,39.3944619],[-74.4914814,39.3942774],[-74.4907274,39.3935332],[-74.489306,39.3920862],[-74.4889579,39.3917259],[-74.4883172,39.3910654],[-74.4882306,39.3909785],[-74.4881455,39.3908971],[-74.4880493,39.3908138],[-74.4879555,39.3907376],[-74.4878559,39.3906614],[-74.4877572,39.3905898],[-74.4876477,39.390517],[-74.4875396,39.3904483],[-74.4874203,39.3903789],[-74.4873013,39.3903174],[-74.4871786,39.390256],[-74.4870627,39.3902024],[-74.4869355,39.3901483],[-74.4868145,39.3901013],[-74.4866851,39.3900543],[-74.4865563,39.3900112],[-74.4864186,39.3899698],[-74.4862907,39.3899355],[-74.4861503,39.3899029],[-74.4860189,39.3898762],[-74.4858746,39.3898495],[-74.4689038,39.3868104],[-74.4684542,39.3867299],[-74.4656863,39.3862341],[-74.4644221,39.3860073],[-74.4634825,39.3858395],[-74.463213,39.385786],[-74.4629392,39.385718],[-74.4626788,39.3856393],[-74.4624181,39.385551],[-74.4621628,39.3854455],[-74.4619167,39.3853341],[-74.4616804,39.3852115],[-74.4614567,39.3850811],[-74.4612416,39.384936],[-74.4610311,39.3847827],[-74.460839,39.384621],[-74.4606552,39.3844504],[-74.4604902,39.3842777],[-74.4603311,39.3840937],[-74.4601916,39.3839017],[-74.4600616,39.3837055],[-74.4599503,39.3835065],[-74.459475,39.3826344],[-74.4589119,39.381588],[-74.4585512,39.3809229],[-74.4583634,39.3805649],[-74.4582866,39.3804264],[-74.458221,39.3803173],[-74.4581464,39.3802017],[-74.458046,39.3800543],[-74.4579422,39.379921],[-74.4578494,39.3798107],[-74.4577205,39.3796693],[-74.4575947,39.3795417],[-74.4574162,39.3793749],[-74.4573889,39.3793493],[-74.4573395,39.3793008],[-74.4572656,39.3792342],[-74.4571999,39.3791746],[-74.4570485,39.3790653],[-74.4568263,39.378917],[-74.4566083,39.3787877],[-74.4563633,39.3786587],[-74.4561221,39.3785459],[-74.455869,39.3784413],[-74.4556261,39.3783547],[-74.4553764,39.3782772],[-74.4534802,39.3776961],[-74.453444,39.377685],[-74.4515622,39.3771045],[-74.4506692,39.3768282],[-74.450073,39.3766467],[-74.4489617,39.3763043],[-74.4479987,39.3760099],[-74.4443407,39.3748812],[-74.4442112,39.3748418],[-74.4436006,39.3746527],[-74.4435096,39.3746262],[-74.4430461,39.3744836],[-74.4425011,39.374285],[-74.4419653,39.374117],[-74.4417122,39.374039],[-74.4414495,39.3739628],[-74.4411747,39.3738856],[-74.4409051,39.3738111],[-74.4406388,39.373734],[-74.4403734,39.3736546],[-74.4397873,39.3734779],[-74.4396594,39.3734387],[-74.4388111,39.3731761],[-74.4366372,39.3725078],[-74.4326602,39.3712841],[-74.4314925,39.3709029],[-74.4309719,39.3707363],[-74.4307565,39.3706745],[-74.4305689,39.3706238],[-74.4303362,39.3705551],[-74.4301951,39.3705135],[-74.428745,39.3700541],[-74.4286042,39.3700108],[-74.4276205,39.3697141],[-74.4271316,39.3695644],[-74.4269664,39.3695135],[-74.42687,39.3694873],[-74.4267904,39.3694702],[-74.4267246,39.3694594],[-74.4266609,39.369452],[-74.4266058,39.3694467]],[[-74.4267023,39.369596],[-74.426756,39.3696055],[-74.4268086,39.3696192],[-74.4268632,39.3696349],[-74.4269865,39.3696734],[-74.4287504,39.3702235],[-74.4288693,39.3702603],[-74.4294796,39.3704467],[-74.43009,39.3706331],[-74.430127,39.3706437],[-74.4306987,39.3708103],[-74.430872,39.3708588],[-74.4310195,39.3709037],[-74.4316877,39.3711079],[-74.4319982,39.3712174],[-74.4331643,39.3715632],[-74.4358187,39.3723776],[-74.4360812,39.3724591],[-74.4363159,39.3725373],[-74.4364981,39.3725992],[-74.4367667,39.3727001],[-74.4370623,39.3728158],[-74.4373204,39.3729163],[-74.4375709,39.3730149],[-74.4378316,39.373113],[-74.4380891,39.3732075],[-74.4383475,39.3733009],[-74.4386093,39.37339],[-74.4388773,39.3734795],[-74.4392238,39.3735904],[-74.4395235,39.3736843],[-74.43966,39.3737271],[-74.4399013,39.3738011],[-74.4401651,39.3738792],[-74.4404401,39.3739595],[-74.4407054,39.3740364],[-74.4409749,39.3741081],[-74.4412498,39.3741777],[-74.4415213,39.3742437],[-74.4417884,39.3743062],[-74.4423379,39.3744326],[-74.4426114,39.3744986],[-74.4428837,39.3745671],[-74.4431513,39.3746412],[-74.4434538,39.3747322],[-74.4441398,39.3749452],[-74.4479476,39.3761142],[-74.4500206,39.3767518],[-74.4506108,39.3769341],[-74.4515099,39.3772118],[-74.4515566,39.3772261],[-74.4534266,39.3777999],[-74.4552923,39.3783725],[-74.4554827,39.3784347],[-74.4557361,39.3785215],[-74.4559883,39.3786201],[-74.456232,39.3787311],[-74.4564785,39.3788583],[-74.4567074,39.3789909],[-74.4568348,39.3790718],[-74.4569492,39.3791511],[-74.4570478,39.3792248],[-74.4570966,39.3792602],[-74.457163,39.3793145],[-74.4572423,39.3793754],[-74.4572971,39.3794183],[-74.4574221,39.3795258],[-74.4575205,39.379622],[-74.4576297,39.3797372],[-74.4577606,39.3798783],[-74.457914,39.3800649],[-74.4579966,39.3801757],[-74.4580563,39.3802558],[-74.4581808,39.3804578],[-74.4582957,39.3806608],[-74.458407,39.3808676],[-74.4588112,39.3816187],[-74.4593778,39.3826656],[-74.459862,39.3835555],[-74.4599774,39.3837564],[-74.4601129,39.3839611],[-74.4602539,39.3841527],[-74.4604114,39.3843369],[-74.4605818,39.384512],[-74.4607676,39.3846846],[-74.4609631,39.3848471],[-74.4611736,39.3850022],[-74.461393,39.385147],[-74.4616246,39.3852831],[-74.4618612,39.3854055],[-74.4621082,39.3855203],[-74.4623685,39.3856239],[-74.4626258,39.3857116],[-74.4628943,39.3857939],[-74.4631621,39.385859],[-74.4634446,39.3859175],[-74.463717,39.3859666],[-74.4644056,39.3860902],[-74.4656644,39.3863162],[-74.4856678,39.3898989],[-74.4859438,39.3899498],[-74.4860844,39.3899769],[-74.4862236,39.3900089],[-74.4863584,39.3900435],[-74.4864904,39.3900809],[-74.4866234,39.3901249],[-74.4867481,39.3901689],[-74.4868808,39.3902217],[-74.4870043,39.3902732],[-74.4871296,39.3903312],[-74.487248,39.3903893],[-74.4873665,39.3904535],[-74.4874764,39.3905178],[-74.4875911,39.3905903],[-74.4876988,39.3906627],[-74.487802,39.3907381],[-74.4878989,39.3908134],[-74.4880026,39.3908971],[-74.4880949,39.3909808],[-74.4881815,39.3910658],[-74.4882681,39.3911509],[-74.488886,39.3917904],[-74.4892312,39.3921509],[-74.4905346,39.393487],[-74.4913047,39.3942843],[-74.4914736,39.3944651],[-74.4916275,39.3946478],[-74.4917775,39.3948326],[-74.4919108,39.3950271],[-74.4920297,39.3952234],[-74.4921415,39.3954272],[-74.4922315,39.395628],[-74.4923121,39.3958473],[-74.4923751,39.3960564],[-74.4924244,39.3962793],[-74.4924564,39.3964966],[-74.4924767,39.396716],[-74.4924819,39.3969334],[-74.4924768,39.3971608],[-74.4924638,39.3973772],[-74.4923957,39.3985146],[-74.4923925,39.3985662],[-74.4923896,39.3986112],[-74.4923199,39.3995947],[-74.4922896,39.4000563],[-74.4919044,39.4057741],[-74.4918708,39.4062728],[-74.4917839,39.4075744],[-74.4917814,39.4076255],[-74.4917789,39.4076765],[-74.4916756,39.4092828],[-74.4916342,39.4098971],[-74.4912949,39.4150495],[-74.4912882,39.415128],[-74.4912655,39.4154875],[-74.491264,39.4156427],[-74.4912705,39.4158075],[-74.4912915,39.415985],[-74.4913224,39.4161509],[-74.4913677,39.4163201],[-74.4914243,39.416492],[-74.4914961,39.4166683],[-74.491588,39.4168468],[-74.4916779,39.4170008],[-74.4917858,39.4171569],[-74.4918821,39.4172857],[-74.4920012,39.4174304],[-74.4921337,39.4175701],[-74.49233,39.417754],[-74.4924649,39.4178617],[-74.4926187,39.4179737],[-74.492787,39.4180864],[-74.4929634,39.4181904],[-74.4931066,39.4182678],[-74.4932837,39.418351],[-74.4934553,39.4184265],[-74.4936489,39.4185027],[-74.493815,39.4185634],[-74.4941859,39.4186976],[-74.4944559,39.418797],[-74.495442,39.419159],[-74.4957347,39.4192654],[-74.4959204,39.4193353],[-74.4960967,39.4194031],[-74.4962759,39.4194821],[-74.4964584,39.4195695],[-74.4966273,39.4196662],[-74.4967577,39.4197433],[-74.4968685,39.419813],[-74.4969627,39.4198789],[-74.4970531,39.4199448],[-74.4971287,39.4200087],[-74.4972035,39.4200727],[-74.4972739,39.4201388],[-74.4973839,39.4202473],[-74.4974942,39.4203659],[-74.4975891,39.4204717],[-74.4976796,39.4205869],[-74.4984477,39.4215889],[-74.4988242,39.4221123],[-74.4992925,39.4227339],[-74.4994292,39.4229139],[-74.4994651,39.4229624],[-74.4997134,39.4232661],[-74.4998373,39.4233991],[-74.4999946,39.4235783],[-74.5000776,39.4236615],[-74.500624,39.4241915],[-74.5006786,39.424244],[-74.50137,39.4248041],[-74.501912,39.4252295],[-74.5021031,39.4253826],[-74.5023176,39.4255532],[-74.5026099,39.4257916],[-74.5028618,39.426006],[-74.5031454,39.426255],[-74.5038515,39.4268946],[-74.5039595,39.4269877],[-74.5041177,39.4271206],[-74.50424,39.427223],[-74.50435,39.4273153],[-74.5046823,39.4275495],[-74.5049472,39.4277362],[-74.5053899,39.4280481],[-74.5054742,39.4281077],[-74.5055977,39.4281924],[-74.5059257,39.4284181],[-74.5063118,39.4286838],[-74.5069632,39.4291321],[-74.5076123,39.4295718],[-74.508102,39.4299035],[-74.5085713,39.4302468],[-74.5089794,39.4305257],[-74.5105403,39.4316186],[-74.510928,39.4318892],[-74.511087,39.4319986],[-74.5114832,39.4322709],[-74.5116865,39.4324109],[-74.5126061,39.4330513],[-74.5140957,39.4340676],[-74.5143136,39.4342192],[-74.5155778,39.4351102],[-74.5160028,39.4354139],[-74.5163516,39.4357144],[-74.5165387,39.4358919],[-74.516652,39.4360066],[-74.5167355,39.4361055],[-74.516906,39.4363276],[-74.5170964,39.4366173],[-74.5171806,39.4367847],[-74.5173376,39.4371251],[-74.5173595,39.4371804],[-74.5175228,39.4376069],[-74.517643,39.4379033],[-74.5177678,39.4381888],[-74.5178489,39.4383406],[-74.5179642,39.4385325],[-74.5181154,39.4387468],[-74.518251,39.4389236],[-74.5183963,39.4391003],[-74.5185723,39.4392839],[-74.5187547,39.4394467],[-74.5189458,39.4396058],[-74.518993,39.4396452],[-74.519218,39.4397991],[-74.5194892,39.4399846],[-74.5196205,39.4400744],[-74.5197983,39.440196],[-74.5205716,39.4407249],[-74.5208954,39.4409483],[-74.5212318,39.4411805],[-74.5228217,39.4423196],[-74.5234961,39.4428028],[-74.5240807,39.4431989],[-74.5242817,39.4433351],[-74.5248939,39.4437499],[-74.5258411,39.4443541],[-74.5260883,39.444516],[-74.5263997,39.4447199],[-74.5265257,39.4448043],[-74.5271198,39.4452152],[-74.5276211,39.4455619],[-74.5281519,39.4459216],[-74.5289895,39.4464932],[-74.5290649,39.4465446],[-74.529143,39.4465979],[-74.5305058,39.4475278],[-74.5317906,39.4484603],[-74.5327173,39.4491328],[-74.5331279,39.4494229],[-74.5337894,39.4498729],[-74.5346275,39.450443],[-74.5346388,39.4504507],[-74.5350561,39.4507221],[-74.5354964,39.4510734],[-74.5360054,39.4515051],[-74.5363249,39.4517432],[-74.5364395,39.45185],[-74.536786,39.4521143],[-74.5369683,39.4522686],[-74.5370658,39.452348],[-74.5376241,39.4528063],[-74.5379676,39.4531113],[-74.5382154,39.4533339],[-74.5384717,39.4535808],[-74.5387448,39.4538774],[-74.5390674,39.4542158],[-74.5395652,39.4547333],[-74.5399712,39.4551711],[-74.5403635,39.4556272],[-74.5409559,39.4561269],[-74.5412879,39.4564726],[-74.5421537,39.4573765],[-74.542692,39.45793],[-74.543023,39.4582773],[-74.5431931,39.4584651],[-74.543383,39.458648],[-74.5438628,39.459144],[-74.54425,39.459522],[-74.544596,39.45985],[-74.5448592,39.4600724],[-74.544945,39.4601449],[-74.5452883,39.460381],[-74.5456714,39.4606056],[-74.5459964,39.4607703],[-74.5464753,39.460957],[-74.546696,39.461043],[-74.546984,39.461154],[-74.547051,39.4611821],[-74.548584,39.461826],[-74.5495914,39.4622139],[-74.5501829,39.4624537],[-74.550561,39.462607],[-74.551537,39.463023],[-74.552517,39.463423],[-74.55323,39.463722],[-74.553496,39.463846],[-74.554237,39.464162],[-74.5544478,39.4642577],[-74.555111,39.464613],[-74.5553121,39.4647314],[-74.5554295,39.464803],[-74.5563553,39.4654471],[-74.556764,39.465716],[-74.557249,39.466053],[-74.5582075,39.4667206],[-74.55845,39.46688],[-74.5609621,39.468632],[-74.562009,39.469371],[-74.562255,39.469544],[-74.5624636,39.4696911],[-74.562516,39.469728],[-74.562868,39.469976],[-74.5634075,39.470356],[-74.563673,39.470543],[-74.564401,39.471056],[-74.5649647,39.4714548],[-74.5651148,39.471561],[-74.565201,39.471622],[-74.565422,39.4717752],[-74.565993,39.472171],[-74.56601,39.472184],[-74.566496,39.472526],[-74.566981,39.472869],[-74.567672,39.4733587],[-74.5683189,39.4738116],[-74.5690303,39.4743096],[-74.5700866,39.475049],[-74.570701,39.475479],[-74.5719047,39.4763234],[-74.57253,39.476762],[-74.572611,39.4768161],[-74.5728025,39.476944],[-74.573159,39.477182],[-74.5736174,39.4774554],[-74.574071,39.477726],[-74.574498,39.477963],[-74.5749781,39.4782221],[-74.5752854,39.4784116],[-74.5756514,39.4786471],[-74.5759875,39.4789091],[-74.576168,39.4790351],[-74.5768575,39.4795164],[-74.5769642,39.4795909],[-74.5770358,39.4796409],[-74.5773049,39.4798287],[-74.578884,39.480931],[-74.581144,39.4824847],[-74.5816504,39.4828611],[-74.584315,39.484726],[-74.585144,39.485297],[-74.586369,39.486149],[-74.58815,39.487398],[-74.5884536,39.4876096],[-74.591362,39.489636],[-74.5921756,39.4901924],[-74.5924986,39.4904132],[-74.592589,39.490475],[-74.593618,39.491192],[-74.5958605,39.4927523],[-74.5976209,39.4939772],[-74.597898,39.49417],[-74.598243,39.4944101],[-74.5989843,39.494926],[-74.5992794,39.4951314],[-74.5997745,39.4954759],[-74.6001936,39.4957676],[-74.600733,39.496143],[-74.6020026,39.4970335],[-74.602816,39.497604],[-74.603845,39.498323],[-74.604089,39.498489],[-74.6043616,39.4986748],[-74.604557,39.498808],[-74.604985,39.499113],[-74.605752,39.499643],[-74.6062657,39.4999853],[-74.6064268,39.5000942],[-74.60664,39.500241],[-74.60682,39.5003649],[-74.607006,39.500493],[-74.607913,39.501132],[-74.6079533,39.5011592],[-74.608262,39.501368],[-74.6087222,39.5016902],[-74.6090915,39.5019486],[-74.6093655,39.5021404],[-74.6098132,39.5024537],[-74.610095,39.502651],[-74.6116313,39.503708],[-74.612207,39.504104],[-74.613177,39.504778],[-74.613493,39.504997],[-74.6142318,39.505518],[-74.615532,39.506435],[-74.6158505,39.5066623],[-74.616321,39.506998],[-74.6166405,39.5072198],[-74.6169166,39.5074113],[-74.617442,39.507776],[-74.6176917,39.5079485],[-74.6197776,39.5093895],[-74.6202428,39.5097109],[-74.6205849,39.5099472],[-74.620893,39.51016],[-74.6214301,39.5105397],[-74.6219111,39.5108798],[-74.622579,39.511352],[-74.623454,39.511946],[-74.623943,39.512288],[-74.6239856,39.5123188],[-74.6241586,39.5124435],[-74.624471,39.512669],[-74.6248357,39.5129225],[-74.6255471,39.513417],[-74.6258225,39.5136085],[-74.6260991,39.5138008],[-74.627243,39.514596],[-74.628818,39.515702],[-74.6310012,39.517214],[-74.6312952,39.5174175],[-74.632233,39.518067],[-74.63294,39.518579],[-74.6340219,39.5193377],[-74.6343229,39.5195488],[-74.634962,39.519997],[-74.635035,39.520056],[-74.636832,39.521292],[-74.6379352,39.5220623],[-74.638494,39.522448],[-74.639016,39.52281],[-74.6394414,39.5231122],[-74.639548,39.523188],[-74.640076,39.523547],[-74.640506,39.523847],[-74.6406024,39.5239141],[-74.641131,39.524282],[-74.641496,39.524528],[-74.641674,39.524647],[-74.641965,39.524855],[-74.642245,39.525049],[-74.642807,39.525441],[-74.643016,39.525586],[-74.643317,39.525813],[-74.6435125,39.525948],[-74.6436967,39.5260752],[-74.64385,39.526181],[-74.644366,39.526546],[-74.644908,39.52692],[-74.645146,39.527079],[-74.645435,39.527284],[-74.645967,39.527651],[-74.6464998,39.5280135],[-74.647014,39.528389],[-74.647574,39.528783],[-74.648161,39.529183],[-74.6486892,39.5295416],[-74.649209,39.529912],[-74.649741,39.530286],[-74.650271,39.530641],[-74.650792,39.531011],[-74.651332,39.531384],[-74.651856,39.531748],[-74.652377,39.532115],[-74.652599,39.532262],[-74.652919,39.532494],[-74.653232,39.532703],[-74.653964,39.53322],[-74.654099,39.5333152],[-74.655009,39.533957],[-74.6552198,39.5341025],[-74.6554631,39.5342704],[-74.6557721,39.5344836],[-74.6564119,39.534925],[-74.6565143,39.5349957],[-74.6567275,39.5351428],[-74.6574659,39.5356523],[-74.6578775,39.5359363],[-74.6581541,39.5361271],[-74.6581922,39.5361534],[-74.6588093,39.5365932],[-74.6589091,39.5366552],[-74.659949,39.537375],[-74.6604447,39.5377181],[-74.6612807,39.5382967],[-74.662198,39.5389131],[-74.6642148,39.5403152],[-74.6645406,39.5405418],[-74.6675356,39.5426239],[-74.6684574,39.5432612],[-74.6691481,39.5437387],[-74.6695549,39.5440199],[-74.6738066,39.5469591],[-74.6747299,39.5476085],[-74.6755991,39.5482134],[-74.6773723,39.5494476],[-74.6792381,39.5507462],[-74.6797707,39.5511169],[-74.680179,39.5514011],[-74.6837963,39.5539187],[-74.6842973,39.5542623],[-74.6843693,39.5543175],[-74.6846819,39.554535],[-74.6850418,39.5547855],[-74.6871687,39.5562657],[-74.6884036,39.5571251],[-74.688964,39.5575151],[-74.6893822,39.5578061],[-74.6930112,39.5603316],[-74.6939972,39.5610178],[-74.6953879,39.5619856],[-74.6957043,39.5622057],[-74.695869,39.5623203],[-74.6975949,39.5635213],[-74.6986862,39.5642807],[-74.6990449,39.5645304],[-74.7022242,39.5667426],[-74.7030982,39.5673508],[-74.7068117,39.5699347],[-74.7071205,39.5701495],[-74.7077053,39.5705564],[-74.7080112,39.5707692],[-74.7136803,39.5747138],[-74.7143884,39.5752017],[-74.714882,39.5755697],[-74.7153808,39.5759501],[-74.716645,39.576754],[-74.717945,39.577629],[-74.719314,39.578586],[-74.7218519,39.5803504],[-74.722641,39.580899],[-74.723435,39.581451],[-74.725973,39.583205],[-74.7271668,39.5840431],[-74.727567,39.584324],[-74.7277655,39.5844614],[-74.7279622,39.5845976],[-74.728899,39.585246],[-74.730307,39.586221],[-74.731425,39.587013],[-74.732065,39.587454],[-74.732324,39.587632],[-74.732513,39.587763],[-74.733197,39.588234],[-74.734033,39.588809],[-74.735311,39.58969],[-74.739101,39.592325],[-74.739463,39.592573],[-74.7396361,39.592694],[-74.739742,39.592768],[-74.7399636,39.5929233],[-74.742565,39.594746],[-74.747363,39.598077],[-74.748336,39.598753],[-74.749808,39.599787],[-74.750508,39.600273],[-74.7505461,39.6003],[-74.75081,39.600487],[-74.7511793,39.600743],[-74.752486,39.601649],[-74.753099,39.602073],[-74.753729,39.602508],[-74.754106,39.60278],[-74.757094,39.604856],[-74.759884,39.606791],[-74.760701,39.607358],[-74.7612249,39.6077217],[-74.76179,39.608114],[-74.7619138,39.6081996],[-74.7637524,39.6094702],[-74.764319,39.6098618],[-74.7647585,39.6101655],[-74.7651009,39.6104021],[-74.765299,39.610539],[-74.7654466,39.6106487],[-74.7657217,39.6108411],[-74.7659592,39.6110073],[-74.7662541,39.6112136],[-74.7667395,39.6115531],[-74.7671178,39.6118178],[-74.767607,39.61216],[-74.768762,39.612972],[-74.7688157,39.6130098],[-74.7691397,39.6132378],[-74.769265,39.613326],[-74.7694384,39.613445],[-74.7699501,39.6137962],[-74.7705147,39.6141838],[-74.771472,39.614841],[-74.771811,39.615083],[-74.772537,39.615821],[-74.772708,39.616023],[-74.773155,39.61657],[-74.773551,39.617207],[-74.773817,39.617737],[-74.773881,39.617865],[-74.77399,39.618111],[-74.7740695,39.6183566],[-74.774133,39.618553],[-74.774247,39.618988],[-74.774346,39.619485],[-74.774401,39.620002],[-74.7744125,39.6204606],[-74.774415,39.62056],[-74.774405,39.620831],[-74.7744004,39.6208688],[-74.774339,39.621368],[-74.7743364,39.6213871],[-74.7742872,39.6217444],[-74.7741435,39.6227908],[-74.7741109,39.62306],[-74.7740913,39.623222],[-74.774005,39.623936],[-74.7739299,39.6244561],[-74.7738812,39.6247936],[-74.773869,39.624878],[-74.7738547,39.6249429],[-74.773785,39.625259],[-74.7737286,39.6254715],[-74.773661,39.625726],[-74.773548,39.626085],[-74.7734434,39.6263142],[-74.773333,39.626556],[-74.7732509,39.6267247],[-74.77319,39.62685],[-74.773032,39.627113],[-74.7729788,39.6272018],[-74.772872,39.62738],[-74.7728281,39.627451],[-74.7727581,39.6275641],[-74.7727213,39.6276236],[-74.7726832,39.6276836],[-74.7725024,39.6279841],[-74.7724554,39.6280621],[-74.7721631,39.6285344],[-74.772146,39.628562],[-74.771871,39.629007],[-74.771813,39.629103],[-74.7717117,39.6292716],[-74.7714097,39.629774],[-74.771316,39.62993],[-74.7712749,39.6300499],[-74.771168,39.630362],[-74.77112,39.630635],[-74.771119,39.630898],[-74.771151,39.631123],[-74.77122,39.63141],[-74.771257,39.631503],[-74.771376,39.631807],[-74.771423,39.631885],[-74.771577,39.632096],[-74.772007,39.632637],[-74.772255,39.632936],[-74.77239,39.633073],[-74.7726251,39.6333115],[-74.772806,39.633495],[-74.7729335,39.6336305],[-74.7737658,39.6345151],[-74.773983,39.634746],[-74.7742775,39.635052],[-74.775054,39.635859],[-74.77609,39.636953],[-74.7761272,39.6369928],[-74.7763627,39.6372445],[-74.776989,39.637914],[-74.7776496,39.6386145],[-74.7777105,39.6386783],[-74.777822,39.638795],[-74.7778658,39.6388413],[-74.7780293,39.6390139],[-74.7782926,39.6392919],[-74.7783716,39.6393753],[-74.778448,39.639456],[-74.7787182,39.6397365],[-74.778865,39.639889],[-74.779234,39.640271],[-74.779919,39.640994],[-74.7803581,39.6414528],[-74.7809987,39.6421282],[-74.781389,39.64253],[-74.7816222,39.6427753],[-74.7817599,39.6429219],[-74.7819561,39.6430861],[-74.781999,39.643122],[-74.7822318,39.6433096],[-74.7823185,39.6433795],[-74.7824409,39.6434682],[-74.7826057,39.6435876],[-74.7826146,39.6435936],[-74.782842,39.6437471],[-74.7831128,39.6439327],[-74.7832882,39.644046],[-74.7837114,39.6443195],[-74.784087,39.6445622],[-74.7844761,39.6448136],[-74.7845539,39.6448639],[-74.7847002,39.6449626],[-74.7849269,39.6451157],[-74.7850983,39.6452314],[-74.7860297,39.64586],[-74.7863008,39.6460326],[-74.7870962,39.6465298],[-74.7872606,39.6466325],[-74.7873332,39.6466779],[-74.787661,39.646875],[-74.7878307,39.6469855],[-74.7880826,39.6471496],[-74.7882404,39.647255],[-74.7883677,39.647338],[-74.7886246,39.6475083],[-74.7892113,39.6478953],[-74.7894367,39.6480398],[-74.7896515,39.6481817],[-74.7898854,39.6483362],[-74.7900139,39.6484211],[-74.7900798,39.6484689],[-74.7901418,39.6485063],[-74.7903102,39.6486079],[-74.7904856,39.6487158],[-74.7905471,39.6487537],[-74.790624,39.648801],[-74.7909693,39.6490223],[-74.7912423,39.6491972],[-74.7912814,39.6492223],[-74.7914008,39.6492988],[-74.7917669,39.6495333],[-74.791871,39.6496],[-74.7923079,39.6498811],[-74.7925325,39.6500257],[-74.7926664,39.6501119],[-74.7927498,39.6501655],[-74.792906,39.650266],[-74.7929766,39.650313],[-74.793143,39.6504239],[-74.7931636,39.6504377],[-74.7937187,39.6508076],[-74.794,39.650995],[-74.794428,39.65126],[-74.795123,39.651707],[-74.795549,39.6519872],[-74.7958158,39.6521627],[-74.79604,39.6523102],[-74.796479,39.652599],[-74.7967848,39.6527957],[-74.7972422,39.6530899],[-74.7973474,39.6531576],[-74.797533,39.653277],[-74.797612,39.653329],[-74.7978987,39.6535154],[-74.7980244,39.6535972],[-74.7993592,39.6544651],[-74.7996186,39.6546338],[-74.7997236,39.654702],[-74.8003514,39.6551095],[-74.8005569,39.655243],[-74.8007563,39.6553724],[-74.800848,39.655432],[-74.8010431,39.6555595],[-74.802329,39.6564],[-74.8024397,39.6564713],[-74.8028116,39.656711],[-74.804715,39.657938],[-74.8050258,39.6581403],[-74.8053216,39.658333],[-74.8055749,39.6584979],[-74.8062223,39.6589179],[-74.8063272,39.658986],[-74.8065497,39.6591303],[-74.8069074,39.6593624],[-74.807027,39.65944],[-74.807732,39.659891],[-74.8088803,39.6606438],[-74.809207,39.660858],[-74.8092907,39.6609103],[-74.809511,39.661048],[-74.8098758,39.6612842],[-74.8101792,39.6614807],[-74.810382,39.661612],[-74.8109561,39.6619826],[-74.811254,39.662175],[-74.8122663,39.6628309],[-74.8126183,39.663059],[-74.8127624,39.6631524],[-74.8129118,39.6632491],[-74.8130017,39.6633074],[-74.813193,39.6634314],[-74.813336,39.663524],[-74.8133787,39.6635518],[-74.813541,39.6636572],[-74.813886,39.6638813],[-74.8148537,39.6645098],[-74.815028,39.664623],[-74.8156398,39.6650204],[-74.8163053,39.6654527],[-74.816783,39.665763],[-74.8205287,39.6681884],[-74.82251,39.669482],[-74.8225669,39.669519],[-74.8230941,39.6698616],[-74.823184,39.66992],[-74.8238264,39.6703155],[-74.82398,39.67041],[-74.8247254,39.6710026],[-74.8248634,39.6711264],[-74.8252864,39.6715672],[-74.8253785,39.6716722],[-74.8256768,39.6720538],[-74.8257334,39.6721389],[-74.8258222,39.6722725],[-74.82598,39.672528],[-74.8261703,39.6728795],[-74.8263028,39.6731244],[-74.8274294,39.6752055],[-74.827955,39.676181],[-74.8279649,39.6762035],[-74.8280761,39.6764574],[-74.8281706,39.6766731],[-74.8282355,39.6768025],[-74.828356,39.677043],[-74.8286237,39.6775451],[-74.8287923,39.6778613],[-74.8289416,39.678161],[-74.8295046,39.6790601],[-74.8296534,39.6793312],[-74.8298812,39.6797462],[-74.8300727,39.6800951],[-74.8302284,39.6803788],[-74.830366,39.6806296],[-74.8305122,39.6808959],[-74.8305474,39.68096],[-74.8307922,39.681406],[-74.8315654,39.6828024],[-74.8316673,39.6829919],[-74.8317617,39.6831784],[-74.8319509,39.6835169],[-74.8322109,39.6839907],[-74.8331488,39.6857015],[-74.8331759,39.6857509],[-74.8336591,39.6866314],[-74.833846,39.686953],[-74.834174,39.687532],[-74.834219,39.687612],[-74.834437,39.687926],[-74.834651,39.688209],[-74.834776,39.688375],[-74.834964,39.688604],[-74.835208,39.68886],[-74.8355513,39.6892017],[-74.835634,39.689284],[-74.8358714,39.6894923],[-74.8360994,39.6896923],[-74.8363442,39.6899034],[-74.8365646,39.6901152],[-74.836695,39.690243],[-74.837768,39.691212],[-74.838224,39.691624],[-74.8388031,39.692163],[-74.8390826,39.6924232],[-74.840306,39.693562],[-74.8405403,39.6937892],[-74.8407779,39.6940196],[-74.8426044,39.6957904],[-74.843114,39.6962733],[-74.8439105,39.6969625],[-74.8442823,39.6972986],[-74.8446669,39.69766],[-74.8448737,39.6978523],[-74.8452102,39.6982156],[-74.8454905,39.6985682],[-74.845823,39.6989686],[-74.846041,39.699267],[-74.846251,39.69963],[-74.846261,39.699647],[-74.84661,39.700251],[-74.848141,39.703041],[-74.8491438,39.7049075],[-74.8494679,39.7055108],[-74.8500352,39.7065716],[-74.8501196,39.7067294],[-74.8502304,39.7069366],[-74.8505642,39.7075607],[-74.8506875,39.7077751],[-74.8507641,39.7079254],[-74.851326,39.708969],[-74.851362,39.709035],[-74.8520293,39.7102681],[-74.8520637,39.7103318],[-74.8523664,39.7108911],[-74.852531,39.7111953],[-74.8527957,39.7116844],[-74.8528955,39.7118687],[-74.8531228,39.7122887],[-74.8531706,39.7123771],[-74.85333,39.7126719],[-74.8536332,39.7132321],[-74.8537384,39.7134265],[-74.853811,39.7135606],[-74.8538916,39.7137096],[-74.8540127,39.7139333],[-74.8541206,39.7141326],[-74.8541542,39.7141946],[-74.8542697,39.7144081],[-74.8543063,39.7144757],[-74.854333,39.714525],[-74.8544251,39.7146897],[-74.8547504,39.7152711],[-74.8554,39.716432],[-74.855449,39.716507],[-74.8557,39.7169],[-74.856076,39.717432],[-74.856648,39.718197],[-74.8567085,39.7182767],[-74.8572378,39.7189631],[-74.858127,39.720146],[-74.858934,39.721209],[-74.8592296,39.7216254],[-74.8597432,39.7223488],[-74.859983,39.7226822],[-74.86009,39.722831],[-74.8601513,39.7229236],[-74.8603035,39.7231536],[-74.86036,39.723239],[-74.860557,39.723589],[-74.860885,39.724106],[-74.8612466,39.7246978],[-74.861424,39.724988],[-74.8615188,39.7251377],[-74.86207,39.726008],[-74.8623177,39.7263657],[-74.862347,39.726408],[-74.862581,39.726722],[-74.862958,39.727226],[-74.864006,39.728625],[-74.864669,39.729497],[-74.8648398,39.7297187],[-74.8652434,39.7302425],[-74.8652544,39.7302523],[-74.865374,39.730412],[-74.865572,39.730698],[-74.866046,39.731331],[-74.8663108,39.7316799],[-74.866729,39.732231],[-74.867405,39.73313],[-74.867578,39.733361],[-74.868589,39.734702],[-74.8688964,39.7351056],[-74.8691416,39.7354276],[-74.8693234,39.7356663],[-74.8695769,39.7360394],[-74.86985,39.736354],[-74.870199,39.736775],[-74.870769,39.737403],[-74.871571,39.738212],[-74.871893,39.7385991],[-74.872073,39.738808],[-74.872759,39.739624],[-74.8728675,39.7397544],[-74.8729821,39.7398939],[-74.873333,39.740314],[-74.873475,39.740485],[-74.8736131,39.7406528],[-74.873708,39.740768],[-74.8738104,39.7408924],[-74.8740304,39.7411594],[-74.874049,39.741182],[-74.874138,39.74129],[-74.874208,39.741375],[-74.874317,39.741507],[-74.874472,39.741698],[-74.8745266,39.7417642],[-74.8747291,39.7420097],[-74.874834,39.742137],[-74.8757446,39.7432413],[-74.8759115,39.7434378],[-74.876383,39.743993],[-74.8770139,39.7447412],[-74.877249,39.74502],[-74.8776058,39.7454516],[-74.8776214,39.7454705],[-74.877941,39.745857],[-74.8781837,39.7461524],[-74.878443,39.746468],[-74.8786362,39.7467032],[-74.878673,39.746748],[-74.8790081,39.7471558],[-74.8791575,39.7473377],[-74.879249,39.747449],[-74.879434,39.747708],[-74.879747,39.748178],[-74.879904,39.748415],[-74.880167,39.748877],[-74.88029,39.749127],[-74.880404,39.749358],[-74.880736,39.750188],[-74.8808159,39.7504452],[-74.8808903,39.7506846],[-74.880956,39.7508957],[-74.8809713,39.750945],[-74.881568,39.7528649],[-74.8817798,39.7535545],[-74.881935,39.75406],[-74.882326,39.755273],[-74.882698,39.756467],[-74.8827317,39.7565592],[-74.882827,39.75682],[-74.8828426,39.7568783],[-74.882931,39.757209],[-74.8829898,39.7574033],[-74.882993,39.757414],[-74.8831191,39.7578306],[-74.883171,39.758002],[-74.883261,39.758301],[-74.883315,39.75848],[-74.883393,39.758696],[-74.88353,39.759011],[-74.883642,39.759208],[-74.883778,39.759428],[-74.8839801,39.7596786],[-74.884199,39.75995],[-74.88457,39.760266],[-74.884741,39.760393],[-74.885108,39.760665],[-74.88598,39.761281],[-74.8864391,39.7616105],[-74.8867777,39.7618535],[-74.887113,39.7620776],[-74.8875996,39.7624028],[-74.888003,39.762679],[-74.888041,39.762705],[-74.888211,39.7628272],[-74.8883059,39.7628948],[-74.888897,39.76332],[-74.8904285,39.7644143],[-74.8909394,39.7647793],[-74.8914079,39.7651138],[-74.8920457,39.7655692],[-74.8923974,39.7658202],[-74.892542,39.765913],[-74.8928573,39.7661368],[-74.89354,39.766603],[-74.8938555,39.7668163],[-74.8940304,39.7669346],[-74.894244,39.767079],[-74.8943674,39.7671662],[-74.8946117,39.7673389],[-74.894916,39.767554],[-74.894995,39.7676086],[-74.895058,39.7676522],[-74.8951615,39.7677238],[-74.896075,39.7683557],[-74.8961036,39.7683755],[-74.8961914,39.7684362],[-74.8963481,39.7685446],[-74.896361,39.7685536],[-74.896661,39.768761],[-74.8970166,39.7690059],[-74.8973584,39.7692413],[-74.8976843,39.7694657],[-74.8979466,39.7696464],[-74.8981527,39.7697883],[-74.8983211,39.7699052],[-74.8988484,39.7702712],[-74.8996719,39.7708307],[-74.9004191,39.771347],[-74.9004667,39.7713797],[-74.9009126,39.7716863],[-74.9010032,39.7717485],[-74.901569,39.77214],[-74.902288,39.772639],[-74.9023831,39.7727047],[-74.9024323,39.7727387],[-74.9027859,39.7729833],[-74.9033554,39.7733771],[-74.9039038,39.7737639],[-74.9043148,39.7740537],[-74.904497,39.7741739],[-74.9048084,39.774381],[-74.9051796,39.774628],[-74.9059277,39.7751117],[-74.9067176,39.7756523],[-74.9071511,39.775949],[-74.9074839,39.7761767],[-74.9076203,39.7762715],[-74.9104193,39.7782162],[-74.9109883,39.7786014],[-74.9121972,39.7794562],[-74.9124035,39.7795974],[-74.9139871,39.7806811],[-74.9142549,39.7808812],[-74.915055,39.781479],[-74.9152946,39.7816449],[-74.9157797,39.7819808],[-74.9158968,39.7820619],[-74.9162955,39.7823379],[-74.9166939,39.7826138],[-74.9168504,39.7827205],[-74.9172466,39.7829908],[-74.917433,39.783118],[-74.9178827,39.7834281],[-74.9179959,39.7835062],[-74.918364,39.78376],[-74.919337,39.78443],[-74.919799,39.784748],[-74.9206747,39.7853517],[-74.9216342,39.7860137],[-74.9220425,39.7862949],[-74.922635,39.786703],[-74.9230175,39.7869668],[-74.9234604,39.7872723],[-74.923689,39.78743],[-74.923708,39.787442],[-74.9237898,39.7875029],[-74.9246213,39.7880858],[-74.924698,39.788139],[-74.9249046,39.7882824],[-74.9251869,39.7884784],[-74.9252238,39.788504],[-74.9252677,39.7885401],[-74.9253634,39.7886063],[-74.9254226,39.7886472],[-74.9257401,39.7888669],[-74.9260833,39.7891009],[-74.9265091,39.7893912],[-74.9266059,39.7894572],[-74.926681,39.7895091],[-74.9268867,39.7896511],[-74.9273179,39.7899489],[-74.9275421,39.7901037],[-74.928087,39.79048],[-74.928405,39.7906996],[-74.929273,39.7912967],[-74.929412,39.791398],[-74.9294563,39.7914319],[-74.9295752,39.7915544],[-74.929654,39.79166],[-74.929736,39.791773],[-74.92997,39.792153],[-74.929989,39.792179],[-74.9302438,39.7925698],[-74.9303473,39.7927285],[-74.930362,39.792751],[-74.9305889,39.7930992],[-74.9306156,39.7931404],[-74.930862,39.79352],[-74.9309698,39.7936891],[-74.9310461,39.7938088],[-74.9311074,39.7939051],[-74.9312829,39.7941805],[-74.931456,39.794452],[-74.931477,39.794484],[-74.9319499,39.7952373],[-74.9319637,39.7952592],[-74.931978,39.795282],[-74.9321236,39.7955046],[-74.9321664,39.79557],[-74.9322092,39.7956354],[-74.932223,39.7956564],[-74.9322857,39.7957387],[-74.9324521,39.7959573],[-74.9325713,39.7961139],[-74.9326403,39.7962045],[-74.9326988,39.7962813],[-74.9327939,39.7964062],[-74.9331095,39.7968873],[-74.9332957,39.797171],[-74.9333858,39.7973098],[-74.9336377,39.7975414],[-74.9339251,39.7977797],[-74.9343122,39.7981007],[-74.9346631,39.798417],[-74.934761,39.7985052],[-74.9352116,39.7989114],[-74.9354476,39.7991184],[-74.9355654,39.7992647]]]}},{"type":"Feature","geometry":{"type":"MultiLineString","coordinates":[[[-86.8048,33.5292],[-86.8005,33.5246],[-86.7993,33.5202],[-86.7902,33.5069],[-86.7891,33.497],[-86.787,33.4928],[-86.7872,33.4741],[-86.7791,33.47],[-86.7778,33.4685],[-86.7775,33.4668],[-86.7803,33.461],[-86.7861,33.456],[-86.7911,33.4462],[-86.791,33.4434],[-86.7884,33.4361],[-86.7894,33.43],[-86.8016,33.4187],[-86.8068,33.4107],[-86.8064,33.3831],[-86.796,33.3634],[-86.7953,33.3508],[-86.7961,33.3438],[-86.7922,33.3381],[-86.7916,33.3356],[-86.7935,33.3261],[-86.8119,33.2958],[-86.8104,33.2853],[-86.8118,33.2768],[-86.8096,33.2688],[-86.8147,33.2513],[-86.8095,33.2689],[-86.8116,33.2769],[-86.8102,33.2852],[-86.8117,33.2957],[-86.7933,33.326],[-86.7915,33.3355],[-86.7919,33.3379],[-86.7959,33.3439],[-86.7952,33.3501],[-86.7959,33.3636],[-86.8064,33.3837],[-86.8066,33.4108],[-86.8015,33.4186],[-86.789,33.4302],[-86.7882,33.4366],[-86.7908,33.4435],[-86.7909,33.4462],[-86.7856,33.4565],[-86.7802,33.461],[-86.7777,33.4655],[-86.7774,33.4672],[-86.7776,33.4683],[-86.7786,33.4698],[-86.7871,33.4743],[-86.7869,33.4929],[-86.789,33.4971],[-86.7901,33.507],[-86.7992,33.5205],[-86.8004,33.5247],[-86.8048,33.5292]],[[-86.879,34.9922],[-86.8805,34.9858],[-86.8792,34.981],[-86.8795,34.9786],[-86.8845,34.9708],[-86.8935,34.9497],[-86.8971,34.9341],[-86.9086,34.9161],[-86.9089,34.912],[-86.9059,34.9042],[-86.9061,34.9011],[-86.9167,34.8879],[-86.9281,34.8556],[-86.9371,34.8349],[-86.9371,34.8301],[-86.9414,34.8254],[-86.956,34.7922],[-86.9572,34.7681],[-86.957,34.7247],[-86.9553,34.6934],[-86.9496,34.6803],[-86.9509,34.6314],[-86.9521,34.6293],[-86.9588,34.6259],[-86.9771,34.6095],[-86.9768,34.6099],[-86.9786,34.6107]],[[-86.8205,33.5576],[-86.8187,33.5635],[-86.8161,33.5658],[-86.8064,33.5762],[-86.8053,33.5778],[-86.8048,33.5799],[-86.8049,33.5878],[-86.803,33.592],[-86.8052,33.5871],[-86.8051,33.5793],[-86.8056,33.5774],[-86.8188,33.5637],[-86.8205,33.5576],[-86.818,33.5518],[-86.8155,33.5458],[-86.8048,33.5292]],[[-86.8579,31.4338],[-86.8602,31.4338]],[[-86.8792,34.9923],[-86.8808,34.9857],[-86.8795,34.9812],[-86.8799,34.9782],[-86.8845,34.9712],[-86.8938,34.9496],[-86.8974,34.934],[-86.9089,34.9158],[-86.9091,34.9121],[-86.9061,34.904],[-86.9064,34.901],[-86.9171,34.8878],[-86.929,34.8538],[-86.9562,34.7921],[-86.9574,34.7672],[-86.9572,34.7242],[-86.9559,34.6939],[-86.9498,34.6803],[-86.9511,34.6314],[-86.9521,34.6294],[-86.9588,34.626],[-86.9768,34.6099]],[[-86.9771,34.6095],[-86.9799,34.607],[-86.9805,34.5836],[-86.9735,34.5732],[-86.9733,34.5655],[-86.9738,34.5329],[-86.9699,34.5219],[-86.9686,34.514],[-86.9694,34.5078],[-86.9635,34.4844],[-86.9583,34.4721],[-86.9476,34.4601],[-86.9465,34.4528],[-86.9393,34.4359],[-86.9263,34.4223],[-86.916,34.4044],[-86.9119,34.391],[-86.9119,34.3774],[-86.9085,34.3697],[-86.9055,34.3449],[-86.9018,34.3344],[-86.9006,34.3249],[-86.9017,34.3196],[-86.8995,34.3131],[-86.8986,34.2921],[-86.888,34.2753],[-86.8678,34.2442],[-86.8591,34.2237],[-86.8587,34.2037],[-86.8478,34.1816],[-86.8352,34.1608],[-86.8344,34.1552],[-86.833,34.1471],[-86.8231,34.1391],[-86.817,34.1326],[-86.8128,34.1192],[-86.8037,34.099],[-86.7953,34.0877],[-86.7788,34.0735],[-86.7714,34.0623],[-86.7615,34.0525],[-86.7565,34.0476],[-86.7476,34.0256],[-86.746,34.0205],[-86.7479,34.0167],[-86.7505,34.006],[-86.7516,33.9937],[-86.7537,33.9886],[-86.753,33.9839],[-86.7573,33.977],[-86.7585,33.9705],[-86.7623,33.963],[-86.7726,33.953],[-86.7752,33.9493],[-86.7826,33.944],[-86.7866,33.939],[-86.8208,33.9151],[-86.8354,33.9027],[-86.846,33.8928],[-86.8491,33.8862],[-86.8488,33.8833],[-86.8445,33.8828],[-86.8371,33.8738],[-86.8348,33.869],[-86.8289,33.8522],[-86.8276,33.8484],[-86.8276,33.8483],[-86.8274,33.8479],[-86.8273,33.8477],[-86.8281,33.8469],[-86.8282,33.8479],[-86.828,33.848],[-86.8274,33.8481],[-86.8262,33.8484],[-86.825,33.8482],[-86.8252,33.8443],[-86.8234,33.8434],[-86.8195,33.8434],[-86.8143,33.8396],[-86.8137,33.8351],[-86.8077,33.832],[-86.806,33.8287],[-86.8065,33.8243],[-86.8081,33.8207],[-86.8083,33.8137],[-86.8121,33.8099],[-86.8119,33.8068],[-86.8187,33.7993],[-86.823,33.7896],[-86.8234,33.7864],[-86.8142,33.7744],[-86.8128,33.7695],[-86.8143,33.7594],[-86.8135,33.7473],[-86.8141,33.7422],[-86.8174,33.7328],[-86.825,33.7202],[-86.8167,33.6987],[-86.8194,33.6913],[-86.8203,33.6815],[-86.8184,33.6727],[-86.8132,33.6618],[-86.8096,33.6507],[-86.8049,33.6277],[-86.7978,33.615],[-86.7969,33.6091],[-86.7989,33.6002],[-86.803,33.592]],[[-86.9733,34.5655],[-86.974,34.5328],[-86.9701,34.5219],[-86.9688,34.514],[-86.9696,34.5078],[-86.964,34.485],[-86.9586,34.472],[-86.9477,34.4598],[-86.9465,34.4525],[-86.9394,34.4356],[-86.9263,34.4219],[-86.9164,34.4049],[-86.9121,34.3911],[-86.912,34.3776],[-86.9087,34.3699],[-86.9058,34.3452],[-86.9018,34.3344]],[[-86.9006,34.3249],[-86.9019,34.3195],[-86.8995,34.3128],[-86.8986,34.2919],[-86.888,34.2753]],[[-86.8678,34.2442],[-86.8593,34.2239],[-86.8589,34.2037],[-86.8478,34.1816]],[[-86.8344,34.1552],[-86.8332,34.1471],[-86.8233,34.1391],[-86.8172,34.1326],[-86.8126,34.1183],[-86.8037,34.099]],[[-86.7615,34.0525],[-86.7565,34.0472],[-86.7476,34.0256]],[[-86.8262,33.8484],[-86.8264,33.8471],[-86.8271,33.8477],[-86.8272,33.8479],[-86.8273,33.8484],[-86.8274,33.8487],[-86.8343,33.8684],[-86.8361,33.8725],[-86.8394,33.8776],[-86.8466,33.8853],[-86.8474,33.889]],[[-86.823,33.7896],[-86.8235,33.7863],[-86.8143,33.7743],[-86.8129,33.7694],[-86.8145,33.7592],[-86.8137,33.747],[-86.8143,33.7421],[-86.8176,33.7328],[-86.8251,33.7203],[-86.8169,33.6991],[-86.8196,33.6914],[-86.8205,33.6814],[-86.8189,33.6734],[-86.8134,33.6617],[-86.8094,33.6494],[-86.8048,33.6269],[-86.798,33.615],[-86.7969,33.6091]],[[-86.818,33.5518],[-86.8155,33.5458]],[[-86.8147,33.2513],[-86.8166,33.2415],[-86.8138,33.236],[-86.8035,33.2282],[-86.7997,33.2222],[-86.7942,33.2176],[-86.7887,33.2151],[-86.7855,33.2115],[-86.7742,33.1987],[-86.7685,33.1949],[-86.7661,33.191],[-86.7607,33.181],[-86.7539,33.1593],[-86.7505,33.1537],[-86.7489,33.1464],[-86.7531,33.1214],[-86.7517,33.1165],[-86.7531,33.097],[-86.7492,33.0894],[-86.7491,33.0792],[-86.751,33.0683],[-86.7552,33.0594],[-86.7619,33.049],[-86.7625,33.0438],[-86.7613,33.0355],[-86.7651,33.0205],[-86.7641,33.0176],[-86.7598,33.0126],[-86.7573,32.9963],[-86.7524,32.9791],[-86.7343,32.9352],[-86.7127,32.9128],[-86.7072,32.9051],[-86.6654,32.8841],[-86.6602,32.8783],[-86.6477,32.8692],[-86.6341,32.8504],[-86.6335,32.8435],[-86.6272,32.8308],[-86.6247,32.8278],[-86.6078,32.8183],[-86.5936,32.8051],[-86.5745,32.8001],[-86.5654,32.7932],[-86.5584,32.7846],[-86.5499,32.7778],[-86.5402,32.7728],[-86.5325,32.7706],[-86.5165,32.7615],[-86.5117,32.7544],[-86.5047,32.7506],[-86.4917,32.7393],[-86.4848,32.7285],[-86.4839,32.7147],[-86.4921,32.7002],[-86.4929,32.697],[-86.491,32.6859],[-86.491,32.6692],[-86.4873,32.6478],[-86.4883,32.6287],[-86.4871,32.625],[-86.4796,32.6135],[-86.4666,32.6068],[-86.4644,32.6037],[-86.4642,32.5694],[-86.4579,32.5515],[-86.4552,32.5286],[-86.4572,32.5179],[-86.4565,32.5039],[-86.4537,32.4922],[-86.4534,32.4852],[-86.4519,32.4815],[-86.4518,32.472],[-86.4499,32.4587],[-86.4403,32.4488],[-86.4187,32.4331],[-86.413,32.4278],[-86.4057,32.4059],[-86.3802,32.3834],[-86.3752,32.3716],[-86.3793,32.3658],[-86.38,32.3603],[-86.369,32.3404],[-86.3649,32.336],[-86.3599,32.3328],[-86.3442,32.3288],[-86.3493,32.3185],[-86.3498,32.3103],[-86.3496,32.2857],[-86.3569,32.2716],[-86.3523,32.2609],[-86.3476,32.2532],[-86.3445,32.243],[-86.3487,32.2282],[-86.3495,32.2007],[-86.3515,32.1972],[-86.3593,32.1911],[-86.3648,32.1842],[-86.3741,32.1486],[-86.3792,32.1422],[-86.3836,32.1339],[-86.3957,32.1239],[-86.3976,32.1213],[-86.4065,32.0988],[-86.4072,32.0649],[-86.4156,32.0572],[-86.4273,32.0562],[-86.4418,32.0465],[-86.4495,32.038],[-86.4511,32.0336],[-86.4511,32.028],[-86.4539,32.0175],[-86.4612,32.0098],[-86.4742,32.0002],[-86.4793,31.9978],[-86.4903,31.9867],[-86.5009,31.9676],[-86.5166,31.95],[-86.5373,31.9302],[-86.5447,31.9175],[-86.5553,31.9058],[-86.5649,31.8836],[-86.5782,31.8677],[-86.5901,31.8418],[-86.605,31.8137],[-86.6349,31.783],[-86.6557,31.7697],[-86.6681,31.7542],[-86.6716,31.7453],[-86.6781,31.7363],[-86.681,31.7091],[-86.7023,31.6625],[-86.7054,31.6591],[-86.723,31.6487],[-86.7263,31.6455],[-86.7288,31.6411],[-86.731,31.6039],[-86.7324,31.5982],[-86.7345,31.5972],[-86.7344,31.5911],[-86.7407,31.5652],[-86.7378,31.5518],[-86.7266,31.538],[-86.7436,31.5248],[-86.75,31.5234],[-86.7525,31.5193],[-86.7632,31.5108],[-86.7654,31.508],[-86.7669,31.4974],[-86.7715,31.4876],[-86.7717,31.4777],[-86.7751,31.4719],[-86.7747,31.4705],[-86.7702,31.466],[-86.7707,31.4621],[-86.773,31.4584],[-86.7785,31.4553],[-86.7859,31.4541],[-86.7894,31.4547],[-86.7939,31.4578],[-86.7974,31.459],[-86.8028,31.4591],[-86.8119,31.4578],[-86.8161,31.4557],[-86.8256,31.4534],[-86.8292,31.451],[-86.8375,31.4483],[-86.8409,31.446],[-86.8459,31.4375],[-86.8579,31.4338],[-86.8602,31.4338],[-86.8684,31.4332],[-86.8721,31.4348],[-86.8745,31.4377],[-86.8767,31.4387],[-86.8908,31.4375],[-86.8938,31.438],[-86.8981,31.4401],[-86.9071,31.4381],[-86.9133,31.4378],[-86.9183,31.4362],[-86.9274,31.4382],[-86.9439,31.4355],[-86.9531,31.4354],[-86.9591,31.43],[-86.9638,31.4281],[-86.9714,31.4283],[-86.9832,31.4197],[-86.9961,31.4136],[-87.0261,31.3789],[-87.0276,31.3474],[-87.0274,31.3147],[-87.0221,31.2991],[-87.0228,31.2838],[-87.0248,31.278],[-87.0393,31.2561],[-87.0477,31.2528],[-87.0569,31.2471],[-87.0629,31.238],[-87.0651,31.2325],[-87.0648,31.2251],[-87.0556,31.2128],[-87.0527,31.2052],[-87.0559,31.1969],[-87.0524,31.185],[-87.0687,31.1429],[-87.0685,31.1077],[-87.0753,31.1015],[-87.0781,31.1003],[-87.0859,31.0928],[-87.0934,31.09],[-87.0989,31.0868],[-87.1506,31.0641],[-87.1663,31.0518],[-87.1847,31.0406],[-87.2018,31.0233],[-87.2142,31.0165],[-87.2175,31.0155],[-87.2251,31.0156],[-87.2399,31.0205],[-87.2455,31.0213],[-87.2543,31.0193],[-87.2645,31.0089],[-87.2709,31.0064],[-87.2772,31.0086],[-87.2845,31.0091],[-87.2917,31.0133],[-87.2929,31.017],[-87.2949,31.0188],[-87.3033,31.0226],[-87.3082,31.0237],[-87.3121,31.0261],[-87.3267,31.0259],[-87.3343,31.0279],[-87.3745,31.0279],[-87.3835,31.0287],[-87.3946,31.0247],[-87.4077,31.0265],[-87.5277,31.0229],[-87.5452,31.0193],[-87.571,31.0079],[-87.6196,30.9943],[-87.6221,30.9922],[-87.6333,30.9771],[-87.6387,30.9728],[-87.6518,30.965],[-87.6612,30.9533],[-87.6686,30.9493],[-87.6894,30.9291],[-87.7086,30.9182],[-87.728,30.9057],[-87.7421,30.8951],[-87.7538,30.8904],[-87.7609,30.89],[-87.7663,30.8861],[-87.7735,30.8835],[-87.775,30.8828],[-87.7829,30.8784],[-87.7833,30.8775],[-87.7802,30.8693],[-87.7765,30.8631],[-87.7749,30.8394],[-87.7753,30.8278],[-87.7684,30.7999],[-87.7712,30.7891],[-87.7811,30.7791],[-87.7834,30.7707],[-87.7881,30.7657],[-87.7937,30.7456],[-87.793,30.7349],[-87.7924,30.7313],[-87.7939,30.7306],[-87.805,30.7145],[-87.8086,30.6898],[-87.8182,30.6777],[-87.8215,30.6768],[-87.8687,30.6767],[-87.8794,30.6723],[-87.894,30.6706],[-87.9005,30.6715],[-87.911,30.6684]],[[-86.8166,33.2415],[-86.814,33.236],[-86.8035,33.2281],[-86.7997,33.222],[-86.7944,33.2177],[-86.789,33.2151],[-86.7855,33.2115]],[[-86.4518,32.472],[-86.4504,32.4591],[-86.4411,32.4493],[-86.4185,32.4328],[-86.4134,32.428],[-86.4065,32.4064],[-86.3806,32.3835],[-86.3752,32.3716]],[[-86.3442,32.3288],[-86.3482,32.3223],[-86.3497,32.3179],[-86.3498,32.3103]],[[-87.0753,31.1015],[-87.0781,31.1003]],[[-87.0934,31.09],[-87.1505,31.0644],[-87.1664,31.052],[-87.1848,31.0408],[-87.2018,31.0235],[-87.2147,31.0165],[-87.2179,31.0157],[-87.2248,31.0158],[-87.2399,31.0205]],[[-87.7735,30.8835],[-87.775,30.8836],[-87.775,30.8828]],[[-87.7829,30.8784],[-87.7837,30.8781],[-87.7804,30.8694],[-87.7767,30.8629],[-87.7754,30.8281],[-87.7687,30.7999],[-87.772,30.7887],[-87.7811,30.7794],[-87.7836,30.7713],[-87.7887,30.7652],[-87.7937,30.7486],[-87.7937,30.7456]],[[-87.793,30.7349],[-87.7939,30.7306]],[[-87.9005,30.6715],[-87.9111,30.6686]]]},"properties":{"name":"US 31","ref":"US 31","routeRef":"US 31","routeTier":"major","routeTensDigit":3,"routeOnesDigit":"odd"}},{"type":"Feature","geometry":{"type":"MultiLineString","coordinates":[[[-86.3317,41.7602],[-86.3279,41.7692],[-86.3196,41.779],[-86.3175,41.7845],[-86.317,41.812],[-86.3137,41.8324],[-86.3174,41.8475],[-86.318,41.8949],[-86.3203,41.9001],[-86.3251,41.9046],[-86.3427,41.911],[-86.3481,41.9145],[-86.3715,41.9412],[-86.3748,41.9471],[-86.3757,41.9527],[-86.3743,41.9789],[-86.3661,41.9962],[-86.3651,42.0016],[-86.3663,42.0077],[-86.3769,42.0248],[-86.3785,42.0298],[-86.3782,42.0499],[-86.373,42.0633],[-86.3731,42.0743],[-86.3751,42.0849],[-86.3732,42.0947],[-86.3732,42.1049],[-86.3747,42.1084],[-86.3785,42.1114],[-86.3886,42.1146],[-86.3896,42.1151],[-86.3927,42.1161],[-86.3936,42.1163],[-86.3943,42.1165],[-86.3967,42.1158],[-86.3957,42.1147],[-86.3943,42.115],[-86.3937,42.1156],[-86.3934,42.1161],[-86.393,42.1167],[-86.3929,42.1169],[-86.3926,42.1172],[-86.3915,42.1186],[-86.3892,42.1207],[-86.3716,42.1327],[-86.3687,42.1374],[-86.369,42.1571],[-86.3781,42.1756],[-86.3789,42.1794],[-86.3742,42.1961],[-86.366,42.2173],[-86.365,42.2331],[-86.3626,42.236],[-86.3421,42.25],[-86.3382,42.2537],[-86.3317,42.2708],[-86.31,42.3001],[-86.3014,42.3151],[-86.2873,42.3499],[-86.284,42.3538],[-86.2647,42.3693],[-86.2529,42.3956],[-86.2526,42.4273],[-86.2516,42.4313],[-86.2357,42.4557],[-86.2245,42.4676],[-86.2228,42.4706],[-86.2222,42.4903],[-86.2183,42.5074],[-86.2204,42.5692],[-86.2155,42.5834],[-86.2193,42.6099],[-86.2182,42.6168],[-86.2138,42.6222],[-86.1923,42.6373],[-86.1831,42.6579],[-86.1718,42.6687],[-86.17,42.6742],[-86.17,42.6995],[-86.1513,42.7279],[-86.1475,42.7313],[-86.1133,42.756],[-86.0968,42.761],[-86.0844,42.7701],[-86.0808,42.7769],[-86.081,42.7935],[-86.1068,42.8597],[-86.1426,42.9127],[-86.1472,42.9214],[-86.1715,42.9575],[-86.1897,42.9816],[-86.2201,43.0338],[-86.2206,43.0667],[-86.2191,43.0737],[-86.2163,43.078],[-86.2149,43.09],[-86.2102,43.0998],[-86.2118,43.1616],[-86.2107,43.1658],[-86.2054,43.1752],[-86.2046,43.2464],[-86.2066,43.2568],[-86.2032,43.2775],[-86.204,43.2827],[-86.2099,43.2952],[-86.2193,43.3045],[-86.2246,43.3155],[-86.2287,43.3187],[-86.239,43.3232],[-86.2422,43.3261],[-86.2462,43.3446],[-86.2489,43.3498],[-86.2743,43.3691],[-86.2818,43.3867],[-86.2842,43.3898],[-86.3123,43.4064],[-86.3225,43.4205],[-86.3379,43.4352],[-86.3394,43.439],[-86.3392,43.4713],[-86.3442,43.4762],[-86.3614,43.4825],[-86.3655,43.485],[-86.3691,43.4889],[-86.3736,43.5073],[-86.3828,43.5163],[-86.3854,43.5201],[-86.3866,43.5257],[-86.3854,43.537],[-86.3928,43.5472],[-86.3925,43.5668],[-86.3991,43.5782],[-86.3998,43.5813],[-86.3987,43.5856],[-86.3917,43.5955],[-86.3902,43.6018],[-86.3906,43.6175],[-86.3937,43.6282],[-86.3913,43.6382],[-86.3912,43.6443],[-86.3925,43.6486],[-86.3981,43.6581],[-86.399,43.6626],[-86.3985,43.6675],[-86.3937,43.6814],[-86.3926,43.6903],[-86.3931,43.701],[-86.3976,43.7267],[-86.3961,43.7318],[-86.3853,43.7489],[-86.3839,43.7594],[-86.3866,43.7662],[-86.3987,43.777],[-86.4031,43.7853],[-86.4032,43.8084],[-86.3923,43.8284],[-86.3934,43.8434],[-86.3965,43.8487],[-86.4115,43.8567],[-86.4151,43.8602],[-86.4175,43.8645],[-86.4181,43.8708],[-86.4144,43.881],[-86.4179,43.8932],[-86.4178,43.904],[-86.4161,43.9086],[-86.412,43.9122],[-86.389,43.9204],[-86.3849,43.9238],[-86.3841,43.9344],[-86.3851,43.9511],[-86.3876,43.9558],[-86.382,43.9561],[-86.2919,43.9551],[-86.2906,43.9615],[-86.2828,43.9658],[-86.2802,43.9686],[-86.2798,44.1533],[-86.2815,44.1576],[-86.2848,44.1614],[-86.3015,44.1711],[-86.3053,44.1758],[-86.3048,44.2121],[-86.309,44.2195],[-86.3139,44.2332],[-86.319,44.2381],[-86.3178,44.2488],[-86.3199,44.2508],[-86.3197,44.2543],[-86.316,44.2604],[-86.316,44.2631],[-86.3127,44.2653],[-86.2609,44.2749],[-86.2439,44.2843],[-86.2414,44.2858],[-86.1823,44.3222],[-86.1756,44.3278],[-86.163,44.3444],[-86.1618,44.3736],[-86.1466,44.3939],[-86.1466,44.4011],[-86.1514,44.4077],[-86.1511,44.4208],[-86.1493,44.4226],[-86.1425,44.4255],[-86.1373,44.4262],[-86.1283,44.4311],[-86.1203,44.4628],[-86.1202,44.4771],[-86.1114,44.4875],[-86.1036,44.5017],[-86.1055,44.5196],[-86.1049,44.5513],[-86.0996,44.5738],[-86.0991,44.6217],[-86.0928,44.6272],[-86.0863,44.6397],[-86.0828,44.642],[-86.0758,44.6441],[-86.0738,44.6459],[-86.0749,44.6573],[-86.0729,44.661],[-86.0668,44.664],[-86.055,44.6638],[-86.0476,44.6672],[-86.0438,44.6678],[-86.0277,44.6677],[-86.0188,44.663],[-86.0006,44.6623],[-85.9911,44.6602],[-85.9482,44.6595],[-85.9408,44.6596],[-85.9314,44.6626],[-85.9164,44.6621],[-85.9087,44.6595],[-85.7388,44.6584],[-85.7107,44.6651],[-85.6843,44.665],[-85.6708,44.6718],[-85.6563,44.672],[-85.656,44.7007],[-85.6463,44.718],[-85.6454,44.7376],[-85.6428,44.7417],[-85.636,44.7483],[-85.635,44.7526],[-85.6348,44.7569],[-85.6343,44.7689],[-85.6274,44.7662],[-85.6343,44.7689]],[[-85.6348,44.7569],[-85.635,44.7526]],[[-85.512,44.7615],[-85.5192,44.7563],[-85.5223,44.7526],[-85.5191,44.7562],[-85.512,44.7615],[-85.5048,44.7665],[-85.5001,44.7742],[-85.4952,44.7787],[-85.4788,44.8068],[-85.4576,44.8247],[-85.4457,44.8431],[-85.4366,44.8495],[-85.4315,44.8552],[-85.4245,44.8666],[-85.4236,44.8806],[-85.4216,44.8827],[-85.4121,44.888],[-85.4083,44.9039],[-85.3894,44.9381],[-85.3627,44.9691],[-85.3536,44.9862],[-85.3523,45.0329],[-85.3494,45.0396],[-85.3497,45.0535],[-85.3509,45.0566],[-85.3567,45.0623],[-85.3588,45.0695],[-85.3588,45.0781],[-85.3562,45.0894],[-85.3595,45.0969],[-85.3586,45.0998],[-85.3513,45.1089],[-85.3502,45.1122],[-85.3503,45.1215],[-85.3462,45.1553],[-85.3448,45.1957],[-85.3495,45.2181],[-85.3536,45.2317],[-85.3522,45.2358],[-85.3439,45.2464],[-85.3432,45.2634],[-85.3408,45.2681],[-85.3369,45.2709],[-85.3252,45.275],[-85.2901,45.2992],[-85.2845,45.3006],[-85.2676,45.3008],[-85.2625,45.3023],[-85.2588,45.3068],[-85.2587,45.3214],[-85.2578,45.3223],[-85.251,45.3225],[-85.2305,45.328],[-85.2007,45.3413],[-85.1949,45.3453],[-85.1831,45.3589],[-85.1662,45.3653],[-85.132,45.3715],[-85.1244,45.3695],[-85.1162,45.3622],[-85.1099,45.3598],[-85.0309,45.3584],[-85.0258,45.3594],[-85.0152,45.3653],[-85.0107,45.3667],[-84.9971,45.3668],[-84.987,45.3679],[-84.9823,45.3701],[-84.9709,45.3701],[-84.9703,45.3717],[-84.9694,45.3725],[-84.9683,45.3734],[-84.9674,45.3738],[-84.9595,45.3741],[-84.9532,45.3783],[-84.9433,45.3815],[-84.9408,45.3843],[-84.9373,45.3858],[-84.9249,45.3861],[-84.9183,45.3895],[-84.9065,45.3894],[-84.8773,45.4025],[-84.8724,45.4056],[-84.8669,45.4109],[-84.864,45.4202],[-84.8591,45.4235],[-84.8477,45.4244],[-84.8298,45.4232],[-84.8229,45.4218],[-84.8059,45.4215],[-84.8031,45.4221],[-84.8006,45.4241],[-84.7949,45.4352],[-84.7871,45.4434],[-84.7854,45.4473],[-84.7811,45.4704],[-84.782,45.535],[-84.7845,45.5486],[-84.7821,45.61],[-84.7799,45.617],[-84.7822,45.622],[-84.7824,45.638],[-84.7807,45.6412],[-84.7742,45.6459],[-84.7727,45.6499],[-84.7828,45.6906],[-84.7726,45.7031],[-84.7361,45.7278],[-84.7304,45.7323],[-84.7288,45.7364]],[[-86.3312,41.7601],[-86.3275,41.7691],[-86.3191,41.7788],[-86.3167,41.785],[-86.316,41.8132],[-86.3129,41.833],[-86.3169,41.8483],[-86.3173,41.895],[-86.3192,41.9003],[-86.324,41.9048],[-86.3419,41.9111],[-86.3483,41.9153],[-86.3711,41.9415],[-86.3748,41.9489],[-86.3736,41.9796],[-86.3659,41.9952],[-86.3646,42.0016],[-86.3664,42.0091],[-86.3764,42.0249],[-86.3779,42.0299],[-86.3776,42.0499],[-86.3727,42.0629],[-86.3726,42.0736],[-86.3745,42.0846],[-86.3727,42.0946],[-86.3728,42.1043],[-86.3735,42.1071],[-86.3757,42.1099],[-86.3785,42.1117],[-86.3874,42.1148],[-86.389,42.1185],[-86.3865,42.1222],[-86.3759,42.129],[-86.3701,42.1302],[-86.3681,42.1327],[-86.3686,42.1568],[-86.378,42.1763],[-86.3783,42.1811],[-86.3739,42.196],[-86.3657,42.2173],[-86.3645,42.2334],[-86.3619,42.2361],[-86.3413,42.2502],[-86.3379,42.2535],[-86.3285,42.273],[-86.314,42.2923],[-86.301,42.3151],[-86.2868,42.35],[-86.2838,42.3536],[-86.2666,42.3668],[-86.2644,42.3694],[-86.2526,42.3953],[-86.2515,42.4306],[-86.2351,42.456],[-86.2242,42.4675],[-86.2225,42.4705],[-86.2219,42.4899],[-86.218,42.5077],[-86.22,42.5689],[-86.2152,42.584],[-86.219,42.6099],[-86.2181,42.6162],[-86.2131,42.6224],[-86.1918,42.6373],[-86.1829,42.6573],[-86.1715,42.6677],[-86.1696,42.6736],[-86.1696,42.6996],[-86.1528,42.7251],[-86.1391,42.7371],[-86.1265,42.7463],[-86.1196,42.7498],[-86.1127,42.7558],[-86.0963,42.7611],[-86.0838,42.7705],[-86.0806,42.7764],[-86.0808,42.7939],[-86.106,42.8587],[-86.1427,42.9132],[-86.1473,42.9218],[-86.1707,42.957],[-86.1894,42.9821],[-86.2199,43.0338],[-86.2204,43.0666],[-86.219,43.0736],[-86.2162,43.0779],[-86.2147,43.0899],[-86.21,43.0993],[-86.2116,43.1615],[-86.2104,43.1661],[-86.2051,43.1751],[-86.2042,43.2539],[-86.2023,43.2785],[-86.2032,43.2829],[-86.2094,43.2957],[-86.2184,43.3045],[-86.2239,43.3153],[-86.2277,43.3185],[-86.2379,43.323],[-86.241,43.3256],[-86.2457,43.3458],[-86.2476,43.3495],[-86.2507,43.3527],[-86.2727,43.3689],[-86.2822,43.3891],[-86.2859,43.3923],[-86.3127,43.4078],[-86.3211,43.4198],[-86.337,43.4353],[-86.3387,43.4402],[-86.3377,43.4681],[-86.3385,43.4713],[-86.3435,43.4764],[-86.3617,43.4838],[-86.3684,43.4902],[-86.3705,43.4946],[-86.3734,43.5078],[-86.3826,43.5168],[-86.3849,43.5208],[-86.3857,43.5257],[-86.3837,43.5331],[-86.384,43.5369],[-86.3922,43.5481],[-86.3915,43.5691],[-86.3934,43.5736],[-86.3972,43.5786],[-86.3984,43.5829],[-86.3973,43.5867],[-86.3913,43.5954],[-86.3898,43.6018],[-86.3898,43.616],[-86.3931,43.6294],[-86.39,43.6411],[-86.39,43.6454],[-86.3913,43.65],[-86.3964,43.6584],[-86.3977,43.6638],[-86.3972,43.6687],[-86.3932,43.6812],[-86.3921,43.6893],[-86.3927,43.7029],[-86.3968,43.7269],[-86.395,43.7325],[-86.3847,43.7489],[-86.3833,43.7603],[-86.3856,43.7665],[-86.3983,43.778],[-86.4023,43.7858],[-86.4026,43.8072],[-86.3916,43.8279],[-86.3923,43.8426],[-86.3956,43.8485],[-86.4111,43.8569],[-86.4169,43.8643],[-86.4176,43.8708],[-86.4139,43.8815],[-86.4174,43.893],[-86.4173,43.9043],[-86.4159,43.9082],[-86.4118,43.9118],[-86.3905,43.9194],[-86.3852,43.9225],[-86.3838,43.9258],[-86.3845,43.9511],[-86.382,43.9561]],[[-86.2439,44.2843],[-86.2414,44.2858]],[[-85.6238,44.7657],[-85.6101,44.7641],[-85.6238,44.7657],[-85.6274,44.7662]],[[-85.6101,44.7641],[-85.5883,44.7641],[-85.5731,44.7552],[-85.5606,44.7497],[-85.5419,44.7456],[-85.5282,44.7468],[-85.5252,44.7485],[-85.5223,44.7526]],[[-84.9703,45.3717],[-84.9694,45.3725]],[[-84.9683,45.3734],[-84.9674,45.3738]],[[-84.7361,45.7278],[-84.7255,45.7357],[-84.7255,45.7381],[-84.7285,45.7444]]]},"properties":{"name":"US 31","ref":"US 31","routeRef":"US 31","routeTier":"major","routeTensDigit":3,"routeOnesDigit":"odd"}},{"type":"Feature","geometry":{"type":"MultiLineString","coordinates":[[[-86.7672,36.1722],[-86.7696,36.1713],[-86.7776,36.168],[-86.7803,36.167],[-86.784,36.1687],[-86.7866,36.1677],[-86.7868,36.1648],[-86.7839,36.1616],[-86.7799,36.1555],[-86.7794,36.1541],[-86.7784,36.1392],[-86.7792,36.1325],[-86.7746,36.1189],[-86.773,36.1076],[-86.7714,36.0914],[-86.7741,36.0721],[-86.7744,36.0582],[-86.7766,36.0486],[-86.786,36.0389],[-86.7977,36.0174],[-86.8052,36.0069],[-86.8134,35.9914],[-86.8174,35.9858],[-86.8218,35.9816],[-86.8242,35.9775],[-86.8312,35.9751],[-86.8361,35.97],[-86.8416,35.9595],[-86.8562,35.9412],[-86.8661,35.9266],[-86.8685,35.9254],[-86.8693,35.925],[-86.8716,35.9239],[-86.8776,35.8884],[-86.8833,35.8728],[-86.8846,35.8514],[-86.882,35.8368],[-86.8811,35.8335],[-86.8823,35.8309],[-86.885,35.8253],[-86.8908,35.8177],[-86.8991,35.8097],[-86.9027,35.8046],[-86.907,35.7923],[-86.9113,35.7878],[-86.922,35.7594],[-86.933,35.7484],[-86.9382,35.7447],[-86.956,35.7319],[-86.9676,35.7201],[-86.9715,35.7158],[-86.9755,35.7078],[-86.9779,35.7043],[-86.9961,35.6852],[-87,35.6751],[-87.0049,35.6692],[-87.0056,35.6671],[-87.006,35.6628],[-87.0067,35.661],[-87.0165,35.6371],[-87.0206,35.6326],[-87.0307,35.6263],[-87.0331,35.6238],[-87.0347,35.6204],[-87.0357,35.6136],[-87.0346,35.6093],[-87.0351,35.6059],[-87.0369,35.5982],[-87.0399,35.5933],[-87.0429,35.5771],[-87.0422,35.5603],[-87.0465,35.5346],[-87.0474,35.533],[-87.0518,35.5301],[-87.0551,35.5196],[-87.056,35.5076],[-87.0526,35.4905],[-87.0465,35.4743],[-87.0443,35.4709],[-87.0416,35.4617],[-87.0375,35.4544],[-87.0374,35.4529],[-87.042,35.4457],[-87.0422,35.4383],[-87.0405,35.4333],[-87.0362,35.4275],[-87.0351,35.4217],[-87.0287,35.4148],[-87.0255,35.4],[-87.0224,35.3906],[-87.025,35.3832],[-87.0338,35.3745],[-87.0355,35.3612],[-87.0349,35.3455],[-87.0304,35.3204],[-87.0283,35.3021],[-87.0268,35.2979],[-87.0264,35.2867],[-87.0374,35.2747],[-87.0434,35.2727],[-87.0442,35.2715],[-87.0406,35.2594],[-87.0435,35.2522],[-87.0437,35.2362],[-87.039,35.2261],[-87.0329,35.2181],[-87.0298,35.2164],[-87.0267,35.2099],[-87.0342,35.1903],[-87.0282,35.1829],[-87.0182,35.1743],[-86.9993,35.1458],[-86.9909,35.1391],[-86.9839,35.1352],[-86.9768,35.1221],[-86.9637,35.1127],[-86.9615,35.1077],[-86.9609,35.1012],[-86.9532,35.0907],[-86.9503,35.0891],[-86.9404,35.0876],[-86.9306,35.0883],[-86.9269,35.0874],[-86.924,35.085],[-86.9216,35.0785],[-86.9159,35.0728],[-86.9024,35.0679],[-86.887,35.0453],[-86.8866,35.0341],[-86.8813,35.0271],[-86.8799,35.0237],[-86.8806,35.0146],[-86.8778,35.0117],[-86.8794,35.0101],[-86.8774,34.999],[-86.879,34.9922]],[[-86.7696,36.1713],[-86.7675,36.1719],[-86.7673,36.1721]],[[-86.7776,36.168],[-86.7804,36.1671],[-86.7839,36.1689],[-86.7868,36.1677],[-86.7869,36.1647],[-86.7839,36.1616]],[[-86.7799,36.1555],[-86.7794,36.1541]],[[-86.7746,36.1189],[-86.773,36.1076]],[[-86.8685,35.9254],[-86.8693,35.925]],[[-86.882,35.8368],[-86.8823,35.8309]],[[-86.9382,35.7447],[-86.9562,35.7319],[-86.9705,35.7174],[-86.9721,35.7152],[-86.9758,35.7077],[-86.9784,35.704],[-86.9965,35.685],[-87.0001,35.6752],[-87.0054,35.6688],[-87.0058,35.667],[-87.0063,35.6625],[-87.0164,35.6376],[-87.0207,35.6328],[-87.0314,35.6259],[-87.0331,35.6238]],[[-87.0357,35.6136],[-87.0348,35.6089],[-87.0353,35.606],[-87.0371,35.5982],[-87.0399,35.5933]],[[-86.8806,35.0146],[-86.8776,34.9988],[-86.8792,34.9923]]]},"properties":{"name":"US 31","ref":"US 31","routeRef":"US 31","routeTier":"major","routeTensDigit":3,"routeOnesDigit":"odd"}},{"type":"Feature","geometry":{"type":"MultiLineString","coordinates":[[[-85.7326,38.2526],[-85.7536,38.2549],[-85.7533,38.2563],[-85.7331,38.2541],[-85.7326,38.2526],[-85.733,38.2512],[-85.7242,38.2402],[-85.6937,38.2244],[-85.6841,38.2227],[-85.6752,38.2161],[-85.6723,38.2126],[-85.6607,38.1981],[-85.6549,38.1924],[-85.6519,38.1911],[-85.6429,38.1899],[-85.6124,38.1737],[-85.593,38.161],[-85.5842,38.1436],[-85.5815,38.1381],[-85.5766,38.1294],[-85.5696,38.1163],[-85.5656,38.1037],[-85.5652,38.0983],[-85.558,38.0928],[-85.5544,38.0798],[-85.5501,38.0752],[-85.5458,38.0618],[-85.5381,38.0541],[-85.5352,38.048],[-85.5364,38.0434],[-85.5353,38.0396],[-85.527,38.0297],[-85.5203,38.015],[-85.5181,38.0136],[-85.5064,38.0119],[-85.5028,38.0101],[-85.4928,37.9945],[-85.4915,37.9902],[-85.4915,37.9705],[-85.4901,37.9669],[-85.4792,37.9585],[-85.47,37.9531],[-85.4678,37.9501],[-85.4653,37.9423],[-85.4657,37.929],[-85.4718,37.9187],[-85.4734,37.8998],[-85.4656,37.865],[-85.4594,37.8496],[-85.4616,37.8257],[-85.4667,37.8095],[-85.4666,37.8089],[-85.4674,37.8093],[-85.4711,37.81],[-85.4718,37.8098],[-85.477,37.8031],[-85.4783,37.7993],[-85.4849,37.7929],[-85.4897,37.7844],[-85.4951,37.7786],[-85.4968,37.7658],[-85.503,37.7557],[-85.5074,37.7409],[-85.5101,37.7386],[-85.5266,37.7296],[-85.5274,37.7277],[-85.5256,37.7231],[-85.5339,37.7105],[-85.54,37.7075],[-85.5468,37.7008],[-85.5564,37.698],[-85.5597,37.6917],[-85.5654,37.6885],[-85.5742,37.6757],[-85.5835,37.6674],[-85.5914,37.6632],[-85.5936,37.6579],[-85.594,37.6523],[-85.6014,37.6469],[-85.6022,37.6396],[-85.6069,37.6321],[-85.6165,37.6249],[-85.6255,37.621],[-85.629,37.6175],[-85.6327,37.6155],[-85.6379,37.6108],[-85.6404,37.6049],[-85.6481,37.6012],[-85.6578,37.6003],[-85.6601,37.5993],[-85.6644,37.5893],[-85.6699,37.5862],[-85.6723,37.5857],[-85.6903,37.5882],[-85.7047,37.581],[-85.717,37.5793],[-85.7298,37.5734],[-85.7322,37.5729],[-85.7398,37.5738],[-85.7401,37.5739]],[[-85.6723,38.2126],[-85.662,38.1993],[-85.655,38.1924],[-85.6519,38.1909],[-85.6429,38.1899]],[[-85.5842,38.1436],[-85.5815,38.1381]],[[-85.5766,38.1294],[-85.5697,38.116],[-85.5658,38.1038],[-85.5654,38.0982],[-85.5582,38.0927],[-85.5546,38.0796],[-85.5504,38.0753],[-85.546,38.0617],[-85.5381,38.0538],[-85.5352,38.048]],[[-85.4667,37.8095],[-85.4674,37.8093]],[[-85.4711,37.81],[-85.4718,37.8098]],[[-85.7401,37.5737],[-85.7398,37.5738]],[[-85.7404,37.5735],[-85.7403,37.5735],[-85.7401,37.5737],[-85.7401,37.5739],[-85.7404,37.5735]],[[-85.7404,37.5735],[-85.7404,37.5734],[-85.7401,37.5694],[-85.7346,37.5584],[-85.7344,37.5507],[-85.7356,37.5477],[-85.733,37.5324],[-85.733,37.5243],[-85.7342,37.5138],[-85.7393,37.4982],[-85.7424,37.4547],[-85.7462,37.4421],[-85.7488,37.4381],[-85.7507,37.43],[-85.7574,37.42],[-85.7578,37.4078],[-85.761,37.4002],[-85.7684,37.3888],[-85.7677,37.3858],[-85.7603,37.3739],[-85.7585,37.3591],[-85.7548,37.3474],[-85.7554,37.3446],[-85.7578,37.3408],[-85.7641,37.3357],[-85.7657,37.3327],[-85.7655,37.3301],[-85.7631,37.3257],[-85.7641,37.321],[-85.762,37.3133],[-85.7645,37.3035],[-85.763,37.2973],[-85.7643,37.2937],[-85.7691,37.2877],[-85.77,37.2806],[-85.7738,37.2765],[-85.7757,37.2707],[-85.7833,37.2625],[-85.7854,37.2587],[-85.7862,37.2544],[-85.7909,37.251],[-85.8115,37.2236],[-85.8136,37.2149],[-85.8175,37.2103],[-85.8223,37.197],[-85.8231,37.1913],[-85.8275,37.1868],[-85.8304,37.181],[-85.8347,37.177],[-85.8417,37.16],[-85.85,37.1558],[-85.8531,37.1528],[-85.8583,37.1506],[-85.8611,37.1477],[-85.8625,37.1433],[-85.8633,37.1337],[-85.8687,37.1222],[-85.8728,37.1034],[-85.8784,37.0973],[-85.8821,37.0849],[-85.89,37.0763],[-85.8933,37.0673],[-85.8966,37.0626],[-85.8948,37.0516],[-85.9006,37.0449],[-85.9026,37.0359],[-85.9079,37.0304],[-85.906,37.024],[-85.9064,37.0193],[-85.9089,37.0167],[-85.917,37.0135],[-85.9238,37.0072],[-85.9322,36.9931],[-85.9314,36.9828],[-85.932,36.9807],[-85.9385,36.9742],[-85.9481,36.9645],[-85.9953,36.9293],[-85.9993,36.9125],[-86.0037,36.9014],[-86.0061,36.8991],[-86.0127,36.8967],[-86.015,36.893],[-86.0277,36.8799],[-86.0301,36.8711],[-86.0448,36.8628],[-86.0472,36.8583],[-86.0512,36.8561],[-86.0548,36.8526],[-86.0633,36.8501],[-86.0701,36.8449],[-86.0802,36.8405],[-86.0863,36.8359],[-86.108,36.8323],[-86.1172,36.8281],[-86.136,36.809],[-86.146,36.7914],[-86.1512,36.7866],[-86.1769,36.7723],[-86.1815,36.7709],[-86.2006,36.7683],[-86.206,36.766],[-86.21,36.7626],[-86.213,36.7574],[-86.2141,36.7492],[-86.2252,36.7275],[-86.2285,36.724],[-86.246,36.7106],[-86.2493,36.7066],[-86.2533,36.6873],[-86.2528,36.6823],[-86.2464,36.6602],[-86.2448,36.6508],[-86.2448,36.6433],[-86.2422,36.6347],[-86.2383,36.6282],[-86.2364,36.6183],[-86.2313,36.606],[-86.2317,36.6029],[-86.2389,36.5855],[-86.2402,36.5586],[-86.2365,36.5514],[-86.2403,36.5425],[-86.2432,36.5397],[-86.2454,36.535],[-86.2517,36.526],[-86.2618,36.5203],[-86.2679,36.5054],[-86.2866,36.497],[-86.3018,36.4931],[-86.3242,36.4772],[-86.3333,36.4685],[-86.3464,36.4533],[-86.3652,36.445],[-86.3701,36.4417],[-86.3844,36.4262],[-86.4036,36.4151],[-86.4312,36.4027],[-86.4412,36.3959],[-86.4506,36.3892],[-86.4527,36.3866],[-86.4671,36.3789],[-86.4711,36.377],[-86.4847,36.3698],[-86.5124,36.3498],[-86.5259,36.3456],[-86.5461,36.3351],[-86.5517,36.3307],[-86.559,36.3285],[-86.6078,36.3069],[-86.6321,36.3023],[-86.6484,36.3039],[-86.6554,36.3072],[-86.6607,36.3087],[-86.6738,36.3094],[-86.6812,36.3087],[-86.686,36.3067],[-86.6967,36.2997],[-86.7024,36.2932],[-86.7093,36.2783],[-86.7111,36.2655],[-86.7144,36.2562],[-86.7228,36.2439],[-86.7239,36.2388],[-86.7245,36.236],[-86.7246,36.2356],[-86.7247,36.2346],[-86.7239,36.2338],[-86.7238,36.2345],[-86.7245,36.2348],[-86.727,36.2358],[-86.729,36.2367],[-86.7301,36.237],[-86.7391,36.2379],[-86.7427,36.2369],[-86.7468,36.2335],[-86.7473,36.2296],[-86.746,36.2245],[-86.7531,36.1906],[-86.7547,36.1883],[-86.76,36.1846],[-86.7632,36.1786],[-86.7638,36.1779],[-86.7644,36.1775],[-86.7666,36.1756],[-86.767,36.1753],[-86.7672,36.1751],[-86.7672,36.1744],[-86.7659,36.1728],[-86.7658,36.1725],[-86.7658,36.1724],[-86.7675,36.1719]],[[-85.7404,37.5734],[-85.7403,37.5735]],[[-85.9314,36.9828],[-85.9322,36.9807],[-85.9385,36.9742]],[[-86.4412,36.3959],[-86.4509,36.3892],[-86.4527,36.3866]],[[-86.4671,36.3789],[-86.4711,36.377]],[[-86.6554,36.3072],[-86.6606,36.3088],[-86.6738,36.3094]],[[-86.7239,36.2388],[-86.7248,36.2369],[-86.7271,36.2364],[-86.7302,36.2373],[-86.7358,36.2381],[-86.7391,36.2398],[-86.741,36.2396],[-86.7471,36.2336],[-86.7476,36.2301],[-86.7462,36.2245],[-86.7533,36.1908],[-86.7549,36.1884],[-86.7599,36.1851],[-86.7634,36.1786],[-86.7638,36.1782],[-86.7655,36.1768],[-86.767,36.1755],[-86.7674,36.1752],[-86.7678,36.1749],[-86.7679,36.1748],[-86.7666,36.1729],[-86.7672,36.1722]]]},"properties":{"name":"US 31","ref":"US 31E","routeRef":"US 31E","routeTier":"major","routeTensDigit":3,"routeOnesDigit":"odd"}},{"type":"Feature","geometry":{"type":"MultiLineString","coordinates":[[[-86.7675,36.1719],[-86.7673,36.1721],[-86.766,36.1726],[-86.7657,36.1727],[-86.7653,36.1728],[-86.7658,36.1753],[-86.766,36.1757],[-86.7661,36.1758],[-86.7662,36.176],[-86.7664,36.1761],[-86.7664,36.1761],[-86.7665,36.1762],[-86.7671,36.1763],[-86.7707,36.1768],[-86.773,36.179],[-86.7739,36.1832],[-86.772,36.1961],[-86.7602,36.2259],[-86.7577,36.2386],[-86.7566,36.2439],[-86.7579,36.2563],[-86.757,36.2656],[-86.7511,36.2779],[-86.7431,36.2883],[-86.7314,36.2934],[-86.723,36.2982],[-86.7136,36.315],[-86.7135,36.3242],[-86.7171,36.3334],[-86.7184,36.3404],[-86.7188,36.3424],[-86.7176,36.344],[-86.7157,36.3497],[-86.7084,36.3742],[-86.7005,36.3841],[-86.689,36.3943],[-86.6895,36.3993],[-86.6863,36.4052],[-86.691,36.41],[-86.6945,36.4175],[-86.6943,36.4239],[-86.6808,36.4387],[-86.675,36.4503],[-86.652,36.4699],[-86.6461,36.4804],[-86.6449,36.4883],[-86.6409,36.4957],[-86.6419,36.5106],[-86.6343,36.5359],[-86.6118,36.5643],[-86.6025,36.5732],[-86.5935,36.5888],[-86.5706,36.622],[-86.5636,36.634],[-86.5547,36.6533],[-86.5537,36.6582],[-86.5548,36.6626],[-86.5579,36.669],[-86.5599,36.6738],[-86.5664,36.6809],[-86.5724,36.7002],[-86.5761,36.7076],[-86.5764,36.7128],[-86.5786,36.7186],[-86.5774,36.7255],[-86.5784,36.7292],[-86.5786,36.7494],[-86.5738,36.7631],[-86.5686,36.7843],[-86.5625,36.7948],[-86.5539,36.817],[-86.5385,36.8425],[-86.5363,36.8567],[-86.5281,36.8778],[-86.5125,36.9116],[-86.5096,36.9149],[-86.5016,36.9212],[-86.4959,36.9292],[-86.489,36.9331],[-86.4852,36.9383],[-86.4795,36.9462],[-86.4615,36.9719],[-86.4575,36.9761],[-86.4549,36.9786],[-86.4477,36.9801],[-86.4307,36.9861],[-86.4261,36.9956],[-86.4326,37.0026],[-86.4305,37.0036],[-86.4197,37.0078],[-86.4049,37.0088],[-86.3949,37.0106],[-86.3821,37.0104],[-86.3752,37.0169],[-86.3285,37.0415],[-86.2905,37.0616],[-86.2394,37.081],[-86.1984,37.0991],[-86.1953,37.0991],[-86.177,37.0947],[-86.1631,37.0951],[-86.1462,37.0921],[-86.1338,37.0922],[-86.1114,37.0941],[-86.1012,37.0926],[-86.0873,37.0923],[-86.072,37.0901],[-86.0528,37.0927],[-86.0381,37.096],[-86.0356,37.0956],[-86.0293,37.0924],[-86.0122,37.095],[-86.0092,37.0969],[-85.9973,37.1083],[-85.9828,37.1143],[-85.964,37.1273],[-85.9501,37.1413],[-85.9256,37.1582],[-85.9101,37.1733],[-85.9067,37.1802],[-85.8831,37.199],[-85.8778,37.2047],[-85.8735,37.2136],[-85.8735,37.2194],[-85.8769,37.2233],[-85.8892,37.2296],[-85.8927,37.241],[-85.8881,37.2527],[-85.8814,37.2629],[-85.8812,37.2653],[-85.8826,37.267],[-85.8968,37.2761],[-85.9027,37.2904],[-85.9105,37.3023],[-85.9087,37.3322],[-85.9098,37.3477],[-85.9028,37.3726],[-85.9036,37.3901],[-85.8986,37.4003],[-85.8925,37.4206],[-85.891,37.4504],[-85.8947,37.4717],[-85.8859,37.4878],[-85.8758,37.5438],[-85.8671,37.5572],[-85.8671,37.5607],[-85.8703,37.5686],[-85.8458,37.6728],[-85.8462,37.6761],[-85.852,37.6873],[-85.8577,37.6928],[-85.8584,37.6933],[-85.8635,37.6962],[-85.8712,37.7042],[-85.8903,37.741],[-85.9183,37.8023],[-85.9293,37.8298],[-85.9535,37.8571],[-85.9614,37.8734],[-85.9704,37.8848],[-85.9848,37.9159],[-85.9965,37.9412],[-85.9974,37.9449],[-85.9968,37.9481],[-85.9877,37.9669],[-85.9847,37.9701],[-85.9812,37.9722],[-85.9641,37.977],[-85.9404,38.0033],[-85.9272,38.0126],[-85.9176,38.0219],[-85.9163,38.0276],[-85.9132,38.033],[-85.8939,38.0523],[-85.8877,38.0599],[-85.8853,38.0657],[-85.8839,38.0777],[-85.8771,38.0901],[-85.8743,38.095],[-85.865,38.1102],[-85.8484,38.1294],[-85.8412,38.1405],[-85.8284,38.1686],[-85.8163,38.1806],[-85.8113,38.1876],[-85.8056,38.1958],[-85.8048,38.1969],[-85.8006,38.2034],[-85.7933,38.2214],[-85.7955,38.2223],[-85.7902,38.236],[-85.7887,38.2367],[-85.7849,38.2583],[-85.7536,38.2549],[-85.7533,38.2563],[-85.7863,38.2599],[-85.7902,38.236]],[[-85.8048,38.1969],[-85.8056,38.1958]],[[-85.8113,38.1876],[-85.8162,38.1809],[-85.8286,38.1685],[-85.8412,38.1405]],[[-85.8743,38.095],[-85.8771,38.0901]],[[-85.9848,37.9159],[-85.9705,37.8846],[-85.9618,37.8737],[-85.954,37.8574],[-85.9295,37.8296],[-85.9187,37.8026],[-85.8904,37.7406],[-85.8758,37.7112],[-85.8712,37.7042]],[[-85.8584,37.6933],[-85.8577,37.6928]],[[-86.3285,37.0415],[-86.3753,37.0171],[-86.3822,37.0106],[-86.3947,37.0108],[-86.4044,37.0091],[-86.4198,37.008],[-86.4305,37.0036]],[[-86.4549,36.9786],[-86.4575,36.9761]],[[-86.4795,36.9462],[-86.4852,36.9383]],[[-86.5579,36.669],[-86.5548,36.6626]],[[-86.7157,36.3497],[-86.7178,36.3439],[-86.7207,36.3425],[-86.7184,36.3404]],[[-86.7566,36.2439],[-86.7577,36.2386]],[[-86.7739,36.1832],[-86.7732,36.179],[-86.7708,36.1765],[-86.7672,36.1763],[-86.7666,36.1761],[-86.7664,36.1759],[-86.7662,36.1758],[-86.7653,36.1728]],[[-86.766,36.1726],[-86.7672,36.1722]]]},"properties":{"name":"US 31","ref":"US 31W","routeRef":"US 31W","routeTier":"major","routeTensDigit":3,"routeOnesDigit":"odd"}},{"type":"Feature","geometry":{"type":"MultiLineString","coordinates":[[[-86.1491,39.9303],[-86.1404,39.9295],[-86.0821,39.9125],[-86.0534,39.8943],[-86.0497,39.8908],[-86.0476,39.8853],[-86.0469,39.8518],[-86.0313,39.8232],[-86.0312,39.8067],[-86.0349,39.7989],[-86.0357,39.7938],[-86.0325,39.7857],[-86.0286,39.7609],[-86.0301,39.756],[-86.0422,39.7398],[-86.0498,39.7206],[-86.0588,39.7108],[-86.0643,39.7069],[-86.0747,39.7038],[-86.1059,39.7043],[-86.1386,39.6985],[-86.1485,39.6993]],[[-86.1429,39.6977],[-86.104,39.704],[-86.0743,39.7037],[-86.0638,39.707],[-86.0586,39.7107],[-86.0496,39.7205],[-86.042,39.7397],[-86.0297,39.7562],[-86.0284,39.7609],[-86.0322,39.7855],[-86.0355,39.7936],[-86.0347,39.7989],[-86.0309,39.8064],[-86.031,39.823],[-86.0467,39.8519],[-86.0473,39.8855],[-86.0492,39.8906],[-86.0532,39.8944],[-86.0819,39.9126],[-86.1404,39.9297],[-86.1469,39.9305]]]},"properties":{"name":"US 31","ref":"US 31","routeRef":"US 31","routeTier":"major","routeTensDigit":3,"routeOnesDigit":"odd"}},{"type":"Feature","geometry":{"type":"MultiLineString","coordinates":[[[-86.1485,39.6993],[-86.1499,39.6996],[-86.15,39.6997],[-86.1502,39.6998],[-86.1503,39.7006],[-86.1489,39.7],[-86.1489,39.6996],[-86.1489,39.6995],[-86.1489,39.6992],[-86.1489,39.6991],[-86.1489,39.699],[-86.1489,39.6988],[-86.1489,39.698],[-86.1489,39.6968],[-86.1489,39.6853],[-86.1494,39.6711],[-86.1484,39.6664],[-86.118,39.623],[-86.1151,39.6119],[-86.1064,39.6032],[-86.0966,39.5744],[-86.0645,39.4925],[-86.0642,39.4822],[-86.0634,39.4773],[-86.0625,39.4752],[-86.0496,39.4601],[-86.014,39.4395],[-86.0097,39.436],[-86.0061,39.4313],[-85.987,39.3915],[-85.9859,39.3628],[-85.9847,39.3578],[-85.9727,39.3397],[-85.9707,39.3224],[-85.96,39.3002],[-85.9509,39.2902],[-85.9486,39.2862],[-85.9417,39.2577],[-85.9424,39.2489],[-85.9417,39.2451],[-85.9391,39.2418],[-85.9212,39.2322],[-85.9165,39.2304],[-85.9022,39.2295],[-85.8968,39.2274],[-85.8926,39.2245],[-85.8911,39.2232],[-85.89,39.2221],[-85.8775,39.2107],[-85.8658,39.2043],[-85.8579,39.1967],[-85.8428,39.175],[-85.8414,39.1717],[-85.8413,39.1453],[-85.8404,39.1423],[-85.8365,39.1313],[-85.8367,39.0704],[-85.8316,39.0608],[-85.8311,39.0347],[-85.8352,39.0294],[-85.8357,39.0274],[-85.8335,38.919],[-85.8319,38.9162],[-85.8259,38.9134],[-85.8223,38.9098],[-85.8204,38.9031],[-85.8211,38.9008],[-85.8194,38.8992],[-85.8187,38.8966],[-85.8186,38.8893],[-85.8188,38.8721],[-85.823,38.8427],[-85.8243,38.8405],[-85.8366,38.8285],[-85.8376,38.8099],[-85.8427,38.8],[-85.8162,38.7615],[-85.8019,38.7381],[-85.7849,38.7283],[-85.7826,38.7251],[-85.7832,38.7158],[-85.7852,38.7103],[-85.7851,38.7039],[-85.7789,38.6891],[-85.7779,38.675],[-85.7747,38.6671],[-85.7752,38.6179],[-85.7773,38.6114],[-85.7769,38.6033],[-85.768,38.5901],[-85.7643,38.579],[-85.7641,38.5612],[-85.7671,38.5505],[-85.7682,38.5415],[-85.765,38.5339],[-85.7665,38.5156],[-85.7627,38.4876],[-85.7633,38.4781],[-85.7674,38.4645],[-85.7674,38.4607],[-85.763,38.4418],[-85.7527,38.4199],[-85.7527,38.4067],[-85.7548,38.4002],[-85.7586,38.3961],[-85.7486,38.3838],[-85.7448,38.3618],[-85.745,38.3564],[-85.7514,38.3219],[-85.7527,38.3192],[-85.7518,38.313],[-85.7524,38.301],[-85.7567,38.2944],[-85.7573,38.2915],[-85.7547,38.2851],[-85.7494,38.2792],[-85.7486,38.2761],[-85.7497,38.2723],[-85.7507,38.2678]],[[-86.0645,39.4925],[-86.0954,39.5719],[-86.1063,39.6034],[-86.1149,39.6119],[-86.1178,39.623],[-86.1483,39.6666],[-86.1492,39.6713],[-86.1487,39.695],[-86.1462,39.6975],[-86.1429,39.6977]],[[-86.0642,39.4822],[-86.0634,39.4773]],[[-86.0625,39.4752],[-86.0498,39.4599],[-86.0148,39.4397],[-86.01,39.4359],[-86.0064,39.4312],[-85.9873,39.3915],[-85.9862,39.3628],[-85.985,39.3578],[-85.9729,39.3396],[-85.9709,39.3224],[-85.9608,39.3011],[-85.9584,39.2974],[-85.9511,39.2901],[-85.9489,39.2862],[-85.9418,39.2567],[-85.9428,39.245],[-85.9408,39.2426],[-85.9212,39.2322]],[[-85.8926,39.2245],[-85.8911,39.2232],[-85.89,39.2221]],[[-85.8413,39.1453],[-85.8404,39.1423]],[[-85.7514,38.3219],[-85.7535,38.3189],[-85.7532,38.3013],[-85.7577,38.2943],[-85.7582,38.2917],[-85.7551,38.2845],[-85.7503,38.2795],[-85.7497,38.2723]]]},"properties":{"name":"US 31","ref":"US 31","routeRef":"US 31","routeTier":"major","routeTensDigit":3,"routeOnesDigit":"odd"}},{"type":"Feature","geometry":{"type":"LineString","coordinates":[[-85.7507,38.2678],[-85.7533,38.2563]]},"properties":{"name":"US 31","ref":"US 31","routeRef":"US 31","routeTier":"major","routeTensDigit":3,"routeOnesDigit":"odd"}},{"type":"Feature","geometry":{"type":"MultiLineString","coordinates":[[[-86.3317,41.7602],[-86.3395,41.7398],[-86.3394,41.7131],[-86.341,41.6881],[-86.3408,41.6688],[-86.3396,41.6651],[-86.3345,41.6601],[-86.2947,41.6395],[-86.2749,41.6269],[-86.2723,41.6258],[-86.2698,41.6253],[-86.256,41.6244],[-86.252,41.6218],[-86.2533,41.6137],[-86.2643,41.5986],[-86.2651,41.5959],[-86.2638,41.5926],[-86.2508,41.5792],[-86.247,41.565],[-86.2468,41.5515],[-86.2502,41.5344],[-86.2506,41.5054],[-86.2529,41.4995],[-86.2571,41.4945],[-86.2809,41.4779],[-86.2849,41.4733],[-86.2926,41.4546],[-86.293,41.4395],[-86.2986,41.425],[-86.2981,41.4129],[-86.2925,41.403],[-86.2793,41.3694],[-86.271,41.3574],[-86.2713,41.3545],[-86.2765,41.3433],[-86.2752,41.3015],[-86.271,41.2888],[-86.2714,41.2756],[-86.2619,41.2535],[-86.2612,41.2148],[-86.2603,41.2088],[-86.2417,41.1717],[-86.2401,41.1663],[-86.24,41.0987],[-86.2412,41.0857],[-86.2398,41.0548],[-86.2379,41.0516],[-86.2341,41.0493],[-86.1969,41.0398],[-86.1828,41.0293],[-86.1693,41.0122],[-86.1678,41.0062],[-86.1681,40.9321],[-86.1599,40.9179],[-86.1584,40.8999],[-86.1444,40.8833],[-86.1283,40.8482],[-86.1293,40.8374],[-86.1293,40.7797],[-86.1279,40.7674],[-86.1277,40.7452],[-86.1247,40.7337],[-86.1277,40.7202],[-86.1285,40.6721],[-86.1272,40.545],[-86.126,40.5417],[-86.1233,40.5389],[-86.1116,40.5339],[-86.1046,40.5292],[-86.0945,40.5192],[-86.091,40.5141],[-86.0894,40.5089],[-86.0875,40.4914],[-86.077,40.4446],[-86.0778,40.4395],[-86.0819,40.4318],[-86.0987,40.4123],[-86.1054,40.4072],[-86.1218,40.4],[-86.1255,40.3962],[-86.1273,40.3916],[-86.1281,40.0634],[-86.1293,40.0587],[-86.1351,40.049],[-86.1361,40.04],[-86.1348,40.0303],[-86.1279,40.0103],[-86.1264,39.996],[-86.1276,39.9927],[-86.1299,39.9906],[-86.1406,39.9852],[-86.1543,39.9812],[-86.1577,39.9774],[-86.1579,39.9431],[-86.1584,39.9353],[-86.1602,39.9301],[-86.158,39.9286],[-86.1548,39.9299],[-86.1491,39.9303]],[[-86.1469,39.9305],[-86.1546,39.9309],[-86.1576,39.934],[-86.1574,39.9774],[-86.1539,39.9811],[-86.1407,39.9848],[-86.1295,39.9905],[-86.1272,39.9928],[-86.126,39.996],[-86.1277,40.0103],[-86.1345,40.0304],[-86.1358,40.0393],[-86.1349,40.0484],[-86.129,40.0585],[-86.1278,40.0636],[-86.1269,40.3917],[-86.1252,40.3961],[-86.1216,40.3999],[-86.1057,40.4068],[-86.0985,40.4121],[-86.0816,40.4317],[-86.0776,40.4392],[-86.0767,40.4453],[-86.0872,40.4911],[-86.0892,40.5095],[-86.0912,40.515],[-86.0945,40.5196],[-86.105,40.5298],[-86.1107,40.5337],[-86.1231,40.5391],[-86.1257,40.5418],[-86.1269,40.545],[-86.1282,40.6721],[-86.1274,40.7202],[-86.1245,40.7337],[-86.1275,40.7453],[-86.1276,40.7666],[-86.129,40.78],[-86.129,40.8382],[-86.128,40.8479],[-86.1441,40.8834],[-86.1581,40.8999],[-86.1595,40.9177],[-86.1678,40.9324],[-86.1676,41.007],[-86.1689,41.012],[-86.183,41.0298],[-86.1966,41.0399],[-86.2007,41.0416],[-86.2338,41.0494],[-86.2376,41.0517],[-86.2395,41.0546],[-86.2409,41.086],[-86.2397,41.0987],[-86.2399,41.1675],[-86.2414,41.1718],[-86.2598,41.2082],[-86.2608,41.2145],[-86.2616,41.2537],[-86.2711,41.2758],[-86.2707,41.289],[-86.275,41.302],[-86.2762,41.3432],[-86.2711,41.3544],[-86.2709,41.3579],[-86.2791,41.3694],[-86.2923,41.4031],[-86.2977,41.4132],[-86.2983,41.4248],[-86.2927,41.439],[-86.2921,41.4549],[-86.2845,41.4733],[-86.2806,41.4778],[-86.2564,41.4947],[-86.2526,41.4994],[-86.2502,41.5052],[-86.2498,41.5344],[-86.2465,41.5509],[-86.2465,41.5648],[-86.2504,41.5793],[-86.2637,41.593],[-86.2647,41.596],[-86.264,41.5984],[-86.253,41.6136],[-86.2522,41.6162],[-86.2519,41.6194],[-86.2515,41.624],[-86.2514,41.6249],[-86.2507,41.6258],[-86.2495,41.6253],[-86.2509,41.6244],[-86.2512,41.6244],[-86.2519,41.6245],[-86.2521,41.6245],[-86.2575,41.6247],[-86.2678,41.6252],[-86.2708,41.6256],[-86.2739,41.6265],[-86.2944,41.6395],[-86.3347,41.6603],[-86.3393,41.6647],[-86.3407,41.6692],[-86.3409,41.6885],[-86.3391,41.7147],[-86.3392,41.7393],[-86.3312,41.7601]]]},"properties":{"name":"US 31","ref":"US 31","routeRef":"US 31","routeTier":"major","routeTensDigit":3,"routeOnesDigit":"odd"}}]}