{"type":"FeatureCollection","generator":"overpass-turbo","copyright":"The data included in this document is from www.openstreetmap.org. The data is made available under ODbL.","timestamp":"2026-09-22T08:45:51Z","features":[{"type":"Feature","properties":{"@id":"way/8028081","name":"George Washington Bridge Upper Level","ref":"I 95;US 1;US 9","unsigned_ref":"US 46","route0_ref":"US 9","route0_status":"signed","route0_role":"mainline","route0_tensDigit":0,"route0_onesDigit":"odd","route0_tier":"primary","route1_ref":"US 1","route1_status":"signed","route1_role":"mainline","route1_tensDigit":0,"route1_onesDigit":"odd","route1_tier":"major"},"geometry":{"type":"LineString","coordinates":[[-73.9606814,40.8532913],[-73.9608813,40.8533344],[-73.9612927,40.8534158]]},"id":"way/8028081"},{"type":"Feature","properties":{"@id":"way/8028082","name":"George Washington Bridge Upper Level","ref":"I 95;US 1;US 9","unsigned_ref":"US 46","route0_ref":"US 9","route0_status":"signed","route0_role":"mainline","route0_tensDigit":0,"route0_onesDigit":"odd","route0_tier":"primary","route1_ref":"US 1","route1_status":"signed","route1_role":"mainline","route1_tensDigit":0,"route1_onesDigit":"odd","route1_tier":"major"},"geometry":{"type":"LineString","coordinates":[[-73.9607219,40.8531838],[-73.952533,40.8515745]]},"id":"way/8028082"},{"type":"Feature","properties":{"@id":"way/9702602","name":"George Washington Bridge Upper Level","ref":"I 95;US 1;US 9","route0_ref":"US 9","route0_status":"signed","route0_role":"mainline","route0_tensDigit":0,"route0_onesDigit":"odd","route0_tier":"primary","route1_ref":"US 1","route1_status":"signed","route1_role":"mainline","route1_tensDigit":0,"route1_onesDigit":"odd","route1_tier":"major"},"geometry":{"type":"LineString","coordinates":[[-73.9443747,40.8501023],[-73.9524621,40.8516917]]},"id":"way/9702602"},{"type":"Feature","properties":{"@id":"way/11566722","ref":"US 1;US 9","route0_ref":"US 9","route0_status":"signed","route0_role":"mainline","route0_tensDigit":0,"route0_onesDigit":"odd","route0_tier":"primary","route1_ref":"US 1","route1_status":"signed","route1_role":"mainline","route1_tensDigit":0,"route1_onesDigit":"odd","route1_tier":"major"},"geometry":{"type":"LineString","coordinates":[[-73.9994252,40.8416946],[-73.9992953,40.8416519],[-73.9991631,40.8416115],[-73.9990292,40.8415743],[-73.9988832,40.8415378]]},"id":"way/11566722"},{"type":"Feature","properties":{"@id":"way/11578224","name":"Broad Avenue","ref":"US 1;US 9","route0_ref":"US 9","route0_status":"signed","route0_role":"mainline","route0_tensDigit":0,"route0_onesDigit":"odd","route0_tier":"primary","route1_ref":"US 1","route1_status":"signed","route1_role":"mainline","route1_tensDigit":0,"route1_onesDigit":"odd","route1_tier":"major"},"geometry":{"type":"LineString","coordinates":[[-74.0086022,40.8158399],[-74.0083529,40.8161607],[-74.008276,40.8162805],[-74.0082219,40.8164199],[-74.0081927,40.8165502],[-74.0081671,40.8166769],[-74.0081286,40.8168914],[-74.0081029,40.8170319],[-74.00806,40.81726],[-74.0079454,40.8178686],[-74.007852,40.8183643],[-74.0077087,40.8191868]]},"id":"way/11578224"},{"type":"Feature","properties":{"@id":"way/11578226","name":"Broad Avenue","ref":"US 1;US 9","route0_ref":"US 9","route0_status":"signed","route0_role":"mainline","route0_tensDigit":0,"route0_onesDigit":"odd","route0_tier":"primary","route1_ref":"US 1","route1_status":"signed","route1_role":"mainline","route1_tensDigit":0,"route1_onesDigit":"odd","route1_tier":"major"},"geometry":{"type":"LineString","coordinates":[[-74.0013526,40.8430663],[-74.0013789,40.8430274]]},"id":"way/11578226"},{"type":"Feature","properties":{"@id":"way/11586412","name":"South Broad Avenue","ref":"US 1;US 9","route0_ref":"US 9","route0_status":"signed","route0_role":"mainline","route0_tensDigit":0,"route0_onesDigit":"odd","route0_tier":"primary","route1_ref":"US 1","route1_status":"signed","route1_role":"mainline","route1_tensDigit":0,"route1_onesDigit":"odd","route1_tier":"major"},"geometry":{"type":"LineString","coordinates":[[-74.0090242,40.8347285],[-74.0091074,40.8346479],[-74.0091352,40.8346179],[-74.0091643,40.8345806],[-74.0091827,40.8345496],[-74.0092026,40.834516],[-74.0092243,40.8344833],[-74.0092491,40.834451],[-74.0092727,40.8344232],[-74.0100586,40.8336497],[-74.010091,40.8336159],[-74.0101461,40.8335516]]},"id":"way/11586412"},{"type":"Feature","properties":{"@id":"way/11588732","name":"East Columbia Avenue","ref":"US 1;US 9","route0_ref":"US 9","route0_status":"signed","route0_role":"mainline","route0_tensDigit":0,"route0_onesDigit":"odd","route0_tier":"primary","route1_ref":"US 1","route1_status":"signed","route1_role":"mainline","route1_tensDigit":0,"route1_onesDigit":"odd","route1_tier":"major"},"geometry":{"type":"LineString","coordinates":[[-74.0014949,40.8428495],[-74.0014024,40.842792],[-74.0002599,40.8420913]]},"id":"way/11588732"},{"type":"Feature","properties":{"@id":"way/11668716","ref":"US 1;US 9","route0_ref":"US 9","route0_status":"signed","route0_role":"mainline","route0_tensDigit":0,"route0_onesDigit":"odd","route0_tier":"primary","route1_ref":"US 1","route1_status":"signed","route1_role":"mainline","route1_tensDigit":0,"route1_onesDigit":"odd","route1_tier":"major"},"geometry":{"type":"LineString","coordinates":[[-74.278808,40.587334],[-74.2793006,40.5867579],[-74.279553,40.5864597],[-74.2798098,40.5861679],[-74.280172,40.5857406],[-74.2805991,40.5852495],[-74.2808579,40.5849772],[-74.2809172,40.5849133],[-74.2810709,40.5847196],[-74.281536,40.5841848],[-74.2819126,40.5837517],[-74.2828181,40.5827105],[-74.283115,40.5823689],[-74.2838533,40.5815196],[-74.2839257,40.5814363],[-74.2841549,40.5811726],[-74.2842788,40.5810301],[-74.2845868,40.5806739],[-74.2848354,40.5803852],[-74.2848679,40.5803475],[-74.2849189,40.5802883]]},"id":"way/11668716"},{"type":"Feature","properties":{"@id":"way/26924002","name":"Pulaski Skyway","ref":"US 1;US 9","route0_ref":"US 9","route0_status":"signed","route0_role":"mainline","route0_tensDigit":0,"route0_onesDigit":"odd","route0_tier":"primary","route1_ref":"US 1","route1_status":"signed","route1_role":"mainline","route1_tensDigit":0,"route1_onesDigit":"odd","route1_tier":"major"},"geometry":{"type":"LineString","coordinates":[[-74.1282211,40.7329588],[-74.1269502,40.7336853],[-74.1265146,40.7339065],[-74.1261617,40.7340822],[-74.1257896,40.7342453],[-74.1254041,40.7344024],[-74.1250306,40.734535],[-74.1246167,40.7346596],[-74.124226,40.7347603],[-74.1238112,40.7348549],[-74.1233917,40.7349334],[-74.1229744,40.7349959],[-74.1225495,40.7350462],[-74.1221126,40.7350785],[-74.1216972,40.7350924],[-74.1212717,40.7350964],[-74.1208346,40.7350843],[-74.1059008,40.7345133],[-74.1040908,40.7344432],[-74.1038351,40.7344363],[-74.1035156,40.734436],[-74.1021566,40.7344562],[-74.1018569,40.7344675],[-74.1015922,40.7344839],[-74.1013281,40.7345058],[-74.1007127,40.7345528]]},"id":"way/26924002"},{"type":"Feature","properties":{"@id":"way/26963677","name":"Tonnelle Avenue","ref":"US 1;US 9","route0_ref":"US 9","route0_status":"signed","route0_role":"mainline","route0_tensDigit":0,"route0_onesDigit":"odd","route0_tier":"primary","route1_ref":"US 1","route1_status":"signed","route1_role":"mainline","route1_tensDigit":0,"route1_onesDigit":"odd","route1_tier":"major"},"geometry":{"type":"LineString","coordinates":[[-74.0408974,40.7752095],[-74.0409534,40.775123]]},"id":"way/26963677"},{"type":"Feature","properties":{"@id":"way/26968003","ref":"US 1;US 9","route0_ref":"US 9","route0_status":"signed","route0_role":"mainline","route0_tensDigit":0,"route0_onesDigit":"odd","route0_tier":"primary","route1_ref":"US 1","route1_status":"signed","route1_role":"mainline","route1_tensDigit":0,"route1_onesDigit":"odd","route1_tier":"major"},"geometry":{"type":"LineString","coordinates":[[-74.1665861,40.7085234],[-74.1668137,40.7085051],[-74.1670387,40.7084891],[-74.1672454,40.7084771],[-74.1675296,40.7084629],[-74.1676967,40.7084549],[-74.1679703,40.7084476],[-74.1683188,40.70844]]},"id":"way/26968003"},{"type":"Feature","properties":{"@id":"way/26968611","ref":"US 1;US 9","route0_ref":"US 9","route0_status":"signed","route0_role":"mainline","route0_tensDigit":0,"route0_onesDigit":"odd","route0_tier":"primary","route1_ref":"US 1","route1_status":"signed","route1_role":"mainline","route1_tensDigit":0,"route1_onesDigit":"odd","route1_tier":"major"},"geometry":{"type":"LineString","coordinates":[[-74.1969358,40.67731],[-74.1967076,40.6775008]]},"id":"way/26968611"},{"type":"Feature","properties":{"@id":"way/27379857","name":"Tonnelle Avenue","ref":"US 1;US 9","route0_ref":"US 9","route0_status":"signed","route0_role":"mainline","route0_tensDigit":0,"route0_onesDigit":"odd","route0_tier":"primary","route1_ref":"US 1","route1_status":"signed","route1_role":"mainline","route1_tensDigit":0,"route1_onesDigit":"odd","route1_tier":"major"},"geometry":{"type":"LineString","coordinates":[[-74.0649158,40.739581],[-74.0648916,40.7396676],[-74.0648714,40.7397302],[-74.06485,40.7397811],[-74.064841,40.7397974],[-74.0648245,40.7398272],[-74.0647952,40.7398716],[-74.0647705,40.7399054],[-74.064741,40.7399407],[-74.0646553,40.7400312],[-74.0643337,40.7403462],[-74.0642461,40.7404369]]},"id":"way/27379857"},{"type":"Feature","properties":{"@id":"way/27380202","name":"Tonnelle Avenue","ref":"US 1;US 9","route0_ref":"US 9","route0_status":"signed","route0_role":"mainline","route0_tensDigit":0,"route0_onesDigit":"odd","route0_tier":"primary","route1_ref":"US 1","route1_status":"signed","route1_role":"mainline","route1_tensDigit":0,"route1_onesDigit":"odd","route1_tier":"major"},"geometry":{"type":"LineString","coordinates":[[-74.0645091,40.7403744],[-74.0645885,40.7402979],[-74.0646777,40.7402174],[-74.064763,40.740148],[-74.0648496,40.7400759],[-74.0649346,40.740012],[-74.0650004,40.7399638],[-74.0650692,40.7399198],[-74.0651275,40.739885],[-74.0651878,40.7398533],[-74.0652682,40.7398174],[-74.0654304,40.7397567]]},"id":"way/27380202"},{"type":"Feature","properties":{"@id":"way/27380212","ref":"US 1;US 9","route0_ref":"US 9","route0_status":"signed","route0_role":"mainline","route0_tensDigit":0,"route0_onesDigit":"odd","route0_tier":"primary","route1_ref":"US 1","route1_status":"signed","route1_role":"mainline","route1_tensDigit":0,"route1_onesDigit":"odd","route1_tier":"major"},"geometry":{"type":"LineString","coordinates":[[-74.0683839,40.7390686],[-74.0683111,40.7390708],[-74.0682487,40.7390713],[-74.0681823,40.7390705],[-74.0681211,40.7390683],[-74.0680617,40.7390656],[-74.0680164,40.7390624],[-74.0679734,40.7390587],[-74.067937,40.7390548],[-74.0678987,40.7390495],[-74.0678648,40.7390435],[-74.0677538,40.7390206],[-74.0677023,40.7390108],[-74.0676538,40.7390028]]},"id":"way/27380212"},{"type":"Feature","properties":{"@id":"way/27380527","name":"Tonnelle Avenue","ref":"US 1;US 9","route0_ref":"US 9","route0_status":"signed","route0_role":"mainline","route0_tensDigit":0,"route0_onesDigit":"odd","route0_tier":"primary","route1_ref":"US 1","route1_status":"signed","route1_role":"mainline","route1_tensDigit":0,"route1_onesDigit":"odd","route1_tier":"major"},"geometry":{"type":"LineString","coordinates":[[-74.0415873,40.774315],[-74.0417282,40.7741084],[-74.0417921,40.7740234],[-74.0418439,40.7739408],[-74.0418879,40.7738709],[-74.0419346,40.7737923],[-74.0419893,40.7736899],[-74.0420257,40.773609],[-74.0421014,40.7734111]]},"id":"way/27380527"},{"type":"Feature","properties":{"@id":"way/27446897","ref":"US 1;US 9","route0_ref":"US 9","route0_status":"signed","route0_role":"mainline","route0_tensDigit":0,"route0_onesDigit":"odd","route0_tier":"primary","route1_ref":"US 1","route1_status":"signed","route1_role":"mainline","route1_tensDigit":0,"route1_onesDigit":"odd","route1_tier":"major"},"geometry":{"type":"LineString","coordinates":[[-74.1597225,40.7100019],[-74.1594816,40.7101426],[-74.1592435,40.7102835],[-74.1590123,40.7104257],[-74.158782,40.7105702]]},"id":"way/27446897"},{"type":"Feature","properties":{"@id":"way/27446898","ref":"US 1;US 9","route0_ref":"US 9","route0_status":"signed","route0_role":"mainline","route0_tensDigit":0,"route0_onesDigit":"odd","route0_tier":"primary","route1_ref":"US 1","route1_status":"signed","route1_role":"mainline","route1_tensDigit":0,"route1_onesDigit":"odd","route1_tier":"major"},"geometry":{"type":"LineString","coordinates":[[-74.1318049,40.7307835],[-74.1310435,40.7312575],[-74.1307112,40.7314509],[-74.1303576,40.7316574],[-74.1292358,40.7323274]]},"id":"way/27446898"},{"type":"Feature","properties":{"@id":"way/27446899","ref":"US 1;US 9","route0_ref":"US 9","route0_status":"signed","route0_role":"mainline","route0_tensDigit":0,"route0_onesDigit":"odd","route0_tier":"primary","route1_ref":"US 1","route1_status":"signed","route1_role":"mainline","route1_tensDigit":0,"route1_onesDigit":"odd","route1_tier":"major"},"geometry":{"type":"LineString","coordinates":[[-74.1296805,40.7322238],[-74.1304003,40.7318664],[-74.13089,40.7316076],[-74.1313736,40.7313492],[-74.1323224,40.7308302]]},"id":"way/27446899"},{"type":"Feature","properties":{"@id":"way/28080879","ref":"US 1;US 9","route0_ref":"US 9","route0_status":"signed","route0_role":"mainline","route0_tensDigit":0,"route0_onesDigit":"odd","route0_tier":"primary","route1_ref":"US 1","route1_status":"signed","route1_role":"mainline","route1_tensDigit":0,"route1_onesDigit":"odd","route1_tier":"major"},"geometry":{"type":"LineString","coordinates":[[-73.9973416,40.8416021],[-73.9974722,40.8416054],[-73.9975826,40.8416097],[-73.9977114,40.841617],[-73.9978374,40.8416245],[-73.9979467,40.8416322],[-73.9981426,40.8416483]]},"id":"way/28080879"},{"type":"Feature","properties":{"@id":"way/28885601","ref":"US 1;US 9","route0_ref":"US 9","route0_status":"signed","route0_role":"mainline","route0_tensDigit":0,"route0_onesDigit":"odd","route0_tier":"primary","route1_ref":"US 1","route1_status":"signed","route1_role":"mainline","route1_tensDigit":0,"route1_onesDigit":"odd","route1_tier":"major"},"geometry":{"type":"LineString","coordinates":[[-74.2783289,40.5876601],[-74.2777888,40.5882793]]},"id":"way/28885601"},{"type":"Feature","properties":{"@id":"way/28885718","name":"Spring Street","ref":"US 1;US 9","route0_ref":"US 9","route0_status":"signed","route0_role":"mainline","route0_tensDigit":0,"route0_onesDigit":"odd","route0_tier":"primary","route1_ref":"US 1","route1_status":"signed","route1_role":"mainline","route1_tensDigit":0,"route1_onesDigit":"odd","route1_tier":"major"},"geometry":{"type":"LineString","coordinates":[[-74.1982606,40.6763128],[-74.1984597,40.6760244],[-74.1985363,40.6759134],[-74.1990665,40.6751722],[-74.1991334,40.6750748],[-74.1996053,40.6743843],[-74.1998302,40.6740551],[-74.200095,40.6736676]]},"id":"way/28885718"},{"type":"Feature","properties":{"@id":"way/39250310","ref":"US 1;US 9","route0_ref":"US 9","route0_status":"signed","route0_role":"mainline","route0_tensDigit":0,"route0_onesDigit":"odd","route0_tier":"primary","route1_ref":"US 1","route1_status":"signed","route1_role":"mainline","route1_tensDigit":0,"route1_onesDigit":"odd","route1_tier":"major"},"geometry":{"type":"LineString","coordinates":[[-74.1610893,40.7092903],[-74.1608346,40.7094119],[-74.160578,40.70954],[-74.1603279,40.7096696],[-74.1600834,40.7098004],[-74.1597225,40.7100019]]},"id":"way/39250310"},{"type":"Feature","properties":{"@id":"way/39250314","ref":"US 1;US 9","route0_ref":"US 9","route0_status":"signed","route0_role":"mainline","route0_tensDigit":0,"route0_onesDigit":"odd","route0_tier":"primary","route1_ref":"US 1","route1_status":"signed","route1_role":"mainline","route1_tensDigit":0,"route1_onesDigit":"odd","route1_tier":"major"},"geometry":{"type":"LineString","coordinates":[[-74.1601881,40.7101272],[-74.160297,40.7100579],[-74.1604074,40.709991],[-74.1605218,40.7099244],[-74.1606388,40.7098606],[-74.1607535,40.7098016],[-74.1608773,40.7097395],[-74.1609978,40.7096835],[-74.1611161,40.709631],[-74.1612469,40.709576],[-74.1613732,40.7095257],[-74.1614999,40.7094788],[-74.1615482,40.7094617]]},"id":"way/39250314"},{"type":"Feature","properties":{"@id":"way/39257206","ref":"US 1;US 9","route0_ref":"US 9","route0_status":"signed","route0_role":"mainline","route0_tensDigit":0,"route0_onesDigit":"odd","route0_tier":"primary","route1_ref":"US 1","route1_status":"signed","route1_role":"mainline","route1_tensDigit":0,"route1_onesDigit":"odd","route1_tier":"major"},"geometry":{"type":"LineString","coordinates":[[-74.1476843,40.7220211],[-74.1501081,40.7207702],[-74.1511843,40.7201758],[-74.1525657,40.719394],[-74.1531417,40.7190683],[-74.1533705,40.7189385],[-74.1534841,40.718873],[-74.1535994,40.7188057],[-74.1537104,40.7187401],[-74.1538241,40.7186705],[-74.1539339,40.7186009],[-74.1540456,40.7185277],[-74.1541528,40.7184538],[-74.1542551,40.7183801],[-74.1543568,40.7183039],[-74.1544609,40.7182208],[-74.1545528,40.7181428],[-74.1546445,40.7180607],[-74.1547352,40.7179747],[-74.1548238,40.7178858],[-74.1549064,40.7177996],[-74.1549854,40.7177098],[-74.1550645,40.7176154],[-74.1551389,40.7175225],[-74.1552105,40.7174258],[-74.1552766,40.7173308],[-74.1553421,40.7172334],[-74.1554055,40.7171341],[-74.1555257,40.7169371],[-74.1556408,40.7167402],[-74.1557563,40.7165388],[-74.1559291,40.7162379]]},"id":"way/39257206"},{"type":"Feature","properties":{"@id":"way/39257210","ref":"US 1;US 9","route0_ref":"US 9","route0_status":"signed","route0_role":"mainline","route0_tensDigit":0,"route0_onesDigit":"odd","route0_tier":"primary","route1_ref":"US 1","route1_status":"signed","route1_role":"mainline","route1_tensDigit":0,"route1_onesDigit":"odd","route1_tier":"major"},"geometry":{"type":"LineString","coordinates":[[-74.1579155,40.7111492],[-74.1575556,40.7114095],[-74.1573435,40.7115718],[-74.1571406,40.711732],[-74.1569291,40.7119006],[-74.1567275,40.7120692],[-74.1565332,40.7122364],[-74.1563444,40.7123978],[-74.1537505,40.7146488]]},"id":"way/39257210"},{"type":"Feature","properties":{"@id":"way/39257215","ref":"US 1;US 9","route0_ref":"US 9","route0_status":"signed","route0_role":"mainline","route0_tensDigit":0,"route0_onesDigit":"odd","route0_tier":"primary","route1_ref":"US 1","route1_status":"signed","route1_role":"mainline","route1_tensDigit":0,"route1_onesDigit":"odd","route1_tier":"major"},"geometry":{"type":"LineString","coordinates":[[-74.151772,40.716623],[-74.1514309,40.7170516]]},"id":"way/39257215"},{"type":"Feature","properties":{"@id":"way/39257216","ref":"US 1;US 9","route0_ref":"US 9","route0_status":"signed","route0_role":"mainline","route0_tensDigit":0,"route0_onesDigit":"odd","route0_tier":"primary","route1_ref":"US 1","route1_status":"signed","route1_role":"mainline","route1_tensDigit":0,"route1_onesDigit":"odd","route1_tier":"major"},"geometry":{"type":"LineString","coordinates":[[-74.1514309,40.7170516],[-74.1496574,40.7193228],[-74.1484159,40.7207344]]},"id":"way/39257216"},{"type":"Feature","properties":{"@id":"way/42480754","name":"George Washington Bridge Lower Level","ref":"I 95;US 1;US 9","unsigned_ref":"US 46","route0_ref":"US 9","route0_status":"signed","route0_role":"mainline","route0_tensDigit":0,"route0_onesDigit":"odd","route0_tier":"primary","route1_ref":"US 1","route1_status":"signed","route1_role":"mainline","route1_tensDigit":0,"route1_onesDigit":"odd","route1_tier":"major"},"geometry":{"type":"LineString","coordinates":[[-73.9626656,40.85336],[-73.9623641,40.8533534],[-73.962004,40.8533351],[-73.9617468,40.8533173]]},"id":"way/42480754"},{"type":"Feature","properties":{"@id":"way/42502902","name":"George Washington Bridge Upper Level","ref":"I 95;US 1;US 9","unsigned_ref":"US 46","route0_ref":"US 9","route0_status":"signed","route0_role":"mainline","route0_tensDigit":0,"route0_onesDigit":"odd","route0_tier":"primary","route1_ref":"US 1","route1_status":"signed","route1_role":"mainline","route1_tensDigit":0,"route1_onesDigit":"odd","route1_tier":"major"},"geometry":{"type":"LineString","coordinates":[[-73.9639164,40.8539389],[-73.9639818,40.8539553],[-73.96413,40.8539941],[-73.9642789,40.8540361],[-73.9644101,40.8540746],[-73.9645524,40.8541189],[-73.9646918,40.8541637],[-73.9648109,40.8542036],[-73.9649391,40.85425],[-73.9650745,40.8542988],[-73.9652079,40.854345],[-73.9653412,40.8543868],[-73.9654767,40.8544244],[-73.9656138,40.8544579],[-73.9657518,40.8544858],[-73.9658954,40.8545107],[-73.9660373,40.8545314],[-73.9661782,40.8545484],[-73.9663232,40.8545611],[-73.9664693,40.8545692],[-73.9666107,40.8545752],[-73.9667526,40.854583],[-73.9668959,40.8545911],[-73.9670392,40.854602],[-73.9671823,40.8546155],[-73.9673245,40.854629],[-73.9674666,40.8546449],[-73.967615,40.8546652],[-73.9677633,40.8546898],[-73.9678886,40.8547127],[-73.9679991,40.8547344],[-73.9681104,40.8547573],[-73.9682361,40.8547839],[-73.9683723,40.8548139],[-73.9685025,40.8548458],[-73.968628,40.8548782],[-73.9687483,40.8549093],[-73.9688706,40.854942],[-73.9689909,40.8549762],[-73.9691206,40.8550137],[-73.9692472,40.8550515],[-73.9693664,40.8550879],[-73.9694966,40.855129],[-73.9696189,40.8551702],[-73.9696524,40.8551821]]},"id":"way/42502902"},{"type":"Feature","properties":{"@id":"way/42502912","name":"George Washington Bridge Lower Level","ref":"I 95;US 1;US 9","unsigned_ref":"US 46","route0_ref":"US 9","route0_status":"signed","route0_role":"mainline","route0_tensDigit":0,"route0_onesDigit":"odd","route0_tier":"primary","route1_ref":"US 1","route1_status":"signed","route1_role":"mainline","route1_tensDigit":0,"route1_onesDigit":"odd","route1_tier":"major"},"geometry":{"type":"LineString","coordinates":[[-73.9671209,40.8539393],[-73.9667011,40.8538737]]},"id":"way/42502912"},{"type":"Feature","properties":{"@id":"way/42502913","name":"George Washington Bridge Lower Level","ref":"I 95;US 1;US 9","unsigned_ref":"US 46","route0_ref":"US 9","route0_status":"signed","route0_role":"mainline","route0_tensDigit":0,"route0_onesDigit":"odd","route0_tier":"primary","route1_ref":"US 1","route1_status":"signed","route1_role":"mainline","route1_tensDigit":0,"route1_onesDigit":"odd","route1_tier":"major"},"geometry":{"type":"LineString","coordinates":[[-73.9667011,40.8538737],[-73.9665536,40.8538547],[-73.9664114,40.8538367],[-73.9662643,40.8538194],[-73.9661283,40.8538044],[-73.9659839,40.853791],[-73.9655162,40.8537434],[-73.965422,40.8537338],[-73.9652695,40.853719]]},"id":"way/42502913"},{"type":"Feature","properties":{"@id":"way/42502956","name":"George Washington Bridge Upper Level","ref":"I 95;US 1;US 9","unsigned_ref":"US 46","route0_ref":"US 9","route0_status":"signed","route0_role":"mainline","route0_tensDigit":0,"route0_onesDigit":"odd","route0_tier":"primary","route1_ref":"US 1","route1_status":"signed","route1_role":"mainline","route1_tensDigit":0,"route1_onesDigit":"odd","route1_tier":"major"},"geometry":{"type":"LineString","coordinates":[[-73.9633049,40.853806],[-73.9635257,40.8538535]]},"id":"way/42502956"},{"type":"Feature","properties":{"@id":"way/42508611","name":"Broad Avenue","ref":"US 1;US 9","route0_ref":"US 9","route0_status":"signed","route0_role":"mainline","route0_tensDigit":0,"route0_onesDigit":"odd","route0_tier":"primary","route1_ref":"US 1","route1_status":"signed","route1_role":"mainline","route1_tensDigit":0,"route1_onesDigit":"odd","route1_tier":"major"},"geometry":{"type":"LineString","coordinates":[[-74.0014755,40.8428792],[-74.0014949,40.8428495]]},"id":"way/42508611"},{"type":"Feature","properties":{"@id":"way/42508873","name":"Broad Avenue","ref":"US 1;US 9","route0_ref":"US 9","route0_status":"signed","route0_role":"mainline","route0_tensDigit":0,"route0_onesDigit":"odd","route0_tier":"primary","route1_ref":"US 1","route1_status":"signed","route1_role":"mainline","route1_tensDigit":0,"route1_onesDigit":"odd","route1_tier":"major"},"geometry":{"type":"LineString","coordinates":[[-74.0013789,40.8430274],[-74.0014755,40.8428792]]},"id":"way/42508873"},{"type":"Feature","properties":{"@id":"way/46590477","name":"George Washington Bridge Lower Level","ref":"I 95;US 1;US 9","unsigned_ref":"US 46","route0_ref":"US 9","route0_status":"signed","route0_role":"mainline","route0_tensDigit":0,"route0_onesDigit":"odd","route0_tier":"primary","route1_ref":"US 1","route1_status":"signed","route1_role":"mainline","route1_tensDigit":0,"route1_onesDigit":"odd","route1_tier":"major"},"geometry":{"type":"LineString","coordinates":[[-73.9607266,40.8531696],[-73.9525431,40.8515613]]},"id":"way/46590477"},{"type":"Feature","properties":{"@id":"way/49032026","name":"George Washington Bridge Upper Level","ref":"I 95;US 1;US 9","route0_ref":"US 9","route0_status":"signed","route0_role":"mainline","route0_tensDigit":0,"route0_onesDigit":"odd","route0_tier":"primary","route1_ref":"US 1","route1_status":"signed","route1_role":"mainline","route1_tensDigit":0,"route1_onesDigit":"odd","route1_tier":"major"},"geometry":{"type":"LineString","coordinates":[[-73.952533,40.8515745],[-73.9446443,40.8500274]]},"id":"way/49032026"},{"type":"Feature","properties":{"@id":"way/49036344","name":"George Washington Bridge Upper Level","ref":"I 95;US 1;US 9","unsigned_ref":"US 46","route0_ref":"US 9","route0_status":"signed","route0_role":"mainline","route0_tensDigit":0,"route0_onesDigit":"odd","route0_tier":"primary","route1_ref":"US 1","route1_status":"signed","route1_role":"mainline","route1_tensDigit":0,"route1_onesDigit":"odd","route1_tier":"major"},"geometry":{"type":"LineString","coordinates":[[-73.9524621,40.8516917],[-73.959798,40.8531194],[-73.9606814,40.8532913]]},"id":"way/49036344"},{"type":"Feature","properties":{"@id":"way/50072706","name":"Spring Street","ref":"US 1;US 9","route0_ref":"US 9","route0_status":"signed","route0_role":"mainline","route0_tensDigit":0,"route0_onesDigit":"odd","route0_tier":"primary","route1_ref":"US 1","route1_status":"signed","route1_role":"mainline","route1_tensDigit":0,"route1_onesDigit":"odd","route1_tier":"major"},"geometry":{"type":"LineString","coordinates":[[-74.1978915,40.6768453],[-74.1979689,40.6767587],[-74.1980586,40.676647],[-74.1981537,40.6765239],[-74.1982606,40.6763128]]},"id":"way/50072706"},{"type":"Feature","properties":{"@id":"way/50072707","ref":"US 1;US 9","route0_ref":"US 9","route0_status":"signed","route0_role":"mainline","route0_tensDigit":0,"route0_onesDigit":"odd","route0_tier":"primary","route1_ref":"US 1","route1_status":"signed","route1_role":"mainline","route1_tensDigit":0,"route1_onesDigit":"odd","route1_tier":"major"},"geometry":{"type":"LineString","coordinates":[[-74.197728,40.6766525],[-74.1973277,40.6769773],[-74.197119,40.6771545],[-74.1970311,40.6772291],[-74.1969358,40.67731]]},"id":"way/50072707"},{"type":"Feature","properties":{"@id":"way/50073731","name":"Broad Avenue","ref":"US 1;US 9","route0_ref":"US 9","route0_status":"signed","route0_role":"mainline","route0_tensDigit":0,"route0_onesDigit":"odd","route0_tier":"primary","route1_ref":"US 1","route1_status":"signed","route1_role":"mainline","route1_tensDigit":0,"route1_onesDigit":"odd","route1_tier":"major"},"geometry":{"type":"LineString","coordinates":[[-74.0024864,40.8415454],[-74.0024549,40.8415844],[-74.0021034,40.8420378],[-74.0020292,40.8421335],[-74.0019367,40.8422609],[-74.0018034,40.8424401]]},"id":"way/50073731"},{"type":"Feature","properties":{"@id":"way/50074178","name":"George Washington Bridge Lower Level","ref":"I 95;US 1;US 9","unsigned_ref":"US 46","route0_ref":"US 9","route0_status":"signed","route0_role":"mainline","route0_tensDigit":0,"route0_onesDigit":"odd","route0_tier":"primary","route1_ref":"US 1","route1_status":"signed","route1_role":"mainline","route1_tensDigit":0,"route1_onesDigit":"odd","route1_tier":"major"},"geometry":{"type":"LineString","coordinates":[[-73.9720894,40.8559602],[-73.9719774,40.8558875],[-73.9718644,40.8558147],[-73.9717603,40.855746],[-73.9716442,40.8556658],[-73.9715484,40.8555954],[-73.971443,40.8555186],[-73.971334,40.855441],[-73.9712196,40.8553582],[-73.9710944,40.8552675]]},"id":"way/50074178"},{"type":"Feature","properties":{"@id":"way/50074179","name":"George Washington Bridge Lower Level","ref":"I 95;US 1;US 9","unsigned_ref":"US 46","route0_ref":"US 9","route0_status":"signed","route0_role":"mainline","route0_tensDigit":0,"route0_onesDigit":"odd","route0_tier":"primary","route1_ref":"US 1","route1_status":"signed","route1_role":"mainline","route1_tensDigit":0,"route1_onesDigit":"odd","route1_tier":"major"},"geometry":{"type":"LineString","coordinates":[[-73.9729743,40.8565533],[-73.9728446,40.8564694],[-73.9727371,40.8563964],[-73.9726331,40.856325],[-73.9724152,40.8561766],[-73.9722515,40.8560677]]},"id":"way/50074179"},{"type":"Feature","properties":{"@id":"way/51509963","ref":"US 1;US 9","route0_ref":"US 9","route0_status":"signed","route0_role":"mainline","route0_tensDigit":0,"route0_onesDigit":"odd","route0_tier":"primary","route1_ref":"US 1","route1_status":"signed","route1_role":"mainline","route1_tensDigit":0,"route1_onesDigit":"odd","route1_tier":"major"},"geometry":{"type":"LineString","coordinates":[[-74.132886,40.7305358],[-74.1348928,40.729405]]},"id":"way/51509963"},{"type":"Feature","properties":{"@id":"way/51509971","ref":"US 1;US 9","route0_ref":"US 9","route0_status":"signed","route0_role":"mainline","route0_tensDigit":0,"route0_onesDigit":"odd","route0_tier":"primary","route1_ref":"US 1","route1_status":"signed","route1_role":"mainline","route1_tensDigit":0,"route1_onesDigit":"odd","route1_tier":"major"},"geometry":{"type":"LineString","coordinates":[[-74.1348928,40.729405],[-74.1366593,40.7284091]]},"id":"way/51509971"},{"type":"Feature","properties":{"@id":"way/51509989","ref":"US 1;US 9","route0_ref":"US 9","route0_status":"signed","route0_role":"mainline","route0_tensDigit":0,"route0_onesDigit":"odd","route0_tier":"primary","route1_ref":"US 1","route1_status":"signed","route1_role":"mainline","route1_tensDigit":0,"route1_onesDigit":"odd","route1_tier":"major"},"geometry":{"type":"LineString","coordinates":[[-74.1366593,40.7284091],[-74.1383184,40.7274687]]},"id":"way/51509989"},{"type":"Feature","properties":{"@id":"way/51509992","ref":"US 1;US 9","route0_ref":"US 9","route0_status":"signed","route0_role":"mainline","route0_tensDigit":0,"route0_onesDigit":"odd","route0_tier":"primary","route1_ref":"US 1","route1_status":"signed","route1_role":"mainline","route1_tensDigit":0,"route1_onesDigit":"odd","route1_tier":"major"},"geometry":{"type":"LineString","coordinates":[[-74.1383184,40.7274687],[-74.1394032,40.7268598]]},"id":"way/51509992"},{"type":"Feature","properties":{"@id":"way/51509994","ref":"US 1;US 9","route0_ref":"US 9","route0_status":"signed","route0_role":"mainline","route0_tensDigit":0,"route0_onesDigit":"odd","route0_tier":"primary","route1_ref":"US 1","route1_status":"signed","route1_role":"mainline","route1_tensDigit":0,"route1_onesDigit":"odd","route1_tier":"major"},"geometry":{"type":"LineString","coordinates":[[-74.1394032,40.7268598],[-74.1400798,40.7264803],[-74.1407667,40.7260938],[-74.141543,40.7256564],[-74.1422808,40.7252312]]},"id":"way/51509994"},{"type":"Feature","properties":{"@id":"way/51509995","ref":"US 1;US 9","route0_ref":"US 9","route0_status":"signed","route0_role":"mainline","route0_tensDigit":0,"route0_onesDigit":"odd","route0_tier":"primary","route1_ref":"US 1","route1_status":"signed","route1_role":"mainline","route1_tensDigit":0,"route1_onesDigit":"odd","route1_tier":"major"},"geometry":{"type":"LineString","coordinates":[[-74.1422808,40.7252312],[-74.1427952,40.724937]]},"id":"way/51509995"},{"type":"Feature","properties":{"@id":"way/51509996","ref":"US 1;US 9","route0_ref":"US 9","route0_status":"signed","route0_role":"mainline","route0_tensDigit":0,"route0_onesDigit":"odd","route0_tier":"primary","route1_ref":"US 1","route1_status":"signed","route1_role":"mainline","route1_tensDigit":0,"route1_onesDigit":"odd","route1_tier":"major"},"geometry":{"type":"LineString","coordinates":[[-74.1427952,40.724937],[-74.1445444,40.7239455]]},"id":"way/51509996"},{"type":"Feature","properties":{"@id":"way/51509997","name":"US 1-9 Local","ref":"US 1;US 9","route0_ref":"US 9","route0_status":"signed","route0_role":"mainline","route0_tensDigit":0,"route0_onesDigit":"odd","route0_tier":"primary","route1_ref":"US 1","route1_status":"signed","route1_role":"mainline","route1_tensDigit":0,"route1_onesDigit":"odd","route1_tier":"major"},"geometry":{"type":"LineString","coordinates":[[-74.1445444,40.7239455],[-74.1450529,40.7236555]]},"id":"way/51509997"},{"type":"Feature","properties":{"@id":"way/51510000","ref":"US 1;US 9","route0_ref":"US 9","route0_status":"signed","route0_role":"mainline","route0_tensDigit":0,"route0_onesDigit":"odd","route0_tier":"primary","route1_ref":"US 1","route1_status":"signed","route1_role":"mainline","route1_tensDigit":0,"route1_onesDigit":"odd","route1_tier":"major"},"geometry":{"type":"LineString","coordinates":[[-74.1458493,40.7231689],[-74.1469674,40.7224466],[-74.1470818,40.7223747],[-74.1471956,40.7223038],[-74.1473126,40.7222344],[-74.1474349,40.7221616],[-74.1475576,40.7220914],[-74.1476843,40.7220211]]},"id":"way/51510000"},{"type":"Feature","properties":{"@id":"way/51510020","ref":"US 1;US 9","route0_ref":"US 9","route0_status":"signed","route0_role":"mainline","route0_tensDigit":0,"route0_onesDigit":"odd","route0_tier":"primary","route1_ref":"US 1","route1_status":"signed","route1_role":"mainline","route1_tensDigit":0,"route1_onesDigit":"odd","route1_tier":"major"},"geometry":{"type":"LineString","coordinates":[[-74.1479986,40.7211385],[-74.1478528,40.721271],[-74.147665,40.7214327],[-74.1474748,40.721594],[-74.1472711,40.7217592],[-74.1470792,40.7219126],[-74.146873,40.7220689],[-74.1466699,40.7222209],[-74.1464653,40.72237],[-74.1462552,40.7225205],[-74.1460473,40.7226648],[-74.1458329,40.7228061],[-74.1456107,40.7229521],[-74.1454091,40.7230784],[-74.1451828,40.723219],[-74.1449994,40.7233232]]},"id":"way/51510020"},{"type":"Feature","properties":{"@id":"way/51510021","ref":"US 1;US 9","route0_ref":"US 9","route0_status":"signed","route0_role":"mainline","route0_tensDigit":0,"route0_onesDigit":"odd","route0_tier":"primary","route1_ref":"US 1","route1_status":"signed","route1_role":"mainline","route1_tensDigit":0,"route1_onesDigit":"odd","route1_tier":"major"},"geometry":{"type":"LineString","coordinates":[[-74.1484159,40.7207344],[-74.1482101,40.7209368],[-74.1479986,40.7211385]]},"id":"way/51510021"},{"type":"Feature","properties":{"@id":"way/51510046","ref":"US 1;US 9","route0_ref":"US 9","route0_status":"signed","route0_role":"mainline","route0_tensDigit":0,"route0_onesDigit":"odd","route0_tier":"primary","route1_ref":"US 1","route1_status":"signed","route1_role":"mainline","route1_tensDigit":0,"route1_onesDigit":"odd","route1_tier":"major"},"geometry":{"type":"LineString","coordinates":[[-74.1443204,40.723718],[-74.1425804,40.7247144]]},"id":"way/51510046"},{"type":"Feature","properties":{"@id":"way/51510047","ref":"US 1;US 9","route0_ref":"US 9","route0_status":"signed","route0_role":"mainline","route0_tensDigit":0,"route0_onesDigit":"odd","route0_tier":"primary","route1_ref":"US 1","route1_status":"signed","route1_role":"mainline","route1_tensDigit":0,"route1_onesDigit":"odd","route1_tier":"major"},"geometry":{"type":"LineString","coordinates":[[-74.1448343,40.7234224],[-74.1443204,40.723718]]},"id":"way/51510047"},{"type":"Feature","properties":{"@id":"way/51510051","ref":"US 1;US 9","route0_ref":"US 9","route0_status":"signed","route0_role":"mainline","route0_tensDigit":0,"route0_onesDigit":"odd","route0_tier":"primary","route1_ref":"US 1","route1_status":"signed","route1_role":"mainline","route1_tensDigit":0,"route1_onesDigit":"odd","route1_tier":"major"},"geometry":{"type":"LineString","coordinates":[[-74.1425804,40.7247144],[-74.1420722,40.7250168]]},"id":"way/51510051"},{"type":"Feature","properties":{"@id":"way/51510054","ref":"US 1;US 9","route0_ref":"US 9","route0_status":"signed","route0_role":"mainline","route0_tensDigit":0,"route0_onesDigit":"odd","route0_tier":"primary","route1_ref":"US 1","route1_status":"signed","route1_role":"mainline","route1_tensDigit":0,"route1_onesDigit":"odd","route1_tier":"major"},"geometry":{"type":"LineString","coordinates":[[-74.1420722,40.7250168],[-74.1414109,40.7253975],[-74.1403694,40.7259852],[-74.140047,40.7261666],[-74.1397977,40.7263057],[-74.1394548,40.7264898],[-74.1390268,40.7267246]]},"id":"way/51510054"},{"type":"Feature","properties":{"@id":"way/51510055","ref":"US 1;US 9","route0_ref":"US 9","route0_status":"signed","route0_role":"mainline","route0_tensDigit":0,"route0_onesDigit":"odd","route0_tier":"primary","route1_ref":"US 1","route1_status":"signed","route1_role":"mainline","route1_tensDigit":0,"route1_onesDigit":"odd","route1_tier":"major"},"geometry":{"type":"LineString","coordinates":[[-74.1378624,40.7273691],[-74.1361617,40.7283326]]},"id":"way/51510055"},{"type":"Feature","properties":{"@id":"way/51510056","ref":"US 1;US 9","route0_ref":"US 9","route0_status":"signed","route0_role":"mainline","route0_tensDigit":0,"route0_onesDigit":"odd","route0_tier":"primary","route1_ref":"US 1","route1_status":"signed","route1_role":"mainline","route1_tensDigit":0,"route1_onesDigit":"odd","route1_tier":"major"},"geometry":{"type":"LineString","coordinates":[[-74.1390268,40.7267246],[-74.1378624,40.7273691]]},"id":"way/51510056"},{"type":"Feature","properties":{"@id":"way/51510133","ref":"US 1;US 9","route0_ref":"US 9","route0_status":"signed","route0_role":"mainline","route0_tensDigit":0,"route0_onesDigit":"odd","route0_tier":"primary","route1_ref":"US 1","route1_status":"signed","route1_role":"mainline","route1_tensDigit":0,"route1_onesDigit":"odd","route1_tier":"major"},"geometry":{"type":"LineString","coordinates":[[-74.1361617,40.7283326],[-74.1346974,40.7291572]]},"id":"way/51510133"},{"type":"Feature","properties":{"@id":"way/51510136","ref":"US 1;US 9","route0_ref":"US 9","route0_status":"signed","route0_role":"mainline","route0_tensDigit":0,"route0_onesDigit":"odd","route0_tier":"primary","route1_ref":"US 1","route1_status":"signed","route1_role":"mainline","route1_tensDigit":0,"route1_onesDigit":"odd","route1_tier":"major"},"geometry":{"type":"LineString","coordinates":[[-74.1346974,40.7291572],[-74.1328074,40.7302233]]},"id":"way/51510136"},{"type":"Feature","properties":{"@id":"way/51510143","ref":"US 1;US 9","route0_ref":"US 9","route0_status":"signed","route0_role":"mainline","route0_tensDigit":0,"route0_onesDigit":"odd","route0_tier":"primary","route1_ref":"US 1","route1_status":"signed","route1_role":"mainline","route1_tensDigit":0,"route1_onesDigit":"odd","route1_tier":"major"},"geometry":{"type":"LineString","coordinates":[[-74.1328074,40.7302233],[-74.132202,40.7305655]]},"id":"way/51510143"},{"type":"Feature","properties":{"@id":"way/51510144","ref":"US 1;US 9","route0_ref":"US 9","route0_status":"signed","route0_role":"mainline","route0_tensDigit":0,"route0_onesDigit":"odd","route0_tier":"primary","route1_ref":"US 1","route1_status":"signed","route1_role":"mainline","route1_tensDigit":0,"route1_onesDigit":"odd","route1_tier":"major"},"geometry":{"type":"LineString","coordinates":[[-74.132202,40.7305655],[-74.1318049,40.7307835]]},"id":"way/51510144"},{"type":"Feature","properties":{"@id":"way/51654122","ref":"US 1;US 9","route0_ref":"US 9","route0_status":"signed","route0_role":"mainline","route0_tensDigit":0,"route0_onesDigit":"odd","route0_tier":"primary","route1_ref":"US 1","route1_status":"signed","route1_role":"mainline","route1_tensDigit":0,"route1_onesDigit":"odd","route1_tier":"major"},"geometry":{"type":"LineString","coordinates":[[-74.2971034,40.5663659],[-74.297051,40.5664705],[-74.2970031,40.5665608],[-74.2969464,40.5666601],[-74.2968874,40.5667546],[-74.2968289,40.5668458],[-74.2967653,40.5669383],[-74.2967014,40.5670349],[-74.296639,40.5671241],[-74.2965736,40.5672149],[-74.2965087,40.5672989],[-74.2964322,40.5673911],[-74.2963581,40.567475],[-74.2962815,40.5675615],[-74.2962055,40.5676474],[-74.2959162,40.5679687],[-74.2953003,40.5686528],[-74.2948993,40.5691169],[-74.2945301,40.5695794]]},"id":"way/51654122"},{"type":"Feature","properties":{"@id":"way/55333443","name":"Broad Avenue","ref":"US 1;US 9","route0_ref":"US 9","route0_status":"signed","route0_role":"mainline","route0_tensDigit":0,"route0_onesDigit":"odd","route0_tier":"primary","route1_ref":"US 1","route1_status":"signed","route1_role":"mainline","route1_tensDigit":0,"route1_onesDigit":"odd","route1_tier":"major"},"geometry":{"type":"LineString","coordinates":[[-74.0084119,40.8351753],[-74.0086777,40.8349912],[-74.0087389,40.8349394],[-74.0087976,40.8348912],[-74.0088264,40.8348706],[-74.0090242,40.8347285]]},"id":"way/55333443"},{"type":"Feature","properties":{"@id":"way/55333444","name":"Broad Avenue","ref":"US 1;US 9","route0_ref":"US 9","route0_status":"signed","route0_role":"mainline","route0_tensDigit":0,"route0_onesDigit":"odd","route0_tier":"primary","route1_ref":"US 1","route1_status":"signed","route1_role":"mainline","route1_tensDigit":0,"route1_onesDigit":"odd","route1_tier":"major"},"geometry":{"type":"LineString","coordinates":[[-74.0091689,40.8343919],[-74.0089904,40.8345639],[-74.0088143,40.8347402],[-74.0087185,40.8348347],[-74.0085992,40.8349527],[-74.0084119,40.8351753]]},"id":"way/55333444"},{"type":"Feature","properties":{"@id":"way/55333460","name":"South Broad Avenue","ref":"US 1;US 9","route0_ref":"US 9","route0_status":"signed","route0_role":"mainline","route0_tensDigit":0,"route0_onesDigit":"odd","route0_tier":"primary","route1_ref":"US 1","route1_status":"signed","route1_role":"mainline","route1_tensDigit":0,"route1_onesDigit":"odd","route1_tier":"major"},"geometry":{"type":"LineString","coordinates":[[-74.0102614,40.8307949],[-74.0101572,40.8310178],[-74.0100708,40.8313454],[-74.0100494,40.8315402],[-74.0100689,40.8319511],[-74.0100826,40.8320466]]},"id":"way/55333460"},{"type":"Feature","properties":{"@id":"way/56053667","ref":"US 1;US 9","route0_ref":"US 9","route0_status":"signed","route0_role":"mainline","route0_tensDigit":0,"route0_onesDigit":"odd","route0_tier":"primary","route1_ref":"US 1","route1_status":"signed","route1_role":"mainline","route1_tensDigit":0,"route1_onesDigit":"odd","route1_tier":"major"},"geometry":{"type":"LineString","coordinates":[[-74.1835075,40.7046684],[-74.1840001,40.7040342],[-74.1841409,40.7038471],[-74.1842822,40.703655],[-74.1844211,40.7034634],[-74.1845402,40.7032923],[-74.1845581,40.7032665]]},"id":"way/56053667"},{"type":"Feature","properties":{"@id":"way/56053748","ref":"US 1;US 9","route0_ref":"US 9","route0_status":"signed","route0_role":"mainline","route0_tensDigit":0,"route0_onesDigit":"odd","route0_tier":"primary","route1_ref":"US 1","route1_status":"signed","route1_role":"mainline","route1_tensDigit":0,"route1_onesDigit":"odd","route1_tier":"major"},"geometry":{"type":"LineString","coordinates":[[-74.1927374,40.6882073],[-74.192799,40.6879783],[-74.1928213,40.6878802],[-74.1928453,40.6877576],[-74.192863,40.687651],[-74.1928785,40.6875371],[-74.1928921,40.687429],[-74.1929168,40.6872126],[-74.1929273,40.6871016],[-74.1929354,40.686995],[-74.192943,40.6868818],[-74.1929483,40.6867255]]},"id":"way/56053748"},{"type":"Feature","properties":{"@id":"way/56053799","ref":"US 1;US 9","route0_ref":"US 9","route0_status":"signed","route0_role":"mainline","route0_tensDigit":0,"route0_onesDigit":"odd","route0_tier":"primary","route1_ref":"US 1","route1_status":"signed","route1_role":"mainline","route1_tensDigit":0,"route1_onesDigit":"odd","route1_tier":"major"},"geometry":{"type":"LineString","coordinates":[[-74.1972998,40.677458],[-74.1973818,40.6773697],[-74.1974021,40.6773478],[-74.1977301,40.6770167],[-74.1978114,40.6769288],[-74.1978915,40.6768453]]},"id":"way/56053799"},{"type":"Feature","properties":{"@id":"way/58734978","name":"George Washington Bridge Upper Level","ref":"I 95;US 1;US 9","route0_ref":"US 9","route0_status":"signed","route0_role":"mainline","route0_tensDigit":0,"route0_onesDigit":"odd","route0_tier":"primary","route1_ref":"US 1","route1_status":"signed","route1_role":"mainline","route1_tensDigit":0,"route1_onesDigit":"odd","route1_tier":"major"},"geometry":{"type":"LineString","coordinates":[[-73.9723123,40.8563497],[-73.9721872,40.8562668],[-73.9720796,40.8561968],[-73.9719663,40.8561275],[-73.9718532,40.856061],[-73.9717374,40.8559928]]},"id":"way/58734978"},{"type":"Feature","properties":{"@id":"way/60429483","name":"Tonnelle Avenue","ref":"US 1;US 9","route0_ref":"US 9","route0_status":"signed","route0_role":"mainline","route0_tensDigit":0,"route0_onesDigit":"odd","route0_tier":"primary","route1_ref":"US 1","route1_status":"signed","route1_role":"mainline","route1_tensDigit":0,"route1_onesDigit":"odd","route1_tier":"major"},"geometry":{"type":"LineString","coordinates":[[-74.036327,40.781578],[-74.0357744,40.7821127]]},"id":"way/60429483"},{"type":"Feature","properties":{"@id":"way/60429716","ref":"US 1;US 9","route0_ref":"US 9","route0_status":"signed","route0_role":"mainline","route0_tensDigit":0,"route0_onesDigit":"odd","route0_tier":"primary","route1_ref":"US 1","route1_status":"signed","route1_role":"mainline","route1_tensDigit":0,"route1_onesDigit":"odd","route1_tier":"major"},"geometry":{"type":"LineString","coordinates":[[-74.0671307,40.7389989],[-74.0666116,40.7390426]]},"id":"way/60429716"},{"type":"Feature","properties":{"@id":"way/60430051","name":"Tonnelle Avenue","ref":"US 1;US 9","route0_ref":"US 9","route0_status":"signed","route0_role":"mainline","route0_tensDigit":0,"route0_onesDigit":"odd","route0_tier":"primary","route1_ref":"US 1","route1_status":"signed","route1_role":"mainline","route1_tensDigit":0,"route1_onesDigit":"odd","route1_tier":"major"},"geometry":{"type":"LineString","coordinates":[[-74.0617735,40.7469614],[-74.0617221,40.7470596],[-74.0616037,40.7472855],[-74.0614319,40.7476133],[-74.0612709,40.7479151]]},"id":"way/60430051"},{"type":"Feature","properties":{"@id":"way/60430054","name":"Tonnelle Avenue","ref":"US 1;US 9","route0_ref":"US 9","route0_status":"signed","route0_role":"mainline","route0_tensDigit":0,"route0_onesDigit":"odd","route0_tier":"primary","route1_ref":"US 1","route1_status":"signed","route1_role":"mainline","route1_tensDigit":0,"route1_onesDigit":"odd","route1_tier":"major"},"geometry":{"type":"LineString","coordinates":[[-74.04709,40.7659394],[-74.0472099,40.7657696],[-74.0473774,40.7655325],[-74.0483949,40.7640918],[-74.0486733,40.7636977],[-74.0499077,40.7619498]]},"id":"way/60430054"},{"type":"Feature","properties":{"@id":"way/60430057","name":"Tonnelle Avenue","ref":"US 1;US 9","route0_ref":"US 9","route0_status":"signed","route0_role":"mainline","route0_tensDigit":0,"route0_onesDigit":"odd","route0_tier":"primary","route1_ref":"US 1","route1_status":"signed","route1_role":"mainline","route1_tensDigit":0,"route1_onesDigit":"odd","route1_tier":"major"},"geometry":{"type":"LineString","coordinates":[[-74.062035,40.7462301],[-74.0618461,40.7467934],[-74.0618299,40.7468486],[-74.0617735,40.7469614]]},"id":"way/60430057"},{"type":"Feature","properties":{"@id":"way/60430069","name":"Tonnelle Avenue","ref":"US 1;US 9","route0_ref":"US 9","route0_status":"signed","route0_role":"mainline","route0_tensDigit":0,"route0_onesDigit":"odd","route0_tier":"primary","route1_ref":"US 1","route1_status":"signed","route1_role":"mainline","route1_tensDigit":0,"route1_onesDigit":"odd","route1_tier":"major"},"geometry":{"type":"LineString","coordinates":[[-74.0543041,40.7568214],[-74.0540013,40.7571288],[-74.0525561,40.758489],[-74.051966,40.7590579],[-74.0515154,40.7595374],[-74.0511855,40.759964],[-74.0505981,40.7607564],[-74.0499249,40.7617051],[-74.0494749,40.7623609],[-74.0493589,40.76253],[-74.0492168,40.7627308],[-74.0491339,40.7628479],[-74.0489967,40.7630418],[-74.0487533,40.7633856],[-74.048601,40.7636007],[-74.048442,40.7638254],[-74.0481847,40.7641889],[-74.0481036,40.7643035],[-74.0478675,40.7646631],[-74.0477576,40.7648215],[-74.0474491,40.7652552],[-74.0469744,40.7659225],[-74.0468655,40.7660806],[-74.0467152,40.7662802],[-74.0466224,40.7664034],[-74.046236,40.7669167],[-74.0457701,40.7675356],[-74.0456697,40.7676631]]},"id":"way/60430069"},{"type":"Feature","properties":{"@id":"way/60430074","name":"Tonnelle Avenue","ref":"US 1;US 9","route0_ref":"US 9","route0_status":"signed","route0_role":"mainline","route0_tensDigit":0,"route0_onesDigit":"odd","route0_tier":"primary","route1_ref":"US 1","route1_status":"signed","route1_role":"mainline","route1_tensDigit":0,"route1_onesDigit":"odd","route1_tier":"major"},"geometry":{"type":"LineString","coordinates":[[-74.0623859,40.7455273],[-74.062456,40.745325],[-74.0625546,40.7450405],[-74.0625904,40.744932],[-74.0626265,40.7448222],[-74.0627667,40.7443574],[-74.0628672,40.7440241],[-74.0629081,40.7438886],[-74.0629247,40.7438368],[-74.0629462,40.7437828],[-74.0629884,40.7436862],[-74.0630108,40.7436291],[-74.0630277,40.743578]]},"id":"way/60430074"},{"type":"Feature","properties":{"@id":"way/60430075","name":"Tonnelle Avenue","ref":"US 1;US 9","route0_ref":"US 9","route0_status":"signed","route0_role":"mainline","route0_tensDigit":0,"route0_onesDigit":"odd","route0_tier":"primary","route1_ref":"US 1","route1_status":"signed","route1_role":"mainline","route1_tensDigit":0,"route1_onesDigit":"odd","route1_tier":"major"},"geometry":{"type":"LineString","coordinates":[[-74.0618805,40.7469976],[-74.0619182,40.7469008],[-74.06194,40.7468005],[-74.0619527,40.7467633],[-74.0620972,40.746315],[-74.0623859,40.7455273]]},"id":"way/60430075"},{"type":"Feature","properties":{"@id":"way/60430318","name":"Broad Avenue","ref":"US 1;US 9","route0_ref":"US 9","route0_status":"signed","route0_role":"mainline","route0_tensDigit":0,"route0_onesDigit":"odd","route0_tier":"primary","route1_ref":"US 1","route1_status":"signed","route1_role":"mainline","route1_tensDigit":0,"route1_onesDigit":"odd","route1_tier":"major"},"geometry":{"type":"LineString","coordinates":[[-74.008406,40.821388],[-74.0086356,40.8218321],[-74.0086875,40.8219646],[-74.0087282,40.8220694]]},"id":"way/60430318"},{"type":"Feature","properties":{"@id":"way/60430319","name":"South Broad Avenue","ref":"US 1;US 9","route0_ref":"US 9","route0_status":"signed","route0_role":"mainline","route0_tensDigit":0,"route0_onesDigit":"odd","route0_tier":"primary","route1_ref":"US 1","route1_status":"signed","route1_role":"mainline","route1_tensDigit":0,"route1_onesDigit":"odd","route1_tier":"major"},"geometry":{"type":"LineString","coordinates":[[-74.0101461,40.8335516],[-74.0101714,40.8335203],[-74.0101987,40.8334871],[-74.0102247,40.8334492],[-74.0102457,40.8334134],[-74.0102634,40.8333734],[-74.0102773,40.8333358],[-74.0102913,40.8332951],[-74.0103047,40.8332447],[-74.0103161,40.833191],[-74.0103247,40.8331371],[-74.0103307,40.8330602]]},"id":"way/60430319"},{"type":"Feature","properties":{"@id":"way/60430347","name":"South Broad Avenue","ref":"US 1;US 9","route0_ref":"US 9","route0_status":"signed","route0_role":"mainline","route0_tensDigit":0,"route0_onesDigit":"odd","route0_tier":"primary","route1_ref":"US 1","route1_status":"signed","route1_role":"mainline","route1_tensDigit":0,"route1_onesDigit":"odd","route1_tier":"major"},"geometry":{"type":"LineString","coordinates":[[-74.0102645,40.8320383],[-74.0102529,40.8319016],[-74.0102129,40.8313627],[-74.0102104,40.8312841],[-74.0102096,40.8312194],[-74.0102166,40.8311531],[-74.0102271,40.8310802],[-74.0102384,40.8310236],[-74.0102614,40.8307949]]},"id":"way/60430347"},{"type":"Feature","properties":{"@id":"way/60725948","ref":"US 1;US 9","route0_ref":"US 9","route0_status":"signed","route0_role":"mainline","route0_tensDigit":0,"route0_onesDigit":"odd","route0_tier":"primary","route1_ref":"US 1","route1_status":"signed","route1_role":"mainline","route1_tensDigit":0,"route1_onesDigit":"odd","route1_tier":"major"},"geometry":{"type":"LineString","coordinates":[[-74.2900932,40.5743137],[-74.2899894,40.5744223],[-74.2897491,40.574664],[-74.2894022,40.5750219],[-74.2891474,40.5752848],[-74.2890577,40.5753774],[-74.2887639,40.575689],[-74.2884102,40.5760784],[-74.287998,40.5765543]]},"id":"way/60725948"},{"type":"Feature","properties":{"@id":"way/60725949","ref":"US 1;US 9","route0_ref":"US 9","route0_status":"signed","route0_role":"mainline","route0_tensDigit":0,"route0_onesDigit":"odd","route0_tier":"primary","route1_ref":"US 1","route1_status":"signed","route1_role":"mainline","route1_tensDigit":0,"route1_onesDigit":"odd","route1_tier":"major"},"geometry":{"type":"LineString","coordinates":[[-74.2926885,40.5716778],[-74.2924987,40.5718779]]},"id":"way/60725949"},{"type":"Feature","properties":{"@id":"way/60725955","ref":"US 1;US 9","route0_ref":"US 9","route0_status":"signed","route0_role":"mainline","route0_tensDigit":0,"route0_onesDigit":"odd","route0_tier":"primary","route1_ref":"US 1","route1_status":"signed","route1_role":"mainline","route1_tensDigit":0,"route1_onesDigit":"odd","route1_tier":"major"},"geometry":{"type":"LineString","coordinates":[[-74.2931292,40.5713987],[-74.2940938,40.5703],[-74.294272,40.5701166]]},"id":"way/60725955"},{"type":"Feature","properties":{"@id":"way/60725956","ref":"US 1;US 9","route0_ref":"US 9","route0_status":"signed","route0_role":"mainline","route0_tensDigit":0,"route0_onesDigit":"odd","route0_tier":"primary","route1_ref":"US 1","route1_status":"signed","route1_role":"mainline","route1_tensDigit":0,"route1_onesDigit":"odd","route1_tier":"major"},"geometry":{"type":"LineString","coordinates":[[-74.2925853,40.5719952],[-74.2931292,40.5713987]]},"id":"way/60725956"},{"type":"Feature","properties":{"@id":"way/60726198","ref":"US 1;US 9","route0_ref":"US 9","route0_status":"signed","route0_role":"mainline","route0_tensDigit":0,"route0_onesDigit":"odd","route0_tier":"primary","route1_ref":"US 1","route1_status":"signed","route1_role":"mainline","route1_tensDigit":0,"route1_onesDigit":"odd","route1_tier":"major"},"geometry":{"type":"LineString","coordinates":[[-74.2755072,40.590901],[-74.2751523,40.5913195],[-74.2750024,40.5915045],[-74.2748524,40.5916937],[-74.2747062,40.5918852],[-74.2745661,40.5920746],[-74.2744238,40.5922721],[-74.2742894,40.5924661],[-74.2741566,40.5926623],[-74.2739064,40.5930546]]},"id":"way/60726198"},{"type":"Feature","properties":{"@id":"way/60726199","ref":"US 1;US 9","route0_ref":"US 9","route0_status":"signed","route0_role":"mainline","route0_tensDigit":0,"route0_onesDigit":"odd","route0_tier":"primary","route1_ref":"US 1","route1_status":"signed","route1_role":"mainline","route1_tensDigit":0,"route1_onesDigit":"odd","route1_tier":"major"},"geometry":{"type":"LineString","coordinates":[[-74.2778162,40.5884828],[-74.2784197,40.5877868]]},"id":"way/60726199"},{"type":"Feature","properties":{"@id":"way/60727269","ref":"US 1;US 9","route0_ref":"US 9","route0_status":"signed","route0_role":"mainline","route0_tensDigit":0,"route0_onesDigit":"odd","route0_tier":"primary","route1_ref":"US 1","route1_status":"signed","route1_role":"mainline","route1_tensDigit":0,"route1_onesDigit":"odd","route1_tier":"major"},"geometry":{"type":"LineString","coordinates":[[-74.2682232,40.6013304],[-74.2684386,40.6011539],[-74.268628,40.6009936],[-74.2688225,40.6008273],[-74.2690092,40.6006629],[-74.2693776,40.6003183],[-74.2695542,40.6001466],[-74.2697286,40.5999721],[-74.2699035,40.5997935],[-74.2700711,40.5996184],[-74.2702361,40.5994388],[-74.2703976,40.5992577],[-74.2705574,40.5990732],[-74.2706821,40.5989212],[-74.2707167,40.598878]]},"id":"way/60727269"},{"type":"Feature","properties":{"@id":"way/60727270","ref":"US 1;US 9","route0_ref":"US 9","route0_status":"signed","route0_role":"mainline","route0_tensDigit":0,"route0_onesDigit":"odd","route0_tier":"primary","route1_ref":"US 1","route1_status":"signed","route1_role":"mainline","route1_tensDigit":0,"route1_onesDigit":"odd","route1_tier":"major"},"geometry":{"type":"LineString","coordinates":[[-74.2720445,40.5970128],[-74.2720861,40.5969421],[-74.2722035,40.5967418],[-74.2723146,40.5965436],[-74.2724242,40.5963397],[-74.2725111,40.5961737],[-74.2725297,40.5961381],[-74.2726342,40.5959304],[-74.2727327,40.595723],[-74.2729707,40.5952202],[-74.2729815,40.5951948],[-74.2730491,40.5950361]]},"id":"way/60727270"},{"type":"Feature","properties":{"@id":"way/60727272","ref":"US 1;US 9","route0_ref":"US 9","route0_status":"signed","route0_role":"mainline","route0_tensDigit":0,"route0_onesDigit":"odd","route0_tier":"primary","route1_ref":"US 1","route1_status":"signed","route1_role":"mainline","route1_tensDigit":0,"route1_onesDigit":"odd","route1_tier":"major"},"geometry":{"type":"LineString","coordinates":[[-74.2682504,40.6011254],[-74.2681113,40.6012389],[-74.2679103,40.6013988],[-74.2677092,40.6015524],[-74.267503,40.6017066],[-74.2672987,40.6018555],[-74.2670786,40.6020104],[-74.2668685,40.602157],[-74.2666529,40.6023039],[-74.2654419,40.6030871],[-74.2652219,40.6032252],[-74.2650034,40.6033629],[-74.2647815,40.603505],[-74.2646674,40.60358],[-74.2645847,40.6036387]]},"id":"way/60727272"},{"type":"Feature","properties":{"@id":"way/60727275","ref":"US 1;US 9","route0_ref":"US 9","route0_status":"signed","route0_role":"mainline","route0_tensDigit":0,"route0_onesDigit":"odd","route0_tier":"primary","route1_ref":"US 1","route1_status":"signed","route1_role":"mainline","route1_tensDigit":0,"route1_onesDigit":"odd","route1_tier":"major"},"geometry":{"type":"LineString","coordinates":[[-74.2705503,40.5988339],[-74.2703119,40.5991255],[-74.2701508,40.59931],[-74.2700707,40.5993988],[-74.2699903,40.5994857],[-74.2699049,40.5995779],[-74.2696507,40.5998426],[-74.2695652,40.5999297],[-74.2694783,40.6000178],[-74.2693869,40.6001074],[-74.269297,40.6001926],[-74.2691188,40.6003607],[-74.268937,40.6005287],[-74.2687462,40.6007014],[-74.2685441,40.600878],[-74.2684053,40.6009964],[-74.2682504,40.6011254]]},"id":"way/60727275"},{"type":"Feature","properties":{"@id":"way/60727808","name":"East Edgar Road","ref":"US 1;US 9","route0_ref":"US 9","route0_status":"signed","route0_role":"mainline","route0_tensDigit":0,"route0_onesDigit":"odd","route0_tier":"primary","route1_ref":"US 1","route1_status":"signed","route1_role":"mainline","route1_tensDigit":0,"route1_onesDigit":"odd","route1_tier":"major"},"geometry":{"type":"LineString","coordinates":[[-74.2453008,40.6245523],[-74.2456717,40.6241506]]},"id":"way/60727808"},{"type":"Feature","properties":{"@id":"way/60727821","name":"East Edgar Road","ref":"US 1;US 9","route0_ref":"US 9","route0_status":"signed","route0_role":"mainline","route0_tensDigit":0,"route0_onesDigit":"odd","route0_tier":"primary","route1_ref":"US 1","route1_status":"signed","route1_role":"mainline","route1_tensDigit":0,"route1_onesDigit":"odd","route1_tier":"major"},"geometry":{"type":"LineString","coordinates":[[-74.2451539,40.6244724],[-74.2449953,40.6246351],[-74.2447458,40.624908],[-74.244461,40.6252197],[-74.2443662,40.6253229]]},"id":"way/60727821"},{"type":"Feature","properties":{"@id":"way/60727823","name":"East Edgar Road","ref":"US 1;US 9","route0_ref":"US 9","route0_status":"signed","route0_role":"mainline","route0_tensDigit":0,"route0_onesDigit":"odd","route0_tier":"primary","route1_ref":"US 1","route1_status":"signed","route1_role":"mainline","route1_tensDigit":0,"route1_onesDigit":"odd","route1_tier":"major"},"geometry":{"type":"LineString","coordinates":[[-74.2455248,40.6240729],[-74.2451539,40.6244724]]},"id":"way/60727823"},{"type":"Feature","properties":{"@id":"way/60728955","ref":"US 1;US 9","route0_ref":"US 9","route0_status":"signed","route0_role":"mainline","route0_tensDigit":0,"route0_onesDigit":"odd","route0_tier":"primary","route1_ref":"US 1","route1_status":"signed","route1_role":"mainline","route1_tensDigit":0,"route1_onesDigit":"odd","route1_tier":"major"},"geometry":{"type":"LineString","coordinates":[[-74.207802,40.6607728],[-74.2069634,40.6621735]]},"id":"way/60728955"},{"type":"Feature","properties":{"@id":"way/60728956","ref":"US 1;US 9","route0_ref":"US 9","route0_status":"signed","route0_role":"mainline","route0_tensDigit":0,"route0_onesDigit":"odd","route0_tier":"primary","route1_ref":"US 1","route1_status":"signed","route1_role":"mainline","route1_tensDigit":0,"route1_onesDigit":"odd","route1_tier":"major"},"geometry":{"type":"LineString","coordinates":[[-74.2079535,40.6608284],[-74.2099263,40.6576068],[-74.2107088,40.6563039]]},"id":"way/60728956"},{"type":"Feature","properties":{"@id":"way/60728960","ref":"US 1;US 9","route0_ref":"US 9","route0_status":"signed","route0_role":"mainline","route0_tensDigit":0,"route0_onesDigit":"odd","route0_tier":"primary","route1_ref":"US 1","route1_status":"signed","route1_role":"mainline","route1_tensDigit":0,"route1_onesDigit":"odd","route1_tier":"major"},"geometry":{"type":"LineString","coordinates":[[-74.2106558,40.6560766],[-74.2099799,40.657208],[-74.2087836,40.6592102],[-74.207802,40.6607728]]},"id":"way/60728960"},{"type":"Feature","properties":{"@id":"way/60728963","ref":"US 1;US 9","route0_ref":"US 9","route0_status":"signed","route0_role":"mainline","route0_tensDigit":0,"route0_onesDigit":"odd","route0_tier":"primary","route1_ref":"US 1","route1_status":"signed","route1_role":"mainline","route1_tensDigit":0,"route1_onesDigit":"odd","route1_tier":"major"},"geometry":{"type":"LineString","coordinates":[[-74.2107088,40.6563039],[-74.2111654,40.6555435],[-74.2116697,40.6547581],[-74.2117521,40.6546375],[-74.2119085,40.6544088],[-74.2119411,40.6543643],[-74.2121149,40.6541272],[-74.2123143,40.6539081],[-74.2124261,40.6537854]]},"id":"way/60728963"},{"type":"Feature","properties":{"@id":"way/60730770","name":"Spring Street","ref":"US 1;US 9","route0_ref":"US 9","route0_status":"signed","route0_role":"mainline","route0_tensDigit":0,"route0_onesDigit":"odd","route0_tier":"primary","route1_ref":"US 1","route1_status":"signed","route1_role":"mainline","route1_tensDigit":0,"route1_onesDigit":"odd","route1_tier":"major"},"geometry":{"type":"LineString","coordinates":[[-74.200095,40.6736676],[-74.2001948,40.6735053],[-74.2003844,40.6731971],[-74.2004205,40.6731384],[-74.2006601,40.6727346],[-74.2009167,40.6723073],[-74.2009876,40.6721885],[-74.2012202,40.6717965],[-74.2016821,40.6710209],[-74.202058,40.670385]]},"id":"way/60730770"},{"type":"Feature","properties":{"@id":"way/60730772","ref":"US 1;US 9","route0_ref":"US 9","route0_status":"signed","route0_role":"mainline","route0_tensDigit":0,"route0_onesDigit":"odd","route0_tier":"primary","route1_ref":"US 1","route1_status":"signed","route1_role":"mainline","route1_tensDigit":0,"route1_onesDigit":"odd","route1_tier":"major"},"geometry":{"type":"LineString","coordinates":[[-74.2634607,40.6048533],[-74.263669,40.6046284],[-74.2638876,40.6044089],[-74.2640204,40.6042778],[-74.2641163,40.6041909],[-74.2642072,40.6041131],[-74.2643071,40.6040306],[-74.2643264,40.6040144],[-74.2644017,40.6039515],[-74.2644996,40.6038773],[-74.264608,40.6037977],[-74.2647107,40.6037246],[-74.2648771,40.6036105]]},"id":"way/60730772"},{"type":"Feature","properties":{"@id":"way/60730776","ref":"US 1;US 9","route0_ref":"US 9","route0_status":"signed","route0_role":"mainline","route0_tensDigit":0,"route0_onesDigit":"odd","route0_tier":"primary","route1_ref":"US 1","route1_status":"signed","route1_role":"mainline","route1_tensDigit":0,"route1_onesDigit":"odd","route1_tier":"major"},"geometry":{"type":"LineString","coordinates":[[-74.2224607,40.6497036],[-74.2231036,40.6491634],[-74.2232301,40.6490571]]},"id":"way/60730776"},{"type":"Feature","properties":{"@id":"way/60730777","name":"Spring Street","ref":"US 1;US 9","route0_ref":"US 9","route0_status":"signed","route0_role":"mainline","route0_tensDigit":0,"route0_onesDigit":"odd","route0_tier":"primary","route1_ref":"US 1","route1_status":"signed","route1_role":"mainline","route1_tensDigit":0,"route1_onesDigit":"odd","route1_tier":"major"},"geometry":{"type":"LineString","coordinates":[[-74.2067366,40.6625522],[-74.2061769,40.6634745],[-74.2059342,40.6638746],[-74.2057453,40.6641816],[-74.2053299,40.6648363],[-74.2049153,40.6654779]]},"id":"way/60730777"},{"type":"Feature","properties":{"@id":"way/60730778","name":"East Edgar Road","ref":"US 1;US 9","route0_ref":"US 9","route0_status":"signed","route0_role":"mainline","route0_tensDigit":0,"route0_onesDigit":"odd","route0_tier":"primary","route1_ref":"US 1","route1_status":"signed","route1_role":"mainline","route1_tensDigit":0,"route1_onesDigit":"odd","route1_tier":"major"},"geometry":{"type":"LineString","coordinates":[[-74.2423703,40.6274651],[-74.2420442,40.6278178]]},"id":"way/60730778"},{"type":"Feature","properties":{"@id":"way/60730780","name":"East Edgar Road","ref":"US 1;US 9","route0_ref":"US 9","route0_status":"signed","route0_role":"mainline","route0_tensDigit":0,"route0_onesDigit":"odd","route0_tier":"primary","route1_ref":"US 1","route1_status":"signed","route1_role":"mainline","route1_tensDigit":0,"route1_onesDigit":"odd","route1_tier":"major"},"geometry":{"type":"LineString","coordinates":[[-74.2286378,40.6431265],[-74.2288026,40.6429483],[-74.2289671,40.6427731],[-74.2291384,40.6425982],[-74.2293093,40.6424256],[-74.2294848,40.642251],[-74.2296622,40.6420868],[-74.2304762,40.6413349],[-74.2306624,40.6411662],[-74.2308433,40.6409985],[-74.231015,40.6408353],[-74.2311892,40.6406617],[-74.2313532,40.6404825],[-74.2314972,40.640299],[-74.2316385,40.6401119],[-74.2317762,40.639919],[-74.2321094,40.6394486],[-74.232246,40.6392544]]},"id":"way/60730780"},{"type":"Feature","properties":{"@id":"way/60730781","ref":"US 1;US 9","route0_ref":"US 9","route0_status":"signed","route0_role":"mainline","route0_tensDigit":0,"route0_onesDigit":"odd","route0_tier":"primary","route1_ref":"US 1","route1_status":"signed","route1_role":"mainline","route1_tensDigit":0,"route1_onesDigit":"odd","route1_tier":"major"},"geometry":{"type":"LineString","coordinates":[[-74.2632465,40.6048661],[-74.2623044,40.6058874],[-74.2622716,40.605923],[-74.2622649,40.6059302],[-74.262123,40.6060826]]},"id":"way/60730781"},{"type":"Feature","properties":{"@id":"way/60730783","ref":"US 1;US 9","route0_ref":"US 9","route0_status":"signed","route0_role":"mainline","route0_tensDigit":0,"route0_onesDigit":"odd","route0_tier":"primary","route1_ref":"US 1","route1_status":"signed","route1_role":"mainline","route1_tensDigit":0,"route1_onesDigit":"odd","route1_tier":"major"},"geometry":{"type":"LineString","coordinates":[[-74.215952,40.6522465],[-74.2163784,40.6521423],[-74.2167258,40.6520492],[-74.2169928,40.6519767],[-74.2172456,40.6519084]]},"id":"way/60730783"},{"type":"Feature","properties":{"@id":"way/60730787","name":"Spring Street","ref":"US 1;US 9","route0_ref":"US 9","route0_status":"signed","route0_role":"mainline","route0_tensDigit":0,"route0_onesDigit":"odd","route0_tier":"primary","route1_ref":"US 1","route1_status":"signed","route1_role":"mainline","route1_tensDigit":0,"route1_onesDigit":"odd","route1_tier":"major"},"geometry":{"type":"LineString","coordinates":[[-74.202058,40.670385],[-74.2024546,40.6697197],[-74.2028326,40.669085]]},"id":"way/60730787"},{"type":"Feature","properties":{"@id":"way/60730792","name":"Spring Street","ref":"US 1;US 9","route0_ref":"US 9","route0_status":"signed","route0_role":"mainline","route0_tensDigit":0,"route0_onesDigit":"odd","route0_tier":"primary","route1_ref":"US 1","route1_status":"signed","route1_role":"mainline","route1_tensDigit":0,"route1_onesDigit":"odd","route1_tier":"major"},"geometry":{"type":"LineString","coordinates":[[-74.2039986,40.6668359],[-74.2038108,40.667141],[-74.203493,40.6676606]]},"id":"way/60730792"},{"type":"Feature","properties":{"@id":"way/60730794","ref":"US 1;US 9","route0_ref":"US 9","route0_status":"signed","route0_role":"mainline","route0_tensDigit":0,"route0_onesDigit":"odd","route0_tier":"primary","route1_ref":"US 1","route1_status":"signed","route1_role":"mainline","route1_tensDigit":0,"route1_onesDigit":"odd","route1_tier":"major"},"geometry":{"type":"LineString","coordinates":[[-74.2176757,40.651795],[-74.2177703,40.6517698],[-74.2182334,40.6516466]]},"id":"way/60730794"},{"type":"Feature","properties":{"@id":"way/60730796","name":"Spring Street","ref":"US 1;US 9","route0_ref":"US 9","route0_status":"signed","route0_role":"mainline","route0_tensDigit":0,"route0_onesDigit":"odd","route0_tier":"primary","route1_ref":"US 1","route1_status":"signed","route1_role":"mainline","route1_tensDigit":0,"route1_onesDigit":"odd","route1_tier":"major"},"geometry":{"type":"LineString","coordinates":[[-74.2028326,40.669085],[-74.2029143,40.6689469],[-74.2030187,40.6687701],[-74.2030477,40.668721],[-74.2032135,40.6684406]]},"id":"way/60730796"},{"type":"Feature","properties":{"@id":"way/60730798","ref":"US 1;US 9","route0_ref":"US 9","route0_status":"signed","route0_role":"mainline","route0_tensDigit":0,"route0_onesDigit":"odd","route0_tier":"primary","route1_ref":"US 1","route1_status":"signed","route1_role":"mainline","route1_tensDigit":0,"route1_onesDigit":"odd","route1_tier":"major"},"geometry":{"type":"LineString","coordinates":[[-74.2881123,40.576612],[-74.2882073,40.5765032],[-74.2883167,40.576378],[-74.2884519,40.5762233],[-74.2885156,40.5761504],[-74.2887568,40.5758812],[-74.288973,40.5756436],[-74.2895703,40.5750382],[-74.2899084,40.5746876],[-74.290675,40.5739383]]},"id":"way/60730798"},{"type":"Feature","properties":{"@id":"way/60730799","ref":"US 1;US 9","route0_ref":"US 9","route0_status":"signed","route0_role":"mainline","route0_tensDigit":0,"route0_onesDigit":"odd","route0_tier":"primary","route1_ref":"US 1","route1_status":"signed","route1_role":"mainline","route1_tensDigit":0,"route1_onesDigit":"odd","route1_tier":"major"},"geometry":{"type":"LineString","coordinates":[[-74.2849189,40.5802883],[-74.2849643,40.5802367],[-74.2853171,40.5798356],[-74.2855291,40.5795815],[-74.2856392,40.5794613],[-74.2859283,40.579123],[-74.2861242,40.5788979],[-74.2865704,40.5783867],[-74.2868198,40.578099],[-74.2871247,40.5777481],[-74.287658,40.5771344],[-74.2878047,40.5769655],[-74.2881123,40.576612]]},"id":"way/60730799"},{"type":"Feature","properties":{"@id":"way/60730801","ref":"US 1;US 9","route0_ref":"US 9","route0_status":"signed","route0_role":"mainline","route0_tensDigit":0,"route0_onesDigit":"odd","route0_tier":"primary","route1_ref":"US 1","route1_status":"signed","route1_role":"mainline","route1_tensDigit":0,"route1_onesDigit":"odd","route1_tier":"major"},"geometry":{"type":"LineString","coordinates":[[-74.2204599,40.6508735],[-74.2203512,40.6509189],[-74.2202515,40.6509606],[-74.2201347,40.6510015],[-74.2199474,40.6510623],[-74.2196925,40.6511371],[-74.2194771,40.651199],[-74.2192565,40.6512592],[-74.2190272,40.6513171],[-74.218623,40.6514232],[-74.2177886,40.651644],[-74.2176875,40.6516708]]},"id":"way/60730801"},{"type":"Feature","properties":{"@id":"way/60730803","name":"Spring Street","ref":"US 1;US 9","route0_ref":"US 9","route0_status":"signed","route0_role":"mainline","route0_tensDigit":0,"route0_onesDigit":"odd","route0_tier":"primary","route1_ref":"US 1","route1_status":"signed","route1_role":"mainline","route1_tensDigit":0,"route1_onesDigit":"odd","route1_tier":"major"},"geometry":{"type":"LineString","coordinates":[[-74.203493,40.6676606],[-74.2030742,40.6683923]]},"id":"way/60730803"},{"type":"Feature","properties":{"@id":"way/60730804","name":"Spring Street","ref":"US 1;US 9","route0_ref":"US 9","route0_status":"signed","route0_role":"mainline","route0_tensDigit":0,"route0_onesDigit":"odd","route0_tier":"primary","route1_ref":"US 1","route1_status":"signed","route1_role":"mainline","route1_tensDigit":0,"route1_onesDigit":"odd","route1_tier":"major"},"geometry":{"type":"LineString","coordinates":[[-74.2019119,40.6703342],[-74.2016298,40.6708147],[-74.2014538,40.6711145],[-74.2010778,40.6717552],[-74.2006149,40.6725445],[-74.2005572,40.6726462],[-74.2004151,40.672878],[-74.1999566,40.673614]]},"id":"way/60730804"},{"type":"Feature","properties":{"@id":"way/60730810","name":"Spring Street","ref":"US 1;US 9","route0_ref":"US 9","route0_status":"signed","route0_role":"mainline","route0_tensDigit":0,"route0_onesDigit":"odd","route0_tier":"primary","route1_ref":"US 1","route1_status":"signed","route1_role":"mainline","route1_tensDigit":0,"route1_onesDigit":"odd","route1_tier":"major"},"geometry":{"type":"LineString","coordinates":[[-74.2032135,40.6684406],[-74.2035211,40.6679182],[-74.2036605,40.6677189]]},"id":"way/60730810"},{"type":"Feature","properties":{"@id":"way/60730812","name":"Carlton Street","ref":"US 1;US 9","route0_ref":"US 9","route0_status":"signed","route0_role":"mainline","route0_tensDigit":0,"route0_onesDigit":"odd","route0_tier":"primary","route1_ref":"US 1","route1_status":"signed","route1_role":"mainline","route1_tensDigit":0,"route1_onesDigit":"odd","route1_tier":"major"},"geometry":{"type":"LineString","coordinates":[[-74.2245505,40.647704],[-74.2244992,40.6477565],[-74.2243466,40.6479127],[-74.2242454,40.6480174],[-74.2241391,40.6481167],[-74.2240179,40.6482283],[-74.2238043,40.6484102],[-74.2234408,40.6487192],[-74.2233285,40.6488144],[-74.2230499,40.6490489],[-74.2230102,40.6490817],[-74.2228166,40.6492416],[-74.2224198,40.6495692],[-74.2223458,40.6496303],[-74.2222896,40.6496777],[-74.2218487,40.6500491],[-74.2217375,40.650137],[-74.2215753,40.6502595],[-74.2215378,40.6502869],[-74.2214783,40.6503302]]},"id":"way/60730812"},{"type":"Feature","properties":{"@id":"way/60730814","name":"Spring Street","ref":"US 1;US 9","route0_ref":"US 9","route0_status":"signed","route0_role":"mainline","route0_tensDigit":0,"route0_onesDigit":"odd","route0_tier":"primary","route1_ref":"US 1","route1_status":"signed","route1_role":"mainline","route1_tensDigit":0,"route1_onesDigit":"odd","route1_tier":"major"},"geometry":{"type":"LineString","coordinates":[[-74.2030742,40.6683923],[-74.2026901,40.6690364]]},"id":"way/60730814"},{"type":"Feature","properties":{"@id":"way/60730816","name":"Spring Street","ref":"US 1;US 9","route0_ref":"US 9","route0_status":"signed","route0_role":"mainline","route0_tensDigit":0,"route0_onesDigit":"odd","route0_tier":"primary","route1_ref":"US 1","route1_status":"signed","route1_role":"mainline","route1_tensDigit":0,"route1_onesDigit":"odd","route1_tier":"major"},"geometry":{"type":"LineString","coordinates":[[-74.1999566,40.673614],[-74.1997497,40.6739289],[-74.1996852,40.6740257],[-74.1996161,40.674125],[-74.1995479,40.6742241],[-74.1994035,40.6744332],[-74.1992933,40.6745927],[-74.1990705,40.6749152],[-74.1989622,40.6750733],[-74.1988746,40.6751999],[-74.1988151,40.6752869],[-74.1987449,40.6753848],[-74.1987283,40.6754082],[-74.1986739,40.6754847],[-74.1986395,40.6755321],[-74.1986056,40.6755787],[-74.1983984,40.6758663],[-74.1983239,40.6759654],[-74.1982511,40.6760588],[-74.1981765,40.6761516],[-74.1981248,40.6762137]]},"id":"way/60730816"},{"type":"Feature","properties":{"@id":"way/60730819","ref":"US 1;US 9","route0_ref":"US 9","route0_status":"signed","route0_role":"mainline","route0_tensDigit":0,"route0_onesDigit":"odd","route0_tier":"primary","route1_ref":"US 1","route1_status":"signed","route1_role":"mainline","route1_tensDigit":0,"route1_onesDigit":"odd","route1_tier":"major"},"geometry":{"type":"LineString","coordinates":[[-74.2176875,40.6516708],[-74.2168298,40.6519042],[-74.2159617,40.6521325]]},"id":"way/60730819"},{"type":"Feature","properties":{"@id":"way/60730820","ref":"US 1;US 9","route0_ref":"US 9","route0_status":"signed","route0_role":"mainline","route0_tensDigit":0,"route0_onesDigit":"odd","route0_tier":"primary","route1_ref":"US 1","route1_status":"signed","route1_role":"mainline","route1_tensDigit":0,"route1_onesDigit":"odd","route1_tier":"major"},"geometry":{"type":"LineString","coordinates":[[-74.2717267,40.5972316],[-74.2716692,40.5973223],[-74.271539,40.5975216],[-74.2714103,40.5977125],[-74.2712758,40.5979029],[-74.2711386,40.5980946],[-74.2709973,40.5982866],[-74.270852,40.5984745],[-74.2705503,40.5988339]]},"id":"way/60730820"},{"type":"Feature","properties":{"@id":"way/60730821","ref":"US 1;US 9","route0_ref":"US 9","route0_status":"signed","route0_role":"mainline","route0_tensDigit":0,"route0_onesDigit":"odd","route0_tier":"primary","route1_ref":"US 1","route1_status":"signed","route1_role":"mainline","route1_tensDigit":0,"route1_onesDigit":"odd","route1_tier":"major"},"geometry":{"type":"LineString","coordinates":[[-74.2848015,40.5802296],[-74.2847494,40.58029],[-74.2845902,40.5804742],[-74.2842682,40.5808482],[-74.2837788,40.5814133],[-74.2833736,40.5818785],[-74.2832961,40.5819674],[-74.2824757,40.5829092],[-74.2824016,40.582996],[-74.2822678,40.5831525],[-74.2820578,40.5833965],[-74.2818459,40.5836348],[-74.2817302,40.5837743],[-74.2816969,40.5838145],[-74.2816049,40.5839205],[-74.2814754,40.5840677],[-74.28113,40.5844602],[-74.2811074,40.5844858],[-74.2810906,40.5845048],[-74.2807374,40.5849055],[-74.2800635,40.585682],[-74.2798813,40.5858919],[-74.2797303,40.586066],[-74.27962,40.586193],[-74.2789408,40.5869613],[-74.2783289,40.5876601]]},"id":"way/60730821"},{"type":"Feature","properties":{"@id":"way/60730822","name":"Spring Street","ref":"US 1;US 9","route0_ref":"US 9","route0_status":"signed","route0_role":"mainline","route0_tensDigit":0,"route0_onesDigit":"odd","route0_tier":"primary","route1_ref":"US 1","route1_status":"signed","route1_role":"mainline","route1_tensDigit":0,"route1_onesDigit":"odd","route1_tier":"major"},"geometry":{"type":"LineString","coordinates":[[-74.2036605,40.6677189],[-74.2040039,40.6672102],[-74.2041014,40.6670632],[-74.2044814,40.6664737],[-74.2046733,40.6661754],[-74.2048242,40.6659409],[-74.2049946,40.6656762],[-74.2050859,40.6655343]]},"id":"way/60730822"},{"type":"Feature","properties":{"@id":"way/60730825","ref":"US 1;US 9","route0_ref":"US 9","route0_status":"signed","route0_role":"mainline","route0_tensDigit":0,"route0_onesDigit":"odd","route0_tier":"primary","route1_ref":"US 1","route1_status":"signed","route1_role":"mainline","route1_tensDigit":0,"route1_onesDigit":"odd","route1_tier":"major"},"geometry":{"type":"LineString","coordinates":[[-74.2605567,40.6077713],[-74.260218,40.6081492],[-74.2598156,40.6085981],[-74.2597447,40.6086772],[-74.2596121,40.6088143],[-74.2590751,40.6093694],[-74.2586781,40.6098133],[-74.2583044,40.6102191],[-74.2579547,40.6105988],[-74.2578375,40.6107261],[-74.257793,40.6107744],[-74.2573675,40.6112343],[-74.2570369,40.6115916],[-74.2568173,40.6118436],[-74.2563186,40.6123899],[-74.2560361,40.6127057],[-74.2553691,40.613403]]},"id":"way/60730825"},{"type":"Feature","properties":{"@id":"way/60730828","name":"Spring Street","ref":"US 1;US 9","route0_ref":"US 9","route0_status":"signed","route0_role":"mainline","route0_tensDigit":0,"route0_onesDigit":"odd","route0_tier":"primary","route1_ref":"US 1","route1_status":"signed","route1_role":"mainline","route1_tensDigit":0,"route1_onesDigit":"odd","route1_tier":"major"},"geometry":{"type":"LineString","coordinates":[[-74.2026901,40.6690364],[-74.2023036,40.6696694],[-74.2021349,40.669961],[-74.2019119,40.6703342]]},"id":"way/60730828"},{"type":"Feature","properties":{"@id":"way/60730829","name":"East Edgar Road","ref":"US 1;US 9","route0_ref":"US 9","route0_status":"signed","route0_role":"mainline","route0_tensDigit":0,"route0_onesDigit":"odd","route0_tier":"primary","route1_ref":"US 1","route1_status":"signed","route1_role":"mainline","route1_tensDigit":0,"route1_onesDigit":"odd","route1_tier":"major"},"geometry":{"type":"LineString","coordinates":[[-74.2429124,40.6271346],[-74.2430634,40.6269663],[-74.2432496,40.6267672],[-74.2432773,40.6267344],[-74.2434186,40.6265839]]},"id":"way/60730829"},{"type":"Feature","properties":{"@id":"way/60730832","ref":"US 1;US 9","route0_ref":"US 9","route0_status":"signed","route0_role":"mainline","route0_tensDigit":0,"route0_onesDigit":"odd","route0_tier":"primary","route1_ref":"US 1","route1_status":"signed","route1_role":"mainline","route1_tensDigit":0,"route1_onesDigit":"odd","route1_tier":"major"},"geometry":{"type":"LineString","coordinates":[[-74.2617244,40.6067294],[-74.2619094,40.6065284],[-74.2620589,40.6063708]]},"id":"way/60730832"},{"type":"Feature","properties":{"@id":"way/60730833","ref":"US 1;US 9","route0_ref":"US 9","route0_status":"signed","route0_role":"mainline","route0_tensDigit":0,"route0_onesDigit":"odd","route0_tier":"primary","route1_ref":"US 1","route1_status":"signed","route1_role":"mainline","route1_tensDigit":0,"route1_onesDigit":"odd","route1_tier":"major"},"geometry":{"type":"LineString","coordinates":[[-74.2159617,40.6521325],[-74.2147759,40.6524498],[-74.214232,40.6525934]]},"id":"way/60730833"},{"type":"Feature","properties":{"@id":"way/60730834","ref":"US 1;US 9","route0_ref":"US 9","route0_status":"signed","route0_role":"mainline","route0_tensDigit":0,"route0_onesDigit":"odd","route0_tier":"primary","route1_ref":"US 1","route1_status":"signed","route1_role":"mainline","route1_tensDigit":0,"route1_onesDigit":"odd","route1_tier":"major"},"geometry":{"type":"LineString","coordinates":[[-74.287998,40.5765543],[-74.2875602,40.5770576],[-74.2871785,40.5774898],[-74.2868879,40.5778278],[-74.2867044,40.5780413],[-74.2861835,40.5786394],[-74.286031,40.5788145],[-74.2854139,40.579523],[-74.2848868,40.5801311],[-74.2848468,40.5801773],[-74.2848015,40.5802296]]},"id":"way/60730834"},{"type":"Feature","properties":{"@id":"way/60730835","name":"Spring Street","ref":"US 1;US 9","route0_ref":"US 9","route0_status":"signed","route0_role":"mainline","route0_tensDigit":0,"route0_onesDigit":"odd","route0_tier":"primary","route1_ref":"US 1","route1_status":"signed","route1_role":"mainline","route1_tensDigit":0,"route1_onesDigit":"odd","route1_tier":"major"},"geometry":{"type":"LineString","coordinates":[[-74.2050859,40.6655343],[-74.205492,40.664885],[-74.2059063,40.6642317],[-74.2062988,40.66357],[-74.2068697,40.6625985]]},"id":"way/60730835"},{"type":"Feature","properties":{"@id":"way/60730837","ref":"US 1;US 9","route0_ref":"US 9","route0_status":"signed","route0_role":"mainline","route0_tensDigit":0,"route0_onesDigit":"odd","route0_tier":"primary","route1_ref":"US 1","route1_status":"signed","route1_role":"mainline","route1_tensDigit":0,"route1_onesDigit":"odd","route1_tier":"major"},"geometry":{"type":"LineString","coordinates":[[-74.2142232,40.6527191],[-74.2149564,40.65252],[-74.2152889,40.6524317],[-74.2155172,40.6523688]]},"id":"way/60730837"},{"type":"Feature","properties":{"@id":"way/60730843","ref":"US 1;US 9","route0_ref":"US 9","route0_status":"signed","route0_role":"mainline","route0_tensDigit":0,"route0_onesDigit":"odd","route0_tier":"primary","route1_ref":"US 1","route1_status":"signed","route1_role":"mainline","route1_tensDigit":0,"route1_onesDigit":"odd","route1_tier":"major"},"geometry":{"type":"LineString","coordinates":[[-74.214232,40.6525934],[-74.2140032,40.6526703],[-74.2137991,40.6527507],[-74.2135902,40.6528331],[-74.2130966,40.6530895],[-74.2128123,40.6532726],[-74.2125226,40.6535005]]},"id":"way/60730843"},{"type":"Feature","properties":{"@id":"way/60730846","ref":"US 1;US 9","route0_ref":"US 9","route0_status":"signed","route0_role":"mainline","route0_tensDigit":0,"route0_onesDigit":"odd","route0_tier":"primary","route1_ref":"US 1","route1_status":"signed","route1_role":"mainline","route1_tensDigit":0,"route1_onesDigit":"odd","route1_tier":"major"},"geometry":{"type":"LineString","coordinates":[[-74.2068697,40.6625985],[-74.2079535,40.6608284]]},"id":"way/60730846"},{"type":"Feature","properties":{"@id":"way/60730849","ref":"US 1;US 9","route0_ref":"US 9","route0_status":"signed","route0_role":"mainline","route0_tensDigit":0,"route0_onesDigit":"odd","route0_tier":"primary","route1_ref":"US 1","route1_status":"signed","route1_role":"mainline","route1_tensDigit":0,"route1_onesDigit":"odd","route1_tier":"major"},"geometry":{"type":"LineString","coordinates":[[-74.2752704,40.5914119],[-74.2754307,40.5912243],[-74.2759754,40.5905991],[-74.276127,40.5904214],[-74.2764223,40.590073],[-74.2765723,40.5898986],[-74.2774104,40.5889429],[-74.2775649,40.5887688],[-74.2778162,40.5884828]]},"id":"way/60730849"},{"type":"Feature","properties":{"@id":"way/90086364","name":"George Washington Bridge Upper Level","ref":"I 95;US 1;US 9","route0_ref":"US 9","route0_status":"signed","route0_role":"mainline","route0_tensDigit":0,"route0_onesDigit":"odd","route0_tier":"primary","route1_ref":"US 1","route1_status":"signed","route1_role":"mainline","route1_tensDigit":0,"route1_onesDigit":"odd","route1_tier":"major"},"geometry":{"type":"LineString","coordinates":[[-73.9717374,40.8559928],[-73.9716206,40.8559263],[-73.9715072,40.8558637],[-73.9713869,40.8558005],[-73.9712642,40.855738],[-73.9711425,40.8556776],[-73.9710174,40.8556186],[-73.9708907,40.8555589],[-73.9707698,40.8555043],[-73.9706467,40.8554499],[-73.9705171,40.8553939],[-73.9703887,40.8553395],[-73.9702426,40.8552803],[-73.9701605,40.855247],[-73.9700518,40.8552045],[-73.9699654,40.8551708],[-73.969797,40.8551076],[-73.9696612,40.8550572],[-73.9695795,40.8550273],[-73.9695059,40.8550008],[-73.96944,40.854978],[-73.9692809,40.8549235],[-73.9691143,40.8548696],[-73.9690222,40.8548404],[-73.9688818,40.8547979],[-73.9687611,40.8547615],[-73.968701,40.8547443],[-73.9686168,40.8547201],[-73.9685234,40.8546947],[-73.9684375,40.8546719],[-73.9683614,40.854653],[-73.9682796,40.8546328],[-73.9681821,40.8546105],[-73.9680731,40.8545875],[-73.964284,40.8538852]]},"id":"way/90086364"},{"type":"Feature","properties":{"@id":"way/116629241","ref":"US 1;US 9","route0_ref":"US 9","route0_status":"signed","route0_role":"mainline","route0_tensDigit":0,"route0_onesDigit":"odd","route0_tier":"primary","route1_ref":"US 1","route1_status":"signed","route1_role":"mainline","route1_tensDigit":0,"route1_onesDigit":"odd","route1_tier":"major"},"geometry":{"type":"LineString","coordinates":[[-74.2940494,40.5701302],[-74.2934342,40.5708432]]},"id":"way/116629241"},{"type":"Feature","properties":{"@id":"way/116629273","ref":"US 1;US 9","route0_ref":"US 9","route0_status":"signed","route0_role":"mainline","route0_tensDigit":0,"route0_onesDigit":"odd","route0_tier":"primary","route1_ref":"US 1","route1_status":"signed","route1_role":"mainline","route1_tensDigit":0,"route1_onesDigit":"odd","route1_tier":"major"},"geometry":{"type":"LineString","coordinates":[[-74.2943508,40.570025],[-74.2948382,40.5694628],[-74.295611,40.5685762],[-74.2957692,40.568397],[-74.2959247,40.5682242],[-74.2962983,40.5678253],[-74.296493,40.5676175],[-74.2965699,40.5675354],[-74.2966556,40.567444],[-74.2967322,40.5673649],[-74.2969918,40.5671087],[-74.2970748,40.5670246],[-74.2971756,40.5669163]]},"id":"way/116629273"},{"type":"Feature","properties":{"@id":"way/120718209","name":"George Washington Bridge Upper Level","ref":"I 95;US 1;US 9","unsigned_ref":"US 46","route0_ref":"US 9","route0_status":"signed","route0_role":"mainline","route0_tensDigit":0,"route0_onesDigit":"odd","route0_tier":"primary","route1_ref":"US 1","route1_status":"signed","route1_role":"mainline","route1_tensDigit":0,"route1_onesDigit":"odd","route1_tier":"major"},"geometry":{"type":"LineString","coordinates":[[-73.9619038,40.8534168],[-73.9615709,40.8533491],[-73.9607219,40.8531838]]},"id":"way/120718209"},{"type":"Feature","properties":{"@id":"way/120718249","ref":"US 1;US 9","route0_ref":"US 9","route0_status":"signed","route0_role":"mainline","route0_tensDigit":0,"route0_onesDigit":"odd","route0_tier":"primary","route1_ref":"US 1","route1_status":"signed","route1_role":"mainline","route1_tensDigit":0,"route1_onesDigit":"odd","route1_tier":"major"},"geometry":{"type":"LineString","coordinates":[[-74.1924496,40.6832001],[-74.1924949,40.683636],[-74.1924939,40.6838589],[-74.1925047,40.6840742],[-74.1925141,40.6842987],[-74.1925205,40.6845205],[-74.1925254,40.6847402],[-74.1925274,40.684962],[-74.1925275,40.6851832],[-74.192503,40.687064],[-74.1924989,40.6872842],[-74.1924951,40.6873946],[-74.1924874,40.6875021],[-74.1924749,40.6876147],[-74.1924585,40.6877239],[-74.1924383,40.6878361],[-74.1924157,40.6879418],[-74.1923898,40.6880502],[-74.1923612,40.6881627],[-74.1923296,40.6882726],[-74.1922981,40.6883731],[-74.1922626,40.6884811],[-74.1922259,40.6885885],[-74.1920923,40.6889473]]},"id":"way/120718249"},{"type":"Feature","properties":{"@id":"way/120718250","ref":"US 1;US 9","route0_ref":"US 9","route0_status":"signed","route0_role":"mainline","route0_tensDigit":0,"route0_onesDigit":"odd","route0_tier":"primary","route1_ref":"US 1","route1_status":"signed","route1_role":"mainline","route1_tensDigit":0,"route1_onesDigit":"odd","route1_tier":"major"},"geometry":{"type":"LineString","coordinates":[[-74.1871301,40.6940822],[-74.1870545,40.6941724],[-74.1869742,40.6942675],[-74.1869014,40.6943598],[-74.1868303,40.6944565],[-74.18676,40.6945564],[-74.186694,40.6946544],[-74.1865001,40.6949505],[-74.1864382,40.695053],[-74.1863813,40.6951529],[-74.1863249,40.6952569],[-74.1862745,40.695356],[-74.186224,40.6954611],[-74.18618,40.6955647],[-74.1861343,40.6956724],[-74.1860932,40.695778],[-74.1860551,40.6958829],[-74.1860197,40.6959909],[-74.1859854,40.6960988],[-74.1859556,40.6962054],[-74.1859271,40.6963144],[-74.1859035,40.6964185],[-74.1858808,40.6965315],[-74.1858633,40.6966387],[-74.1858477,40.6967516],[-74.1858339,40.6968615],[-74.185821,40.696973],[-74.1858125,40.6970818],[-74.1858058,40.6971886],[-74.1858006,40.6973024],[-74.1857483,40.6992815],[-74.1857373,40.6995033],[-74.1857308,40.6996135],[-74.1857212,40.6997183],[-74.1857092,40.6998355],[-74.185695,40.6999463],[-74.1856759,40.70006],[-74.1856546,40.7001671],[-74.1856313,40.7002764],[-74.185604,40.7003859],[-74.1855744,40.7004922],[-74.1855408,40.7006041],[-74.1854689,40.7008129]]},"id":"way/120718250"},{"type":"Feature","properties":{"@id":"way/120718252","ref":"US 1;US 9","route0_ref":"US 9","route0_status":"signed","route0_role":"mainline","route0_tensDigit":0,"route0_onesDigit":"odd","route0_tier":"primary","route1_ref":"US 1","route1_status":"signed","route1_role":"mainline","route1_tensDigit":0,"route1_onesDigit":"odd","route1_tier":"major"},"geometry":{"type":"LineString","coordinates":[[-74.1829086,40.7054273],[-74.1835075,40.7046684]]},"id":"way/120718252"},{"type":"Feature","properties":{"@id":"way/120718253","ref":"US 1;US 9","route0_ref":"US 9","route0_status":"signed","route0_role":"mainline","route0_tensDigit":0,"route0_onesDigit":"odd","route0_tier":"primary","route1_ref":"US 1","route1_status":"signed","route1_role":"mainline","route1_tensDigit":0,"route1_onesDigit":"odd","route1_tier":"major"},"geometry":{"type":"LineString","coordinates":[[-73.9988832,40.8415378],[-73.9987246,40.8415048],[-73.9985689,40.841478],[-73.9984541,40.8414616],[-73.9983273,40.8414457],[-73.9981863,40.8414314],[-73.9980444,40.8414189],[-73.9979193,40.8414107],[-73.9978082,40.8414064],[-73.9976807,40.8414022],[-73.9975722,40.8413996],[-73.9974543,40.8414013],[-73.9973565,40.841405],[-73.9972554,40.8414122],[-73.9971402,40.841424],[-73.9970079,40.8414401],[-73.996848,40.841465],[-73.9967349,40.8414875],[-73.9966661,40.8415012],[-73.9965792,40.8415482]]},"id":"way/120718253"},{"type":"Feature","properties":{"@id":"way/120718254","ref":"US 1;US 9","route0_ref":"US 9","route0_status":"signed","route0_role":"mainline","route0_tensDigit":0,"route0_onesDigit":"odd","route0_tier":"primary","route1_ref":"US 1","route1_status":"signed","route1_role":"mainline","route1_tensDigit":0,"route1_onesDigit":"odd","route1_tier":"major"},"geometry":{"type":"LineString","coordinates":[[-74.1932054,40.6832241],[-74.1932865,40.6831137],[-74.1933475,40.6829722],[-74.1933898,40.6828799],[-74.1934432,40.6827757],[-74.1934956,40.6826756],[-74.1935522,40.6825716],[-74.1936101,40.6824709],[-74.1936699,40.6823715],[-74.1937318,40.6822711],[-74.1938657,40.6820709],[-74.1942112,40.681591],[-74.1943463,40.6813988],[-74.1950175,40.6804796]]},"id":"way/120718254"},{"type":"Feature","properties":{"@id":"way/122095933","name":"George Washington Bridge Upper Level","ref":"I 95;US 1;US 9","unsigned_ref":"US 46","route0_ref":"US 9","route0_status":"signed","route0_role":"mainline","route0_tensDigit":0,"route0_onesDigit":"odd","route0_tier":"primary","route1_ref":"US 1","route1_status":"signed","route1_role":"mainline","route1_tensDigit":0,"route1_onesDigit":"odd","route1_tier":"major"},"geometry":{"type":"LineString","coordinates":[[-73.9696524,40.8551821],[-73.9700921,40.8553492],[-73.9704393,40.8554937],[-73.9705324,40.8555337],[-73.9706454,40.8555847],[-73.970746,40.8556304],[-73.9708553,40.8556821],[-73.9709712,40.8557358],[-73.9710834,40.8557912],[-73.9711937,40.8558463],[-73.9713053,40.8559025],[-73.9714169,40.855962],[-73.9715296,40.856024],[-73.9716351,40.8560838],[-73.9717404,40.8561456],[-73.971845,40.8562073],[-73.9719482,40.8562721],[-73.9725496,40.8566795]]},"id":"way/122095933"},{"type":"Feature","properties":{"@id":"way/124083371","name":"George Washington Bridge Upper Level","ref":"I 95;US 1;US 9","unsigned_ref":"US 46","route0_ref":"US 9","route0_status":"signed","route0_role":"mainline","route0_tensDigit":0,"route0_onesDigit":"odd","route0_tier":"primary","route1_ref":"US 1","route1_status":"signed","route1_role":"mainline","route1_tensDigit":0,"route1_onesDigit":"odd","route1_tier":"major"},"geometry":{"type":"LineString","coordinates":[[-73.9615915,40.8534734],[-73.9623477,40.853613],[-73.9624632,40.8536368],[-73.9626009,40.8536646],[-73.9627448,40.8536943],[-73.9628819,40.8537221],[-73.9630211,40.8537499],[-73.9633049,40.853806]]},"id":"way/124083371"},{"type":"Feature","properties":{"@id":"way/198196242","name":"Tonnelle Avenue","ref":"US 1;US 9","route0_ref":"US 9","route0_status":"signed","route0_role":"mainline","route0_tensDigit":0,"route0_onesDigit":"odd","route0_tier":"primary","route1_ref":"US 1","route1_status":"signed","route1_role":"mainline","route1_tensDigit":0,"route1_onesDigit":"odd","route1_tier":"major"},"geometry":{"type":"LineString","coordinates":[[-74.0637986,40.7410082],[-74.0637569,40.7410737],[-74.0637234,40.7411306],[-74.0636795,40.7412049],[-74.0636429,40.7412751],[-74.0636042,40.7413551],[-74.0635711,40.7414295],[-74.0635393,40.7415115],[-74.0635125,40.7415876],[-74.063486,40.7416662],[-74.0634612,40.7417615]]},"id":"way/198196242"},{"type":"Feature","properties":{"@id":"way/198196258","name":"Tonnelle Avenue","ref":"US 1;US 9","route0_ref":"US 9","route0_status":"signed","route0_role":"mainline","route0_tensDigit":0,"route0_onesDigit":"odd","route0_tier":"primary","route1_ref":"US 1","route1_status":"signed","route1_role":"mainline","route1_tensDigit":0,"route1_onesDigit":"odd","route1_tier":"major"},"geometry":{"type":"LineString","coordinates":[[-74.0637831,40.7412585],[-74.0638465,40.7411482],[-74.0638896,40.7410859]]},"id":"way/198196258"},{"type":"Feature","properties":{"@id":"way/198196272","name":"Tonnelle Avenue","ref":"US 1;US 9","route0_ref":"US 9","route0_status":"signed","route0_role":"mainline","route0_tensDigit":0,"route0_onesDigit":"odd","route0_tier":"primary","route1_ref":"US 1","route1_status":"signed","route1_role":"mainline","route1_tensDigit":0,"route1_onesDigit":"odd","route1_tier":"major"},"geometry":{"type":"LineString","coordinates":[[-74.0639275,40.7408233],[-74.0638581,40.7409163],[-74.0637986,40.7410082]]},"id":"way/198196272"},{"type":"Feature","properties":{"@id":"way/198196277","name":"Tonnelle Avenue","ref":"US 1;US 9","route0_ref":"US 9","route0_status":"signed","route0_role":"mainline","route0_tensDigit":0,"route0_onesDigit":"odd","route0_tier":"primary","route1_ref":"US 1","route1_status":"signed","route1_role":"mainline","route1_tensDigit":0,"route1_onesDigit":"odd","route1_tier":"major"},"geometry":{"type":"LineString","coordinates":[[-74.0634612,40.7417615],[-74.0631869,40.7426723],[-74.0629424,40.7434343]]},"id":"way/198196277"},{"type":"Feature","properties":{"@id":"way/198196280","name":"Tonnelle Avenue","ref":"US 1;US 9","route0_ref":"US 9","route0_status":"signed","route0_role":"mainline","route0_tensDigit":0,"route0_onesDigit":"odd","route0_tier":"primary","route1_ref":"US 1","route1_status":"signed","route1_role":"mainline","route1_tensDigit":0,"route1_onesDigit":"odd","route1_tier":"major"},"geometry":{"type":"LineString","coordinates":[[-74.0640507,40.7408658],[-74.0644061,40.7404737]]},"id":"way/198196280"},{"type":"Feature","properties":{"@id":"way/198196282","name":"Tonnelle Avenue","ref":"US 1;US 9","route0_ref":"US 9","route0_status":"signed","route0_role":"mainline","route0_tensDigit":0,"route0_onesDigit":"odd","route0_tier":"primary","route1_ref":"US 1","route1_status":"signed","route1_role":"mainline","route1_tensDigit":0,"route1_onesDigit":"odd","route1_tier":"major"},"geometry":{"type":"LineString","coordinates":[[-74.0635324,40.7419039],[-74.0635724,40.741763],[-74.0636057,40.7416623],[-74.0636422,40.7415606],[-74.0636938,40.7414341]]},"id":"way/198196282"},{"type":"Feature","properties":{"@id":"way/198196283","name":"Tonnelle Avenue","ref":"US 1;US 9","route0_ref":"US 9","route0_status":"signed","route0_role":"mainline","route0_tensDigit":0,"route0_onesDigit":"odd","route0_tier":"primary","route1_ref":"US 1","route1_status":"signed","route1_role":"mainline","route1_tensDigit":0,"route1_onesDigit":"odd","route1_tier":"major"},"geometry":{"type":"LineString","coordinates":[[-74.0642461,40.7404369],[-74.0639275,40.7408233]]},"id":"way/198196283"},{"type":"Feature","properties":{"@id":"way/198336785","ref":"US 1;US 9","route0_ref":"US 9","route0_status":"signed","route0_role":"mainline","route0_tensDigit":0,"route0_onesDigit":"odd","route0_tier":"primary","route1_ref":"US 1","route1_status":"signed","route1_role":"mainline","route1_tensDigit":0,"route1_onesDigit":"odd","route1_tier":"major"},"geometry":{"type":"LineString","coordinates":[[-74.067108,40.7395644],[-74.0676539,40.7393032],[-74.0677081,40.7392794],[-74.0677492,40.7392626],[-74.0677908,40.7392475],[-74.0678355,40.7392343],[-74.0678861,40.7392231],[-74.0679327,40.7392144],[-74.0679818,40.7392075],[-74.068069,40.7391966],[-74.0681967,40.7391833],[-74.0683279,40.73917],[-74.0689061,40.7391133]]},"id":"way/198336785"},{"type":"Feature","properties":{"@id":"way/223694181","name":"Broad Avenue","ref":"US 1;US 9","route0_ref":"US 9","route0_status":"signed","route0_role":"mainline","route0_tensDigit":0,"route0_onesDigit":"odd","route0_tier":"primary","route1_ref":"US 1","route1_status":"signed","route1_role":"mainline","route1_tensDigit":0,"route1_onesDigit":"odd","route1_tier":"major"},"geometry":{"type":"LineString","coordinates":[[-74.0024864,40.8415454],[-74.0025205,40.8415035],[-74.0029637,40.8409575],[-74.0030544,40.8408449],[-74.0033193,40.8405225],[-74.0034423,40.8403737],[-74.0036611,40.8401001],[-74.0037488,40.8399947],[-74.003903,40.8397763]]},"id":"way/223694181"},{"type":"Feature","properties":{"@id":"way/223694185","name":"Broad Avenue","ref":"US 1;US 9","route0_ref":"US 9","route0_status":"signed","route0_role":"mainline","route0_tensDigit":0,"route0_onesDigit":"odd","route0_tier":"primary","route1_ref":"US 1","route1_status":"signed","route1_role":"mainline","route1_tensDigit":0,"route1_onesDigit":"odd","route1_tier":"major"},"geometry":{"type":"LineString","coordinates":[[-74.0090818,40.8248522],[-74.0090949,40.8248769],[-74.009113,40.8249115],[-74.0091397,40.8249607],[-74.0092424,40.8251501],[-74.009399,40.825429],[-74.0096054,40.8258735],[-74.009738,40.8261349],[-74.0100879,40.8268849],[-74.0101106,40.8269337],[-74.0101379,40.8270004],[-74.01017,40.827079],[-74.010235,40.827258],[-74.010283,40.827439],[-74.010315,40.827623],[-74.010329,40.827808],[-74.0103674,40.8284184],[-74.0103574,40.8287627],[-74.0103375,40.8294526],[-74.0103509,40.8302739],[-74.0103489,40.8303329],[-74.0103469,40.8303865],[-74.010342,40.830438],[-74.0103337,40.8304936]]},"id":"way/223694185"},{"type":"Feature","properties":{"@id":"way/223694340","name":"Tonnelle Avenue","ref":"US 1;US 9","route0_ref":"US 9","route0_status":"signed","route0_role":"mainline","route0_tensDigit":0,"route0_onesDigit":"odd","route0_tier":"primary","route1_ref":"US 1","route1_status":"signed","route1_role":"mainline","route1_tensDigit":0,"route1_onesDigit":"odd","route1_tier":"major"},"geometry":{"type":"LineString","coordinates":[[-74.0327836,40.7854746],[-74.032763,40.785501]]},"id":"way/223694340"},{"type":"Feature","properties":{"@id":"way/224940720","ref":"US 1;US 9","route0_ref":"US 9","route0_status":"signed","route0_role":"mainline","route0_tensDigit":0,"route0_onesDigit":"odd","route0_tier":"primary","route1_ref":"US 1","route1_status":"signed","route1_role":"mainline","route1_tensDigit":0,"route1_onesDigit":"odd","route1_tier":"major"},"geometry":{"type":"LineString","coordinates":[[-74.1683744,40.7081367],[-74.1680756,40.7081412],[-74.1677715,40.7081508],[-74.167481,40.7081628],[-74.1671717,40.708179],[-74.1668702,40.7081987],[-74.166571,40.7082209],[-74.1662755,40.708244],[-74.165978,40.7082718],[-74.1650301,40.708373],[-74.1645891,40.7084302]]},"id":"way/224940720"},{"type":"Feature","properties":{"@id":"way/232473896","name":"George Washington Bridge Lower Level","ref":"I 95;US 1;US 9","route0_ref":"US 9","route0_status":"signed","route0_role":"mainline","route0_tensDigit":0,"route0_onesDigit":"odd","route0_tier":"primary","route1_ref":"US 1","route1_status":"signed","route1_role":"mainline","route1_tensDigit":0,"route1_onesDigit":"odd","route1_tier":"major"},"geometry":{"type":"LineString","coordinates":[[-73.9525431,40.8515613],[-73.9463624,40.8503466],[-73.9462318,40.850322],[-73.9460971,40.8502974],[-73.944753,40.8500599],[-73.9446457,40.8500403],[-73.94454,40.8500207],[-73.9435883,40.8498372]]},"id":"way/232473896"},{"type":"Feature","properties":{"@id":"way/262807645","ref":"US 1;US 9","route0_ref":"US 9","route0_status":"signed","route0_role":"mainline","route0_tensDigit":0,"route0_onesDigit":"odd","route0_tier":"primary","route1_ref":"US 1","route1_status":"signed","route1_role":"mainline","route1_tensDigit":0,"route1_onesDigit":"odd","route1_tier":"major"},"geometry":{"type":"LineString","coordinates":[[-74.1896526,40.6939917],[-74.190709,40.6922287],[-74.1911525,40.6914887],[-74.191175,40.6914519],[-74.1914835,40.6909461],[-74.1915177,40.69089],[-74.1916201,40.6907188],[-74.1916383,40.6906883],[-74.1916818,40.690611],[-74.1917523,40.6904858],[-74.1918629,40.6902829],[-74.1919658,40.6900805],[-74.192058,40.6898928]]},"id":"way/262807645"},{"type":"Feature","properties":{"@id":"way/262807646","ref":"US 1;US 9","route0_ref":"US 9","route0_status":"signed","route0_role":"mainline","route0_tensDigit":0,"route0_onesDigit":"odd","route0_tier":"primary","route1_ref":"US 1","route1_status":"signed","route1_role":"mainline","route1_tensDigit":0,"route1_onesDigit":"odd","route1_tier":"major"},"geometry":{"type":"LineString","coordinates":[[-74.1832882,40.7043539],[-74.1830538,40.7045749],[-74.1829607,40.7046556],[-74.1828789,40.7047437],[-74.1827911,40.7048351],[-74.1827062,40.7049204],[-74.1826168,40.7050095],[-74.1825189,40.7051038],[-74.1824276,40.705191],[-74.1820615,40.7055401],[-74.1819711,40.7056231],[-74.1818755,40.7057105],[-74.181785,40.7057924],[-74.1816862,40.70588],[-74.1815918,40.705964],[-74.1814942,40.7060494],[-74.1814029,40.7061297],[-74.181307,40.7062107],[-74.1812091,40.7062923],[-74.1811081,40.7063761],[-74.1810125,40.7064542]]},"id":"way/262807646"},{"type":"Feature","properties":{"@id":"way/262807649","ref":"US 1;US 9","route0_ref":"US 9","route0_status":"signed","route0_role":"mainline","route0_tensDigit":0,"route0_onesDigit":"odd","route0_tier":"primary","route1_ref":"US 1","route1_status":"signed","route1_role":"mainline","route1_tensDigit":0,"route1_onesDigit":"odd","route1_tier":"major"},"geometry":{"type":"LineString","coordinates":[[-74.1537505,40.7146488],[-74.1535832,40.714795],[-74.1533953,40.7149603],[-74.1532121,40.7151266],[-74.1530291,40.7152957],[-74.1528489,40.715466],[-74.1526722,40.715639],[-74.1525005,40.7158124],[-74.1523319,40.7159904],[-74.1521674,40.7161675],[-74.1520057,40.7163491],[-74.1518484,40.7165305],[-74.151772,40.716623]]},"id":"way/262807649"},{"type":"Feature","properties":{"@id":"way/262807650","ref":"US 1;US 9","route0_ref":"US 9","route0_status":"signed","route0_role":"mainline","route0_tensDigit":0,"route0_onesDigit":"odd","route0_tier":"primary","route1_ref":"US 1","route1_status":"signed","route1_role":"mainline","route1_tensDigit":0,"route1_onesDigit":"odd","route1_tier":"major"},"geometry":{"type":"LineString","coordinates":[[-74.1573035,40.7138359],[-74.1581019,40.7124397],[-74.1581599,40.7123392],[-74.1582175,40.71224],[-74.1582789,40.7121372],[-74.158338,40.7120428],[-74.1584007,40.7119445],[-74.1584655,40.7118473],[-74.1584929,40.7118072]]},"id":"way/262807650"},{"type":"Feature","properties":{"@id":"way/262807651","ref":"US 1;US 9","route0_ref":"US 9","route0_status":"signed","route0_role":"mainline","route0_tensDigit":0,"route0_onesDigit":"odd","route0_tier":"primary","route1_ref":"US 1","route1_status":"signed","route1_role":"mainline","route1_tensDigit":0,"route1_onesDigit":"odd","route1_tier":"major"},"geometry":{"type":"LineString","coordinates":[[-74.1584929,40.7118072],[-74.1585316,40.7117511],[-74.1586003,40.7116519],[-74.1586729,40.7115513],[-74.1587475,40.711457],[-74.158826,40.7113601],[-74.1589007,40.7112729],[-74.1589837,40.7111773],[-74.1590641,40.7110885],[-74.1591492,40.7109982],[-74.1592352,40.7109098],[-74.1593225,40.7108224],[-74.1594105,40.7107372],[-74.1595031,40.7106521],[-74.1595952,40.7105696],[-74.1596929,40.7104869],[-74.1597923,40.7104082],[-74.1598933,40.7103308],[-74.1600056,40.7102493],[-74.1600799,40.7101985],[-74.1601881,40.7101272]]},"id":"way/262807651"},{"type":"Feature","properties":{"@id":"way/262807652","ref":"US 1;US 9","route0_ref":"US 9","route0_status":"signed","route0_role":"mainline","route0_tensDigit":0,"route0_onesDigit":"odd","route0_tier":"primary","route1_ref":"US 1","route1_status":"signed","route1_role":"mainline","route1_tensDigit":0,"route1_onesDigit":"odd","route1_tier":"major"},"geometry":{"type":"LineString","coordinates":[[-74.1847126,40.7023822],[-74.1846594,40.7024767],[-74.1845356,40.7026773],[-74.1844047,40.7028836],[-74.1843226,40.7030054],[-74.1842112,40.703165],[-74.1841415,40.7032605],[-74.1840675,40.7033572],[-74.1840005,40.703445],[-74.1839185,40.7035474],[-74.1832882,40.7043539]]},"id":"way/262807652"},{"type":"Feature","properties":{"@id":"way/268206345","ref":"US 1;US 9","route0_ref":"US 9","route0_status":"signed","route0_role":"mainline","route0_tensDigit":0,"route0_onesDigit":"odd","route0_tier":"primary","route1_ref":"US 1","route1_status":"signed","route1_role":"mainline","route1_tensDigit":0,"route1_onesDigit":"odd","route1_tier":"major"},"geometry":{"type":"LineString","coordinates":[[-74.1858975,40.7009316],[-74.1859528,40.7008351],[-74.186141,40.700484],[-74.1861956,40.700382]]},"id":"way/268206345"},{"type":"Feature","properties":{"@id":"way/316621099","name":"Tonnelle Avenue","ref":"US 1;US 9","route0_ref":"US 9","route0_status":"signed","route0_role":"mainline","route0_tensDigit":0,"route0_onesDigit":"odd","route0_tier":"primary","route1_ref":"US 1","route1_status":"signed","route1_role":"mainline","route1_tensDigit":0,"route1_onesDigit":"odd","route1_tier":"major"},"geometry":{"type":"LineString","coordinates":[[-74.0427252,40.7715495],[-74.042503,40.7718938]]},"id":"way/316621099"},{"type":"Feature","properties":{"@id":"way/316621100","name":"Tonnelle Avenue","ref":"US 1;US 9","route0_ref":"US 9","route0_status":"signed","route0_role":"mainline","route0_tensDigit":0,"route0_onesDigit":"odd","route0_tier":"primary","route1_ref":"US 1","route1_status":"signed","route1_role":"mainline","route1_tensDigit":0,"route1_onesDigit":"odd","route1_tier":"major"},"geometry":{"type":"LineString","coordinates":[[-74.0434021,40.7707919],[-74.0440374,40.7699409],[-74.0442707,40.7696343],[-74.0443193,40.7695739],[-74.0446685,40.7691173],[-74.0455703,40.7679378]]},"id":"way/316621100"},{"type":"Feature","properties":{"@id":"way/316621101","name":"Tonnelle Avenue","ref":"US 1;US 9","route0_ref":"US 9","route0_status":"signed","route0_role":"mainline","route0_tensDigit":0,"route0_onesDigit":"odd","route0_tier":"primary","route1_ref":"US 1","route1_status":"signed","route1_role":"mainline","route1_tensDigit":0,"route1_onesDigit":"odd","route1_tier":"major"},"geometry":{"type":"LineString","coordinates":[[-74.042626,40.7719401],[-74.0428482,40.7715958]]},"id":"way/316621101"},{"type":"Feature","properties":{"@id":"way/316621102","name":"Tonnelle Avenue","ref":"US 1;US 9","route0_ref":"US 9","route0_status":"signed","route0_role":"mainline","route0_tensDigit":0,"route0_onesDigit":"odd","route0_tier":"primary","route1_ref":"US 1","route1_status":"signed","route1_role":"mainline","route1_tensDigit":0,"route1_onesDigit":"odd","route1_tier":"major"},"geometry":{"type":"LineString","coordinates":[[-74.042503,40.7718938],[-74.0422795,40.7722426]]},"id":"way/316621102"},{"type":"Feature","properties":{"@id":"way/345617054","ref":"US 1;US 9","route0_ref":"US 9","route0_status":"signed","route0_role":"mainline","route0_tensDigit":0,"route0_onesDigit":"odd","route0_tier":"primary","route1_ref":"US 1","route1_status":"signed","route1_role":"mainline","route1_tensDigit":0,"route1_onesDigit":"odd","route1_tier":"major"},"geometry":{"type":"LineString","coordinates":[[-74.2550438,40.6140419],[-74.2555189,40.6135055],[-74.2559852,40.6129613],[-74.2570205,40.6118251],[-74.2579271,40.6108477],[-74.2588068,40.6098948],[-74.259751,40.6088481],[-74.2601434,40.6084226]]},"id":"way/345617054"},{"type":"Feature","properties":{"@id":"way/345617055","name":"East Edgar Road","ref":"US 1;US 9","route0_ref":"US 9","route0_status":"signed","route0_role":"mainline","route0_tensDigit":0,"route0_onesDigit":"odd","route0_tier":"primary","route1_ref":"US 1","route1_status":"signed","route1_role":"mainline","route1_tensDigit":0,"route1_onesDigit":"odd","route1_tier":"major"},"geometry":{"type":"LineString","coordinates":[[-74.2548458,40.6139606],[-74.2547475,40.6140662],[-74.2545955,40.6142295],[-74.254168,40.6146945]]},"id":"way/345617055"},{"type":"Feature","properties":{"@id":"way/345617254","name":"East Edgar Road","ref":"US 1;US 9","route0_ref":"US 9","route0_status":"signed","route0_role":"mainline","route0_tensDigit":0,"route0_onesDigit":"odd","route0_tier":"primary","route1_ref":"US 1","route1_status":"signed","route1_role":"mainline","route1_tensDigit":0,"route1_onesDigit":"odd","route1_tier":"major"},"geometry":{"type":"LineString","coordinates":[[-74.2413321,40.6288143],[-74.2425066,40.6275455]]},"id":"way/345617254"},{"type":"Feature","properties":{"@id":"way/345617257","name":"East Edgar Road","ref":"US 1;US 9","route0_ref":"US 9","route0_status":"signed","route0_role":"mainline","route0_tensDigit":0,"route0_onesDigit":"odd","route0_tier":"primary","route1_ref":"US 1","route1_status":"signed","route1_role":"mainline","route1_tensDigit":0,"route1_onesDigit":"odd","route1_tier":"major"},"geometry":{"type":"LineString","coordinates":[[-74.2411962,40.6287346],[-74.2387976,40.631345],[-74.2383888,40.6318004],[-74.2371193,40.6331185],[-74.2360308,40.6342486],[-74.235003,40.6352898],[-74.2347599,40.6355599],[-74.2345828,40.6357423],[-74.2343398,40.636001],[-74.2343005,40.6360429],[-74.2342612,40.6360884]]},"id":"way/345617257"},{"type":"Feature","properties":{"@id":"way/349876813","ref":"US 1;US 9","route0_ref":"US 9","route0_status":"signed","route0_role":"mainline","route0_tensDigit":0,"route0_onesDigit":"odd","route0_tier":"primary","route1_ref":"US 1","route1_status":"signed","route1_role":"mainline","route1_tensDigit":0,"route1_onesDigit":"odd","route1_tier":"major"},"geometry":{"type":"LineString","coordinates":[[-74.0654304,40.7397567],[-74.0654941,40.7397657],[-74.065544,40.7397702],[-74.0656003,40.7397734],[-74.0656627,40.7397728],[-74.0664023,40.7397438],[-74.0664641,40.7397396],[-74.0665245,40.7397334],[-74.066593,40.7397234],[-74.0666571,40.7397114],[-74.0667232,40.7396974],[-74.0667891,40.7396808],[-74.0668506,40.7396627],[-74.066912,40.7396411],[-74.0669711,40.7396238],[-74.0670351,40.7395967],[-74.067108,40.7395644]]},"id":"way/349876813"},{"type":"Feature","properties":{"@id":"way/354673996","name":"Tonnelle Avenue","ref":"US 1;US 9","route0_ref":"US 9","route0_status":"signed","route0_role":"mainline","route0_tensDigit":0,"route0_onesDigit":"odd","route0_tier":"primary","route1_ref":"US 1","route1_status":"signed","route1_role":"mainline","route1_tensDigit":0,"route1_onesDigit":"odd","route1_tier":"major"},"geometry":{"type":"LineString","coordinates":[[-74.031184,40.7875041],[-74.0309465,40.7878195],[-74.0308548,40.7879378],[-74.0307464,40.7880776],[-74.03066,40.788189]]},"id":"way/354673996"},{"type":"Feature","properties":{"@id":"way/354673998","name":"Tonnelle Avenue","ref":"US 1;US 9","route0_ref":"US 9","route0_status":"signed","route0_role":"mainline","route0_tensDigit":0,"route0_onesDigit":"odd","route0_tier":"primary","route1_ref":"US 1","route1_status":"signed","route1_role":"mainline","route1_tensDigit":0,"route1_onesDigit":"odd","route1_tier":"major"},"geometry":{"type":"LineString","coordinates":[[-74.021773,40.800778],[-74.0216437,40.800886],[-74.0211533,40.80147]]},"id":"way/354673998"},{"type":"Feature","properties":{"@id":"way/416819422","name":"Pulaski Skyway","ref":"US 1;US 9","route0_ref":"US 9","route0_status":"signed","route0_role":"mainline","route0_tensDigit":0,"route0_onesDigit":"odd","route0_tier":"primary","route1_ref":"US 1","route1_status":"signed","route1_role":"mainline","route1_tensDigit":0,"route1_onesDigit":"odd","route1_tier":"major"},"geometry":{"type":"LineString","coordinates":[[-74.0689061,40.7391133],[-74.0702494,40.7390417],[-74.0704037,40.7390326],[-74.0705379,40.7390255],[-74.0706828,40.7390149],[-74.0708239,40.7390051],[-74.0709692,40.7389931],[-74.0711074,40.7389816],[-74.0712454,40.7389688],[-74.071392,40.7389532],[-74.0715297,40.7389374],[-74.0716673,40.7389215],[-74.0718105,40.7389038],[-74.0719529,40.7388852],[-74.0720911,40.7388654],[-74.0722305,40.7388441],[-74.0724222,40.7388136],[-74.0725625,40.7387904],[-74.072709,40.7387649],[-74.0742537,40.7384821],[-74.0748038,40.7383781],[-74.0771729,40.7379417],[-74.0816335,40.7371136],[-74.0817821,40.7370885],[-74.08193,40.7370624],[-74.0820759,40.7370384],[-74.0822216,40.7370168],[-74.0823726,40.7369957],[-74.0825181,40.7369777],[-74.0826675,40.7369595],[-74.0828175,40.7369383],[-74.0829647,40.7369143],[-74.0831062,40.7368893],[-74.0845621,40.7366179],[-74.0847102,40.7365898],[-74.0848558,40.7365617],[-74.0849982,40.736533],[-74.085145,40.736501],[-74.0852835,40.7364688],[-74.0854316,40.7364327],[-74.0855701,40.7363986],[-74.0857122,40.7363656],[-74.085844,40.7363362]]},"id":"way/416819422"},{"type":"Feature","properties":{"@id":"way/416820371","name":"Tonnelle Avenue","ref":"US 1;US 9","route0_ref":"US 9","route0_status":"signed","route0_role":"mainline","route0_tensDigit":0,"route0_onesDigit":"odd","route0_tier":"primary","route1_ref":"US 1","route1_status":"signed","route1_role":"mainline","route1_tensDigit":0,"route1_onesDigit":"odd","route1_tier":"major"},"geometry":{"type":"LineString","coordinates":[[-74.0630277,40.743578],[-74.0635324,40.7419039]]},"id":"way/416820371"},{"type":"Feature","properties":{"@id":"way/416821499","name":"Tonnelle Avenue","ref":"US 1;US 9","route0_ref":"US 9","route0_status":"signed","route0_role":"mainline","route0_tensDigit":0,"route0_onesDigit":"odd","route0_tier":"primary","route1_ref":"US 1","route1_status":"signed","route1_role":"mainline","route1_tensDigit":0,"route1_onesDigit":"odd","route1_tier":"major"},"geometry":{"type":"LineString","coordinates":[[-74.0629424,40.7434343],[-74.0628295,40.7438131],[-74.062771,40.7440093],[-74.062671,40.7443445],[-74.0625885,40.7446214],[-74.0625482,40.7447564],[-74.0625191,40.7448506],[-74.0625153,40.7448628],[-74.0624814,40.7449693],[-74.0623757,40.7452833]]},"id":"way/416821499"},{"type":"Feature","properties":{"@id":"way/417110821","ref":"US 1;US 9","route0_ref":"US 9","route0_status":"signed","route0_role":"mainline","route0_tensDigit":0,"route0_onesDigit":"odd","route0_tier":"primary","route1_ref":"US 1","route1_status":"signed","route1_role":"mainline","route1_tensDigit":0,"route1_onesDigit":"odd","route1_tier":"major"},"geometry":{"type":"LineString","coordinates":[[-74.0662182,40.7390764],[-74.0659166,40.7391023],[-74.0658444,40.7391074],[-74.0657667,40.7391101],[-74.0657011,40.7391093],[-74.0656335,40.7391041],[-74.0655383,40.739093]]},"id":"way/417110821"},{"type":"Feature","properties":{"@id":"way/418239991","name":"Pulaski Skyway","ref":"US 1;US 9","route0_ref":"US 9","route0_status":"signed","route0_role":"mainline","route0_tensDigit":0,"route0_onesDigit":"odd","route0_tier":"primary","route1_ref":"US 1","route1_status":"signed","route1_role":"mainline","route1_tensDigit":0,"route1_onesDigit":"odd","route1_tier":"major"},"geometry":{"type":"LineString","coordinates":[[-74.0771502,40.7378714],[-74.074781,40.7383078],[-74.0742309,40.7384118],[-74.0726892,40.7386967],[-74.072557,40.7387198],[-74.0724034,40.7387469],[-74.0722124,40.7387773],[-74.0720738,40.7387985],[-74.0719369,40.7388181],[-74.0717956,40.7388365],[-74.0716533,40.7388541],[-74.0715162,40.73887],[-74.071379,40.7388857],[-74.0712337,40.7389012],[-74.071097,40.7389139],[-74.0709594,40.7389253],[-74.0708149,40.7389372],[-74.0706744,40.738947],[-74.0705304,40.7389575],[-74.0703971,40.7389646],[-74.0702432,40.7389737],[-74.0683839,40.7390686]]},"id":"way/418239991"},{"type":"Feature","properties":{"@id":"way/420346799","name":"Tonnelle Avenue","ref":"US 1;US 9","route0_ref":"US 9","route0_status":"signed","route0_role":"mainline","route0_tensDigit":0,"route0_onesDigit":"odd","route0_tier":"primary","route1_ref":"US 1","route1_status":"signed","route1_role":"mainline","route1_tensDigit":0,"route1_onesDigit":"odd","route1_tier":"major"},"geometry":{"type":"LineString","coordinates":[[-74.0415898,40.7735958],[-74.0415303,40.7737508]]},"id":"way/420346799"},{"type":"Feature","properties":{"@id":"way/420346800","name":"Tonnelle Avenue","ref":"US 1;US 9","route0_ref":"US 9","route0_status":"signed","route0_role":"mainline","route0_tensDigit":0,"route0_onesDigit":"odd","route0_tier":"primary","route1_ref":"US 1","route1_status":"signed","route1_role":"mainline","route1_tensDigit":0,"route1_onesDigit":"odd","route1_tier":"major"},"geometry":{"type":"LineString","coordinates":[[-74.0415303,40.7737508],[-74.0412329,40.7744522],[-74.0411412,40.7746494]]},"id":"way/420346800"},{"type":"Feature","properties":{"@id":"way/420594555","name":"East Edgar Road","ref":"US 1;US 9","route0_ref":"US 9","route0_status":"signed","route0_role":"mainline","route0_tensDigit":0,"route0_onesDigit":"odd","route0_tier":"primary","route1_ref":"US 1","route1_status":"signed","route1_role":"mainline","route1_tensDigit":0,"route1_onesDigit":"odd","route1_tier":"major"},"geometry":{"type":"LineString","coordinates":[[-74.2334961,40.6369862],[-74.2333226,40.6372051],[-74.2331636,40.6374022],[-74.2326678,40.6380234],[-74.2321733,40.6386456]]},"id":"way/420594555"},{"type":"Feature","properties":{"@id":"way/420594556","name":"East Edgar Road","ref":"US 1;US 9","route0_ref":"US 9","route0_status":"signed","route0_role":"mainline","route0_tensDigit":0,"route0_onesDigit":"odd","route0_tier":"primary","route1_ref":"US 1","route1_status":"signed","route1_role":"mainline","route1_tensDigit":0,"route1_onesDigit":"odd","route1_tier":"major"},"geometry":{"type":"LineString","coordinates":[[-74.2260743,40.646142],[-74.2263202,40.6458572],[-74.2265811,40.6455459]]},"id":"way/420594556"},{"type":"Feature","properties":{"@id":"way/420594557","name":"East Edgar Road","ref":"US 1;US 9","route0_ref":"US 9","route0_status":"signed","route0_role":"mainline","route0_tensDigit":0,"route0_onesDigit":"odd","route0_tier":"primary","route1_ref":"US 1","route1_status":"signed","route1_role":"mainline","route1_tensDigit":0,"route1_onesDigit":"odd","route1_tier":"major"},"geometry":{"type":"LineString","coordinates":[[-74.224668,40.6477812],[-74.2248432,40.6475916],[-74.22499,40.6474272],[-74.2257231,40.6465576],[-74.2259052,40.64634],[-74.2259834,40.6462464]]},"id":"way/420594557"},{"type":"Feature","properties":{"@id":"way/420594558","name":"East Edgar Road","ref":"US 1;US 9","route0_ref":"US 9","route0_status":"signed","route0_role":"mainline","route0_tensDigit":0,"route0_onesDigit":"odd","route0_tier":"primary","route1_ref":"US 1","route1_status":"signed","route1_role":"mainline","route1_tensDigit":0,"route1_onesDigit":"odd","route1_tier":"major"},"geometry":{"type":"LineString","coordinates":[[-74.2264326,40.64545],[-74.2262862,40.6456271],[-74.2261007,40.6458514],[-74.2259694,40.6460102],[-74.2255015,40.6465866],[-74.2250399,40.6471394]]},"id":"way/420594558"},{"type":"Feature","properties":{"@id":"way/420601848","name":"Tonnelle Avenue","ref":"US 1;US 9","route0_ref":"US 9","route0_status":"signed","route0_role":"mainline","route0_tensDigit":0,"route0_onesDigit":"odd","route0_tier":"primary","route1_ref":"US 1","route1_status":"signed","route1_role":"mainline","route1_tensDigit":0,"route1_onesDigit":"odd","route1_tier":"major"},"geometry":{"type":"LineString","coordinates":[[-74.0644061,40.7404737],[-74.0645091,40.7403744]]},"id":"way/420601848"},{"type":"Feature","properties":{"@id":"way/420604636","ref":"US 1;US 9","route0_ref":"US 9","route0_status":"signed","route0_role":"mainline","route0_tensDigit":0,"route0_onesDigit":"odd","route0_tier":"primary","route1_ref":"US 1","route1_status":"signed","route1_role":"mainline","route1_tensDigit":0,"route1_onesDigit":"odd","route1_tier":"major"},"geometry":{"type":"LineString","coordinates":[[-73.9989994,40.8418152],[-73.9991198,40.8418507],[-73.9992332,40.8418864]]},"id":"way/420604636"},{"type":"Feature","properties":{"@id":"way/420604637","name":"West Columbia Avenue","ref":"US 1;US 9","route0_ref":"US 9","route0_status":"signed","route0_role":"mainline","route0_tensDigit":0,"route0_onesDigit":"odd","route0_tier":"primary","route1_ref":"US 1","route1_status":"signed","route1_role":"mainline","route1_tensDigit":0,"route1_onesDigit":"odd","route1_tier":"major"},"geometry":{"type":"LineString","coordinates":[[-74.0010183,40.842858],[-74.0012179,40.842982],[-74.0013526,40.8430663]]},"id":"way/420604637"},{"type":"Feature","properties":{"@id":"way/420604639","ref":"US 1;US 9","route0_ref":"US 9","route0_status":"signed","route0_role":"mainline","route0_tensDigit":0,"route0_onesDigit":"odd","route0_tier":"primary","route1_ref":"US 1","route1_status":"signed","route1_role":"mainline","route1_tensDigit":0,"route1_onesDigit":"odd","route1_tier":"major"},"geometry":{"type":"LineString","coordinates":[[-73.9998115,40.8418536],[-73.9997284,40.8418151],[-73.9996362,40.841776],[-73.9995332,40.8417354],[-73.9994252,40.8416946]]},"id":"way/420604639"},{"type":"Feature","properties":{"@id":"way/420604644","ref":"US 1;US 9","route0_ref":"US 9","route0_status":"signed","route0_role":"mainline","route0_tensDigit":0,"route0_onesDigit":"odd","route0_tier":"primary","route1_ref":"US 1","route1_status":"signed","route1_role":"mainline","route1_tensDigit":0,"route1_onesDigit":"odd","route1_tier":"major"},"geometry":{"type":"LineString","coordinates":[[-74.0002599,40.8420913],[-74.0001459,40.8420252],[-74.0000312,40.8419622],[-73.9999162,40.8419035],[-73.9998115,40.8418536]]},"id":"way/420604644"},{"type":"Feature","properties":{"@id":"way/420604647","name":"West Columbia Avenue","ref":"US 1;US 9","route0_ref":"US 9","route0_status":"signed","route0_role":"mainline","route0_tensDigit":0,"route0_onesDigit":"odd","route0_tier":"primary","route1_ref":"US 1","route1_status":"signed","route1_role":"mainline","route1_tensDigit":0,"route1_onesDigit":"odd","route1_tier":"major"},"geometry":{"type":"LineString","coordinates":[[-73.9992332,40.8418864],[-73.9993358,40.8419242],[-73.9994652,40.8419753],[-73.9995914,40.8420283],[-73.9997124,40.8420835],[-73.9998324,40.8421423],[-73.999951,40.8422056],[-74.0000621,40.8422692],[-74.0001761,40.8423376],[-74.0002861,40.8424052],[-74.0007608,40.8427002],[-74.0010183,40.842858]]},"id":"way/420604647"},{"type":"Feature","properties":{"@id":"way/420606766","name":"Tonnelle Avenue","ref":"US 1;US 9","route0_ref":"US 9","route0_status":"signed","route0_role":"mainline","route0_tensDigit":0,"route0_onesDigit":"odd","route0_tier":"primary","route1_ref":"US 1","route1_status":"signed","route1_role":"mainline","route1_tensDigit":0,"route1_onesDigit":"odd","route1_tier":"major"},"geometry":{"type":"LineString","coordinates":[[-74.0199352,40.8029092],[-74.0198126,40.8030475]]},"id":"way/420606766"},{"type":"Feature","properties":{"@id":"way/420606767","name":"Tonnelle Avenue","ref":"US 1;US 9","route0_ref":"US 9","route0_status":"signed","route0_role":"mainline","route0_tensDigit":0,"route0_onesDigit":"odd","route0_tier":"primary","route1_ref":"US 1","route1_status":"signed","route1_role":"mainline","route1_tensDigit":0,"route1_onesDigit":"odd","route1_tier":"major"},"geometry":{"type":"LineString","coordinates":[[-74.0104647,40.8136254],[-74.0102236,40.8139038]]},"id":"way/420606767"},{"type":"Feature","properties":{"@id":"way/420606768","name":"Tonnelle Avenue","ref":"US 1;US 9","route0_ref":"US 9","route0_status":"signed","route0_role":"mainline","route0_tensDigit":0,"route0_onesDigit":"odd","route0_tier":"primary","route1_ref":"US 1","route1_status":"signed","route1_role":"mainline","route1_tensDigit":0,"route1_onesDigit":"odd","route1_tier":"major"},"geometry":{"type":"LineString","coordinates":[[-74.0162439,40.8072816],[-74.0159558,40.8075938],[-74.01586,40.8076976],[-74.0157231,40.8078459]]},"id":"way/420606768"},{"type":"Feature","properties":{"@id":"way/420606769","name":"Tonnelle Avenue","ref":"US 1;US 9","route0_ref":"US 9","route0_status":"signed","route0_role":"mainline","route0_tensDigit":0,"route0_onesDigit":"odd","route0_tier":"primary","route1_ref":"US 1","route1_status":"signed","route1_role":"mainline","route1_tensDigit":0,"route1_onesDigit":"odd","route1_tier":"major"},"geometry":{"type":"LineString","coordinates":[[-74.0176047,40.8056342],[-74.0173801,40.8058961],[-74.0172656,40.8060296],[-74.0172231,40.8061514]]},"id":"way/420606769"},{"type":"Feature","properties":{"@id":"way/420606770","name":"Tonnelle Avenue","ref":"US 1;US 9","route0_ref":"US 9","route0_status":"signed","route0_role":"mainline","route0_tensDigit":0,"route0_onesDigit":"odd","route0_tier":"primary","route1_ref":"US 1","route1_status":"signed","route1_role":"mainline","route1_tensDigit":0,"route1_onesDigit":"odd","route1_tier":"major"},"geometry":{"type":"LineString","coordinates":[[-74.0189178,40.8041197],[-74.0188323,40.8042154],[-74.0186476,40.8044221],[-74.0185851,40.804492]]},"id":"way/420606770"},{"type":"Feature","properties":{"@id":"way/420606771","name":"Tonnelle Avenue","ref":"US 1;US 9","route0_ref":"US 9","route0_status":"signed","route0_role":"mainline","route0_tensDigit":0,"route0_onesDigit":"odd","route0_tier":"primary","route1_ref":"US 1","route1_status":"signed","route1_role":"mainline","route1_tensDigit":0,"route1_onesDigit":"odd","route1_tier":"major"},"geometry":{"type":"LineString","coordinates":[[-74.0198126,40.8030475],[-74.0197774,40.8030908],[-74.0196137,40.8032925]]},"id":"way/420606771"},{"type":"Feature","properties":{"@id":"way/420606772","name":"Tonnelle Avenue","ref":"US 1;US 9","route0_ref":"US 9","route0_status":"signed","route0_role":"mainline","route0_tensDigit":0,"route0_onesDigit":"odd","route0_tier":"primary","route1_ref":"US 1","route1_status":"signed","route1_role":"mainline","route1_tensDigit":0,"route1_onesDigit":"odd","route1_tier":"major"},"geometry":{"type":"LineString","coordinates":[[-74.0108314,40.8132039],[-74.0107614,40.813283],[-74.0106793,40.8133759],[-74.0105395,40.8135384],[-74.0104647,40.8136254]]},"id":"way/420606772"},{"type":"Feature","properties":{"@id":"way/420606774","name":"Tonnelle Avenue","ref":"US 1;US 9","route0_ref":"US 9","route0_status":"signed","route0_role":"mainline","route0_tensDigit":0,"route0_onesDigit":"odd","route0_tier":"primary","route1_ref":"US 1","route1_status":"signed","route1_role":"mainline","route1_tensDigit":0,"route1_onesDigit":"odd","route1_tier":"major"},"geometry":{"type":"LineString","coordinates":[[-74.0185851,40.804492],[-74.0185314,40.8045544],[-74.0180831,40.805075],[-74.0176047,40.8056342]]},"id":"way/420606774"},{"type":"Feature","properties":{"@id":"way/420606775","name":"Tonnelle Avenue","ref":"US 1;US 9","route0_ref":"US 9","route0_status":"signed","route0_role":"mainline","route0_tensDigit":0,"route0_onesDigit":"odd","route0_tier":"primary","route1_ref":"US 1","route1_status":"signed","route1_role":"mainline","route1_tensDigit":0,"route1_onesDigit":"odd","route1_tier":"major"},"geometry":{"type":"LineString","coordinates":[[-74.016512,40.8069653],[-74.0162439,40.8072816]]},"id":"way/420606775"},{"type":"Feature","properties":{"@id":"way/420606776","name":"Tonnelle Avenue","ref":"US 1;US 9","route0_ref":"US 9","route0_status":"signed","route0_role":"mainline","route0_tensDigit":0,"route0_onesDigit":"odd","route0_tier":"primary","route1_ref":"US 1","route1_status":"signed","route1_role":"mainline","route1_tensDigit":0,"route1_onesDigit":"odd","route1_tier":"major"},"geometry":{"type":"LineString","coordinates":[[-74.0102236,40.8139038],[-74.0100443,40.8141109],[-74.0099839,40.8141805],[-74.0097102,40.8144966],[-74.0096135,40.8146082]]},"id":"way/420606776"},{"type":"Feature","properties":{"@id":"way/420606777","name":"Tonnelle Avenue","ref":"US 1;US 9","route0_ref":"US 9","route0_status":"signed","route0_role":"mainline","route0_tensDigit":0,"route0_onesDigit":"odd","route0_tier":"primary","route1_ref":"US 1","route1_status":"signed","route1_role":"mainline","route1_tensDigit":0,"route1_onesDigit":"odd","route1_tier":"major"},"geometry":{"type":"LineString","coordinates":[[-74.0152155,40.8084123],[-74.0146945,40.8089591]]},"id":"way/420606777"},{"type":"Feature","properties":{"@id":"way/420606778","name":"Tonnelle Avenue","ref":"US 1;US 9","route0_ref":"US 9","route0_status":"signed","route0_role":"mainline","route0_tensDigit":0,"route0_onesDigit":"odd","route0_tier":"primary","route1_ref":"US 1","route1_status":"signed","route1_role":"mainline","route1_tensDigit":0,"route1_onesDigit":"odd","route1_tier":"major"},"geometry":{"type":"LineString","coordinates":[[-74.0172231,40.8061514],[-74.0169876,40.8064202]]},"id":"way/420606778"},{"type":"Feature","properties":{"@id":"way/420606779","name":"Tonnelle Avenue","ref":"US 1;US 9","route0_ref":"US 9","route0_status":"signed","route0_role":"mainline","route0_tensDigit":0,"route0_onesDigit":"odd","route0_tier":"primary","route1_ref":"US 1","route1_status":"signed","route1_role":"mainline","route1_tensDigit":0,"route1_onesDigit":"odd","route1_tier":"major"},"geometry":{"type":"LineString","coordinates":[[-74.0222998,40.8001516],[-74.0222329,40.8002313],[-74.0220653,40.8004308]]},"id":"way/420606779"},{"type":"Feature","properties":{"@id":"way/420606781","name":"Tonnelle Avenue","ref":"US 1;US 9","route0_ref":"US 9","route0_status":"signed","route0_role":"mainline","route0_tensDigit":0,"route0_onesDigit":"odd","route0_tier":"primary","route1_ref":"US 1","route1_status":"signed","route1_role":"mainline","route1_tensDigit":0,"route1_onesDigit":"odd","route1_tier":"major"},"geometry":{"type":"LineString","coordinates":[[-74.0169876,40.8064202],[-74.0167301,40.8067166]]},"id":"way/420606781"},{"type":"Feature","properties":{"@id":"way/420606783","name":"Tonnelle Avenue","ref":"US 1;US 9","route0_ref":"US 9","route0_status":"signed","route0_role":"mainline","route0_tensDigit":0,"route0_onesDigit":"odd","route0_tier":"primary","route1_ref":"US 1","route1_status":"signed","route1_role":"mainline","route1_tensDigit":0,"route1_onesDigit":"odd","route1_tier":"major"},"geometry":{"type":"LineString","coordinates":[[-74.0196137,40.8032925],[-74.0194739,40.8034608],[-74.0193522,40.8036072],[-74.0191495,40.8038513]]},"id":"way/420606783"},{"type":"Feature","properties":{"@id":"way/420811718","ref":"US 1;US 9","route0_ref":"US 9","route0_status":"signed","route0_role":"mainline","route0_tensDigit":0,"route0_onesDigit":"odd","route0_tier":"primary","route1_ref":"US 1","route1_status":"signed","route1_role":"mainline","route1_tensDigit":0,"route1_onesDigit":"odd","route1_tier":"major"},"geometry":{"type":"LineString","coordinates":[[-74.2610841,40.6071946],[-74.2605567,40.6077713]]},"id":"way/420811718"},{"type":"Feature","properties":{"@id":"way/420811719","ref":"US 1;US 9","route0_ref":"US 9","route0_status":"signed","route0_role":"mainline","route0_tensDigit":0,"route0_onesDigit":"odd","route0_tier":"primary","route1_ref":"US 1","route1_status":"signed","route1_role":"mainline","route1_tensDigit":0,"route1_onesDigit":"odd","route1_tier":"major"},"geometry":{"type":"LineString","coordinates":[[-74.2614,40.6070845],[-74.2615392,40.6069326],[-74.2617244,40.6067294]]},"id":"way/420811719"},{"type":"Feature","properties":{"@id":"way/420811720","ref":"US 1;US 9","route0_ref":"US 9","route0_status":"signed","route0_role":"mainline","route0_tensDigit":0,"route0_onesDigit":"odd","route0_tier":"primary","route1_ref":"US 1","route1_status":"signed","route1_role":"mainline","route1_tensDigit":0,"route1_onesDigit":"odd","route1_tier":"major"},"geometry":{"type":"LineString","coordinates":[[-74.2550812,40.6137018],[-74.2548458,40.6139606]]},"id":"way/420811720"},{"type":"Feature","properties":{"@id":"way/420811721","ref":"US 1;US 9","route0_ref":"US 9","route0_status":"signed","route0_role":"mainline","route0_tensDigit":0,"route0_onesDigit":"odd","route0_tier":"primary","route1_ref":"US 1","route1_status":"signed","route1_role":"mainline","route1_tensDigit":0,"route1_onesDigit":"odd","route1_tier":"major"},"geometry":{"type":"LineString","coordinates":[[-74.261577,40.6066796],[-74.2611835,40.6070855],[-74.2610841,40.6071946]]},"id":"way/420811721"},{"type":"Feature","properties":{"@id":"way/420811722","ref":"US 1;US 9","route0_ref":"US 9","route0_status":"signed","route0_role":"mainline","route0_tensDigit":0,"route0_onesDigit":"odd","route0_tier":"primary","route1_ref":"US 1","route1_status":"signed","route1_role":"mainline","route1_tensDigit":0,"route1_onesDigit":"odd","route1_tier":"major"},"geometry":{"type":"LineString","coordinates":[[-74.2601434,40.6084226],[-74.2606741,40.6078473]]},"id":"way/420811722"},{"type":"Feature","properties":{"@id":"way/420811723","ref":"US 1;US 9","route0_ref":"US 9","route0_status":"signed","route0_role":"mainline","route0_tensDigit":0,"route0_onesDigit":"odd","route0_tier":"primary","route1_ref":"US 1","route1_status":"signed","route1_role":"mainline","route1_tensDigit":0,"route1_onesDigit":"odd","route1_tier":"major"},"geometry":{"type":"LineString","coordinates":[[-74.262123,40.6060826],[-74.261577,40.6066796]]},"id":"way/420811723"},{"type":"Feature","properties":{"@id":"way/420811724","ref":"US 1;US 9","route0_ref":"US 9","route0_status":"signed","route0_role":"mainline","route0_tensDigit":0,"route0_onesDigit":"odd","route0_tier":"primary","route1_ref":"US 1","route1_status":"signed","route1_role":"mainline","route1_tensDigit":0,"route1_onesDigit":"odd","route1_tier":"major"},"geometry":{"type":"LineString","coordinates":[[-74.2553691,40.613403],[-74.2550812,40.6137018]]},"id":"way/420811724"},{"type":"Feature","properties":{"@id":"way/420811725","ref":"US 1;US 9","route0_ref":"US 9","route0_status":"signed","route0_role":"mainline","route0_tensDigit":0,"route0_onesDigit":"odd","route0_tier":"primary","route1_ref":"US 1","route1_status":"signed","route1_role":"mainline","route1_tensDigit":0,"route1_onesDigit":"odd","route1_tier":"major"},"geometry":{"type":"LineString","coordinates":[[-74.261152,40.607356],[-74.2612594,40.6072407],[-74.2613516,40.6071392],[-74.2614,40.6070845]]},"id":"way/420811725"},{"type":"Feature","properties":{"@id":"way/420811726","ref":"US 1;US 9","route0_ref":"US 9","route0_status":"signed","route0_role":"mainline","route0_tensDigit":0,"route0_onesDigit":"odd","route0_tier":"primary","route1_ref":"US 1","route1_status":"signed","route1_role":"mainline","route1_tensDigit":0,"route1_onesDigit":"odd","route1_tier":"major"},"geometry":{"type":"LineString","coordinates":[[-74.2630284,40.6053198],[-74.2634607,40.6048533]]},"id":"way/420811726"},{"type":"Feature","properties":{"@id":"way/420822179","name":"South Broad Avenue","ref":"US 1;US 9","route0_ref":"US 9","route0_status":"signed","route0_role":"mainline","route0_tensDigit":0,"route0_onesDigit":"odd","route0_tier":"primary","route1_ref":"US 1","route1_status":"signed","route1_role":"mainline","route1_tensDigit":0,"route1_onesDigit":"odd","route1_tier":"major"},"geometry":{"type":"LineString","coordinates":[[-74.0094786,40.8340757],[-74.0093895,40.8341666],[-74.0091689,40.8343919]]},"id":"way/420822179"},{"type":"Feature","properties":{"@id":"way/420822180","name":"South Broad Avenue","ref":"US 1;US 9","route0_ref":"US 9","route0_status":"signed","route0_role":"mainline","route0_tensDigit":0,"route0_onesDigit":"odd","route0_tier":"primary","route1_ref":"US 1","route1_status":"signed","route1_role":"mainline","route1_tensDigit":0,"route1_onesDigit":"odd","route1_tier":"major"},"geometry":{"type":"LineString","coordinates":[[-74.0100438,40.8335019],[-74.0100231,40.8335285],[-74.0099966,40.8335593],[-74.0099771,40.8335817],[-74.0094786,40.8340757]]},"id":"way/420822180"},{"type":"Feature","properties":{"@id":"way/420822181","name":"South Broad Avenue","ref":"US 1;US 9","route0_ref":"US 9","route0_status":"signed","route0_role":"mainline","route0_tensDigit":0,"route0_onesDigit":"odd","route0_tier":"primary","route1_ref":"US 1","route1_status":"signed","route1_role":"mainline","route1_tensDigit":0,"route1_onesDigit":"odd","route1_tier":"major"},"geometry":{"type":"LineString","coordinates":[[-74.0100826,40.8320466],[-74.0100907,40.8321544],[-74.0101187,40.8325256],[-74.0101497,40.8329071],[-74.0101531,40.8329485],[-74.0101635,40.8330546]]},"id":"way/420822181"},{"type":"Feature","properties":{"@id":"way/420822182","name":"South Broad Avenue","ref":"US 1;US 9","route0_ref":"US 9","route0_status":"signed","route0_role":"mainline","route0_tensDigit":0,"route0_onesDigit":"odd","route0_tier":"primary","route1_ref":"US 1","route1_status":"signed","route1_role":"mainline","route1_tensDigit":0,"route1_onesDigit":"odd","route1_tier":"major"},"geometry":{"type":"LineString","coordinates":[[-74.0102882,40.8323176],[-74.0102645,40.8320383]]},"id":"way/420822182"},{"type":"Feature","properties":{"@id":"way/420822183","name":"South Broad Avenue","ref":"US 1;US 9","route0_ref":"US 9","route0_status":"signed","route0_role":"mainline","route0_tensDigit":0,"route0_onesDigit":"odd","route0_tier":"primary","route1_ref":"US 1","route1_status":"signed","route1_role":"mainline","route1_tensDigit":0,"route1_onesDigit":"odd","route1_tier":"major"},"geometry":{"type":"LineString","coordinates":[[-74.0103307,40.8330602],[-74.0103305,40.8329546],[-74.0103111,40.8327045],[-74.0102882,40.8323176]]},"id":"way/420822183"},{"type":"Feature","properties":{"@id":"way/420822184","name":"South Broad Avenue","ref":"US 1;US 9","route0_ref":"US 9","route0_status":"signed","route0_role":"mainline","route0_tensDigit":0,"route0_onesDigit":"odd","route0_tier":"primary","route1_ref":"US 1","route1_status":"signed","route1_role":"mainline","route1_tensDigit":0,"route1_onesDigit":"odd","route1_tier":"major"},"geometry":{"type":"LineString","coordinates":[[-74.0101635,40.8330546],[-74.0101665,40.8331329],[-74.0101661,40.8331833],[-74.0101642,40.8332191],[-74.0101585,40.8332592],[-74.0101491,40.8333005],[-74.0101368,40.833346],[-74.0101182,40.8333876],[-74.0100977,40.8334239],[-74.0100732,40.8334611],[-74.0100438,40.8335019]]},"id":"way/420822184"},{"type":"Feature","properties":{"@id":"way/420822676","name":"Broad Avenue","ref":"US 1;US 9","route0_ref":"US 9","route0_status":"signed","route0_role":"mainline","route0_tensDigit":0,"route0_onesDigit":"odd","route0_tier":"primary","route1_ref":"US 1","route1_status":"signed","route1_role":"mainline","route1_tensDigit":0,"route1_onesDigit":"odd","route1_tier":"major"},"geometry":{"type":"LineString","coordinates":[[-74.003903,40.8397763],[-74.0039462,40.83972],[-74.0039701,40.8396905],[-74.0042643,40.8393278],[-74.0043102,40.8392751],[-74.0043489,40.8392319],[-74.004384,40.839193],[-74.0044047,40.8391706],[-74.0044368,40.8391362],[-74.004489,40.8390819],[-74.0047012,40.8388706]]},"id":"way/420822676"},{"type":"Feature","properties":{"@id":"way/420822690","name":"Broad Avenue","ref":"US 1;US 9","route0_ref":"US 9","route0_status":"signed","route0_role":"mainline","route0_tensDigit":0,"route0_onesDigit":"odd","route0_tier":"primary","route1_ref":"US 1","route1_status":"signed","route1_role":"mainline","route1_tensDigit":0,"route1_onesDigit":"odd","route1_tier":"major"},"geometry":{"type":"LineString","coordinates":[[-74.0047012,40.8388706],[-74.0049305,40.8386435],[-74.004979,40.8385949],[-74.005143,40.8384308],[-74.0053047,40.8382693],[-74.0054633,40.8381132],[-74.006464,40.8371183]]},"id":"way/420822690"},{"type":"Feature","properties":{"@id":"way/420824600","name":"Tonnelle Avenue","ref":"US 1;US 9","route0_ref":"US 9","route0_status":"signed","route0_role":"mainline","route0_tensDigit":0,"route0_onesDigit":"odd","route0_tier":"primary","route1_ref":"US 1","route1_status":"signed","route1_role":"mainline","route1_tensDigit":0,"route1_onesDigit":"odd","route1_tier":"major"},"geometry":{"type":"LineString","coordinates":[[-74.0331879,40.7848999],[-74.032893,40.7853163],[-74.0328663,40.785354]]},"id":"way/420824600"},{"type":"Feature","properties":{"@id":"way/420836113","name":"East Edgar Road","ref":"US 1;US 9","route0_ref":"US 9","route0_status":"signed","route0_role":"mainline","route0_tensDigit":0,"route0_onesDigit":"odd","route0_tier":"primary","route1_ref":"US 1","route1_status":"signed","route1_role":"mainline","route1_tensDigit":0,"route1_onesDigit":"odd","route1_tier":"major"},"geometry":{"type":"LineString","coordinates":[[-74.2439732,40.6257507],[-74.2437023,40.6260456],[-74.2434204,40.6263525],[-74.2433987,40.6263766],[-74.2432737,40.6265195]]},"id":"way/420836113"},{"type":"Feature","properties":{"@id":"way/420836120","name":"East Edgar Road","ref":"US 1;US 9","route0_ref":"US 9","route0_status":"signed","route0_role":"mainline","route0_tensDigit":0,"route0_onesDigit":"odd","route0_tier":"primary","route1_ref":"US 1","route1_status":"signed","route1_role":"mainline","route1_tensDigit":0,"route1_onesDigit":"odd","route1_tier":"major"},"geometry":{"type":"LineString","coordinates":[[-74.2432737,40.6265195],[-74.2428772,40.6269306],[-74.2423703,40.6274651]]},"id":"way/420836120"},{"type":"Feature","properties":{"@id":"way/420836925","name":"East Edgar Road","ref":"US 1;US 9","route0_ref":"US 9","route0_status":"signed","route0_role":"mainline","route0_tensDigit":0,"route0_onesDigit":"odd","route0_tier":"primary","route1_ref":"US 1","route1_status":"signed","route1_role":"mainline","route1_tensDigit":0,"route1_onesDigit":"odd","route1_tier":"major"},"geometry":{"type":"LineString","coordinates":[[-74.2425066,40.6275455],[-74.2428483,40.6272009]]},"id":"way/420836925"},{"type":"Feature","properties":{"@id":"way/420836926","name":"East Edgar Road","ref":"US 1;US 9","route0_ref":"US 9","route0_status":"signed","route0_role":"mainline","route0_tensDigit":0,"route0_onesDigit":"odd","route0_tier":"primary","route1_ref":"US 1","route1_status":"signed","route1_role":"mainline","route1_tensDigit":0,"route1_onesDigit":"odd","route1_tier":"major"},"geometry":{"type":"LineString","coordinates":[[-74.2418061,40.6280752],[-74.2411962,40.6287346]]},"id":"way/420836926"},{"type":"Feature","properties":{"@id":"way/420836927","name":"East Edgar Road","ref":"US 1;US 9","route0_ref":"US 9","route0_status":"signed","route0_role":"mainline","route0_tensDigit":0,"route0_onesDigit":"odd","route0_tier":"primary","route1_ref":"US 1","route1_status":"signed","route1_role":"mainline","route1_tensDigit":0,"route1_onesDigit":"odd","route1_tier":"major"},"geometry":{"type":"LineString","coordinates":[[-74.2434186,40.6265839],[-74.2453008,40.6245523]]},"id":"way/420836927"},{"type":"Feature","properties":{"@id":"way/420838081","name":"East Edgar Road","ref":"US 1;US 9","route0_ref":"US 9","route0_status":"signed","route0_role":"mainline","route0_tensDigit":0,"route0_onesDigit":"odd","route0_tier":"primary","route1_ref":"US 1","route1_status":"signed","route1_role":"mainline","route1_tensDigit":0,"route1_onesDigit":"odd","route1_tier":"major"},"geometry":{"type":"LineString","coordinates":[[-74.2406997,40.6294924],[-74.2407651,40.6294223],[-74.2413321,40.6288143]]},"id":"way/420838081"},{"type":"Feature","properties":{"@id":"way/421837340","ref":"US 1;US 9","route0_ref":"US 9","route0_status":"signed","route0_role":"mainline","route0_tensDigit":0,"route0_onesDigit":"odd","route0_tier":"primary","route1_ref":"US 1","route1_status":"signed","route1_role":"mainline","route1_tensDigit":0,"route1_onesDigit":"odd","route1_tier":"major"},"geometry":{"type":"LineString","coordinates":[[-74.1969663,40.6778419],[-74.1970288,40.677763],[-74.1970952,40.6776863],[-74.1971877,40.6775816],[-74.1972998,40.677458]]},"id":"way/421837340"},{"type":"Feature","properties":{"@id":"way/428062884","ref":"US 1;US 9","route0_ref":"US 9","route0_status":"signed","route0_role":"mainline","route0_tensDigit":0,"route0_onesDigit":"odd","route0_tier":"primary","route1_ref":"US 1","route1_status":"signed","route1_role":"mainline","route1_tensDigit":0,"route1_onesDigit":"odd","route1_tier":"major"},"geometry":{"type":"LineString","coordinates":[[-74.1967076,40.6775008],[-74.1960525,40.6780422],[-74.1956255,40.6784011],[-74.1954929,40.6785047],[-74.1949902,40.6789201],[-74.1945775,40.6792612],[-74.1943736,40.6794298],[-74.1937107,40.6799776],[-74.1935646,40.6801006],[-74.1934755,40.6801833],[-74.193383,40.6802716],[-74.1932966,40.6803609],[-74.1932153,40.6804492],[-74.1931348,40.6805444],[-74.1930601,40.6806389],[-74.1929886,40.6807364],[-74.1929222,40.6808321],[-74.1928572,40.6809326],[-74.1927979,40.6810328],[-74.1927455,40.681133],[-74.1926929,40.6812363],[-74.1926469,40.6813407],[-74.1926053,40.6814488],[-74.1925665,40.6815552],[-74.1925314,40.6816562],[-74.1924991,40.6817663],[-74.1924717,40.681871],[-74.1924485,40.68198],[-74.192431,40.682092],[-74.1924178,40.6821987],[-74.1924055,40.6823148]]},"id":"way/428062884"},{"type":"Feature","properties":{"@id":"way/429533719","ref":"US 1;US 9","route0_ref":"US 9","route0_status":"signed","route0_role":"mainline","route0_tensDigit":0,"route0_onesDigit":"odd","route0_tier":"primary","route1_ref":"US 1","route1_status":"signed","route1_role":"mainline","route1_tensDigit":0,"route1_onesDigit":"odd","route1_tier":"major"},"geometry":{"type":"LineString","coordinates":[[-74.1929483,40.6867255],[-74.1929775,40.684518],[-74.1929806,40.6844059],[-74.1929853,40.684304],[-74.1929927,40.684205],[-74.1930032,40.6840954],[-74.1930171,40.6839893],[-74.1930354,40.6838855],[-74.1930522,40.6837894],[-74.1932054,40.6832241]]},"id":"way/429533719"},{"type":"Feature","properties":{"@id":"way/435877509","ref":"US 1;US 9","route0_ref":"US 9","route0_status":"signed","route0_role":"mainline","route0_tensDigit":0,"route0_onesDigit":"odd","route0_tier":"primary","route1_ref":"US 1","route1_status":"signed","route1_role":"mainline","route1_tensDigit":0,"route1_onesDigit":"odd","route1_tier":"major"},"geometry":{"type":"LineString","coordinates":[[-74.1779914,40.7086795],[-74.1781468,40.7086583],[-74.178289,40.7086388],[-74.1784278,40.7086165],[-74.1785577,40.7085946],[-74.1786715,40.7085738],[-74.1787919,40.7085509],[-74.1789095,40.7085262],[-74.1790219,40.7085002],[-74.1791412,40.7084701],[-74.1792515,40.7084398],[-74.1793714,40.7084035],[-74.1794956,40.708363],[-74.1796228,40.7083191],[-74.179738,40.7082752],[-74.1798805,40.7082183],[-74.1800094,40.708164],[-74.1801293,40.7081093],[-74.1802549,40.708049],[-74.1803741,40.7079884],[-74.1804924,40.7079209],[-74.1806069,40.7078546],[-74.1807093,40.7077885],[-74.1808342,40.707708],[-74.1809437,40.7076306],[-74.1810471,40.7075519],[-74.1811521,40.7074704],[-74.1812487,40.7073893],[-74.1813482,40.7073005],[-74.1814387,40.7072146],[-74.1815319,40.7071228],[-74.1816224,40.7070273],[-74.1816873,40.7069537],[-74.1817452,40.7068863],[-74.1817969,40.7068235],[-74.1820303,40.7065638]]},"id":"way/435877509"},{"type":"Feature","properties":{"@id":"way/445852494","ref":"US 1;US 9","route0_ref":"US 9","route0_status":"signed","route0_role":"mainline","route0_tensDigit":0,"route0_onesDigit":"odd","route0_tier":"primary","route1_ref":"US 1","route1_status":"signed","route1_role":"mainline","route1_tensDigit":0,"route1_onesDigit":"odd","route1_tier":"major"},"geometry":{"type":"LineString","coordinates":[[-74.2731383,40.5944563],[-74.273057,40.5946276],[-74.2729989,40.5947564],[-74.272876,40.5950098]]},"id":"way/445852494"},{"type":"Feature","properties":{"@id":"way/445852499","ref":"US 1;US 9","route0_ref":"US 9","route0_status":"signed","route0_role":"mainline","route0_tensDigit":0,"route0_onesDigit":"odd","route0_tier":"primary","route1_ref":"US 1","route1_status":"signed","route1_role":"mainline","route1_tensDigit":0,"route1_onesDigit":"odd","route1_tier":"major"},"geometry":{"type":"LineString","coordinates":[[-74.2738628,40.5934142],[-74.2739694,40.5932369],[-74.2740408,40.5931102],[-74.27411,40.5929875]]},"id":"way/445852499"},{"type":"Feature","properties":{"@id":"way/445852505","ref":"US 1;US 9","route0_ref":"US 9","route0_status":"signed","route0_role":"mainline","route0_tensDigit":0,"route0_onesDigit":"odd","route0_tier":"primary","route1_ref":"US 1","route1_status":"signed","route1_role":"mainline","route1_tensDigit":0,"route1_onesDigit":"odd","route1_tier":"major"},"geometry":{"type":"LineString","coordinates":[[-74.2732145,40.5946606],[-74.2733517,40.5943715]]},"id":"way/445852505"},{"type":"Feature","properties":{"@id":"way/445852511","ref":"US 1;US 9","route0_ref":"US 9","route0_status":"signed","route0_role":"mainline","route0_tensDigit":0,"route0_onesDigit":"odd","route0_tier":"primary","route1_ref":"US 1","route1_status":"signed","route1_role":"mainline","route1_tensDigit":0,"route1_onesDigit":"odd","route1_tier":"major"},"geometry":{"type":"LineString","coordinates":[[-74.2730491,40.5950361],[-74.2731342,40.5948329]]},"id":"way/445852511"},{"type":"Feature","properties":{"@id":"way/445852517","ref":"US 1;US 9","route0_ref":"US 9","route0_status":"signed","route0_role":"mainline","route0_tensDigit":0,"route0_onesDigit":"odd","route0_tier":"primary","route1_ref":"US 1","route1_status":"signed","route1_role":"mainline","route1_tensDigit":0,"route1_onesDigit":"odd","route1_tier":"major"},"geometry":{"type":"LineString","coordinates":[[-74.2777888,40.5882793],[-74.2772514,40.5889103],[-74.277096,40.5890882],[-74.2763571,40.5899492]]},"id":"way/445852517"},{"type":"Feature","properties":{"@id":"way/445852520","ref":"US 1;US 9","route0_ref":"US 9","route0_status":"signed","route0_role":"mainline","route0_tensDigit":0,"route0_onesDigit":"odd","route0_tier":"primary","route1_ref":"US 1","route1_status":"signed","route1_role":"mainline","route1_tensDigit":0,"route1_onesDigit":"odd","route1_tier":"major"},"geometry":{"type":"LineString","coordinates":[[-74.2763571,40.5899492],[-74.2760508,40.5902798],[-74.275626,40.5907691],[-74.2755072,40.590901]]},"id":"way/445852520"},{"type":"Feature","properties":{"@id":"way/445852524","ref":"US 1;US 9","route0_ref":"US 9","route0_status":"signed","route0_role":"mainline","route0_tensDigit":0,"route0_onesDigit":"odd","route0_tier":"primary","route1_ref":"US 1","route1_status":"signed","route1_role":"mainline","route1_tensDigit":0,"route1_onesDigit":"odd","route1_tier":"major"},"geometry":{"type":"LineString","coordinates":[[-74.2733517,40.5943715],[-74.2735196,40.5940374],[-74.2736257,40.5938356],[-74.2737403,40.5936321],[-74.2738628,40.5934142]]},"id":"way/445852524"},{"type":"Feature","properties":{"@id":"way/445852527","ref":"US 1;US 9","route0_ref":"US 9","route0_status":"signed","route0_role":"mainline","route0_tensDigit":0,"route0_onesDigit":"odd","route0_tier":"primary","route1_ref":"US 1","route1_status":"signed","route1_role":"mainline","route1_tensDigit":0,"route1_onesDigit":"odd","route1_tier":"major"},"geometry":{"type":"LineString","coordinates":[[-74.2739064,40.5930546],[-74.2736871,40.5934313],[-74.2735821,40.5936086]]},"id":"way/445852527"},{"type":"Feature","properties":{"@id":"way/445852531","ref":"US 1;US 9","route0_ref":"US 9","route0_status":"signed","route0_role":"mainline","route0_tensDigit":0,"route0_onesDigit":"odd","route0_tier":"primary","route1_ref":"US 1","route1_status":"signed","route1_role":"mainline","route1_tensDigit":0,"route1_onesDigit":"odd","route1_tier":"major"},"geometry":{"type":"LineString","coordinates":[[-74.272876,40.5950098],[-74.2728182,40.5951451],[-74.2727995,40.595189]]},"id":"way/445852531"},{"type":"Feature","properties":{"@id":"way/454965960","name":"Tonnelle Avenue","ref":"US 1;US 9","route0_ref":"US 9","route0_status":"signed","route0_role":"mainline","route0_tensDigit":0,"route0_onesDigit":"odd","route0_tier":"primary","route1_ref":"US 1","route1_status":"signed","route1_role":"mainline","route1_tensDigit":0,"route1_onesDigit":"odd","route1_tier":"major"},"geometry":{"type":"LineString","coordinates":[[-74.0422795,40.7722426],[-74.0420074,40.772663],[-74.0419757,40.7727115],[-74.0419396,40.7727707],[-74.0419155,40.7728143],[-74.041846,40.7729697],[-74.0418235,40.773036],[-74.0417711,40.773159],[-74.0416842,40.7733657],[-74.0415898,40.7735958]]},"id":"way/454965960"},{"type":"Feature","properties":{"@id":"way/454965968","name":"Tonnelle Avenue","ref":"US 1;US 9","route0_ref":"US 9","route0_status":"signed","route0_role":"mainline","route0_tensDigit":0,"route0_onesDigit":"odd","route0_tier":"primary","route1_ref":"US 1","route1_status":"signed","route1_role":"mainline","route1_tensDigit":0,"route1_onesDigit":"odd","route1_tier":"major"},"geometry":{"type":"LineString","coordinates":[[-74.0406771,40.7755425],[-74.0408974,40.7752095]]},"id":"way/454965968"},{"type":"Feature","properties":{"@id":"way/454965969","name":"Tonnelle Avenue","ref":"US 1;US 9","route0_ref":"US 9","route0_status":"signed","route0_role":"mainline","route0_tensDigit":0,"route0_onesDigit":"odd","route0_tier":"primary","route1_ref":"US 1","route1_status":"signed","route1_role":"mainline","route1_tensDigit":0,"route1_onesDigit":"odd","route1_tier":"major"},"geometry":{"type":"LineString","coordinates":[[-74.0364159,40.781487],[-74.0368585,40.7810465],[-74.0369982,40.7808972],[-74.0371054,40.7807751],[-74.0371851,40.7806796],[-74.037231,40.7806236],[-74.037295,40.7805407],[-74.0373954,40.7804039],[-74.0375119,40.7802377],[-74.0376226,40.7800721],[-74.0381631,40.7792726],[-74.0383923,40.7789382]]},"id":"way/454965969"},{"type":"Feature","properties":{"@id":"way/475292023","name":"Tonnelle Avenue","ref":"US 1;US 9","route0_ref":"US 9","route0_status":"signed","route0_role":"mainline","route0_tensDigit":0,"route0_onesDigit":"odd","route0_tier":"primary","route1_ref":"US 1","route1_status":"signed","route1_role":"mainline","route1_tensDigit":0,"route1_onesDigit":"odd","route1_tier":"major"},"geometry":{"type":"LineString","coordinates":[[-74.0313602,40.7872875],[-74.031184,40.7875041]]},"id":"way/475292023"},{"type":"Feature","properties":{"@id":"way/475292026","name":"Tonnelle Avenue","ref":"US 1;US 9","route0_ref":"US 9","route0_status":"signed","route0_role":"mainline","route0_tensDigit":0,"route0_onesDigit":"odd","route0_tier":"primary","route1_ref":"US 1","route1_status":"signed","route1_role":"mainline","route1_tensDigit":0,"route1_onesDigit":"odd","route1_tier":"major"},"geometry":{"type":"LineString","coordinates":[[-74.0318799,40.7866425],[-74.031815,40.7867212]]},"id":"way/475292026"},{"type":"Feature","properties":{"@id":"way/506738905","ref":"US 1;US 9","route0_ref":"US 9","route0_status":"signed","route0_role":"mainline","route0_tensDigit":0,"route0_onesDigit":"odd","route0_tier":"primary","route1_ref":"US 1","route1_status":"signed","route1_role":"mainline","route1_tensDigit":0,"route1_onesDigit":"odd","route1_tier":"major"},"geometry":{"type":"LineString","coordinates":[[-74.2633521,40.6047516],[-74.2632465,40.6048661]]},"id":"way/506738905"},{"type":"Feature","properties":{"@id":"way/506738906","ref":"US 1;US 9","route0_ref":"US 9","route0_status":"signed","route0_role":"mainline","route0_tensDigit":0,"route0_onesDigit":"odd","route0_tier":"primary","route1_ref":"US 1","route1_status":"signed","route1_role":"mainline","route1_tensDigit":0,"route1_onesDigit":"odd","route1_tier":"major"},"geometry":{"type":"LineString","coordinates":[[-74.263692,40.6043913],[-74.2636109,40.6044711],[-74.2633521,40.6047516]]},"id":"way/506738906"},{"type":"Feature","properties":{"@id":"way/511696884","name":"Carlton Street","ref":"US 1;US 9","route0_ref":"US 9","route0_status":"signed","route0_role":"mainline","route0_tensDigit":0,"route0_onesDigit":"odd","route0_tier":"primary","route1_ref":"US 1","route1_status":"signed","route1_role":"mainline","route1_tensDigit":0,"route1_onesDigit":"odd","route1_tier":"major"},"geometry":{"type":"LineString","coordinates":[[-74.2214783,40.6503302],[-74.221286,40.6504497],[-74.2211653,40.6505228],[-74.2210581,40.6505849],[-74.2209176,40.6506648],[-74.2208442,40.6507018],[-74.2207695,40.6507384],[-74.2206267,40.6508041],[-74.2204599,40.6508735]]},"id":"way/511696884"},{"type":"Feature","properties":{"@id":"way/511696886","name":"Carlton Street","ref":"US 1;US 9","route0_ref":"US 9","route0_status":"signed","route0_role":"mainline","route0_tensDigit":0,"route0_onesDigit":"odd","route0_tier":"primary","route1_ref":"US 1","route1_status":"signed","route1_role":"mainline","route1_tensDigit":0,"route1_onesDigit":"odd","route1_tier":"major"},"geometry":{"type":"LineString","coordinates":[[-74.2215684,40.6504232],[-74.2216288,40.6503755],[-74.2216644,40.6503474],[-74.2217661,40.6502732],[-74.2219614,40.6501202],[-74.2223683,40.6497792],[-74.2223955,40.6497569],[-74.2224607,40.6497036]]},"id":"way/511696886"},{"type":"Feature","properties":{"@id":"way/511696887","name":"East Edgar Road","ref":"US 1;US 9","route0_ref":"US 9","route0_status":"signed","route0_role":"mainline","route0_tensDigit":0,"route0_onesDigit":"odd","route0_tier":"primary","route1_ref":"US 1","route1_status":"signed","route1_role":"mainline","route1_tensDigit":0,"route1_onesDigit":"odd","route1_tier":"major"},"geometry":{"type":"LineString","coordinates":[[-74.2238741,40.6485205],[-74.2241441,40.6482862],[-74.2242278,40.6482136],[-74.2244746,40.6479735],[-74.224615,40.6478339],[-74.224668,40.6477812]]},"id":"way/511696887"},{"type":"Feature","properties":{"@id":"way/511696888","name":"East Edgar Road","ref":"US 1;US 9","route0_ref":"US 9","route0_status":"signed","route0_role":"mainline","route0_tensDigit":0,"route0_onesDigit":"odd","route0_tier":"primary","route1_ref":"US 1","route1_status":"signed","route1_role":"mainline","route1_tensDigit":0,"route1_onesDigit":"odd","route1_tier":"major"},"geometry":{"type":"LineString","coordinates":[[-74.2290843,40.6423359],[-74.2286339,40.6428668],[-74.2285048,40.6430262],[-74.2281605,40.6434369]]},"id":"way/511696888"},{"type":"Feature","properties":{"@id":"way/511696889","name":"East Edgar Road","ref":"US 1;US 9","route0_ref":"US 9","route0_status":"signed","route0_role":"mainline","route0_tensDigit":0,"route0_onesDigit":"odd","route0_tier":"primary","route1_ref":"US 1","route1_status":"signed","route1_role":"mainline","route1_tensDigit":0,"route1_onesDigit":"odd","route1_tier":"major"},"geometry":{"type":"LineString","coordinates":[[-74.2342612,40.6360884],[-74.234121,40.6362428]]},"id":"way/511696889"},{"type":"Feature","properties":{"@id":"way/511748314","name":"East Edgar Road","ref":"US 1;US 9","route0_ref":"US 9","route0_status":"signed","route0_role":"mainline","route0_tensDigit":0,"route0_onesDigit":"odd","route0_tier":"primary","route1_ref":"US 1","route1_status":"signed","route1_role":"mainline","route1_tensDigit":0,"route1_onesDigit":"odd","route1_tier":"major"},"geometry":{"type":"LineString","coordinates":[[-74.2317825,40.6391226],[-74.2314132,40.6395699],[-74.2293334,40.6420366],[-74.2292048,40.6421917],[-74.2290843,40.6423359]]},"id":"way/511748314"},{"type":"Feature","properties":{"@id":"way/511748881","name":"Tonnelle Avenue","ref":"US 1;US 9","route0_ref":"US 9","route0_status":"signed","route0_role":"mainline","route0_tensDigit":0,"route0_onesDigit":"odd","route0_tier":"primary","route1_ref":"US 1","route1_status":"signed","route1_role":"mainline","route1_tensDigit":0,"route1_onesDigit":"odd","route1_tier":"major"},"geometry":{"type":"LineString","coordinates":[[-74.0623037,40.745497],[-74.062035,40.7462301]]},"id":"way/511748881"},{"type":"Feature","properties":{"@id":"way/553719405","name":"Tonnelle Avenue","ref":"US 1;US 9","route0_ref":"US 9","route0_status":"signed","route0_role":"mainline","route0_tensDigit":0,"route0_onesDigit":"odd","route0_tier":"primary","route1_ref":"US 1","route1_status":"signed","route1_role":"mainline","route1_tensDigit":0,"route1_onesDigit":"odd","route1_tier":"major"},"geometry":{"type":"LineString","coordinates":[[-74.0172231,40.8061514],[-74.0173602,40.8060989],[-74.017615,40.8058126],[-74.018209,40.8051169]]},"id":"way/553719405"},{"type":"Feature","properties":{"@id":"way/553719406","name":"Tonnelle Avenue","ref":"US 1;US 9","route0_ref":"US 9","route0_status":"signed","route0_role":"mainline","route0_tensDigit":0,"route0_onesDigit":"odd","route0_tier":"primary","route1_ref":"US 1","route1_status":"signed","route1_role":"mainline","route1_tensDigit":0,"route1_onesDigit":"odd","route1_tier":"major"},"geometry":{"type":"LineString","coordinates":[[-74.0220653,40.8004308],[-74.0218836,40.8006466],[-74.021773,40.800778]]},"id":"way/553719406"},{"type":"Feature","properties":{"@id":"way/572053394","name":"Tonnelle Avenue","ref":"US 1;US 9","route0_ref":"US 9","route0_status":"signed","route0_role":"mainline","route0_tensDigit":0,"route0_onesDigit":"odd","route0_tier":"primary","route1_ref":"US 1","route1_status":"signed","route1_role":"mainline","route1_tensDigit":0,"route1_onesDigit":"odd","route1_tier":"major"},"geometry":{"type":"LineString","coordinates":[[-74.0623757,40.7452833],[-74.0623669,40.7453094],[-74.0623037,40.745497]]},"id":"way/572053394"},{"type":"Feature","properties":{"@id":"way/579430490","name":"Tonnelle Avenue","ref":"US 1;US 9","route0_ref":"US 9","route0_status":"signed","route0_role":"mainline","route0_tensDigit":0,"route0_onesDigit":"odd","route0_tier":"primary","route1_ref":"US 1","route1_status":"signed","route1_role":"mainline","route1_tensDigit":0,"route1_onesDigit":"odd","route1_tier":"major"},"geometry":{"type":"LineString","coordinates":[[-74.0612709,40.7479151],[-74.0608686,40.7486827]]},"id":"way/579430490"},{"type":"Feature","properties":{"@id":"way/579737183","ref":"US 1;US 9","route0_ref":"US 9","route0_status":"signed","route0_role":"mainline","route0_tensDigit":0,"route0_onesDigit":"odd","route0_tier":"primary","route1_ref":"US 1","route1_status":"signed","route1_role":"mainline","route1_tensDigit":0,"route1_onesDigit":"odd","route1_tier":"major"},"geometry":{"type":"LineString","coordinates":[[-74.1864922,40.6998128],[-74.1866456,40.6995394]]},"id":"way/579737183"},{"type":"Feature","properties":{"@id":"way/579750157","name":"East Edgar Road","ref":"US 1;US 9","route0_ref":"US 9","route0_status":"signed","route0_role":"mainline","route0_tensDigit":0,"route0_onesDigit":"odd","route0_tier":"primary","route1_ref":"US 1","route1_status":"signed","route1_role":"mainline","route1_tensDigit":0,"route1_onesDigit":"odd","route1_tier":"major"},"geometry":{"type":"LineString","coordinates":[[-74.2468495,40.6225507],[-74.2462648,40.6232144],[-74.2462115,40.6232768],[-74.2461925,40.623299],[-74.2460209,40.6234997],[-74.2459113,40.623628],[-74.2456611,40.6239207],[-74.2455248,40.6240729]]},"id":"way/579750157"},{"type":"Feature","properties":{"@id":"way/579755515","ref":"US 1;US 9","route0_ref":"US 9","route0_status":"signed","route0_role":"mainline","route0_tensDigit":0,"route0_onesDigit":"odd","route0_tier":"primary","route1_ref":"US 1","route1_status":"signed","route1_role":"mainline","route1_tensDigit":0,"route1_onesDigit":"odd","route1_tier":"major"},"geometry":{"type":"LineString","coordinates":[[-74.1924055,40.6823148],[-74.1924043,40.6824217],[-74.1924062,40.682538],[-74.1924118,40.682647],[-74.1924496,40.6832001]]},"id":"way/579755515"},{"type":"Feature","properties":{"@id":"way/582734750","ref":"US 1;US 9","route0_ref":"US 9","route0_status":"signed","route0_role":"mainline","route0_tensDigit":0,"route0_onesDigit":"odd","route0_tier":"primary","route1_ref":"US 1","route1_status":"signed","route1_role":"mainline","route1_tensDigit":0,"route1_onesDigit":"odd","route1_tier":"major"},"geometry":{"type":"LineString","coordinates":[[-74.1772736,40.7087009],[-74.1774804,40.7087004],[-74.1776189,40.7087003],[-74.1777358,40.7086973],[-74.1778583,40.7086905],[-74.1779914,40.7086795]]},"id":"way/582734750"},{"type":"Feature","properties":{"@id":"way/582734778","ref":"US 1;US 9","route0_ref":"US 9","route0_status":"signed","route0_role":"mainline","route0_tensDigit":0,"route0_onesDigit":"odd","route0_tier":"primary","route1_ref":"US 1","route1_status":"signed","route1_role":"mainline","route1_tensDigit":0,"route1_onesDigit":"odd","route1_tier":"major"},"geometry":{"type":"LineString","coordinates":[[-74.1615482,40.7094617],[-74.1616243,40.7094344],[-74.1617561,40.7093888],[-74.161885,40.7093457],[-74.1620177,40.7093047],[-74.1621558,40.7092652],[-74.1622884,40.7092289],[-74.1624253,40.7091943],[-74.1625649,40.7091614],[-74.1627034,40.7091312],[-74.1628451,40.7091014],[-74.163124,40.7090456],[-74.1634043,40.7089901],[-74.163687,40.7089371],[-74.1639643,40.7088857],[-74.1642482,40.7088349],[-74.1645266,40.7087867],[-74.1648146,40.7087397],[-74.1650967,40.7086966],[-74.1653825,40.7086575],[-74.1656649,40.7086219],[-74.1660483,40.7085777],[-74.1663772,40.7085434],[-74.1665861,40.7085234]]},"id":"way/582734778"},{"type":"Feature","properties":{"@id":"way/582734783","ref":"US 1;US 9","route0_ref":"US 9","route0_status":"signed","route0_role":"mainline","route0_tensDigit":0,"route0_onesDigit":"odd","route0_tier":"primary","route1_ref":"US 1","route1_status":"signed","route1_role":"mainline","route1_tensDigit":0,"route1_onesDigit":"odd","route1_tier":"major"},"geometry":{"type":"LineString","coordinates":[[-74.1720736,40.7082265],[-74.1697643,40.7081565]]},"id":"way/582734783"},{"type":"Feature","properties":{"@id":"way/582796411","name":"Tonnelle Avenue","ref":"US 1;US 9","route0_ref":"US 9","route0_status":"signed","route0_role":"mainline","route0_tensDigit":0,"route0_onesDigit":"odd","route0_tier":"primary","route1_ref":"US 1","route1_status":"signed","route1_role":"mainline","route1_tensDigit":0,"route1_onesDigit":"odd","route1_tier":"major"},"geometry":{"type":"LineString","coordinates":[[-74.0364159,40.781487],[-74.036327,40.781578]]},"id":"way/582796411"},{"type":"Feature","properties":{"@id":"way/583818955","name":"Broad Avenue","ref":"US 1;US 9","route0_ref":"US 9","route0_status":"signed","route0_role":"mainline","route0_tensDigit":0,"route0_onesDigit":"odd","route0_tier":"primary","route1_ref":"US 1","route1_status":"signed","route1_role":"mainline","route1_tensDigit":0,"route1_onesDigit":"odd","route1_tier":"major"},"geometry":{"type":"LineString","coordinates":[[-74.0081377,40.8208305],[-74.0083234,40.8212164],[-74.008406,40.821388]]},"id":"way/583818955"},{"type":"Feature","properties":{"@id":"way/583831660","name":"George Washington Bridge Upper Level","ref":"I 95;US 1;US 9","unsigned_ref":"US 46","route0_ref":"US 9","route0_status":"signed","route0_role":"mainline","route0_tensDigit":0,"route0_onesDigit":"odd","route0_tier":"primary","route1_ref":"US 1","route1_status":"signed","route1_role":"mainline","route1_tensDigit":0,"route1_onesDigit":"odd","route1_tier":"major"},"geometry":{"type":"LineString","coordinates":[[-73.9635257,40.8538535],[-73.9639164,40.8539389]]},"id":"way/583831660"},{"type":"Feature","properties":{"@id":"way/584073823","name":"Tonnelle Avenue","ref":"US 1;US 9","route0_ref":"US 9","route0_status":"signed","route0_role":"mainline","route0_tensDigit":0,"route0_onesDigit":"odd","route0_tier":"primary","route1_ref":"US 1","route1_status":"signed","route1_role":"mainline","route1_tensDigit":0,"route1_onesDigit":"odd","route1_tier":"major"},"geometry":{"type":"LineString","coordinates":[[-74.0404026,40.7759532],[-74.0406771,40.7755425]]},"id":"way/584073823"},{"type":"Feature","properties":{"@id":"way/584073824","name":"Tonnelle Avenue","ref":"US 1;US 9","route0_ref":"US 9","route0_status":"signed","route0_role":"mainline","route0_tensDigit":0,"route0_onesDigit":"odd","route0_tier":"primary","route1_ref":"US 1","route1_status":"signed","route1_role":"mainline","route1_tensDigit":0,"route1_onesDigit":"odd","route1_tier":"major"},"geometry":{"type":"LineString","coordinates":[[-74.0409534,40.775123],[-74.0411528,40.7748837],[-74.0412705,40.7747244],[-74.041461,40.7744754],[-74.0415873,40.774315]]},"id":"way/584073824"},{"type":"Feature","properties":{"@id":"way/607994311","ref":"US 1;US 9","route0_ref":"US 9","route0_status":"signed","route0_role":"mainline","route0_tensDigit":0,"route0_onesDigit":"odd","route0_tier":"primary","route1_ref":"US 1","route1_status":"signed","route1_role":"mainline","route1_tensDigit":0,"route1_onesDigit":"odd","route1_tier":"major"},"geometry":{"type":"LineString","coordinates":[[-74.0666116,40.7390426],[-74.0662182,40.7390764]]},"id":"way/607994311"},{"type":"Feature","properties":{"@id":"way/643196051","name":"Tonnelle Avenue","ref":"US 1;US 9","route0_ref":"US 9","route0_status":"signed","route0_role":"mainline","route0_tensDigit":0,"route0_onesDigit":"odd","route0_tier":"primary","route1_ref":"US 1","route1_status":"signed","route1_role":"mainline","route1_tensDigit":0,"route1_onesDigit":"odd","route1_tier":"major"},"geometry":{"type":"LineString","coordinates":[[-74.0394118,40.7774051],[-74.0401437,40.7763075],[-74.0404026,40.7759532]]},"id":"way/643196051"},{"type":"Feature","properties":{"@id":"way/673007286","name":"Tonnelle Avenue","ref":"US 1;US 9","route0_ref":"US 9","route0_status":"signed","route0_role":"mainline","route0_tensDigit":0,"route0_onesDigit":"odd","route0_tier":"primary","route1_ref":"US 1","route1_status":"signed","route1_role":"mainline","route1_tensDigit":0,"route1_onesDigit":"odd","route1_tier":"major"},"geometry":{"type":"LineString","coordinates":[[-74.012224,40.8116965],[-74.0117173,40.8122358]]},"id":"way/673007286"},{"type":"Feature","properties":{"@id":"way/680331731","name":"East Edgar Road","ref":"US 1;US 9","route0_ref":"US 9","route0_status":"signed","route0_role":"mainline","route0_tensDigit":0,"route0_onesDigit":"odd","route0_tier":"primary","route1_ref":"US 1","route1_status":"signed","route1_role":"mainline","route1_tensDigit":0,"route1_onesDigit":"odd","route1_tier":"major"},"geometry":{"type":"LineString","coordinates":[[-74.2507399,40.6184299],[-74.2500932,40.6190923]]},"id":"way/680331731"},{"type":"Feature","properties":{"@id":"way/680331732","name":"East Edgar Road","ref":"US 1;US 9","route0_ref":"US 9","route0_status":"signed","route0_role":"mainline","route0_tensDigit":0,"route0_onesDigit":"odd","route0_tier":"primary","route1_ref":"US 1","route1_status":"signed","route1_role":"mainline","route1_tensDigit":0,"route1_onesDigit":"odd","route1_tier":"major"},"geometry":{"type":"LineString","coordinates":[[-74.2498471,40.6196198],[-74.2500332,40.6194207]]},"id":"way/680331732"},{"type":"Feature","properties":{"@id":"way/680331733","name":"East Edgar Road","ref":"US 1;US 9","route0_ref":"US 9","route0_status":"signed","route0_role":"mainline","route0_tensDigit":0,"route0_onesDigit":"odd","route0_tier":"primary","route1_ref":"US 1","route1_status":"signed","route1_role":"mainline","route1_tensDigit":0,"route1_onesDigit":"odd","route1_tier":"major"},"geometry":{"type":"LineString","coordinates":[[-74.2456717,40.6241506],[-74.2464128,40.6233516]]},"id":"way/680331733"},{"type":"Feature","properties":{"@id":"way/680331736","name":"East Edgar Road","ref":"US 1;US 9","route0_ref":"US 9","route0_status":"signed","route0_role":"mainline","route0_tensDigit":0,"route0_onesDigit":"odd","route0_tier":"primary","route1_ref":"US 1","route1_status":"signed","route1_role":"mainline","route1_tensDigit":0,"route1_onesDigit":"odd","route1_tier":"major"},"geometry":{"type":"LineString","coordinates":[[-74.2496796,40.6195243],[-74.2494798,40.6197414],[-74.2488724,40.6203989],[-74.2482443,40.621032],[-74.2480473,40.6212465]]},"id":"way/680331736"},{"type":"Feature","properties":{"@id":"way/680332247","ref":"US 1;US 9","route0_ref":"US 9","route0_status":"signed","route0_role":"mainline","route0_tensDigit":0,"route0_onesDigit":"odd","route0_tier":"primary","route1_ref":"US 1","route1_status":"signed","route1_role":"mainline","route1_tensDigit":0,"route1_onesDigit":"odd","route1_tier":"major"},"geometry":{"type":"LineString","coordinates":[[-74.2655787,40.603155],[-74.2664619,40.6025938],[-74.2666827,40.6024485],[-74.2668986,40.6023043],[-74.2671095,40.602159],[-74.2673214,40.6020123],[-74.2675298,40.6018606],[-74.267734,40.6017093],[-74.2679391,40.6015548],[-74.2682232,40.6013304]]},"id":"way/680332247"},{"type":"Feature","properties":{"@id":"way/682841127","ref":"US 1;US 9","route0_ref":"US 9","route0_status":"signed","route0_role":"mainline","route0_tensDigit":0,"route0_onesDigit":"odd","route0_tier":"primary","route1_ref":"US 1","route1_status":"signed","route1_role":"mainline","route1_tensDigit":0,"route1_onesDigit":"odd","route1_tier":"major"},"geometry":{"type":"LineString","coordinates":[[-74.2125226,40.6535005],[-74.2124462,40.6535771],[-74.2123094,40.6537145],[-74.2121385,40.6538975],[-74.2120077,40.6540377],[-74.211973,40.6540838],[-74.2118095,40.6543008],[-74.2116214,40.6545505],[-74.2112781,40.6550551],[-74.2109455,40.6555923],[-74.2106558,40.6560766]]},"id":"way/682841127"},{"type":"Feature","properties":{"@id":"way/682841128","ref":"US 1;US 9","route0_ref":"US 9","route0_status":"signed","route0_role":"mainline","route0_tensDigit":0,"route0_onesDigit":"odd","route0_tier":"primary","route1_ref":"US 1","route1_status":"signed","route1_role":"mainline","route1_tensDigit":0,"route1_onesDigit":"odd","route1_tier":"major"},"geometry":{"type":"LineString","coordinates":[[-74.2124261,40.6537854],[-74.2127694,40.6534679],[-74.2130859,40.6532278],[-74.2133988,40.6530516],[-74.21344,40.6530284],[-74.2138423,40.6528493],[-74.2142232,40.6527191]]},"id":"way/682841128"},{"type":"Feature","properties":{"@id":"way/742235768","name":"Tonnelle Avenue","ref":"US 1;US 9","route0_ref":"US 9","route0_status":"signed","route0_role":"mainline","route0_tensDigit":0,"route0_onesDigit":"odd","route0_tier":"primary","route1_ref":"US 1","route1_status":"signed","route1_role":"mainline","route1_tensDigit":0,"route1_onesDigit":"odd","route1_tier":"major"},"geometry":{"type":"LineString","coordinates":[[-74.0527662,40.7584287],[-74.0529591,40.7582449],[-74.0532703,40.7579483],[-74.0538189,40.7574255],[-74.0541659,40.7571018],[-74.0543685,40.7568935],[-74.0546447,40.7565532],[-74.0547128,40.7564517],[-74.0549036,40.7561672],[-74.0551933,40.7557766],[-74.0560189,40.7546638],[-74.0562947,40.754292],[-74.056588,40.7538967],[-74.0567569,40.7536861],[-74.0567999,40.7536325],[-74.0584052,40.7516159],[-74.0585594,40.7514422],[-74.0594178,40.7506958],[-74.059704,40.7504264],[-74.0598953,40.7502282],[-74.0599551,40.7501605],[-74.0600502,40.7500527],[-74.0603643,40.7496967],[-74.0604503,40.7495992],[-74.0607696,40.7490431],[-74.0608412,40.7489108],[-74.0609275,40.7487511],[-74.0609974,40.7486213],[-74.0610181,40.7485851],[-74.0611173,40.7484015],[-74.0613424,40.7479697],[-74.061506,40.7476911],[-74.0618284,40.7470951],[-74.0618805,40.7469976]]},"id":"way/742235768"},{"type":"Feature","properties":{"@id":"way/742235769","name":"Tonnelle Avenue","ref":"US 1;US 9","route0_ref":"US 9","route0_status":"signed","route0_role":"mainline","route0_tensDigit":0,"route0_onesDigit":"odd","route0_tier":"primary","route1_ref":"US 1","route1_status":"signed","route1_role":"mainline","route1_tensDigit":0,"route1_onesDigit":"odd","route1_tier":"major"},"geometry":{"type":"LineString","coordinates":[[-74.0525603,40.7586249],[-74.0527662,40.7584287]]},"id":"way/742235769"},{"type":"Feature","properties":{"@id":"way/778727963","name":"Tonnelle Avenue","ref":"US 1;US 9","route0_ref":"US 9","route0_status":"signed","route0_role":"mainline","route0_tensDigit":0,"route0_onesDigit":"odd","route0_tier":"primary","route1_ref":"US 1","route1_status":"signed","route1_role":"mainline","route1_tensDigit":0,"route1_onesDigit":"odd","route1_tier":"major"},"geometry":{"type":"LineString","coordinates":[[-74.0636938,40.7414341],[-74.0637343,40.7413512],[-74.0637831,40.7412585]]},"id":"way/778727963"},{"type":"Feature","properties":{"@id":"way/778727964","name":"Tonnelle Avenue","ref":"US 1;US 9","route0_ref":"US 9","route0_status":"signed","route0_role":"mainline","route0_tensDigit":0,"route0_onesDigit":"odd","route0_tier":"primary","route1_ref":"US 1","route1_status":"signed","route1_role":"mainline","route1_tensDigit":0,"route1_onesDigit":"odd","route1_tier":"major"},"geometry":{"type":"LineString","coordinates":[[-74.0638896,40.7410859],[-74.0639809,40.7409548],[-74.0640507,40.7408658]]},"id":"way/778727964"},{"type":"Feature","properties":{"@id":"way/778788964","name":"Tonnelle Avenue","ref":"US 1;US 9","route0_ref":"US 9","route0_status":"signed","route0_role":"mainline","route0_tensDigit":0,"route0_onesDigit":"odd","route0_tier":"primary","route1_ref":"US 1","route1_status":"signed","route1_role":"mainline","route1_tensDigit":0,"route1_onesDigit":"odd","route1_tier":"major"},"geometry":{"type":"LineString","coordinates":[[-74.0117173,40.8122358],[-74.0115564,40.8123973]]},"id":"way/778788964"},{"type":"Feature","properties":{"@id":"way/778792052","name":"Tonnelle Avenue","ref":"US 1;US 9","route0_ref":"US 9","route0_status":"signed","route0_role":"mainline","route0_tensDigit":0,"route0_onesDigit":"odd","route0_tier":"primary","route1_ref":"US 1","route1_status":"signed","route1_role":"mainline","route1_tensDigit":0,"route1_onesDigit":"odd","route1_tier":"major"},"geometry":{"type":"LineString","coordinates":[[-74.0357744,40.7821127],[-74.0354288,40.7824501]]},"id":"way/778792052"},{"type":"Feature","properties":{"@id":"way/798227520","name":"Tonnelle Avenue","ref":"US 1;US 9","route0_ref":"US 9","route0_status":"signed","route0_role":"mainline","route0_tensDigit":0,"route0_onesDigit":"odd","route0_tier":"primary","route1_ref":"US 1","route1_status":"signed","route1_role":"mainline","route1_tensDigit":0,"route1_onesDigit":"odd","route1_tier":"major"},"geometry":{"type":"LineString","coordinates":[[-74.0342703,40.7837126],[-74.033767,40.7842742]]},"id":"way/798227520"},{"type":"Feature","properties":{"@id":"way/798230586","name":"Tonnelle Avenue","ref":"US 1;US 9","route0_ref":"US 9","route0_status":"signed","route0_role":"mainline","route0_tensDigit":0,"route0_onesDigit":"odd","route0_tier":"primary","route1_ref":"US 1","route1_status":"signed","route1_role":"mainline","route1_tensDigit":0,"route1_onesDigit":"odd","route1_tier":"major"},"geometry":{"type":"LineString","coordinates":[[-74.032763,40.785501],[-74.03234,40.786047],[-74.0318799,40.7866425]]},"id":"way/798230586"},{"type":"Feature","properties":{"@id":"way/798230587","name":"Tonnelle Avenue","ref":"US 1;US 9","route0_ref":"US 9","route0_status":"signed","route0_role":"mainline","route0_tensDigit":0,"route0_onesDigit":"odd","route0_tier":"primary","route1_ref":"US 1","route1_status":"signed","route1_role":"mainline","route1_tensDigit":0,"route1_onesDigit":"odd","route1_tier":"major"},"geometry":{"type":"LineString","coordinates":[[-74.0328663,40.785354],[-74.0327836,40.7854746]]},"id":"way/798230587"},{"type":"Feature","properties":{"@id":"way/798233794","name":"Tonnelle Avenue","ref":"US 1;US 9","route0_ref":"US 9","route0_status":"signed","route0_role":"mainline","route0_tensDigit":0,"route0_onesDigit":"odd","route0_tier":"primary","route1_ref":"US 1","route1_status":"signed","route1_role":"mainline","route1_tensDigit":0,"route1_onesDigit":"odd","route1_tier":"major"},"geometry":{"type":"LineString","coordinates":[[-74.03066,40.788189],[-74.0304091,40.7885009],[-74.0301,40.788885],[-74.0299474,40.7890744],[-74.029739,40.789333],[-74.0296599,40.7894315],[-74.0295597,40.7895393],[-74.0293237,40.7898501],[-74.029245,40.789948],[-74.0289285,40.7904054],[-74.028827,40.790552],[-74.0286959,40.7907817]]},"id":"way/798233794"},{"type":"Feature","properties":{"@id":"way/798240516","name":"Tonnelle Avenue","ref":"US 1;US 9","route0_ref":"US 9","route0_status":"signed","route0_role":"mainline","route0_tensDigit":0,"route0_onesDigit":"odd","route0_tier":"primary","route1_ref":"US 1","route1_status":"signed","route1_role":"mainline","route1_tensDigit":0,"route1_onesDigit":"odd","route1_tier":"major"},"geometry":{"type":"LineString","coordinates":[[-74.033767,40.7842742],[-74.0336523,40.7844047],[-74.0335973,40.7844672],[-74.0334637,40.7846192],[-74.033332,40.784769],[-74.0331879,40.7848999]]},"id":"way/798240516"},{"type":"Feature","properties":{"@id":"way/807309195","name":"Tonnelle Avenue","ref":"US 1;US 9","route0_ref":"US 9","route0_status":"signed","route0_role":"mainline","route0_tensDigit":0,"route0_onesDigit":"odd","route0_tier":"primary","route1_ref":"US 1","route1_status":"signed","route1_role":"mainline","route1_tensDigit":0,"route1_onesDigit":"odd","route1_tier":"major"},"geometry":{"type":"LineString","coordinates":[[-74.0146945,40.8089591],[-74.0141342,40.8095666],[-74.0140418,40.809669],[-74.0134233,40.8103548],[-74.0132816,40.8105119],[-74.0130648,40.8107523],[-74.0128208,40.8110263],[-74.012741,40.811116]]},"id":"way/807309195"},{"type":"Feature","properties":{"@id":"way/807309196","name":"Tonnelle Avenue","ref":"US 1;US 9","route0_ref":"US 9","route0_status":"signed","route0_role":"mainline","route0_tensDigit":0,"route0_onesDigit":"odd","route0_tier":"primary","route1_ref":"US 1","route1_status":"signed","route1_role":"mainline","route1_tensDigit":0,"route1_onesDigit":"odd","route1_tier":"major"},"geometry":{"type":"LineString","coordinates":[[-74.0157231,40.8078459],[-74.0152495,40.8083744],[-74.0152155,40.8084123]]},"id":"way/807309196"},{"type":"Feature","properties":{"@id":"way/807309197","name":"Tonnelle Avenue","ref":"US 1;US 9","route0_ref":"US 9","route0_status":"signed","route0_role":"mainline","route0_tensDigit":0,"route0_onesDigit":"odd","route0_tier":"primary","route1_ref":"US 1","route1_status":"signed","route1_role":"mainline","route1_tensDigit":0,"route1_onesDigit":"odd","route1_tier":"major"},"geometry":{"type":"LineString","coordinates":[[-74.0209492,40.8017151],[-74.0202593,40.8025433],[-74.0200074,40.8028277],[-74.0199352,40.8029092]]},"id":"way/807309197"},{"type":"Feature","properties":{"@id":"way/807309198","name":"Tonnelle Avenue","ref":"US 1;US 9","route0_ref":"US 9","route0_status":"signed","route0_role":"mainline","route0_tensDigit":0,"route0_onesDigit":"odd","route0_tier":"primary","route1_ref":"US 1","route1_status":"signed","route1_role":"mainline","route1_tensDigit":0,"route1_onesDigit":"odd","route1_tier":"major"},"geometry":{"type":"LineString","coordinates":[[-74.0186989,40.8045451],[-74.0187569,40.804479],[-74.0191238,40.8040605],[-74.0195261,40.8035681]]},"id":"way/807309198"},{"type":"Feature","properties":{"@id":"way/849939329","name":"George Washington Bridge Lower Level","ref":"I 95;US 1;US 9","unsigned_ref":"US 46","route0_ref":"US 9","route0_status":"signed","route0_role":"mainline","route0_tensDigit":0,"route0_onesDigit":"odd","route0_tier":"primary","route1_ref":"US 1","route1_status":"signed","route1_role":"mainline","route1_tensDigit":0,"route1_onesDigit":"odd","route1_tier":"major"},"geometry":{"type":"LineString","coordinates":[[-73.9649614,40.853695],[-73.9648578,40.8536834],[-73.9646974,40.8536608],[-73.9645593,40.8536369],[-73.9644244,40.8536114],[-73.9642774,40.8535819],[-73.9639744,40.8535214],[-73.9636769,40.8534651],[-73.9634296,40.8534207],[-73.9632971,40.8534],[-73.9631511,40.8533819],[-73.9630058,40.8533692],[-73.9629359,40.8533648],[-73.9628691,40.8533626],[-73.9627141,40.8533598],[-73.9626656,40.85336]]},"id":"way/849939329"},{"type":"Feature","properties":{"@id":"way/849939331","name":"George Washington Bridge Lower Level","ref":"I 95;US 1;US 9","unsigned_ref":"US 46","route0_ref":"US 9","route0_status":"signed","route0_role":"mainline","route0_tensDigit":0,"route0_onesDigit":"odd","route0_tier":"primary","route1_ref":"US 1","route1_status":"signed","route1_role":"mainline","route1_tensDigit":0,"route1_onesDigit":"odd","route1_tier":"major"},"geometry":{"type":"LineString","coordinates":[[-73.9652695,40.853719],[-73.9649614,40.853695]]},"id":"way/849939331"},{"type":"Feature","properties":{"@id":"way/849951091","name":"George Washington Bridge Lower Level","ref":"I 95;US 1;US 9","unsigned_ref":"US 46","route0_ref":"US 9","route0_status":"signed","route0_role":"mainline","route0_tensDigit":0,"route0_onesDigit":"odd","route0_tier":"primary","route1_ref":"US 1","route1_status":"signed","route1_role":"mainline","route1_tensDigit":0,"route1_onesDigit":"odd","route1_tier":"major"},"geometry":{"type":"LineString","coordinates":[[-73.9710944,40.8552675],[-73.9709743,40.8551835],[-73.970917,40.8551443],[-73.9708579,40.8551048],[-73.9708008,40.8550682],[-73.9707418,40.8550313],[-73.9706849,40.8549975],[-73.9706376,40.8549696],[-73.9705286,40.8549113],[-73.9704196,40.8548531],[-73.9703277,40.8548095],[-73.9702357,40.854766],[-73.9701288,40.8547212],[-73.9700108,40.8546717],[-73.969783,40.8545852],[-73.9696219,40.8545279],[-73.9695573,40.8545065],[-73.9694079,40.8544583],[-73.9692266,40.8544012],[-73.969134,40.8543728],[-73.9690975,40.8543616],[-73.9689522,40.8543185],[-73.9688027,40.8542789],[-73.9686395,40.8542409],[-73.9683667,40.8541864]]},"id":"way/849951091"},{"type":"Feature","properties":{"@id":"way/849951094","name":"George Washington Bridge Lower Level","ref":"I 95;US 1;US 9","unsigned_ref":"US 46","route0_ref":"US 9","route0_status":"signed","route0_role":"mainline","route0_tensDigit":0,"route0_onesDigit":"odd","route0_tier":"primary","route1_ref":"US 1","route1_status":"signed","route1_role":"mainline","route1_tensDigit":0,"route1_onesDigit":"odd","route1_tier":"major"},"geometry":{"type":"LineString","coordinates":[[-73.9678185,40.8540683],[-73.9676784,40.8540394],[-73.9675586,40.8540173],[-73.9674031,40.8539889],[-73.9672634,40.8539639],[-73.9671209,40.8539393]]},"id":"way/849951094"},{"type":"Feature","properties":{"@id":"way/878125444","name":"Tonnelle Avenue","ref":"US 1;US 9","route0_ref":"US 9","route0_status":"signed","route0_role":"mainline","route0_tensDigit":0,"route0_onesDigit":"odd","route0_tier":"primary","route1_ref":"US 1","route1_status":"signed","route1_role":"mainline","route1_tensDigit":0,"route1_onesDigit":"odd","route1_tier":"major"},"geometry":{"type":"LineString","coordinates":[[-74.0351802,40.7826928],[-74.0348161,40.7831012],[-74.0347791,40.7831427],[-74.0346942,40.7832378],[-74.0342703,40.7837126]]},"id":"way/878125444"},{"type":"Feature","properties":{"@id":"way/878125445","name":"Tonnelle Avenue","ref":"US 1;US 9","route0_ref":"US 9","route0_status":"signed","route0_role":"mainline","route0_tensDigit":0,"route0_onesDigit":"odd","route0_tier":"primary","route1_ref":"US 1","route1_status":"signed","route1_role":"mainline","route1_tensDigit":0,"route1_onesDigit":"odd","route1_tier":"major"},"geometry":{"type":"LineString","coordinates":[[-74.0354288,40.7824501],[-74.0351802,40.7826928]]},"id":"way/878125445"},{"type":"Feature","properties":{"@id":"way/957544781","name":"Broad Avenue","ref":"US 1;US 9","route0_ref":"US 9","route0_status":"signed","route0_role":"mainline","route0_tensDigit":0,"route0_onesDigit":"odd","route0_tier":"primary","route1_ref":"US 1","route1_status":"signed","route1_role":"mainline","route1_tensDigit":0,"route1_onesDigit":"odd","route1_tier":"major"},"geometry":{"type":"LineString","coordinates":[[-74.0087282,40.8220694],[-74.0087379,40.8222359],[-74.0087354,40.8223767],[-74.0087312,40.82245],[-74.0087225,40.822531],[-74.0087107,40.8226524],[-74.0086014,40.823544],[-74.0085981,40.8237376],[-74.008594,40.823859],[-74.0086058,40.8239435],[-74.008637,40.824028],[-74.0087091,40.8241997]]},"id":"way/957544781"},{"type":"Feature","properties":{"@id":"way/957548856","name":"Broad Avenue","ref":"US 1;US 9","route0_ref":"US 9","route0_status":"signed","route0_role":"mainline","route0_tensDigit":0,"route0_onesDigit":"odd","route0_tier":"primary","route1_ref":"US 1","route1_status":"signed","route1_role":"mainline","route1_tensDigit":0,"route1_onesDigit":"odd","route1_tier":"major"},"geometry":{"type":"LineString","coordinates":[[-74.0077087,40.8191868],[-74.0076451,40.8195385],[-74.0076455,40.8196486],[-74.0076786,40.81978],[-74.0078529,40.8202079]]},"id":"way/957548856"},{"type":"Feature","properties":{"@id":"way/960038710","ref":"US 1;US 9","route0_ref":"US 9","route0_status":"signed","route0_role":"mainline","route0_tensDigit":0,"route0_onesDigit":"odd","route0_tier":"primary","route1_ref":"US 1","route1_status":"signed","route1_role":"mainline","route1_tensDigit":0,"route1_onesDigit":"odd","route1_tier":"major"},"geometry":{"type":"LineString","coordinates":[[-74.1683188,40.70844],[-74.168533,40.708438],[-74.1688294,40.7084384],[-74.1691095,40.7084415],[-74.169395,40.708448],[-74.1696826,40.7084575],[-74.1712357,40.7085283]]},"id":"way/960038710"},{"type":"Feature","properties":{"@id":"way/960043605","ref":"US 1;US 9","route0_ref":"US 9","route0_status":"signed","route0_role":"mainline","route0_tensDigit":0,"route0_onesDigit":"odd","route0_tier":"primary","route1_ref":"US 1","route1_status":"signed","route1_role":"mainline","route1_tensDigit":0,"route1_onesDigit":"odd","route1_tier":"major"},"geometry":{"type":"LineString","coordinates":[[-73.9984725,40.8416961],[-73.9986119,40.8417217],[-73.9987454,40.8417499],[-73.9988761,40.8417819],[-73.9989994,40.8418152]]},"id":"way/960043605"},{"type":"Feature","properties":{"@id":"way/960083859","ref":"US 1;US 9","route0_ref":"US 9","route0_status":"signed","route0_role":"mainline","route0_tensDigit":0,"route0_onesDigit":"odd","route0_tier":"primary","route1_ref":"US 1","route1_status":"signed","route1_role":"mainline","route1_tensDigit":0,"route1_onesDigit":"odd","route1_tier":"major"},"geometry":{"type":"LineString","coordinates":[[-74.1920923,40.6889473],[-74.1920615,40.6890202],[-74.1920228,40.6891201],[-74.1919702,40.6892271],[-74.1919237,40.6893272],[-74.1916191,40.6899451],[-74.1915641,40.6900496],[-74.1915043,40.6901564],[-74.1914491,40.6902545],[-74.1913928,40.6903521],[-74.1913306,40.6904543],[-74.1912659,40.6905528]]},"id":"way/960083859"},{"type":"Feature","properties":{"@id":"way/960098426","ref":"US 1;US 9","route0_ref":"US 9","route0_status":"signed","route0_role":"mainline","route0_tensDigit":0,"route0_onesDigit":"odd","route0_tier":"primary","route1_ref":"US 1","route1_status":"signed","route1_role":"mainline","route1_tensDigit":0,"route1_onesDigit":"odd","route1_tier":"major"},"geometry":{"type":"LineString","coordinates":[[-74.1885782,40.6928597],[-74.1879669,40.6933205],[-74.1878625,40.6934026],[-74.1877647,40.6934829],[-74.1876692,40.6935651],[-74.1875704,40.6936526],[-74.1874751,40.6937367],[-74.1873873,40.6938176],[-74.1872997,40.693903],[-74.1872148,40.6939906],[-74.1871301,40.6940822]]},"id":"way/960098426"},{"type":"Feature","properties":{"@id":"way/961823814","ref":"US 1;US 9","route0_ref":"US 9","route0_status":"signed","route0_role":"mainline","route0_tensDigit":0,"route0_onesDigit":"odd","route0_tier":"primary","route1_ref":"US 1","route1_status":"signed","route1_role":"mainline","route1_tensDigit":0,"route1_onesDigit":"odd","route1_tier":"major"},"geometry":{"type":"LineString","coordinates":[[-74.1697643,40.7081565],[-74.1694753,40.7081477],[-74.169189,40.7081398],[-74.1688919,40.7081351],[-74.1686745,40.708134],[-74.1683744,40.7081367]]},"id":"way/961823814"},{"type":"Feature","properties":{"@id":"way/961960818","name":"Pulaski Skyway","ref":"US 1;US 9","route0_ref":"US 9","route0_status":"signed","route0_role":"mainline","route0_tensDigit":0,"route0_onesDigit":"odd","route0_tier":"primary","route1_ref":"US 1","route1_status":"signed","route1_role":"mainline","route1_tensDigit":0,"route1_onesDigit":"odd","route1_tier":"major"},"geometry":{"type":"LineString","coordinates":[[-74.1249077,40.7346614],[-74.1252703,40.734537],[-74.1255223,40.7344441],[-74.1257955,40.7343413],[-74.1260413,40.7342344],[-74.1262879,40.7341216],[-74.1265337,40.7339979],[-74.1267905,40.7338591],[-74.1269925,40.733747],[-74.1294012,40.732384]]},"id":"way/961960818"},{"type":"Feature","properties":{"@id":"way/962165194","name":"Tonnelle Avenue","ref":"US 1;US 9","route0_ref":"US 9","route0_status":"signed","route0_role":"mainline","route0_tensDigit":0,"route0_onesDigit":"odd","route0_tier":"primary","route1_ref":"US 1","route1_status":"signed","route1_role":"mainline","route1_tensDigit":0,"route1_onesDigit":"odd","route1_tier":"major"},"geometry":{"type":"LineString","coordinates":[[-74.0286959,40.7907817],[-74.0286174,40.7909312]]},"id":"way/962165194"},{"type":"Feature","properties":{"@id":"way/962169210","name":"Tonnelle Avenue","ref":"US 1;US 9","route0_ref":"US 9","route0_status":"signed","route0_role":"mainline","route0_tensDigit":0,"route0_onesDigit":"odd","route0_tier":"primary","route1_ref":"US 1","route1_status":"signed","route1_role":"mainline","route1_tensDigit":0,"route1_onesDigit":"odd","route1_tier":"major"},"geometry":{"type":"LineString","coordinates":[[-74.0233379,40.7989312],[-74.0232227,40.7990667]]},"id":"way/962169210"},{"type":"Feature","properties":{"@id":"way/962282040","name":"George Washington Bridge Lower Level","ref":"I 95;US 1;US 9","unsigned_ref":"US 46","route0_ref":"US 9","route0_status":"signed","route0_role":"mainline","route0_tensDigit":0,"route0_onesDigit":"odd","route0_tier":"primary","route1_ref":"US 1","route1_status":"signed","route1_role":"mainline","route1_tensDigit":0,"route1_onesDigit":"odd","route1_tier":"major"},"geometry":{"type":"LineString","coordinates":[[-73.9722515,40.8560677],[-73.9721331,40.8559891],[-73.9720894,40.8559602]]},"id":"way/962282040"},{"type":"Feature","properties":{"@id":"way/962621843","ref":"US 1;US 9","route0_ref":"US 9","route0_status":"signed","route0_role":"mainline","route0_tensDigit":0,"route0_onesDigit":"odd","route0_tier":"primary","route1_ref":"US 1","route1_status":"signed","route1_role":"mainline","route1_tensDigit":0,"route1_onesDigit":"odd","route1_tier":"major"},"geometry":{"type":"LineString","coordinates":[[-74.1861956,40.700382],[-74.1863836,40.7000138],[-74.1864922,40.6998128]]},"id":"way/962621843"},{"type":"Feature","properties":{"@id":"way/964592846","ref":"US 1;US 9","route0_ref":"US 9","route0_status":"signed","route0_role":"mainline","route0_tensDigit":0,"route0_onesDigit":"odd","route0_tier":"primary","route1_ref":"US 1","route1_status":"signed","route1_role":"mainline","route1_tensDigit":0,"route1_onesDigit":"odd","route1_tier":"major"},"geometry":{"type":"LineString","coordinates":[[-74.1583223,40.7108673],[-74.1580994,40.711018],[-74.1579155,40.7111492]]},"id":"way/964592846"},{"type":"Feature","properties":{"@id":"way/964964977","name":"Tonnelle Avenue","ref":"US 1;US 9","route0_ref":"US 9","route0_status":"signed","route0_role":"mainline","route0_tensDigit":0,"route0_onesDigit":"odd","route0_tier":"primary","route1_ref":"US 1","route1_status":"signed","route1_role":"mainline","route1_tensDigit":0,"route1_onesDigit":"odd","route1_tier":"major"},"geometry":{"type":"LineString","coordinates":[[-74.0191495,40.8038513],[-74.0190916,40.803921],[-74.0189178,40.8041197]]},"id":"way/964964977"},{"type":"Feature","properties":{"@id":"way/965621864","ref":"US 1;US 9","route0_ref":"US 9","route0_status":"signed","route0_role":"mainline","route0_tensDigit":0,"route0_onesDigit":"odd","route0_tier":"primary","route1_ref":"US 1","route1_status":"signed","route1_role":"mainline","route1_tensDigit":0,"route1_onesDigit":"odd","route1_tier":"major"},"geometry":{"type":"LineString","coordinates":[[-74.1712357,40.7085283],[-74.1716641,40.7085469],[-74.1719203,40.7085556],[-74.1722446,40.7085663],[-74.1725202,40.7085741],[-74.1748423,40.7086317],[-74.1761623,40.7086693]]},"id":"way/965621864"},{"type":"Feature","properties":{"@id":"way/965646278","name":"East Edgar Road","ref":"US 1;US 9","route0_ref":"US 9","route0_status":"signed","route0_role":"mainline","route0_tensDigit":0,"route0_onesDigit":"odd","route0_tier":"primary","route1_ref":"US 1","route1_status":"signed","route1_role":"mainline","route1_tensDigit":0,"route1_onesDigit":"odd","route1_tier":"major"},"geometry":{"type":"LineString","coordinates":[[-74.2505971,40.6188158],[-74.2507295,40.6186738]]},"id":"way/965646278"},{"type":"Feature","properties":{"@id":"way/965646279","name":"East Edgar Road","ref":"US 1;US 9","route0_ref":"US 9","route0_status":"signed","route0_role":"mainline","route0_tensDigit":0,"route0_onesDigit":"odd","route0_tier":"primary","route1_ref":"US 1","route1_status":"signed","route1_role":"mainline","route1_tensDigit":0,"route1_onesDigit":"odd","route1_tier":"major"},"geometry":{"type":"LineString","coordinates":[[-74.2507295,40.6186738],[-74.2509229,40.6184686],[-74.2510622,40.6183182]]},"id":"way/965646279"},{"type":"Feature","properties":{"@id":"way/965649964","name":"East Edgar Road","ref":"US 1;US 9","route0_ref":"US 9","route0_status":"signed","route0_role":"mainline","route0_tensDigit":0,"route0_onesDigit":"odd","route0_tier":"primary","route1_ref":"US 1","route1_status":"signed","route1_role":"mainline","route1_tensDigit":0,"route1_onesDigit":"odd","route1_tier":"major"},"geometry":{"type":"LineString","coordinates":[[-74.2537681,40.6151422],[-74.2534675,40.6154816],[-74.2532567,40.6157186]]},"id":"way/965649964"},{"type":"Feature","properties":{"@id":"way/965649965","name":"East Edgar Road","ref":"US 1;US 9","route0_ref":"US 9","route0_status":"signed","route0_role":"mainline","route0_tensDigit":0,"route0_onesDigit":"odd","route0_tier":"primary","route1_ref":"US 1","route1_status":"signed","route1_role":"mainline","route1_tensDigit":0,"route1_onesDigit":"odd","route1_tier":"major"},"geometry":{"type":"LineString","coordinates":[[-74.2532567,40.6157186],[-74.2531379,40.6158452],[-74.2529531,40.6160421]]},"id":"way/965649965"},{"type":"Feature","properties":{"@id":"way/965649966","name":"East Edgar Road","ref":"US 1;US 9","route0_ref":"US 9","route0_status":"signed","route0_role":"mainline","route0_tensDigit":0,"route0_onesDigit":"odd","route0_tier":"primary","route1_ref":"US 1","route1_status":"signed","route1_role":"mainline","route1_tensDigit":0,"route1_onesDigit":"odd","route1_tier":"major"},"geometry":{"type":"LineString","coordinates":[[-74.2528252,40.6161783],[-74.2518586,40.6172284],[-74.2515886,40.6175223]]},"id":"way/965649966"},{"type":"Feature","properties":{"@id":"way/965649967","name":"East Edgar Road","ref":"US 1;US 9","route0_ref":"US 9","route0_status":"signed","route0_role":"mainline","route0_tensDigit":0,"route0_onesDigit":"odd","route0_tier":"primary","route1_ref":"US 1","route1_status":"signed","route1_role":"mainline","route1_tensDigit":0,"route1_onesDigit":"odd","route1_tier":"major"},"geometry":{"type":"LineString","coordinates":[[-74.2514043,40.6177194],[-74.2511324,40.6180122]]},"id":"way/965649967"},{"type":"Feature","properties":{"@id":"way/965649968","name":"East Edgar Road","ref":"US 1;US 9","route0_ref":"US 9","route0_status":"signed","route0_role":"mainline","route0_tensDigit":0,"route0_onesDigit":"odd","route0_tier":"primary","route1_ref":"US 1","route1_status":"signed","route1_role":"mainline","route1_tensDigit":0,"route1_onesDigit":"odd","route1_tier":"major"},"geometry":{"type":"LineString","coordinates":[[-74.2511324,40.6180122],[-74.2510517,40.6180968],[-74.2509196,40.6182394]]},"id":"way/965649968"},{"type":"Feature","properties":{"@id":"way/965649970","name":"East Edgar Road","ref":"US 1;US 9","route0_ref":"US 9","route0_status":"signed","route0_role":"mainline","route0_tensDigit":0,"route0_onesDigit":"odd","route0_tier":"primary","route1_ref":"US 1","route1_status":"signed","route1_role":"mainline","route1_tensDigit":0,"route1_onesDigit":"odd","route1_tier":"major"},"geometry":{"type":"LineString","coordinates":[[-74.2509196,40.6182394],[-74.2507399,40.6184299]]},"id":"way/965649970"},{"type":"Feature","properties":{"@id":"way/965922508","name":"East Edgar Road","ref":"US 1;US 9","route0_ref":"US 9","route0_status":"signed","route0_role":"mainline","route0_tensDigit":0,"route0_onesDigit":"odd","route0_tier":"primary","route1_ref":"US 1","route1_status":"signed","route1_role":"mainline","route1_tensDigit":0,"route1_onesDigit":"odd","route1_tier":"major"},"geometry":{"type":"LineString","coordinates":[[-74.2480473,40.6212465],[-74.2480027,40.6212951],[-74.2477426,40.6215783],[-74.2476908,40.6216347]]},"id":"way/965922508"},{"type":"Feature","properties":{"@id":"way/965922509","name":"East Edgar Road","ref":"US 1;US 9","route0_ref":"US 9","route0_status":"signed","route0_role":"mainline","route0_tensDigit":0,"route0_onesDigit":"odd","route0_tier":"primary","route1_ref":"US 1","route1_status":"signed","route1_role":"mainline","route1_tensDigit":0,"route1_onesDigit":"odd","route1_tier":"major"},"geometry":{"type":"LineString","coordinates":[[-74.2472836,40.6220781],[-74.2468495,40.6225507]]},"id":"way/965922509"},{"type":"Feature","properties":{"@id":"way/965927809","name":"East Edgar Road","ref":"US 1;US 9","route0_ref":"US 9","route0_status":"signed","route0_role":"mainline","route0_tensDigit":0,"route0_onesDigit":"odd","route0_tier":"primary","route1_ref":"US 1","route1_status":"signed","route1_role":"mainline","route1_tensDigit":0,"route1_onesDigit":"odd","route1_tier":"major"},"geometry":{"type":"LineString","coordinates":[[-74.2500932,40.6190923],[-74.2499664,40.6192256],[-74.2496796,40.6195243]]},"id":"way/965927809"},{"type":"Feature","properties":{"@id":"way/966399512","name":"Pulaski Skyway","ref":"US 1;US 9","route0_ref":"US 9","route0_status":"signed","route0_role":"mainline","route0_tensDigit":0,"route0_onesDigit":"odd","route0_tier":"primary","route1_ref":"US 1","route1_status":"signed","route1_role":"mainline","route1_tensDigit":0,"route1_onesDigit":"odd","route1_tier":"major"},"geometry":{"type":"LineString","coordinates":[[-74.1008672,40.734658],[-74.1051186,40.7345774],[-74.1053948,40.7345755],[-74.1056713,40.7345787],[-74.1059629,40.7345842],[-74.1062655,40.7345962],[-74.1081901,40.7346678],[-74.1122694,40.7348197],[-74.1210688,40.7351671],[-74.1213584,40.7351739],[-74.12164,40.7351722],[-74.1219435,40.7351631],[-74.1222296,40.7351486],[-74.1225149,40.7351291],[-74.1228065,40.7350979],[-74.1230904,40.7350641],[-74.1233671,40.7350241],[-74.1236292,40.7349777],[-74.1239112,40.7349209],[-74.1241863,40.7348589],[-74.1244873,40.7347836],[-74.1247389,40.7347109],[-74.1249077,40.7346614]]},"id":"way/966399512"},{"type":"Feature","properties":{"@id":"way/966399513","name":"Pulaski Skyway","ref":"US 1;US 9","route0_ref":"US 9","route0_status":"signed","route0_role":"mainline","route0_tensDigit":0,"route0_onesDigit":"odd","route0_tier":"primary","route1_ref":"US 1","route1_status":"signed","route1_role":"mainline","route1_tensDigit":0,"route1_onesDigit":"odd","route1_tier":"major"},"geometry":{"type":"LineString","coordinates":[[-74.085844,40.7363362],[-74.08878,40.7357915],[-74.0890515,40.7357445],[-74.0893325,40.7356984],[-74.0896164,40.7356537],[-74.0899022,40.7356114],[-74.0901803,40.7355731],[-74.0904622,40.7355369],[-74.0907444,40.7355036],[-74.0910295,40.7354716],[-74.0913083,40.7354428],[-74.0915953,40.735417],[-74.0996166,40.7347204],[-74.0999089,40.7346967],[-74.1002406,40.734671],[-74.1008672,40.734658]]},"id":"way/966399513"},{"type":"Feature","properties":{"@id":"way/968392484","ref":"US 1;US 9","route0_ref":"US 9","route0_status":"signed","route0_role":"mainline","route0_tensDigit":0,"route0_onesDigit":"odd","route0_tier":"primary","route1_ref":"US 1","route1_status":"signed","route1_role":"mainline","route1_tensDigit":0,"route1_onesDigit":"odd","route1_tier":"major"},"geometry":{"type":"LineString","coordinates":[[-74.1761623,40.7086693],[-74.1772736,40.7087009]]},"id":"way/968392484"},{"type":"Feature","properties":{"@id":"way/968740716","ref":"US 1;US 9","route0_ref":"US 9","route0_status":"signed","route0_role":"mainline","route0_tensDigit":0,"route0_onesDigit":"odd","route0_tier":"primary","route1_ref":"US 1","route1_status":"signed","route1_role":"mainline","route1_tensDigit":0,"route1_onesDigit":"odd","route1_tier":"major"},"geometry":{"type":"LineString","coordinates":[[-74.1810125,40.7064542],[-74.1809046,40.7065414],[-74.1808085,40.7066179],[-74.1807072,40.7066995],[-74.1806049,40.7067804],[-74.1803976,40.7069388],[-74.1801964,40.7070917],[-74.1799844,40.7072461],[-74.1797653,40.7073977],[-74.1795494,40.7075402],[-74.1794364,40.7076099],[-74.1791998,40.7077455],[-74.1790827,40.7078107],[-74.1789645,40.7078736],[-74.1788392,40.707935],[-74.1787168,40.7079894],[-74.1785889,40.7080411],[-74.1784553,40.7080878],[-74.1783211,40.708132],[-74.1781899,40.7081714],[-74.1780537,40.7082071],[-74.1779204,40.7082367],[-74.1778049,40.7082588],[-74.1777053,40.7082753],[-74.1776061,40.7082885],[-74.1774805,40.7083024],[-74.1773452,40.7083152],[-74.1771952,40.7083239],[-74.1770537,40.708328],[-74.176912,40.7083299],[-74.1767678,40.708328],[-74.1754515,40.7082978],[-74.1751634,40.7082903],[-74.1720736,40.7082265]]},"id":"way/968740716"},{"type":"Feature","properties":{"@id":"way/968769048","ref":"US 1;US 9","route0_ref":"US 9","route0_status":"signed","route0_role":"mainline","route0_tensDigit":0,"route0_onesDigit":"odd","route0_tier":"primary","route1_ref":"US 1","route1_status":"signed","route1_role":"mainline","route1_tensDigit":0,"route1_onesDigit":"odd","route1_tier":"major"},"geometry":{"type":"LineString","coordinates":[[-74.1645891,40.7084302],[-74.1642721,40.7084813],[-74.1641728,40.7084981],[-74.1640702,40.7085157],[-74.1639047,40.7085445],[-74.163699,40.7085804],[-74.1634735,40.7086246],[-74.1631776,40.7086847],[-74.1628877,40.7087451],[-74.1626,40.7088051],[-74.162316,40.7088682],[-74.1620261,40.7089427],[-74.1617536,40.7090246],[-74.1614786,40.7091223],[-74.1612132,40.7092335],[-74.1610893,40.7092903]]},"id":"way/968769048"},{"type":"Feature","properties":{"@id":"way/973889708","name":"Tonnelle Avenue","ref":"US 1;US 9","route0_ref":"US 9","route0_status":"signed","route0_role":"mainline","route0_tensDigit":0,"route0_onesDigit":"odd","route0_tier":"primary","route1_ref":"US 1","route1_status":"signed","route1_role":"mainline","route1_tensDigit":0,"route1_onesDigit":"odd","route1_tier":"major"},"geometry":{"type":"LineString","coordinates":[[-74.0499077,40.7619498],[-74.0507062,40.7608182],[-74.0508007,40.7606917],[-74.051012,40.7604087],[-74.0513023,40.7600072],[-74.0515943,40.7596082],[-74.0519781,40.7591903],[-74.0520573,40.7591042],[-74.0525603,40.7586249]]},"id":"way/973889708"},{"type":"Feature","properties":{"@id":"way/989319145","ref":"US 1;US 9","route0_ref":"US 9","route0_status":"signed","route0_role":"mainline","route0_tensDigit":0,"route0_onesDigit":"odd","route0_tier":"primary","route1_ref":"US 1","route1_status":"signed","route1_role":"mainline","route1_tensDigit":0,"route1_onesDigit":"odd","route1_tier":"major"},"geometry":{"type":"LineString","coordinates":[[-74.2648771,40.6036105],[-74.2649228,40.6035791],[-74.2649812,40.6035403],[-74.2651381,40.6034361],[-74.2653605,40.6032947],[-74.2655787,40.603155]]},"id":"way/989319145"},{"type":"Feature","properties":{"@id":"way/989354733","name":"East Edgar Road","ref":"US 1;US 9","route0_ref":"US 9","route0_status":"signed","route0_role":"mainline","route0_tensDigit":0,"route0_onesDigit":"odd","route0_tier":"primary","route1_ref":"US 1","route1_status":"signed","route1_role":"mainline","route1_tensDigit":0,"route1_onesDigit":"odd","route1_tier":"major"},"geometry":{"type":"LineString","coordinates":[[-74.253987,40.6148985],[-74.2538802,40.6150183],[-74.2537681,40.6151422]]},"id":"way/989354733"},{"type":"Feature","properties":{"@id":"way/992448870","name":"Pulaski Skyway","ref":"US 1;US 9","route0_ref":"US 9","route0_status":"signed","route0_role":"mainline","route0_tensDigit":0,"route0_onesDigit":"odd","route0_tier":"primary","route1_ref":"US 1","route1_status":"signed","route1_role":"mainline","route1_tensDigit":0,"route1_onesDigit":"odd","route1_tier":"major"},"geometry":{"type":"LineString","coordinates":[[-74.1007127,40.7345528],[-74.0996057,40.7346455],[-74.0915838,40.7353422],[-74.0912957,40.7353681],[-74.0910155,40.735397],[-74.0907295,40.7354291],[-74.0904462,40.7354626],[-74.0901632,40.735499],[-74.0898838,40.7355374],[-74.0895968,40.7355799],[-74.0893119,40.7356247],[-74.0890299,40.735671],[-74.0887571,40.7357182],[-74.0859227,40.7362441],[-74.0858196,40.7362604],[-74.0857068,40.7362774],[-74.0854664,40.7363101]]},"id":"way/992448870"},{"type":"Feature","properties":{"@id":"way/993825078","ref":"US 1;US 9","route0_ref":"US 9","route0_status":"signed","route0_role":"mainline","route0_tensDigit":0,"route0_onesDigit":"odd","route0_tier":"primary","route1_ref":"US 1","route1_status":"signed","route1_role":"mainline","route1_tensDigit":0,"route1_onesDigit":"odd","route1_tier":"major"},"geometry":{"type":"LineString","coordinates":[[-74.1559291,40.7162379],[-74.1563869,40.715438],[-74.1567876,40.714737],[-74.1573035,40.7138359]]},"id":"way/993825078"},{"type":"Feature","properties":{"@id":"way/993835341","ref":"US 1;US 9","route0_ref":"US 9","route0_status":"signed","route0_role":"mainline","route0_tensDigit":0,"route0_onesDigit":"odd","route0_tier":"primary","route1_ref":"US 1","route1_status":"signed","route1_role":"mainline","route1_tensDigit":0,"route1_onesDigit":"odd","route1_tier":"major"},"geometry":{"type":"LineString","coordinates":[[-74.2934342,40.5708432],[-74.2930575,40.5712658]]},"id":"way/993835341"},{"type":"Feature","properties":{"@id":"way/995490152","ref":"US 1;US 9","route0_ref":"US 9","route0_status":"signed","route0_role":"mainline","route0_tensDigit":0,"route0_onesDigit":"odd","route0_tier":"primary","route1_ref":"US 1","route1_status":"signed","route1_role":"mainline","route1_tensDigit":0,"route1_onesDigit":"odd","route1_tier":"major"},"geometry":{"type":"LineString","coordinates":[[-74.1845581,40.7032665],[-74.1846881,40.703073],[-74.1848185,40.7028706],[-74.1849448,40.702668],[-74.1850631,40.7024687],[-74.1851264,40.7023568],[-74.1852929,40.7020623],[-74.1854036,40.7018626],[-74.1858975,40.7009316]]},"id":"way/995490152"},{"type":"Feature","properties":{"@id":"way/995543017","ref":"US 1;US 9","route0_ref":"US 9","route0_status":"signed","route0_role":"mainline","route0_tensDigit":0,"route0_onesDigit":"odd","route0_tier":"primary","route1_ref":"US 1","route1_status":"signed","route1_role":"mainline","route1_tensDigit":0,"route1_onesDigit":"odd","route1_tier":"major"},"geometry":{"type":"LineString","coordinates":[[-74.1950175,40.6804796],[-74.1965125,40.6784104],[-74.1965851,40.6783146],[-74.1966584,40.6782187],[-74.1967341,40.6781251],[-74.1969663,40.6778419]]},"id":"way/995543017"},{"type":"Feature","properties":{"@id":"way/996564979","ref":"US 1;US 9","route0_ref":"US 9","route0_status":"signed","route0_role":"mainline","route0_tensDigit":0,"route0_onesDigit":"odd","route0_tier":"primary","route1_ref":"US 1","route1_status":"signed","route1_role":"mainline","route1_tensDigit":0,"route1_onesDigit":"odd","route1_tier":"major"},"geometry":{"type":"LineString","coordinates":[[-74.2735821,40.5936086],[-74.2734491,40.5938633],[-74.2733416,40.5940679],[-74.2731383,40.5944563]]},"id":"way/996564979"},{"type":"Feature","properties":{"@id":"way/998360538","ref":"US 1;US 9","route0_ref":"US 9","route0_status":"signed","route0_role":"mainline","route0_tensDigit":0,"route0_onesDigit":"odd","route0_tier":"primary","route1_ref":"US 1","route1_status":"signed","route1_role":"mainline","route1_tensDigit":0,"route1_onesDigit":"odd","route1_tier":"major"},"geometry":{"type":"LineString","coordinates":[[-74.1820303,40.7065638],[-74.1826968,40.705703],[-74.1828286,40.7055292],[-74.1829086,40.7054273]]},"id":"way/998360538"},{"type":"Feature","properties":{"@id":"way/999356581","name":"East Edgar Road","ref":"US 1;US 9","route0_ref":"US 9","route0_status":"signed","route0_role":"mainline","route0_tensDigit":0,"route0_onesDigit":"odd","route0_tier":"primary","route1_ref":"US 1","route1_status":"signed","route1_role":"mainline","route1_tensDigit":0,"route1_onesDigit":"odd","route1_tier":"major"},"geometry":{"type":"LineString","coordinates":[[-74.2443662,40.6253229],[-74.2439732,40.6257507]]},"id":"way/999356581"},{"type":"Feature","properties":{"@id":"way/1002565828","ref":"US 1;US 9","route0_ref":"US 9","route0_status":"signed","route0_role":"mainline","route0_tensDigit":0,"route0_onesDigit":"odd","route0_tier":"primary","route1_ref":"US 1","route1_status":"signed","route1_role":"mainline","route1_tensDigit":0,"route1_onesDigit":"odd","route1_tier":"major"},"geometry":{"type":"LineString","coordinates":[[-74.1854689,40.7008129],[-74.1854313,40.7009183],[-74.1853514,40.7011329],[-74.1852602,40.7013448],[-74.185168,40.7015505],[-74.1850631,40.7017585],[-74.1847126,40.7023822]]},"id":"way/1002565828"},{"type":"Feature","properties":{"@id":"way/1002565829","ref":"US 1;US 9","route0_ref":"US 9","route0_status":"signed","route0_role":"mainline","route0_tensDigit":0,"route0_onesDigit":"odd","route0_tier":"primary","route1_ref":"US 1","route1_status":"signed","route1_role":"mainline","route1_tensDigit":0,"route1_onesDigit":"odd","route1_tier":"major"},"geometry":{"type":"LineString","coordinates":[[-74.1922672,40.6894606],[-74.1923611,40.6892477],[-74.1924526,40.689041],[-74.1925402,40.6888272],[-74.1926137,40.6886215],[-74.1926823,40.6884081],[-74.1927374,40.6882073]]},"id":"way/1002565829"},{"type":"Feature","properties":{"@id":"way/1002565830","ref":"US 1;US 9","route0_ref":"US 9","route0_status":"signed","route0_role":"mainline","route0_tensDigit":0,"route0_onesDigit":"odd","route0_tier":"primary","route1_ref":"US 1","route1_status":"signed","route1_role":"mainline","route1_tensDigit":0,"route1_onesDigit":"odd","route1_tier":"major"},"geometry":{"type":"LineString","coordinates":[[-74.192058,40.6898928],[-74.1922672,40.6894606]]},"id":"way/1002565830"},{"type":"Feature","properties":{"@id":"way/1002952378","name":"Spring Street","ref":"US 1;US 9","route0_ref":"US 9","route0_status":"signed","route0_role":"mainline","route0_tensDigit":0,"route0_onesDigit":"odd","route0_tier":"primary","route1_ref":"US 1","route1_status":"signed","route1_role":"mainline","route1_tensDigit":0,"route1_onesDigit":"odd","route1_tier":"major"},"geometry":{"type":"LineString","coordinates":[[-74.1980254,40.6763342],[-74.1979422,40.6764292],[-74.1978783,40.6764958]]},"id":"way/1002952378"},{"type":"Feature","properties":{"@id":"way/1002952379","name":"Spring Street","ref":"US 1;US 9","route0_ref":"US 9","route0_status":"signed","route0_role":"mainline","route0_tensDigit":0,"route0_onesDigit":"odd","route0_tier":"primary","route1_ref":"US 1","route1_status":"signed","route1_role":"mainline","route1_tensDigit":0,"route1_onesDigit":"odd","route1_tier":"major"},"geometry":{"type":"LineString","coordinates":[[-74.1981248,40.6762137],[-74.1981,40.6762436],[-74.1980254,40.6763342]]},"id":"way/1002952379"},{"type":"Feature","properties":{"@id":"way/1009853236","name":"Tonnelle Avenue","ref":"US 1;US 9","route0_ref":"US 9","route0_status":"signed","route0_role":"mainline","route0_tensDigit":0,"route0_onesDigit":"odd","route0_tier":"primary","route1_ref":"US 1","route1_status":"signed","route1_role":"mainline","route1_tensDigit":0,"route1_onesDigit":"odd","route1_tier":"major"},"geometry":{"type":"LineString","coordinates":[[-74.018209,40.8051169],[-74.0186436,40.8046096],[-74.0186989,40.8045451]]},"id":"way/1009853236"},{"type":"Feature","properties":{"@id":"way/1009853237","name":"Tonnelle Avenue","ref":"US 1;US 9","route0_ref":"US 9","route0_status":"signed","route0_role":"mainline","route0_tensDigit":0,"route0_onesDigit":"odd","route0_tier":"primary","route1_ref":"US 1","route1_status":"signed","route1_role":"mainline","route1_tensDigit":0,"route1_onesDigit":"odd","route1_tier":"major"},"geometry":{"type":"LineString","coordinates":[[-74.0200507,40.8029642],[-74.020111,40.8028918],[-74.021747,40.8009287],[-74.021773,40.800778]]},"id":"way/1009853237"},{"type":"Feature","properties":{"@id":"way/1009853238","name":"Tonnelle Avenue","ref":"US 1;US 9","route0_ref":"US 9","route0_status":"signed","route0_role":"mainline","route0_tensDigit":0,"route0_onesDigit":"odd","route0_tier":"primary","route1_ref":"US 1","route1_status":"signed","route1_role":"mainline","route1_tensDigit":0,"route1_onesDigit":"odd","route1_tier":"major"},"geometry":{"type":"LineString","coordinates":[[-74.0197175,40.8033477],[-74.0198899,40.8031493],[-74.0199346,40.8030978]]},"id":"way/1009853238"},{"type":"Feature","properties":{"@id":"way/1011616972","name":"Tonnelle Avenue","ref":"US 1;US 9","route0_ref":"US 9","route0_status":"signed","route0_role":"mainline","route0_tensDigit":0,"route0_onesDigit":"odd","route0_tier":"primary","route1_ref":"US 1","route1_status":"signed","route1_role":"mainline","route1_tensDigit":0,"route1_onesDigit":"odd","route1_tier":"major"},"geometry":{"type":"LineString","coordinates":[[-74.0269015,40.7940252],[-74.026597,40.794558],[-74.0265089,40.7946964],[-74.0264535,40.7947826],[-74.0260199,40.7954898],[-74.0259712,40.7955684],[-74.0259301,40.7956348],[-74.0258893,40.7957007],[-74.025509,40.796315],[-74.025268,40.7966808],[-74.025244,40.796713],[-74.0251508,40.7968177],[-74.0246811,40.7973603]]},"id":"way/1011616972"},{"type":"Feature","properties":{"@id":"way/1011617504","name":"Broad Avenue","ref":"US 1;US 9","route0_ref":"US 9","route0_status":"signed","route0_role":"mainline","route0_tensDigit":0,"route0_onesDigit":"odd","route0_tier":"primary","route1_ref":"US 1","route1_status":"signed","route1_role":"mainline","route1_tensDigit":0,"route1_onesDigit":"odd","route1_tier":"major"},"geometry":{"type":"LineString","coordinates":[[-74.0087091,40.8241997],[-74.0088791,40.8244967],[-74.0089517,40.8246235],[-74.0090818,40.8248522]]},"id":"way/1011617504"},{"type":"Feature","properties":{"@id":"way/1011738816","ref":"US 1;US 9","route0_ref":"US 9","route0_status":"signed","route0_role":"mainline","route0_tensDigit":0,"route0_onesDigit":"odd","route0_tier":"primary","route1_ref":"US 1","route1_status":"signed","route1_role":"mainline","route1_tensDigit":0,"route1_onesDigit":"odd","route1_tier":"major"},"geometry":{"type":"LineString","coordinates":[[-74.2196258,40.6512764],[-74.2198096,40.6512243],[-74.2202096,40.6510988],[-74.2204008,40.651028],[-74.2204335,40.6510148],[-74.2205436,40.6509701]]},"id":"way/1011738816"},{"type":"Feature","properties":{"@id":"way/1018462414","name":"East Edgar Road","ref":"US 1;US 9","route0_ref":"US 9","route0_status":"signed","route0_role":"mainline","route0_tensDigit":0,"route0_onesDigit":"odd","route0_tier":"primary","route1_ref":"US 1","route1_status":"signed","route1_role":"mainline","route1_tensDigit":0,"route1_onesDigit":"odd","route1_tier":"major"},"geometry":{"type":"LineString","coordinates":[[-74.2470158,40.6227014],[-74.247854,40.6217762],[-74.2485983,40.6209628],[-74.2487884,40.6207584]]},"id":"way/1018462414"},{"type":"Feature","properties":{"@id":"way/1020558572","name":"Tonnelle Avenue","ref":"US 1;US 9","route0_ref":"US 9","route0_status":"signed","route0_role":"mainline","route0_tensDigit":0,"route0_onesDigit":"odd","route0_tier":"primary","route1_ref":"US 1","route1_status":"signed","route1_role":"mainline","route1_tensDigit":0,"route1_onesDigit":"odd","route1_tier":"major"},"geometry":{"type":"LineString","coordinates":[[-74.0115564,40.8123973],[-74.011131,40.812865],[-74.0108314,40.8132039]]},"id":"way/1020558572"},{"type":"Feature","properties":{"@id":"way/1020756530","name":"Broad Avenue","ref":"US 1;US 9","route0_ref":"US 9","route0_status":"signed","route0_role":"mainline","route0_tensDigit":0,"route0_onesDigit":"odd","route0_tier":"primary","route1_ref":"US 1","route1_status":"signed","route1_role":"mainline","route1_tensDigit":0,"route1_onesDigit":"odd","route1_tier":"major"},"geometry":{"type":"LineString","coordinates":[[-74.0078529,40.8202079],[-74.0079331,40.8203759]]},"id":"way/1020756530"},{"type":"Feature","properties":{"@id":"way/1020756531","name":"Broad Avenue","ref":"US 1;US 9","route0_ref":"US 9","route0_status":"signed","route0_role":"mainline","route0_tensDigit":0,"route0_onesDigit":"odd","route0_tier":"primary","route1_ref":"US 1","route1_status":"signed","route1_role":"mainline","route1_tensDigit":0,"route1_onesDigit":"odd","route1_tier":"major"},"geometry":{"type":"LineString","coordinates":[[-74.0079578,40.8204309],[-74.0080218,40.8205754],[-74.0081377,40.8208305]]},"id":"way/1020756531"},{"type":"Feature","properties":{"@id":"way/1020756534","name":"Broad Avenue","ref":"US 1;US 9","route0_ref":"US 9","route0_status":"signed","route0_role":"mainline","route0_tensDigit":0,"route0_onesDigit":"odd","route0_tier":"primary","route1_ref":"US 1","route1_status":"signed","route1_role":"mainline","route1_tensDigit":0,"route1_onesDigit":"odd","route1_tier":"major"},"geometry":{"type":"LineString","coordinates":[[-74.0079331,40.8203759],[-74.0079578,40.8204309]]},"id":"way/1020756534"},{"type":"Feature","properties":{"@id":"way/1020768324","ref":"US 1;US 9","route0_ref":"US 9","route0_status":"signed","route0_role":"mainline","route0_tensDigit":0,"route0_onesDigit":"odd","route0_tier":"primary","route1_ref":"US 1","route1_status":"signed","route1_role":"mainline","route1_tensDigit":0,"route1_onesDigit":"odd","route1_tier":"major"},"geometry":{"type":"LineString","coordinates":[[-74.1866456,40.6995394],[-74.1867734,40.6993196],[-74.1869268,40.6990275],[-74.1870354,40.6988111],[-74.1871412,40.6986072],[-74.1874086,40.6980757],[-74.1876111,40.6977083],[-74.1877866,40.6973834],[-74.188178,40.6966924],[-74.1882687,40.696523]]},"id":"way/1020768324"},{"type":"Feature","properties":{"@id":"way/1020768325","ref":"US 1;US 9","route0_ref":"US 9","route0_status":"signed","route0_role":"mainline","route0_tensDigit":0,"route0_onesDigit":"odd","route0_tier":"primary","route1_ref":"US 1","route1_status":"signed","route1_role":"mainline","route1_tensDigit":0,"route1_onesDigit":"odd","route1_tier":"major"},"geometry":{"type":"LineString","coordinates":[[-74.1883127,40.696441],[-74.1891582,40.6948779]]},"id":"way/1020768325"},{"type":"Feature","properties":{"@id":"way/1020768326","ref":"US 1;US 9","route0_ref":"US 9","route0_status":"signed","route0_role":"mainline","route0_tensDigit":0,"route0_onesDigit":"odd","route0_tier":"primary","route1_ref":"US 1","route1_status":"signed","route1_role":"mainline","route1_tensDigit":0,"route1_onesDigit":"odd","route1_tier":"major"},"geometry":{"type":"LineString","coordinates":[[-74.1891582,40.6948779],[-74.1895331,40.6941966],[-74.1896526,40.6939917]]},"id":"way/1020768326"},{"type":"Feature","properties":{"@id":"way/1020778815","ref":"US 1;US 9","route0_ref":"US 9","route0_status":"signed","route0_role":"mainline","route0_tensDigit":0,"route0_onesDigit":"odd","route0_tier":"primary","route1_ref":"US 1","route1_status":"signed","route1_role":"mainline","route1_tensDigit":0,"route1_onesDigit":"odd","route1_tier":"major"},"geometry":{"type":"LineString","coordinates":[[-74.1907034,40.6912151],[-74.1906258,40.6912918],[-74.1905325,40.6913761],[-74.1904409,40.6914556],[-74.1903389,40.6915405],[-74.1902408,40.691619],[-74.1900358,40.691778],[-74.1898317,40.6919331],[-74.1885782,40.6928597]]},"id":"way/1020778815"},{"type":"Feature","properties":{"@id":"way/1020778816","ref":"US 1;US 9","route0_ref":"US 9","route0_status":"signed","route0_role":"mainline","route0_tensDigit":0,"route0_onesDigit":"odd","route0_tier":"primary","route1_ref":"US 1","route1_status":"signed","route1_role":"mainline","route1_tensDigit":0,"route1_onesDigit":"odd","route1_tier":"major"},"geometry":{"type":"LineString","coordinates":[[-74.1912659,40.6905528],[-74.1911932,40.6906549],[-74.1911203,40.6907481],[-74.1910437,40.6908447],[-74.1909671,40.6909361],[-74.1908874,40.6910259],[-74.190801,40.6911177],[-74.1907034,40.6912151]]},"id":"way/1020778816"},{"type":"Feature","properties":{"@id":"way/1020869760","ref":"US 1;US 9","route0_ref":"US 9","route0_status":"signed","route0_role":"mainline","route0_tensDigit":0,"route0_onesDigit":"odd","route0_tier":"primary","route1_ref":"US 1","route1_status":"signed","route1_role":"mainline","route1_tensDigit":0,"route1_onesDigit":"odd","route1_tier":"major"},"geometry":{"type":"LineString","coordinates":[[-74.158782,40.7105702],[-74.1585497,40.710719],[-74.1583223,40.7108673]]},"id":"way/1020869760"},{"type":"Feature","properties":{"@id":"way/1021070558","name":"Tonnelle Avenue","ref":"US 1;US 9","route0_ref":"US 9","route0_status":"signed","route0_role":"mainline","route0_tensDigit":0,"route0_onesDigit":"odd","route0_tier":"primary","route1_ref":"US 1","route1_status":"signed","route1_role":"mainline","route1_tensDigit":0,"route1_onesDigit":"odd","route1_tier":"major"},"geometry":{"type":"LineString","coordinates":[[-74.0652303,40.7391017],[-74.0652062,40.7391098]]},"id":"way/1021070558"},{"type":"Feature","properties":{"@id":"way/1021070559","name":"Tonnelle Avenue","ref":"US 1;US 9","route0_ref":"US 9","route0_status":"signed","route0_role":"mainline","route0_tensDigit":0,"route0_onesDigit":"odd","route0_tier":"primary","route1_ref":"US 1","route1_status":"signed","route1_role":"mainline","route1_tensDigit":0,"route1_onesDigit":"odd","route1_tier":"major"},"geometry":{"type":"LineString","coordinates":[[-74.0652062,40.7391098],[-74.0651807,40.7391197],[-74.0651547,40.7391319],[-74.0651284,40.7391468],[-74.0651,40.739165],[-74.0650707,40.7391864],[-74.0650479,40.7392062],[-74.0650309,40.7392268],[-74.0650164,40.7392488]]},"id":"way/1021070559"},{"type":"Feature","properties":{"@id":"way/1024454926","ref":"US 1;US 9","route0_ref":"US 9","route0_status":"signed","route0_role":"mainline","route0_tensDigit":0,"route0_onesDigit":"odd","route0_tier":"primary","route1_ref":"US 1","route1_status":"signed","route1_role":"mainline","route1_tensDigit":0,"route1_onesDigit":"odd","route1_tier":"major"},"geometry":{"type":"LineString","coordinates":[[-74.2069634,40.6621735],[-74.2067366,40.6625522]]},"id":"way/1024454926"},{"type":"Feature","properties":{"@id":"way/1026371206","name":"George Washington Bridge Lower Level","ref":"I 95;US 1;US 9","unsigned_ref":"US 46","route0_ref":"US 9","route0_status":"signed","route0_role":"mainline","route0_tensDigit":0,"route0_onesDigit":"odd","route0_tier":"primary","route1_ref":"US 1","route1_status":"signed","route1_role":"mainline","route1_tensDigit":0,"route1_onesDigit":"odd","route1_tier":"major"},"geometry":{"type":"LineString","coordinates":[[-73.9617468,40.8533173],[-73.9612837,40.8532567],[-73.9610074,40.8532165],[-73.9608611,40.8531936],[-73.9607266,40.8531696]]},"id":"way/1026371206"},{"type":"Feature","properties":{"@id":"way/1030026416","name":"Broad Avenue","ref":"US 1;US 9","route0_ref":"US 9","route0_status":"signed","route0_role":"mainline","route0_tensDigit":0,"route0_onesDigit":"odd","route0_tier":"primary","route1_ref":"US 1","route1_status":"signed","route1_role":"mainline","route1_tensDigit":0,"route1_onesDigit":"odd","route1_tier":"major"},"geometry":{"type":"LineString","coordinates":[[-74.0103337,40.8304936],[-74.0102614,40.8307949]]},"id":"way/1030026416"},{"type":"Feature","properties":{"@id":"way/1032552891","ref":"US 1;US 9","route0_ref":"US 9","route0_status":"signed","route0_role":"mainline","route0_tensDigit":0,"route0_onesDigit":"odd","route0_tier":"primary","route1_ref":"US 1","route1_status":"signed","route1_role":"mainline","route1_tensDigit":0,"route1_onesDigit":"odd","route1_tier":"major"},"geometry":{"type":"LineString","coordinates":[[-73.9981426,40.8416483],[-73.9981938,40.8416547],[-73.9983325,40.841673],[-73.9984725,40.8416961]]},"id":"way/1032552891"},{"type":"Feature","properties":{"@id":"way/1042119176","name":"Tonnelle Avenue","ref":"US 1;US 9","route0_ref":"US 9","route0_status":"signed","route0_role":"mainline","route0_tensDigit":0,"route0_onesDigit":"odd","route0_tier":"primary","route1_ref":"US 1","route1_status":"signed","route1_role":"mainline","route1_tensDigit":0,"route1_onesDigit":"odd","route1_tier":"major"},"geometry":{"type":"LineString","coordinates":[[-74.0285793,40.7910035],[-74.0283644,40.7913953],[-74.0280262,40.7920118],[-74.0279319,40.7921838],[-74.027855,40.792324],[-74.027727,40.7925577],[-74.027419,40.79312],[-74.027225,40.793459],[-74.0271095,40.7936612],[-74.0269992,40.7938541],[-74.0269015,40.7940252]]},"id":"way/1042119176"},{"type":"Feature","properties":{"@id":"way/1042119179","name":"Tonnelle Avenue","ref":"US 1;US 9","route0_ref":"US 9","route0_status":"signed","route0_role":"mainline","route0_tensDigit":0,"route0_onesDigit":"odd","route0_tier":"primary","route1_ref":"US 1","route1_status":"signed","route1_role":"mainline","route1_tensDigit":0,"route1_onesDigit":"odd","route1_tier":"major"},"geometry":{"type":"LineString","coordinates":[[-74.0286174,40.7909312],[-74.0285793,40.7910035]]},"id":"way/1042119179"},{"type":"Feature","properties":{"@id":"way/1051298730","name":"East Edgar Road","ref":"US 1;US 9","route0_ref":"US 9","route0_status":"signed","route0_role":"mainline","route0_tensDigit":0,"route0_onesDigit":"odd","route0_tier":"primary","route1_ref":"US 1","route1_status":"signed","route1_role":"mainline","route1_tensDigit":0,"route1_onesDigit":"odd","route1_tier":"major"},"geometry":{"type":"LineString","coordinates":[[-74.234121,40.6362428],[-74.2339474,40.6364493],[-74.2334961,40.6369862]]},"id":"way/1051298730"},{"type":"Feature","properties":{"@id":"way/1051449572","name":"East Edgar Road","ref":"US 1;US 9","route0_ref":"US 9","route0_status":"signed","route0_role":"mainline","route0_tensDigit":0,"route0_onesDigit":"odd","route0_tier":"primary","route1_ref":"US 1","route1_status":"signed","route1_role":"mainline","route1_tensDigit":0,"route1_onesDigit":"odd","route1_tier":"major"},"geometry":{"type":"LineString","coordinates":[[-74.2428483,40.6272009],[-74.2429124,40.6271346]]},"id":"way/1051449572"},{"type":"Feature","properties":{"@id":"way/1051455763","name":"East Edgar Road","ref":"US 1;US 9","route0_ref":"US 9","route0_status":"signed","route0_role":"mainline","route0_tensDigit":0,"route0_onesDigit":"odd","route0_tier":"primary","route1_ref":"US 1","route1_status":"signed","route1_role":"mainline","route1_tensDigit":0,"route1_onesDigit":"odd","route1_tier":"major"},"geometry":{"type":"LineString","coordinates":[[-74.2466883,40.6230546],[-74.2470158,40.6227014]]},"id":"way/1051455763"},{"type":"Feature","properties":{"@id":"way/1051455764","name":"East Edgar Road","ref":"US 1;US 9","route0_ref":"US 9","route0_status":"signed","route0_role":"mainline","route0_tensDigit":0,"route0_onesDigit":"odd","route0_tier":"primary","route1_ref":"US 1","route1_status":"signed","route1_role":"mainline","route1_tensDigit":0,"route1_onesDigit":"odd","route1_tier":"major"},"geometry":{"type":"LineString","coordinates":[[-74.2464128,40.6233516],[-74.2464827,40.6232763]]},"id":"way/1051455764"},{"type":"Feature","properties":{"@id":"way/1051455765","name":"East Edgar Road","ref":"US 1;US 9","route0_ref":"US 9","route0_status":"signed","route0_role":"mainline","route0_tensDigit":0,"route0_onesDigit":"odd","route0_tier":"primary","route1_ref":"US 1","route1_status":"signed","route1_role":"mainline","route1_tensDigit":0,"route1_onesDigit":"odd","route1_tier":"major"},"geometry":{"type":"LineString","coordinates":[[-74.2464827,40.6232763],[-74.2466883,40.6230546]]},"id":"way/1051455765"},{"type":"Feature","properties":{"@id":"way/1051516262","ref":"US 1;US 9","route0_ref":"US 9","route0_status":"signed","route0_role":"mainline","route0_tensDigit":0,"route0_onesDigit":"odd","route0_tier":"primary","route1_ref":"US 1","route1_status":"signed","route1_role":"mainline","route1_tensDigit":0,"route1_onesDigit":"odd","route1_tier":"major"},"geometry":{"type":"LineString","coordinates":[[-74.2420442,40.6278178],[-74.2419272,40.6279443],[-74.241827,40.6280526],[-74.2418061,40.6280752]]},"id":"way/1051516262"},{"type":"Feature","properties":{"@id":"way/1051807130","name":"East Edgar Road","ref":"US 1;US 9","route0_ref":"US 9","route0_status":"signed","route0_role":"mainline","route0_tensDigit":0,"route0_onesDigit":"odd","route0_tier":"primary","route1_ref":"US 1","route1_status":"signed","route1_role":"mainline","route1_tensDigit":0,"route1_onesDigit":"odd","route1_tier":"major"},"geometry":{"type":"LineString","coordinates":[[-74.2259834,40.6462464],[-74.2260743,40.646142]]},"id":"way/1051807130"},{"type":"Feature","properties":{"@id":"way/1051810622","name":"East Edgar Road","ref":"US 1;US 9","route0_ref":"US 9","route0_status":"signed","route0_role":"mainline","route0_tensDigit":0,"route0_onesDigit":"odd","route0_tier":"primary","route1_ref":"US 1","route1_status":"signed","route1_role":"mainline","route1_tensDigit":0,"route1_onesDigit":"odd","route1_tier":"major"},"geometry":{"type":"LineString","coordinates":[[-74.2275948,40.6441048],[-74.2274021,40.6443326],[-74.2269277,40.6448978],[-74.2265152,40.6453841],[-74.2264326,40.64545]]},"id":"way/1051810622"},{"type":"Feature","properties":{"@id":"way/1051810624","name":"East Edgar Road","ref":"US 1;US 9","route0_ref":"US 9","route0_status":"signed","route0_role":"mainline","route0_tensDigit":0,"route0_onesDigit":"odd","route0_tier":"primary","route1_ref":"US 1","route1_status":"signed","route1_role":"mainline","route1_tensDigit":0,"route1_onesDigit":"odd","route1_tier":"major"},"geometry":{"type":"LineString","coordinates":[[-74.2250399,40.6471394],[-74.2247989,40.6474236],[-74.2245505,40.647704]]},"id":"way/1051810624"},{"type":"Feature","properties":{"@id":"way/1051839408","name":"Tonnelle Avenue","ref":"US 1;US 9","route0_ref":"US 9","route0_status":"signed","route0_role":"mainline","route0_tensDigit":0,"route0_onesDigit":"odd","route0_tier":"primary","route1_ref":"US 1","route1_status":"signed","route1_role":"mainline","route1_tensDigit":0,"route1_onesDigit":"odd","route1_tier":"major"},"geometry":{"type":"LineString","coordinates":[[-74.0211533,40.80147],[-74.0209492,40.8017151]]},"id":"way/1051839408"},{"type":"Feature","properties":{"@id":"way/1051860354","ref":"US 1;US 9","route0_ref":"US 9","route0_status":"signed","route0_role":"mainline","route0_tensDigit":0,"route0_onesDigit":"odd","route0_tier":"primary","route1_ref":"US 1","route1_status":"signed","route1_role":"mainline","route1_tensDigit":0,"route1_onesDigit":"odd","route1_tier":"major"},"geometry":{"type":"LineString","coordinates":[[-74.0676538,40.7390028],[-74.0676076,40.7389964],[-74.0675618,40.7389918],[-74.067513,40.7389882],[-74.0674628,40.7389855],[-74.0674157,40.7389843],[-74.0673685,40.7389843],[-74.0673236,40.7389859],[-74.0672748,40.7389883],[-74.0672261,40.7389914],[-74.0671307,40.7389989]]},"id":"way/1051860354"},{"type":"Feature","properties":{"@id":"way/1053841269","name":"Spring Street","ref":"US 1;US 9","route0_ref":"US 9","route0_status":"signed","route0_role":"mainline","route0_tensDigit":0,"route0_onesDigit":"odd","route0_tier":"primary","route1_ref":"US 1","route1_status":"signed","route1_role":"mainline","route1_tensDigit":0,"route1_onesDigit":"odd","route1_tier":"major"},"geometry":{"type":"LineString","coordinates":[[-74.1978783,40.6764958],[-74.197728,40.6766525]]},"id":"way/1053841269"},{"type":"Feature","properties":{"@id":"way/1055003551","ref":"US 1;US 9","route0_ref":"US 9","route0_status":"signed","route0_role":"mainline","route0_tensDigit":0,"route0_onesDigit":"odd","route0_tier":"primary","route1_ref":"US 1","route1_status":"signed","route1_role":"mainline","route1_tensDigit":0,"route1_onesDigit":"odd","route1_tier":"major"},"geometry":{"type":"LineString","coordinates":[[-74.2645847,40.6036387],[-74.264562,40.6036548],[-74.2644579,40.6037315],[-74.2643556,40.6038085],[-74.2642557,40.6038849],[-74.2641574,40.6039625],[-74.2640571,40.6040473],[-74.2639649,40.6041294],[-74.2637814,40.6043034],[-74.263692,40.6043913]]},"id":"way/1055003551"},{"type":"Feature","properties":{"@id":"way/1055276976","ref":"US 1;US 9","route0_ref":"US 9","route0_status":"signed","route0_role":"mainline","route0_tensDigit":0,"route0_onesDigit":"odd","route0_tier":"primary","route1_ref":"US 1","route1_status":"signed","route1_role":"mainline","route1_tensDigit":0,"route1_onesDigit":"odd","route1_tier":"major"},"geometry":{"type":"LineString","coordinates":[[-74.2731342,40.5948329],[-74.2732145,40.5946606]]},"id":"way/1055276976"},{"type":"Feature","properties":{"@id":"way/1057588172","name":"East Edgar Road","ref":"US 1;US 9","route0_ref":"US 9","route0_status":"signed","route0_role":"mainline","route0_tensDigit":0,"route0_onesDigit":"odd","route0_tier":"primary","route1_ref":"US 1","route1_status":"signed","route1_role":"mainline","route1_tensDigit":0,"route1_onesDigit":"odd","route1_tier":"major"},"geometry":{"type":"LineString","coordinates":[[-74.2496667,40.6198142],[-74.2498471,40.6196198]]},"id":"way/1057588172"},{"type":"Feature","properties":{"@id":"way/1057588173","name":"East Edgar Road","ref":"US 1;US 9","route0_ref":"US 9","route0_status":"signed","route0_role":"mainline","route0_tensDigit":0,"route0_onesDigit":"odd","route0_tier":"primary","route1_ref":"US 1","route1_status":"signed","route1_role":"mainline","route1_tensDigit":0,"route1_onesDigit":"odd","route1_tier":"major"},"geometry":{"type":"LineString","coordinates":[[-74.2500332,40.6194207],[-74.2505971,40.6188158]]},"id":"way/1057588173"},{"type":"Feature","properties":{"@id":"way/1061732703","ref":"US 1;US 9","route0_ref":"US 9","route0_status":"signed","route0_role":"mainline","route0_tensDigit":0,"route0_onesDigit":"odd","route0_tier":"primary","route1_ref":"US 1","route1_status":"signed","route1_role":"mainline","route1_tensDigit":0,"route1_onesDigit":"odd","route1_tier":"major"},"geometry":{"type":"LineString","coordinates":[[-74.27411,40.5929875],[-74.274259,40.5927786],[-74.2742802,40.5927489],[-74.2744116,40.5925545],[-74.2745468,40.5923603],[-74.2746861,40.5921658],[-74.2747267,40.5921107]]},"id":"way/1061732703"},{"type":"Feature","properties":{"@id":"way/1061732704","ref":"US 1;US 9","route0_ref":"US 9","route0_status":"signed","route0_role":"mainline","route0_tensDigit":0,"route0_onesDigit":"odd","route0_tier":"primary","route1_ref":"US 1","route1_status":"signed","route1_role":"mainline","route1_tensDigit":0,"route1_onesDigit":"odd","route1_tier":"major"},"geometry":{"type":"LineString","coordinates":[[-74.2747267,40.5921107],[-74.2748246,40.5919779],[-74.2749704,40.5917867],[-74.2751188,40.5915967],[-74.2752704,40.5914119]]},"id":"way/1061732704"},{"type":"Feature","properties":{"@id":"way/1063489731","name":"Tonnelle Avenue","ref":"US 1;US 9","route0_ref":"US 9","route0_status":"signed","route0_role":"mainline","route0_tensDigit":0,"route0_onesDigit":"odd","route0_tier":"primary","route1_ref":"US 1","route1_status":"signed","route1_role":"mainline","route1_tensDigit":0,"route1_onesDigit":"odd","route1_tier":"major"},"geometry":{"type":"LineString","coordinates":[[-74.0195261,40.8035681],[-74.0197175,40.8033477]]},"id":"way/1063489731"},{"type":"Feature","properties":{"@id":"way/1068411582","ref":"US 1;US 9","route0_ref":"US 9","route0_status":"signed","route0_role":"mainline","route0_tensDigit":0,"route0_onesDigit":"odd","route0_tier":"primary","route1_ref":"US 1","route1_status":"signed","route1_role":"mainline","route1_tensDigit":0,"route1_onesDigit":"odd","route1_tier":"major"},"geometry":{"type":"LineString","coordinates":[[-74.2172456,40.6519084],[-74.2173273,40.6518885],[-74.2176757,40.651795]]},"id":"way/1068411582"},{"type":"Feature","properties":{"@id":"way/1086753610","name":"Spring Street","ref":"US 1;US 9","route0_ref":"US 9","route0_status":"signed","route0_role":"mainline","route0_tensDigit":0,"route0_onesDigit":"odd","route0_tier":"primary","route1_ref":"US 1","route1_status":"signed","route1_role":"mainline","route1_tensDigit":0,"route1_onesDigit":"odd","route1_tier":"major"},"geometry":{"type":"LineString","coordinates":[[-74.2049153,40.6654779],[-74.2043225,40.6663264]]},"id":"way/1086753610"},{"type":"Feature","properties":{"@id":"way/1086753611","name":"Spring Street","ref":"US 1;US 9","route0_ref":"US 9","route0_status":"signed","route0_role":"mainline","route0_tensDigit":0,"route0_onesDigit":"odd","route0_tier":"primary","route1_ref":"US 1","route1_status":"signed","route1_role":"mainline","route1_tensDigit":0,"route1_onesDigit":"odd","route1_tier":"major"},"geometry":{"type":"LineString","coordinates":[[-74.2043225,40.6663264],[-74.20424,40.6664534],[-74.2039986,40.6668359]]},"id":"way/1086753611"},{"type":"Feature","properties":{"@id":"way/1089552420","name":"East Edgar Road","ref":"US 1;US 9","route0_ref":"US 9","route0_status":"signed","route0_role":"mainline","route0_tensDigit":0,"route0_onesDigit":"odd","route0_tier":"primary","route1_ref":"US 1","route1_status":"signed","route1_role":"mainline","route1_tensDigit":0,"route1_onesDigit":"odd","route1_tier":"major"},"geometry":{"type":"LineString","coordinates":[[-74.2342046,40.6367291],[-74.2343494,40.6365281],[-74.2344889,40.6363333],[-74.234558,40.636234],[-74.2347278,40.6359974],[-74.2348717,40.6358097],[-74.2350174,40.6356227],[-74.2351658,40.6354391],[-74.235312,40.6352618],[-74.2354637,40.6350797],[-74.2355493,40.6349812],[-74.23563,40.6348914],[-74.2358747,40.6346277]]},"id":"way/1089552420"},{"type":"Feature","properties":{"@id":"way/1089552421","name":"East Edgar Road","ref":"US 1;US 9","route0_ref":"US 9","route0_status":"signed","route0_role":"mainline","route0_tensDigit":0,"route0_onesDigit":"odd","route0_tier":"primary","route1_ref":"US 1","route1_status":"signed","route1_role":"mainline","route1_tensDigit":0,"route1_onesDigit":"odd","route1_tier":"major"},"geometry":{"type":"LineString","coordinates":[[-74.2265811,40.6455459],[-74.2266548,40.6454608],[-74.2269919,40.645058],[-74.2274,40.644573],[-74.2275687,40.6443724],[-74.2281716,40.6436668],[-74.2283223,40.6434863],[-74.2284769,40.6433065],[-74.2286378,40.6431265]]},"id":"way/1089552421"},{"type":"Feature","properties":{"@id":"way/1089552579","name":"East Edgar Road","ref":"US 1;US 9","route0_ref":"US 9","route0_status":"signed","route0_role":"mainline","route0_tensDigit":0,"route0_onesDigit":"odd","route0_tier":"primary","route1_ref":"US 1","route1_status":"signed","route1_role":"mainline","route1_tensDigit":0,"route1_onesDigit":"odd","route1_tier":"major"},"geometry":{"type":"LineString","coordinates":[[-74.2544991,40.6146169],[-74.2549015,40.614187],[-74.2549243,40.6141638],[-74.2550438,40.6140419]]},"id":"way/1089552579"},{"type":"Feature","properties":{"@id":"way/1089552580","name":"East Edgar Road","ref":"US 1;US 9","route0_ref":"US 9","route0_status":"signed","route0_role":"mainline","route0_tensDigit":0,"route0_onesDigit":"odd","route0_tier":"primary","route1_ref":"US 1","route1_status":"signed","route1_role":"mainline","route1_tensDigit":0,"route1_onesDigit":"odd","route1_tier":"major"},"geometry":{"type":"LineString","coordinates":[[-74.254168,40.6146945],[-74.253987,40.6148985]]},"id":"way/1089552580"},{"type":"Feature","properties":{"@id":"way/1094073773","name":"Tonnelle Avenue","ref":"US 1;US 9","route0_ref":"US 9","route0_status":"signed","route0_role":"mainline","route0_tensDigit":0,"route0_onesDigit":"odd","route0_tier":"primary","route1_ref":"US 1","route1_status":"signed","route1_role":"mainline","route1_tensDigit":0,"route1_onesDigit":"odd","route1_tier":"major"},"geometry":{"type":"LineString","coordinates":[[-74.0232227,40.7990667],[-74.0224675,40.7999545],[-74.0222998,40.8001516]]},"id":"way/1094073773"},{"type":"Feature","properties":{"@id":"way/1112202673","name":"Tonnelle Avenue","ref":"US 1;US 9","route0_ref":"US 9","route0_status":"signed","route0_role":"mainline","route0_tensDigit":0,"route0_onesDigit":"odd","route0_tier":"primary","route1_ref":"US 1","route1_status":"signed","route1_role":"mainline","route1_tensDigit":0,"route1_onesDigit":"odd","route1_tier":"major"},"geometry":{"type":"LineString","coordinates":[[-74.031815,40.7867212],[-74.0314408,40.7871872],[-74.0313602,40.7872875]]},"id":"way/1112202673"},{"type":"Feature","properties":{"@id":"way/1119792869","ref":"US 1;US 9","route0_ref":"US 9","route0_status":"signed","route0_role":"mainline","route0_tensDigit":0,"route0_onesDigit":"odd","route0_tier":"primary","route1_ref":"US 1","route1_status":"signed","route1_role":"mainline","route1_tensDigit":0,"route1_onesDigit":"odd","route1_tier":"major"},"geometry":{"type":"LineString","coordinates":[[-74.0655383,40.739093],[-74.0654791,40.7390841],[-74.0654528,40.7390812],[-74.0654239,40.7390797],[-74.0653908,40.7390786],[-74.0653608,40.7390792],[-74.0653305,40.7390814],[-74.0652993,40.7390853],[-74.065267,40.7390916],[-74.0652303,40.7391017]]},"id":"way/1119792869"},{"type":"Feature","properties":{"@id":"way/1119811154","name":"US 1-9 Local","ref":"US 1;US 9","route0_ref":"US 9","route0_status":"signed","route0_role":"mainline","route0_tensDigit":0,"route0_onesDigit":"odd","route0_tier":"primary","route1_ref":"US 1","route1_status":"signed","route1_role":"mainline","route1_tensDigit":0,"route1_onesDigit":"odd","route1_tier":"major"},"geometry":{"type":"LineString","coordinates":[[-74.1882687,40.696523],[-74.1883127,40.696441]]},"id":"way/1119811154"},{"type":"Feature","properties":{"@id":"way/1120574376","name":"Tonnelle Avenue","ref":"US 1;US 9","route0_ref":"US 9","route0_status":"signed","route0_role":"mainline","route0_tensDigit":0,"route0_onesDigit":"odd","route0_tier":"primary","route1_ref":"US 1","route1_status":"signed","route1_role":"mainline","route1_tensDigit":0,"route1_onesDigit":"odd","route1_tier":"major"},"geometry":{"type":"LineString","coordinates":[[-74.0411412,40.7746494],[-74.041034,40.7748707],[-74.0409534,40.775123]]},"id":"way/1120574376"},{"type":"Feature","properties":{"@id":"way/1121204094","name":"Tonnelle Avenue","ref":"US 1;US 9","route0_ref":"US 9","route0_status":"signed","route0_role":"mainline","route0_tensDigit":0,"route0_onesDigit":"odd","route0_tier":"primary","route1_ref":"US 1","route1_status":"signed","route1_role":"mainline","route1_tensDigit":0,"route1_onesDigit":"odd","route1_tier":"major"},"geometry":{"type":"LineString","coordinates":[[-74.0608686,40.7486827],[-74.060749,40.7488862],[-74.0603533,40.7495591],[-74.0601062,40.7498647],[-74.0600549,40.7499219],[-74.0598301,40.7501705],[-74.0593451,40.7506427],[-74.0585995,40.75131],[-74.058487,40.7514107],[-74.0583851,40.7515146],[-74.0583167,40.7515844],[-74.0576024,40.7524687],[-74.0569996,40.7532679],[-74.0567325,40.753622],[-74.0559905,40.7546058],[-74.0557348,40.7549448],[-74.0556551,40.7550505],[-74.0551409,40.7557322],[-74.0550063,40.7559144],[-74.0547289,40.7562784]]},"id":"way/1121204094"},{"type":"Feature","properties":{"@id":"way/1121204095","name":"Tonnelle Avenue","ref":"US 1;US 9","route0_ref":"US 9","route0_status":"signed","route0_role":"mainline","route0_tensDigit":0,"route0_onesDigit":"odd","route0_tier":"primary","route1_ref":"US 1","route1_status":"signed","route1_role":"mainline","route1_tensDigit":0,"route1_onesDigit":"odd","route1_tier":"major"},"geometry":{"type":"LineString","coordinates":[[-74.0547289,40.7562784],[-74.0545522,40.7565217],[-74.0543041,40.7568214]]},"id":"way/1121204095"},{"type":"Feature","properties":{"@id":"way/1125350515","name":"East Edgar Road","ref":"US 1;US 9","route0_ref":"US 9","route0_status":"signed","route0_role":"mainline","route0_tensDigit":0,"route0_onesDigit":"odd","route0_tier":"primary","route1_ref":"US 1","route1_status":"signed","route1_role":"mainline","route1_tensDigit":0,"route1_onesDigit":"odd","route1_tier":"major"},"geometry":{"type":"LineString","coordinates":[[-74.2476908,40.6216347],[-74.2475489,40.6217892]]},"id":"way/1125350515"},{"type":"Feature","properties":{"@id":"way/1125350516","name":"East Edgar Road","ref":"US 1;US 9","route0_ref":"US 9","route0_status":"signed","route0_role":"mainline","route0_tensDigit":0,"route0_onesDigit":"odd","route0_tier":"primary","route1_ref":"US 1","route1_status":"signed","route1_role":"mainline","route1_tensDigit":0,"route1_onesDigit":"odd","route1_tier":"major"},"geometry":{"type":"LineString","coordinates":[[-74.2475489,40.6217892],[-74.2472836,40.6220781]]},"id":"way/1125350516"},{"type":"Feature","properties":{"@id":"way/1126631773","name":"East Edgar Road","ref":"US 1;US 9","route0_ref":"US 9","route0_status":"signed","route0_role":"mainline","route0_tensDigit":0,"route0_onesDigit":"odd","route0_tier":"primary","route1_ref":"US 1","route1_status":"signed","route1_role":"mainline","route1_tensDigit":0,"route1_onesDigit":"odd","route1_tier":"major"},"geometry":{"type":"LineString","coordinates":[[-74.2329618,40.6383096],[-74.2336227,40.6374799],[-74.2337702,40.6372957],[-74.2339122,40.6371109],[-74.234063,40.6369175],[-74.2342046,40.6367291]]},"id":"way/1126631773"},{"type":"Feature","properties":{"@id":"way/1126631774","name":"East Edgar Road","ref":"US 1;US 9","route0_ref":"US 9","route0_status":"signed","route0_role":"mainline","route0_tensDigit":0,"route0_onesDigit":"odd","route0_tier":"primary","route1_ref":"US 1","route1_status":"signed","route1_role":"mainline","route1_tensDigit":0,"route1_onesDigit":"odd","route1_tier":"major"},"geometry":{"type":"LineString","coordinates":[[-74.232246,40.6392544],[-74.2323878,40.6390574],[-74.2325233,40.6388733]]},"id":"way/1126631774"},{"type":"Feature","properties":{"@id":"way/1126631775","name":"East Edgar Road","ref":"US 1;US 9","route0_ref":"US 9","route0_status":"signed","route0_role":"mainline","route0_tensDigit":0,"route0_onesDigit":"odd","route0_tier":"primary","route1_ref":"US 1","route1_status":"signed","route1_role":"mainline","route1_tensDigit":0,"route1_onesDigit":"odd","route1_tier":"major"},"geometry":{"type":"LineString","coordinates":[[-74.2325233,40.6388733],[-74.232632,40.6387295],[-74.2327401,40.6385926]]},"id":"way/1126631775"},{"type":"Feature","properties":{"@id":"way/1126631776","name":"East Edgar Road","ref":"US 1;US 9","route0_ref":"US 9","route0_status":"signed","route0_role":"mainline","route0_tensDigit":0,"route0_onesDigit":"odd","route0_tier":"primary","route1_ref":"US 1","route1_status":"signed","route1_role":"mainline","route1_tensDigit":0,"route1_onesDigit":"odd","route1_tier":"major"},"geometry":{"type":"LineString","coordinates":[[-74.2327401,40.6385926],[-74.2329618,40.6383096]]},"id":"way/1126631776"},{"type":"Feature","properties":{"@id":"way/1126858097","name":"East Edgar Road","ref":"US 1;US 9","route0_ref":"US 9","route0_status":"signed","route0_role":"mainline","route0_tensDigit":0,"route0_onesDigit":"odd","route0_tier":"primary","route1_ref":"US 1","route1_status":"signed","route1_role":"mainline","route1_tensDigit":0,"route1_onesDigit":"odd","route1_tier":"major"},"geometry":{"type":"LineString","coordinates":[[-74.2510622,40.6183182],[-74.2513443,40.6180173]]},"id":"way/1126858097"},{"type":"Feature","properties":{"@id":"way/1126858099","name":"East Edgar Road","ref":"US 1;US 9","route0_ref":"US 9","route0_status":"signed","route0_role":"mainline","route0_tensDigit":0,"route0_onesDigit":"odd","route0_tier":"primary","route1_ref":"US 1","route1_status":"signed","route1_role":"mainline","route1_tensDigit":0,"route1_onesDigit":"odd","route1_tier":"major"},"geometry":{"type":"LineString","coordinates":[[-74.2513443,40.6180173],[-74.2525576,40.6167014],[-74.2529861,40.6162379]]},"id":"way/1126858099"},{"type":"Feature","properties":{"@id":"way/1130560226","ref":"US 1;US 9","route0_ref":"US 9","route0_status":"signed","route0_role":"mainline","route0_tensDigit":0,"route0_onesDigit":"odd","route0_tier":"primary","route1_ref":"US 1","route1_status":"signed","route1_role":"mainline","route1_tensDigit":0,"route1_onesDigit":"odd","route1_tier":"major"},"geometry":{"type":"LineString","coordinates":[[-74.2945301,40.5695794],[-74.2940494,40.5701302]]},"id":"way/1130560226"},{"type":"Feature","properties":{"@id":"way/1131523129","name":"East Edgar Road","ref":"US 1;US 9","route0_ref":"US 9","route0_status":"signed","route0_role":"mainline","route0_tensDigit":0,"route0_onesDigit":"odd","route0_tier":"primary","route1_ref":"US 1","route1_status":"signed","route1_role":"mainline","route1_tensDigit":0,"route1_onesDigit":"odd","route1_tier":"major"},"geometry":{"type":"LineString","coordinates":[[-74.2487884,40.6207584],[-74.2490388,40.6204892],[-74.2496667,40.6198142]]},"id":"way/1131523129"},{"type":"Feature","properties":{"@id":"way/1132691972","ref":"US 1;US 9","route0_ref":"US 9","route0_status":"signed","route0_role":"mainline","route0_tensDigit":0,"route0_onesDigit":"odd","route0_tier":"primary","route1_ref":"US 1","route1_status":"signed","route1_role":"mainline","route1_tensDigit":0,"route1_onesDigit":"odd","route1_tier":"major"},"geometry":{"type":"LineString","coordinates":[[-74.290894,40.5737204],[-74.2917995,40.5728165],[-74.2919709,40.5726408],[-74.2921415,40.5724648],[-74.292313,40.5722834],[-74.2924816,40.5721055],[-74.2925853,40.5719952]]},"id":"way/1132691972"},{"type":"Feature","properties":{"@id":"way/1132691973","ref":"US 1;US 9","route0_ref":"US 9","route0_status":"signed","route0_role":"mainline","route0_tensDigit":0,"route0_onesDigit":"odd","route0_tier":"primary","route1_ref":"US 1","route1_status":"signed","route1_role":"mainline","route1_tensDigit":0,"route1_onesDigit":"odd","route1_tier":"major"},"geometry":{"type":"LineString","coordinates":[[-74.290675,40.5739383],[-74.290894,40.5737204]]},"id":"way/1132691973"},{"type":"Feature","properties":{"@id":"way/1132748035","name":"Tonnelle Avenue","ref":"US 1;US 9","route0_ref":"US 9","route0_status":"signed","route0_role":"mainline","route0_tensDigit":0,"route0_onesDigit":"odd","route0_tier":"primary","route1_ref":"US 1","route1_status":"signed","route1_role":"mainline","route1_tensDigit":0,"route1_onesDigit":"odd","route1_tier":"major"},"geometry":{"type":"LineString","coordinates":[[-74.0240944,40.7980382],[-74.0236739,40.7985286]]},"id":"way/1132748035"},{"type":"Feature","properties":{"@id":"way/1132748036","name":"Tonnelle Avenue","ref":"US 1;US 9","route0_ref":"US 9","route0_status":"signed","route0_role":"mainline","route0_tensDigit":0,"route0_onesDigit":"odd","route0_tier":"primary","route1_ref":"US 1","route1_status":"signed","route1_role":"mainline","route1_tensDigit":0,"route1_onesDigit":"odd","route1_tier":"major"},"geometry":{"type":"LineString","coordinates":[[-74.0246811,40.7973603],[-74.0240944,40.7980382]]},"id":"way/1132748036"},{"type":"Feature","properties":{"@id":"way/1145207187","name":"Pulaski Skyway","ref":"US 1;US 9","route0_ref":"US 9","route0_status":"signed","route0_role":"mainline","route0_tensDigit":0,"route0_onesDigit":"odd","route0_tier":"primary","route1_ref":"US 1","route1_status":"signed","route1_role":"mainline","route1_tensDigit":0,"route1_onesDigit":"odd","route1_tier":"major"},"geometry":{"type":"LineString","coordinates":[[-74.0854664,40.7363101],[-74.0852872,40.7363343],[-74.0851542,40.7363507],[-74.0850084,40.7363711],[-74.084862,40.7363958],[-74.0847247,40.7364194],[-74.0845807,40.7364453],[-74.0829114,40.7367546],[-74.0827717,40.7367851],[-74.0826347,40.7368169],[-74.0825002,40.7368518],[-74.0823625,40.7368867],[-74.0822236,40.736919],[-74.0820905,40.7369489],[-74.0819487,40.7369769],[-74.0816108,40.7370433],[-74.0771502,40.7378714]]},"id":"way/1145207187"},{"type":"Feature","properties":{"@id":"way/1149491830","ref":"US 1;US 9","route0_ref":"US 9","route0_status":"signed","route0_role":"mainline","route0_tensDigit":0,"route0_onesDigit":"odd","route0_tier":"primary","route1_ref":"US 1","route1_status":"signed","route1_role":"mainline","route1_tensDigit":0,"route1_onesDigit":"odd","route1_tier":"major"},"geometry":{"type":"LineString","coordinates":[[-74.2232301,40.6490571],[-74.2233345,40.6489706],[-74.2234065,40.648911]]},"id":"way/1149491830"},{"type":"Feature","properties":{"@id":"way/1149491833","ref":"US 1;US 9","route0_ref":"US 9","route0_status":"signed","route0_role":"mainline","route0_tensDigit":0,"route0_onesDigit":"odd","route0_tier":"primary","route1_ref":"US 1","route1_status":"signed","route1_role":"mainline","route1_tensDigit":0,"route1_onesDigit":"odd","route1_tier":"major"},"geometry":{"type":"LineString","coordinates":[[-74.2234065,40.648911],[-74.223612,40.6487394],[-74.2238741,40.6485205]]},"id":"way/1149491833"},{"type":"Feature","properties":{"@id":"way/1162403988","name":"Tonnelle Avenue","ref":"US 1;US 9","route0_ref":"US 9","route0_status":"signed","route0_role":"mainline","route0_tensDigit":0,"route0_onesDigit":"odd","route0_tier":"primary","route1_ref":"US 1","route1_status":"signed","route1_role":"mainline","route1_tensDigit":0,"route1_onesDigit":"odd","route1_tier":"major"},"geometry":{"type":"LineString","coordinates":[[-74.0126667,40.8111993],[-74.0123325,40.8115746],[-74.012224,40.8116965]]},"id":"way/1162403988"},{"type":"Feature","properties":{"@id":"way/1162403990","name":"Tonnelle Avenue","ref":"US 1;US 9","route0_ref":"US 9","route0_status":"signed","route0_role":"mainline","route0_tensDigit":0,"route0_onesDigit":"odd","route0_tier":"primary","route1_ref":"US 1","route1_status":"signed","route1_role":"mainline","route1_tensDigit":0,"route1_onesDigit":"odd","route1_tier":"major"},"geometry":{"type":"LineString","coordinates":[[-74.012741,40.811116],[-74.0126667,40.8111993]]},"id":"way/1162403990"},{"type":"Feature","properties":{"@id":"way/1178136173","name":"Tonnelle Avenue","ref":"US 1;US 9","route0_ref":"US 9","route0_status":"signed","route0_role":"mainline","route0_tensDigit":0,"route0_onesDigit":"odd","route0_tier":"primary","route1_ref":"US 1","route1_status":"signed","route1_role":"mainline","route1_tensDigit":0,"route1_onesDigit":"odd","route1_tier":"major"},"geometry":{"type":"LineString","coordinates":[[-74.0236739,40.7985286],[-74.0233379,40.7989312]]},"id":"way/1178136173"},{"type":"Feature","properties":{"@id":"way/1181320332","name":"Tonnelle Avenue","ref":"US 1;US 9","route0_ref":"US 9","route0_status":"signed","route0_role":"mainline","route0_tensDigit":0,"route0_onesDigit":"odd","route0_tier":"primary","route1_ref":"US 1","route1_status":"signed","route1_role":"mainline","route1_tensDigit":0,"route1_onesDigit":"odd","route1_tier":"major"},"geometry":{"type":"LineString","coordinates":[[-74.0167301,40.8067166],[-74.016512,40.8069653]]},"id":"way/1181320332"},{"type":"Feature","properties":{"@id":"way/1263972330","name":"East Edgar Road","ref":"US 1;US 9","route0_ref":"US 9","route0_status":"signed","route0_role":"mainline","route0_tensDigit":0,"route0_onesDigit":"odd","route0_tier":"primary","route1_ref":"US 1","route1_status":"signed","route1_role":"mainline","route1_tensDigit":0,"route1_onesDigit":"odd","route1_tier":"major"},"geometry":{"type":"LineString","coordinates":[[-74.2362853,40.6341917],[-74.2364624,40.6340059],[-74.2369604,40.6334832],[-74.2371186,40.6333173],[-74.2373676,40.6330571],[-74.2374432,40.6329781],[-74.237591,40.6328236],[-74.2378701,40.632532],[-74.23843,40.6319523],[-74.2388083,40.6315607],[-74.2390329,40.6313095],[-74.2393124,40.6310043],[-74.2400825,40.6301543],[-74.2402418,40.6299834],[-74.2404794,40.6297286],[-74.2406997,40.6294924]]},"id":"way/1263972330"},{"type":"Feature","properties":{"@id":"way/1263972331","name":"East Edgar Road","ref":"US 1;US 9","route0_ref":"US 9","route0_status":"signed","route0_role":"mainline","route0_tensDigit":0,"route0_onesDigit":"odd","route0_tier":"primary","route1_ref":"US 1","route1_status":"signed","route1_role":"mainline","route1_tensDigit":0,"route1_onesDigit":"odd","route1_tier":"major"},"geometry":{"type":"LineString","coordinates":[[-74.2358747,40.6346277],[-74.2362853,40.6341917]]},"id":"way/1263972331"},{"type":"Feature","properties":{"@id":"way/1263972332","name":"East Edgar Road","ref":"US 1;US 9","route0_ref":"US 9","route0_status":"signed","route0_role":"mainline","route0_tensDigit":0,"route0_onesDigit":"odd","route0_tier":"primary","route1_ref":"US 1","route1_status":"signed","route1_role":"mainline","route1_tensDigit":0,"route1_onesDigit":"odd","route1_tier":"major"},"geometry":{"type":"LineString","coordinates":[[-74.2321733,40.6386456],[-74.2317825,40.6391226]]},"id":"way/1263972332"},{"type":"Feature","properties":{"@id":"way/1263972333","name":"East Edgar Road","ref":"US 1;US 9","route0_ref":"US 9","route0_status":"signed","route0_role":"mainline","route0_tensDigit":0,"route0_onesDigit":"odd","route0_tier":"primary","route1_ref":"US 1","route1_status":"signed","route1_role":"mainline","route1_tensDigit":0,"route1_onesDigit":"odd","route1_tier":"major"},"geometry":{"type":"LineString","coordinates":[[-74.2281605,40.6434369],[-74.2278311,40.643827],[-74.2275948,40.6441048]]},"id":"way/1263972333"},{"type":"Feature","properties":{"@id":"way/1280801230","name":"Tonnelle Avenue","ref":"US 1;US 9","route0_ref":"US 9","route0_status":"signed","route0_role":"mainline","route0_tensDigit":0,"route0_onesDigit":"odd","route0_tier":"primary","route1_ref":"US 1","route1_status":"signed","route1_role":"mainline","route1_tensDigit":0,"route1_onesDigit":"odd","route1_tier":"major"},"geometry":{"type":"LineString","coordinates":[[-74.0383923,40.7789382],[-74.0388259,40.778283],[-74.0394118,40.7774051]]},"id":"way/1280801230"},{"type":"Feature","properties":{"@id":"way/1282092957","name":"Pulaski Skyway","ref":"US 1;US 9","route0_ref":"US 9","route0_status":"signed","route0_role":"mainline","route0_tensDigit":0,"route0_onesDigit":"odd","route0_tier":"primary","route1_ref":"US 1","route1_status":"signed","route1_role":"mainline","route1_tensDigit":0,"route1_onesDigit":"odd","route1_tier":"major"},"geometry":{"type":"LineString","coordinates":[[-74.1294012,40.732384],[-74.1296805,40.7322238]]},"id":"way/1282092957"},{"type":"Feature","properties":{"@id":"way/1282092958","ref":"US 1;US 9","route0_ref":"US 9","route0_status":"signed","route0_role":"mainline","route0_tensDigit":0,"route0_onesDigit":"odd","route0_tier":"primary","route1_ref":"US 1","route1_status":"signed","route1_role":"mainline","route1_tensDigit":0,"route1_onesDigit":"odd","route1_tier":"major"},"geometry":{"type":"LineString","coordinates":[[-74.1450529,40.7236555],[-74.1452284,40.7235503],[-74.1454288,40.7234318],[-74.1458493,40.7231689]]},"id":"way/1282092958"},{"type":"Feature","properties":{"@id":"way/1282092959","ref":"US 1;US 9","route0_ref":"US 9","route0_status":"signed","route0_role":"mainline","route0_tensDigit":0,"route0_onesDigit":"odd","route0_tier":"primary","route1_ref":"US 1","route1_status":"signed","route1_role":"mainline","route1_tensDigit":0,"route1_onesDigit":"odd","route1_tier":"major"},"geometry":{"type":"LineString","coordinates":[[-74.1323224,40.7308302],[-74.132886,40.7305358]]},"id":"way/1282092959"},{"type":"Feature","properties":{"@id":"way/1282092961","ref":"US 1;US 9","route0_ref":"US 9","route0_status":"signed","route0_role":"mainline","route0_tensDigit":0,"route0_onesDigit":"odd","route0_tier":"primary","route1_ref":"US 1","route1_status":"signed","route1_role":"mainline","route1_tensDigit":0,"route1_onesDigit":"odd","route1_tier":"major"},"geometry":{"type":"LineString","coordinates":[[-74.1449994,40.7233232],[-74.1448343,40.7234224]]},"id":"way/1282092961"},{"type":"Feature","properties":{"@id":"way/1285603155","ref":"US 1;US 9","route0_ref":"US 9","route0_status":"signed","route0_role":"mainline","route0_tensDigit":0,"route0_onesDigit":"odd","route0_tier":"primary","route1_ref":"US 1","route1_status":"signed","route1_role":"mainline","route1_tensDigit":0,"route1_onesDigit":"odd","route1_tier":"major"},"geometry":{"type":"LineString","coordinates":[[-74.2727995,40.595189],[-74.272613,40.5955987],[-74.2725129,40.5958033],[-74.2724135,40.5960091],[-74.2722152,40.5963909],[-74.2721113,40.5965833],[-74.2720324,40.5967247]]},"id":"way/1285603155"},{"type":"Feature","properties":{"@id":"way/1290880738","name":"Tonnelle Avenue","ref":"US 1;US 9","route0_ref":"US 9","route0_status":"signed","route0_role":"mainline","route0_tensDigit":0,"route0_onesDigit":"odd","route0_tier":"primary","route1_ref":"US 1","route1_status":"signed","route1_role":"mainline","route1_tensDigit":0,"route1_onesDigit":"odd","route1_tier":"major"},"geometry":{"type":"LineString","coordinates":[[-74.0650164,40.7392488],[-74.0650011,40.7392791],[-74.0649907,40.7393012],[-74.0649817,40.7393237]]},"id":"way/1290880738"},{"type":"Feature","properties":{"@id":"way/1290880739","name":"Tonnelle Avenue","ref":"US 1;US 9","route0_ref":"US 9","route0_status":"signed","route0_role":"mainline","route0_tensDigit":0,"route0_onesDigit":"odd","route0_tier":"primary","route1_ref":"US 1","route1_status":"signed","route1_role":"mainline","route1_tensDigit":0,"route1_onesDigit":"odd","route1_tier":"major"},"geometry":{"type":"LineString","coordinates":[[-74.0649817,40.7393237],[-74.0649705,40.7393553],[-74.064962,40.7393854],[-74.0649158,40.739581]]},"id":"way/1290880739"},{"type":"Feature","properties":{"@id":"way/1296749997","name":"Tonnelle Avenue","ref":"US 1;US 9","route0_ref":"US 9","route0_status":"signed","route0_role":"mainline","route0_tensDigit":0,"route0_onesDigit":"odd","route0_tier":"primary","route1_ref":"US 1","route1_status":"signed","route1_role":"mainline","route1_tensDigit":0,"route1_onesDigit":"odd","route1_tier":"major"},"geometry":{"type":"LineString","coordinates":[[-74.0469534,40.7661201],[-74.04709,40.7659394]]},"id":"way/1296749997"},{"type":"Feature","properties":{"@id":"way/1296749998","name":"Tonnelle Avenue","ref":"US 1;US 9","route0_ref":"US 9","route0_status":"signed","route0_role":"mainline","route0_tensDigit":0,"route0_onesDigit":"odd","route0_tier":"primary","route1_ref":"US 1","route1_status":"signed","route1_role":"mainline","route1_tensDigit":0,"route1_onesDigit":"odd","route1_tier":"major"},"geometry":{"type":"LineString","coordinates":[[-74.0465197,40.7666941],[-74.0469534,40.7661201]]},"id":"way/1296749998"},{"type":"Feature","properties":{"@id":"way/1296770888","name":"Broad Avenue","ref":"US 1;US 9","route0_ref":"US 9","route0_status":"signed","route0_role":"mainline","route0_tensDigit":0,"route0_onesDigit":"odd","route0_tier":"primary","route1_ref":"US 1","route1_status":"signed","route1_role":"mainline","route1_tensDigit":0,"route1_onesDigit":"odd","route1_tier":"major"},"geometry":{"type":"LineString","coordinates":[[-74.0018034,40.8424401],[-74.001655,40.8426376],[-74.0016358,40.8426626],[-74.0014949,40.8428495]]},"id":"way/1296770888"},{"type":"Feature","properties":{"@id":"way/1303591877","name":"George Washington Bridge Upper Level","ref":"I 95;US 1;US 9","unsigned_ref":"US 46","route0_ref":"US 9","route0_status":"signed","route0_role":"mainline","route0_tensDigit":0,"route0_onesDigit":"odd","route0_tier":"primary","route1_ref":"US 1","route1_status":"signed","route1_role":"mainline","route1_tensDigit":0,"route1_onesDigit":"odd","route1_tier":"major"},"geometry":{"type":"LineString","coordinates":[[-73.9624919,40.8535384],[-73.9623559,40.8535109],[-73.9620627,40.8534506],[-73.9619038,40.8534168]]},"id":"way/1303591877"},{"type":"Feature","properties":{"@id":"way/1328780756","name":"East Edgar Road","ref":"US 1;US 9","route0_ref":"US 9","route0_status":"signed","route0_role":"mainline","route0_tensDigit":0,"route0_onesDigit":"odd","route0_tier":"primary","route1_ref":"US 1","route1_status":"signed","route1_role":"mainline","route1_tensDigit":0,"route1_onesDigit":"odd","route1_tier":"major"},"geometry":{"type":"LineString","coordinates":[[-74.2534106,40.6158182],[-74.2536538,40.6155692],[-74.2540107,40.615191],[-74.2544991,40.6146169]]},"id":"way/1328780756"},{"type":"Feature","properties":{"@id":"way/1328780757","name":"East Edgar Road","ref":"US 1;US 9","route0_ref":"US 9","route0_status":"signed","route0_role":"mainline","route0_tensDigit":0,"route0_onesDigit":"odd","route0_tier":"primary","route1_ref":"US 1","route1_status":"signed","route1_role":"mainline","route1_tensDigit":0,"route1_onesDigit":"odd","route1_tier":"major"},"geometry":{"type":"LineString","coordinates":[[-74.2529861,40.6162379],[-74.2532885,40.6159389],[-74.2534106,40.6158182]]},"id":"way/1328780757"},{"type":"Feature","properties":{"@id":"way/1339758950","name":"George Washington Bridge Upper Level","ref":"I 95;US 1;US 9","unsigned_ref":"US 46","route0_ref":"US 9","route0_status":"signed","route0_role":"mainline","route0_tensDigit":0,"route0_onesDigit":"odd","route0_tier":"primary","route1_ref":"US 1","route1_status":"signed","route1_role":"mainline","route1_tensDigit":0,"route1_onesDigit":"odd","route1_tier":"major"},"geometry":{"type":"LineString","coordinates":[[-73.9612927,40.8534158],[-73.9615915,40.8534734]]},"id":"way/1339758950"},{"type":"Feature","properties":{"@id":"way/1339765258","name":"George Washington Bridge Upper Level","ref":"I 95;US 1;US 9","route0_ref":"US 9","route0_status":"signed","route0_role":"mainline","route0_tensDigit":0,"route0_onesDigit":"odd","route0_tier":"primary","route1_ref":"US 1","route1_status":"signed","route1_role":"mainline","route1_tensDigit":0,"route1_onesDigit":"odd","route1_tier":"major"},"geometry":{"type":"LineString","coordinates":[[-73.9444176,40.849983],[-73.9441593,40.8499323]]},"id":"way/1339765258"},{"type":"Feature","properties":{"@id":"way/1339765260","name":"George Washington Bridge Upper Level","ref":"I 95;US 1;US 9","route0_ref":"US 9","route0_status":"signed","route0_role":"mainline","route0_tensDigit":0,"route0_onesDigit":"odd","route0_tier":"primary","route1_ref":"US 1","route1_status":"signed","route1_role":"mainline","route1_tensDigit":0,"route1_onesDigit":"odd","route1_tier":"major"},"geometry":{"type":"LineString","coordinates":[[-73.9446443,40.8500274],[-73.9444176,40.849983]]},"id":"way/1339765260"},{"type":"Feature","properties":{"@id":"way/1341660379","name":"George Washington Bridge Lower Level","ref":"I 95;US 1;US 9","unsigned_ref":"US 46","route0_ref":"US 9","route0_status":"signed","route0_role":"mainline","route0_tensDigit":0,"route0_onesDigit":"odd","route0_tier":"primary","route1_ref":"US 1","route1_status":"signed","route1_role":"mainline","route1_tensDigit":0,"route1_onesDigit":"odd","route1_tier":"major"},"geometry":{"type":"LineString","coordinates":[[-73.9683667,40.8541864],[-73.967963,40.8540965],[-73.9678185,40.8540683]]},"id":"way/1341660379"},{"type":"Feature","properties":{"@id":"way/1365884773","ref":"US 1;US 9","route0_ref":"US 9","route0_status":"signed","route0_role":"mainline","route0_tensDigit":0,"route0_onesDigit":"odd","route0_tier":"primary","route1_ref":"US 1","route1_status":"signed","route1_role":"mainline","route1_tensDigit":0,"route1_onesDigit":"odd","route1_tier":"major"},"geometry":{"type":"LineString","coordinates":[[-74.2155172,40.6523688],[-74.215952,40.6522465]]},"id":"way/1365884773"},{"type":"Feature","properties":{"@id":"way/1365893192","ref":"US 1;US 9","route0_ref":"US 9","route0_status":"signed","route0_role":"mainline","route0_tensDigit":0,"route0_onesDigit":"odd","route0_tier":"primary","route1_ref":"US 1","route1_status":"signed","route1_role":"mainline","route1_tensDigit":0,"route1_onesDigit":"odd","route1_tier":"major"},"geometry":{"type":"LineString","coordinates":[[-74.2182334,40.6516466],[-74.2196258,40.6512764]]},"id":"way/1365893192"},{"type":"Feature","properties":{"@id":"way/1368513755","name":"East Edgar Road","ref":"US 1;US 9","route0_ref":"US 9","route0_status":"signed","route0_role":"mainline","route0_tensDigit":0,"route0_onesDigit":"odd","route0_tier":"primary","route1_ref":"US 1","route1_status":"signed","route1_role":"mainline","route1_tensDigit":0,"route1_onesDigit":"odd","route1_tier":"major"},"geometry":{"type":"LineString","coordinates":[[-74.2515886,40.6175223],[-74.2514043,40.6177194]]},"id":"way/1368513755"},{"type":"Feature","properties":{"@id":"way/1368613868","ref":"US 1;US 9","route0_ref":"US 9","route0_status":"signed","route0_role":"mainline","route0_tensDigit":0,"route0_onesDigit":"odd","route0_tier":"primary","route1_ref":"US 1","route1_status":"signed","route1_role":"mainline","route1_tensDigit":0,"route1_onesDigit":"odd","route1_tier":"major"},"geometry":{"type":"LineString","coordinates":[[-74.2620589,40.6063708],[-74.2628286,40.6055355],[-74.2630284,40.6053198]]},"id":"way/1368613868"},{"type":"Feature","properties":{"@id":"way/1368613875","ref":"US 1;US 9","route0_ref":"US 9","route0_status":"signed","route0_role":"mainline","route0_tensDigit":0,"route0_onesDigit":"odd","route0_tier":"primary","route1_ref":"US 1","route1_status":"signed","route1_role":"mainline","route1_tensDigit":0,"route1_onesDigit":"odd","route1_tier":"major"},"geometry":{"type":"LineString","coordinates":[[-74.2606741,40.6078473],[-74.2610168,40.6075019],[-74.261152,40.607356]]},"id":"way/1368613875"},{"type":"Feature","properties":{"@id":"way/1369337821","ref":"US 1;US 9","route0_ref":"US 9","route0_status":"signed","route0_role":"mainline","route0_tensDigit":0,"route0_onesDigit":"odd","route0_tier":"primary","route1_ref":"US 1","route1_status":"signed","route1_role":"mainline","route1_tensDigit":0,"route1_onesDigit":"odd","route1_tier":"major"},"geometry":{"type":"LineString","coordinates":[[-74.2707167,40.598878],[-74.2710154,40.598508],[-74.2711613,40.5983152],[-74.2713032,40.5981256],[-74.271442,40.5979327],[-74.2715784,40.5977369],[-74.2716922,40.5975741]]},"id":"way/1369337821"},{"type":"Feature","properties":{"@id":"way/1369357112","ref":"US 1;US 9","route0_ref":"US 9","route0_status":"signed","route0_role":"mainline","route0_tensDigit":0,"route0_onesDigit":"odd","route0_tier":"primary","route1_ref":"US 1","route1_status":"signed","route1_role":"mainline","route1_tensDigit":0,"route1_onesDigit":"odd","route1_tier":"major"},"geometry":{"type":"LineString","coordinates":[[-74.2784197,40.5877868],[-74.278808,40.587334]]},"id":"way/1369357112"},{"type":"Feature","properties":{"@id":"way/1369357113","ref":"US 1;US 9","route0_ref":"US 9","route0_status":"signed","route0_role":"mainline","route0_tensDigit":0,"route0_onesDigit":"odd","route0_tier":"primary","route1_ref":"US 1","route1_status":"signed","route1_role":"mainline","route1_tensDigit":0,"route1_onesDigit":"odd","route1_tier":"major"},"geometry":{"type":"LineString","coordinates":[[-74.2716922,40.5975741],[-74.2720445,40.5970128]]},"id":"way/1369357113"},{"type":"Feature","properties":{"@id":"way/1369397973","ref":"US 1;US 9","route0_ref":"US 9","route0_status":"signed","route0_role":"mainline","route0_tensDigit":0,"route0_onesDigit":"odd","route0_tier":"primary","route1_ref":"US 1","route1_status":"signed","route1_role":"mainline","route1_tensDigit":0,"route1_onesDigit":"odd","route1_tier":"major"},"geometry":{"type":"LineString","coordinates":[[-74.2930575,40.5712658],[-74.2926885,40.5716778]]},"id":"way/1369397973"},{"type":"Feature","properties":{"@id":"way/1369397978","ref":"US 1;US 9","route0_ref":"US 9","route0_status":"signed","route0_role":"mainline","route0_tensDigit":0,"route0_onesDigit":"odd","route0_tier":"primary","route1_ref":"US 1","route1_status":"signed","route1_role":"mainline","route1_tensDigit":0,"route1_onesDigit":"odd","route1_tier":"major"},"geometry":{"type":"LineString","coordinates":[[-74.294272,40.5701166],[-74.2943508,40.570025]]},"id":"way/1369397978"},{"type":"Feature","properties":{"@id":"way/1369397980","ref":"US 1;US 9","route0_ref":"US 9","route0_status":"signed","route0_role":"mainline","route0_tensDigit":0,"route0_onesDigit":"odd","route0_tier":"primary","route1_ref":"US 1","route1_status":"signed","route1_role":"mainline","route1_tensDigit":0,"route1_onesDigit":"odd","route1_tier":"major"},"geometry":{"type":"LineString","coordinates":[[-74.2906513,40.5737646],[-74.290443,40.5739662],[-74.2900932,40.5743137]]},"id":"way/1369397980"},{"type":"Feature","properties":{"@id":"way/1369397981","ref":"US 1;US 9","route0_ref":"US 9","route0_status":"signed","route0_role":"mainline","route0_tensDigit":0,"route0_onesDigit":"odd","route0_tier":"primary","route1_ref":"US 1","route1_status":"signed","route1_role":"mainline","route1_tensDigit":0,"route1_onesDigit":"odd","route1_tier":"major"},"geometry":{"type":"LineString","coordinates":[[-74.2924987,40.5718779],[-74.2923624,40.5720269],[-74.2921909,40.5722069],[-74.2920239,40.5723847],[-74.291508,40.5729168],[-74.2913347,40.5730921],[-74.2911598,40.5732654],[-74.2909834,40.5734421],[-74.2906513,40.5737646]]},"id":"way/1369397981"},{"type":"Feature","properties":{"@id":"way/1370456864","ref":"US 1;US 9","route0_ref":"US 9","route0_status":"signed","route0_role":"mainline","route0_tensDigit":0,"route0_onesDigit":"odd","route0_tier":"primary","route1_ref":"US 1","route1_status":"signed","route1_role":"mainline","route1_tensDigit":0,"route1_onesDigit":"odd","route1_tier":"major"},"geometry":{"type":"LineString","coordinates":[[-73.996872,40.8415959],[-73.9973416,40.8416021]]},"id":"way/1370456864"},{"type":"Feature","properties":{"@id":"way/1419299123","name":"Tonnelle Avenue","ref":"US 1;US 9","route0_ref":"US 9","route0_status":"signed","route0_role":"mainline","route0_tensDigit":0,"route0_onesDigit":"odd","route0_tier":"primary","route1_ref":"US 1","route1_status":"signed","route1_role":"mainline","route1_tensDigit":0,"route1_onesDigit":"odd","route1_tier":"major"},"geometry":{"type":"LineString","coordinates":[[-74.0422028,40.7730205],[-74.0422056,40.7729923],[-74.0422322,40.7728222],[-74.0422626,40.7726987],[-74.0422942,40.7725841],[-74.0423259,40.7724891],[-74.0423654,40.772386],[-74.042414,40.7722836],[-74.0424625,40.7721929],[-74.0425331,40.7720832],[-74.042626,40.7719401]]},"id":"way/1419299123"},{"type":"Feature","properties":{"@id":"way/1424972833","name":"Tonnelle Avenue","ref":"US 1;US 9","route0_ref":"US 9","route0_status":"signed","route0_role":"mainline","route0_tensDigit":0,"route0_onesDigit":"odd","route0_tier":"primary","route1_ref":"US 1","route1_status":"signed","route1_role":"mainline","route1_tensDigit":0,"route1_onesDigit":"odd","route1_tier":"major"},"geometry":{"type":"LineString","coordinates":[[-74.045633,40.7677121],[-74.045547,40.7678191]]},"id":"way/1424972833"},{"type":"Feature","properties":{"@id":"way/1424972834","name":"Tonnelle Avenue","ref":"US 1;US 9","route0_ref":"US 9","route0_status":"signed","route0_role":"mainline","route0_tensDigit":0,"route0_onesDigit":"odd","route0_tier":"primary","route1_ref":"US 1","route1_status":"signed","route1_role":"mainline","route1_tensDigit":0,"route1_onesDigit":"odd","route1_tier":"major"},"geometry":{"type":"LineString","coordinates":[[-74.0454311,40.7679664],[-74.0452954,40.7681389],[-74.0452011,40.768263],[-74.0444518,40.7692495],[-74.0442603,40.7695033],[-74.0442351,40.7695363],[-74.0440605,40.7697696],[-74.0434847,40.7705048],[-74.0432949,40.7707468]]},"id":"way/1424972834"},{"type":"Feature","properties":{"@id":"way/1424972836","name":"Tonnelle Avenue","ref":"US 1;US 9","route0_ref":"US 9","route0_status":"signed","route0_role":"mainline","route0_tensDigit":0,"route0_onesDigit":"odd","route0_tier":"primary","route1_ref":"US 1","route1_status":"signed","route1_role":"mainline","route1_tensDigit":0,"route1_onesDigit":"odd","route1_tier":"major"},"geometry":{"type":"LineString","coordinates":[[-74.0457179,40.7677502],[-74.0465197,40.7666941]]},"id":"way/1424972836"},{"type":"Feature","properties":{"@id":"way/1424972837","name":"Tonnelle Avenue","ref":"US 1;US 9","route0_ref":"US 9","route0_status":"signed","route0_role":"mainline","route0_tensDigit":0,"route0_onesDigit":"odd","route0_tier":"primary","route1_ref":"US 1","route1_status":"signed","route1_role":"mainline","route1_tensDigit":0,"route1_onesDigit":"odd","route1_tier":"major"},"geometry":{"type":"LineString","coordinates":[[-74.0455703,40.7679378],[-74.0457179,40.7677502]]},"id":"way/1424972837"},{"type":"Feature","properties":{"@id":"way/1435219576","ref":"US 1;US 9","route0_ref":"US 9","route0_status":"signed","route0_role":"mainline","route0_tensDigit":0,"route0_onesDigit":"odd","route0_tier":"primary","route1_ref":"US 1","route1_status":"signed","route1_role":"mainline","route1_tensDigit":0,"route1_onesDigit":"odd","route1_tier":"major"},"geometry":{"type":"LineString","coordinates":[[-74.2720324,40.5967247],[-74.2719159,40.5969241],[-74.2717975,40.5971199],[-74.2717267,40.5972316]]},"id":"way/1435219576"},{"type":"Feature","properties":{"@id":"way/1435219577","name":"East Edgar Road","ref":"US 1;US 9","route0_ref":"US 9","route0_status":"signed","route0_role":"mainline","route0_tensDigit":0,"route0_onesDigit":"odd","route0_tier":"primary","route1_ref":"US 1","route1_status":"signed","route1_role":"mainline","route1_tensDigit":0,"route1_onesDigit":"odd","route1_tier":"major"},"geometry":{"type":"LineString","coordinates":[[-74.2529531,40.6160421],[-74.2528252,40.6161783]]},"id":"way/1435219577"},{"type":"Feature","properties":{"@id":"way/1436298826","ref":"US 1;US 9","route0_ref":"US 9","route0_status":"signed","route0_role":"mainline","route0_tensDigit":0,"route0_onesDigit":"odd","route0_tier":"primary","route1_ref":"US 1","route1_status":"signed","route1_role":"mainline","route1_tensDigit":0,"route1_onesDigit":"odd","route1_tier":"major"},"geometry":{"type":"LineString","coordinates":[[-74.1292358,40.7323274],[-74.1282211,40.7329588]]},"id":"way/1436298826"},{"type":"Feature","properties":{"@id":"way/1476835114","name":"Tonnelle Avenue","ref":"US 1;US 9","route0_ref":"US 9","route0_status":"signed","route0_role":"mainline","route0_tensDigit":0,"route0_onesDigit":"odd","route0_tier":"primary","route1_ref":"US 1","route1_status":"signed","route1_role":"mainline","route1_tensDigit":0,"route1_onesDigit":"odd","route1_tier":"major"},"geometry":{"type":"LineString","coordinates":[[-74.0199346,40.8030978],[-74.0200507,40.8029642]]},"id":"way/1476835114"},{"type":"Feature","properties":{"@id":"way/1479351655","name":"Broad Avenue","ref":"US 1;US 9","route0_ref":"US 9","route0_status":"signed","route0_role":"mainline","route0_tensDigit":0,"route0_onesDigit":"odd","route0_tier":"primary","route1_ref":"US 1","route1_status":"signed","route1_role":"mainline","route1_tensDigit":0,"route1_onesDigit":"odd","route1_tier":"major"},"geometry":{"type":"LineString","coordinates":[[-74.006464,40.8371183],[-74.0072172,40.8363707],[-74.0084119,40.8351753]]},"id":"way/1479351655"},{"type":"Feature","properties":{"@id":"way/1503033381","name":"George Washington Bridge Upper Level","ref":"I 95;US 1;US 9","route0_ref":"US 9","route0_status":"signed","route0_role":"mainline","route0_tensDigit":0,"route0_onesDigit":"odd","route0_tier":"primary","route1_ref":"US 1","route1_status":"signed","route1_role":"mainline","route1_tensDigit":0,"route1_onesDigit":"odd","route1_tier":"major"},"geometry":{"type":"LineString","coordinates":[[-73.9639687,40.8538268],[-73.9635825,40.8537513],[-73.9633802,40.8537116]]},"id":"way/1503033381"},{"type":"Feature","properties":{"@id":"way/1503033382","ref":"I 95;US 1;US 9","route0_ref":"US 9","route0_status":"signed","route0_role":"mainline","route0_tensDigit":0,"route0_onesDigit":"odd","route0_tier":"primary","route1_ref":"US 1","route1_status":"signed","route1_role":"mainline","route1_tensDigit":0,"route1_onesDigit":"odd","route1_tier":"major"},"geometry":{"type":"LineString","coordinates":[[-73.9633802,40.8537116],[-73.9630661,40.8536504],[-73.9624919,40.8535384]]},"id":"way/1503033382"},{"type":"Feature","properties":{"@id":"way/1507095861","name":"George Washington Bridge Upper Level","ref":"I 95;US 1;US 9","route0_ref":"US 9","route0_status":"signed","route0_role":"mainline","route0_tensDigit":0,"route0_onesDigit":"odd","route0_tier":"primary","route1_ref":"US 1","route1_status":"signed","route1_role":"mainline","route1_tensDigit":0,"route1_onesDigit":"odd","route1_tier":"major"},"geometry":{"type":"LineString","coordinates":[[-73.964284,40.8538852],[-73.9639687,40.8538268]]},"id":"way/1507095861"},{"type":"Feature","properties":{"@id":"way/1510696312","name":"Tonnelle Avenue","ref":"US 1;US 9","route0_ref":"US 9","route0_status":"signed","route0_role":"mainline","route0_tensDigit":0,"route0_onesDigit":"odd","route0_tier":"primary","route1_ref":"US 1","route1_status":"signed","route1_role":"mainline","route1_tensDigit":0,"route1_onesDigit":"odd","route1_tier":"major"},"geometry":{"type":"LineString","coordinates":[[-74.043043,40.7710914],[-74.0429758,40.7711838],[-74.0427252,40.7715495]]},"id":"way/1510696312"},{"type":"Feature","properties":{"@id":"way/1510696313","name":"Tonnelle Avenue","ref":"US 1;US 9","route0_ref":"US 9","route0_status":"signed","route0_role":"mainline","route0_tensDigit":0,"route0_onesDigit":"odd","route0_tier":"primary","route1_ref":"US 1","route1_status":"signed","route1_role":"mainline","route1_tensDigit":0,"route1_onesDigit":"odd","route1_tier":"major"},"geometry":{"type":"LineString","coordinates":[[-74.0428482,40.7715958],[-74.0429442,40.7714531],[-74.0431542,40.7711382]]},"id":"way/1510696313"},{"type":"Feature","properties":{"@id":"way/1510696314","name":"Tonnelle Avenue","ref":"US 1;US 9","route0_ref":"US 9","route0_status":"signed","route0_role":"mainline","route0_tensDigit":0,"route0_onesDigit":"odd","route0_tier":"primary","route1_ref":"US 1","route1_status":"signed","route1_role":"mainline","route1_tensDigit":0,"route1_onesDigit":"odd","route1_tier":"major"},"geometry":{"type":"LineString","coordinates":[[-74.0431542,40.7711382],[-74.0434021,40.7707919]]},"id":"way/1510696314"},{"type":"Feature","properties":{"@id":"way/1510696315","name":"Tonnelle Avenue","ref":"US 1;US 9","route0_ref":"US 9","route0_status":"signed","route0_role":"mainline","route0_tensDigit":0,"route0_onesDigit":"odd","route0_tier":"primary","route1_ref":"US 1","route1_status":"signed","route1_role":"mainline","route1_tensDigit":0,"route1_onesDigit":"odd","route1_tier":"major"},"geometry":{"type":"LineString","coordinates":[[-74.0432949,40.7707468],[-74.043043,40.7710914]]},"id":"way/1510696315"},{"type":"Feature","properties":{"@id":"way/1510696318","name":"Tonnelle Avenue","ref":"US 1;US 9","route0_ref":"US 9","route0_status":"signed","route0_role":"mainline","route0_tensDigit":0,"route0_onesDigit":"odd","route0_tier":"primary","route1_ref":"US 1","route1_status":"signed","route1_role":"mainline","route1_tensDigit":0,"route1_onesDigit":"odd","route1_tier":"major"},"geometry":{"type":"LineString","coordinates":[[-74.045547,40.7678191],[-74.0454311,40.7679664]]},"id":"way/1510696318"},{"type":"Feature","properties":{"@id":"way/1510696320","name":"Tonnelle Avenue","ref":"US 1;US 9","route0_ref":"US 9","route0_status":"signed","route0_role":"mainline","route0_tensDigit":0,"route0_onesDigit":"odd","route0_tier":"primary","route1_ref":"US 1","route1_status":"signed","route1_role":"mainline","route1_tensDigit":0,"route1_onesDigit":"odd","route1_tier":"major"},"geometry":{"type":"LineString","coordinates":[[-74.0456697,40.7676631],[-74.045633,40.7677121]]},"id":"way/1510696320"},{"type":"Feature","properties":{"@id":"way/1533388106","name":"Tonnelle Avenue","ref":"US 1;US 9","route0_ref":"US 9","route0_status":"signed","route0_role":"mainline","route0_tensDigit":0,"route0_onesDigit":"odd","route0_tier":"primary","route1_ref":"US 1","route1_status":"signed","route1_role":"mainline","route1_tensDigit":0,"route1_onesDigit":"odd","route1_tier":"major"},"geometry":{"type":"LineString","coordinates":[[-74.0421014,40.7734111],[-74.0421465,40.7732596],[-74.0422028,40.7730205]]},"id":"way/1533388106"},{"type":"Feature","properties":{"@id":"way/1560547580","name":"Broad Avenue","ref":"US 1;US 9","route0_ref":"US 9","route0_status":"signed","route0_role":"mainline","route0_tensDigit":0,"route0_onesDigit":"odd","route0_tier":"primary","route1_ref":"US 1","route1_status":"signed","route1_role":"mainline","route1_tensDigit":0,"route1_onesDigit":"odd","route1_tier":"major"},"geometry":{"type":"LineString","coordinates":[[-74.0096135,40.8146082],[-74.0092133,40.8150703],[-74.0087788,40.8156098]]},"id":"way/1560547580"},{"type":"Feature","properties":{"@id":"way/1560547581","name":"Broad Avenue","ref":"US 1;US 9","route0_ref":"US 9","route0_status":"signed","route0_role":"mainline","route0_tensDigit":0,"route0_onesDigit":"odd","route0_tier":"primary","route1_ref":"US 1","route1_status":"signed","route1_role":"mainline","route1_tensDigit":0,"route1_onesDigit":"odd","route1_tier":"major"},"geometry":{"type":"LineString","coordinates":[[-74.0087788,40.8156098],[-74.0086022,40.8158399]]},"id":"way/1560547581"},{"type":"Feature","properties":{"@id":"way/16463486","name":"Sanford Road","ref":"US 15;US 501;NC 87","route0_ref":"US 501","route0_status":"signed","route0_role":"mainline","route0_tensDigit":0,"route0_onesDigit":"odd","route0_tier":"auxiliary","route1_ref":"US 15","route1_status":"signed","route1_role":"mainline","route1_tensDigit":1,"route1_onesDigit":"odd","route1_tier":"primary"},"geometry":{"type":"LineString","coordinates":[[-79.179979,35.699571],[-79.180003,35.699813],[-79.180011,35.699934],[-79.180016,35.700059],[-79.180019,35.70018],[-79.180019,35.700304],[-79.180017,35.700426],[-79.180015,35.700469],[-79.180008,35.700599],[-79.179993,35.700799],[-79.179987,35.7008538],[-79.17998,35.700917],[-79.179964,35.701038],[-79.179879,35.701654],[-79.179842,35.701924],[-79.179754,35.7025559],[-79.1796379,35.7033872],[-79.1796005,35.7036551],[-79.1795832,35.7037867],[-79.1795771,35.7038329],[-79.179516,35.704297],[-79.179505,35.704373],[-79.179491,35.704481],[-79.179452,35.704701],[-79.179387,35.705075],[-79.1793256,35.7052838],[-79.179256,35.7054747],[-79.179176,35.705655]]},"id":"way/16463486"},{"type":"Feature","properties":{"@id":"way/16467659","name":"NC 902","ref":"US 15;US 501;NC 87;NC 902","route0_ref":"US 501","route0_status":"signed","route0_role":"mainline","route0_tensDigit":0,"route0_onesDigit":"odd","route0_tier":"auxiliary","route1_ref":"US 15","route1_status":"signed","route1_role":"mainline","route1_tensDigit":1,"route1_onesDigit":"odd","route1_tier":"primary"},"geometry":{"type":"LineString","coordinates":[[-79.1882495,35.708624],[-79.1884085,35.7088507],[-79.1885266,35.7090472],[-79.1886533,35.7092859],[-79.1887025,35.7093977],[-79.1887974,35.7096736],[-79.1888295,35.7098072],[-79.1888689,35.7101045],[-79.1888871,35.7102587],[-79.1888857,35.7103469],[-79.1888843,35.7104815],[-79.1888353,35.7108277],[-79.188707,35.7113194]]},"id":"way/16467659"},{"type":"Feature","properties":{"@id":"way/16468788","name":"Chapel Hill Road","ref":"US 15;US 501","route0_ref":"US 501","route0_status":"signed","route0_role":"mainline","route0_tensDigit":0,"route0_onesDigit":"odd","route0_tier":"auxiliary","route1_ref":"US 15","route1_status":"signed","route1_role":"mainline","route1_tensDigit":1,"route1_onesDigit":"odd","route1_tier":"primary"},"geometry":{"type":"LineString","coordinates":[[-79.1491864,35.7740689],[-79.1496578,35.7737711],[-79.149886,35.773627],[-79.1502071,35.7733621],[-79.1504224,35.7731845],[-79.150593,35.7730358],[-79.15086,35.772792],[-79.1513665,35.7721747],[-79.151794,35.771587],[-79.1519103,35.7714072]]},"id":"way/16468788"},{"type":"Feature","properties":{"@id":"way/16471803","ref":"US 15;US 501","route0_ref":"US 501","route0_status":"signed","route0_role":"mainline","route0_tensDigit":0,"route0_onesDigit":"odd","route0_tier":"auxiliary","route1_ref":"US 15","route1_status":"signed","route1_role":"mainline","route1_tensDigit":1,"route1_onesDigit":"odd","route1_tier":"primary"},"geometry":{"type":"LineString","coordinates":[[-79.0889549,35.8492082],[-79.089572,35.8487216],[-79.0897879,35.8485193],[-79.0899421,35.8483593],[-79.0901071,35.848147],[-79.0902997,35.8478782],[-79.0904374,35.8476495],[-79.0905626,35.8474179],[-79.0906656,35.8471662],[-79.0907315,35.8469626],[-79.090738,35.8469426],[-79.0908193,35.8466207],[-79.0908505,35.8464165],[-79.0908474,35.8460083],[-79.0908473,35.8459921],[-79.0908211,35.8456575],[-79.090813,35.8455538],[-79.0907787,35.8451989],[-79.0906701,35.8443549],[-79.0906454,35.8441631],[-79.090556,35.843468],[-79.0903485,35.8414413],[-79.0902946,35.8410541],[-79.0901092,35.8397232],[-79.089988,35.8384141]]},"id":"way/16471803"},{"type":"Feature","properties":{"@id":"way/16472395","name":"NC 87 North","ref":"US 15;US 501;NC 87","route0_ref":"US 501","route0_status":"signed","route0_role":"mainline","route0_tensDigit":0,"route0_onesDigit":"odd","route0_tier":"auxiliary","route1_ref":"US 15","route1_status":"signed","route1_role":"mainline","route1_tensDigit":1,"route1_onesDigit":"odd","route1_tier":"primary"},"geometry":{"type":"LineString","coordinates":[[-79.186863,35.720655],[-79.186849,35.721556],[-79.186856,35.722102],[-79.186849,35.722257],[-79.186846,35.72239],[-79.186845,35.722523],[-79.186847,35.722656],[-79.18685,35.722733],[-79.186858,35.722882],[-79.186871,35.723055],[-79.186878,35.723125],[-79.186885,35.723189],[-79.186902,35.7233111],[-79.1869415,35.7235153],[-79.1869661,35.7236238],[-79.1869732,35.7236509]]},"id":"way/16472395"},{"type":"Feature","properties":{"@id":"way/16472637","ref":"US 15;US 501;NC 87","route0_ref":"US 501","route0_status":"signed","route0_role":"mainline","route0_tensDigit":0,"route0_onesDigit":"odd","route0_tier":"auxiliary","route1_ref":"US 15","route1_status":"signed","route1_role":"mainline","route1_tensDigit":1,"route1_onesDigit":"odd","route1_tier":"primary"},"geometry":{"type":"LineString","coordinates":[[-79.1944259,35.5783083],[-79.1945064,35.5786334],[-79.1946271,35.5790871]]},"id":"way/16472637"},{"type":"Feature","properties":{"@id":"way/16476563","name":"NC 87 Bypass","ref":"US 15;US 501;NC 87","route0_ref":"US 501","route0_status":"signed","route0_role":"mainline","route0_tensDigit":0,"route0_onesDigit":"odd","route0_tier":"auxiliary","route1_ref":"US 15","route1_status":"signed","route1_role":"mainline","route1_tensDigit":1,"route1_onesDigit":"odd","route1_tier":"primary"},"geometry":{"type":"LineString","coordinates":[[-79.1882495,35.708624],[-79.1879313,35.7082864],[-79.1877634,35.7081335],[-79.1874983,35.7079301],[-79.1872624,35.7077818],[-79.1870215,35.7076499],[-79.1868327,35.7075666],[-79.1865516,35.7074487],[-79.1862519,35.7073521],[-79.186033,35.7072946],[-79.1854689,35.7071841],[-79.1851581,35.7071236],[-79.1818547,35.706477],[-79.1809446,35.7063024],[-79.180391,35.7062144],[-79.1801678,35.7061876],[-79.179798,35.7061456]]},"id":"way/16476563"},{"type":"Feature","properties":{"@id":"way/16476716","name":"Chapel Hill Road","ref":"US 15;US 501","route0_ref":"US 501","route0_status":"signed","route0_role":"mainline","route0_tensDigit":0,"route0_onesDigit":"odd","route0_tier":"auxiliary","route1_ref":"US 15","route1_status":"signed","route1_role":"mainline","route1_tensDigit":1,"route1_onesDigit":"odd","route1_tier":"primary"},"geometry":{"type":"LineString","coordinates":[[-79.0938386,35.8065045],[-79.0939288,35.8061416],[-79.0940059,35.8057864],[-79.0940625,35.8053833],[-79.094082,35.8051987],[-79.0940942,35.8050142],[-79.0941148,35.8045097],[-79.0941346,35.8033319],[-79.0941432,35.8029003],[-79.0941596,35.8023086],[-79.094176,35.801716],[-79.0941937,35.8012029],[-79.0942235,35.8003402]]},"id":"way/16476716"},{"type":"Feature","properties":{"@id":"way/16522126","ref":"US 15;US 501","route0_ref":"US 501","route0_status":"signed","route0_role":"mainline","route0_tensDigit":0,"route0_onesDigit":"odd","route0_tier":"auxiliary","route1_ref":"US 15","route1_status":"signed","route1_role":"mainline","route1_tensDigit":1,"route1_onesDigit":"odd","route1_tier":"primary"},"geometry":{"type":"LineString","coordinates":[[-78.9612537,35.9724046],[-78.9614808,35.9719178],[-78.9616004,35.9716801]]},"id":"way/16522126"},{"type":"Feature","properties":{"@id":"way/16524310","ref":"US 15;US 501","route0_ref":"US 501","route0_status":"signed","route0_role":"mainline","route0_tensDigit":0,"route0_onesDigit":"odd","route0_tier":"auxiliary","route1_ref":"US 15","route1_status":"signed","route1_role":"mainline","route1_tensDigit":1,"route1_onesDigit":"odd","route1_tier":"primary"},"geometry":{"type":"LineString","coordinates":[[-78.9620655,35.9707772],[-78.9624409,35.9701007],[-78.9625691,35.9698944],[-78.9626972,35.9697139],[-78.9628346,35.9695232],[-78.9629966,35.969335],[-78.963258,35.969049],[-78.963592,35.968739],[-78.96391,35.968478],[-78.964271,35.968214],[-78.9647943,35.9678935]]},"id":"way/16524310"},{"type":"Feature","properties":{"@id":"way/16531935","ref":"US 15;US 501","route0_ref":"US 501","route0_status":"signed","route0_role":"mainline","route0_tensDigit":0,"route0_onesDigit":"odd","route0_tier":"auxiliary","route1_ref":"US 15","route1_status":"signed","route1_role":"mainline","route1_tensDigit":1,"route1_onesDigit":"odd","route1_tier":"primary"},"geometry":{"type":"LineString","coordinates":[[-78.9432075,36.0260705],[-78.9436099,36.0259387],[-78.9440562,36.0258081],[-78.9444977,36.0256724],[-78.9452259,36.0255076],[-78.945734,36.0253739],[-78.9459783,36.0253058],[-78.9461985,36.0252402],[-78.9463994,36.0251713],[-78.9466261,36.0250836],[-78.946791,36.025013],[-78.9469683,36.0249258]]},"id":"way/16531935"},{"type":"Feature","properties":{"@id":"way/16531978","ref":"US 15;US 501","route0_ref":"US 501","route0_status":"signed","route0_role":"mainline","route0_tensDigit":0,"route0_onesDigit":"odd","route0_tier":"auxiliary","route1_ref":"US 15","route1_status":"signed","route1_role":"mainline","route1_tensDigit":1,"route1_onesDigit":"odd","route1_tier":"primary"},"geometry":{"type":"LineString","coordinates":[[-78.9681364,35.9655621],[-78.9676532,35.9656037],[-78.9671971,35.9656385],[-78.9666004,35.9656895],[-78.9663241,35.9657207],[-78.966053,35.9657641],[-78.9658749,35.9658034],[-78.96568,35.9658493],[-78.9655264,35.9658887],[-78.9652025,35.9659904],[-78.964922,35.9660969],[-78.9646558,35.9662135],[-78.9643967,35.9663475],[-78.9642016,35.9664601],[-78.9639036,35.9666546],[-78.963651,35.9668504],[-78.9633943,35.9670806],[-78.9631083,35.9673923],[-78.9629393,35.9676062],[-78.9628172,35.9677757],[-78.9627099,35.9679463]]},"id":"way/16531978"},{"type":"Feature","properties":{"@id":"way/16533990","ref":"US 15;US 501","route0_ref":"US 501","route0_status":"signed","route0_role":"mainline","route0_tensDigit":0,"route0_onesDigit":"odd","route0_tier":"auxiliary","route1_ref":"US 15","route1_status":"signed","route1_role":"mainline","route1_tensDigit":1,"route1_onesDigit":"odd","route1_tier":"primary"},"geometry":{"type":"LineString","coordinates":[[-78.9573461,36.0067354],[-78.9574534,36.0064165],[-78.9576083,36.0059602],[-78.9577184,36.0056235],[-78.9578245,36.005311],[-78.9579349,36.0049685],[-78.9580187,36.0046854],[-78.9581011,36.0043806],[-78.9581515,36.0041501],[-78.9582118,36.0038609],[-78.9582476,36.0036501],[-78.9582804,36.0034349],[-78.9583151,36.0031416],[-78.9583343,36.0029167],[-78.9583446,36.002726],[-78.9583509,36.0024479],[-78.9583482,36.0017919],[-78.9583424,36.001381]]},"id":"way/16533990"},{"type":"Feature","properties":{"@id":"way/16616070","ref":"US 15;US 501","route0_ref":"US 501","route0_status":"signed","route0_role":"mainline","route0_tensDigit":0,"route0_onesDigit":"odd","route0_tier":"auxiliary","route1_ref":"US 15","route1_status":"signed","route1_role":"mainline","route1_tensDigit":1,"route1_onesDigit":"odd","route1_tier":"primary"},"geometry":{"type":"LineString","coordinates":[[-79.4424223,35.0234351],[-79.4395757,35.0279198],[-79.43897,35.028948],[-79.438801,35.029265],[-79.438645,35.02959],[-79.438355,35.030237],[-79.438219,35.030564],[-79.438201,35.030612],[-79.438096,35.030896],[-79.437872,35.031563],[-79.437775,35.031907],[-79.437692,35.032233],[-79.437613,35.032573],[-79.437545,35.032917],[-79.437376,35.033862],[-79.437178,35.034969],[-79.436877,35.036685],[-79.43684,35.03694],[-79.43676,35.03737],[-79.436704,35.037712],[-79.436311,35.039914],[-79.43624,35.040308],[-79.436098,35.041168],[-79.436015,35.04167],[-79.43599,35.041812],[-79.435713,35.043389],[-79.435658,35.043734],[-79.4356111,35.0440004],[-79.435358,35.045437],[-79.435237,35.046102],[-79.435171,35.046462],[-79.434874,35.048186]]},"id":"way/16616070"},{"type":"Feature","properties":{"@id":"way/16639466","ref":"US 15;US 501","route0_ref":"US 501","route0_status":"signed","route0_role":"mainline","route0_tensDigit":0,"route0_onesDigit":"odd","route0_tier":"auxiliary","route1_ref":"US 15","route1_status":"signed","route1_role":"mainline","route1_tensDigit":1,"route1_onesDigit":"odd","route1_tier":"primary"},"geometry":{"type":"LineString","coordinates":[[-79.23372,35.403037],[-79.2329067,35.4033511],[-79.2319613,35.4037163],[-79.2316308,35.4038376],[-79.2314234,35.4038421]]},"id":"way/16639466"},{"type":"Feature","properties":{"@id":"way/16639638","ref":"US 15;US 501;NC 87","route0_ref":"US 501","route0_status":"signed","route0_role":"mainline","route0_tensDigit":0,"route0_onesDigit":"odd","route0_tier":"auxiliary","route1_ref":"US 15","route1_status":"signed","route1_role":"mainline","route1_tensDigit":1,"route1_onesDigit":"odd","route1_tier":"primary"},"geometry":{"type":"LineString","coordinates":[[-79.1846115,35.5228137],[-79.1846265,35.5224032],[-79.1846486,35.5221408],[-79.184673,35.521951],[-79.1847016,35.5217058],[-79.1847531,35.5213961],[-79.1848095,35.5211071],[-79.184972,35.520273]]},"id":"way/16639638"},{"type":"Feature","properties":{"@id":"way/16639741","ref":"US 15;US 501;NC 87","route0_ref":"US 501","route0_status":"signed","route0_role":"mainline","route0_tensDigit":0,"route0_onesDigit":"odd","route0_tier":"auxiliary","route1_ref":"US 15","route1_status":"signed","route1_role":"mainline","route1_tensDigit":1,"route1_onesDigit":"odd","route1_tier":"primary"},"geometry":{"type":"LineString","coordinates":[[-79.1836558,35.5236175],[-79.183563,35.5237234],[-79.183489,35.523884],[-79.1834249,35.5239936],[-79.1833498,35.524087],[-79.183272,35.5241486],[-79.183175,35.524203],[-79.1830802,35.5242359],[-79.1829877,35.5242476],[-79.1828772,35.5242448],[-79.1827892,35.5242282],[-79.1826953,35.5241949],[-79.1826068,35.5241387],[-79.1825426,35.5240854],[-79.1824888,35.524023],[-79.1824448,35.5239479],[-79.1824096,35.5238659],[-79.1823775,35.5237349],[-79.1823643,35.5236234],[-79.1823623,35.5234909],[-79.1823761,35.5233572],[-79.1823944,35.5232431],[-79.1824324,35.523116],[-79.1824861,35.5230112],[-79.1825418,35.5229316],[-79.1826202,35.5228599],[-79.1826902,35.5228172],[-79.182787,35.522783],[-79.182828,35.522776],[-79.183008,35.522747],[-79.183222,35.522808],[-79.183405,35.522931],[-79.1836383,35.5231575]]},"id":"way/16639741"},{"type":"Feature","properties":{"@id":"way/16642340","name":"Jefferson Davis Highway","ref":"US 1;US 15;US 501","route0_ref":"US 1","route0_status":"signed","route0_role":"mainline","route0_tensDigit":0,"route0_onesDigit":"odd","route0_tier":"major","route1_ref":"US 501","route1_status":"signed","route1_role":"mainline","route1_tensDigit":0,"route1_onesDigit":"odd","route1_tier":"auxiliary"},"geometry":{"type":"LineString","coordinates":[[-79.2270535,35.4208858],[-79.227176,35.420615],[-79.227479,35.419982],[-79.227882,35.419088],[-79.227969,35.418899],[-79.2281692,35.4184675],[-79.2285502,35.4176466],[-79.2286854,35.4173553],[-79.2289452,35.4167955],[-79.2289814,35.4167075],[-79.229135,35.4163539],[-79.2299167,35.4146031],[-79.2300281,35.4143536],[-79.230111,35.414168],[-79.2306008,35.4131134],[-79.2307636,35.4127735],[-79.231058,35.412126],[-79.2310657,35.4121047],[-79.2311518,35.4118678],[-79.231305,35.411446],[-79.231545,35.410614],[-79.2315543,35.4105664],[-79.2316037,35.4103472],[-79.2316416,35.4101449],[-79.231674,35.4099643],[-79.2317064,35.4097167],[-79.2317465,35.4092854],[-79.231768,35.4089572],[-79.23176,35.408364],[-79.231751,35.407741],[-79.2317279,35.4071704],[-79.2316884,35.4061965]]},"id":"way/16642340"},{"type":"Feature","properties":{"@id":"way/16646088","name":"White Hill Road","ref":"US 15;US 501","route0_ref":"US 501","route0_status":"signed","route0_role":"mainline","route0_tensDigit":0,"route0_onesDigit":"odd","route0_tier":"auxiliary","route1_ref":"US 15","route1_status":"signed","route1_role":"mainline","route1_tensDigit":1,"route1_onesDigit":"odd","route1_tier":"primary"},"geometry":{"type":"LineString","coordinates":[[-79.280382,35.381428],[-79.279418,35.3818369],[-79.2788485,35.3821077],[-79.2787145,35.3821714],[-79.2780044,35.3825718],[-79.277773,35.382709],[-79.2777239,35.3827355],[-79.2771138,35.3830653],[-79.2764746,35.3834109],[-79.2760159,35.3837042],[-79.2758231,35.3838704],[-79.2756679,35.3840041],[-79.2753939,35.384275],[-79.2752546,35.3844085],[-79.2734732,35.3861157],[-79.2729038,35.3866283],[-79.2726191,35.3868507],[-79.2722751,35.3870828],[-79.2719311,35.3872601],[-79.271699,35.3873628],[-79.271452,35.387472],[-79.2710765,35.3876036],[-79.2707861,35.3876817],[-79.2702995,35.387794],[-79.2702902,35.3877962],[-79.268418,35.388235],[-79.2680464,35.3883264],[-79.267507,35.388459],[-79.2663636,35.3887327],[-79.2661707,35.3887789],[-79.2655127,35.3889431],[-79.2647547,35.3891265],[-79.2638772,35.3893352],[-79.2633498,35.3894593],[-79.2631122,35.3895086],[-79.26292,35.3895418],[-79.2627256,35.3895709],[-79.2624648,35.389607],[-79.2617251,35.3897025],[-79.2612641,35.3897579],[-79.259658,35.389957],[-79.257868,35.390191],[-79.25706,35.390283],[-79.2565263,35.3903646],[-79.255112,35.390538],[-79.253568,35.390737],[-79.25187,35.390955],[-79.251651,35.390992],[-79.2512015,35.3910584],[-79.2510746,35.3910803],[-79.2500329,35.3913253],[-79.2497472,35.3913911],[-79.249488,35.391471],[-79.249044,35.39161],[-79.24856,35.391762],[-79.2478644,35.3920541],[-79.2477303,35.3921039],[-79.247215,35.392327],[-79.2465929,35.3926431],[-79.246104,35.392937],[-79.245331,35.3934623],[-79.2451297,35.3936034],[-79.244939,35.3937511],[-79.2446366,35.3939961],[-79.2443794,35.3942113],[-79.2441732,35.394391],[-79.2430463,35.3953038],[-79.2425089,35.395749],[-79.2421116,35.3960813],[-79.2405197,35.3973926],[-79.240099,35.39774]]},"id":"way/16646088"},{"type":"Feature","properties":{"@id":"way/16646886","name":"Hawkins Avenue","ref":"US 15;US 501;NC 87","route0_ref":"US 501","route0_status":"signed","route0_role":"mainline","route0_tensDigit":0,"route0_onesDigit":"odd","route0_tier":"auxiliary","route1_ref":"US 15","route1_status":"signed","route1_role":"mainline","route1_tensDigit":1,"route1_onesDigit":"odd","route1_tier":"primary"},"geometry":{"type":"LineString","coordinates":[[-79.1920294,35.5615379],[-79.192029,35.560496],[-79.192032,35.5604095]]},"id":"way/16646886"},{"type":"Feature","properties":{"@id":"way/16671047","ref":"US 15;US 501;NC 24;NC 27","route0_ref":"US 501","route0_status":"signed","route0_role":"mainline","route0_tensDigit":0,"route0_onesDigit":"odd","route0_tier":"auxiliary","route1_ref":"US 15","route1_status":"signed","route1_role":"mainline","route1_tensDigit":1,"route1_onesDigit":"odd","route1_tier":"primary"},"geometry":{"type":"LineString","coordinates":[[-79.3957129,35.3428861],[-79.3959593,35.342842],[-79.3962568,35.3427345],[-79.3964742,35.3426438]]},"id":"way/16671047"},{"type":"Feature","properties":{"@id":"way/16671054","ref":"US 15;US 501","route0_ref":"US 501","route0_status":"signed","route0_role":"mainline","route0_tensDigit":0,"route0_onesDigit":"odd","route0_tier":"auxiliary","route1_ref":"US 15","route1_status":"signed","route1_role":"mainline","route1_tensDigit":1,"route1_onesDigit":"odd","route1_tier":"primary"},"geometry":{"type":"LineString","coordinates":[[-79.429957,35.072228],[-79.4298717,35.072628],[-79.4293413,35.0751067],[-79.4288289,35.0775655],[-79.4288021,35.0776802],[-79.4287665,35.0779107],[-79.4287089,35.0782344],[-79.4286753,35.0785088],[-79.4286512,35.078669],[-79.428615,35.078973],[-79.4285855,35.0793594],[-79.428497,35.0811395],[-79.4284581,35.0819253],[-79.4284111,35.0828208],[-79.4283937,35.0832411],[-79.4283709,35.0836417],[-79.4283187,35.0844533],[-79.4283119,35.0848434],[-79.428281,35.085447],[-79.4282743,35.0856873],[-79.4282301,35.086641],[-79.4281791,35.0877461],[-79.4281402,35.0884231],[-79.4281134,35.0890706],[-79.42801,35.0910907],[-79.4278603,35.0943069]]},"id":"way/16671054"},{"type":"Feature","properties":{"@id":"way/16679647","name":"South Sandhills Boulevard","ref":"US 1;US 15;US 501;NC 211","route0_ref":"US 1","route0_status":"signed","route0_role":"mainline","route0_tensDigit":0,"route0_onesDigit":"odd","route0_tier":"major","route1_ref":"US 501","route1_status":"signed","route1_role":"mainline","route1_tensDigit":0,"route1_onesDigit":"odd","route1_tier":"auxiliary"},"geometry":{"type":"LineString","coordinates":[[-79.429762,35.1314932],[-79.4294773,35.1320044],[-79.429204,35.1324691],[-79.4288721,35.1330334],[-79.4288553,35.133062],[-79.4287794,35.1331924],[-79.4287769,35.1331966],[-79.4287594,35.1332251],[-79.4287442,35.1332509]]},"id":"way/16679647"},{"type":"Feature","properties":{"@id":"way/16679652","name":"South Sandhills Boulevard","ref":"US 1;US 15;US 501;NC 211","route0_ref":"US 1","route0_status":"signed","route0_role":"mainline","route0_tensDigit":0,"route0_onesDigit":"odd","route0_tier":"major","route1_ref":"US 501","route1_status":"signed","route1_role":"mainline","route1_tensDigit":0,"route1_onesDigit":"odd","route1_tier":"auxiliary"},"geometry":{"type":"LineString","coordinates":[[-79.4307435,35.1297129],[-79.4305694,35.1299836],[-79.4304702,35.130132],[-79.4303644,35.1302904],[-79.4302654,35.1304398],[-79.430254,35.130457],[-79.4300556,35.1308025],[-79.4298949,35.1310999],[-79.4297426,35.1313725],[-79.429762,35.1314932]]},"id":"way/16679652"},{"type":"Feature","properties":{"@id":"way/16703224","name":"Fordham Boulevard","ref":"US 15;US 501","route0_ref":"US 501","route0_status":"signed","route0_role":"mainline","route0_tensDigit":0,"route0_onesDigit":"odd","route0_tier":"auxiliary","route1_ref":"US 15","route1_status":"signed","route1_role":"mainline","route1_tensDigit":1,"route1_onesDigit":"odd","route1_tier":"primary"},"geometry":{"type":"LineString","coordinates":[[-79.0181936,35.9419655],[-79.017765,35.9422172],[-79.0172877,35.9424746],[-79.0168419,35.942707]]},"id":"way/16703224"},{"type":"Feature","properties":{"@id":"way/16703229","name":"Durham-Chapel Hill Boulevard","ref":"US 15;US 501","route0_ref":"US 501","route0_status":"signed","route0_role":"mainline","route0_tensDigit":0,"route0_onesDigit":"odd","route0_tier":"auxiliary","route1_ref":"US 15","route1_status":"signed","route1_role":"mainline","route1_tensDigit":1,"route1_onesDigit":"odd","route1_tier":"primary"},"geometry":{"type":"LineString","coordinates":[[-79.0001656,35.9504309],[-79.0016628,35.9497508],[-79.00258,35.9493279],[-79.0026765,35.9492834]]},"id":"way/16703229"},{"type":"Feature","properties":{"@id":"way/16703346","ref":"US 15;US 501","route0_ref":"US 501","route0_status":"signed","route0_role":"mainline","route0_tensDigit":0,"route0_onesDigit":"odd","route0_tier":"auxiliary","route1_ref":"US 15","route1_status":"signed","route1_role":"mainline","route1_tensDigit":1,"route1_onesDigit":"odd","route1_tier":"primary"},"geometry":{"type":"LineString","coordinates":[[-79.0531763,35.894441],[-79.0539482,35.8943494],[-79.0543092,35.8943242],[-79.0547469,35.8943173],[-79.0552963,35.894352],[-79.0560258,35.8944007],[-79.0564014,35.8944341]]},"id":"way/16703346"},{"type":"Feature","properties":{"@id":"way/16710084","name":"Fordham Boulevard South","ref":"US 15;US 501;NC 54","route0_ref":"US 501","route0_status":"signed","route0_role":"mainline","route0_tensDigit":0,"route0_onesDigit":"odd","route0_tier":"auxiliary","route1_ref":"US 15","route1_status":"signed","route1_role":"mainline","route1_tensDigit":1,"route1_onesDigit":"odd","route1_tier":"primary"},"geometry":{"type":"LineString","coordinates":[[-79.0545907,35.8939809],[-79.0528554,35.8943578]]},"id":"way/16710084"},{"type":"Feature","properties":{"@id":"way/16710091","name":"Fordham Boulevard South","ref":"US 15;US 501;NC 54","route0_ref":"US 501","route0_status":"signed","route0_role":"mainline","route0_tensDigit":0,"route0_onesDigit":"odd","route0_tier":"auxiliary","route1_ref":"US 15","route1_status":"signed","route1_role":"mainline","route1_tensDigit":1,"route1_onesDigit":"odd","route1_tier":"primary"},"geometry":{"type":"LineString","coordinates":[[-79.0272719,35.9087876],[-79.0273804,35.9085181]]},"id":"way/16710091"},{"type":"Feature","properties":{"@id":"way/16711687","name":"North Fordham Boulevard","ref":"US 15;US 501","route0_ref":"US 501","route0_status":"signed","route0_role":"mainline","route0_tensDigit":0,"route0_onesDigit":"odd","route0_tier":"auxiliary","route1_ref":"US 15","route1_status":"signed","route1_role":"mainline","route1_tensDigit":1,"route1_onesDigit":"odd","route1_tier":"primary"},"geometry":{"type":"LineString","coordinates":[[-79.0229722,35.9396021],[-79.0230451,35.9394694],[-79.0230964,35.9393661],[-79.0231437,35.9392471],[-79.0231809,35.9391399],[-79.0232161,35.9390158],[-79.0232419,35.9388993],[-79.0232651,35.9387714],[-79.0233056,35.938445],[-79.0233982,35.9377406]]},"id":"way/16711687"},{"type":"Feature","properties":{"@id":"way/16711690","name":"North Fordham Boulevard","ref":"US 15;US 501","route0_ref":"US 501","route0_status":"signed","route0_role":"mainline","route0_tensDigit":0,"route0_onesDigit":"odd","route0_tier":"auxiliary","route1_ref":"US 15","route1_status":"signed","route1_role":"mainline","route1_tensDigit":1,"route1_onesDigit":"odd","route1_tier":"primary"},"geometry":{"type":"LineString","coordinates":[[-79.027112,35.9087613],[-79.0270008,35.9089985]]},"id":"way/16711690"},{"type":"Feature","properties":{"@id":"way/16764230","ref":"US 15;US 501","route0_ref":"US 501","route0_status":"signed","route0_role":"mainline","route0_tensDigit":0,"route0_onesDigit":"odd","route0_tier":"auxiliary","route1_ref":"US 15","route1_status":"signed","route1_role":"mainline","route1_tensDigit":1,"route1_onesDigit":"odd","route1_tier":"primary"},"geometry":{"type":"LineString","coordinates":[[-79.4609675,34.794305],[-79.460437,34.794728],[-79.460161,34.794926],[-79.459958,34.795057],[-79.459796,34.795156],[-79.459539,34.795292],[-79.459252,34.795419],[-79.458595,34.795667],[-79.458375,34.795762],[-79.458183,34.795826],[-79.4579584,34.7959011],[-79.457875,34.795929]]},"id":"way/16764230"},{"type":"Feature","properties":{"@id":"way/16764359","ref":"US 15;US 501","route0_ref":"US 501","route0_status":"signed","route0_role":"mainline","route0_tensDigit":0,"route0_onesDigit":"odd","route0_tier":"auxiliary","route1_ref":"US 15","route1_status":"signed","route1_role":"mainline","route1_tensDigit":1,"route1_onesDigit":"odd","route1_tier":"primary"},"geometry":{"type":"LineString","coordinates":[[-79.4579698,34.7976273],[-79.458178,34.797508],[-79.45832,34.79742],[-79.458422,34.797334],[-79.458633,34.797113],[-79.459276,34.796208],[-79.459572,34.795908],[-79.460099,34.795359]]},"id":"way/16764359"},{"type":"Feature","properties":{"@id":"way/27512165","ref":"US 15;US 501","route0_ref":"US 501","route0_status":"signed","route0_role":"mainline","route0_tensDigit":0,"route0_onesDigit":"odd","route0_tier":"auxiliary","route1_ref":"US 15","route1_status":"signed","route1_role":"mainline","route1_tensDigit":1,"route1_onesDigit":"odd","route1_tier":"primary"},"geometry":{"type":"LineString","coordinates":[[-78.9583424,36.001381],[-78.9583344,36.0007723],[-78.9583282,36.0003299],[-78.9583114,35.9989148]]},"id":"way/27512165"},{"type":"Feature","properties":{"@id":"way/27679094","name":"Jefferson Davis Highway","ref":"US 1;US 15;US 501","route0_ref":"US 1","route0_status":"signed","route0_role":"mainline","route0_tensDigit":0,"route0_onesDigit":"odd","route0_tier":"major","route1_ref":"US 501","route1_status":"signed","route1_role":"mainline","route1_tensDigit":0,"route1_onesDigit":"odd","route1_tier":"auxiliary"},"geometry":{"type":"LineString","coordinates":[[-79.2143599,35.4509803],[-79.2145167,35.4505985],[-79.2146537,35.4502067],[-79.2147964,35.449731],[-79.2148901,35.4493223],[-79.2149701,35.448898],[-79.2150239,35.4485158],[-79.2150557,35.4481685],[-79.2150691,35.4478908],[-79.2150786,35.4473241],[-79.2150642,35.4467084],[-79.2150407,35.4454573],[-79.21504,35.4449175],[-79.2151078,35.4443163],[-79.2152688,35.4434893]]},"id":"way/27679094"},{"type":"Feature","properties":{"@id":"way/27679100","name":"Jefferson Davis Highway","ref":"US 1;US 15;US 501","route0_ref":"US 1","route0_status":"signed","route0_role":"mainline","route0_tensDigit":0,"route0_onesDigit":"odd","route0_tier":"major","route1_ref":"US 501","route1_status":"signed","route1_role":"mainline","route1_tensDigit":0,"route1_onesDigit":"odd","route1_tier":"auxiliary"},"geometry":{"type":"LineString","coordinates":[[-79.2268112,35.4209303],[-79.2267782,35.4209879],[-79.2265269,35.4214291],[-79.226066,35.422189]]},"id":"way/27679100"},{"type":"Feature","properties":{"@id":"way/27679118","name":"Jefferson Davis Highway","ref":"US 1;US 15;US 501","route0_ref":"US 1","route0_status":"signed","route0_role":"mainline","route0_tensDigit":0,"route0_onesDigit":"odd","route0_tier":"major","route1_ref":"US 501","route1_status":"signed","route1_role":"mainline","route1_tensDigit":0,"route1_onesDigit":"odd","route1_tier":"auxiliary"},"geometry":{"type":"LineString","coordinates":[[-79.226257,35.422256],[-79.2266637,35.4215901],[-79.2269941,35.4209976],[-79.2270535,35.4208858]]},"id":"way/27679118"},{"type":"Feature","properties":{"@id":"way/27679948","name":"Aberdeen Road","ref":"US 15;US 501","route0_ref":"US 501","route0_status":"signed","route0_role":"mainline","route0_tensDigit":0,"route0_onesDigit":"odd","route0_tier":"auxiliary","route1_ref":"US 15","route1_status":"signed","route1_role":"mainline","route1_tensDigit":1,"route1_onesDigit":"odd","route1_tier":"primary"},"geometry":{"type":"LineString","coordinates":[[-79.451449,34.886729],[-79.450973,34.889235],[-79.450705,34.890689],[-79.450337,34.892641],[-79.449915,34.894873],[-79.448717,34.901221],[-79.4483238,34.903298],[-79.448268,34.903593],[-79.448043,34.904783],[-79.447426,34.908038],[-79.44721,34.909223],[-79.446904,34.910801],[-79.446847,34.911131],[-79.446812,34.911361],[-79.44675,34.911793],[-79.44669,34.912299],[-79.446657,34.91293],[-79.446648,34.913246],[-79.4466466,34.9163716],[-79.446645,34.920139],[-79.446644,34.922291],[-79.446643,34.923646],[-79.446642,34.925647],[-79.446641,34.927142],[-79.446641,34.927262],[-79.446641,34.9273478],[-79.446641,34.930416],[-79.44664,34.930965],[-79.4466361,34.9331692],[-79.446635,34.933786],[-79.446635,34.9340821],[-79.446635,34.9342612],[-79.446635,34.935328],[-79.4466352,34.935757],[-79.4466354,34.9363133],[-79.446636,34.93769],[-79.446634,34.938683],[-79.4466336,34.938919],[-79.446633,34.939229],[-79.44663,34.941218],[-79.446633,34.942193],[-79.446634,34.942869],[-79.446629,34.94376],[-79.446628,34.945079],[-79.446626,34.951261],[-79.446625,34.952918],[-79.446604,34.953634],[-79.446606,34.953789],[-79.446604,34.95398],[-79.446615,34.95426],[-79.446626,34.955242],[-79.44662,34.957488],[-79.446626,34.958152],[-79.446624,34.959831],[-79.446618,34.960252],[-79.446619,34.964524],[-79.446619,34.966271],[-79.446613,34.968145],[-79.446611,34.970882],[-79.446609,34.975075],[-79.446617,34.975415],[-79.446608,34.975689],[-79.446607,34.976745],[-79.446606,34.978211],[-79.446603,34.981991],[-79.4466,34.986517],[-79.446598,34.988754],[-79.446597,34.990528],[-79.4466,34.990807],[-79.446598,34.991408],[-79.446603,34.991911],[-79.446597,34.993545],[-79.446595,34.997623],[-79.446592,34.997716],[-79.446592,34.997832],[-79.446592,34.998398],[-79.446589,35.005132],[-79.446584,35.006374],[-79.446587,35.007944],[-79.446588,35.008486],[-79.446583,35.011714],[-79.446581,35.012994],[-79.4465808,35.0131309],[-79.446579,35.014245],[-79.446573,35.014571],[-79.44656,35.014834],[-79.446529,35.015171],[-79.446478,35.015543],[-79.446394,35.016011],[-79.446348,35.016214],[-79.446295,35.016427],[-79.446228,35.01667],[-79.446155,35.01691],[-79.446064,35.017176],[-79.445889,35.01763],[-79.4458,35.017839],[-79.445693,35.018073],[-79.445474,35.018503],[-79.445222,35.018933],[-79.444651,35.019856],[-79.4428251,35.0227774]]},"id":"way/27679948"},{"type":"Feature","properties":{"@id":"way/27679952","name":"Aberdeen Road","ref":"US 15;US 501","route0_ref":"US 501","route0_status":"signed","route0_role":"mainline","route0_tensDigit":0,"route0_onesDigit":"odd","route0_tier":"auxiliary","route1_ref":"US 15","route1_status":"signed","route1_role":"mainline","route1_tensDigit":1,"route1_onesDigit":"odd","route1_tier":"primary"},"geometry":{"type":"LineString","coordinates":[[-79.452564,34.880809],[-79.452076,34.883411],[-79.4520189,34.8837158]]},"id":"way/27679952"},{"type":"Feature","properties":{"@id":"way/28969818","name":"Durham-Chapel Hill Boulevard","ref":"US 15;US 501","route0_ref":"US 501","route0_status":"signed","route0_role":"mainline","route0_tensDigit":0,"route0_onesDigit":"odd","route0_tier":"auxiliary","route1_ref":"US 15","route1_status":"signed","route1_role":"mainline","route1_tensDigit":1,"route1_onesDigit":"odd","route1_tier":"primary"},"geometry":{"type":"LineString","coordinates":[[-78.9906793,35.9545015],[-78.9906106,35.9545332],[-78.9904972,35.9545844]]},"id":"way/28969818"},{"type":"Feature","properties":{"@id":"way/28969823","name":"Durham-Chapel Hill Boulevard","ref":"US 15;US 501","route0_ref":"US 501","route0_status":"signed","route0_role":"mainline","route0_tensDigit":0,"route0_onesDigit":"odd","route0_tier":"auxiliary","route1_ref":"US 15","route1_status":"signed","route1_role":"mainline","route1_tensDigit":1,"route1_onesDigit":"odd","route1_tier":"primary"},"geometry":{"type":"LineString","coordinates":[[-78.9987149,35.9511111],[-78.999332,35.9508309]]},"id":"way/28969823"},{"type":"Feature","properties":{"@id":"way/28969825","name":"Durham-Chapel Hill Boulevard","ref":"US 15;US 501","route0_ref":"US 501","route0_status":"signed","route0_role":"mainline","route0_tensDigit":0,"route0_onesDigit":"odd","route0_tier":"auxiliary","route1_ref":"US 15","route1_status":"signed","route1_role":"mainline","route1_tensDigit":1,"route1_onesDigit":"odd","route1_tier":"primary"},"geometry":{"type":"LineString","coordinates":[[-78.9991938,35.9506702],[-78.9985557,35.9509544]]},"id":"way/28969825"},{"type":"Feature","properties":{"@id":"way/29335841","ref":"US 15;US 501","route0_ref":"US 501","route0_status":"signed","route0_role":"mainline","route0_tensDigit":0,"route0_onesDigit":"odd","route0_tier":"auxiliary","route1_ref":"US 15","route1_status":"signed","route1_role":"mainline","route1_tensDigit":1,"route1_onesDigit":"odd","route1_tier":"primary"},"geometry":{"type":"LineString","coordinates":[[-79.0721056,35.86852],[-79.0713941,35.8689279],[-79.0708963,35.8692134],[-79.0704389,35.8694772],[-79.0702279,35.8696102],[-79.0700523,35.869725],[-79.0698783,35.8698471],[-79.0697234,35.8699669],[-79.0695797,35.8700885],[-79.0694624,35.8701943],[-79.0693065,35.8703456],[-79.0688936,35.8707225],[-79.0684988,35.8710994],[-79.0678883,35.8716581],[-79.0675275,35.8719883],[-79.0674758,35.8720392],[-79.0673044,35.872208]]},"id":"way/29335841"},{"type":"Feature","properties":{"@id":"way/29335943","ref":"US 15;US 501","route0_ref":"US 501","route0_status":"signed","route0_role":"mainline","route0_tensDigit":0,"route0_onesDigit":"odd","route0_tier":"auxiliary","route1_ref":"US 15","route1_status":"signed","route1_role":"mainline","route1_tensDigit":1,"route1_onesDigit":"odd","route1_tier":"primary"},"geometry":{"type":"LineString","coordinates":[[-79.0874032,35.8279695],[-79.0874236,35.8282488],[-79.0874648,35.8285596],[-79.0875069,35.8287928],[-79.087542,35.8289357],[-79.0876551,35.8292619],[-79.0878548,35.8297517],[-79.0882975,35.8307429],[-79.0884243,35.831027],[-79.0886844,35.8316655],[-79.0891221,35.8327511],[-79.0891725,35.8328703],[-79.0892487,35.833091],[-79.0893074,35.8333498],[-79.0893605,35.8336602],[-79.0894178,35.8341266],[-79.0894727,35.834837]]},"id":"way/29335943"},{"type":"Feature","properties":{"@id":"way/29336020","name":"Chapel Hill Road","ref":"US 15;US 501","route0_ref":"US 501","route0_status":"signed","route0_role":"mainline","route0_tensDigit":0,"route0_onesDigit":"odd","route0_tier":"auxiliary","route1_ref":"US 15","route1_status":"signed","route1_role":"mainline","route1_tensDigit":1,"route1_onesDigit":"odd","route1_tier":"primary"},"geometry":{"type":"LineString","coordinates":[[-79.08756,35.8279565],[-79.0875706,35.8269459],[-79.0875772,35.8263142],[-79.0875514,35.8255487],[-79.0874999,35.8252355],[-79.0874398,35.8249363],[-79.0872939,35.8244213],[-79.0869935,35.8236349],[-79.0859582,35.8210033],[-79.0854486,35.8197863],[-79.0848993,35.8184848],[-79.0846718,35.8178252],[-79.0845557,35.8174256],[-79.0844815,35.8170575],[-79.0844554,35.8166924],[-79.0844557,35.8163424],[-79.0844864,35.8160768]]},"id":"way/29336020"},{"type":"Feature","properties":{"@id":"way/29336043","name":"Chapel Hill Road","ref":"US 15;US 501","route0_ref":"US 501","route0_status":"signed","route0_role":"mainline","route0_tensDigit":0,"route0_onesDigit":"odd","route0_tier":"auxiliary","route1_ref":"US 15","route1_status":"signed","route1_role":"mainline","route1_tensDigit":1,"route1_onesDigit":"odd","route1_tier":"primary"},"geometry":{"type":"LineString","coordinates":[[-79.0842849,35.8160636],[-79.0842727,35.8163342],[-79.0842641,35.8166891],[-79.0842984,35.817058],[-79.0843671,35.8174478],[-79.0844701,35.8178584],[-79.0847104,35.8184778],[-79.085234,35.8197932],[-79.0856374,35.8207536],[-79.0857165,35.8209492],[-79.0862754,35.8223317],[-79.0868219,35.8236836],[-79.0871223,35.8244491],[-79.0871909,35.8246788],[-79.087251,35.8249641],[-79.0873197,35.8252494],[-79.0873626,35.8255556],[-79.0873969,35.8263211],[-79.0873933,35.8277164],[-79.0874032,35.8279695]]},"id":"way/29336043"},{"type":"Feature","properties":{"@id":"way/29336065","name":"Chapel Hill Road","ref":"US 15;US 501","route0_ref":"US 501","route0_status":"signed","route0_role":"mainline","route0_tensDigit":0,"route0_onesDigit":"odd","route0_tier":"auxiliary","route1_ref":"US 15","route1_status":"signed","route1_role":"mainline","route1_tensDigit":1,"route1_onesDigit":"odd","route1_tier":"primary"},"geometry":{"type":"LineString","coordinates":[[-79.0881265,35.8118101],[-79.08859,35.811643],[-79.0887306,35.8115903],[-79.0889883,35.8114936],[-79.0897144,35.8112115],[-79.0901745,35.8109957],[-79.0902637,35.8109539],[-79.090659,35.8107203],[-79.0908645,35.8105989],[-79.0914911,35.8101326],[-79.0918246,35.8098054],[-79.0918601,35.8097706],[-79.0921519,35.8094644]]},"id":"way/29336065"},{"type":"Feature","properties":{"@id":"way/29336072","name":"Chapel Hill Road","ref":"US 15;US 501","route0_ref":"US 501","route0_status":"signed","route0_role":"mainline","route0_tensDigit":0,"route0_onesDigit":"odd","route0_tier":"auxiliary","route1_ref":"US 15","route1_status":"signed","route1_role":"mainline","route1_tensDigit":1,"route1_onesDigit":"odd","route1_tier":"primary"},"geometry":{"type":"LineString","coordinates":[[-79.0936642,35.8064491],[-79.0935154,35.8068759]]},"id":"way/29336072"},{"type":"Feature","properties":{"@id":"way/29336325","name":"Chapel Hill Road","ref":"US 15;US 501","route0_ref":"US 501","route0_status":"signed","route0_role":"mainline","route0_tensDigit":0,"route0_onesDigit":"odd","route0_tier":"auxiliary","route1_ref":"US 15","route1_status":"signed","route1_role":"mainline","route1_tensDigit":1,"route1_onesDigit":"odd","route1_tier":"primary"},"geometry":{"type":"LineString","coordinates":[[-79.1083596,35.7898359],[-79.1074632,35.790044],[-79.1060994,35.7903622],[-79.1052669,35.7906059],[-79.1047347,35.7907939],[-79.1044515,35.7908983],[-79.1041854,35.7910167],[-79.1033872,35.7913926],[-79.1027091,35.7917616],[-79.1025196,35.7918829],[-79.1019366,35.7922559],[-79.1008208,35.7930496],[-79.1001256,35.7935161],[-79.0994819,35.7940104],[-79.0962804,35.7963217],[-79.0957912,35.7966837],[-79.0954488,35.7969683],[-79.0951131,35.7973103],[-79.0948556,35.7976096],[-79.0946925,35.7978672],[-79.0945123,35.7981526],[-79.0943063,35.798633],[-79.0941776,35.7990715],[-79.0941003,35.7995171],[-79.0940896,35.7997166],[-79.094066,35.8001575],[-79.0940145,35.8017029],[-79.0939887,35.8023155],[-79.0939855,35.8029418],[-79.0939779,35.8030989],[-79.0939786,35.8033322],[-79.0939053,35.8049455],[-79.0939029,35.8050234],[-79.093822,35.8057984],[-79.0938023,35.8058957],[-79.0937577,35.8061161],[-79.0936642,35.8064491]]},"id":"way/29336325"},{"type":"Feature","properties":{"@id":"way/29336326","name":"Chapel Hill Road","ref":"US 15;US 501","route0_ref":"US 501","route0_status":"signed","route0_role":"mainline","route0_tensDigit":0,"route0_onesDigit":"odd","route0_tier":"auxiliary","route1_ref":"US 15","route1_status":"signed","route1_role":"mainline","route1_tensDigit":1,"route1_onesDigit":"odd","route1_tier":"primary"},"geometry":{"type":"LineString","coordinates":[[-79.1088231,35.7897184],[-79.1083596,35.7898359]]},"id":"way/29336326"},{"type":"Feature","properties":{"@id":"way/29336327","name":"Chapel Hill Road","ref":"US 15;US 501","route0_ref":"US 501","route0_status":"signed","route0_role":"mainline","route0_tensDigit":0,"route0_onesDigit":"odd","route0_tier":"auxiliary","route1_ref":"US 15","route1_status":"signed","route1_role":"mainline","route1_tensDigit":1,"route1_onesDigit":"odd","route1_tier":"primary"},"geometry":{"type":"LineString","coordinates":[[-79.1084631,35.7899682],[-79.1089211,35.7898528]]},"id":"way/29336327"},{"type":"Feature","properties":{"@id":"way/29336328","name":"Chapel Hill Road","ref":"US 15;US 501","route0_ref":"US 501","route0_status":"signed","route0_role":"mainline","route0_tensDigit":0,"route0_onesDigit":"odd","route0_tier":"auxiliary","route1_ref":"US 15","route1_status":"signed","route1_role":"mainline","route1_tensDigit":1,"route1_onesDigit":"odd","route1_tier":"primary"},"geometry":{"type":"LineString","coordinates":[[-79.1089211,35.7898528],[-79.1114347,35.789244],[-79.1121934,35.7890603],[-79.1136096,35.7886773],[-79.1154121,35.7881621],[-79.1161245,35.7879324],[-79.1170514,35.7875982],[-79.118045,35.787217],[-79.1198323,35.7864424],[-79.119867,35.7864285],[-79.1206353,35.7861196],[-79.1206735,35.7861012],[-79.1208674,35.7860302],[-79.1236003,35.785029],[-79.1239436,35.7849036],[-79.1240564,35.7848624],[-79.1263191,35.7840354],[-79.1270147,35.7837812],[-79.1280206,35.7834136],[-79.1287587,35.7831351],[-79.1294625,35.7828635],[-79.1299947,35.7826337],[-79.1304754,35.782397],[-79.1323465,35.7813665],[-79.1337627,35.7806632],[-79.1342691,35.7804404],[-79.1349385,35.7801688],[-79.1356509,35.7799112],[-79.1365007,35.7796396],[-79.1371358,35.7794586],[-79.1389554,35.7790129],[-79.1400798,35.7787553],[-79.1412557,35.7784768],[-79.1420539,35.7782539],[-79.1429036,35.7779475],[-79.1437276,35.7775646],[-79.144753,35.776975],[-79.1455712,35.7764319],[-79.1464141,35.7758724]]},"id":"way/29336328"},{"type":"Feature","properties":{"@id":"way/29336335","name":"Chapel Hill Road","ref":"US 15;US 501","route0_ref":"US 501","route0_status":"signed","route0_role":"mainline","route0_tensDigit":0,"route0_onesDigit":"odd","route0_tier":"auxiliary","route1_ref":"US 15","route1_status":"signed","route1_role":"mainline","route1_tensDigit":1,"route1_onesDigit":"odd","route1_tier":"primary"},"geometry":{"type":"LineString","coordinates":[[-79.1490749,35.7739505],[-79.1463025,35.775761]]},"id":"way/29336335"},{"type":"Feature","properties":{"@id":"way/29336336","name":"Chapel Hill Road","ref":"US 15;US 501","route0_ref":"US 501","route0_status":"signed","route0_role":"mainline","route0_tensDigit":0,"route0_onesDigit":"odd","route0_tier":"auxiliary","route1_ref":"US 15","route1_status":"signed","route1_role":"mainline","route1_tensDigit":1,"route1_onesDigit":"odd","route1_tier":"primary"},"geometry":{"type":"LineString","coordinates":[[-79.1463025,35.775761],[-79.1446546,35.7768473],[-79.1436418,35.7774323],[-79.1428521,35.7778083],[-79.1419938,35.7781147],[-79.1413887,35.7782908],[-79.1412042,35.7783445],[-79.1400283,35.778623],[-79.1389297,35.7788806],[-79.1386401,35.7789509],[-79.136826,35.7793914],[-79.1364749,35.7795004],[-79.135608,35.7797719],[-79.1348785,35.7800365],[-79.1342176,35.7803011],[-79.134117,35.7803452],[-79.133694,35.7805309],[-79.1322606,35.7812551],[-79.130365,35.782265],[-79.1299089,35.7825084],[-79.1293853,35.7827382],[-79.128682,35.7830237],[-79.1279584,35.7832692],[-79.1240259,35.7847033],[-79.1239058,35.7847493],[-79.1235145,35.7848967],[-79.1205447,35.7859898],[-79.1197465,35.7863031],[-79.1193998,35.7864518],[-79.1179612,35.787069],[-79.1169999,35.7874659],[-79.1165771,35.7876197],[-79.1160815,35.7878001],[-79.1153777,35.7880159],[-79.1143787,35.7883001],[-79.1135667,35.7885311],[-79.1121419,35.788921],[-79.1111585,35.7891573],[-79.1088231,35.7897184]]},"id":"way/29336336"},{"type":"Feature","properties":{"@id":"way/29336338","name":"Chapel Hill Road","ref":"US 15;US 501","route0_ref":"US 501","route0_status":"signed","route0_role":"mainline","route0_tensDigit":0,"route0_onesDigit":"odd","route0_tier":"auxiliary","route1_ref":"US 15","route1_status":"signed","route1_role":"mainline","route1_tensDigit":1,"route1_onesDigit":"odd","route1_tier":"primary"},"geometry":{"type":"LineString","coordinates":[[-79.1464141,35.7758724],[-79.1491864,35.7740689]]},"id":"way/29336338"},{"type":"Feature","properties":{"@id":"way/29336553","ref":"US 15;US 501","route0_ref":"US 501","route0_status":"signed","route0_role":"mainline","route0_tensDigit":0,"route0_onesDigit":"odd","route0_tier":"auxiliary","route1_ref":"US 15","route1_status":"signed","route1_role":"mainline","route1_tensDigit":1,"route1_onesDigit":"odd","route1_tier":"primary"},"geometry":{"type":"LineString","coordinates":[[-79.0576564,35.8929031],[-79.0577752,35.8927115],[-79.0580054,35.8923871]]},"id":"way/29336553"},{"type":"Feature","properties":{"@id":"way/29336554","ref":"US 15;US 501","route0_ref":"US 501","route0_status":"signed","route0_role":"mainline","route0_tensDigit":0,"route0_onesDigit":"odd","route0_tier":"auxiliary","route1_ref":"US 15","route1_status":"signed","route1_role":"mainline","route1_tensDigit":1,"route1_onesDigit":"odd","route1_tier":"primary"},"geometry":{"type":"LineString","coordinates":[[-79.0575352,35.8938896],[-79.05751,35.8937589],[-79.0574996,35.8936891],[-79.057495,35.8935521],[-79.0575005,35.8934355],[-79.0575204,35.8933101]]},"id":"way/29336554"},{"type":"Feature","properties":{"@id":"way/29416841","name":"Fordham Boulevard South","ref":"US 15;US 501","route0_ref":"US 501","route0_status":"signed","route0_role":"mainline","route0_tensDigit":0,"route0_onesDigit":"odd","route0_tier":"auxiliary","route1_ref":"US 15","route1_status":"signed","route1_role":"mainline","route1_tensDigit":1,"route1_onesDigit":"odd","route1_tier":"primary"},"geometry":{"type":"LineString","coordinates":[[-79.0272153,35.9085133],[-79.027112,35.9087613]]},"id":"way/29416841"},{"type":"Feature","properties":{"@id":"way/29416842","name":"Fordham Boulevard South","ref":"US 15;US 501;NC 54","route0_ref":"US 501","route0_status":"signed","route0_role":"mainline","route0_tensDigit":0,"route0_onesDigit":"odd","route0_tier":"auxiliary","route1_ref":"US 15","route1_status":"signed","route1_role":"mainline","route1_tensDigit":1,"route1_onesDigit":"odd","route1_tier":"primary"},"geometry":{"type":"LineString","coordinates":[[-79.0273804,35.9085181],[-79.0277306,35.9078382],[-79.0280186,35.9073599]]},"id":"way/29416842"},{"type":"Feature","properties":{"@id":"way/29416843","name":"North Fordham Boulevard","ref":"US 15;US 501;NC 54","route0_ref":"US 501","route0_status":"signed","route0_role":"mainline","route0_tensDigit":0,"route0_onesDigit":"odd","route0_tier":"auxiliary","route1_ref":"US 15","route1_status":"signed","route1_role":"mainline","route1_tensDigit":1,"route1_onesDigit":"odd","route1_tier":"primary"},"geometry":{"type":"LineString","coordinates":[[-79.0271634,35.9090571],[-79.0272719,35.9087876]]},"id":"way/29416843"},{"type":"Feature","properties":{"@id":"way/29416844","name":"North Fordham Boulevard","ref":"US 15;US 501","route0_ref":"US 501","route0_status":"signed","route0_role":"mainline","route0_tensDigit":0,"route0_onesDigit":"odd","route0_tier":"auxiliary","route1_ref":"US 15","route1_status":"signed","route1_role":"mainline","route1_tensDigit":1,"route1_onesDigit":"odd","route1_tier":"primary"},"geometry":{"type":"LineString","coordinates":[[-79.0265532,35.9105804],[-79.0265054,35.9108707],[-79.0264728,35.9110733],[-79.0264473,35.9112759],[-79.0264148,35.9116699],[-79.0263988,35.9119971],[-79.0263819,35.9124656],[-79.0263645,35.9129687],[-79.0263563,35.9131619]]},"id":"way/29416844"},{"type":"Feature","properties":{"@id":"way/29708035","ref":"US 15;US 501","route0_ref":"US 501","route0_status":"signed","route0_role":"mainline","route0_tensDigit":0,"route0_onesDigit":"odd","route0_tier":"auxiliary","route1_ref":"US 15","route1_status":"signed","route1_role":"mainline","route1_tensDigit":1,"route1_onesDigit":"odd","route1_tier":"primary"},"geometry":{"type":"LineString","coordinates":[[-78.9469683,36.0249258],[-78.9472258,36.0247778],[-78.9474468,36.0246287],[-78.9476104,36.0245009],[-78.9477762,36.024352],[-78.9479999,36.0241325],[-78.9481254,36.0239858],[-78.9482897,36.0237741],[-78.9484064,36.0235866],[-78.9485155,36.0233833]]},"id":"way/29708035"},{"type":"Feature","properties":{"@id":"way/29708046","ref":"US 15;US 501","route0_ref":"US 501","route0_status":"signed","route0_role":"mainline","route0_tensDigit":0,"route0_onesDigit":"odd","route0_tier":"auxiliary","route1_ref":"US 15","route1_status":"signed","route1_role":"mainline","route1_tensDigit":1,"route1_onesDigit":"odd","route1_tier":"primary"},"geometry":{"type":"LineString","coordinates":[[-78.9488482,36.0224326],[-78.949041,36.021804],[-78.949064,36.021729],[-78.949318,36.020908],[-78.949469,36.020411],[-78.949743,36.019493],[-78.949993,36.018735],[-78.950124,36.018403],[-78.950386,36.017845],[-78.950494,36.01764],[-78.950844,36.01706],[-78.950995,36.016842],[-78.951173,36.016586],[-78.951279,36.016432],[-78.9515284,36.0161022],[-78.952172,36.015365],[-78.952735,36.014776],[-78.953301,36.014163],[-78.953695,36.013745],[-78.9543765,36.0130187],[-78.9545332,36.0128479],[-78.9546854,36.012677],[-78.9548345,36.0125038],[-78.9548846,36.0124465],[-78.9549625,36.0123441]]},"id":"way/29708046"},{"type":"Feature","properties":{"@id":"way/34922099","name":"Jefferson Davis Highway","ref":"US 1;US 15;US 501","route0_ref":"US 1","route0_status":"signed","route0_role":"mainline","route0_tensDigit":0,"route0_onesDigit":"odd","route0_tier":"major","route1_ref":"US 501","route1_status":"signed","route1_role":"mainline","route1_tensDigit":0,"route1_onesDigit":"odd","route1_tier":"auxiliary"},"geometry":{"type":"LineString","coordinates":[[-79.226066,35.422189],[-79.225826,35.4225987],[-79.224665,35.4245805],[-79.2245926,35.424704],[-79.2241319,35.4254913],[-79.2239124,35.425869],[-79.2233652,35.4268016],[-79.2224899,35.4282976],[-79.2221356,35.4288992],[-79.221863,35.429362],[-79.221813,35.42944],[-79.2218094,35.4294465],[-79.2215935,35.4298353],[-79.2214402,35.4301249]]},"id":"way/34922099"},{"type":"Feature","properties":{"@id":"way/42288494","ref":"US 15;US 501","route0_ref":"US 501","route0_status":"signed","route0_role":"mainline","route0_tensDigit":0,"route0_onesDigit":"odd","route0_tier":"auxiliary","route1_ref":"US 15","route1_status":"signed","route1_role":"mainline","route1_tensDigit":1,"route1_onesDigit":"odd","route1_tier":"primary"},"geometry":{"type":"LineString","coordinates":[[-78.9583114,35.9989148],[-78.9583009,35.9985132]]},"id":"way/42288494"},{"type":"Feature","properties":{"@id":"way/42288496","ref":"US 15;US 501","route0_ref":"US 501","route0_status":"signed","route0_role":"mainline","route0_tensDigit":0,"route0_onesDigit":"odd","route0_tier":"auxiliary","route1_ref":"US 15","route1_status":"signed","route1_role":"mainline","route1_tensDigit":1,"route1_onesDigit":"odd","route1_tier":"primary"},"geometry":{"type":"LineString","coordinates":[[-78.958117,35.9984976],[-78.9581287,35.9988703]]},"id":"way/42288496"},{"type":"Feature","properties":{"@id":"way/42288497","ref":"US 15;US 501","route0_ref":"US 501","route0_status":"signed","route0_role":"mainline","route0_tensDigit":0,"route0_onesDigit":"odd","route0_tier":"auxiliary","route1_ref":"US 15","route1_status":"signed","route1_role":"mainline","route1_tensDigit":1,"route1_onesDigit":"odd","route1_tier":"primary"},"geometry":{"type":"LineString","coordinates":[[-78.9546712,36.0124385],[-78.954505,36.0126363],[-78.9543744,36.012788],[-78.9542054,36.0129757],[-78.9540361,36.0131569],[-78.953774,36.013426],[-78.953233,36.014011],[-78.952517,36.014757],[-78.952,36.015307],[-78.951802,36.015526],[-78.951358,36.016056],[-78.9512022,36.0162562],[-78.951088,36.016416],[-78.951007,36.016533],[-78.950886,36.016714],[-78.950826,36.016791],[-78.95071,36.0169589],[-78.9506296,36.0170823],[-78.9505193,36.0172596],[-78.9504378,36.0173959],[-78.9503351,36.0175851],[-78.9502237,36.0177946],[-78.9500923,36.0180681],[-78.949969,36.018315],[-78.949933,36.018402],[-78.949677,36.019097],[-78.949401,36.019998],[-78.949296,36.020386],[-78.949193,36.020733],[-78.949102,36.021005],[-78.9490608,36.0211343]]},"id":"way/42288497"},{"type":"Feature","properties":{"@id":"way/42288499","name":"Durham-Chapel Hill Boulevard","ref":"US 15;US 501","route0_ref":"US 501","route0_status":"signed","route0_role":"mainline","route0_tensDigit":0,"route0_onesDigit":"odd","route0_tier":"auxiliary","route1_ref":"US 15","route1_status":"signed","route1_role":"mainline","route1_tensDigit":1,"route1_onesDigit":"odd","route1_tier":"primary"},"geometry":{"type":"LineString","coordinates":[[-78.9665124,35.967008],[-78.9679984,35.9663666],[-78.9683704,35.9662015],[-78.9692575,35.9657701],[-78.9701373,35.9653207],[-78.9724184,35.9641175]]},"id":"way/42288499"},{"type":"Feature","properties":{"@id":"way/42292255","name":"Jefferson Davis Highway","ref":"US 1;US 15;US 501","route0_ref":"US 1","route0_status":"signed","route0_role":"mainline","route0_tensDigit":0,"route0_onesDigit":"odd","route0_tier":"major","route1_ref":"US 501","route1_status":"signed","route1_role":"mainline","route1_tensDigit":0,"route1_onesDigit":"odd","route1_tier":"auxiliary"},"geometry":{"type":"LineString","coordinates":[[-79.2314234,35.4038421],[-79.2314243,35.4039197],[-79.2314249,35.4040993],[-79.2314351,35.40443],[-79.2314562,35.4051512],[-79.2314702,35.4056192],[-79.231498,35.406198],[-79.231523,35.407189],[-79.2315259,35.4073],[-79.231567,35.408889],[-79.2315653,35.4090514],[-79.231562,35.409364],[-79.231527,35.4097025],[-79.231481,35.410049],[-79.231414,35.41037],[-79.231331,35.410767],[-79.231112,35.411469],[-79.2308637,35.412126],[-79.2306273,35.4126501],[-79.2305962,35.4127189],[-79.2300718,35.4138795],[-79.229531,35.415052],[-79.229098,35.416011],[-79.2287605,35.4167632],[-79.2286375,35.4170248],[-79.227764,35.418942],[-79.2275876,35.4193301],[-79.227564,35.419382],[-79.2269486,35.4206789],[-79.2268112,35.4209303]]},"id":"way/42292255"},{"type":"Feature","properties":{"@id":"way/42292256","name":"White Hill Road","ref":"US 15;US 501","route0_ref":"US 501","route0_status":"signed","route0_role":"mainline","route0_tensDigit":0,"route0_onesDigit":"odd","route0_tier":"auxiliary","route1_ref":"US 15","route1_status":"signed","route1_role":"mainline","route1_tensDigit":1,"route1_onesDigit":"odd","route1_tier":"primary"},"geometry":{"type":"LineString","coordinates":[[-79.2316884,35.4061965],[-79.2317261,35.4061149],[-79.2317473,35.4059313],[-79.2317663,35.4057678],[-79.2317946,35.4056117],[-79.2318239,35.4054907],[-79.2318912,35.4052695],[-79.2319667,35.4050691],[-79.2320568,35.4048617],[-79.2321795,35.404642],[-79.2322928,35.404462],[-79.2324187,35.4042825],[-79.2325703,35.4040955],[-79.2327342,35.403911],[-79.2330279,35.4036342],[-79.2331005,35.4035762],[-79.23372,35.403037]]},"id":"way/42292256"},{"type":"Feature","properties":{"@id":"way/42292269","ref":"US 15;US 501","route0_ref":"US 501","route0_status":"signed","route0_role":"mainline","route0_tensDigit":0,"route0_onesDigit":"odd","route0_tier":"auxiliary","route1_ref":"US 15","route1_status":"signed","route1_role":"mainline","route1_tensDigit":1,"route1_onesDigit":"odd","route1_tier":"primary"},"geometry":{"type":"LineString","coordinates":[[-79.4508887,35.206572],[-79.4505692,35.2033104]]},"id":"way/42292269"},{"type":"Feature","properties":{"@id":"way/42292272","ref":"US 15;US 501","route0_ref":"US 501","route0_status":"signed","route0_role":"mainline","route0_tensDigit":0,"route0_onesDigit":"odd","route0_tier":"auxiliary","route1_ref":"US 15","route1_status":"signed","route1_role":"mainline","route1_tensDigit":1,"route1_onesDigit":"odd","route1_tier":"primary"},"geometry":{"type":"LineString","coordinates":[[-79.4499419,35.2025507],[-79.4500383,35.2026322],[-79.4501388,35.202697],[-79.4502333,35.202772],[-79.4503147,35.2028475],[-79.4503816,35.2029275],[-79.4504181,35.202983],[-79.4504478,35.2030386],[-79.4504698,35.2030931],[-79.4504986,35.2031866],[-79.4505192,35.2032713],[-79.4505692,35.2033104]]},"id":"way/42292272"},{"type":"Feature","properties":{"@id":"way/42292288","name":"Aberdeen Road","ref":"US 15;US 501","route0_ref":"US 501","route0_status":"signed","route0_role":"mainline","route0_tensDigit":0,"route0_onesDigit":"odd","route0_tier":"auxiliary","route1_ref":"US 15","route1_status":"signed","route1_role":"mainline","route1_tensDigit":1,"route1_onesDigit":"odd","route1_tier":"primary"},"geometry":{"type":"LineString","coordinates":[[-79.4578944,34.7964712],[-79.4579418,34.797059]]},"id":"way/42292288"},{"type":"Feature","properties":{"@id":"way/42292290","name":"Aberdeen Road","ref":"US 15;US 501","route0_ref":"US 501","route0_status":"signed","route0_role":"mainline","route0_tensDigit":0,"route0_onesDigit":"odd","route0_tier":"auxiliary","route1_ref":"US 15","route1_status":"signed","route1_role":"mainline","route1_tensDigit":1,"route1_onesDigit":"odd","route1_tier":"primary"},"geometry":{"type":"LineString","coordinates":[[-79.4579418,34.797059],[-79.4579698,34.7976273]]},"id":"way/42292290"},{"type":"Feature","properties":{"@id":"way/43786920","ref":"US 15;US 501","route0_ref":"US 501","route0_status":"signed","route0_role":"mainline","route0_tensDigit":0,"route0_onesDigit":"odd","route0_tier":"auxiliary","route1_ref":"US 15","route1_status":"signed","route1_role":"mainline","route1_tensDigit":1,"route1_onesDigit":"odd","route1_tier":"primary"},"geometry":{"type":"LineString","coordinates":[[-78.957907,35.9840116],[-78.9579151,35.9845796],[-78.9579192,35.9848682],[-78.9579228,35.9851172],[-78.9579269,35.9854072],[-78.957928,35.985483],[-78.9579315,35.9856175]]},"id":"way/43786920"},{"type":"Feature","properties":{"@id":"way/43786924","ref":"US 15;US 501","route0_ref":"US 501","route0_status":"signed","route0_role":"mainline","route0_tensDigit":0,"route0_onesDigit":"odd","route0_tier":"auxiliary","route1_ref":"US 15","route1_status":"signed","route1_role":"mainline","route1_tensDigit":1,"route1_onesDigit":"odd","route1_tier":"primary"},"geometry":{"type":"LineString","coordinates":[[-78.9583009,35.9985132],[-78.9582744,35.9966017]]},"id":"way/43786924"},{"type":"Feature","properties":{"@id":"way/43786942","ref":"US 15;US 501","route0_ref":"US 501","route0_status":"signed","route0_role":"mainline","route0_tensDigit":0,"route0_onesDigit":"odd","route0_tier":"auxiliary","route1_ref":"US 15","route1_status":"signed","route1_role":"mainline","route1_tensDigit":1,"route1_onesDigit":"odd","route1_tier":"primary"},"geometry":{"type":"LineString","coordinates":[[-78.9578999,35.9835185],[-78.957907,35.9840116]]},"id":"way/43786942"},{"type":"Feature","properties":{"@id":"way/46677895","name":"Aberdeen Road","ref":"US 15;US 501","route0_ref":"US 501","route0_status":"signed","route0_role":"mainline","route0_tensDigit":0,"route0_onesDigit":"odd","route0_tier":"auxiliary","route1_ref":"US 15","route1_status":"signed","route1_role":"mainline","route1_tensDigit":1,"route1_onesDigit":"odd","route1_tier":"primary"},"geometry":{"type":"LineString","coordinates":[[-79.457875,34.795929],[-79.4578944,34.7964712]]},"id":"way/46677895"},{"type":"Feature","properties":{"@id":"way/48878196","name":"Aberdeen Road","ref":"US 15;US 501","route0_ref":"US 501","route0_status":"signed","route0_role":"mainline","route0_tensDigit":0,"route0_onesDigit":"odd","route0_tier":"auxiliary","route1_ref":"US 15","route1_status":"signed","route1_role":"mainline","route1_tensDigit":1,"route1_onesDigit":"odd","route1_tier":"primary"},"geometry":{"type":"LineString","coordinates":[[-79.4579698,34.7976273],[-79.4580014,34.7979113],[-79.4581196,34.7989752],[-79.4581638,34.7996412],[-79.458184,34.799946],[-79.4582064,34.8002814],[-79.4582261,34.800576],[-79.458217,34.800957],[-79.458229,34.801309],[-79.458282,34.802875],[-79.458295,34.803289]]},"id":"way/48878196"},{"type":"Feature","properties":{"@id":"way/48919560","ref":"US 15;US 501","route0_ref":"US 501","route0_status":"signed","route0_role":"mainline","route0_tensDigit":0,"route0_onesDigit":"odd","route0_tier":"auxiliary","route1_ref":"US 15","route1_status":"signed","route1_role":"mainline","route1_tensDigit":1,"route1_onesDigit":"odd","route1_tier":"primary"},"geometry":{"type":"LineString","coordinates":[[-78.9582882,35.9796818],[-78.9583379,35.9794778],[-78.9583863,35.9793031],[-78.9584638,35.9790461],[-78.9585372,35.9788267],[-78.9587214,35.9783319],[-78.958855,35.9780039],[-78.959438,35.976636],[-78.959515,35.97645],[-78.9598064,35.9757412],[-78.9598847,35.9755568]]},"id":"way/48919560"},{"type":"Feature","properties":{"@id":"way/48919561","ref":"US 15;US 501","route0_ref":"US 501","route0_status":"signed","route0_role":"mainline","route0_tensDigit":0,"route0_onesDigit":"odd","route0_tier":"auxiliary","route1_ref":"US 15","route1_status":"signed","route1_role":"mainline","route1_tensDigit":1,"route1_onesDigit":"odd","route1_tier":"primary"},"geometry":{"type":"LineString","coordinates":[[-78.9580723,35.9840879],[-78.9580735,35.9836365]]},"id":"way/48919561"},{"type":"Feature","properties":{"@id":"way/50370826","name":"Chapel Hill Road","ref":"US 15;US 501","route0_ref":"US 501","route0_status":"signed","route0_role":"mainline","route0_tensDigit":0,"route0_onesDigit":"odd","route0_tier":"auxiliary","route1_ref":"US 15","route1_status":"signed","route1_role":"mainline","route1_tensDigit":1,"route1_onesDigit":"odd","route1_tier":"primary"},"geometry":{"type":"LineString","coordinates":[[-79.1671265,35.7488295],[-79.1670513,35.7500636],[-79.1670454,35.7501538]]},"id":"way/50370826"},{"type":"Feature","properties":{"@id":"way/50370836","name":"Chapel Hill Road","ref":"US 15;US 501","route0_ref":"US 501","route0_status":"signed","route0_role":"mainline","route0_tensDigit":0,"route0_onesDigit":"odd","route0_tier":"auxiliary","route1_ref":"US 15","route1_status":"signed","route1_role":"mainline","route1_tensDigit":1,"route1_onesDigit":"odd","route1_tier":"primary"},"geometry":{"type":"LineString","coordinates":[[-79.1671423,35.7480977],[-79.1671265,35.7488295]]},"id":"way/50370836"},{"type":"Feature","properties":{"@id":"way/51094292","ref":"US 15;US 501;NC 24;NC 27","route0_ref":"US 501","route0_status":"signed","route0_role":"mainline","route0_tensDigit":0,"route0_onesDigit":"odd","route0_tier":"auxiliary","route1_ref":"US 15","route1_status":"signed","route1_role":"mainline","route1_tensDigit":1,"route1_onesDigit":"odd","route1_tier":"primary"},"geometry":{"type":"LineString","coordinates":[[-79.3957129,35.3428861],[-79.3954817,35.3429695],[-79.3950546,35.3431148],[-79.3949366,35.3431531],[-79.3947598,35.3432104],[-79.3941905,35.3433936],[-79.394023,35.343447],[-79.3934321,35.3436368],[-79.3931244,35.3437358],[-79.3928741,35.3438139],[-79.3925612,35.3439165],[-79.3924863,35.3439406],[-79.3921544,35.3440472],[-79.3912413,35.3443405],[-79.3910724,35.3443948],[-79.390657,35.3445281],[-79.390479,35.3445853]]},"id":"way/51094292"},{"type":"Feature","properties":{"@id":"way/51094293","ref":"US 15;US 501","route0_ref":"US 501","route0_status":"signed","route0_role":"mainline","route0_tensDigit":0,"route0_onesDigit":"odd","route0_tier":"auxiliary","route1_ref":"US 15","route1_status":"signed","route1_role":"mainline","route1_tensDigit":1,"route1_onesDigit":"odd","route1_tier":"primary"},"geometry":{"type":"LineString","coordinates":[[-79.400691,35.337969],[-79.400593,35.338295],[-79.400565,35.338374],[-79.400509,35.338529],[-79.400395,35.338806],[-79.400334,35.338937],[-79.400257,35.339101],[-79.400077,35.339435],[-79.399945,35.339653],[-79.3998189,35.3398613],[-79.399653,35.340078],[-79.399412,35.340385],[-79.399151,35.340681],[-79.398966,35.340872],[-79.3986779,35.3411409],[-79.3984638,35.3413156],[-79.3981697,35.3415414],[-79.3979247,35.3417093],[-79.3975182,35.3419649],[-79.3971362,35.3421932]]},"id":"way/51094293"},{"type":"Feature","properties":{"@id":"way/51094295","name":"Hawkins Avenue","ref":"US 15;US 501;NC 87","route0_ref":"US 501","route0_status":"signed","route0_role":"mainline","route0_tensDigit":0,"route0_onesDigit":"odd","route0_tier":"auxiliary","route1_ref":"US 15","route1_status":"signed","route1_role":"mainline","route1_tensDigit":1,"route1_onesDigit":"odd","route1_tier":"primary"},"geometry":{"type":"LineString","coordinates":[[-79.1920294,35.5615379],[-79.1920531,35.561988],[-79.1922148,35.5647895],[-79.19227,35.5657565],[-79.1923241,35.5666762],[-79.192369,35.567633],[-79.1924126,35.5683319],[-79.19245,35.568937],[-79.1924931,35.5696273],[-79.192508,35.569866],[-79.192546,35.570289],[-79.192687,35.57186],[-79.192708,35.572027],[-79.192785,35.572639],[-79.1928315,35.5729216],[-79.1929561,35.573594],[-79.1930178,35.5738099],[-79.1931304,35.5742354],[-79.1932028,35.5744972],[-79.1933235,35.5748506],[-79.1934497,35.5752193],[-79.1937339,35.5759959],[-79.194155,35.5773419]]},"id":"way/51094295"},{"type":"Feature","properties":{"@id":"way/51592746","ref":"US 15;US 501","route0_ref":"US 501","route0_status":"signed","route0_role":"mainline","route0_tensDigit":0,"route0_onesDigit":"odd","route0_tier":"auxiliary","route1_ref":"US 15","route1_status":"signed","route1_role":"mainline","route1_tensDigit":1,"route1_onesDigit":"odd","route1_tier":"primary"},"geometry":{"type":"LineString","coordinates":[[-79.3978091,35.342187],[-79.3980877,35.342083],[-79.3982554,35.3420059],[-79.3984329,35.3419159],[-79.3985742,35.3418309],[-79.398727,35.3417248],[-79.398872,35.3416062],[-79.3990776,35.3414288],[-79.3992384,35.3412587],[-79.3994347,35.3410106],[-79.3996061,35.3407634],[-79.3997588,35.3405212],[-79.3998652,35.3403401],[-79.400016,35.340064],[-79.400173,35.339766],[-79.400266,35.339569],[-79.40039,35.339264],[-79.400462,35.339058],[-79.400553,35.338745],[-79.400624,35.338429],[-79.400661,35.338216],[-79.400691,35.337969]]},"id":"way/51592746"},{"type":"Feature","properties":{"@id":"way/51592757","ref":"US 15;US 501;NC 24;NC 27","route0_ref":"US 501","route0_status":"signed","route0_role":"mainline","route0_tensDigit":0,"route0_onesDigit":"odd","route0_tier":"auxiliary","route1_ref":"US 15","route1_status":"signed","route1_role":"mainline","route1_tensDigit":1,"route1_onesDigit":"odd","route1_tier":"primary"},"geometry":{"type":"LineString","coordinates":[[-79.3971362,35.3421932],[-79.3969054,35.3423091],[-79.3966711,35.3424288],[-79.3965526,35.3424846],[-79.3963282,35.3425904],[-79.3962302,35.3426352],[-79.3962171,35.3426412],[-79.3960824,35.3427029],[-79.3959269,35.3427657],[-79.3957129,35.3428861]]},"id":"way/51592757"},{"type":"Feature","properties":{"@id":"way/51592783","ref":"US 15;US 501","route0_ref":"US 501","route0_status":"signed","route0_role":"mainline","route0_tensDigit":0,"route0_onesDigit":"odd","route0_tier":"auxiliary","route1_ref":"US 15","route1_status":"signed","route1_role":"mainline","route1_tensDigit":1,"route1_onesDigit":"odd","route1_tier":"primary"},"geometry":{"type":"LineString","coordinates":[[-79.365595,35.348611],[-79.365038,35.34865],[-79.360604,35.348959],[-79.360375,35.348982],[-79.360021,35.34903],[-79.359929,35.349045],[-79.359695,35.349089],[-79.359361,35.349164],[-79.359032,35.349253],[-79.35873,35.3493506],[-79.35871,35.349357],[-79.358395,35.349473],[-79.3580529,35.3496161],[-79.355835,35.350544],[-79.353249,35.351626],[-79.352657,35.351873],[-79.352479,35.351947],[-79.352302,35.352021],[-79.34509,35.355032],[-79.344824,35.355132],[-79.344416,35.355267],[-79.341013,35.356169],[-79.337388,35.35713],[-79.335397,35.357657],[-79.3351846,35.3577102],[-79.334116,35.357978],[-79.333974,35.358012],[-79.333866,35.358037],[-79.3331703,35.3582426],[-79.33191,35.358615],[-79.33145,35.358751],[-79.32939,35.35936],[-79.326028,35.360354],[-79.325354,35.360553],[-79.321664,35.361644],[-79.321428,35.361724],[-79.321081,35.361857],[-79.320824,35.361967],[-79.320632,35.362056],[-79.320414,35.362166],[-79.320096,35.362341],[-79.319927,35.362448],[-79.319891,35.362466],[-79.31979,35.36253],[-79.319496,35.362732],[-79.316211,35.365111],[-79.3159295,35.3653149],[-79.313927,35.366765],[-79.313784,35.366861],[-79.313484,35.367045],[-79.313255,35.367172],[-79.313174,35.367217],[-79.312853,35.367375],[-79.310817,35.368282],[-79.309171,35.369014],[-79.305271,35.370748],[-79.301495,35.372361],[-79.301285,35.372456],[-79.2979335,35.3739699],[-79.2977838,35.3740375],[-79.295861,35.374906],[-79.2952113,35.3751932],[-79.293746,35.375841],[-79.2919076,35.3766509],[-79.288775,35.378031]]},"id":"way/51592783"},{"type":"Feature","properties":{"@id":"way/91897887","ref":"US 15;US 501","route0_ref":"US 501","route0_status":"signed","route0_role":"mainline","route0_tensDigit":0,"route0_onesDigit":"odd","route0_tier":"auxiliary","route1_ref":"US 15","route1_status":"signed","route1_role":"mainline","route1_tensDigit":1,"route1_onesDigit":"odd","route1_tier":"primary"},"geometry":{"type":"LineString","coordinates":[[-78.9647943,35.9678935],[-78.9652057,35.9676628],[-78.9655678,35.9674804],[-78.9665124,35.967008]]},"id":"way/91897887"},{"type":"Feature","properties":{"@id":"way/101983797","name":"Hawkins Avenue","ref":"US 15;US 501;NC 87","route0_ref":"US 501","route0_status":"signed","route0_role":"mainline","route0_tensDigit":0,"route0_onesDigit":"odd","route0_tier":"auxiliary","route1_ref":"US 15","route1_status":"signed","route1_role":"mainline","route1_tensDigit":1,"route1_onesDigit":"odd","route1_tier":"primary"},"geometry":{"type":"LineString","coordinates":[[-79.194155,35.5773419],[-79.1943482,35.5780313],[-79.1944259,35.5783083]]},"id":"way/101983797"},{"type":"Feature","properties":{"@id":"way/101983799","ref":"US 15;US 501;NC 87","route0_ref":"US 501","route0_status":"signed","route0_role":"mainline","route0_tensDigit":0,"route0_onesDigit":"odd","route0_tier":"auxiliary","route1_ref":"US 15","route1_status":"signed","route1_role":"mainline","route1_tensDigit":1,"route1_onesDigit":"odd","route1_tier":"primary"},"geometry":{"type":"LineString","coordinates":[[-79.1946271,35.5790871],[-79.194898,35.5801866],[-79.1950214,35.5807887],[-79.1951421,35.5813831],[-79.1951863,35.5816972],[-79.1951984,35.5820866],[-79.1952091,35.5823113],[-79.1952118,35.5824094],[-79.1952467,35.5826974],[-79.1952467,35.5829897],[-79.1952574,35.5832994],[-79.1952547,35.583583],[-79.1952413,35.5838971],[-79.1952252,35.5841916],[-79.1952145,35.5844665],[-79.195169,35.584773],[-79.195145,35.585072],[-79.194879,35.586853],[-79.1946934,35.5879474],[-79.194545,35.588822],[-79.194342,35.590021],[-79.193714,35.593728],[-79.193527,35.595093],[-79.19339,35.596292],[-79.1933413,35.5968197],[-79.193279,35.597494],[-79.193217,35.598372],[-79.193194,35.598696],[-79.193133,35.599973],[-79.193114,35.60082],[-79.193105,35.601861],[-79.1930719,35.6056181],[-79.193068,35.606062],[-79.193056,35.607437],[-79.1930129,35.6112801]]},"id":"way/101983799"},{"type":"Feature","properties":{"@id":"way/111460453","name":"Jefferson Davis Highway","ref":"US 1;US 15;US 501;NC 87","route0_ref":"US 1","route0_status":"signed","route0_role":"mainline","route0_tensDigit":0,"route0_onesDigit":"odd","route0_tier":"major","route1_ref":"US 501","route1_status":"signed","route1_role":"mainline","route1_tensDigit":0,"route1_onesDigit":"odd","route1_tier":"auxiliary"},"geometry":{"type":"LineString","coordinates":[[-79.1954531,35.4951166],[-79.1956415,35.4947751]]},"id":"way/111460453"},{"type":"Feature","properties":{"@id":"way/111460457","name":"Jefferson Davis Highway","ref":"US 1;US 15;US 501;NC 87","route0_ref":"US 1","route0_status":"signed","route0_role":"mainline","route0_tensDigit":0,"route0_onesDigit":"odd","route0_tier":"major","route1_ref":"US 501","route1_status":"signed","route1_role":"mainline","route1_tensDigit":0,"route1_onesDigit":"odd","route1_tier":"auxiliary"},"geometry":{"type":"LineString","coordinates":[[-79.1950712,35.4954582],[-79.194863,35.495835]]},"id":"way/111460457"},{"type":"Feature","properties":{"@id":"way/111460462","name":"Jefferson Davis Highway","ref":"US 1;US 15;US 501;NC 87","route0_ref":"US 1","route0_status":"signed","route0_role":"mainline","route0_tensDigit":0,"route0_onesDigit":"odd","route0_tier":"major","route1_ref":"US 501","route1_status":"signed","route1_role":"mainline","route1_tensDigit":0,"route1_onesDigit":"odd","route1_tier":"auxiliary"},"geometry":{"type":"LineString","coordinates":[[-79.1952143,35.4955436],[-79.1954531,35.4951166]]},"id":"way/111460462"},{"type":"Feature","properties":{"@id":"way/111460488","name":"Jefferson Davis Highway","ref":"US 1;US 15;US 501;NC 87","route0_ref":"US 1","route0_status":"signed","route0_role":"mainline","route0_tensDigit":0,"route0_onesDigit":"odd","route0_tier":"major","route1_ref":"US 501","route1_status":"signed","route1_role":"mainline","route1_tensDigit":0,"route1_onesDigit":"odd","route1_tier":"auxiliary"},"geometry":{"type":"LineString","coordinates":[[-79.1838791,35.5229338],[-79.1836558,35.5236175]]},"id":"way/111460488"},{"type":"Feature","properties":{"@id":"way/111460502","name":"Jefferson Davis Highway","ref":"US 1;US 15;US 501;NC 87","route0_ref":"US 1","route0_status":"signed","route0_role":"mainline","route0_tensDigit":0,"route0_onesDigit":"odd","route0_tier":"major","route1_ref":"US 501","route1_status":"signed","route1_role":"mainline","route1_tensDigit":0,"route1_onesDigit":"odd","route1_tier":"auxiliary"},"geometry":{"type":"LineString","coordinates":[[-79.1953215,35.4950185],[-79.1950712,35.4954582]]},"id":"way/111460502"},{"type":"Feature","properties":{"@id":"way/111679288","ref":"US 15;US 501;NC 211","route0_ref":"US 501","route0_status":"signed","route0_role":"mainline","route0_tensDigit":0,"route0_onesDigit":"odd","route0_tier":"auxiliary","route1_ref":"US 15","route1_status":"signed","route1_role":"mainline","route1_tensDigit":1,"route1_onesDigit":"odd","route1_tier":"primary"},"geometry":{"type":"LineString","coordinates":[[-79.4508218,35.2009576],[-79.4507463,35.2008983],[-79.4506288,35.2008201],[-79.4505517,35.2007558],[-79.4505134,35.2007128],[-79.450482,35.2006707],[-79.4504545,35.2006271],[-79.4504301,35.2005828],[-79.45041,35.2005446],[-79.4503858,35.200489],[-79.4503643,35.200419],[-79.4503543,35.2003717]]},"id":"way/111679288"},{"type":"Feature","properties":{"@id":"way/111679306","name":"Jefferson Davis Highway","ref":"US 1;US 15;US 501","route0_ref":"US 1","route0_status":"signed","route0_role":"mainline","route0_tensDigit":0,"route0_onesDigit":"odd","route0_tier":"major","route1_ref":"US 501","route1_status":"signed","route1_role":"mainline","route1_tensDigit":0,"route1_onesDigit":"odd","route1_tier":"auxiliary"},"geometry":{"type":"LineString","coordinates":[[-79.2141918,35.4509409],[-79.2141013,35.4511484],[-79.2139638,35.4514376],[-79.2137709,35.4517945],[-79.2135644,35.4521448],[-79.213346,35.4524983],[-79.213172,35.4527463],[-79.212895,35.453104],[-79.2126849,35.453373],[-79.212507,35.45357],[-79.211194,35.4551355]]},"id":"way/111679306"},{"type":"Feature","properties":{"@id":"way/111697227","ref":"US 15;US 501","route0_ref":"US 501","route0_status":"signed","route0_role":"mainline","route0_tensDigit":0,"route0_onesDigit":"odd","route0_tier":"auxiliary","route1_ref":"US 15","route1_status":"signed","route1_role":"mainline","route1_tensDigit":1,"route1_onesDigit":"odd","route1_tier":"primary"},"geometry":{"type":"LineString","coordinates":[[-79.4147628,35.3168607],[-79.4144071,35.3173048],[-79.4143025,35.3174558],[-79.4141791,35.3176002],[-79.413986,35.3178235],[-79.4137741,35.3180554],[-79.413704,35.3181404],[-79.4135139,35.3183706],[-79.411472,35.320436]]},"id":"way/111697227"},{"type":"Feature","properties":{"@id":"way/111697230","ref":"US 15;US 501;NC 22","route0_ref":"US 501","route0_status":"signed","route0_role":"mainline","route0_tensDigit":0,"route0_onesDigit":"odd","route0_tier":"auxiliary","route1_ref":"US 15","route1_status":"signed","route1_role":"mainline","route1_tensDigit":1,"route1_onesDigit":"odd","route1_tier":"primary"},"geometry":{"type":"LineString","coordinates":[[-79.41505,35.3163234],[-79.415083,35.316252],[-79.4152171,35.3160288],[-79.4153244,35.3158121],[-79.4154129,35.3155933],[-79.4155631,35.3151687],[-79.4156222,35.3150042],[-79.4156731,35.3148623],[-79.4157911,35.3144989],[-79.4158796,35.3142013],[-79.4159762,35.3138599],[-79.4160567,35.3135983],[-79.4161357,35.3133116],[-79.4162176,35.312991],[-79.4167208,35.3111307],[-79.4176727,35.3077335],[-79.4177602,35.3074119],[-79.4179597,35.3066785],[-79.4180314,35.3064296],[-79.4181957,35.3058598],[-79.4184253,35.305059],[-79.4185299,35.3046606],[-79.4187764,35.3039883],[-79.4188088,35.3038835]]},"id":"way/111697230"},{"type":"Feature","properties":{"@id":"way/111774364","name":"Jefferson Davis Highway","ref":"US 1;US 15;US 501;NC 87","route0_ref":"US 1","route0_status":"signed","route0_role":"mainline","route0_tensDigit":0,"route0_onesDigit":"odd","route0_tier":"major","route1_ref":"US 501","route1_status":"signed","route1_role":"mainline","route1_tensDigit":0,"route1_onesDigit":"odd","route1_tier":"auxiliary"},"geometry":{"type":"LineString","coordinates":[[-79.195443,35.494794],[-79.1953215,35.4950185]]},"id":"way/111774364"},{"type":"Feature","properties":{"@id":"way/111774368","name":"Jefferson Davis Highway","ref":"US 1;US 15;US 501","route0_ref":"US 1","route0_status":"signed","route0_role":"mainline","route0_tensDigit":0,"route0_onesDigit":"odd","route0_tier":"major","route1_ref":"US 501","route1_status":"signed","route1_role":"mainline","route1_tensDigit":0,"route1_onesDigit":"odd","route1_tier":"auxiliary"},"geometry":{"type":"LineString","coordinates":[[-79.1968835,35.4899321],[-79.1973147,35.4870654],[-79.1974515,35.4862028],[-79.1975346,35.4857245],[-79.1976059,35.4853792],[-79.1976443,35.4851974],[-79.1976797,35.4850296],[-79.1977342,35.4847845],[-79.197902,35.484081]]},"id":"way/111774368"},{"type":"Feature","properties":{"@id":"way/111774370","name":"Jefferson Davis Highway","ref":"US 1;US 15;US 501","route0_ref":"US 1","route0_status":"signed","route0_role":"mainline","route0_tensDigit":0,"route0_onesDigit":"odd","route0_tier":"major","route1_ref":"US 501","route1_status":"signed","route1_role":"mainline","route1_tensDigit":0,"route1_onesDigit":"odd","route1_tier":"auxiliary"},"geometry":{"type":"LineString","coordinates":[[-79.204236,35.465423],[-79.2045084,35.4646145],[-79.2046693,35.4642002],[-79.204845,35.463794],[-79.2050958,35.463265],[-79.205218,35.463015],[-79.2056553,35.462248],[-79.206075,35.461564],[-79.206753,35.460642],[-79.2072674,35.46003],[-79.2091983,35.457742],[-79.2113343,35.4552186]]},"id":"way/111774370"},{"type":"Feature","properties":{"@id":"way/111774431","name":"Jefferson Davis Highway","ref":"US 1;US 15;US 501","route0_ref":"US 1","route0_status":"signed","route0_role":"mainline","route0_tensDigit":0,"route0_onesDigit":"odd","route0_tier":"major","route1_ref":"US 501","route1_status":"signed","route1_role":"mainline","route1_tensDigit":0,"route1_onesDigit":"odd","route1_tier":"auxiliary"},"geometry":{"type":"LineString","coordinates":[[-79.2042518,35.4648052],[-79.2038969,35.46586],[-79.2034619,35.4671302],[-79.2029988,35.4684737]]},"id":"way/111774431"},{"type":"Feature","properties":{"@id":"way/111774460","name":"Jefferson Davis Highway","ref":"US 1;US 15;US 501;NC 87","route0_ref":"US 1","route0_status":"signed","route0_role":"mainline","route0_tensDigit":0,"route0_onesDigit":"odd","route0_tier":"major","route1_ref":"US 501","route1_status":"signed","route1_role":"mainline","route1_tensDigit":0,"route1_onesDigit":"odd","route1_tier":"auxiliary"},"geometry":{"type":"LineString","coordinates":[[-79.1863738,35.5161553],[-79.1870268,35.5142698],[-79.187277,35.51348],[-79.1874675,35.5129441],[-79.187825,35.5119099]]},"id":"way/111774460"},{"type":"Feature","properties":{"@id":"way/111782151","name":"Fordham Boulevard South","ref":"US 15;US 501","route0_ref":"US 501","route0_status":"signed","route0_role":"mainline","route0_tensDigit":0,"route0_onesDigit":"odd","route0_tier":"auxiliary","route1_ref":"US 15","route1_status":"signed","route1_role":"mainline","route1_tensDigit":1,"route1_onesDigit":"odd","route1_tier":"primary"},"geometry":{"type":"LineString","coordinates":[[-79.0289278,35.9059134],[-79.0284214,35.9065272],[-79.0279792,35.9071383],[-79.0276626,35.9076539],[-79.0274915,35.9079522],[-79.0273441,35.9082365],[-79.0272153,35.9085133]]},"id":"way/111782151"},{"type":"Feature","properties":{"@id":"way/111782152","ref":"US 15;US 501","route0_ref":"US 501","route0_status":"signed","route0_role":"mainline","route0_tensDigit":0,"route0_onesDigit":"odd","route0_tier":"auxiliary","route1_ref":"US 15","route1_status":"signed","route1_role":"mainline","route1_tensDigit":1,"route1_onesDigit":"odd","route1_tier":"primary"},"geometry":{"type":"LineString","coordinates":[[-79.0580054,35.8923871],[-79.0577821,35.8924812],[-79.0576166,35.8925786],[-79.0572522,35.8927653],[-79.057117,35.8928408],[-79.0570449,35.8929003]]},"id":"way/111782152"},{"type":"Feature","properties":{"@id":"way/111782161","name":"North Fordham Boulevard","ref":"US 15;US 501;NC 54","route0_ref":"US 501","route0_status":"signed","route0_role":"mainline","route0_tensDigit":0,"route0_onesDigit":"odd","route0_tier":"auxiliary","route1_ref":"US 15","route1_status":"signed","route1_role":"mainline","route1_tensDigit":1,"route1_onesDigit":"odd","route1_tier":"primary"},"geometry":{"type":"LineString","coordinates":[[-79.0268499,35.9100094],[-79.0269544,35.9096379],[-79.0271634,35.9090571]]},"id":"way/111782161"},{"type":"Feature","properties":{"@id":"way/116677807","name":"Durham-Chapel Hill Boulevard","ref":"US 15;US 501","route0_ref":"US 501","route0_status":"signed","route0_role":"mainline","route0_tensDigit":0,"route0_onesDigit":"odd","route0_tier":"auxiliary","route1_ref":"US 15","route1_status":"signed","route1_role":"mainline","route1_tensDigit":1,"route1_onesDigit":"odd","route1_tier":"primary"},"geometry":{"type":"LineString","coordinates":[[-78.976945,35.9614919],[-78.9758661,35.9620662],[-78.9748042,35.9626357]]},"id":"way/116677807"},{"type":"Feature","properties":{"@id":"way/116677861","name":"North Fordham Boulevard","ref":"US 15;US 501","route0_ref":"US 501","route0_status":"signed","route0_role":"mainline","route0_tensDigit":0,"route0_onesDigit":"odd","route0_tier":"auxiliary","route1_ref":"US 15","route1_status":"signed","route1_role":"mainline","route1_tensDigit":1,"route1_onesDigit":"odd","route1_tier":"primary"},"geometry":{"type":"LineString","coordinates":[[-79.0231842,35.9376478],[-79.0231405,35.9378276],[-79.0230683,35.9380676],[-79.0230401,35.9381639],[-79.022973,35.9383438],[-79.0229127,35.938463],[-79.022847,35.9385778],[-79.0227831,35.9386721],[-79.0227121,35.9387625],[-79.0225888,35.9389071]]},"id":"way/116677861"},{"type":"Feature","properties":{"@id":"way/116677866","name":"Durham-Chapel Hill Boulevard","ref":"US 15;US 501","route0_ref":"US 501","route0_status":"signed","route0_role":"mainline","route0_tensDigit":0,"route0_onesDigit":"odd","route0_tier":"auxiliary","route1_ref":"US 15","route1_status":"signed","route1_role":"mainline","route1_tensDigit":1,"route1_onesDigit":"odd","route1_tier":"primary"},"geometry":{"type":"LineString","coordinates":[[-78.9786304,35.9608018],[-78.98132,35.9593648]]},"id":"way/116677866"},{"type":"Feature","properties":{"@id":"way/116786585","name":"Monroe Street","ref":"US 15;US 501;NC 24;NC 27","route0_ref":"US 501","route0_status":"signed","route0_role":"mainline","route0_tensDigit":0,"route0_onesDigit":"odd","route0_tier":"auxiliary","route1_ref":"US 15","route1_status":"signed","route1_role":"mainline","route1_tensDigit":1,"route1_onesDigit":"odd","route1_tier":"primary"},"geometry":{"type":"LineString","coordinates":[[-79.3964742,35.3426438],[-79.3973051,35.3423591],[-79.3978091,35.342187]]},"id":"way/116786585"},{"type":"Feature","properties":{"@id":"way/116792787","name":"Chapel Hill Road","ref":"US 15;US 501","route0_ref":"US 501","route0_status":"signed","route0_role":"mainline","route0_tensDigit":0,"route0_onesDigit":"odd","route0_tier":"auxiliary","route1_ref":"US 15","route1_status":"signed","route1_role":"mainline","route1_tensDigit":1,"route1_onesDigit":"odd","route1_tier":"primary"},"geometry":{"type":"LineString","coordinates":[[-79.1672095,35.7468942],[-79.1671423,35.7480977]]},"id":"way/116792787"},{"type":"Feature","properties":{"@id":"way/116792796","name":"Hawkins Avenue","ref":"US 15;US 501;NC 87","route0_ref":"US 501","route0_status":"signed","route0_role":"mainline","route0_tensDigit":0,"route0_onesDigit":"odd","route0_tier":"auxiliary","route1_ref":"US 15","route1_status":"signed","route1_role":"mainline","route1_tensDigit":1,"route1_onesDigit":"odd","route1_tier":"primary"},"geometry":{"type":"LineString","coordinates":[[-79.192032,35.5604095],[-79.192044,35.560065],[-79.19206,35.559588],[-79.192065,35.558964],[-79.1920576,35.5587296],[-79.192051,35.55852],[-79.192022,35.55771],[-79.1919919,35.5574537],[-79.1919694,35.5571272],[-79.1918203,35.556063],[-79.191738,35.555457],[-79.191669,35.554847],[-79.1915514,35.5535294],[-79.1915416,35.5533724]]},"id":"way/116792796"},{"type":"Feature","properties":{"@id":"way/116792825","name":"Hawkins Avenue","ref":"US 15;US 501;NC 87","route0_ref":"US 501","route0_status":"signed","route0_role":"mainline","route0_tensDigit":0,"route0_onesDigit":"odd","route0_tier":"auxiliary","route1_ref":"US 15","route1_status":"signed","route1_role":"mainline","route1_tensDigit":1,"route1_onesDigit":"odd","route1_tier":"primary"},"geometry":{"type":"LineString","coordinates":[[-79.1918705,35.5593369],[-79.191951,35.560704],[-79.1920294,35.5615379]]},"id":"way/116792825"},{"type":"Feature","properties":{"@id":"way/120087082","ref":"US 15;US 501","route0_ref":"US 501","route0_status":"signed","route0_role":"mainline","route0_tensDigit":0,"route0_onesDigit":"odd","route0_tier":"auxiliary","route1_ref":"US 15","route1_status":"signed","route1_role":"mainline","route1_tensDigit":1,"route1_onesDigit":"odd","route1_tier":"primary"},"geometry":{"type":"LineString","coordinates":[[-79.4508887,35.206572],[-79.4509632,35.2071823],[-79.4510356,35.2080962],[-79.4512164,35.209513],[-79.4512851,35.2103073],[-79.4513481,35.2109944]]},"id":"way/120087082"},{"type":"Feature","properties":{"@id":"way/127973884","name":"Jefferson Davis Highway","ref":"US 1;US 15;US 501","route0_ref":"US 1","route0_status":"signed","route0_role":"mainline","route0_tensDigit":0,"route0_onesDigit":"odd","route0_tier":"major","route1_ref":"US 501","route1_status":"signed","route1_role":"mainline","route1_tensDigit":0,"route1_onesDigit":"odd","route1_tier":"auxiliary"},"geometry":{"type":"LineString","coordinates":[[-79.2030432,35.4688794],[-79.203205,35.4684072]]},"id":"way/127973884"},{"type":"Feature","properties":{"@id":"way/127973885","name":"Jefferson Davis Highway","ref":"US 1;US 15;US 501","route0_ref":"US 1","route0_status":"signed","route0_role":"mainline","route0_tensDigit":0,"route0_onesDigit":"odd","route0_tier":"major","route1_ref":"US 501","route1_status":"signed","route1_role":"mainline","route1_tensDigit":0,"route1_onesDigit":"odd","route1_tier":"auxiliary"},"geometry":{"type":"LineString","coordinates":[[-79.2029988,35.4684737],[-79.2028396,35.4689333]]},"id":"way/127973885"},{"type":"Feature","properties":{"@id":"way/127973886","name":"Jefferson Davis Highway","ref":"US 1;US 15;US 501","route0_ref":"US 1","route0_status":"signed","route0_role":"mainline","route0_tensDigit":0,"route0_onesDigit":"odd","route0_tier":"major","route1_ref":"US 501","route1_status":"signed","route1_role":"mainline","route1_tensDigit":0,"route1_onesDigit":"odd","route1_tier":"auxiliary"},"geometry":{"type":"LineString","coordinates":[[-79.203205,35.4684072],[-79.204055,35.465925],[-79.204236,35.465423]]},"id":"way/127973886"},{"type":"Feature","properties":{"@id":"way/127973887","name":"Jefferson Davis Highway","ref":"US 1;US 15;US 501","route0_ref":"US 1","route0_status":"signed","route0_role":"mainline","route0_tensDigit":0,"route0_onesDigit":"odd","route0_tier":"major","route1_ref":"US 501","route1_status":"signed","route1_role":"mainline","route1_tensDigit":0,"route1_onesDigit":"odd","route1_tier":"auxiliary"},"geometry":{"type":"LineString","coordinates":[[-79.2028396,35.4689333],[-79.2023446,35.4703624],[-79.2021004,35.4710798],[-79.2018461,35.471786],[-79.2015304,35.4727335],[-79.1994,35.478906],[-79.1990289,35.4799857]]},"id":"way/127973887"},{"type":"Feature","properties":{"@id":"way/133051274","name":"Chapel Hill Road","ref":"US 15;US 501","route0_ref":"US 501","route0_status":"signed","route0_role":"mainline","route0_tensDigit":0,"route0_onesDigit":"odd","route0_tier":"auxiliary","route1_ref":"US 15","route1_status":"signed","route1_role":"mainline","route1_tensDigit":1,"route1_onesDigit":"odd","route1_tier":"primary"},"geometry":{"type":"LineString","coordinates":[[-79.1552461,35.7673834],[-79.155907,35.7669865],[-79.1562635,35.7668063],[-79.1564306,35.7667218],[-79.1564604,35.7667108],[-79.1567453,35.7666057],[-79.1570914,35.7664781],[-79.1577523,35.7662343],[-79.1580262,35.7661291],[-79.1587136,35.7658652],[-79.1592115,35.7656633],[-79.1597093,35.7653847]]},"id":"way/133051274"},{"type":"Feature","properties":{"@id":"way/133051275","name":"Chapel Hill Road","ref":"US 15;US 501","route0_ref":"US 501","route0_status":"signed","route0_role":"mainline","route0_tensDigit":0,"route0_onesDigit":"odd","route0_tier":"auxiliary","route1_ref":"US 15","route1_status":"signed","route1_role":"mainline","route1_tensDigit":1,"route1_onesDigit":"odd","route1_tier":"primary"},"geometry":{"type":"LineString","coordinates":[[-79.1596063,35.7652663],[-79.1591428,35.7655379],[-79.1586621,35.7657468],[-79.1577094,35.7660811],[-79.1570314,35.7663318],[-79.1569098,35.7663811],[-79.1563791,35.7665965],[-79.1558034,35.7668674],[-79.1551428,35.7672652],[-79.1547054,35.7675715],[-79.1543191,35.7678779],[-79.1540729,35.7681062],[-79.1540187,35.7681565],[-79.1537441,35.768435],[-79.1532634,35.769034],[-79.1532361,35.7690767],[-79.1529287,35.7695563],[-79.1528119,35.7697275],[-79.1526713,35.7699411]]},"id":"way/133051275"},{"type":"Feature","properties":{"@id":"way/133051276","name":"Chapel Hill Road","ref":"US 15;US 501","route0_ref":"US 501","route0_status":"signed","route0_role":"mainline","route0_tensDigit":0,"route0_onesDigit":"odd","route0_tier":"auxiliary","route1_ref":"US 15","route1_status":"signed","route1_role":"mainline","route1_tensDigit":1,"route1_onesDigit":"odd","route1_tier":"primary"},"geometry":{"type":"LineString","coordinates":[[-79.1597093,35.7653847],[-79.1600698,35.76512],[-79.1604303,35.7648414],[-79.1608202,35.7643889],[-79.160908,35.764287],[-79.1621383,35.7627242],[-79.1625674,35.7621879],[-79.1630395,35.7616934],[-79.1634429,35.7613382],[-79.1640352,35.7608437],[-79.1650909,35.7601333],[-79.1655715,35.7597224],[-79.1656949,35.759604],[-79.1658548,35.7594507],[-79.1660608,35.7591861],[-79.1662667,35.7588866],[-79.1664642,35.7585314],[-79.1665757,35.7582179],[-79.1667131,35.7577722],[-79.1667181,35.7577229],[-79.1667474,35.7574309],[-79.1667817,35.7569224],[-79.1668663,35.7554649],[-79.1668736,35.7553384],[-79.1668774,35.7552734],[-79.1668859,35.7551267],[-79.166994,35.7538236]]},"id":"way/133051276"},{"type":"Feature","properties":{"@id":"way/133051277","name":"Chapel Hill Road","ref":"US 15;US 501","route0_ref":"US 501","route0_status":"signed","route0_role":"mainline","route0_tensDigit":0,"route0_onesDigit":"odd","route0_tier":"auxiliary","route1_ref":"US 15","route1_status":"signed","route1_role":"mainline","route1_tensDigit":1,"route1_onesDigit":"odd","route1_tier":"primary"},"geometry":{"type":"LineString","coordinates":[[-79.1522675,35.7705544],[-79.1521981,35.7706599],[-79.1516155,35.7715132],[-79.1512206,35.7720981],[-79.1507314,35.7726831],[-79.1503108,35.7730661],[-79.1497615,35.7735118],[-79.1490749,35.7739505]]},"id":"way/133051277"},{"type":"Feature","properties":{"@id":"way/133051278","name":"Chapel Hill Road","ref":"US 15;US 501","route0_ref":"US 501","route0_status":"signed","route0_role":"mainline","route0_tensDigit":0,"route0_onesDigit":"odd","route0_tier":"auxiliary","route1_ref":"US 15","route1_status":"signed","route1_role":"mainline","route1_tensDigit":1,"route1_onesDigit":"odd","route1_tier":"primary"},"geometry":{"type":"LineString","coordinates":[[-79.0920253,35.8093311],[-79.0918365,35.8095409],[-79.0917142,35.8096732],[-79.0913795,35.8100073],[-79.0907958,35.8104528],[-79.0901864,35.8108286],[-79.0896457,35.8110792],[-79.0888512,35.8113769],[-79.0885235,35.8115027],[-79.0885127,35.8115038],[-79.0883747,35.8115556],[-79.0883158,35.8115777],[-79.0880492,35.8116778],[-79.0873969,35.8119632],[-79.0867618,35.8123251],[-79.0862382,35.812694],[-79.085852,35.8130212],[-79.0855629,35.8133337],[-79.0854142,35.8134945],[-79.0851138,35.8138981],[-79.0848649,35.8142879],[-79.0846418,35.8147473],[-79.0845044,35.8151371],[-79.0843671,35.8156103],[-79.0842849,35.8160636]]},"id":"way/133051278"},{"type":"Feature","properties":{"@id":"way/133051279","name":"Chapel Hill Road","ref":"US 15;US 501","route0_ref":"US 501","route0_status":"signed","route0_role":"mainline","route0_tensDigit":0,"route0_onesDigit":"odd","route0_tier":"auxiliary","route1_ref":"US 15","route1_status":"signed","route1_role":"mainline","route1_tensDigit":1,"route1_onesDigit":"odd","route1_tier":"primary"},"geometry":{"type":"LineString","coordinates":[[-79.0921519,35.8094644],[-79.0923388,35.8092073]]},"id":"way/133051279"},{"type":"Feature","properties":{"@id":"way/133051315","name":"NC 902","ref":"US 15;US 501;NC 87;NC 902","route0_ref":"US 501","route0_status":"signed","route0_role":"mainline","route0_tensDigit":0,"route0_onesDigit":"odd","route0_tier":"auxiliary","route1_ref":"US 15","route1_status":"signed","route1_role":"mainline","route1_tensDigit":1,"route1_onesDigit":"odd","route1_tier":"primary"},"geometry":{"type":"LineString","coordinates":[[-79.187,35.718126],[-79.18697,35.71873],[-79.1869488,35.7191115],[-79.186863,35.720655]]},"id":"way/133051315"},{"type":"Feature","properties":{"@id":"way/133051337","ref":"US 15;US 501;NC 87","route0_ref":"US 501","route0_status":"signed","route0_role":"mainline","route0_tensDigit":0,"route0_onesDigit":"odd","route0_tier":"auxiliary","route1_ref":"US 15","route1_status":"signed","route1_role":"mainline","route1_tensDigit":1,"route1_onesDigit":"odd","route1_tier":"primary"},"geometry":{"type":"LineString","coordinates":[[-79.1883443,35.6222812],[-79.1875221,35.6227771]]},"id":"way/133051337"},{"type":"Feature","properties":{"@id":"way/133051338","ref":"US 15;US 501;NC 87","route0_ref":"US 501","route0_status":"signed","route0_role":"mainline","route0_tensDigit":0,"route0_onesDigit":"odd","route0_tier":"auxiliary","route1_ref":"US 15","route1_status":"signed","route1_role":"mainline","route1_tensDigit":1,"route1_onesDigit":"odd","route1_tier":"primary"},"geometry":{"type":"LineString","coordinates":[[-79.1875221,35.6227771],[-79.186366,35.623482],[-79.186136,35.623623],[-79.1860337,35.6236901],[-79.185309,35.624165],[-79.185184,35.624257],[-79.185054,35.624359],[-79.184929,35.624465],[-79.184809,35.624574],[-79.184637,35.624745],[-79.184476,35.624923],[-79.184376,35.625045],[-79.184235,35.625235],[-79.184073,35.625476],[-79.183899,35.625766],[-79.183792,35.625965],[-79.183695,35.626166],[-79.183565,35.626473],[-79.183489,35.626682],[-79.183423,35.62689],[-79.1828314,35.6289209],[-79.181411,35.633797],[-79.1801895,35.6379961],[-79.178558,35.643614],[-79.178159,35.64492]]},"id":"way/133051338"},{"type":"Feature","properties":{"@id":"way/133051339","ref":"US 15;US 501;NC 87","route0_ref":"US 501","route0_status":"signed","route0_role":"mainline","route0_tensDigit":0,"route0_onesDigit":"odd","route0_tier":"auxiliary","route1_ref":"US 15","route1_status":"signed","route1_role":"mainline","route1_tensDigit":1,"route1_onesDigit":"odd","route1_tier":"primary"},"geometry":{"type":"LineString","coordinates":[[-79.1930129,35.6112801],[-79.19301,35.613809],[-79.1929641,35.6158845],[-79.192945,35.616265],[-79.192917,35.61649],[-79.192873,35.616753],[-79.192818,35.617014],[-79.192752,35.617274],[-79.192674,35.617532],[-79.192585,35.617788],[-79.192486,35.618041],[-79.192376,35.618292],[-79.192291,35.618468],[-79.192123,35.618786],[-79.191981,35.619027],[-79.19183,35.619264],[-79.191585,35.619612],[-79.191408,35.619837],[-79.191223,35.620057],[-79.190927,35.620377],[-79.190654,35.620644],[-79.190389,35.620881],[-79.190159,35.621071],[-79.189952,35.621232],[-79.189618,35.621478],[-79.189471,35.621581],[-79.1892286,35.6217388],[-79.18917,35.621777],[-79.1883443,35.6222812]]},"id":"way/133051339"},{"type":"Feature","properties":{"@id":"way/133051340","ref":"US 15;US 501;NC 87","route0_ref":"US 501","route0_status":"signed","route0_role":"mainline","route0_tensDigit":0,"route0_onesDigit":"odd","route0_tier":"auxiliary","route1_ref":"US 15","route1_status":"signed","route1_role":"mainline","route1_tensDigit":1,"route1_onesDigit":"odd","route1_tier":"primary"},"geometry":{"type":"LineString","coordinates":[[-79.178159,35.64492],[-79.177014,35.648862],[-79.1766778,35.6500242],[-79.176655,35.650103],[-79.176424,35.650897],[-79.176372,35.651079],[-79.176336,35.651207],[-79.176259,35.651503],[-79.176189,35.6518],[-79.176125,35.652099],[-79.176067,35.652397],[-79.176009,35.652723],[-79.176,35.652777],[-79.17596,35.653043],[-79.175925,35.65331],[-79.175897,35.653576],[-79.175875,35.653844],[-79.175858,35.654109],[-79.175846,35.654377],[-79.175841,35.654646],[-79.175841,35.654911],[-79.175846,35.65518],[-79.175858,35.655448],[-79.175876,35.655714],[-79.175899,35.655981],[-79.175932,35.656283],[-79.175972,35.656581],[-79.176018,35.656877],[-79.17607,35.657175],[-79.176129,35.657472],[-79.176194,35.657766],[-79.1769687,35.6609494],[-79.177044,35.66129],[-79.17712,35.661606],[-79.177525,35.663287],[-79.1775778,35.6635119],[-79.177684,35.663943],[-79.178021,35.665431],[-79.178152,35.666089],[-79.178241,35.666595],[-79.178319,35.667101],[-79.1783708,35.667535],[-79.178383,35.6676429]]},"id":"way/133051340"},{"type":"Feature","properties":{"@id":"way/138138830","name":"Chapel Hill Road","ref":"US 15;US 501","route0_ref":"US 501","route0_status":"signed","route0_role":"mainline","route0_tensDigit":0,"route0_onesDigit":"odd","route0_tier":"auxiliary","route1_ref":"US 15","route1_status":"signed","route1_role":"mainline","route1_tensDigit":1,"route1_onesDigit":"odd","route1_tier":"primary"},"geometry":{"type":"LineString","coordinates":[[-79.1665865,35.7577104],[-79.1665757,35.7577791],[-79.1664556,35.7581901],[-79.1663354,35.7584965],[-79.1661849,35.7587583],[-79.1661552,35.75881],[-79.1659964,35.7590409],[-79.1659841,35.7590588],[-79.1659492,35.7591095],[-79.1657432,35.7593602],[-79.1654599,35.7596109],[-79.1649707,35.7600219],[-79.1649422,35.7600408],[-79.1647213,35.7601875],[-79.1639322,35.7607114],[-79.1635546,35.7610198],[-79.1633056,35.7612198],[-79.162885,35.7616099],[-79.1624644,35.7620765],[-79.1622604,35.7623292],[-79.1619752,35.7626824],[-79.1605418,35.7644654],[-79.1602586,35.7647718],[-79.1599839,35.7650016],[-79.1596063,35.7652663]]},"id":"way/138138830"},{"type":"Feature","properties":{"@id":"way/160037784","name":"Jefferson Davis Highway","ref":"US 1;US 15;US 501","route0_ref":"US 1","route0_status":"signed","route0_role":"mainline","route0_tensDigit":0,"route0_onesDigit":"odd","route0_tier":"major","route1_ref":"US 501","route1_status":"signed","route1_role":"mainline","route1_tensDigit":0,"route1_onesDigit":"odd","route1_tier":"auxiliary"},"geometry":{"type":"LineString","coordinates":[[-79.196406,35.4919242],[-79.1963677,35.4921777],[-79.1963168,35.4924713],[-79.19627,35.4927185],[-79.196197,35.493029],[-79.1961251,35.4932721],[-79.196049,35.4935],[-79.195928,35.4938104],[-79.1958408,35.4940135],[-79.195772,35.494165],[-79.195545,35.494615],[-79.195443,35.494794]]},"id":"way/160037784"},{"type":"Feature","properties":{"@id":"way/160037785","name":"Jefferson Davis Highway","ref":"US 1;US 15;US 501","route0_ref":"US 1","route0_status":"signed","route0_role":"mainline","route0_tensDigit":0,"route0_onesDigit":"odd","route0_tier":"major","route1_ref":"US 501","route1_status":"signed","route1_role":"mainline","route1_tensDigit":0,"route1_onesDigit":"odd","route1_tier":"auxiliary"},"geometry":{"type":"LineString","coordinates":[[-79.1990289,35.4799857],[-79.1988851,35.4804307]]},"id":"way/160037785"},{"type":"Feature","properties":{"@id":"way/160037786","name":"Jefferson Davis Highway","ref":"US 1;US 15;US 501","route0_ref":"US 1","route0_status":"signed","route0_role":"mainline","route0_tensDigit":0,"route0_onesDigit":"odd","route0_tier":"major","route1_ref":"US 501","route1_status":"signed","route1_role":"mainline","route1_tensDigit":0,"route1_onesDigit":"odd","route1_tier":"auxiliary"},"geometry":{"type":"LineString","coordinates":[[-79.1990766,35.4804065],[-79.1992254,35.4799835]]},"id":"way/160037786"},{"type":"Feature","properties":{"@id":"way/160037787","name":"Jefferson Davis Highway","ref":"US 1;US 15;US 501","route0_ref":"US 1","route0_status":"signed","route0_role":"mainline","route0_tensDigit":0,"route0_onesDigit":"odd","route0_tier":"major","route1_ref":"US 501","route1_status":"signed","route1_role":"mainline","route1_tensDigit":0,"route1_onesDigit":"odd","route1_tier":"auxiliary"},"geometry":{"type":"LineString","coordinates":[[-79.2003232,35.4767749],[-79.201187,35.474272],[-79.201525,35.473294],[-79.201958,35.472011]]},"id":"way/160037787"},{"type":"Feature","properties":{"@id":"way/169481143","ref":"US 15;US 501","route0_ref":"US 501","route0_status":"signed","route0_role":"mainline","route0_tensDigit":0,"route0_onesDigit":"odd","route0_tier":"auxiliary","route1_ref":"US 15","route1_status":"signed","route1_role":"mainline","route1_tensDigit":1,"route1_onesDigit":"odd","route1_tier":"primary"},"geometry":{"type":"LineString","coordinates":[[-79.4513481,35.2109944],[-79.451622,35.21398],[-79.451959,35.21736],[-79.451956,35.217701],[-79.451961,35.218041],[-79.451994,35.218764],[-79.451969,35.219217],[-79.451927,35.21965],[-79.451636,35.22187],[-79.45152,35.222743],[-79.451341,35.224088],[-79.451146,35.225219],[-79.451106,35.225449],[-79.4509893,35.2259624]]},"id":"way/169481143"},{"type":"Feature","properties":{"@id":"way/169481148","ref":"US 15;US 501","route0_ref":"US 501","route0_status":"signed","route0_role":"mainline","route0_tensDigit":0,"route0_onesDigit":"odd","route0_tier":"auxiliary","route1_ref":"US 15","route1_status":"signed","route1_role":"mainline","route1_tensDigit":1,"route1_onesDigit":"odd","route1_tier":"primary"},"geometry":{"type":"LineString","coordinates":[[-79.442136,35.2539142],[-79.4417218,35.2553956],[-79.4416357,35.2557096],[-79.441214,35.257248],[-79.44114,35.257516],[-79.44031,35.260511],[-79.439918,35.261929],[-79.439791,35.262354],[-79.439718,35.262573],[-79.439559,35.263007],[-79.439472,35.263222],[-79.439286,35.263649],[-79.439092,35.264047],[-79.439081,35.26407],[-79.438859,35.264485],[-79.438741,35.26469],[-79.437407,35.266894],[-79.437321,35.267039],[-79.436827,35.267866],[-79.436572,35.268293],[-79.436391,35.268617],[-79.436232,35.268948],[-79.436137,35.269173],[-79.436052,35.2694],[-79.435784,35.270214],[-79.435552,35.270911],[-79.435161,35.27215],[-79.4347009,35.2736102]]},"id":"way/169481148"},{"type":"Feature","properties":{"@id":"way/169481154","ref":"US 15;US 501","route0_ref":"US 501","route0_status":"signed","route0_role":"mainline","route0_tensDigit":0,"route0_onesDigit":"odd","route0_tier":"auxiliary","route1_ref":"US 15","route1_status":"signed","route1_role":"mainline","route1_tensDigit":1,"route1_onesDigit":"odd","route1_tier":"primary"},"geometry":{"type":"LineString","coordinates":[[-79.4474441,35.2377016],[-79.44702,35.238964],[-79.446876,35.239416],[-79.4457503,35.2430254],[-79.4449639,35.2454898],[-79.444686,35.246279],[-79.44458,35.246585],[-79.444375,35.247171],[-79.4441309,35.24787],[-79.443331,35.25016],[-79.44264,35.2522721],[-79.442383,35.2531012],[-79.4422108,35.2536679]]},"id":"way/169481154"},{"type":"Feature","properties":{"@id":"way/169481158","ref":"US 15;US 501","route0_ref":"US 501","route0_status":"signed","route0_role":"mainline","route0_tensDigit":0,"route0_onesDigit":"odd","route0_tier":"auxiliary","route1_ref":"US 15","route1_status":"signed","route1_role":"mainline","route1_tensDigit":1,"route1_onesDigit":"odd","route1_tier":"primary"},"geometry":{"type":"LineString","coordinates":[[-79.4343461,35.2747252],[-79.434009,35.275793],[-79.4339168,35.2760585],[-79.433862,35.276216],[-79.433705,35.276637],[-79.43354,35.277056],[-79.433366,35.277473],[-79.433183,35.277887],[-79.432991,35.278298],[-79.432791,35.278706],[-79.432581,35.279112],[-79.431094,35.281926],[-79.430023,35.283953],[-79.429828,35.28434],[-79.429642,35.284729],[-79.429464,35.285121],[-79.429302,35.285498],[-79.429294,35.285516],[-79.4290369,35.2861663],[-79.428988,35.28629],[-79.428691,35.287087],[-79.4285401,35.2874935],[-79.428372,35.287946],[-79.428125,35.288783],[-79.427598,35.290194],[-79.4275635,35.2902864],[-79.426627,35.292792],[-79.426464,35.293207],[-79.426411,35.293332],[-79.426365,35.29344],[-79.426159,35.293887],[-79.425919,35.294358],[-79.425795,35.294584],[-79.425696,35.294747],[-79.425372,35.295284],[-79.425105,35.295682],[-79.424797,35.296107],[-79.424471,35.296523],[-79.424301,35.296727],[-79.4234729,35.2976555],[-79.4230419,35.2981191],[-79.4225368,35.2986624],[-79.4218475,35.2994286],[-79.4211367,35.3002145],[-79.42067,35.3007661],[-79.4201631,35.3013725],[-79.4197701,35.3018891],[-79.4196454,35.3021036],[-79.4194791,35.3023729],[-79.4192726,35.3027844],[-79.4191588,35.3030594]]},"id":"way/169481158"},{"type":"Feature","properties":{"@id":"way/170401286","name":"Durham-Chapel Hill Boulevard","ref":"US 15;US 501","route0_ref":"US 501","route0_status":"signed","route0_role":"mainline","route0_tensDigit":0,"route0_onesDigit":"odd","route0_tier":"auxiliary","route1_ref":"US 15","route1_status":"signed","route1_role":"mainline","route1_tensDigit":1,"route1_onesDigit":"odd","route1_tier":"primary"},"geometry":{"type":"LineString","coordinates":[[-78.981198,35.959219],[-78.9794182,35.9601687]]},"id":"way/170401286"},{"type":"Feature","properties":{"@id":"way/170401287","name":"Durham-Chapel Hill Boulevard","ref":"US 15;US 501","route0_ref":"US 501","route0_status":"signed","route0_role":"mainline","route0_tensDigit":0,"route0_onesDigit":"odd","route0_tier":"auxiliary","route1_ref":"US 15","route1_status":"signed","route1_role":"mainline","route1_tensDigit":1,"route1_onesDigit":"odd","route1_tier":"primary"},"geometry":{"type":"LineString","coordinates":[[-78.9847576,35.9575328],[-78.985806,35.9569791],[-78.9864729,35.9566407],[-78.9871784,35.9562922],[-78.9888919,35.9555126]]},"id":"way/170401287"},{"type":"Feature","properties":{"@id":"way/170401288","name":"Durham-Chapel Hill Boulevard","ref":"US 15;US 501","route0_ref":"US 501","route0_status":"signed","route0_role":"mainline","route0_tensDigit":0,"route0_onesDigit":"odd","route0_tier":"auxiliary","route1_ref":"US 15","route1_status":"signed","route1_role":"mainline","route1_tensDigit":1,"route1_onesDigit":"odd","route1_tier":"primary"},"geometry":{"type":"LineString","coordinates":[[-78.98132,35.9593648],[-78.9821534,35.9589218]]},"id":"way/170401288"},{"type":"Feature","properties":{"@id":"way/170401289","name":"Durham-Chapel Hill Boulevard","ref":"US 15;US 501","route0_ref":"US 501","route0_status":"signed","route0_role":"mainline","route0_tensDigit":0,"route0_onesDigit":"odd","route0_tier":"auxiliary","route1_ref":"US 15","route1_status":"signed","route1_role":"mainline","route1_tensDigit":1,"route1_onesDigit":"odd","route1_tier":"primary"},"geometry":{"type":"LineString","coordinates":[[-78.9820346,35.958769],[-78.981198,35.959219]]},"id":"way/170401289"},{"type":"Feature","properties":{"@id":"way/174791468","ref":"US 15;US 501","route0_ref":"US 501","route0_status":"signed","route0_role":"mainline","route0_tensDigit":0,"route0_onesDigit":"odd","route0_tier":"auxiliary","route1_ref":"US 15","route1_status":"signed","route1_role":"mainline","route1_tensDigit":1,"route1_onesDigit":"odd","route1_tier":"primary"},"geometry":{"type":"LineString","coordinates":[[-78.9606461,35.9733065],[-78.9604558,35.9737493],[-78.960202,35.9743769],[-78.9599092,35.9750684]]},"id":"way/174791468"},{"type":"Feature","properties":{"@id":"way/174791469","ref":"US 15;US 501","route0_ref":"US 501","route0_status":"signed","route0_role":"mainline","route0_tensDigit":0,"route0_onesDigit":"odd","route0_tier":"auxiliary","route1_ref":"US 15","route1_status":"signed","route1_role":"mainline","route1_tensDigit":1,"route1_onesDigit":"odd","route1_tier":"primary"},"geometry":{"type":"LineString","coordinates":[[-78.9627099,35.9679463],[-78.9625179,35.9682948],[-78.9624095,35.9685148],[-78.9623187,35.9687361]]},"id":"way/174791469"},{"type":"Feature","properties":{"@id":"way/174791470","ref":"US 15;US 501","route0_ref":"US 501","route0_status":"signed","route0_role":"mainline","route0_tensDigit":0,"route0_onesDigit":"odd","route0_tier":"auxiliary","route1_ref":"US 15","route1_status":"signed","route1_role":"mainline","route1_tensDigit":1,"route1_onesDigit":"odd","route1_tier":"primary"},"geometry":{"type":"LineString","coordinates":[[-78.9623187,35.9687361],[-78.9622157,35.9690168],[-78.962188,35.9691152],[-78.9620461,35.9696306],[-78.9618775,35.9702608],[-78.9617899,35.9705272],[-78.9616815,35.970826],[-78.9614292,35.9714269],[-78.9611124,35.9722021],[-78.9606461,35.9733065]]},"id":"way/174791470"},{"type":"Feature","properties":{"@id":"way/235488474","name":"North Fordham Boulevard","ref":"US 15;US 501","route0_ref":"US 501","route0_status":"signed","route0_role":"mainline","route0_tensDigit":0,"route0_onesDigit":"odd","route0_tier":"auxiliary","route1_ref":"US 15","route1_status":"signed","route1_role":"mainline","route1_tensDigit":1,"route1_onesDigit":"odd","route1_tier":"primary"},"geometry":{"type":"LineString","coordinates":[[-79.0219118,35.9406185],[-79.0220524,35.9405318],[-79.0221627,35.9404582],[-79.0222852,35.9403698],[-79.0223871,35.9402859],[-79.022487,35.9401973],[-79.0225837,35.9401037],[-79.0226727,35.9400075],[-79.0227548,35.9399113],[-79.0228385,35.9398057],[-79.0229052,35.9397064],[-79.0229722,35.9396021]]},"id":"way/235488474"},{"type":"Feature","properties":{"@id":"way/235488484","ref":"US 15;US 501","route0_ref":"US 501","route0_status":"signed","route0_role":"mainline","route0_tensDigit":0,"route0_onesDigit":"odd","route0_tier":"auxiliary","route1_ref":"US 15","route1_status":"signed","route1_role":"mainline","route1_tensDigit":1,"route1_onesDigit":"odd","route1_tier":"primary"},"geometry":{"type":"LineString","coordinates":[[-78.9580873,35.996296],[-78.958117,35.9984976]]},"id":"way/235488484"},{"type":"Feature","properties":{"@id":"way/235488485","ref":"US 15;US 501","route0_ref":"US 501","route0_status":"signed","route0_role":"mainline","route0_tensDigit":0,"route0_onesDigit":"odd","route0_tier":"auxiliary","route1_ref":"US 15","route1_status":"signed","route1_role":"mainline","route1_tensDigit":1,"route1_onesDigit":"odd","route1_tier":"primary"},"geometry":{"type":"LineString","coordinates":[[-78.9582549,35.9952797],[-78.958231,35.993665],[-78.958203,35.992025],[-78.958165,35.988538],[-78.9581319,35.987126]]},"id":"way/235488485"},{"type":"Feature","properties":{"@id":"way/258025152","name":"South Sandhills Boulevard","ref":"US 1;US 15;US 501;NC 211","route0_ref":"US 1","route0_status":"signed","route0_role":"mainline","route0_tensDigit":0,"route0_onesDigit":"odd","route0_tier":"major","route1_ref":"US 501","route1_status":"signed","route1_role":"mainline","route1_tensDigit":0,"route1_onesDigit":"odd","route1_tier":"auxiliary"},"geometry":{"type":"LineString","coordinates":[[-79.429762,35.1314932],[-79.4298649,35.1314011],[-79.4299519,35.1312623],[-79.4301413,35.1309036],[-79.430213,35.130779],[-79.4303829,35.1304917],[-79.4305523,35.1302078],[-79.4307889,35.1298858],[-79.4309909,35.1295926],[-79.4312153,35.129319],[-79.4314094,35.1290768],[-79.4316347,35.1288369],[-79.431867,35.1285998],[-79.4322223,35.1281893],[-79.4322668,35.128041]]},"id":"way/258025152"},{"type":"Feature","properties":{"@id":"way/258032072","name":"North Sandhills Boulevard","ref":"US 1;US 15;US 501;NC 211","route0_ref":"US 1","route0_status":"signed","route0_role":"mainline","route0_tensDigit":0,"route0_onesDigit":"odd","route0_tier":"major","route1_ref":"US 501","route1_status":"signed","route1_role":"mainline","route1_tensDigit":0,"route1_onesDigit":"odd","route1_tier":"auxiliary"},"geometry":{"type":"LineString","coordinates":[[-79.428546,35.1335875],[-79.4283095,35.1339737],[-79.4281973,35.1341672],[-79.4281085,35.1343178],[-79.4280263,35.1344586],[-79.4279374,35.1346],[-79.4278724,35.1347124],[-79.4273235,35.1356621],[-79.4272493,35.1357949],[-79.4271483,35.1359682],[-79.426392,35.1372894],[-79.4259939,35.1379764]]},"id":"way/258032072"},{"type":"Feature","properties":{"@id":"way/258032656","ref":"US 15;US 501;NC 211","route0_ref":"US 501","route0_status":"signed","route0_role":"mainline","route0_tensDigit":0,"route0_onesDigit":"odd","route0_tier":"auxiliary","route1_ref":"US 15","route1_status":"signed","route1_role":"mainline","route1_tensDigit":1,"route1_onesDigit":"odd","route1_tier":"primary"},"geometry":{"type":"LineString","coordinates":[[-79.4433671,35.1876878],[-79.4430749,35.1873309],[-79.4426785,35.1868786],[-79.442374,35.1865633],[-79.4421038,35.186289],[-79.4418355,35.186029],[-79.4414813,35.1857072],[-79.4411698,35.1854438],[-79.4409412,35.1852506],[-79.440651,35.1849994],[-79.4400274,35.1844966],[-79.4399108,35.1844025],[-79.4392823,35.183895],[-79.4388283,35.183507],[-79.4383388,35.1830931],[-79.43812,35.1829081],[-79.4376502,35.1825267],[-79.436133,35.1812952]]},"id":"way/258032656"},{"type":"Feature","properties":{"@id":"way/258032657","ref":"US 15;US 501;NC 211","route0_ref":"US 501","route0_status":"signed","route0_role":"mainline","route0_tensDigit":0,"route0_onesDigit":"odd","route0_tier":"auxiliary","route1_ref":"US 15","route1_status":"signed","route1_role":"mainline","route1_tensDigit":1,"route1_onesDigit":"odd","route1_tier":"primary"},"geometry":{"type":"LineString","coordinates":[[-79.4433671,35.1876878],[-79.443379,35.1878],[-79.443446,35.187894],[-79.443878,35.188496],[-79.444325,35.189121],[-79.445136,35.19037],[-79.4453093,35.1906169],[-79.4464769,35.1923853],[-79.4468187,35.1929116],[-79.4475475,35.1940381],[-79.448325,35.19524],[-79.44866,35.19583],[-79.4491528,35.1967712],[-79.4493564,35.1972268],[-79.4495126,35.1976145],[-79.4496602,35.1980273]]},"id":"way/258032657"},{"type":"Feature","properties":{"@id":"way/258032659","ref":"US 15;US 501;NC 211","route0_ref":"US 501","route0_status":"signed","route0_role":"mainline","route0_tensDigit":0,"route0_onesDigit":"odd","route0_tier":"auxiliary","route1_ref":"US 15","route1_status":"signed","route1_role":"mainline","route1_tensDigit":1,"route1_onesDigit":"odd","route1_tier":"primary"},"geometry":{"type":"LineString","coordinates":[[-79.4307563,35.1768557],[-79.4294796,35.1757901],[-79.4280652,35.1745987],[-79.4275228,35.1740869],[-79.4271199,35.1736631],[-79.4263913,35.1728578],[-79.4258276,35.1721538],[-79.4254462,35.1716074],[-79.4252205,35.1712858],[-79.4250067,35.1709494],[-79.424799,35.1705706],[-79.4246111,35.1701929],[-79.4242701,35.1694739],[-79.4238058,35.1685141],[-79.4234903,35.1678493]]},"id":"way/258032659"},{"type":"Feature","properties":{"@id":"way/285898976","ref":"US 15;US 501","route0_ref":"US 501","route0_status":"signed","route0_role":"mainline","route0_tensDigit":0,"route0_onesDigit":"odd","route0_tier":"auxiliary","route1_ref":"US 15","route1_status":"signed","route1_role":"mainline","route1_tensDigit":1,"route1_onesDigit":"odd","route1_tier":"primary"},"geometry":{"type":"LineString","coordinates":[[-79.0615255,35.8873957],[-79.0614833,35.8878525],[-79.061232,35.8895487],[-79.0611834,35.8897512],[-79.0611156,35.8899382],[-79.0610228,35.8901135],[-79.0609145,35.8902685],[-79.0607849,35.8904084],[-79.060628,35.8905519],[-79.0604203,35.8907015],[-79.0602873,35.890783]]},"id":"way/285898976"},{"type":"Feature","properties":{"@id":"way/285898977","ref":"US 15;US 501","route0_ref":"US 501","route0_status":"signed","route0_role":"mainline","route0_tensDigit":0,"route0_onesDigit":"odd","route0_tier":"auxiliary","route1_ref":"US 15","route1_status":"signed","route1_role":"mainline","route1_tensDigit":1,"route1_onesDigit":"odd","route1_tier":"primary"},"geometry":{"type":"LineString","coordinates":[[-79.063904,35.8790854],[-79.064223,35.878695],[-79.0643761,35.8785027],[-79.0645065,35.8783298],[-79.0646308,35.8781117],[-79.0647302,35.8779069],[-79.0648835,35.8775478],[-79.0650426,35.8771706]]},"id":"way/285898977"},{"type":"Feature","properties":{"@id":"way/285898984","ref":"US 15;US 501","route0_ref":"US 501","route0_status":"signed","route0_role":"mainline","route0_tensDigit":0,"route0_onesDigit":"odd","route0_tier":"auxiliary","route1_ref":"US 15","route1_status":"signed","route1_role":"mainline","route1_tensDigit":1,"route1_onesDigit":"odd","route1_tier":"primary"},"geometry":{"type":"LineString","coordinates":[[-79.0897625,35.8360869],[-79.0897294,35.8357416],[-79.0896669,35.8349281],[-79.0896581,35.8348261],[-79.0896455,35.8346711],[-79.0894912,35.8334678],[-79.0893694,35.8328915],[-79.089356,35.832828],[-79.089329,35.832719],[-79.0889861,35.8318774],[-79.088878,35.831612],[-79.0885,35.8307733],[-79.08838,35.830507],[-79.088341,35.8304155],[-79.0880626,35.8297864],[-79.0879731,35.8295984],[-79.0878089,35.8292578],[-79.087663,35.8288333],[-79.0875943,35.8285132],[-79.08756,35.8281931],[-79.08756,35.8279565]]},"id":"way/285898984"},{"type":"Feature","properties":{"@id":"way/285898992","ref":"US 15;US 501","route0_ref":"US 501","route0_status":"signed","route0_role":"mainline","route0_tensDigit":0,"route0_onesDigit":"odd","route0_tier":"auxiliary","route1_ref":"US 15","route1_status":"signed","route1_role":"mainline","route1_tensDigit":1,"route1_onesDigit":"odd","route1_tier":"primary"},"geometry":{"type":"LineString","coordinates":[[-79.0898029,35.8384199],[-79.0898671,35.8391143],[-79.0898774,35.8392174],[-79.0899289,35.8397302],[-79.0901466,35.841451],[-79.0902551,35.8422559],[-79.0903119,35.8427053],[-79.0903929,35.8433469],[-79.0904182,35.8434735],[-79.0905432,35.8443532],[-79.090607,35.8448024],[-79.0906585,35.8452129],[-79.0906711,35.8453839],[-79.0906842,35.8455607],[-79.0907014,35.846006],[-79.0906928,35.8462704],[-79.0907013,35.8464226],[-79.0906527,35.8467334],[-79.0905864,35.8469762],[-79.0905013,35.8472123],[-79.0904069,35.8474304],[-79.090276,35.8476652],[-79.0901254,35.8479043],[-79.0901208,35.8479103],[-79.0899354,35.8481552],[-79.0898364,35.8482765],[-79.0896482,35.8484758],[-79.0895569,35.8485622]]},"id":"way/285898992"},{"type":"Feature","properties":{"@id":"way/307739529","ref":"US 15;US 501;NC 211","route0_ref":"US 501","route0_status":"signed","route0_role":"mainline","route0_tensDigit":0,"route0_onesDigit":"odd","route0_tier":"auxiliary","route1_ref":"US 15","route1_status":"signed","route1_role":"mainline","route1_tensDigit":1,"route1_onesDigit":"odd","route1_tier":"primary"},"geometry":{"type":"LineString","coordinates":[[-79.4514673,35.2016302],[-79.4514521,35.2015661],[-79.4514311,35.2015031],[-79.4514043,35.2014416],[-79.4513721,35.2013819],[-79.4513345,35.2013243],[-79.4512917,35.2012692],[-79.451244,35.2012168],[-79.4511916,35.2011675],[-79.4511349,35.2011215],[-79.4510742,35.2010791],[-79.4510098,35.2010405]]},"id":"way/307739529"},{"type":"Feature","properties":{"@id":"way/307741545","ref":"US 15;US 501;NC 211","route0_ref":"US 501","route0_status":"signed","route0_role":"mainline","route0_tensDigit":0,"route0_onesDigit":"odd","route0_tier":"auxiliary","route1_ref":"US 15","route1_status":"signed","route1_role":"mainline","route1_tensDigit":1,"route1_onesDigit":"odd","route1_tier":"primary"},"geometry":{"type":"LineString","coordinates":[[-79.449993,35.1991419],[-79.4500047,35.1992013],[-79.4500272,35.1992888],[-79.4500774,35.1995096],[-79.4501474,35.199797],[-79.4501836,35.200013],[-79.4501992,35.2001118],[-79.4502096,35.2002004],[-79.450211,35.2002635],[-79.4502083,35.2003095],[-79.4502022,35.2003673],[-79.4501954,35.2004277],[-79.4501836,35.2004876],[-79.4501683,35.2005472],[-79.4501478,35.2006004],[-79.450124,35.2006505],[-79.450096,35.2006991],[-79.4500716,35.200739],[-79.450041,35.2007833],[-79.4500088,35.2008248],[-79.4499641,35.2008735],[-79.4499131,35.2009238],[-79.4498285,35.2010308]]},"id":"way/307741545"},{"type":"Feature","properties":{"@id":"way/307741546","ref":"US 15;US 501;NC 211","route0_ref":"US 501","route0_status":"signed","route0_role":"mainline","route0_tensDigit":0,"route0_onesDigit":"odd","route0_tier":"auxiliary","route1_ref":"US 15","route1_status":"signed","route1_role":"mainline","route1_tensDigit":1,"route1_onesDigit":"odd","route1_tier":"primary"},"geometry":{"type":"LineString","coordinates":[[-79.4503543,35.2003717],[-79.4502351,35.1995471],[-79.4501156,35.1990686],[-79.4500974,35.1989987]]},"id":"way/307741546"},{"type":"Feature","properties":{"@id":"way/307743156","ref":"US 15;US 501","route0_ref":"US 501","route0_status":"signed","route0_role":"mainline","route0_tensDigit":0,"route0_onesDigit":"odd","route0_tier":"auxiliary","route1_ref":"US 15","route1_status":"signed","route1_role":"mainline","route1_tensDigit":1,"route1_onesDigit":"odd","route1_tier":"primary"},"geometry":{"type":"LineString","coordinates":[[-79.4506018,35.2032635],[-79.4506064,35.2031838],[-79.4506282,35.2030725],[-79.4506529,35.2029902],[-79.4506859,35.202919],[-79.4507468,35.2028149],[-79.4507839,35.2027622],[-79.4508476,35.2026911],[-79.4509118,35.2026244],[-79.4509889,35.2025537],[-79.4510568,35.2024611]]},"id":"way/307743156"},{"type":"Feature","properties":{"@id":"way/325007924","name":"Hawkins Avenue","ref":"US 15;US 501;NC 87","route0_ref":"US 501","route0_status":"signed","route0_role":"mainline","route0_tensDigit":0,"route0_onesDigit":"odd","route0_tier":"auxiliary","route1_ref":"US 15","route1_status":"signed","route1_role":"mainline","route1_tensDigit":1,"route1_onesDigit":"odd","route1_tier":"primary"},"geometry":{"type":"LineString","coordinates":[[-79.1913628,35.5526316],[-79.1913766,35.5527501],[-79.1914285,35.5534902],[-79.191546,35.555074],[-79.191681,35.556755],[-79.191817,35.558525],[-79.191842,35.558852],[-79.1918705,35.5593369]]},"id":"way/325007924"},{"type":"Feature","properties":{"@id":"way/325226940","name":"Jefferson Davis Highway","ref":"US 1;US 15;US 501;NC 87","route0_ref":"US 1","route0_status":"signed","route0_role":"mainline","route0_tensDigit":0,"route0_onesDigit":"odd","route0_tier":"major","route1_ref":"US 501","route1_status":"signed","route1_role":"mainline","route1_tensDigit":0,"route1_onesDigit":"odd","route1_tier":"auxiliary"},"geometry":{"type":"LineString","coordinates":[[-79.194863,35.495835],[-79.194779,35.495987],[-79.1946925,35.4961438]]},"id":"way/325226940"},{"type":"Feature","properties":{"@id":"way/325226941","name":"Jefferson Davis Highway","ref":"US 1;US 15;US 501;NC 87","route0_ref":"US 1","route0_status":"signed","route0_role":"mainline","route0_tensDigit":0,"route0_onesDigit":"odd","route0_tier":"major","route1_ref":"US 501","route1_status":"signed","route1_role":"mainline","route1_tensDigit":0,"route1_onesDigit":"odd","route1_tier":"auxiliary"},"geometry":{"type":"LineString","coordinates":[[-79.1948442,35.49621],[-79.1950228,35.4958867]]},"id":"way/325226941"},{"type":"Feature","properties":{"@id":"way/325226942","name":"Jefferson Davis Highway","ref":"US 1;US 15;US 501;NC 87","route0_ref":"US 1","route0_status":"signed","route0_role":"mainline","route0_tensDigit":0,"route0_onesDigit":"odd","route0_tier":"major","route1_ref":"US 501","route1_status":"signed","route1_role":"mainline","route1_tensDigit":0,"route1_onesDigit":"odd","route1_tier":"auxiliary"},"geometry":{"type":"LineString","coordinates":[[-79.1910106,35.5028054],[-79.1907755,35.5032341],[-79.190644,35.5034972],[-79.190525,35.50373],[-79.1903436,35.5041337],[-79.190187,35.504482],[-79.189938,35.505118],[-79.189832,35.505428],[-79.189589,35.506138],[-79.1895054,35.5064131]]},"id":"way/325226942"},{"type":"Feature","properties":{"@id":"way/325226946","name":"Jefferson Davis Highway","ref":"US 1;US 15;US 501;NC 87","route0_ref":"US 1","route0_status":"signed","route0_role":"mainline","route0_tensDigit":0,"route0_onesDigit":"odd","route0_tier":"major","route1_ref":"US 501","route1_status":"signed","route1_role":"mainline","route1_tensDigit":0,"route1_onesDigit":"odd","route1_tier":"auxiliary"},"geometry":{"type":"LineString","coordinates":[[-79.1950228,35.4958867],[-79.1952143,35.4955436]]},"id":"way/325226946"},{"type":"Feature","properties":{"@id":"way/329275767","name":"Jefferson Davis Highway","ref":"US 1;US 15;US 501;NC 87","route0_ref":"US 1","route0_status":"signed","route0_role":"mainline","route0_tensDigit":0,"route0_onesDigit":"odd","route0_tier":"major","route1_ref":"US 501","route1_status":"signed","route1_role":"mainline","route1_tensDigit":0,"route1_onesDigit":"odd","route1_tier":"auxiliary"},"geometry":{"type":"LineString","coordinates":[[-79.1855306,35.5180802],[-79.1850312,35.5195542],[-79.1848098,35.5202146],[-79.1846116,35.5207898],[-79.1844734,35.5211963],[-79.1843046,35.5216851],[-79.184162,35.522108],[-79.1838791,35.5229338]]},"id":"way/329275767"},{"type":"Feature","properties":{"@id":"way/329275768","name":"Jefferson Davis Highway","ref":"US 1;US 15;US 501;NC 87","route0_ref":"US 1","route0_status":"signed","route0_role":"mainline","route0_tensDigit":0,"route0_onesDigit":"odd","route0_tier":"major","route1_ref":"US 501","route1_status":"signed","route1_role":"mainline","route1_tensDigit":0,"route1_onesDigit":"odd","route1_tier":"auxiliary"},"geometry":{"type":"LineString","coordinates":[[-79.1931891,35.4992184],[-79.1934042,35.4988321],[-79.193963,35.4978163],[-79.1942019,35.4973882]]},"id":"way/329275768"},{"type":"Feature","properties":{"@id":"way/329275769","name":"Jefferson Davis Highway","ref":"US 1;US 15;US 501;NC 87","route0_ref":"US 1","route0_status":"signed","route0_role":"mainline","route0_tensDigit":0,"route0_onesDigit":"odd","route0_tier":"major","route1_ref":"US 501","route1_status":"signed","route1_role":"mainline","route1_tensDigit":0,"route1_onesDigit":"odd","route1_tier":"auxiliary"},"geometry":{"type":"LineString","coordinates":[[-79.187825,35.5119099],[-79.188211,35.5107652]]},"id":"way/329275769"},{"type":"Feature","properties":{"@id":"way/329275770","name":"Jefferson Davis Highway","ref":"US 1;US 15;US 501;NC 87","route0_ref":"US 1","route0_status":"signed","route0_role":"mainline","route0_tensDigit":0,"route0_onesDigit":"odd","route0_tier":"major","route1_ref":"US 501","route1_status":"signed","route1_role":"mainline","route1_tensDigit":0,"route1_onesDigit":"odd","route1_tier":"auxiliary"},"geometry":{"type":"LineString","coordinates":[[-79.1880906,35.5105649],[-79.18764,35.5118381]]},"id":"way/329275770"},{"type":"Feature","properties":{"@id":"way/341673380","name":"NC 87 North","ref":"US 15;US 501;NC 87","route0_ref":"US 501","route0_status":"signed","route0_role":"mainline","route0_tensDigit":0,"route0_onesDigit":"odd","route0_tier":"auxiliary","route1_ref":"US 15","route1_status":"signed","route1_role":"mainline","route1_tensDigit":1,"route1_onesDigit":"odd","route1_tier":"primary"},"geometry":{"type":"LineString","coordinates":[[-79.1871367,35.7240593],[-79.1871084,35.7240121],[-79.1870871,35.7239765],[-79.1870692,35.7239425],[-79.1870587,35.7239172],[-79.1870504,35.7238888],[-79.1870419,35.7238482],[-79.187029,35.7237972],[-79.1870013,35.7237073],[-79.1869732,35.7236509]]},"id":"way/341673380"},{"type":"Feature","properties":{"@id":"way/341673381","name":"NC 87 North","ref":"US 15;US 501;NC 87","route0_ref":"US 501","route0_status":"signed","route0_role":"mainline","route0_tensDigit":0,"route0_onesDigit":"odd","route0_tier":"auxiliary","route1_ref":"US 15","route1_status":"signed","route1_role":"mainline","route1_tensDigit":1,"route1_onesDigit":"odd","route1_tier":"primary"},"geometry":{"type":"LineString","coordinates":[[-79.1877072,35.7247111],[-79.1876748,35.7246306],[-79.1876511,35.7245924],[-79.1876122,35.7245482],[-79.1875661,35.7245103],[-79.1875181,35.7244708],[-79.1874721,35.7244371],[-79.1874261,35.724404],[-79.1873878,35.7243718],[-79.1873727,35.7243567],[-79.1873583,35.7243431],[-79.1873352,35.7243173],[-79.1872853,35.7242477]]},"id":"way/341673381"},{"type":"Feature","properties":{"@id":"way/341673382","name":"NC 87 North","ref":"US 15;US 501;NC 87","route0_ref":"US 501","route0_status":"signed","route0_role":"mainline","route0_tensDigit":0,"route0_onesDigit":"odd","route0_tier":"auxiliary","route1_ref":"US 15","route1_status":"signed","route1_role":"mainline","route1_tensDigit":1,"route1_onesDigit":"odd","route1_tier":"primary"},"geometry":{"type":"LineString","coordinates":[[-79.1877072,35.7247111],[-79.1877397,35.7247605],[-79.1878296,35.7248997],[-79.1879041,35.7249999],[-79.1884322,35.7256119],[-79.1884568,35.7256404],[-79.1886132,35.7258079]]},"id":"way/341673382"},{"type":"Feature","properties":{"@id":"way/341673383","name":"NC 87 North","ref":"US 15;US 501;NC 87","route0_ref":"US 501","route0_status":"signed","route0_role":"mainline","route0_tensDigit":0,"route0_onesDigit":"odd","route0_tier":"auxiliary","route1_ref":"US 15","route1_status":"signed","route1_role":"mainline","route1_tensDigit":1,"route1_onesDigit":"odd","route1_tier":"primary"},"geometry":{"type":"LineString","coordinates":[[-79.1872024,35.7244275],[-79.1873218,35.724458],[-79.1873815,35.7244764],[-79.1874431,35.7245035],[-79.1875281,35.7245591],[-79.1875615,35.7245834],[-79.187604,35.7246194],[-79.187648,35.7246612],[-79.1877072,35.7247111]]},"id":"way/341673383"},{"type":"Feature","properties":{"@id":"way/341673384","name":"NC 87 North","ref":"US 15;US 501;NC 87","route0_ref":"US 501","route0_status":"signed","route0_role":"mainline","route0_tensDigit":0,"route0_onesDigit":"odd","route0_tier":"auxiliary","route1_ref":"US 15","route1_status":"signed","route1_role":"mainline","route1_tensDigit":1,"route1_onesDigit":"odd","route1_tier":"primary"},"geometry":{"type":"LineString","coordinates":[[-79.1869732,35.7236509],[-79.1869724,35.7237167],[-79.1869735,35.7237608],[-79.1869787,35.7238371],[-79.1869803,35.7238728],[-79.1869812,35.7239182],[-79.1869803,35.7239808],[-79.1869781,35.7240421],[-79.1869719,35.7241368]]},"id":"way/341673384"},{"type":"Feature","properties":{"@id":"way/341673387","name":"NC 87 North","ref":"US 15;US 501;NC 87","route0_ref":"US 501","route0_status":"signed","route0_role":"mainline","route0_tensDigit":0,"route0_onesDigit":"odd","route0_tier":"auxiliary","route1_ref":"US 15","route1_status":"signed","route1_role":"mainline","route1_tensDigit":1,"route1_onesDigit":"odd","route1_tier":"primary"},"geometry":{"type":"LineString","coordinates":[[-79.1869719,35.7241368],[-79.1869603,35.7241763],[-79.186959,35.7242242],[-79.1869713,35.7242765],[-79.1869914,35.7243183],[-79.1869989,35.7243339]]},"id":"way/341673387"},{"type":"Feature","properties":{"@id":"way/385652016","name":"NC 902","ref":"US 15;US 501;NC 87;NC 902","route0_ref":"US 501","route0_status":"signed","route0_role":"mainline","route0_tensDigit":0,"route0_onesDigit":"odd","route0_tier":"auxiliary","route1_ref":"US 15","route1_status":"signed","route1_role":"mainline","route1_tensDigit":1,"route1_onesDigit":"odd","route1_tier":"primary"},"geometry":{"type":"LineString","coordinates":[[-79.1881264,35.7133014],[-79.1879212,35.7140073],[-79.187911,35.7140424],[-79.187705,35.714698],[-79.1874969,35.7154249],[-79.187299,35.716116],[-79.187244,35.716354],[-79.1872098,35.7165199],[-79.187195,35.716592],[-79.187173,35.7167126],[-79.187151,35.716833],[-79.187111,35.717071],[-79.187078,35.717312],[-79.187049,35.717552],[-79.187025,35.717793],[-79.187,35.718126]]},"id":"way/385652016"},{"type":"Feature","properties":{"@id":"way/385652017","name":"NC 902","ref":"US 15;US 501;NC 87;NC 902","route0_ref":"US 501","route0_status":"signed","route0_role":"mainline","route0_tensDigit":0,"route0_onesDigit":"odd","route0_tier":"auxiliary","route1_ref":"US 15","route1_status":"signed","route1_role":"mainline","route1_tensDigit":1,"route1_onesDigit":"odd","route1_tier":"primary"},"geometry":{"type":"LineString","coordinates":[[-79.1882268,35.7129493],[-79.1881264,35.7133014]]},"id":"way/385652017"},{"type":"Feature","properties":{"@id":"way/388627696","ref":"US 15;US 501","route0_ref":"US 501","route0_status":"signed","route0_role":"mainline","route0_tensDigit":0,"route0_onesDigit":"odd","route0_tier":"auxiliary","route1_ref":"US 15","route1_status":"signed","route1_role":"mainline","route1_tensDigit":1,"route1_onesDigit":"odd","route1_tier":"primary"},"geometry":{"type":"LineString","coordinates":[[-79.4509893,35.2259624],[-79.450893,35.226386],[-79.450748,35.227004],[-79.450592,35.227581],[-79.450469,35.227994],[-79.4502548,35.2286876],[-79.449208,35.232077],[-79.44891,35.23304],[-79.448796,35.233398],[-79.4483374,35.2348611],[-79.447724,35.2368177],[-79.4475112,35.2374903]]},"id":"way/388627696"},{"type":"Feature","properties":{"@id":"way/388627703","ref":"US 15;US 501","route0_ref":"US 501","route0_status":"signed","route0_role":"mainline","route0_tensDigit":0,"route0_onesDigit":"odd","route0_tier":"auxiliary","route1_ref":"US 15","route1_status":"signed","route1_role":"mainline","route1_tensDigit":1,"route1_onesDigit":"odd","route1_tier":"primary"},"geometry":{"type":"LineString","coordinates":[[-79.4475112,35.2374903],[-79.4474441,35.2377016]]},"id":"way/388627703"},{"type":"Feature","properties":{"@id":"way/398223958","ref":"US 15;US 501","route0_ref":"US 501","route0_status":"signed","route0_role":"mainline","route0_tensDigit":0,"route0_onesDigit":"odd","route0_tier":"auxiliary","route1_ref":"US 15","route1_status":"signed","route1_role":"mainline","route1_tensDigit":1,"route1_onesDigit":"odd","route1_tier":"primary"},"geometry":{"type":"LineString","coordinates":[[-79.0616642,35.8874069],[-79.0616705,35.8870941],[-79.0616557,35.8868144],[-79.061627,35.8865509]]},"id":"way/398223958"},{"type":"Feature","properties":{"@id":"way/398223959","ref":"US 15;US 501","route0_ref":"US 501","route0_status":"signed","route0_role":"mainline","route0_tensDigit":0,"route0_onesDigit":"odd","route0_tier":"auxiliary","route1_ref":"US 15","route1_status":"signed","route1_role":"mainline","route1_tensDigit":1,"route1_onesDigit":"odd","route1_tier":"primary"},"geometry":{"type":"LineString","coordinates":[[-79.0637812,35.8790184],[-79.0632676,35.8796478],[-79.063224,35.8797013],[-79.0629426,35.8800012],[-79.0628837,35.880069],[-79.0622933,35.8807897],[-79.0614389,35.8818328],[-79.0610949,35.8822526],[-79.0609212,35.8824819],[-79.0607637,35.8826977],[-79.0606693,35.8829202],[-79.0606092,35.8830663],[-79.0605497,35.8833555],[-79.0605531,35.8836827],[-79.0605867,35.8839188],[-79.0606413,35.8841549],[-79.0607816,35.8844848],[-79.0609459,35.8848179]]},"id":"way/398223959"},{"type":"Feature","properties":{"@id":"way/418202976","ref":"US 15;US 501;NC 211","route0_ref":"US 501","route0_status":"signed","route0_role":"mainline","route0_tensDigit":0,"route0_onesDigit":"odd","route0_tier":"auxiliary","route1_ref":"US 15","route1_status":"signed","route1_role":"mainline","route1_tensDigit":1,"route1_onesDigit":"odd","route1_tier":"primary"},"geometry":{"type":"LineString","coordinates":[[-79.4175337,35.1548639],[-79.4175526,35.1546911],[-79.4174943,35.1545222],[-79.4174876,35.1545029],[-79.4174374,35.1543629],[-79.4174302,35.1543427],[-79.4173166,35.1540509],[-79.4172068,35.1538162],[-79.417011,35.1534673],[-79.4169544,35.1533927],[-79.416831,35.15323],[-79.4167164,35.1531102],[-79.4165853,35.1529887],[-79.4164299,35.1528607]]},"id":"way/418202976"},{"type":"Feature","properties":{"@id":"way/418202977","ref":"US 15;US 501;NC 211","route0_ref":"US 501","route0_status":"signed","route0_role":"mainline","route0_tensDigit":0,"route0_onesDigit":"odd","route0_tier":"auxiliary","route1_ref":"US 15","route1_status":"signed","route1_role":"mainline","route1_tensDigit":1,"route1_onesDigit":"odd","route1_tier":"primary"},"geometry":{"type":"LineString","coordinates":[[-79.417235,35.1543642],[-79.4174032,35.1547252],[-79.4175337,35.1548639]]},"id":"way/418202977"},{"type":"Feature","properties":{"@id":"way/418202978","ref":"US 15;US 501;NC 211","route0_ref":"US 501","route0_status":"signed","route0_role":"mainline","route0_tensDigit":0,"route0_onesDigit":"odd","route0_tier":"auxiliary","route1_ref":"US 15","route1_status":"signed","route1_role":"mainline","route1_tensDigit":1,"route1_onesDigit":"odd","route1_tier":"primary"},"geometry":{"type":"LineString","coordinates":[[-79.4164299,35.1528607],[-79.4164839,35.1531086],[-79.4165928,35.1532551],[-79.4167297,35.1534706],[-79.4170683,35.1540672],[-79.417235,35.1543642]]},"id":"way/418202978"},{"type":"Feature","properties":{"@id":"way/467326752","name":"Fordham Boulevard","ref":"US 15;US 501","route0_ref":"US 501","route0_status":"signed","route0_role":"mainline","route0_tensDigit":0,"route0_onesDigit":"odd","route0_tier":"auxiliary","route1_ref":"US 15","route1_status":"signed","route1_role":"mainline","route1_tensDigit":1,"route1_onesDigit":"odd","route1_tier":"primary"},"geometry":{"type":"LineString","coordinates":[[-79.0127367,35.9447602],[-79.015998,35.943293],[-79.0160929,35.9432518]]},"id":"way/467326752"},{"type":"Feature","properties":{"@id":"way/467326753","name":"Fordham Boulevard","ref":"US 15;US 501","route0_ref":"US 501","route0_status":"signed","route0_role":"mainline","route0_tensDigit":0,"route0_onesDigit":"odd","route0_tier":"auxiliary","route1_ref":"US 15","route1_status":"signed","route1_role":"mainline","route1_tensDigit":1,"route1_onesDigit":"odd","route1_tier":"primary"},"geometry":{"type":"LineString","coordinates":[[-79.007904,35.9467656],[-79.0073542,35.9470238],[-79.0073262,35.9470372],[-79.0071952,35.9470964]]},"id":"way/467326753"},{"type":"Feature","properties":{"@id":"way/481311949","name":"Aberdeen Road","ref":"US 15;US 501","route0_ref":"US 501","route0_status":"signed","route0_role":"mainline","route0_tensDigit":0,"route0_onesDigit":"odd","route0_tier":"auxiliary","route1_ref":"US 15","route1_status":"signed","route1_role":"mainline","route1_tensDigit":1,"route1_onesDigit":"odd","route1_tier":"primary"},"geometry":{"type":"LineString","coordinates":[[-79.4428251,35.0227774],[-79.4424223,35.0234351]]},"id":"way/481311949"},{"type":"Feature","properties":{"@id":"way/508697771","name":"Fordham Boulevard","ref":"US 15;US 501","route0_ref":"US 501","route0_status":"signed","route0_role":"mainline","route0_tensDigit":0,"route0_onesDigit":"odd","route0_tier":"auxiliary","route1_ref":"US 15","route1_status":"signed","route1_role":"mainline","route1_tensDigit":1,"route1_onesDigit":"odd","route1_tier":"primary"},"geometry":{"type":"LineString","coordinates":[[-79.0197568,35.940965],[-79.0184715,35.9417892]]},"id":"way/508697771"},{"type":"Feature","properties":{"@id":"way/518951244","ref":"US 15;US 501","route0_ref":"US 501","route0_status":"signed","route0_role":"mainline","route0_tensDigit":0,"route0_onesDigit":"odd","route0_tier":"auxiliary","route1_ref":"US 15","route1_status":"signed","route1_role":"mainline","route1_tensDigit":1,"route1_onesDigit":"odd","route1_tier":"primary"},"geometry":{"type":"LineString","coordinates":[[-79.0652211,35.8767138],[-79.065899,35.8750536],[-79.0663601,35.8739289]]},"id":"way/518951244"},{"type":"Feature","properties":{"@id":"way/534355122","name":"North Fordham Boulevard","ref":"US 15;US 501","route0_ref":"US 501","route0_status":"signed","route0_role":"mainline","route0_tensDigit":0,"route0_onesDigit":"odd","route0_tier":"auxiliary","route1_ref":"US 15","route1_status":"signed","route1_role":"mainline","route1_tensDigit":1,"route1_onesDigit":"odd","route1_tier":"primary"},"geometry":{"type":"LineString","coordinates":[[-79.0235562,35.9364004],[-79.0235659,35.9363176]]},"id":"way/534355122"},{"type":"Feature","properties":{"@id":"way/537532067","ref":"US 15;US 501","route0_ref":"US 501","route0_status":"signed","route0_role":"mainline","route0_tensDigit":0,"route0_onesDigit":"odd","route0_tier":"auxiliary","route1_ref":"US 15","route1_status":"signed","route1_role":"mainline","route1_tensDigit":1,"route1_onesDigit":"odd","route1_tier":"primary"},"geometry":{"type":"LineString","coordinates":[[-79.0564014,35.8944341],[-79.0567125,35.8944633],[-79.057236,35.8945189],[-79.0576477,35.894555],[-79.0576883,35.8945536],[-79.0577292,35.89455],[-79.0577697,35.894543],[-79.0578116,35.8945337]]},"id":"way/537532067"},{"type":"Feature","properties":{"@id":"way/538045800","name":"North Fordham Boulevard","ref":"US 15;US 501","route0_ref":"US 501","route0_status":"signed","route0_role":"mainline","route0_tensDigit":0,"route0_onesDigit":"odd","route0_tier":"auxiliary","route1_ref":"US 15","route1_status":"signed","route1_role":"mainline","route1_tensDigit":1,"route1_onesDigit":"odd","route1_tier":"primary"},"geometry":{"type":"LineString","coordinates":[[-79.0235565,35.934811],[-79.0234399,35.9358349]]},"id":"way/538045800"},{"type":"Feature","properties":{"@id":"way/538045801","name":"North Fordham Boulevard","ref":"US 15;US 501","route0_ref":"US 501","route0_status":"signed","route0_role":"mainline","route0_tensDigit":0,"route0_onesDigit":"odd","route0_tier":"auxiliary","route1_ref":"US 15","route1_status":"signed","route1_role":"mainline","route1_tensDigit":1,"route1_onesDigit":"odd","route1_tier":"primary"},"geometry":{"type":"LineString","coordinates":[[-79.0239516,35.9330313],[-79.0239817,35.9327606],[-79.0239846,35.9327344],[-79.0239973,35.9325982]]},"id":"way/538045801"},{"type":"Feature","properties":{"@id":"way/538096158","name":"Fordham Boulevard South","ref":"US 15;US 501;NC 54","route0_ref":"US 501","route0_status":"signed","route0_role":"mainline","route0_tensDigit":0,"route0_onesDigit":"odd","route0_tier":"auxiliary","route1_ref":"US 15","route1_status":"signed","route1_role":"mainline","route1_tensDigit":1,"route1_onesDigit":"odd","route1_tier":"primary"},"geometry":{"type":"LineString","coordinates":[[-79.0504835,35.8950009],[-79.0510552,35.894883],[-79.0519601,35.8947013]]},"id":"way/538096158"},{"type":"Feature","properties":{"@id":"way/538096160","ref":"US 15;US 501","route0_ref":"US 501","route0_status":"signed","route0_role":"mainline","route0_tensDigit":0,"route0_onesDigit":"odd","route0_tier":"auxiliary","route1_ref":"US 15","route1_status":"signed","route1_role":"mainline","route1_tensDigit":1,"route1_onesDigit":"odd","route1_tier":"primary"},"geometry":{"type":"LineString","coordinates":[[-79.0580054,35.8923871],[-79.0580373,35.892354]]},"id":"way/538096160"},{"type":"Feature","properties":{"@id":"way/542357797","name":"North Fordham Boulevard","ref":"US 15;US 501","route0_ref":"US 501","route0_status":"signed","route0_role":"mainline","route0_tensDigit":0,"route0_onesDigit":"odd","route0_tier":"auxiliary","route1_ref":"US 15","route1_status":"signed","route1_role":"mainline","route1_tensDigit":1,"route1_onesDigit":"odd","route1_tier":"primary"},"geometry":{"type":"LineString","coordinates":[[-79.026284,35.9151834],[-79.0262801,35.9153513]]},"id":"way/542357797"},{"type":"Feature","properties":{"@id":"way/542357799","name":"North Fordham Boulevard","ref":"US 15;US 501","route0_ref":"US 501","route0_status":"signed","route0_role":"mainline","route0_tensDigit":0,"route0_onesDigit":"odd","route0_tier":"auxiliary","route1_ref":"US 15","route1_status":"signed","route1_role":"mainline","route1_tensDigit":1,"route1_onesDigit":"odd","route1_tier":"primary"},"geometry":{"type":"LineString","coordinates":[[-79.0248018,35.9250691],[-79.0247716,35.9252166],[-79.0247214,35.9254612],[-79.0246645,35.925761],[-79.02449,35.926874],[-79.0243461,35.9283777],[-79.0242541,35.9291403],[-79.0241245,35.9302286],[-79.0241105,35.9303304]]},"id":"way/542357799"},{"type":"Feature","properties":{"@id":"way/542357800","name":"North Fordham Boulevard","ref":"US 15;US 501","route0_ref":"US 501","route0_status":"signed","route0_role":"mainline","route0_tensDigit":0,"route0_onesDigit":"odd","route0_tier":"auxiliary","route1_ref":"US 15","route1_status":"signed","route1_role":"mainline","route1_tensDigit":1,"route1_onesDigit":"odd","route1_tier":"primary"},"geometry":{"type":"LineString","coordinates":[[-79.0258318,35.9207631],[-79.0260327,35.9197075],[-79.0261515,35.9191043],[-79.0262138,35.9187478],[-79.0262727,35.9183809],[-79.026297,35.9182083],[-79.0263225,35.9179951],[-79.026341,35.91778],[-79.0263684,35.9174427],[-79.026371,35.9174111],[-79.0263964,35.916855],[-79.0264137,35.9164064],[-79.0264186,35.9161982]]},"id":"way/542357800"},{"type":"Feature","properties":{"@id":"way/542357809","name":"North Fordham Boulevard","ref":"US 15;US 501","route0_ref":"US 501","route0_status":"signed","route0_role":"mainline","route0_tensDigit":0,"route0_onesDigit":"odd","route0_tier":"auxiliary","route1_ref":"US 15","route1_status":"signed","route1_role":"mainline","route1_tensDigit":1,"route1_onesDigit":"odd","route1_tier":"primary"},"geometry":{"type":"LineString","coordinates":[[-79.0264954,35.9138548],[-79.0265097,35.9134686],[-79.0265234,35.9130967],[-79.0265264,35.913016],[-79.0265512,35.912349],[-79.0265614,35.9120142],[-79.0265763,35.9116948]]},"id":"way/542357809"},{"type":"Feature","properties":{"@id":"way/557849062","name":"Fordham Boulevard","ref":"US 15;US 501","route0_ref":"US 501","route0_status":"signed","route0_role":"mainline","route0_tensDigit":0,"route0_onesDigit":"odd","route0_tier":"auxiliary","route1_ref":"US 15","route1_status":"signed","route1_role":"mainline","route1_tensDigit":1,"route1_onesDigit":"odd","route1_tier":"primary"},"geometry":{"type":"LineString","coordinates":[[-79.0148364,35.9436529],[-79.0136529,35.9441895]]},"id":"way/557849062"},{"type":"Feature","properties":{"@id":"way/557849063","name":"Fordham Boulevard","ref":"US 15;US 501","route0_ref":"US 501","route0_status":"signed","route0_role":"mainline","route0_tensDigit":0,"route0_onesDigit":"odd","route0_tier":"auxiliary","route1_ref":"US 15","route1_status":"signed","route1_role":"mainline","route1_tensDigit":1,"route1_onesDigit":"odd","route1_tier":"primary"},"geometry":{"type":"LineString","coordinates":[[-79.0168419,35.942707],[-79.0166007,35.9428097],[-79.0157629,35.9431999],[-79.0148364,35.9436529]]},"id":"way/557849063"},{"type":"Feature","properties":{"@id":"way/557849064","name":"Durham-Chapel Hill Boulevard","ref":"US 15;US 501","route0_ref":"US 501","route0_status":"signed","route0_role":"mainline","route0_tensDigit":0,"route0_onesDigit":"odd","route0_tier":"auxiliary","route1_ref":"US 15","route1_status":"signed","route1_role":"mainline","route1_tensDigit":1,"route1_onesDigit":"odd","route1_tier":"primary"},"geometry":{"type":"LineString","coordinates":[[-79.0001208,35.9502572],[-78.9998971,35.9503544],[-78.9997244,35.9504318]]},"id":"way/557849064"},{"type":"Feature","properties":{"@id":"way/560226253","name":"North Fordham Boulevard","ref":"US 15;US 501","route0_ref":"US 501","route0_status":"signed","route0_role":"mainline","route0_tensDigit":0,"route0_onesDigit":"odd","route0_tier":"auxiliary","route1_ref":"US 15","route1_status":"signed","route1_role":"mainline","route1_tensDigit":1,"route1_onesDigit":"odd","route1_tier":"primary"},"geometry":{"type":"LineString","coordinates":[[-79.0225888,35.9389071],[-79.0224209,35.9390888],[-79.0222475,35.939246],[-79.0221159,35.9393437],[-79.0216044,35.9397089],[-79.0211116,35.9400467],[-79.0202988,35.9405966],[-79.0202774,35.9406356]]},"id":"way/560226253"},{"type":"Feature","properties":{"@id":"way/573764157","name":"North Fordham Boulevard","ref":"US 15;US 501","route0_ref":"US 501","route0_status":"signed","route0_role":"mainline","route0_tensDigit":0,"route0_onesDigit":"odd","route0_tier":"auxiliary","route1_ref":"US 15","route1_status":"signed","route1_role":"mainline","route1_tensDigit":1,"route1_onesDigit":"odd","route1_tier":"primary"},"geometry":{"type":"LineString","coordinates":[[-79.0238294,35.9325921],[-79.0238144,35.9327226],[-79.0237238,35.9334413],[-79.0235565,35.934811]]},"id":"way/573764157"},{"type":"Feature","properties":{"@id":"way/573764158","name":"North Fordham Boulevard","ref":"US 15;US 501","route0_ref":"US 501","route0_status":"signed","route0_role":"mainline","route0_tensDigit":0,"route0_onesDigit":"odd","route0_tier":"auxiliary","route1_ref":"US 15","route1_status":"signed","route1_role":"mainline","route1_tensDigit":1,"route1_onesDigit":"odd","route1_tier":"primary"},"geometry":{"type":"LineString","coordinates":[[-79.024007,35.9325166],[-79.0240226,35.9323999],[-79.024048,35.932169],[-79.0240912,35.9318031],[-79.024137,35.9314162]]},"id":"way/573764158"},{"type":"Feature","properties":{"@id":"way/573764160","name":"North Fordham Boulevard","ref":"US 15;US 501","route0_ref":"US 501","route0_status":"signed","route0_role":"mainline","route0_tensDigit":0,"route0_onesDigit":"odd","route0_tier":"auxiliary","route1_ref":"US 15","route1_status":"signed","route1_role":"mainline","route1_tensDigit":1,"route1_onesDigit":"odd","route1_tier":"primary"},"geometry":{"type":"LineString","coordinates":[[-79.0234399,35.9358349],[-79.0234107,35.9360776],[-79.0234044,35.9361272],[-79.0233869,35.9362652]]},"id":"way/573764160"},{"type":"Feature","properties":{"@id":"way/574602794","name":"Fordham Boulevard South","ref":"US 15;US 501;NC 54","route0_ref":"US 501","route0_status":"signed","route0_role":"mainline","route0_tensDigit":0,"route0_onesDigit":"odd","route0_tier":"auxiliary","route1_ref":"US 15","route1_status":"signed","route1_role":"mainline","route1_tensDigit":1,"route1_onesDigit":"odd","route1_tier":"primary"},"geometry":{"type":"LineString","coordinates":[[-79.040465,35.897159],[-79.0411102,35.8970259]]},"id":"way/574602794"},{"type":"Feature","properties":{"@id":"way/574602796","name":"Fordham Boulevard South","ref":"US 15;US 501;NC 54","route0_ref":"US 501","route0_status":"signed","route0_role":"mainline","route0_tensDigit":0,"route0_onesDigit":"odd","route0_tier":"auxiliary","route1_ref":"US 15","route1_status":"signed","route1_role":"mainline","route1_tensDigit":1,"route1_onesDigit":"odd","route1_tier":"primary"},"geometry":{"type":"LineString","coordinates":[[-79.0280186,35.9073599],[-79.0281956,35.9070912],[-79.0286254,35.9065196],[-79.0288959,35.9061861]]},"id":"way/574602796"},{"type":"Feature","properties":{"@id":"way/574612689","name":"Fordham Boulevard","ref":"US 15;US 501","route0_ref":"US 501","route0_status":"signed","route0_role":"mainline","route0_tensDigit":0,"route0_onesDigit":"odd","route0_tier":"auxiliary","route1_ref":"US 15","route1_status":"signed","route1_role":"mainline","route1_tensDigit":1,"route1_onesDigit":"odd","route1_tier":"primary"},"geometry":{"type":"LineString","coordinates":[[-79.0026765,35.9492834],[-79.0060082,35.9477894]]},"id":"way/574612689"},{"type":"Feature","properties":{"@id":"way/574612692","name":"Fordham Boulevard","ref":"US 15;US 501","route0_ref":"US 501","route0_status":"signed","route0_role":"mainline","route0_tensDigit":0,"route0_onesDigit":"odd","route0_tier":"auxiliary","route1_ref":"US 15","route1_status":"signed","route1_role":"mainline","route1_tensDigit":1,"route1_onesDigit":"odd","route1_tier":"primary"},"geometry":{"type":"LineString","coordinates":[[-79.007306,35.9472038],[-79.007405,35.9471595],[-79.008333,35.9467388],[-79.0096477,35.9461456],[-79.0112373,35.9454319]]},"id":"way/574612692"},{"type":"Feature","properties":{"@id":"way/574612696","name":"North Fordham Boulevard","ref":"US 15;US 501","route0_ref":"US 501","route0_status":"signed","route0_role":"mainline","route0_tensDigit":0,"route0_onesDigit":"odd","route0_tier":"auxiliary","route1_ref":"US 15","route1_status":"signed","route1_role":"mainline","route1_tensDigit":1,"route1_onesDigit":"odd","route1_tier":"primary"},"geometry":{"type":"LineString","coordinates":[[-79.0233374,35.9366496],[-79.0232514,35.9373393],[-79.0231842,35.9376478]]},"id":"way/574612696"},{"type":"Feature","properties":{"@id":"way/574612704","ref":"US 15;US 501","route0_ref":"US 501","route0_status":"signed","route0_role":"mainline","route0_tensDigit":0,"route0_onesDigit":"odd","route0_tier":"auxiliary","route1_ref":"US 15","route1_status":"signed","route1_role":"mainline","route1_tensDigit":1,"route1_onesDigit":"odd","route1_tier":"primary"},"geometry":{"type":"LineString","coordinates":[[-79.0593753,35.8913334],[-79.0595643,35.8912953],[-79.0602268,35.8909556],[-79.0605104,35.8907896],[-79.060715,35.8906484],[-79.0608604,35.8905194],[-79.0610035,35.8903624],[-79.061118,35.8902088],[-79.0612118,35.8900437],[-79.0612835,35.8898808],[-79.0613333,35.8897291],[-79.0613775,35.8895239],[-79.0616212,35.8878723],[-79.0616642,35.8874069]]},"id":"way/574612704"},{"type":"Feature","properties":{"@id":"way/583339303","name":"North Fordham Boulevard","ref":"US 15;US 501","route0_ref":"US 501","route0_status":"signed","route0_role":"mainline","route0_tensDigit":0,"route0_onesDigit":"odd","route0_tier":"auxiliary","route1_ref":"US 15","route1_status":"signed","route1_role":"mainline","route1_tensDigit":1,"route1_onesDigit":"odd","route1_tier":"primary"},"geometry":{"type":"LineString","coordinates":[[-79.0233741,35.9363663],[-79.0233584,35.9364899],[-79.0233374,35.9366496]]},"id":"way/583339303"},{"type":"Feature","properties":{"@id":"way/590148117","name":"Fordham Boulevard","ref":"US 15;US 501","route0_ref":"US 501","route0_status":"signed","route0_role":"mainline","route0_tensDigit":0,"route0_onesDigit":"odd","route0_tier":"auxiliary","route1_ref":"US 15","route1_status":"signed","route1_role":"mainline","route1_tensDigit":1,"route1_onesDigit":"odd","route1_tier":"primary"},"geometry":{"type":"LineString","coordinates":[[-79.012676,35.9446229],[-79.0125653,35.9446727]]},"id":"way/590148117"},{"type":"Feature","properties":{"@id":"way/590148118","name":"Fordham Boulevard","ref":"US 15;US 501","route0_ref":"US 501","route0_status":"signed","route0_role":"mainline","route0_tensDigit":0,"route0_onesDigit":"odd","route0_tier":"auxiliary","route1_ref":"US 15","route1_status":"signed","route1_role":"mainline","route1_tensDigit":1,"route1_onesDigit":"odd","route1_tier":"primary"},"geometry":{"type":"LineString","coordinates":[[-79.0126198,35.9448119],[-79.0127367,35.9447602]]},"id":"way/590148118"},{"type":"Feature","properties":{"@id":"way/591093977","name":"Durham-Chapel Hill Boulevard","ref":"US 15;US 501","route0_ref":"US 501","route0_status":"signed","route0_role":"mainline","route0_tensDigit":0,"route0_onesDigit":"odd","route0_tier":"auxiliary","route1_ref":"US 15","route1_status":"signed","route1_role":"mainline","route1_tensDigit":1,"route1_onesDigit":"odd","route1_tier":"primary"},"geometry":{"type":"LineString","coordinates":[[-78.9951999,35.9524705],[-78.9946841,35.9527004],[-78.994621,35.9527284],[-78.9945219,35.9527769]]},"id":"way/591093977"},{"type":"Feature","properties":{"@id":"way/591093978","name":"Durham-Chapel Hill Boulevard","ref":"US 15;US 501","route0_ref":"US 501","route0_status":"signed","route0_role":"mainline","route0_tensDigit":0,"route0_onesDigit":"odd","route0_tier":"auxiliary","route1_ref":"US 15","route1_status":"signed","route1_role":"mainline","route1_tensDigit":1,"route1_onesDigit":"odd","route1_tier":"primary"},"geometry":{"type":"LineString","coordinates":[[-78.9979951,35.9512081],[-78.9971897,35.9515736],[-78.9964005,35.9519378]]},"id":"way/591093978"},{"type":"Feature","properties":{"@id":"way/591093980","name":"Durham-Chapel Hill Boulevard","ref":"US 15;US 501","route0_ref":"US 501","route0_status":"signed","route0_role":"mainline","route0_tensDigit":0,"route0_onesDigit":"odd","route0_tier":"auxiliary","route1_ref":"US 15","route1_status":"signed","route1_role":"mainline","route1_tensDigit":1,"route1_onesDigit":"odd","route1_tier":"primary"},"geometry":{"type":"LineString","coordinates":[[-78.9985557,35.9509544],[-78.9982666,35.9510859],[-78.998133,35.951146],[-78.9979951,35.9512081]]},"id":"way/591093980"},{"type":"Feature","properties":{"@id":"way/591094269","name":"Durham-Chapel Hill Boulevard","ref":"US 15;US 501","route0_ref":"US 501","route0_status":"signed","route0_role":"mainline","route0_tensDigit":0,"route0_onesDigit":"odd","route0_tier":"auxiliary","route1_ref":"US 15","route1_status":"signed","route1_role":"mainline","route1_tensDigit":1,"route1_onesDigit":"odd","route1_tier":"primary"},"geometry":{"type":"LineString","coordinates":[[-78.9933588,35.9534957],[-78.9941366,35.9531486],[-78.9943273,35.9530625]]},"id":"way/591094269"},{"type":"Feature","properties":{"@id":"way/591094271","name":"Durham-Chapel Hill Boulevard","ref":"US 15;US 501","route0_ref":"US 501","route0_status":"signed","route0_role":"mainline","route0_tensDigit":0,"route0_onesDigit":"odd","route0_tier":"auxiliary","route1_ref":"US 15","route1_status":"signed","route1_role":"mainline","route1_tensDigit":1,"route1_onesDigit":"odd","route1_tier":"primary"},"geometry":{"type":"LineString","coordinates":[[-78.9897708,35.9551157],[-78.9905162,35.9547802],[-78.990601,35.9547434]]},"id":"way/591094271"},{"type":"Feature","properties":{"@id":"way/591094272","name":"Durham-Chapel Hill Boulevard","ref":"US 15;US 501","route0_ref":"US 501","route0_status":"signed","route0_role":"mainline","route0_tensDigit":0,"route0_onesDigit":"odd","route0_tier":"auxiliary","route1_ref":"US 15","route1_status":"signed","route1_role":"mainline","route1_tensDigit":1,"route1_onesDigit":"odd","route1_tier":"primary"},"geometry":{"type":"LineString","coordinates":[[-78.9914252,35.9541688],[-78.9910354,35.9543425],[-78.9906793,35.9545015]]},"id":"way/591094272"},{"type":"Feature","properties":{"@id":"way/591094273","name":"Durham-Chapel Hill Boulevard","ref":"US 15;US 501","route0_ref":"US 501","route0_status":"signed","route0_role":"mainline","route0_tensDigit":0,"route0_onesDigit":"odd","route0_tier":"auxiliary","route1_ref":"US 15","route1_status":"signed","route1_role":"mainline","route1_tensDigit":1,"route1_onesDigit":"odd","route1_tier":"primary"},"geometry":{"type":"LineString","coordinates":[[-78.9943381,35.9528543],[-78.9931999,35.9533643],[-78.9920748,35.9538724]]},"id":"way/591094273"},{"type":"Feature","properties":{"@id":"way/591094274","name":"Durham-Chapel Hill Boulevard","ref":"US 15;US 501","route0_ref":"US 501","route0_status":"signed","route0_role":"mainline","route0_tensDigit":0,"route0_onesDigit":"odd","route0_tier":"auxiliary","route1_ref":"US 15","route1_status":"signed","route1_role":"mainline","route1_tensDigit":1,"route1_onesDigit":"odd","route1_tier":"primary"},"geometry":{"type":"LineString","coordinates":[[-78.9945219,35.9527769],[-78.9943381,35.9528543]]},"id":"way/591094274"},{"type":"Feature","properties":{"@id":"way/591094275","name":"Durham-Chapel Hill Boulevard","ref":"US 15;US 501","route0_ref":"US 501","route0_status":"signed","route0_role":"mainline","route0_tensDigit":0,"route0_onesDigit":"odd","route0_tier":"auxiliary","route1_ref":"US 15","route1_status":"signed","route1_role":"mainline","route1_tensDigit":1,"route1_onesDigit":"odd","route1_tier":"primary"},"geometry":{"type":"LineString","coordinates":[[-78.9943273,35.9530625],[-78.9945054,35.9529795]]},"id":"way/591094275"},{"type":"Feature","properties":{"@id":"way/591094276","name":"Durham-Chapel Hill Boulevard","ref":"US 15;US 501","route0_ref":"US 501","route0_status":"signed","route0_role":"mainline","route0_tensDigit":0,"route0_onesDigit":"odd","route0_tier":"auxiliary","route1_ref":"US 15","route1_status":"signed","route1_role":"mainline","route1_tensDigit":1,"route1_onesDigit":"odd","route1_tier":"primary"},"geometry":{"type":"LineString","coordinates":[[-78.9945054,35.9529795],[-78.9946127,35.952933],[-78.9958707,35.9523824],[-78.9966251,35.9520421],[-78.99673,35.9519982]]},"id":"way/591094276"},{"type":"Feature","properties":{"@id":"way/591101346","ref":"US 15;US 501","route0_ref":"US 501","route0_status":"signed","route0_role":"mainline","route0_tensDigit":0,"route0_onesDigit":"odd","route0_tier":"auxiliary","route1_ref":"US 15","route1_status":"signed","route1_role":"mainline","route1_tensDigit":1,"route1_onesDigit":"odd","route1_tier":"primary"},"geometry":{"type":"LineString","coordinates":[[-78.9566625,36.0081936],[-78.9562203,36.009512],[-78.9560616,36.0099659],[-78.955953,36.0102655],[-78.9558515,36.0105209],[-78.9557279,36.0107912],[-78.9556091,36.0110169],[-78.9555015,36.0112196],[-78.9553962,36.011399],[-78.9552882,36.0115678],[-78.9551421,36.0118032],[-78.955006,36.0120016],[-78.9548497,36.0122078],[-78.9546712,36.0124385]]},"id":"way/591101346"},{"type":"Feature","properties":{"@id":"way/591101347","ref":"US 15;US 501","route0_ref":"US 501","route0_status":"signed","route0_role":"mainline","route0_tensDigit":0,"route0_onesDigit":"odd","route0_tier":"auxiliary","route1_ref":"US 15","route1_status":"signed","route1_role":"mainline","route1_tensDigit":1,"route1_onesDigit":"odd","route1_tier":"primary"},"geometry":{"type":"LineString","coordinates":[[-78.9581287,35.9988703],[-78.958146,36.000093],[-78.9581621,36.0009736]]},"id":"way/591101347"},{"type":"Feature","properties":{"@id":"way/591101348","ref":"US 15;US 501","route0_ref":"US 501","route0_status":"signed","route0_role":"mainline","route0_tensDigit":0,"route0_onesDigit":"odd","route0_tier":"auxiliary","route1_ref":"US 15","route1_status":"signed","route1_role":"mainline","route1_tensDigit":1,"route1_onesDigit":"odd","route1_tier":"primary"},"geometry":{"type":"LineString","coordinates":[[-78.9581621,36.0009736],[-78.9581729,36.00155],[-78.9581778,36.002182],[-78.9581725,36.0026386],[-78.9581542,36.0029441],[-78.9581237,36.0032923],[-78.958059,36.0037318],[-78.958002,36.0040332],[-78.9579367,36.0043198],[-78.9578457,36.0046607],[-78.9577494,36.0049805],[-78.9576564,36.0052638],[-78.9573682,36.0061166],[-78.9569486,36.0073534],[-78.9566625,36.0081936]]},"id":"way/591101348"},{"type":"Feature","properties":{"@id":"way/591101349","ref":"US 15;US 501","route0_ref":"US 501","route0_status":"signed","route0_role":"mainline","route0_tensDigit":0,"route0_onesDigit":"odd","route0_tier":"auxiliary","route1_ref":"US 15","route1_status":"signed","route1_role":"mainline","route1_tensDigit":1,"route1_onesDigit":"odd","route1_tier":"primary"},"geometry":{"type":"LineString","coordinates":[[-78.956738,36.0085225],[-78.957003,36.0077472],[-78.9570538,36.0075974]]},"id":"way/591101349"},{"type":"Feature","properties":{"@id":"way/591101350","ref":"US 15;US 501","route0_ref":"US 501","route0_status":"signed","route0_role":"mainline","route0_tensDigit":0,"route0_onesDigit":"odd","route0_tier":"auxiliary","route1_ref":"US 15","route1_status":"signed","route1_role":"mainline","route1_tensDigit":1,"route1_onesDigit":"odd","route1_tier":"primary"},"geometry":{"type":"LineString","coordinates":[[-78.9563026,36.0098129],[-78.9564105,36.0095002],[-78.9564944,36.009252],[-78.956738,36.0085225]]},"id":"way/591101350"},{"type":"Feature","properties":{"@id":"way/591101351","ref":"US 15;US 501","route0_ref":"US 501","route0_status":"signed","route0_role":"mainline","route0_tensDigit":0,"route0_onesDigit":"odd","route0_tier":"auxiliary","route1_ref":"US 15","route1_status":"signed","route1_role":"mainline","route1_tensDigit":1,"route1_onesDigit":"odd","route1_tier":"primary"},"geometry":{"type":"LineString","coordinates":[[-78.9549625,36.0123441],[-78.9551392,36.0121049],[-78.9552218,36.0119844],[-78.9553164,36.0118466],[-78.955476,36.0115982],[-78.9556342,36.0113363],[-78.9557633,36.011098],[-78.9558754,36.0108805],[-78.955976,36.0106588],[-78.9560607,36.0104645]]},"id":"way/591101351"},{"type":"Feature","properties":{"@id":"way/591101358","ref":"US 15;US 501","route0_ref":"US 501","route0_status":"signed","route0_role":"mainline","route0_tensDigit":0,"route0_onesDigit":"odd","route0_tier":"auxiliary","route1_ref":"US 15","route1_status":"signed","route1_role":"mainline","route1_tensDigit":1,"route1_onesDigit":"odd","route1_tier":"primary"},"geometry":{"type":"LineString","coordinates":[[-78.9486977,36.0229162],[-78.9487825,36.0226431],[-78.9488482,36.0224326]]},"id":"way/591101358"},{"type":"Feature","properties":{"@id":"way/591101360","ref":"US 15;US 501","route0_ref":"US 501","route0_status":"signed","route0_role":"mainline","route0_tensDigit":0,"route0_onesDigit":"odd","route0_tier":"auxiliary","route1_ref":"US 15","route1_status":"signed","route1_role":"mainline","route1_tensDigit":1,"route1_onesDigit":"odd","route1_tier":"primary"},"geometry":{"type":"LineString","coordinates":[[-78.9485155,36.0233833],[-78.9485916,36.0232264]]},"id":"way/591101360"},{"type":"Feature","properties":{"@id":"way/591101366","ref":"US 15;US 501","route0_ref":"US 501","route0_status":"signed","route0_role":"mainline","route0_tensDigit":0,"route0_onesDigit":"odd","route0_tier":"auxiliary","route1_ref":"US 15","route1_status":"signed","route1_role":"mainline","route1_tensDigit":1,"route1_onesDigit":"odd","route1_tier":"primary"},"geometry":{"type":"LineString","coordinates":[[-78.947233,36.023962],[-78.9471128,36.0240422],[-78.9469653,36.0241377],[-78.946837,36.0242109],[-78.946639,36.0243147],[-78.9464584,36.0244012],[-78.9462791,36.0244771]]},"id":"way/591101366"},{"type":"Feature","properties":{"@id":"way/591101367","ref":"US 15;US 501","route0_ref":"US 501","route0_status":"signed","route0_role":"mainline","route0_tensDigit":0,"route0_onesDigit":"odd","route0_tier":"auxiliary","route1_ref":"US 15","route1_status":"signed","route1_role":"mainline","route1_tensDigit":1,"route1_onesDigit":"odd","route1_tier":"primary"},"geometry":{"type":"LineString","coordinates":[[-78.9482777,36.0229392],[-78.948198,36.0230531],[-78.9480814,36.0232031],[-78.9479817,36.0233118],[-78.9478288,36.0234688],[-78.9477231,36.023578],[-78.947635,36.023656]]},"id":"way/591101367"},{"type":"Feature","properties":{"@id":"way/591101368","ref":"US 15;US 501","route0_ref":"US 501","route0_status":"signed","route0_role":"mainline","route0_tensDigit":0,"route0_onesDigit":"odd","route0_tier":"auxiliary","route1_ref":"US 15","route1_status":"signed","route1_role":"mainline","route1_tensDigit":1,"route1_onesDigit":"odd","route1_tier":"primary"},"geometry":{"type":"LineString","coordinates":[[-78.9490608,36.0211343],[-78.948818,36.021921],[-78.948794,36.021997],[-78.948681,36.022285],[-78.9485656,36.0224941],[-78.9484897,36.0226136]]},"id":"way/591101368"},{"type":"Feature","properties":{"@id":"way/591101369","ref":"US 15;US 501","route0_ref":"US 501","route0_status":"signed","route0_role":"mainline","route0_tensDigit":0,"route0_onesDigit":"odd","route0_tier":"auxiliary","route1_ref":"US 15","route1_status":"signed","route1_role":"mainline","route1_tensDigit":1,"route1_onesDigit":"odd","route1_tier":"primary"},"geometry":{"type":"LineString","coordinates":[[-78.9462791,36.0244771],[-78.9461486,36.024527],[-78.9459936,36.0245827],[-78.9456376,36.0247006]]},"id":"way/591101369"},{"type":"Feature","properties":{"@id":"way/591249168","name":"Fordham Boulevard","ref":"US 15;US 501","route0_ref":"US 501","route0_status":"signed","route0_role":"mainline","route0_tensDigit":0,"route0_onesDigit":"odd","route0_tier":"auxiliary","route1_ref":"US 15","route1_status":"signed","route1_role":"mainline","route1_tensDigit":1,"route1_onesDigit":"odd","route1_tier":"primary"},"geometry":{"type":"LineString","coordinates":[[-79.0136529,35.9441895],[-79.0132487,35.9443706],[-79.013,35.9444829],[-79.0127659,35.9445865],[-79.012676,35.9446229]]},"id":"way/591249168"},{"type":"Feature","properties":{"@id":"way/591445445","name":"North Fordham Boulevard","ref":"US 15;US 501","route0_ref":"US 501","route0_status":"signed","route0_role":"mainline","route0_tensDigit":0,"route0_onesDigit":"odd","route0_tier":"auxiliary","route1_ref":"US 15","route1_status":"signed","route1_role":"mainline","route1_tensDigit":1,"route1_onesDigit":"odd","route1_tier":"primary"},"geometry":{"type":"LineString","coordinates":[[-79.024854,35.9258543],[-79.0249745,35.9252412],[-79.0249942,35.9251167]]},"id":"way/591445445"},{"type":"Feature","properties":{"@id":"way/591445446","name":"North Fordham Boulevard","ref":"US 15;US 501","route0_ref":"US 501","route0_status":"signed","route0_role":"mainline","route0_tensDigit":0,"route0_onesDigit":"odd","route0_tier":"auxiliary","route1_ref":"US 15","route1_status":"signed","route1_role":"mainline","route1_tensDigit":1,"route1_onesDigit":"odd","route1_tier":"primary"},"geometry":{"type":"LineString","coordinates":[[-79.0251289,35.9234141],[-79.0248993,35.9245694],[-79.0248018,35.9250691]]},"id":"way/591445446"},{"type":"Feature","properties":{"@id":"way/592901425","name":"Poindexter Street","ref":"US 15;US 501;NC 211","route0_ref":"US 501","route0_status":"signed","route0_role":"mainline","route0_tensDigit":0,"route0_onesDigit":"odd","route0_tier":"auxiliary","route1_ref":"US 15","route1_status":"signed","route1_role":"mainline","route1_tensDigit":1,"route1_onesDigit":"odd","route1_tier":"primary"},"geometry":{"type":"LineString","coordinates":[[-79.4316673,35.127339],[-79.4311255,35.1266063]]},"id":"way/592901425"},{"type":"Feature","properties":{"@id":"way/592901426","name":"Poindexter Street","ref":"US 15;US 501;NC 211","route0_ref":"US 501","route0_status":"signed","route0_role":"mainline","route0_tensDigit":0,"route0_onesDigit":"odd","route0_tier":"auxiliary","route1_ref":"US 15","route1_status":"signed","route1_role":"mainline","route1_tensDigit":1,"route1_onesDigit":"odd","route1_tier":"primary"},"geometry":{"type":"LineString","coordinates":[[-79.4311255,35.1266063],[-79.4309834,35.1264177]]},"id":"way/592901426"},{"type":"Feature","properties":{"@id":"way/592901427","name":"Poindexter Street","ref":"US 15;US 501;NC 211","route0_ref":"US 501","route0_status":"signed","route0_role":"mainline","route0_tensDigit":0,"route0_onesDigit":"odd","route0_tier":"auxiliary","route1_ref":"US 15","route1_status":"signed","route1_role":"mainline","route1_tensDigit":1,"route1_onesDigit":"odd","route1_tier":"primary"},"geometry":{"type":"LineString","coordinates":[[-79.4309834,35.1264177],[-79.430522,35.1258166]]},"id":"way/592901427"},{"type":"Feature","properties":{"@id":"way/592901428","name":"Poindexter Street","ref":"US 15;US 501;NC 211","route0_ref":"US 501","route0_status":"signed","route0_role":"mainline","route0_tensDigit":0,"route0_onesDigit":"odd","route0_tier":"auxiliary","route1_ref":"US 15","route1_status":"signed","route1_role":"mainline","route1_tensDigit":1,"route1_onesDigit":"odd","route1_tier":"primary"},"geometry":{"type":"LineString","coordinates":[[-79.4301921,35.1253921],[-79.4298655,35.1249362]]},"id":"way/592901428"},{"type":"Feature","properties":{"@id":"way/592901429","name":"Poindexter Street","ref":"US 15;US 501;NC 211","route0_ref":"US 501","route0_status":"signed","route0_role":"mainline","route0_tensDigit":0,"route0_onesDigit":"odd","route0_tier":"auxiliary","route1_ref":"US 15","route1_status":"signed","route1_role":"mainline","route1_tensDigit":1,"route1_onesDigit":"odd","route1_tier":"primary"},"geometry":{"type":"LineString","coordinates":[[-79.430522,35.1258166],[-79.4301921,35.1253921]]},"id":"way/592901429"},{"type":"Feature","properties":{"@id":"way/592901430","name":"Poindexter Street","ref":"US 15;US 501;NC 211","route0_ref":"US 501","route0_status":"signed","route0_role":"mainline","route0_tensDigit":0,"route0_onesDigit":"odd","route0_tier":"auxiliary","route1_ref":"US 15","route1_status":"signed","route1_role":"mainline","route1_tensDigit":1,"route1_onesDigit":"odd","route1_tier":"primary"},"geometry":{"type":"LineString","coordinates":[[-79.4322668,35.128041],[-79.4321716,35.1279927],[-79.4316673,35.127339]]},"id":"way/592901430"},{"type":"Feature","properties":{"@id":"way/614242441","ref":"US 15;US 501","route0_ref":"US 501","route0_status":"signed","route0_role":"mainline","route0_tensDigit":0,"route0_onesDigit":"odd","route0_tier":"auxiliary","route1_ref":"US 15","route1_status":"signed","route1_role":"mainline","route1_tensDigit":1,"route1_onesDigit":"odd","route1_tier":"primary"},"geometry":{"type":"LineString","coordinates":[[-79.0578116,35.8945337],[-79.0577389,35.8944113],[-79.0576587,35.894249],[-79.0575971,35.8941141],[-79.0575352,35.8938896]]},"id":"way/614242441"},{"type":"Feature","properties":{"@id":"way/614242449","ref":"US 15;US 501","route0_ref":"US 501","route0_status":"signed","route0_role":"mainline","route0_tensDigit":0,"route0_onesDigit":"odd","route0_tier":"auxiliary","route1_ref":"US 15","route1_status":"signed","route1_role":"mainline","route1_tensDigit":1,"route1_onesDigit":"odd","route1_tier":"primary"},"geometry":{"type":"LineString","coordinates":[[-79.0575204,35.8933101],[-79.0575695,35.8931182],[-79.0576564,35.8929031]]},"id":"way/614242449"},{"type":"Feature","properties":{"@id":"way/614242450","ref":"US 15;US 501","route0_ref":"US 501","route0_status":"signed","route0_role":"mainline","route0_tensDigit":0,"route0_onesDigit":"odd","route0_tier":"auxiliary","route1_ref":"US 15","route1_status":"signed","route1_role":"mainline","route1_tensDigit":1,"route1_onesDigit":"odd","route1_tier":"primary"},"geometry":{"type":"LineString","coordinates":[[-79.0583043,35.8921229],[-79.0584704,35.8919837],[-79.058695,35.8918047]]},"id":"way/614242450"},{"type":"Feature","properties":{"@id":"way/614242453","ref":"US 15;US 501","route0_ref":"US 501","route0_status":"signed","route0_role":"mainline","route0_tensDigit":0,"route0_onesDigit":"odd","route0_tier":"auxiliary","route1_ref":"US 15","route1_status":"signed","route1_role":"mainline","route1_tensDigit":1,"route1_onesDigit":"odd","route1_tier":"primary"},"geometry":{"type":"LineString","coordinates":[[-79.058695,35.8918047],[-79.058798,35.8917196],[-79.0589596,35.8916057],[-79.0592087,35.8914431]]},"id":"way/614242453"},{"type":"Feature","properties":{"@id":"way/614242454","ref":"US 15;US 501","route0_ref":"US 501","route0_status":"signed","route0_role":"mainline","route0_tensDigit":0,"route0_onesDigit":"odd","route0_tier":"auxiliary","route1_ref":"US 15","route1_status":"signed","route1_role":"mainline","route1_tensDigit":1,"route1_onesDigit":"odd","route1_tier":"primary"},"geometry":{"type":"LineString","coordinates":[[-79.0592087,35.8914431],[-79.0593753,35.8913334]]},"id":"way/614242454"},{"type":"Feature","properties":{"@id":"way/615043432","name":"Durham-Chapel Hill Boulevard","ref":"US 15;US 501","route0_ref":"US 501","route0_status":"signed","route0_role":"mainline","route0_tensDigit":0,"route0_onesDigit":"odd","route0_tier":"auxiliary","route1_ref":"US 15","route1_status":"signed","route1_role":"mainline","route1_tensDigit":1,"route1_onesDigit":"odd","route1_tier":"primary"},"geometry":{"type":"LineString","coordinates":[[-78.999332,35.9508309],[-78.9997056,35.9506634],[-78.9998943,35.9505751]]},"id":"way/615043432"},{"type":"Feature","properties":{"@id":"way/615401612","name":"North Fordham Boulevard","ref":"US 15;US 501","route0_ref":"US 501","route0_status":"signed","route0_role":"mainline","route0_tensDigit":0,"route0_onesDigit":"odd","route0_tier":"auxiliary","route1_ref":"US 15","route1_status":"signed","route1_role":"mainline","route1_tensDigit":1,"route1_onesDigit":"odd","route1_tier":"primary"},"geometry":{"type":"LineString","coordinates":[[-79.0239755,35.9314159],[-79.02396,35.9315455]]},"id":"way/615401612"},{"type":"Feature","properties":{"@id":"way/616029661","name":"Fordham Boulevard","ref":"US 15;US 501","route0_ref":"US 501","route0_status":"signed","route0_role":"mainline","route0_tensDigit":0,"route0_onesDigit":"odd","route0_tier":"auxiliary","route1_ref":"US 15","route1_status":"signed","route1_role":"mainline","route1_tensDigit":1,"route1_onesDigit":"odd","route1_tier":"primary"},"geometry":{"type":"LineString","coordinates":[[-79.0184715,35.9417892],[-79.0181936,35.9419655]]},"id":"way/616029661"},{"type":"Feature","properties":{"@id":"way/616029663","name":"Fordham Boulevard","ref":"US 15;US 501","route0_ref":"US 501","route0_status":"signed","route0_role":"mainline","route0_tensDigit":0,"route0_onesDigit":"odd","route0_tier":"auxiliary","route1_ref":"US 15","route1_status":"signed","route1_role":"mainline","route1_tensDigit":1,"route1_onesDigit":"odd","route1_tier":"primary"},"geometry":{"type":"LineString","coordinates":[[-79.0202774,35.9406356],[-79.0201852,35.9406951]]},"id":"way/616029663"},{"type":"Feature","properties":{"@id":"way/616116764","name":"Fordham Boulevard South","ref":"US 15;US 501;NC 54","route0_ref":"US 501","route0_status":"signed","route0_role":"mainline","route0_tensDigit":0,"route0_onesDigit":"odd","route0_tier":"auxiliary","route1_ref":"US 15","route1_status":"signed","route1_role":"mainline","route1_tensDigit":1,"route1_onesDigit":"odd","route1_tier":"primary"},"geometry":{"type":"LineString","coordinates":[[-79.0336137,35.9003967],[-79.0328297,35.9013203],[-79.0327401,35.9014215]]},"id":"way/616116764"},{"type":"Feature","properties":{"@id":"way/616116765","name":"Fordham Boulevard South","ref":"US 15;US 501;NC 54","route0_ref":"US 501","route0_status":"signed","route0_role":"mainline","route0_tensDigit":0,"route0_onesDigit":"odd","route0_tier":"auxiliary","route1_ref":"US 15","route1_status":"signed","route1_role":"mainline","route1_tensDigit":1,"route1_onesDigit":"odd","route1_tier":"primary"},"geometry":{"type":"LineString","coordinates":[[-79.0327401,35.9014215],[-79.031015,35.9034558],[-79.0293143,35.9054689]]},"id":"way/616116765"},{"type":"Feature","properties":{"@id":"way/616116766","name":"Fordham Boulevard South","ref":"US 15;US 501;NC 54","route0_ref":"US 501","route0_status":"signed","route0_role":"mainline","route0_tensDigit":0,"route0_onesDigit":"odd","route0_tier":"auxiliary","route1_ref":"US 15","route1_status":"signed","route1_role":"mainline","route1_tensDigit":1,"route1_onesDigit":"odd","route1_tier":"primary"},"geometry":{"type":"LineString","coordinates":[[-79.0322313,35.9022589],[-79.0328801,35.9015025]]},"id":"way/616116766"},{"type":"Feature","properties":{"@id":"way/616116767","name":"Fordham Boulevard South","ref":"US 15;US 501;NC 54","route0_ref":"US 501","route0_status":"signed","route0_role":"mainline","route0_tensDigit":0,"route0_onesDigit":"odd","route0_tier":"auxiliary","route1_ref":"US 15","route1_status":"signed","route1_role":"mainline","route1_tensDigit":1,"route1_onesDigit":"odd","route1_tier":"primary"},"geometry":{"type":"LineString","coordinates":[[-79.0328801,35.9015025],[-79.0329752,35.9013897],[-79.033629,35.9006136],[-79.0338915,35.9003508]]},"id":"way/616116767"},{"type":"Feature","properties":{"@id":"way/616116768","name":"Fordham Boulevard South","ref":"US 15;US 501;NC 54","route0_ref":"US 501","route0_status":"signed","route0_role":"mainline","route0_tensDigit":0,"route0_onesDigit":"odd","route0_tier":"auxiliary","route1_ref":"US 15","route1_status":"signed","route1_role":"mainline","route1_tensDigit":1,"route1_onesDigit":"odd","route1_tier":"primary"},"geometry":{"type":"LineString","coordinates":[[-79.0361566,35.8985575],[-79.0362886,35.8984914],[-79.0365322,35.8983726],[-79.0366613,35.898307]]},"id":"way/616116768"},{"type":"Feature","properties":{"@id":"way/616116778","name":"Fordham Boulevard South","ref":"US 15;US 501;NC 54","route0_ref":"US 501","route0_status":"signed","route0_role":"mainline","route0_tensDigit":0,"route0_onesDigit":"odd","route0_tier":"auxiliary","route1_ref":"US 15","route1_status":"signed","route1_role":"mainline","route1_tensDigit":1,"route1_onesDigit":"odd","route1_tier":"primary"},"geometry":{"type":"LineString","coordinates":[[-79.0354722,35.8989963],[-79.0356453,35.8988781],[-79.0361566,35.8985575]]},"id":"way/616116778"},{"type":"Feature","properties":{"@id":"way/616116785","name":"Fordham Boulevard South","ref":"US 15;US 501;NC 54","route0_ref":"US 501","route0_status":"signed","route0_role":"mainline","route0_tensDigit":0,"route0_onesDigit":"odd","route0_tier":"auxiliary","route1_ref":"US 15","route1_status":"signed","route1_role":"mainline","route1_tensDigit":1,"route1_onesDigit":"odd","route1_tier":"primary"},"geometry":{"type":"LineString","coordinates":[[-79.0338915,35.9003508],[-79.0342426,35.8999981],[-79.0346352,35.8996387],[-79.0349952,35.899358],[-79.0354722,35.8989963]]},"id":"way/616116785"},{"type":"Feature","properties":{"@id":"way/616118442","name":"Fordham Boulevard South","ref":"US 15;US 501;NC 54","route0_ref":"US 501","route0_status":"signed","route0_role":"mainline","route0_tensDigit":0,"route0_onesDigit":"odd","route0_tier":"auxiliary","route1_ref":"US 15","route1_status":"signed","route1_role":"mainline","route1_tensDigit":1,"route1_onesDigit":"odd","route1_tier":"primary"},"geometry":{"type":"LineString","coordinates":[[-79.0381523,35.8975619],[-79.0377595,35.8976938],[-79.0374228,35.8978166],[-79.0370878,35.8979486]]},"id":"way/616118442"},{"type":"Feature","properties":{"@id":"way/616118443","name":"Fordham Boulevard South","ref":"US 15;US 501;NC 54","route0_ref":"US 501","route0_status":"signed","route0_role":"mainline","route0_tensDigit":0,"route0_onesDigit":"odd","route0_tier":"auxiliary","route1_ref":"US 15","route1_status":"signed","route1_role":"mainline","route1_tensDigit":1,"route1_onesDigit":"odd","route1_tier":"primary"},"geometry":{"type":"LineString","coordinates":[[-79.0370878,35.8979486],[-79.0366325,35.8981534],[-79.036191,35.8983678],[-79.0360595,35.8984277]]},"id":"way/616118443"},{"type":"Feature","properties":{"@id":"way/616118444","name":"Fordham Boulevard South","ref":"US 15;US 501;NC 54","route0_ref":"US 501","route0_status":"signed","route0_role":"mainline","route0_tensDigit":0,"route0_onesDigit":"odd","route0_tier":"auxiliary","route1_ref":"US 15","route1_status":"signed","route1_role":"mainline","route1_tensDigit":1,"route1_onesDigit":"odd","route1_tier":"primary"},"geometry":{"type":"LineString","coordinates":[[-79.0360595,35.8984277],[-79.035685,35.898651],[-79.03537,35.898859],[-79.0350227,35.8991086],[-79.0347036,35.8993526],[-79.0344139,35.8995966],[-79.0339632,35.9000223],[-79.0337233,35.9002776],[-79.0336137,35.9003967]]},"id":"way/616118444"},{"type":"Feature","properties":{"@id":"way/616118446","name":"Fordham Boulevard South","ref":"US 15;US 501;NC 54","route0_ref":"US 501","route0_status":"signed","route0_role":"mainline","route0_tensDigit":0,"route0_onesDigit":"odd","route0_tier":"auxiliary","route1_ref":"US 15","route1_status":"signed","route1_role":"mainline","route1_tensDigit":1,"route1_onesDigit":"odd","route1_tier":"primary"},"geometry":{"type":"LineString","coordinates":[[-79.0366613,35.898307],[-79.0369829,35.8981605],[-79.0372967,35.8980268],[-79.0376348,35.8978953],[-79.0379423,35.8977856],[-79.0382446,35.8976886],[-79.0384743,35.8976188]]},"id":"way/616118446"},{"type":"Feature","properties":{"@id":"way/616118447","name":"Fordham Boulevard South","ref":"US 15;US 501;NC 54","route0_ref":"US 501","route0_status":"signed","route0_role":"mainline","route0_tensDigit":0,"route0_onesDigit":"odd","route0_tier":"auxiliary","route1_ref":"US 15","route1_status":"signed","route1_role":"mainline","route1_tensDigit":1,"route1_onesDigit":"odd","route1_tier":"primary"},"geometry":{"type":"LineString","coordinates":[[-79.0411102,35.8970259],[-79.0422536,35.896779]]},"id":"way/616118447"},{"type":"Feature","properties":{"@id":"way/616118448","name":"Fordham Boulevard South","ref":"US 15;US 501;NC 54","route0_ref":"US 501","route0_status":"signed","route0_role":"mainline","route0_tensDigit":0,"route0_onesDigit":"odd","route0_tier":"auxiliary","route1_ref":"US 15","route1_status":"signed","route1_role":"mainline","route1_tensDigit":1,"route1_onesDigit":"odd","route1_tier":"primary"},"geometry":{"type":"LineString","coordinates":[[-79.0422536,35.896779],[-79.0458727,35.896002],[-79.0489988,35.895324]]},"id":"way/616118448"},{"type":"Feature","properties":{"@id":"way/616118449","name":"Fordham Boulevard South","ref":"US 15;US 501;NC 54","route0_ref":"US 501","route0_status":"signed","route0_role":"mainline","route0_tensDigit":0,"route0_onesDigit":"odd","route0_tier":"auxiliary","route1_ref":"US 15","route1_status":"signed","route1_role":"mainline","route1_tensDigit":1,"route1_onesDigit":"odd","route1_tier":"primary"},"geometry":{"type":"LineString","coordinates":[[-79.0489988,35.895324],[-79.0504835,35.8950009]]},"id":"way/616118449"},{"type":"Feature","properties":{"@id":"way/616118450","name":"Fordham Boulevard South","ref":"US 15;US 501;NC 54","route0_ref":"US 501","route0_status":"signed","route0_role":"mainline","route0_tensDigit":0,"route0_onesDigit":"odd","route0_tier":"auxiliary","route1_ref":"US 15","route1_status":"signed","route1_role":"mainline","route1_tensDigit":1,"route1_onesDigit":"odd","route1_tier":"primary"},"geometry":{"type":"LineString","coordinates":[[-79.0517234,35.8945967],[-79.0504628,35.8948732]]},"id":"way/616118450"},{"type":"Feature","properties":{"@id":"way/616118451","name":"Fordham Boulevard South","ref":"US 15;US 501;NC 54","route0_ref":"US 501","route0_status":"signed","route0_role":"mainline","route0_tensDigit":0,"route0_onesDigit":"odd","route0_tier":"auxiliary","route1_ref":"US 15","route1_status":"signed","route1_role":"mainline","route1_tensDigit":1,"route1_onesDigit":"odd","route1_tier":"primary"},"geometry":{"type":"LineString","coordinates":[[-79.0504628,35.8948732],[-79.0457663,35.8958869],[-79.0422065,35.8966547]]},"id":"way/616118451"},{"type":"Feature","properties":{"@id":"way/616118452","name":"Fordham Boulevard South","ref":"US 15;US 501;NC 54","route0_ref":"US 501","route0_status":"signed","route0_role":"mainline","route0_tensDigit":0,"route0_onesDigit":"odd","route0_tier":"auxiliary","route1_ref":"US 15","route1_status":"signed","route1_role":"mainline","route1_tensDigit":1,"route1_onesDigit":"odd","route1_tier":"primary"},"geometry":{"type":"LineString","coordinates":[[-79.0519601,35.8947013],[-79.0531763,35.894441]]},"id":"way/616118452"},{"type":"Feature","properties":{"@id":"way/616118453","name":"Fordham Boulevard South","ref":"US 15;US 501;NC 54","route0_ref":"US 501","route0_status":"signed","route0_role":"mainline","route0_tensDigit":0,"route0_onesDigit":"odd","route0_tier":"auxiliary","route1_ref":"US 15","route1_status":"signed","route1_role":"mainline","route1_tensDigit":1,"route1_onesDigit":"odd","route1_tier":"primary"},"geometry":{"type":"LineString","coordinates":[[-79.0528554,35.8943578],[-79.0523546,35.894463],[-79.0517234,35.8945967]]},"id":"way/616118453"},{"type":"Feature","properties":{"@id":"way/616118454","ref":"US 15;US 501","route0_ref":"US 501","route0_status":"signed","route0_role":"mainline","route0_tensDigit":0,"route0_onesDigit":"odd","route0_tier":"auxiliary","route1_ref":"US 15","route1_status":"signed","route1_role":"mainline","route1_tensDigit":1,"route1_onesDigit":"odd","route1_tier":"primary"},"geometry":{"type":"LineString","coordinates":[[-79.0563776,35.8932599],[-79.0560258,35.893431],[-79.0556699,35.8935829],[-79.0553266,35.8937172],[-79.0550476,35.8938099],[-79.0545907,35.8939809]]},"id":"way/616118454"},{"type":"Feature","properties":{"@id":"way/616118455","ref":"US 15;US 501","route0_ref":"US 501","route0_status":"signed","route0_role":"mainline","route0_tensDigit":0,"route0_onesDigit":"odd","route0_tier":"auxiliary","route1_ref":"US 15","route1_status":"signed","route1_role":"mainline","route1_tensDigit":1,"route1_onesDigit":"odd","route1_tier":"primary"},"geometry":{"type":"LineString","coordinates":[[-79.0570449,35.8929003],[-79.0563776,35.8932599]]},"id":"way/616118455"},{"type":"Feature","properties":{"@id":"way/616168895","name":"Fordham Boulevard South","ref":"US 15;US 501;NC 54","route0_ref":"US 501","route0_status":"signed","route0_role":"mainline","route0_tensDigit":0,"route0_onesDigit":"odd","route0_tier":"auxiliary","route1_ref":"US 15","route1_status":"signed","route1_role":"mainline","route1_tensDigit":1,"route1_onesDigit":"odd","route1_tier":"primary"},"geometry":{"type":"LineString","coordinates":[[-79.0288959,35.9061861],[-79.0291955,35.9058434],[-79.0295725,35.90539],[-79.0298986,35.9050162]]},"id":"way/616168895"},{"type":"Feature","properties":{"@id":"way/616168896","name":"Fordham Boulevard South","ref":"US 15;US 501;NC 54","route0_ref":"US 501","route0_status":"signed","route0_role":"mainline","route0_tensDigit":0,"route0_onesDigit":"odd","route0_tier":"auxiliary","route1_ref":"US 15","route1_status":"signed","route1_role":"mainline","route1_tensDigit":1,"route1_onesDigit":"odd","route1_tier":"primary"},"geometry":{"type":"LineString","coordinates":[[-79.0298986,35.9050162],[-79.0302061,35.9046486],[-79.030824,35.903905],[-79.0322313,35.9022589]]},"id":"way/616168896"},{"type":"Feature","properties":{"@id":"way/616168897","name":"Fordham Boulevard South","ref":"US 15;US 501;NC 54","route0_ref":"US 501","route0_status":"signed","route0_role":"mainline","route0_tensDigit":0,"route0_onesDigit":"odd","route0_tier":"auxiliary","route1_ref":"US 15","route1_status":"signed","route1_role":"mainline","route1_tensDigit":1,"route1_onesDigit":"odd","route1_tier":"primary"},"geometry":{"type":"LineString","coordinates":[[-79.0293143,35.9054689],[-79.0291123,35.9057031],[-79.0289278,35.9059134]]},"id":"way/616168897"},{"type":"Feature","properties":{"@id":"way/617704760","name":"Durham-Chapel Hill Boulevard","ref":"US 15;US 501","route0_ref":"US 501","route0_status":"signed","route0_role":"mainline","route0_tensDigit":0,"route0_onesDigit":"odd","route0_tier":"auxiliary","route1_ref":"US 15","route1_status":"signed","route1_role":"mainline","route1_tensDigit":1,"route1_onesDigit":"odd","route1_tier":"primary"},"geometry":{"type":"LineString","coordinates":[[-78.9997244,35.9504318],[-78.9994521,35.9505506],[-78.9991938,35.9506702]]},"id":"way/617704760"},{"type":"Feature","properties":{"@id":"way/617704761","name":"Durham-Chapel Hill Boulevard","ref":"US 15;US 501","route0_ref":"US 501","route0_status":"signed","route0_role":"mainline","route0_tensDigit":0,"route0_onesDigit":"odd","route0_tier":"auxiliary","route1_ref":"US 15","route1_status":"signed","route1_role":"mainline","route1_tensDigit":1,"route1_onesDigit":"odd","route1_tier":"primary"},"geometry":{"type":"LineString","coordinates":[[-78.9981638,35.9513513],[-78.9987149,35.9511111]]},"id":"way/617704761"},{"type":"Feature","properties":{"@id":"way/617707061","name":"Fordham Boulevard","ref":"US 15;US 501","route0_ref":"US 501","route0_status":"signed","route0_role":"mainline","route0_tensDigit":0,"route0_onesDigit":"odd","route0_tier":"auxiliary","route1_ref":"US 15","route1_status":"signed","route1_role":"mainline","route1_tensDigit":1,"route1_onesDigit":"odd","route1_tier":"primary"},"geometry":{"type":"LineString","coordinates":[[-79.008735,35.9463942],[-79.007904,35.9467656]]},"id":"way/617707061"},{"type":"Feature","properties":{"@id":"way/617707062","name":"Fordham Boulevard","ref":"US 15;US 501","route0_ref":"US 501","route0_status":"signed","route0_role":"mainline","route0_tensDigit":0,"route0_onesDigit":"odd","route0_tier":"auxiliary","route1_ref":"US 15","route1_status":"signed","route1_role":"mainline","route1_tensDigit":1,"route1_onesDigit":"odd","route1_tier":"primary"},"geometry":{"type":"LineString","coordinates":[[-79.0071952,35.9470964],[-79.0070587,35.9471576],[-79.0029904,35.9489839]]},"id":"way/617707062"},{"type":"Feature","properties":{"@id":"way/617707063","name":"Fordham Boulevard","ref":"US 15;US 501","route0_ref":"US 501","route0_status":"signed","route0_role":"mainline","route0_tensDigit":0,"route0_onesDigit":"odd","route0_tier":"auxiliary","route1_ref":"US 15","route1_status":"signed","route1_role":"mainline","route1_tensDigit":1,"route1_onesDigit":"odd","route1_tier":"primary"},"geometry":{"type":"LineString","coordinates":[[-79.0125653,35.9446727],[-79.0124106,35.944742],[-79.0123166,35.9447841],[-79.008735,35.9463942]]},"id":"way/617707063"},{"type":"Feature","properties":{"@id":"way/617707070","name":"Durham-Chapel Hill Boulevard","ref":"US 15;US 501","route0_ref":"US 501","route0_status":"signed","route0_role":"mainline","route0_tensDigit":0,"route0_onesDigit":"odd","route0_tier":"auxiliary","route1_ref":"US 15","route1_status":"signed","route1_role":"mainline","route1_tensDigit":1,"route1_onesDigit":"odd","route1_tier":"primary"},"geometry":{"type":"LineString","coordinates":[[-78.9978493,35.951496],[-78.9980252,35.9514151],[-78.9981638,35.9513513]]},"id":"way/617707070"},{"type":"Feature","properties":{"@id":"way/617707071","name":"Durham-Chapel Hill Boulevard","ref":"US 15;US 501","route0_ref":"US 501","route0_status":"signed","route0_role":"mainline","route0_tensDigit":0,"route0_onesDigit":"odd","route0_tier":"auxiliary","route1_ref":"US 15","route1_status":"signed","route1_role":"mainline","route1_tensDigit":1,"route1_onesDigit":"odd","route1_tier":"primary"},"geometry":{"type":"LineString","coordinates":[[-78.99673,35.9519982],[-78.9978493,35.951496]]},"id":"way/617707071"},{"type":"Feature","properties":{"@id":"way/618051107","name":"Fordham Boulevard","ref":"US 15;US 501","route0_ref":"US 501","route0_status":"signed","route0_role":"mainline","route0_tensDigit":0,"route0_onesDigit":"odd","route0_tier":"auxiliary","route1_ref":"US 15","route1_status":"signed","route1_role":"mainline","route1_tensDigit":1,"route1_onesDigit":"odd","route1_tier":"primary"},"geometry":{"type":"LineString","coordinates":[[-79.0029904,35.9489839],[-79.0026966,35.9491158],[-79.0025921,35.9491627]]},"id":"way/618051107"},{"type":"Feature","properties":{"@id":"way/618051108","name":"Fordham Boulevard","ref":"US 15;US 501","route0_ref":"US 501","route0_status":"signed","route0_role":"mainline","route0_tensDigit":0,"route0_onesDigit":"odd","route0_tier":"auxiliary","route1_ref":"US 15","route1_status":"signed","route1_role":"mainline","route1_tensDigit":1,"route1_onesDigit":"odd","route1_tier":"primary"},"geometry":{"type":"LineString","coordinates":[[-79.0072233,35.9472403],[-79.007306,35.9472038]]},"id":"way/618051108"},{"type":"Feature","properties":{"@id":"way/618051109","name":"Fordham Boulevard","ref":"US 15;US 501","route0_ref":"US 501","route0_status":"signed","route0_role":"mainline","route0_tensDigit":0,"route0_onesDigit":"odd","route0_tier":"auxiliary","route1_ref":"US 15","route1_status":"signed","route1_role":"mainline","route1_tensDigit":1,"route1_onesDigit":"odd","route1_tier":"primary"},"geometry":{"type":"LineString","coordinates":[[-79.0060082,35.9477894],[-79.007116,35.9472886],[-79.0071428,35.9472767],[-79.0072233,35.9472403]]},"id":"way/618051109"},{"type":"Feature","properties":{"@id":"way/618052901","name":"Durham-Chapel Hill Boulevard","ref":"US 15;US 501","route0_ref":"US 501","route0_status":"signed","route0_role":"mainline","route0_tensDigit":0,"route0_onesDigit":"odd","route0_tier":"auxiliary","route1_ref":"US 15","route1_status":"signed","route1_role":"mainline","route1_tensDigit":1,"route1_onesDigit":"odd","route1_tier":"primary"},"geometry":{"type":"LineString","coordinates":[[-78.9964005,35.9519378],[-78.9961219,35.9520547]]},"id":"way/618052901"},{"type":"Feature","properties":{"@id":"way/619569785","name":"Fordham Boulevard","ref":"US 15;US 501","route0_ref":"US 501","route0_status":"signed","route0_role":"mainline","route0_tensDigit":0,"route0_onesDigit":"odd","route0_tier":"auxiliary","route1_ref":"US 15","route1_status":"signed","route1_role":"mainline","route1_tensDigit":1,"route1_onesDigit":"odd","route1_tier":"primary"},"geometry":{"type":"LineString","coordinates":[[-79.0160929,35.9432518],[-79.0170493,35.942825]]},"id":"way/619569785"},{"type":"Feature","properties":{"@id":"way/619569786","name":"Fordham Boulevard","ref":"US 15;US 501","route0_ref":"US 501","route0_status":"signed","route0_role":"mainline","route0_tensDigit":0,"route0_onesDigit":"odd","route0_tier":"auxiliary","route1_ref":"US 15","route1_status":"signed","route1_role":"mainline","route1_tensDigit":1,"route1_onesDigit":"odd","route1_tier":"primary"},"geometry":{"type":"LineString","coordinates":[[-79.0170493,35.942825],[-79.0181963,35.9423017],[-79.018357,35.9422306]]},"id":"way/619569786"},{"type":"Feature","properties":{"@id":"way/619569787","name":"Fordham Boulevard","ref":"US 15;US 501","route0_ref":"US 501","route0_status":"signed","route0_role":"mainline","route0_tensDigit":0,"route0_onesDigit":"odd","route0_tier":"auxiliary","route1_ref":"US 15","route1_status":"signed","route1_role":"mainline","route1_tensDigit":1,"route1_onesDigit":"odd","route1_tier":"primary"},"geometry":{"type":"LineString","coordinates":[[-79.018357,35.9422306],[-79.0195683,35.9416833]]},"id":"way/619569787"},{"type":"Feature","properties":{"@id":"way/619569788","name":"Fordham Boulevard","ref":"US 15;US 501","route0_ref":"US 501","route0_status":"signed","route0_role":"mainline","route0_tensDigit":0,"route0_onesDigit":"odd","route0_tier":"auxiliary","route1_ref":"US 15","route1_status":"signed","route1_role":"mainline","route1_tensDigit":1,"route1_onesDigit":"odd","route1_tier":"primary"},"geometry":{"type":"LineString","coordinates":[[-79.0195683,35.9416833],[-79.0198912,35.9415418],[-79.0205028,35.9412707],[-79.0207507,35.9411561],[-79.02124,35.9409408],[-79.0215385,35.940807],[-79.0219118,35.9406185]]},"id":"way/619569788"},{"type":"Feature","properties":{"@id":"way/621816055","name":"North Fordham Boulevard","ref":"US 15;US 501","route0_ref":"US 501","route0_status":"signed","route0_role":"mainline","route0_tensDigit":0,"route0_onesDigit":"odd","route0_tier":"auxiliary","route1_ref":"US 15","route1_status":"signed","route1_role":"mainline","route1_tensDigit":1,"route1_onesDigit":"odd","route1_tier":"primary"},"geometry":{"type":"LineString","coordinates":[[-79.0233982,35.9377406],[-79.0235402,35.9365358],[-79.0235436,35.9365075],[-79.0235562,35.9364004]]},"id":"way/621816055"},{"type":"Feature","properties":{"@id":"way/623544553","name":"Durham-Chapel Hill Boulevard","ref":"US 15;US 501","route0_ref":"US 501","route0_status":"signed","route0_role":"mainline","route0_tensDigit":0,"route0_onesDigit":"odd","route0_tier":"auxiliary","route1_ref":"US 15","route1_status":"signed","route1_role":"mainline","route1_tensDigit":1,"route1_onesDigit":"odd","route1_tier":"primary"},"geometry":{"type":"LineString","coordinates":[[-78.9747395,35.9628779],[-78.9753741,35.9625365]]},"id":"way/623544553"},{"type":"Feature","properties":{"@id":"way/625169944","ref":"US 15;US 501;NC 87","route0_ref":"US 501","route0_status":"signed","route0_role":"mainline","route0_tensDigit":0,"route0_onesDigit":"odd","route0_tier":"auxiliary","route1_ref":"US 15","route1_status":"signed","route1_role":"mainline","route1_tensDigit":1,"route1_onesDigit":"odd","route1_tier":"primary"},"geometry":{"type":"LineString","coordinates":[[-79.1846699,35.5248024],[-79.18466,35.5247118],[-79.1846453,35.5246157],[-79.1846439,35.5245055],[-79.1846501,35.5244286],[-79.1846493,35.5242784],[-79.18469,35.5242134]]},"id":"way/625169944"},{"type":"Feature","properties":{"@id":"way/625169946","name":"Hawkins Avenue","ref":"US 15;US 501;NC 87","route0_ref":"US 501","route0_status":"signed","route0_role":"mainline","route0_tensDigit":0,"route0_onesDigit":"odd","route0_tier":"auxiliary","route1_ref":"US 15","route1_status":"signed","route1_role":"mainline","route1_tensDigit":1,"route1_onesDigit":"odd","route1_tier":"primary"},"geometry":{"type":"LineString","coordinates":[[-79.184138,35.524078],[-79.184321,35.524423],[-79.1844112,35.5246125],[-79.1844146,35.5246495],[-79.1844005,35.5247232],[-79.1843802,35.5247617]]},"id":"way/625169946"},{"type":"Feature","properties":{"@id":"way/625169947","name":"Hawkins Avenue","ref":"US 15;US 501;NC 87","route0_ref":"US 501","route0_status":"signed","route0_role":"mainline","route0_tensDigit":0,"route0_onesDigit":"odd","route0_tier":"auxiliary","route1_ref":"US 15","route1_status":"signed","route1_role":"mainline","route1_tensDigit":1,"route1_onesDigit":"odd","route1_tier":"primary"},"geometry":{"type":"LineString","coordinates":[[-79.1850243,35.5258166],[-79.1849759,35.5257383],[-79.1849148,35.5255511],[-79.1848733,35.5254343],[-79.184825,35.5253394],[-79.1847807,35.5252902],[-79.1847499,35.5252444],[-79.1847271,35.5251636],[-79.1847271,35.5250872],[-79.1847271,35.5250397],[-79.1847176,35.5249521]]},"id":"way/625169947"},{"type":"Feature","properties":{"@id":"way/625169948","ref":"US 15;US 501;NC 87","route0_ref":"US 501","route0_status":"signed","route0_role":"mainline","route0_tensDigit":0,"route0_onesDigit":"odd","route0_tier":"auxiliary","route1_ref":"US 15","route1_status":"signed","route1_role":"mainline","route1_tensDigit":1,"route1_onesDigit":"odd","route1_tier":"primary"},"geometry":{"type":"LineString","coordinates":[[-79.1826902,35.5228172],[-79.1827717,35.5227558],[-79.182816,35.5227176],[-79.1828508,35.5226968],[-79.1829025,35.5226821],[-79.1829468,35.522675],[-79.1829876,35.522675],[-79.1830722,35.5226805]]},"id":"way/625169948"},{"type":"Feature","properties":{"@id":"way/625793296","ref":"US 15;US 501","route0_ref":"US 501","route0_status":"signed","route0_role":"mainline","route0_tensDigit":0,"route0_onesDigit":"odd","route0_tier":"auxiliary","route1_ref":"US 15","route1_status":"signed","route1_role":"mainline","route1_tensDigit":1,"route1_onesDigit":"odd","route1_tier":"primary"},"geometry":{"type":"LineString","coordinates":[[-79.0602873,35.890783],[-79.0601543,35.8908545],[-79.059466,35.8911911],[-79.0593753,35.8913334]]},"id":"way/625793296"},{"type":"Feature","properties":{"@id":"way/627462312","name":"Fordham Boulevard","ref":"US 15;US 501","route0_ref":"US 501","route0_status":"signed","route0_role":"mainline","route0_tensDigit":0,"route0_onesDigit":"odd","route0_tier":"auxiliary","route1_ref":"US 15","route1_status":"signed","route1_role":"mainline","route1_tensDigit":1,"route1_onesDigit":"odd","route1_tier":"primary"},"geometry":{"type":"LineString","coordinates":[[-79.0201852,35.9406951],[-79.0197568,35.940965]]},"id":"way/627462312"},{"type":"Feature","properties":{"@id":"way/635466146","name":"North Fordham Boulevard","ref":"US 15;US 501","route0_ref":"US 501","route0_status":"signed","route0_role":"mainline","route0_tensDigit":0,"route0_onesDigit":"odd","route0_tier":"auxiliary","route1_ref":"US 15","route1_status":"signed","route1_role":"mainline","route1_tensDigit":1,"route1_onesDigit":"odd","route1_tier":"primary"},"geometry":{"type":"LineString","coordinates":[[-79.024539,35.9281093],[-79.0245747,35.9277661],[-79.0245921,35.9276269],[-79.024742,35.926428],[-79.024854,35.9258543]]},"id":"way/635466146"},{"type":"Feature","properties":{"@id":"way/635466147","name":"North Fordham Boulevard","ref":"US 15;US 501","route0_ref":"US 501","route0_status":"signed","route0_role":"mainline","route0_tensDigit":0,"route0_onesDigit":"odd","route0_tier":"auxiliary","route1_ref":"US 15","route1_status":"signed","route1_role":"mainline","route1_tensDigit":1,"route1_onesDigit":"odd","route1_tier":"primary"},"geometry":{"type":"LineString","coordinates":[[-79.0244557,35.928814],[-79.0245022,35.9284174],[-79.024539,35.9281093]]},"id":"way/635466147"},{"type":"Feature","properties":{"@id":"way/639773663","name":"Durham-Chapel Hill Boulevard","ref":"US 15;US 501","route0_ref":"US 501","route0_status":"signed","route0_role":"mainline","route0_tensDigit":0,"route0_onesDigit":"odd","route0_tier":"auxiliary","route1_ref":"US 15","route1_status":"signed","route1_role":"mainline","route1_tensDigit":1,"route1_onesDigit":"odd","route1_tier":"primary"},"geometry":{"type":"LineString","coordinates":[[-78.9904972,35.9545844],[-78.9902965,35.9546744],[-78.9887736,35.9553514],[-78.987055,35.9561391],[-78.9862315,35.9565386],[-78.9854364,35.9569369],[-78.9829731,35.9582569],[-78.9820346,35.958769]]},"id":"way/639773663"},{"type":"Feature","properties":{"@id":"way/641032466","name":"Fordham Boulevard South","ref":"US 15;US 501;NC 54","route0_ref":"US 501","route0_status":"signed","route0_role":"mainline","route0_tensDigit":0,"route0_onesDigit":"odd","route0_tier":"auxiliary","route1_ref":"US 15","route1_status":"signed","route1_role":"mainline","route1_tensDigit":1,"route1_onesDigit":"odd","route1_tier":"primary"},"geometry":{"type":"LineString","coordinates":[[-79.0384743,35.8976188],[-79.0387912,35.8975366],[-79.0391584,35.8974483],[-79.040374,35.8971791],[-79.040465,35.897159]]},"id":"way/641032466"},{"type":"Feature","properties":{"@id":"way/642203249","name":"North Fordham Boulevard","ref":"US 15;US 501","route0_ref":"US 501","route0_status":"signed","route0_role":"mainline","route0_tensDigit":0,"route0_onesDigit":"odd","route0_tier":"auxiliary","route1_ref":"US 15","route1_status":"signed","route1_role":"mainline","route1_tensDigit":1,"route1_onesDigit":"odd","route1_tier":"primary"},"geometry":{"type":"LineString","coordinates":[[-79.024137,35.9314162],[-79.0242518,35.9304847],[-79.0242682,35.9303429]]},"id":"way/642203249"},{"type":"Feature","properties":{"@id":"way/642203252","name":"North Fordham Boulevard","ref":"US 15;US 501","route0_ref":"US 501","route0_status":"signed","route0_role":"mainline","route0_tensDigit":0,"route0_onesDigit":"odd","route0_tier":"auxiliary","route1_ref":"US 15","route1_status":"signed","route1_role":"mainline","route1_tensDigit":1,"route1_onesDigit":"odd","route1_tier":"primary"},"geometry":{"type":"LineString","coordinates":[[-79.0242682,35.9303429],[-79.0242803,35.9302388],[-79.0244557,35.928814]]},"id":"way/642203252"},{"type":"Feature","properties":{"@id":"way/643547844","name":"Durham-Chapel Hill Boulevard","ref":"US 15;US 501","route0_ref":"US 501","route0_status":"signed","route0_role":"mainline","route0_tensDigit":0,"route0_onesDigit":"odd","route0_tier":"auxiliary","route1_ref":"US 15","route1_status":"signed","route1_role":"mainline","route1_tensDigit":1,"route1_onesDigit":"odd","route1_tier":"primary"},"geometry":{"type":"LineString","coordinates":[[-78.9998943,35.9505751],[-79.0001656,35.9504309]]},"id":"way/643547844"},{"type":"Feature","properties":{"@id":"way/643547848","name":"Durham-Chapel Hill Boulevard","ref":"US 15;US 501","route0_ref":"US 501","route0_status":"signed","route0_role":"mainline","route0_tensDigit":0,"route0_onesDigit":"odd","route0_tier":"auxiliary","route1_ref":"US 15","route1_status":"signed","route1_role":"mainline","route1_tensDigit":1,"route1_onesDigit":"odd","route1_tier":"primary"},"geometry":{"type":"LineString","coordinates":[[-79.0012073,35.949763],[-79.0005203,35.9500727],[-79.0001208,35.9502572]]},"id":"way/643547848"},{"type":"Feature","properties":{"@id":"way/643547852","name":"Durham-Chapel Hill Boulevard","ref":"US 15;US 501","route0_ref":"US 501","route0_status":"signed","route0_role":"mainline","route0_tensDigit":0,"route0_onesDigit":"odd","route0_tier":"auxiliary","route1_ref":"US 15","route1_status":"signed","route1_role":"mainline","route1_tensDigit":1,"route1_onesDigit":"odd","route1_tier":"primary"},"geometry":{"type":"LineString","coordinates":[[-79.0025921,35.9491627],[-79.0012638,35.9497386],[-79.0012073,35.949763]]},"id":"way/643547852"},{"type":"Feature","properties":{"@id":"way/643547880","name":"Fordham Boulevard","ref":"US 15;US 501","route0_ref":"US 501","route0_status":"signed","route0_role":"mainline","route0_tensDigit":0,"route0_onesDigit":"odd","route0_tier":"auxiliary","route1_ref":"US 15","route1_status":"signed","route1_role":"mainline","route1_tensDigit":1,"route1_onesDigit":"odd","route1_tier":"primary"},"geometry":{"type":"LineString","coordinates":[[-79.0112373,35.9454319],[-79.0122784,35.9449645]]},"id":"way/643547880"},{"type":"Feature","properties":{"@id":"way/644031021","name":"Jefferson Davis Highway","ref":"US 1;US 15;US 501","route0_ref":"US 1","route0_status":"signed","route0_role":"mainline","route0_tensDigit":0,"route0_onesDigit":"odd","route0_tier":"major","route1_ref":"US 501","route1_status":"signed","route1_role":"mainline","route1_tensDigit":0,"route1_onesDigit":"odd","route1_tier":"auxiliary"},"geometry":{"type":"LineString","coordinates":[[-79.2113343,35.4552186],[-79.2126309,35.4536885],[-79.21289,35.4533746],[-79.2131851,35.4530002],[-79.2133504,35.4527823],[-79.2135079,35.452558],[-79.2137277,35.4522114],[-79.2139178,35.4518874],[-79.2140791,35.4515851],[-79.2142423,35.4512538],[-79.2143599,35.4509803]]},"id":"way/644031021"},{"type":"Feature","properties":{"@id":"way/644031022","name":"Jefferson Davis Highway","ref":"US 1;US 15;US 501","route0_ref":"US 1","route0_status":"signed","route0_role":"mainline","route0_tensDigit":0,"route0_onesDigit":"odd","route0_tier":"major","route1_ref":"US 501","route1_status":"signed","route1_role":"mainline","route1_tensDigit":0,"route1_onesDigit":"odd","route1_tier":"auxiliary"},"geometry":{"type":"LineString","coordinates":[[-79.211194,35.4551355],[-79.2108905,35.4554955],[-79.2102349,35.456261],[-79.2089019,35.457834],[-79.2082933,35.458558],[-79.207445,35.459558],[-79.2071049,35.45996],[-79.2066799,35.4604751],[-79.2062624,35.461039],[-79.2058597,35.461615],[-79.205464,35.4622318],[-79.2051827,35.462729],[-79.2049572,35.4631597],[-79.2047095,35.4636744],[-79.2045313,35.4641113]]},"id":"way/644031022"},{"type":"Feature","properties":{"@id":"way/644031026","name":"Jefferson Davis Highway","ref":"US 1;US 15;US 501","route0_ref":"US 1","route0_status":"signed","route0_role":"mainline","route0_tensDigit":0,"route0_onesDigit":"odd","route0_tier":"major","route1_ref":"US 501","route1_status":"signed","route1_role":"mainline","route1_tensDigit":0,"route1_onesDigit":"odd","route1_tier":"auxiliary"},"geometry":{"type":"LineString","coordinates":[[-79.216215,35.4414783],[-79.216377,35.4412],[-79.2165943,35.440871],[-79.2168761,35.4404539],[-79.217116,35.440125],[-79.217197,35.440015],[-79.217316,35.4398524],[-79.217481,35.439627],[-79.2177702,35.4391903],[-79.2180405,35.4387269],[-79.2182842,35.4382815],[-79.2184025,35.4380539],[-79.2185105,35.4378249],[-79.2185673,35.4376955],[-79.2188487,35.4370443],[-79.2189484,35.4367958],[-79.2192316,35.43609],[-79.21931,35.4358947],[-79.219433,35.435588],[-79.2195291,35.4353498],[-79.21988,35.43448],[-79.2200105,35.4341483],[-79.220103,35.433913],[-79.2202274,35.4336243],[-79.2206592,35.4325524],[-79.221081,35.4315052],[-79.2213367,35.4308705],[-79.2214441,35.4306138],[-79.2215476,35.4303788],[-79.2216593,35.4301544],[-79.2217747,35.4299346],[-79.2219511,35.4296136],[-79.2222998,35.4290181],[-79.2226914,35.4283492],[-79.2227145,35.4283008],[-79.2231756,35.4275264],[-79.2233383,35.4272498],[-79.2236322,35.4267503],[-79.2241304,35.4258916],[-79.2244229,35.4253823]]},"id":"way/644031026"},{"type":"Feature","properties":{"@id":"way/644031030","name":"Jefferson Davis Highway","ref":"US 1;US 15;US 501","route0_ref":"US 1","route0_status":"signed","route0_role":"mainline","route0_tensDigit":0,"route0_onesDigit":"odd","route0_tier":"major","route1_ref":"US 501","route1_status":"signed","route1_role":"mainline","route1_tensDigit":0,"route1_onesDigit":"odd","route1_tier":"auxiliary"},"geometry":{"type":"LineString","coordinates":[[-79.2152688,35.4434893],[-79.215443,35.442978],[-79.2155933,35.4426196],[-79.2157337,35.442336]]},"id":"way/644031030"},{"type":"Feature","properties":{"@id":"way/644031032","name":"Jefferson Davis Highway","ref":"US 1;US 15;US 501","route0_ref":"US 1","route0_status":"signed","route0_role":"mainline","route0_tensDigit":0,"route0_onesDigit":"odd","route0_tier":"major","route1_ref":"US 501","route1_status":"signed","route1_role":"mainline","route1_tensDigit":0,"route1_onesDigit":"odd","route1_tier":"auxiliary"},"geometry":{"type":"LineString","coordinates":[[-79.2151257,35.4431304],[-79.2150304,35.4434229],[-79.2149464,35.4437206],[-79.2148905,35.4440114],[-79.2148543,35.4443213],[-79.2148376,35.4447419],[-79.214871,35.4461066],[-79.214889,35.4468253],[-79.2149001,35.447326],[-79.214895,35.4477771],[-79.2148694,35.4482449],[-79.2148234,35.4486715],[-79.2147629,35.4490552],[-79.2146838,35.4494408],[-79.214582,35.449864],[-79.214326,35.450628],[-79.2141918,35.4509409]]},"id":"way/644031032"},{"type":"Feature","properties":{"@id":"way/644031033","name":"Jefferson Davis Highway","ref":"US 1;US 15;US 501","route0_ref":"US 1","route0_status":"signed","route0_role":"mainline","route0_tensDigit":0,"route0_onesDigit":"odd","route0_tier":"major","route1_ref":"US 501","route1_status":"signed","route1_role":"mainline","route1_tensDigit":0,"route1_onesDigit":"odd","route1_tier":"auxiliary"},"geometry":{"type":"LineString","coordinates":[[-79.2157337,35.442336],[-79.2159745,35.441891],[-79.216215,35.4414783]]},"id":"way/644031033"},{"type":"Feature","properties":{"@id":"way/644031035","name":"Jefferson Davis Highway","ref":"US 1;US 15;US 501","route0_ref":"US 1","route0_status":"signed","route0_role":"mainline","route0_tensDigit":0,"route0_onesDigit":"odd","route0_tier":"major","route1_ref":"US 501","route1_status":"signed","route1_role":"mainline","route1_tensDigit":0,"route1_onesDigit":"odd","route1_tier":"auxiliary"},"geometry":{"type":"LineString","coordinates":[[-79.2214402,35.4301249],[-79.2213758,35.4302713],[-79.2213407,35.430351],[-79.2211352,35.4308256],[-79.2202062,35.4331256],[-79.2200234,35.4335699],[-79.2197164,35.4343284],[-79.2195036,35.4348559],[-79.2193153,35.43533],[-79.2190812,35.4358789],[-79.2188925,35.4363084],[-79.2186576,35.4369162],[-79.2185697,35.437104],[-79.218421,35.4373841],[-79.2182369,35.437731],[-79.2179197,35.4382741],[-79.2178706,35.4383621],[-79.217688,35.438689],[-79.2175344,35.438997],[-79.2175172,35.4390314],[-79.2174464,35.4391724],[-79.217407,35.439251],[-79.217196,35.439628],[-79.2170679,35.4398241],[-79.216981,35.439957],[-79.2162059,35.4411448],[-79.2160317,35.4414117]]},"id":"way/644031035"},{"type":"Feature","properties":{"@id":"way/644031036","name":"Jefferson Davis Highway","ref":"US 1;US 15;US 501","route0_ref":"US 1","route0_status":"signed","route0_role":"mainline","route0_tensDigit":0,"route0_onesDigit":"odd","route0_tier":"major","route1_ref":"US 501","route1_status":"signed","route1_role":"mainline","route1_tensDigit":0,"route1_onesDigit":"odd","route1_tier":"auxiliary"},"geometry":{"type":"LineString","coordinates":[[-79.2244229,35.4253823],[-79.224798,35.42479],[-79.225206,35.424085],[-79.2253539,35.4238276],[-79.226257,35.422256]]},"id":"way/644031036"},{"type":"Feature","properties":{"@id":"way/654023604","ref":"US 15;US 501","route0_ref":"US 501","route0_status":"signed","route0_role":"mainline","route0_tensDigit":0,"route0_onesDigit":"odd","route0_tier":"auxiliary","route1_ref":"US 15","route1_status":"signed","route1_role":"mainline","route1_tensDigit":1,"route1_onesDigit":"odd","route1_tier":"primary"},"geometry":{"type":"LineString","coordinates":[[-79.0894727,35.834837],[-79.0895585,35.835671],[-79.089623,35.8362986],[-79.0897795,35.83788],[-79.0898029,35.8384199]]},"id":"way/654023604"},{"type":"Feature","properties":{"@id":"way/654622717","name":"Durham-Chapel Hill Boulevard","ref":"US 15;US 501","route0_ref":"US 501","route0_status":"signed","route0_role":"mainline","route0_tensDigit":0,"route0_onesDigit":"odd","route0_tier":"auxiliary","route1_ref":"US 15","route1_status":"signed","route1_role":"mainline","route1_tensDigit":1,"route1_onesDigit":"odd","route1_tier":"primary"},"geometry":{"type":"LineString","coordinates":[[-78.9786442,35.9605833],[-78.9784642,35.9606801],[-78.9780817,35.9608827]]},"id":"way/654622717"},{"type":"Feature","properties":{"@id":"way/654622723","name":"Durham-Chapel Hill Boulevard","ref":"US 15;US 501","route0_ref":"US 501","route0_status":"signed","route0_role":"mainline","route0_tensDigit":0,"route0_onesDigit":"odd","route0_tier":"auxiliary","route1_ref":"US 15","route1_status":"signed","route1_role":"mainline","route1_tensDigit":1,"route1_onesDigit":"odd","route1_tier":"primary"},"geometry":{"type":"LineString","coordinates":[[-78.9920748,35.9538724],[-78.9914252,35.9541688]]},"id":"way/654622723"},{"type":"Feature","properties":{"@id":"way/654622729","name":"Durham-Chapel Hill Boulevard","ref":"US 15;US 501","route0_ref":"US 501","route0_status":"signed","route0_role":"mainline","route0_tensDigit":0,"route0_onesDigit":"odd","route0_tier":"auxiliary","route1_ref":"US 15","route1_status":"signed","route1_role":"mainline","route1_tensDigit":1,"route1_onesDigit":"odd","route1_tier":"primary"},"geometry":{"type":"LineString","coordinates":[[-78.9927362,35.953779],[-78.9933588,35.9534957]]},"id":"way/654622729"},{"type":"Feature","properties":{"@id":"way/654622735","name":"Durham-Chapel Hill Boulevard","ref":"US 15;US 501","route0_ref":"US 501","route0_status":"signed","route0_role":"mainline","route0_tensDigit":0,"route0_onesDigit":"odd","route0_tier":"auxiliary","route1_ref":"US 15","route1_status":"signed","route1_role":"mainline","route1_tensDigit":1,"route1_onesDigit":"odd","route1_tier":"primary"},"geometry":{"type":"LineString","coordinates":[[-78.990601,35.9547434],[-78.9907137,35.9546925],[-78.9921225,35.9540562],[-78.9927362,35.953779]]},"id":"way/654622735"},{"type":"Feature","properties":{"@id":"way/654622748","name":"Durham-Chapel Hill Boulevard","ref":"US 15;US 501","route0_ref":"US 501","route0_status":"signed","route0_role":"mainline","route0_tensDigit":0,"route0_onesDigit":"odd","route0_tier":"auxiliary","route1_ref":"US 15","route1_status":"signed","route1_role":"mainline","route1_tensDigit":1,"route1_onesDigit":"odd","route1_tier":"primary"},"geometry":{"type":"LineString","coordinates":[[-78.9961219,35.9520547],[-78.9956494,35.9522662],[-78.9951999,35.9524705]]},"id":"way/654622748"},{"type":"Feature","properties":{"@id":"way/660344996","name":"Jefferson Davis Highway","ref":"US 1;US 15;US 501","route0_ref":"US 1","route0_status":"signed","route0_role":"mainline","route0_tensDigit":0,"route0_onesDigit":"odd","route0_tier":"major","route1_ref":"US 501","route1_status":"signed","route1_role":"mainline","route1_tensDigit":0,"route1_onesDigit":"odd","route1_tier":"auxiliary"},"geometry":{"type":"LineString","coordinates":[[-79.2160317,35.4414117],[-79.2159663,35.4415153],[-79.2157416,35.4418714],[-79.2155011,35.4423268],[-79.2154048,35.4425092],[-79.2152596,35.4428107],[-79.2151257,35.4431304]]},"id":"way/660344996"},{"type":"Feature","properties":{"@id":"way/674564671","ref":"US 15;US 501","route0_ref":"US 501","route0_status":"signed","route0_role":"mainline","route0_tensDigit":0,"route0_onesDigit":"odd","route0_tier":"auxiliary","route1_ref":"US 15","route1_status":"signed","route1_role":"mainline","route1_tensDigit":1,"route1_onesDigit":"odd","route1_tier":"primary"},"geometry":{"type":"LineString","coordinates":[[-78.9598847,35.9755568],[-78.9604032,35.9743883],[-78.9606564,35.9738065]]},"id":"way/674564671"},{"type":"Feature","properties":{"@id":"way/674564673","ref":"US 15;US 501","route0_ref":"US 501","route0_status":"signed","route0_role":"mainline","route0_tensDigit":0,"route0_onesDigit":"odd","route0_tier":"auxiliary","route1_ref":"US 15","route1_status":"signed","route1_role":"mainline","route1_tensDigit":1,"route1_onesDigit":"odd","route1_tier":"primary"},"geometry":{"type":"LineString","coordinates":[[-78.9606564,35.9738065],[-78.9607962,35.9734853],[-78.9612537,35.9724046]]},"id":"way/674564673"},{"type":"Feature","properties":{"@id":"way/675055943","name":"Durham-Chapel Hill Boulevard","ref":"US 15;US 501","route0_ref":"US 501","route0_status":"signed","route0_role":"mainline","route0_tensDigit":0,"route0_onesDigit":"odd","route0_tier":"auxiliary","route1_ref":"US 15","route1_status":"signed","route1_role":"mainline","route1_tensDigit":1,"route1_onesDigit":"odd","route1_tier":"primary"},"geometry":{"type":"LineString","coordinates":[[-78.9770069,35.9616699],[-78.9772267,35.9615542],[-78.9786304,35.9608018]]},"id":"way/675055943"},{"type":"Feature","properties":{"@id":"way/675055944","name":"Durham-Chapel Hill Boulevard","ref":"US 15;US 501","route0_ref":"US 501","route0_status":"signed","route0_role":"mainline","route0_tensDigit":0,"route0_onesDigit":"odd","route0_tier":"auxiliary","route1_ref":"US 15","route1_status":"signed","route1_role":"mainline","route1_tensDigit":1,"route1_onesDigit":"odd","route1_tier":"primary"},"geometry":{"type":"LineString","coordinates":[[-78.9737648,35.9634009],[-78.9747395,35.9628779]]},"id":"way/675055944"},{"type":"Feature","properties":{"@id":"way/675055945","name":"Durham-Chapel Hill Boulevard","ref":"US 15;US 501","route0_ref":"US 501","route0_status":"signed","route0_role":"mainline","route0_tensDigit":0,"route0_onesDigit":"odd","route0_tier":"auxiliary","route1_ref":"US 15","route1_status":"signed","route1_role":"mainline","route1_tensDigit":1,"route1_onesDigit":"odd","route1_tier":"primary"},"geometry":{"type":"LineString","coordinates":[[-78.9780817,35.9608827],[-78.9771181,35.9613986],[-78.9770943,35.9614127],[-78.976945,35.9614919]]},"id":"way/675055945"},{"type":"Feature","properties":{"@id":"way/680455802","name":"Durham-Chapel Hill Boulevard","ref":"US 15;US 501","route0_ref":"US 501","route0_status":"signed","route0_role":"mainline","route0_tensDigit":0,"route0_onesDigit":"odd","route0_tier":"auxiliary","route1_ref":"US 15","route1_status":"signed","route1_role":"mainline","route1_tensDigit":1,"route1_onesDigit":"odd","route1_tier":"primary"},"geometry":{"type":"LineString","coordinates":[[-78.9736385,35.9632688],[-78.9703915,35.9649838]]},"id":"way/680455802"},{"type":"Feature","properties":{"@id":"way/684491692","ref":"US 15;US 501","route0_ref":"US 501","route0_status":"signed","route0_role":"mainline","route0_tensDigit":0,"route0_onesDigit":"odd","route0_tier":"auxiliary","route1_ref":"US 15","route1_status":"signed","route1_role":"mainline","route1_tensDigit":1,"route1_onesDigit":"odd","route1_tier":"primary"},"geometry":{"type":"LineString","coordinates":[[-78.957886,35.9812599],[-78.957877,35.981818],[-78.957892,35.982962],[-78.9578999,35.9835185]]},"id":"way/684491692"},{"type":"Feature","properties":{"@id":"way/684887199","name":"Durham-Chapel Hill Boulevard","ref":"US 15;US 501","route0_ref":"US 501","route0_status":"signed","route0_role":"mainline","route0_tensDigit":0,"route0_onesDigit":"odd","route0_tier":"auxiliary","route1_ref":"US 15","route1_status":"signed","route1_role":"mainline","route1_tensDigit":1,"route1_onesDigit":"odd","route1_tier":"primary"},"geometry":{"type":"LineString","coordinates":[[-78.9748042,35.9626357],[-78.9736385,35.9632688]]},"id":"way/684887199"},{"type":"Feature","properties":{"@id":"way/684887200","name":"Durham-Chapel Hill Boulevard","ref":"US 15;US 501","route0_ref":"US 501","route0_status":"signed","route0_role":"mainline","route0_tensDigit":0,"route0_onesDigit":"odd","route0_tier":"auxiliary","route1_ref":"US 15","route1_status":"signed","route1_role":"mainline","route1_tensDigit":1,"route1_onesDigit":"odd","route1_tier":"primary"},"geometry":{"type":"LineString","coordinates":[[-78.9724184,35.9641175],[-78.9728841,35.9638681]]},"id":"way/684887200"},{"type":"Feature","properties":{"@id":"way/684887201","name":"Durham-Chapel Hill Boulevard","ref":"US 15;US 501","route0_ref":"US 501","route0_status":"signed","route0_role":"mainline","route0_tensDigit":0,"route0_onesDigit":"odd","route0_tier":"auxiliary","route1_ref":"US 15","route1_status":"signed","route1_role":"mainline","route1_tensDigit":1,"route1_onesDigit":"odd","route1_tier":"primary"},"geometry":{"type":"LineString","coordinates":[[-78.9728841,35.9638681],[-78.9735735,35.963501],[-78.9737648,35.9634009]]},"id":"way/684887201"},{"type":"Feature","properties":{"@id":"way/684887202","name":"Durham-Chapel Hill Boulevard","ref":"US 15;US 501","route0_ref":"US 501","route0_status":"signed","route0_role":"mainline","route0_tensDigit":0,"route0_onesDigit":"odd","route0_tier":"auxiliary","route1_ref":"US 15","route1_status":"signed","route1_role":"mainline","route1_tensDigit":1,"route1_onesDigit":"odd","route1_tier":"primary"},"geometry":{"type":"LineString","coordinates":[[-78.9760874,35.9621623],[-78.976811,35.961774],[-78.9770069,35.9616699]]},"id":"way/684887202"},{"type":"Feature","properties":{"@id":"way/686511542","name":"Jefferson Davis Highway","ref":"US 1;US 15;US 501","route0_ref":"US 1","route0_status":"signed","route0_role":"mainline","route0_tensDigit":0,"route0_onesDigit":"odd","route0_tier":"major","route1_ref":"US 501","route1_status":"signed","route1_role":"mainline","route1_tensDigit":0,"route1_onesDigit":"odd","route1_tier":"auxiliary"},"geometry":{"type":"LineString","coordinates":[[-79.1986115,35.4817352],[-79.198675,35.481556],[-79.198916,35.480872],[-79.1990766,35.4804065]]},"id":"way/686511542"},{"type":"Feature","properties":{"@id":"way/686511543","name":"Jefferson Davis Highway","ref":"US 1;US 15;US 501","route0_ref":"US 1","route0_status":"signed","route0_role":"mainline","route0_tensDigit":0,"route0_onesDigit":"odd","route0_tier":"major","route1_ref":"US 501","route1_status":"signed","route1_role":"mainline","route1_tensDigit":0,"route1_onesDigit":"odd","route1_tier":"auxiliary"},"geometry":{"type":"LineString","coordinates":[[-79.197902,35.484081],[-79.198308,35.482668],[-79.198512,35.4820574],[-79.1986115,35.4817352]]},"id":"way/686511543"},{"type":"Feature","properties":{"@id":"way/686511544","name":"Jefferson Davis Highway","ref":"US 1;US 15;US 501","route0_ref":"US 1","route0_status":"signed","route0_role":"mainline","route0_tensDigit":0,"route0_onesDigit":"odd","route0_tier":"major","route1_ref":"US 501","route1_status":"signed","route1_role":"mainline","route1_tensDigit":0,"route1_onesDigit":"odd","route1_tier":"auxiliary"},"geometry":{"type":"LineString","coordinates":[[-79.1964733,35.4925803],[-79.1965368,35.4922326],[-79.196794,35.490545],[-79.1968835,35.4899321]]},"id":"way/686511544"},{"type":"Feature","properties":{"@id":"way/686511545","name":"Jefferson Davis Highway","ref":"US 1;US 15;US 501","route0_ref":"US 1","route0_status":"signed","route0_role":"mainline","route0_tensDigit":0,"route0_onesDigit":"odd","route0_tier":"major","route1_ref":"US 501","route1_status":"signed","route1_role":"mainline","route1_tensDigit":0,"route1_onesDigit":"odd","route1_tier":"auxiliary"},"geometry":{"type":"LineString","coordinates":[[-79.1956415,35.4947751],[-79.1957767,35.4945237],[-79.196027,35.494004],[-79.196263,35.493383],[-79.1963638,35.4930581],[-79.196455,35.4926661],[-79.1964733,35.4925803]]},"id":"way/686511545"},{"type":"Feature","properties":{"@id":"way/686511548","name":"Jefferson Davis Highway","ref":"US 1;US 15;US 501;NC 87","route0_ref":"US 1","route0_status":"signed","route0_role":"mainline","route0_tensDigit":0,"route0_onesDigit":"odd","route0_tier":"major","route1_ref":"US 501","route1_status":"signed","route1_role":"mainline","route1_tensDigit":0,"route1_onesDigit":"odd","route1_tier":"auxiliary"},"geometry":{"type":"LineString","coordinates":[[-79.191095,35.503009],[-79.192907,35.499715],[-79.1931891,35.4992184]]},"id":"way/686511548"},{"type":"Feature","properties":{"@id":"way/686511549","name":"Jefferson Davis Highway","ref":"US 1;US 15;US 501;NC 87","route0_ref":"US 1","route0_status":"signed","route0_role":"mainline","route0_tensDigit":0,"route0_onesDigit":"odd","route0_tier":"major","route1_ref":"US 501","route1_status":"signed","route1_role":"mainline","route1_tensDigit":0,"route1_onesDigit":"odd","route1_tier":"auxiliary"},"geometry":{"type":"LineString","coordinates":[[-79.1942019,35.4973882],[-79.1944777,35.4968836],[-79.1948442,35.49621]]},"id":"way/686511549"},{"type":"Feature","properties":{"@id":"way/686511550","name":"Jefferson Davis Highway","ref":"US 1;US 15;US 501;NC 87","route0_ref":"US 1","route0_status":"signed","route0_role":"mainline","route0_tensDigit":0,"route0_onesDigit":"odd","route0_tier":"major","route1_ref":"US 501","route1_status":"signed","route1_role":"mainline","route1_tensDigit":0,"route1_onesDigit":"odd","route1_tier":"auxiliary"},"geometry":{"type":"LineString","coordinates":[[-79.1896855,35.5064236],[-79.18975,35.506218],[-79.190006,35.505481],[-79.1902089,35.5049131],[-79.1904455,35.5043204],[-79.1906648,35.5038604],[-79.1908667,35.5034371],[-79.191095,35.503009]]},"id":"way/686511550"},{"type":"Feature","properties":{"@id":"way/686511552","name":"Jefferson Davis Highway","ref":"US 1;US 15;US 501;NC 87","route0_ref":"US 1","route0_status":"signed","route0_role":"mainline","route0_tensDigit":0,"route0_onesDigit":"odd","route0_tier":"major","route1_ref":"US 501","route1_status":"signed","route1_role":"mainline","route1_tensDigit":0,"route1_onesDigit":"odd","route1_tier":"auxiliary"},"geometry":{"type":"LineString","coordinates":[[-79.188211,35.5107652],[-79.1886756,35.5093911],[-79.1887119,35.5092856],[-79.1889713,35.5085304],[-79.1891675,35.5079504],[-79.1893913,35.507292],[-79.1896855,35.5064236]]},"id":"way/686511552"},{"type":"Feature","properties":{"@id":"way/686511555","name":"Hawkins Avenue","ref":"US 15;US 501;NC 87","route0_ref":"US 501","route0_status":"signed","route0_role":"mainline","route0_tensDigit":0,"route0_onesDigit":"odd","route0_tier":"auxiliary","route1_ref":"US 15","route1_status":"signed","route1_role":"mainline","route1_tensDigit":1,"route1_onesDigit":"odd","route1_tier":"primary"},"geometry":{"type":"LineString","coordinates":[[-79.1915416,35.5533724],[-79.1915023,35.5527423],[-79.191494,35.5526236]]},"id":"way/686511555"},{"type":"Feature","properties":{"@id":"way/686511556","name":"Hawkins Avenue","ref":"US 15;US 501;NC 87","route0_ref":"US 501","route0_status":"signed","route0_role":"mainline","route0_tensDigit":0,"route0_onesDigit":"odd","route0_tier":"auxiliary","route1_ref":"US 15","route1_status":"signed","route1_role":"mainline","route1_tensDigit":1,"route1_onesDigit":"odd","route1_tier":"primary"},"geometry":{"type":"LineString","coordinates":[[-79.1911731,35.5502838],[-79.191212,35.5507746],[-79.1912391,35.5511113],[-79.1912985,35.5518157],[-79.1913421,35.5523688]]},"id":"way/686511556"},{"type":"Feature","properties":{"@id":"way/686511557","name":"Hawkins Avenue","ref":"US 15;US 501;NC 87","route0_ref":"US 501","route0_status":"signed","route0_role":"mainline","route0_tensDigit":0,"route0_onesDigit":"odd","route0_tier":"auxiliary","route1_ref":"US 15","route1_status":"signed","route1_role":"mainline","route1_tensDigit":1,"route1_onesDigit":"odd","route1_tier":"primary"},"geometry":{"type":"LineString","coordinates":[[-79.1911483,35.5499667],[-79.1911731,35.5502838]]},"id":"way/686511557"},{"type":"Feature","properties":{"@id":"way/686511560","name":"Hawkins Avenue","ref":"US 15;US 501;NC 87","route0_ref":"US 501","route0_status":"signed","route0_role":"mainline","route0_tensDigit":0,"route0_onesDigit":"odd","route0_tier":"auxiliary","route1_ref":"US 15","route1_status":"signed","route1_role":"mainline","route1_tensDigit":1,"route1_onesDigit":"odd","route1_tier":"primary"},"geometry":{"type":"LineString","coordinates":[[-79.1866608,35.5348339],[-79.186783,35.535354],[-79.1868514,35.5355985],[-79.186929,35.5358545]]},"id":"way/686511560"},{"type":"Feature","properties":{"@id":"way/686511561","name":"Hawkins Avenue","ref":"US 15;US 501;NC 87","route0_ref":"US 501","route0_status":"signed","route0_role":"mainline","route0_tensDigit":0,"route0_onesDigit":"odd","route0_tier":"auxiliary","route1_ref":"US 15","route1_status":"signed","route1_role":"mainline","route1_tensDigit":1,"route1_onesDigit":"odd","route1_tier":"primary"},"geometry":{"type":"LineString","coordinates":[[-79.1865018,35.5330877],[-79.1865242,35.5334879],[-79.1865659,35.5339968]]},"id":"way/686511561"},{"type":"Feature","properties":{"@id":"way/686511562","name":"Hawkins Avenue","ref":"US 15;US 501;NC 87","route0_ref":"US 501","route0_status":"signed","route0_role":"mainline","route0_tensDigit":0,"route0_onesDigit":"odd","route0_tier":"auxiliary","route1_ref":"US 15","route1_status":"signed","route1_role":"mainline","route1_tensDigit":1,"route1_onesDigit":"odd","route1_tier":"primary"},"geometry":{"type":"LineString","coordinates":[[-79.1852776,35.527178],[-79.185335,35.5273712],[-79.1854188,35.5276488],[-79.1855458,35.5280693],[-79.1855807,35.5281941],[-79.1857061,35.5286428],[-79.1857452,35.5287859],[-79.1857798,35.5289121],[-79.1858881,35.5293084],[-79.1859148,35.5294062],[-79.1860374,35.5298546],[-79.1860803,35.5300324],[-79.1862519,35.530743],[-79.1863418,35.5313171],[-79.1863751,35.5316841],[-79.1864052,35.532017],[-79.1864975,35.5330344],[-79.1865018,35.5330877]]},"id":"way/686511562"},{"type":"Feature","properties":{"@id":"way/686511570","name":"Hawkins Avenue","ref":"US 15;US 501;NC 87","route0_ref":"US 501","route0_status":"signed","route0_role":"mainline","route0_tensDigit":0,"route0_onesDigit":"odd","route0_tier":"auxiliary","route1_ref":"US 15","route1_status":"signed","route1_role":"mainline","route1_tensDigit":1,"route1_onesDigit":"odd","route1_tier":"primary"},"geometry":{"type":"LineString","coordinates":[[-79.186929,35.5358545],[-79.1869922,35.5360252],[-79.1871008,35.5362751],[-79.1872283,35.5365469],[-79.1873784,35.5368557],[-79.1874496,35.5369876],[-79.187597,35.5372606],[-79.1878265,35.5376835],[-79.1879931,35.5379904],[-79.1881883,35.5383464],[-79.1883708,35.5386793],[-79.1886538,35.5391889],[-79.1886867,35.539253],[-79.1889394,35.5397455],[-79.1890554,35.5399987],[-79.1891553,35.5402497],[-79.1892709,35.5405403],[-79.1893466,35.5407845],[-79.1894225,35.5410295],[-79.1894705,35.5412263],[-79.189601,35.5417618],[-79.1896586,35.5420067],[-79.1897528,35.5424048],[-79.1899077,35.5430596],[-79.1900284,35.5435561],[-79.1901171,35.5439374],[-79.1902123,35.5443548],[-79.1903276,35.5448306],[-79.1905683,35.5458651],[-79.1906953,35.5463986],[-79.1908603,35.5471702],[-79.1909132,35.5474873]]},"id":"way/686511570"},{"type":"Feature","properties":{"@id":"way/686511572","name":"Hawkins Avenue","ref":"US 15;US 501;NC 87","route0_ref":"US 501","route0_status":"signed","route0_role":"mainline","route0_tensDigit":0,"route0_onesDigit":"odd","route0_tier":"auxiliary","route1_ref":"US 15","route1_status":"signed","route1_role":"mainline","route1_tensDigit":1,"route1_onesDigit":"odd","route1_tier":"primary"},"geometry":{"type":"LineString","coordinates":[[-79.1853961,35.5271561],[-79.1853521,35.5270095],[-79.1852932,35.5267944],[-79.1852563,35.5266596],[-79.1851778,35.5263728],[-79.1850946,35.5260634],[-79.1850243,35.5258166]]},"id":"way/686511572"},{"type":"Feature","properties":{"@id":"way/686511573","name":"Hawkins Avenue","ref":"US 15;US 501;NC 87","route0_ref":"US 501","route0_status":"signed","route0_role":"mainline","route0_tensDigit":0,"route0_onesDigit":"odd","route0_tier":"auxiliary","route1_ref":"US 15","route1_status":"signed","route1_role":"mainline","route1_tensDigit":1,"route1_onesDigit":"odd","route1_tier":"primary"},"geometry":{"type":"LineString","coordinates":[[-79.1851787,35.5268105],[-79.1851939,35.5268827],[-79.1852776,35.527178]]},"id":"way/686511573"},{"type":"Feature","properties":{"@id":"way/686511574","ref":"US 15;US 501;NC 87","route0_ref":"US 501","route0_status":"signed","route0_role":"mainline","route0_tensDigit":0,"route0_onesDigit":"odd","route0_tier":"auxiliary","route1_ref":"US 15","route1_status":"signed","route1_role":"mainline","route1_tensDigit":1,"route1_onesDigit":"odd","route1_tier":"primary"},"geometry":{"type":"LineString","coordinates":[[-79.18469,35.5242134],[-79.1846648,35.5240139],[-79.1846399,35.5238064],[-79.1846211,35.523545],[-79.1846171,35.5231127],[-79.1846115,35.5228137]]},"id":"way/686511574"},{"type":"Feature","properties":{"@id":"way/686511575","ref":"US 15;US 501;NC 87","route0_ref":"US 501","route0_status":"signed","route0_role":"mainline","route0_tensDigit":0,"route0_onesDigit":"odd","route0_tier":"auxiliary","route1_ref":"US 15","route1_status":"signed","route1_role":"mainline","route1_tensDigit":1,"route1_onesDigit":"odd","route1_tier":"primary"},"geometry":{"type":"LineString","coordinates":[[-79.1850243,35.5258166],[-79.1850268,35.5257377],[-79.184982,35.5255696],[-79.18488,35.5251656],[-79.1848316,35.5249657],[-79.18469,35.5242134]]},"id":"way/686511575"},{"type":"Feature","properties":{"@id":"way/686511576","name":"Hawkins Avenue","ref":"US 15;US 501;NC 87","route0_ref":"US 501","route0_status":"signed","route0_role":"mainline","route0_tensDigit":0,"route0_onesDigit":"odd","route0_tier":"auxiliary","route1_ref":"US 15","route1_status":"signed","route1_role":"mainline","route1_tensDigit":1,"route1_onesDigit":"odd","route1_tier":"primary"},"geometry":{"type":"LineString","coordinates":[[-79.1848292,35.5256889],[-79.184853,35.525752],[-79.1849318,35.5259506],[-79.1850125,35.5261934],[-79.1851493,35.5266755],[-79.1851787,35.5268105]]},"id":"way/686511576"},{"type":"Feature","properties":{"@id":"way/686511577","name":"Hawkins Avenue","ref":"US 15;US 501;NC 87","route0_ref":"US 501","route0_status":"signed","route0_role":"mainline","route0_tensDigit":0,"route0_onesDigit":"odd","route0_tier":"auxiliary","route1_ref":"US 15","route1_status":"signed","route1_role":"mainline","route1_tensDigit":1,"route1_onesDigit":"odd","route1_tier":"primary"},"geometry":{"type":"LineString","coordinates":[[-79.184548,35.5250974],[-79.1845826,35.5251153],[-79.1846134,35.5251453],[-79.1846289,35.5251686],[-79.184692,35.525325],[-79.1848292,35.5256889]]},"id":"way/686511577"},{"type":"Feature","properties":{"@id":"way/686511580","name":"Hawkins Avenue","ref":"US 15;US 501;NC 87","route0_ref":"US 501","route0_status":"signed","route0_role":"mainline","route0_tensDigit":0,"route0_onesDigit":"odd","route0_tier":"auxiliary","route1_ref":"US 15","route1_status":"signed","route1_role":"mainline","route1_tensDigit":1,"route1_onesDigit":"odd","route1_tier":"primary"},"geometry":{"type":"LineString","coordinates":[[-79.1836383,35.5231575],[-79.1839412,35.5236978],[-79.184138,35.524078]]},"id":"way/686511580"},{"type":"Feature","properties":{"@id":"way/686511581","name":"Jefferson Davis Highway","ref":"US 1;US 15;US 501;NC 87","route0_ref":"US 1","route0_status":"signed","route0_role":"mainline","route0_tensDigit":0,"route0_onesDigit":"odd","route0_tier":"major","route1_ref":"US 501","route1_status":"signed","route1_role":"mainline","route1_tensDigit":0,"route1_onesDigit":"odd","route1_tier":"auxiliary"},"geometry":{"type":"LineString","coordinates":[[-79.1862178,35.5160715],[-79.1855306,35.5180802]]},"id":"way/686511581"},{"type":"Feature","properties":{"@id":"way/686511582","name":"Jefferson Davis Highway","ref":"US 1;US 15;US 501;NC 87","route0_ref":"US 1","route0_status":"signed","route0_role":"mainline","route0_tensDigit":0,"route0_onesDigit":"odd","route0_tier":"major","route1_ref":"US 501","route1_status":"signed","route1_role":"mainline","route1_tensDigit":0,"route1_onesDigit":"odd","route1_tier":"auxiliary"},"geometry":{"type":"LineString","coordinates":[[-79.18764,35.5118381],[-79.187578,35.5120651],[-79.1873674,35.5126867],[-79.1870861,35.5135244],[-79.1868263,35.5142651],[-79.1865951,35.5149624],[-79.1863015,35.5158354],[-79.1862178,35.5160715]]},"id":"way/686511582"},{"type":"Feature","properties":{"@id":"way/686511584","name":"Jefferson Davis Highway","ref":"US 1;US 15;US 501;NC 87","route0_ref":"US 1","route0_status":"signed","route0_role":"mainline","route0_tensDigit":0,"route0_onesDigit":"odd","route0_tier":"major","route1_ref":"US 501","route1_status":"signed","route1_role":"mainline","route1_tensDigit":0,"route1_onesDigit":"odd","route1_tier":"auxiliary"},"geometry":{"type":"LineString","coordinates":[[-79.1895054,35.5064131],[-79.1890629,35.5077069],[-79.1886512,35.5088998],[-79.1883337,35.5098444],[-79.1880906,35.5105649]]},"id":"way/686511584"},{"type":"Feature","properties":{"@id":"way/686511585","name":"Jefferson Davis Highway","ref":"US 1;US 15;US 501;NC 87","route0_ref":"US 1","route0_status":"signed","route0_role":"mainline","route0_tensDigit":0,"route0_onesDigit":"odd","route0_tier":"major","route1_ref":"US 501","route1_status":"signed","route1_role":"mainline","route1_tensDigit":0,"route1_onesDigit":"odd","route1_tier":"auxiliary"},"geometry":{"type":"LineString","coordinates":[[-79.1931469,35.4989301],[-79.1910106,35.5028054]]},"id":"way/686511585"},{"type":"Feature","properties":{"@id":"way/686511587","name":"Jefferson Davis Highway","ref":"US 1;US 15;US 501","route0_ref":"US 1","route0_status":"signed","route0_role":"mainline","route0_tensDigit":0,"route0_onesDigit":"odd","route0_tier":"major","route1_ref":"US 501","route1_status":"signed","route1_role":"mainline","route1_tensDigit":0,"route1_onesDigit":"odd","route1_tier":"auxiliary"},"geometry":{"type":"LineString","coordinates":[[-79.1966477,35.4902884],[-79.196574,35.490774],[-79.196533,35.491048],[-79.196406,35.4919242]]},"id":"way/686511587"},{"type":"Feature","properties":{"@id":"way/686511588","name":"Jefferson Davis Highway","ref":"US 1;US 15;US 501","route0_ref":"US 1","route0_status":"signed","route0_role":"mainline","route0_tensDigit":0,"route0_onesDigit":"odd","route0_tier":"major","route1_ref":"US 501","route1_status":"signed","route1_role":"mainline","route1_tensDigit":0,"route1_onesDigit":"odd","route1_tier":"auxiliary"},"geometry":{"type":"LineString","coordinates":[[-79.1980005,35.4830942],[-79.1977572,35.4839456],[-79.1976486,35.4843824],[-79.1975215,35.4849344],[-79.1973938,35.4855705],[-79.1972673,35.4862229],[-79.1966477,35.4902884]]},"id":"way/686511588"},{"type":"Feature","properties":{"@id":"way/686511589","name":"Jefferson Davis Highway","ref":"US 1;US 15;US 501;NC 87","route0_ref":"US 1","route0_status":"signed","route0_role":"mainline","route0_tensDigit":0,"route0_onesDigit":"odd","route0_tier":"major","route1_ref":"US 501","route1_status":"signed","route1_role":"mainline","route1_tensDigit":0,"route1_onesDigit":"odd","route1_tier":"auxiliary"},"geometry":{"type":"LineString","coordinates":[[-79.1946925,35.4961438],[-79.193906,35.497569],[-79.1931469,35.4989301]]},"id":"way/686511589"},{"type":"Feature","properties":{"@id":"way/690900383","name":"Chapel Hill Road","ref":"US 15;US 501","route0_ref":"US 501","route0_status":"signed","route0_role":"mainline","route0_tensDigit":0,"route0_onesDigit":"odd","route0_tier":"auxiliary","route1_ref":"US 15","route1_status":"signed","route1_role":"mainline","route1_tensDigit":1,"route1_onesDigit":"odd","route1_tier":"primary"},"geometry":{"type":"LineString","coordinates":[[-79.0923388,35.8092073],[-79.0926326,35.8088031],[-79.0931648,35.8079887],[-79.0935579,35.8071915]]},"id":"way/690900383"},{"type":"Feature","properties":{"@id":"way/690900386","name":"Chapel Hill Road","ref":"US 15;US 501","route0_ref":"US 501","route0_status":"signed","route0_role":"mainline","route0_tensDigit":0,"route0_onesDigit":"odd","route0_tier":"auxiliary","route1_ref":"US 15","route1_status":"signed","route1_role":"mainline","route1_tensDigit":1,"route1_onesDigit":"odd","route1_tier":"primary"},"geometry":{"type":"LineString","coordinates":[[-79.0935579,35.8071915],[-79.0935767,35.8071534],[-79.0937085,35.8068584],[-79.0938386,35.8065045]]},"id":"way/690900386"},{"type":"Feature","properties":{"@id":"way/690900390","name":"Chapel Hill Road","ref":"US 15;US 501","route0_ref":"US 501","route0_status":"signed","route0_role":"mainline","route0_tensDigit":0,"route0_onesDigit":"odd","route0_tier":"auxiliary","route1_ref":"US 15","route1_status":"signed","route1_role":"mainline","route1_tensDigit":1,"route1_onesDigit":"odd","route1_tier":"primary"},"geometry":{"type":"LineString","coordinates":[[-79.0935154,35.8068759],[-79.0933965,35.8071256],[-79.0930017,35.8079191],[-79.0927548,35.8082984]]},"id":"way/690900390"},{"type":"Feature","properties":{"@id":"way/693822524","ref":"US 15;US 501;NC 87","route0_ref":"US 501","route0_status":"signed","route0_role":"mainline","route0_tensDigit":0,"route0_onesDigit":"odd","route0_tier":"auxiliary","route1_ref":"US 15","route1_status":"signed","route1_role":"mainline","route1_tensDigit":1,"route1_onesDigit":"odd","route1_tier":"primary"},"geometry":{"type":"LineString","coordinates":[[-79.1843802,35.5247617],[-79.1843456,35.5247825],[-79.1843165,35.5248082],[-79.1842939,35.524838],[-79.1842787,35.5248707],[-79.1842713,35.5249051],[-79.1842722,35.5249401],[-79.1842812,35.5249743],[-79.184298,35.5250064]]},"id":"way/693822524"},{"type":"Feature","properties":{"@id":"way/693822526","ref":"US 15;US 501;NC 211","route0_ref":"US 501","route0_status":"signed","route0_role":"mainline","route0_tensDigit":0,"route0_onesDigit":"odd","route0_tier":"auxiliary","route1_ref":"US 15","route1_status":"signed","route1_role":"mainline","route1_tensDigit":1,"route1_onesDigit":"odd","route1_tier":"primary"},"geometry":{"type":"LineString","coordinates":[[-79.4493436,35.2016944],[-79.4493402,35.2017729],[-79.4493454,35.2018513],[-79.4493592,35.2019291],[-79.4493816,35.2020055],[-79.4494122,35.20208],[-79.4494509,35.2021519],[-79.4494973,35.2022207],[-79.4495511,35.2022859],[-79.4496118,35.2023468],[-79.449679,35.202403],[-79.4497521,35.202454]]},"id":"way/693822526"},{"type":"Feature","properties":{"@id":"way/694843920","name":"North Fordham Boulevard","ref":"US 15;US 501","route0_ref":"US 501","route0_status":"signed","route0_role":"mainline","route0_tensDigit":0,"route0_onesDigit":"odd","route0_tier":"auxiliary","route1_ref":"US 15","route1_status":"signed","route1_role":"mainline","route1_tensDigit":1,"route1_onesDigit":"odd","route1_tier":"primary"},"geometry":{"type":"LineString","coordinates":[[-79.0267254,35.9105107],[-79.0267924,35.9102149],[-79.0268499,35.9100094]]},"id":"way/694843920"},{"type":"Feature","properties":{"@id":"way/694843964","ref":"US 15;US 501","route0_ref":"US 501","route0_status":"signed","route0_role":"mainline","route0_tensDigit":0,"route0_onesDigit":"odd","route0_tier":"auxiliary","route1_ref":"US 15","route1_status":"signed","route1_role":"mainline","route1_tensDigit":1,"route1_onesDigit":"odd","route1_tier":"primary"},"geometry":{"type":"LineString","coordinates":[[-79.084604,35.8563066],[-79.0844998,35.8564794],[-79.08437,35.8566732],[-79.0841517,35.856966],[-79.0840409,35.8571154],[-79.083788,35.8574562],[-79.0834979,35.8578795],[-79.0832722,35.8582289],[-79.0830006,35.8586838],[-79.0827352,35.8591959],[-79.0823711,35.8599327],[-79.0822547,35.8601313],[-79.0821195,35.8603262],[-79.0819734,35.8604991],[-79.0817497,35.8607442],[-79.0816762,35.8608135],[-79.0815618,35.8609214],[-79.0814691,35.8610088]]},"id":"way/694843964"},{"type":"Feature","properties":{"@id":"way/694843965","ref":"US 15;US 501","route0_ref":"US 501","route0_status":"signed","route0_role":"mainline","route0_tensDigit":0,"route0_onesDigit":"odd","route0_tier":"auxiliary","route1_ref":"US 15","route1_status":"signed","route1_role":"mainline","route1_tensDigit":1,"route1_onesDigit":"odd","route1_tier":"primary"},"geometry":{"type":"LineString","coordinates":[[-79.0816016,35.8610988],[-79.0816914,35.861012],[-79.082102,35.8605998],[-79.0822385,35.8604456],[-79.0824088,35.8602084],[-79.0825433,35.8599739],[-79.0826322,35.8597966],[-79.0828774,35.8593077],[-79.0830297,35.8589889],[-79.0831331,35.8587725],[-79.0833407,35.8583769],[-79.0834765,35.8581477],[-79.0836783,35.8578414],[-79.0840037,35.8573827],[-79.0841661,35.8571718]]},"id":"way/694843965"},{"type":"Feature","properties":{"@id":"way/695975526","name":"NC 87 North","ref":"US 15;US 501;NC 87","route0_ref":"US 501","route0_status":"signed","route0_role":"mainline","route0_tensDigit":0,"route0_onesDigit":"odd","route0_tier":"auxiliary","route1_ref":"US 15","route1_status":"signed","route1_role":"mainline","route1_tensDigit":1,"route1_onesDigit":"odd","route1_tier":"primary"},"geometry":{"type":"LineString","coordinates":[[-79.1872853,35.7242477],[-79.1872797,35.7242196],[-79.1872724,35.7241885],[-79.1872533,35.7241514],[-79.1872205,35.7241137],[-79.1871906,35.7240849],[-79.1871608,35.7240707],[-79.1871367,35.7240593]]},"id":"way/695975526"},{"type":"Feature","properties":{"@id":"way/695975527","name":"NC 87 North","ref":"US 15;US 501;NC 87","route0_ref":"US 501","route0_status":"signed","route0_role":"mainline","route0_tensDigit":0,"route0_onesDigit":"odd","route0_tier":"auxiliary","route1_ref":"US 15","route1_status":"signed","route1_role":"mainline","route1_tensDigit":1,"route1_onesDigit":"odd","route1_tier":"primary"},"geometry":{"type":"LineString","coordinates":[[-79.1871639,35.7244327],[-79.1872024,35.7244275]]},"id":"way/695975527"},{"type":"Feature","properties":{"@id":"way/695975528","name":"NC 87 North","ref":"US 15;US 501;NC 87","route0_ref":"US 501","route0_status":"signed","route0_role":"mainline","route0_tensDigit":0,"route0_onesDigit":"odd","route0_tier":"auxiliary","route1_ref":"US 15","route1_status":"signed","route1_role":"mainline","route1_tensDigit":1,"route1_onesDigit":"odd","route1_tier":"primary"},"geometry":{"type":"LineString","coordinates":[[-79.1869989,35.7243339],[-79.1870225,35.7243684],[-79.1870601,35.7244027],[-79.1871179,35.7244263],[-79.1871639,35.7244327]]},"id":"way/695975528"},{"type":"Feature","properties":{"@id":"way/709833464","ref":"US 15;US 501","route0_ref":"US 501","route0_status":"signed","route0_role":"mainline","route0_tensDigit":0,"route0_onesDigit":"odd","route0_tier":"auxiliary","route1_ref":"US 15","route1_status":"signed","route1_role":"mainline","route1_tensDigit":1,"route1_onesDigit":"odd","route1_tier":"primary"},"geometry":{"type":"LineString","coordinates":[[-79.0663601,35.8739289],[-79.0666504,35.8732327],[-79.0667131,35.8730865]]},"id":"way/709833464"},{"type":"Feature","properties":{"@id":"way/709833465","ref":"US 15;US 501","route0_ref":"US 501","route0_status":"signed","route0_role":"mainline","route0_tensDigit":0,"route0_onesDigit":"odd","route0_tier":"auxiliary","route1_ref":"US 15","route1_status":"signed","route1_role":"mainline","route1_tensDigit":1,"route1_onesDigit":"odd","route1_tier":"primary"},"geometry":{"type":"LineString","coordinates":[[-79.0721896,35.8686137],[-79.0726339,35.8683444],[-79.0731317,35.8680528],[-79.0734673,35.8678438],[-79.0737536,35.8676507],[-79.0739585,35.8674927],[-79.0741104,35.8673671],[-79.0742389,35.8672531],[-79.074595,35.866883],[-79.0746979,35.8667715],[-79.074738,35.866728],[-79.0750266,35.866402],[-79.075263,35.866135],[-79.075731,35.865387],[-79.0757647,35.8653271],[-79.0760691,35.8647854],[-79.0761102,35.8647122],[-79.076372,35.864328],[-79.0764572,35.8642276],[-79.07663,35.864024],[-79.07694,35.8637457],[-79.077012,35.863681],[-79.0774092,35.863422],[-79.0774148,35.8634184],[-79.0779813,35.8631611],[-79.0786336,35.8629454],[-79.07924,35.862745],[-79.0793754,35.8626911],[-79.0797151,35.8625559],[-79.080072,35.862371],[-79.080196,35.862277],[-79.080307,35.862184],[-79.0810241,35.8616056],[-79.081334,35.861318],[-79.0814721,35.8612049],[-79.0816016,35.8610988]]},"id":"way/709833465"},{"type":"Feature","properties":{"@id":"way/709833466","ref":"US 15;US 501","route0_ref":"US 501","route0_status":"signed","route0_role":"mainline","route0_tensDigit":0,"route0_onesDigit":"odd","route0_tier":"auxiliary","route1_ref":"US 15","route1_status":"signed","route1_role":"mainline","route1_tensDigit":1,"route1_onesDigit":"odd","route1_tier":"primary"},"geometry":{"type":"LineString","coordinates":[[-79.0665808,35.8730426],[-79.0664919,35.8732424],[-79.0658893,35.8747124],[-79.0650377,35.8767612],[-79.0649694,35.8769255]]},"id":"way/709833466"},{"type":"Feature","properties":{"@id":"way/709833467","ref":"US 15;US 501","route0_ref":"US 501","route0_status":"signed","route0_role":"mainline","route0_tensDigit":0,"route0_onesDigit":"odd","route0_tier":"auxiliary","route1_ref":"US 15","route1_status":"signed","route1_role":"mainline","route1_tensDigit":1,"route1_onesDigit":"odd","route1_tier":"primary"},"geometry":{"type":"LineString","coordinates":[[-79.0673044,35.872208],[-79.0670093,35.8724912],[-79.0668469,35.872657],[-79.0667472,35.8727841],[-79.066664,35.8729134],[-79.0665808,35.8730426]]},"id":"way/709833467"},{"type":"Feature","properties":{"@id":"way/712336806","ref":"US 15;US 501","route0_ref":"US 501","route0_status":"signed","route0_role":"mainline","route0_tensDigit":0,"route0_onesDigit":"odd","route0_tier":"auxiliary","route1_ref":"US 15","route1_status":"signed","route1_role":"mainline","route1_tensDigit":1,"route1_onesDigit":"odd","route1_tier":"primary"},"geometry":{"type":"LineString","coordinates":[[-79.061627,35.8865509],[-79.061585,35.88629],[-79.061495,35.885853],[-79.0614688,35.8857664],[-79.061425,35.8856213]]},"id":"way/712336806"},{"type":"Feature","properties":{"@id":"way/712336807","ref":"US 15;US 501","route0_ref":"US 501","route0_status":"signed","route0_role":"mainline","route0_tensDigit":0,"route0_onesDigit":"odd","route0_tier":"auxiliary","route1_ref":"US 15","route1_status":"signed","route1_role":"mainline","route1_tensDigit":1,"route1_onesDigit":"odd","route1_tier":"primary"},"geometry":{"type":"LineString","coordinates":[[-79.061425,35.8856213],[-79.06136,35.8854378],[-79.0613516,35.885414],[-79.0612076,35.8850679],[-79.0610486,35.8847326],[-79.0609014,35.8844385],[-79.0607722,35.8841233],[-79.0607117,35.8838207],[-79.0606956,35.8835947],[-79.0606864,35.8833514],[-79.0607379,35.8830871],[-79.0607808,35.8829481],[-79.0608924,35.8827464],[-79.0610506,35.8825148],[-79.0612203,35.8822963],[-79.0616293,35.8818086]]},"id":"way/712336807"},{"type":"Feature","properties":{"@id":"way/712336808","ref":"US 15;US 501","route0_ref":"US 501","route0_status":"signed","route0_role":"mainline","route0_tensDigit":0,"route0_onesDigit":"odd","route0_tier":"auxiliary","route1_ref":"US 15","route1_status":"signed","route1_role":"mainline","route1_tensDigit":1,"route1_onesDigit":"odd","route1_tier":"primary"},"geometry":{"type":"LineString","coordinates":[[-79.0609459,35.8848179],[-79.0611031,35.8851544],[-79.061209,35.885425],[-79.061219,35.8854535],[-79.0612862,35.8856457]]},"id":"way/712336808"},{"type":"Feature","properties":{"@id":"way/712336809","ref":"US 15;US 501","route0_ref":"US 501","route0_status":"signed","route0_role":"mainline","route0_tensDigit":0,"route0_onesDigit":"odd","route0_tier":"auxiliary","route1_ref":"US 15","route1_status":"signed","route1_role":"mainline","route1_tensDigit":1,"route1_onesDigit":"odd","route1_tier":"primary"},"geometry":{"type":"LineString","coordinates":[[-79.0612862,35.8856457],[-79.0613573,35.8858759],[-79.0614079,35.8860915],[-79.0614551,35.8863043],[-79.0614934,35.8865745],[-79.0615183,35.8868392],[-79.0615305,35.8871228],[-79.0615255,35.8873957]]},"id":"way/712336809"},{"type":"Feature","properties":{"@id":"way/712336820","ref":"US 15;US 501","route0_ref":"US 501","route0_status":"signed","route0_role":"mainline","route0_tensDigit":0,"route0_onesDigit":"odd","route0_tier":"auxiliary","route1_ref":"US 15","route1_status":"signed","route1_role":"mainline","route1_tensDigit":1,"route1_onesDigit":"odd","route1_tier":"primary"},"geometry":{"type":"LineString","coordinates":[[-79.0616293,35.8818086],[-79.0619243,35.8814503]]},"id":"way/712336820"},{"type":"Feature","properties":{"@id":"way/712336821","ref":"US 15;US 501","route0_ref":"US 501","route0_status":"signed","route0_role":"mainline","route0_tensDigit":0,"route0_onesDigit":"odd","route0_tier":"auxiliary","route1_ref":"US 15","route1_status":"signed","route1_role":"mainline","route1_tensDigit":1,"route1_onesDigit":"odd","route1_tier":"primary"},"geometry":{"type":"LineString","coordinates":[[-79.0619243,35.8814503],[-79.0620887,35.8812567],[-79.0629972,35.8801728],[-79.063254,35.879864]]},"id":"way/712336821"},{"type":"Feature","properties":{"@id":"way/712336826","ref":"US 15;US 501","route0_ref":"US 501","route0_status":"signed","route0_role":"mainline","route0_tensDigit":0,"route0_onesDigit":"odd","route0_tier":"auxiliary","route1_ref":"US 15","route1_status":"signed","route1_role":"mainline","route1_tensDigit":1,"route1_onesDigit":"odd","route1_tier":"primary"},"geometry":{"type":"LineString","coordinates":[[-79.063254,35.879864],[-79.0637658,35.8792536],[-79.063904,35.8790854]]},"id":"way/712336826"},{"type":"Feature","properties":{"@id":"way/712336827","ref":"US 15;US 501","route0_ref":"US 501","route0_status":"signed","route0_role":"mainline","route0_tensDigit":0,"route0_onesDigit":"odd","route0_tier":"auxiliary","route1_ref":"US 15","route1_status":"signed","route1_role":"mainline","route1_tensDigit":1,"route1_onesDigit":"odd","route1_tier":"primary"},"geometry":{"type":"LineString","coordinates":[[-79.0643966,35.8782448],[-79.0643423,35.8783324],[-79.0642764,35.8784225],[-79.0641151,35.8786257],[-79.0638917,35.8788918],[-79.0638102,35.8789852],[-79.0637812,35.8790184]]},"id":"way/712336827"},{"type":"Feature","properties":{"@id":"way/712336832","ref":"US 15;US 501","route0_ref":"US 501","route0_status":"signed","route0_role":"mainline","route0_tensDigit":0,"route0_onesDigit":"odd","route0_tier":"auxiliary","route1_ref":"US 15","route1_status":"signed","route1_role":"mainline","route1_tensDigit":1,"route1_onesDigit":"odd","route1_tier":"primary"},"geometry":{"type":"LineString","coordinates":[[-79.0650426,35.8771706],[-79.0651299,35.8769473]]},"id":"way/712336832"},{"type":"Feature","properties":{"@id":"way/713044971","ref":"US 15;US 501","route0_ref":"US 501","route0_status":"signed","route0_role":"mainline","route0_tensDigit":0,"route0_onesDigit":"odd","route0_tier":"auxiliary","route1_ref":"US 15","route1_status":"signed","route1_role":"mainline","route1_tensDigit":1,"route1_onesDigit":"odd","route1_tier":"primary"},"geometry":{"type":"LineString","coordinates":[[-79.0580373,35.892354],[-79.0581713,35.892238],[-79.0583043,35.8921229]]},"id":"way/713044971"},{"type":"Feature","properties":{"@id":"way/732682916","ref":"US 15;US 501;NC 24;NC 27","route0_ref":"US 501","route0_status":"signed","route0_role":"mainline","route0_tensDigit":0,"route0_onesDigit":"odd","route0_tier":"auxiliary","route1_ref":"US 15","route1_status":"signed","route1_role":"mainline","route1_tensDigit":1,"route1_onesDigit":"odd","route1_tier":"primary"},"geometry":{"type":"LineString","coordinates":[[-79.390479,35.3445853],[-79.388433,35.3452759],[-79.3883069,35.345313],[-79.3879206,35.3454338],[-79.3874663,35.3455777],[-79.3868527,35.3457864],[-79.3830505,35.3469767],[-79.382477,35.347119],[-79.381931,35.347268],[-79.381527,35.347362],[-79.38112,35.347446],[-79.380765,35.347508],[-79.380295,35.347577],[-79.379879,35.347625],[-79.3795803,35.3476508],[-79.379462,35.347661],[-79.379043,35.347685],[-79.376691,35.347843],[-79.374077,35.348019],[-79.3737107,35.3480435],[-79.372092,35.348152],[-79.371541,35.348189],[-79.370868,35.348234],[-79.370648,35.348249],[-79.369023,35.348358],[-79.367636,35.34846],[-79.365595,35.348611]]},"id":"way/732682916"},{"type":"Feature","properties":{"@id":"way/732682920","ref":"US 15;US 501","route0_ref":"US 501","route0_status":"signed","route0_role":"mainline","route0_tensDigit":0,"route0_onesDigit":"odd","route0_tier":"auxiliary","route1_ref":"US 15","route1_status":"signed","route1_role":"mainline","route1_tensDigit":1,"route1_onesDigit":"odd","route1_tier":"primary"},"geometry":{"type":"LineString","coordinates":[[-79.4073786,35.3247644],[-79.406994,35.325266],[-79.406845,35.325468],[-79.406282,35.3261972],[-79.4057707,35.3268931],[-79.4051243,35.3277811],[-79.404575,35.328547],[-79.403935,35.329426],[-79.402494,35.331386],[-79.40233,35.331608],[-79.402243,35.331733],[-79.4021233,35.3319486],[-79.4019792,35.3322149],[-79.4018496,35.3324695],[-79.4017248,35.3327182],[-79.4015711,35.3330806],[-79.4014775,35.3333626],[-79.4013551,35.3336661],[-79.4012999,35.3338424],[-79.4012206,35.3341264],[-79.401139,35.3344064],[-79.4011043,35.3345663],[-79.401091,35.3346277],[-79.4010382,35.3348921],[-79.400942,35.335539],[-79.400886,35.336077],[-79.4008697,35.3362345]]},"id":"way/732682920"},{"type":"Feature","properties":{"@id":"way/734460130","ref":"US 15;US 501","route0_ref":"US 501","route0_status":"signed","route0_role":"mainline","route0_tensDigit":0,"route0_onesDigit":"odd","route0_tier":"auxiliary","route1_ref":"US 15","route1_status":"signed","route1_role":"mainline","route1_tensDigit":1,"route1_onesDigit":"odd","route1_tier":"primary"},"geometry":{"type":"LineString","coordinates":[[-79.4345537,35.0498452],[-79.4345307,35.0499858],[-79.4343979,35.0507997],[-79.4341748,35.0522691],[-79.433878,35.053729],[-79.4336073,35.0550544],[-79.433599,35.055095],[-79.433259,35.056653],[-79.433156,35.057124],[-79.432796,35.058858],[-79.432741,35.059124],[-79.432654,35.059504],[-79.4325973,35.0597753],[-79.432439,35.060532],[-79.4320427,35.0624061],[-79.4318846,35.0631294],[-79.4318685,35.0632025],[-79.4317383,35.0638307],[-79.431396,35.065449],[-79.431348,35.065651],[-79.430994,35.067361],[-79.430272,35.070763],[-79.4302493,35.0708685],[-79.43009,35.0716074],[-79.429978,35.072127],[-79.429957,35.072228]]},"id":"way/734460130"},{"type":"Feature","properties":{"@id":"way/734460132","ref":"US 15;US 501","route0_ref":"US 501","route0_status":"signed","route0_role":"mainline","route0_tensDigit":0,"route0_onesDigit":"odd","route0_tier":"auxiliary","route1_ref":"US 15","route1_status":"signed","route1_role":"mainline","route1_tensDigit":1,"route1_onesDigit":"odd","route1_tier":"primary"},"geometry":{"type":"LineString","coordinates":[[-79.426991,35.112586],[-79.4269631,35.1132483],[-79.426939,35.113819],[-79.426914,35.114401],[-79.4268867,35.1150356],[-79.426874,35.115331],[-79.4268683,35.1154689],[-79.426853,35.115836],[-79.4268503,35.1159004],[-79.4268168,35.1166933],[-79.426771,35.117779],[-79.426754,35.118172],[-79.426749,35.118401],[-79.426754,35.118629],[-79.426769,35.118857],[-79.426809,35.119199],[-79.426853,35.119453],[-79.426924,35.119762],[-79.427021,35.120096],[-79.427098,35.120315],[-79.42723,35.120641],[-79.427383,35.12096],[-79.427496,35.121168],[-79.4282454,35.1224083],[-79.428653,35.123083],[-79.4288089,35.1233429],[-79.429287,35.12414],[-79.4293019,35.1241605],[-79.4293784,35.1242658],[-79.4298655,35.1249362]]},"id":"way/734460132"},{"type":"Feature","properties":{"@id":"way/734462525","name":"Aberdeen Road","ref":"US 15;US 501","route0_ref":"US 501","route0_status":"signed","route0_role":"mainline","route0_tensDigit":0,"route0_onesDigit":"odd","route0_tier":"auxiliary","route1_ref":"US 15","route1_status":"signed","route1_role":"mainline","route1_tensDigit":1,"route1_onesDigit":"odd","route1_tier":"primary"},"geometry":{"type":"LineString","coordinates":[[-79.4586384,34.8415743],[-79.4586499,34.8416046],[-79.4586767,34.8416541],[-79.4587414,34.8417605],[-79.458823,34.8418582],[-79.4588834,34.8419874],[-79.4589122,34.8420814],[-79.4589196,34.8421843],[-79.458899,34.8424335],[-79.458821,34.843351],[-79.45859,34.846414],[-79.458556,34.846872],[-79.458343,34.849697],[-79.45833,34.849863],[-79.458298,34.85015],[-79.458263,34.850397],[-79.458216,34.850724],[-79.458079,34.851489],[-79.457724,34.853385],[-79.457456,34.854819],[-79.457405,34.855086],[-79.457371,34.8552621],[-79.457297,34.855645],[-79.456749,34.858571],[-79.45672,34.858727],[-79.456569,34.859533],[-79.456374,34.860549],[-79.456085,34.862113],[-79.455605,34.864637],[-79.455246,34.866556],[-79.454828,34.868791],[-79.4546,34.86998],[-79.454586,34.870053],[-79.454474,34.870676],[-79.454143,34.872405],[-79.453788,34.874309],[-79.452564,34.880809]]},"id":"way/734462525"},{"type":"Feature","properties":{"@id":"way/734464224","name":"Aberdeen Road","ref":"US 15;US 501","route0_ref":"US 501","route0_status":"signed","route0_role":"mainline","route0_tensDigit":0,"route0_onesDigit":"odd","route0_tier":"auxiliary","route1_ref":"US 15","route1_status":"signed","route1_role":"mainline","route1_tensDigit":1,"route1_onesDigit":"odd","route1_tier":"primary"},"geometry":{"type":"LineString","coordinates":[[-79.4585836,34.8125204],[-79.458603,34.813319],[-79.458654,34.814944],[-79.458682,34.816123],[-79.458725,34.817137],[-79.458751,34.818188],[-79.458807,34.82002],[-79.458844,34.821438],[-79.458861,34.821878],[-79.458895,34.822959],[-79.458915,34.823572],[-79.458926,34.823888],[-79.458976,34.825541],[-79.45899,34.825864],[-79.459053,34.82792],[-79.459157,34.83106],[-79.459216,34.833158],[-79.459224,34.833415],[-79.459285,34.835326],[-79.459291,34.835667],[-79.459294,34.836319],[-79.45928,34.836949],[-79.459254,34.837514],[-79.45921,34.838143],[-79.4591452,34.8389705],[-79.4590736,34.8401393],[-79.4590606,34.8402662],[-79.4590484,34.840363],[-79.459028,34.8404464],[-79.4589955,34.8405465],[-79.4589386,34.8406633],[-79.458883,34.8407414]]},"id":"way/734464224"},{"type":"Feature","properties":{"@id":"way/735190573","ref":"US 15;US 501","route0_ref":"US 501","route0_status":"signed","route0_role":"mainline","route0_tensDigit":0,"route0_onesDigit":"odd","route0_tier":"auxiliary","route1_ref":"US 15","route1_status":"signed","route1_role":"mainline","route1_tensDigit":1,"route1_onesDigit":"odd","route1_tier":"primary"},"geometry":{"type":"LineString","coordinates":[[-79.2866936,35.378895],[-79.285055,35.3796002],[-79.2839362,35.3800817],[-79.2837131,35.3801777],[-79.280382,35.381428]]},"id":"way/735190573"},{"type":"Feature","properties":{"@id":"way/738632080","name":"North Fordham Boulevard","ref":"US 15;US 501","route0_ref":"US 501","route0_status":"signed","route0_role":"mainline","route0_tensDigit":0,"route0_onesDigit":"odd","route0_tier":"auxiliary","route1_ref":"US 15","route1_status":"signed","route1_role":"mainline","route1_tensDigit":1,"route1_onesDigit":"odd","route1_tier":"primary"},"geometry":{"type":"LineString","coordinates":[[-79.0270008,35.9089985],[-79.0269407,35.9091742]]},"id":"way/738632080"},{"type":"Feature","properties":{"@id":"way/738632081","name":"North Fordham Boulevard","ref":"US 15;US 501","route0_ref":"US 501","route0_status":"signed","route0_role":"mainline","route0_tensDigit":0,"route0_onesDigit":"odd","route0_tier":"auxiliary","route1_ref":"US 15","route1_status":"signed","route1_role":"mainline","route1_tensDigit":1,"route1_onesDigit":"odd","route1_tier":"primary"},"geometry":{"type":"LineString","coordinates":[[-79.0269407,35.9091742],[-79.0268531,35.9094417],[-79.0267048,35.9099266]]},"id":"way/738632081"},{"type":"Feature","properties":{"@id":"way/738632083","name":"North Fordham Boulevard","ref":"US 15;US 501","route0_ref":"US 501","route0_status":"signed","route0_role":"mainline","route0_tensDigit":0,"route0_onesDigit":"odd","route0_tier":"auxiliary","route1_ref":"US 15","route1_status":"signed","route1_role":"mainline","route1_tensDigit":1,"route1_onesDigit":"odd","route1_tier":"primary"},"geometry":{"type":"LineString","coordinates":[[-79.0265763,35.9116948],[-79.0265816,35.9115809],[-79.0266217,35.9111828],[-79.026676,35.9108292],[-79.0267254,35.9105107]]},"id":"way/738632083"},{"type":"Feature","properties":{"@id":"way/738632084","name":"North Fordham Boulevard","ref":"US 15;US 501","route0_ref":"US 501","route0_status":"signed","route0_role":"mainline","route0_tensDigit":0,"route0_onesDigit":"odd","route0_tier":"auxiliary","route1_ref":"US 15","route1_status":"signed","route1_role":"mainline","route1_tensDigit":1,"route1_onesDigit":"odd","route1_tier":"primary"},"geometry":{"type":"LineString","coordinates":[[-79.0263185,35.9142778],[-79.026284,35.9151834]]},"id":"way/738632084"},{"type":"Feature","properties":{"@id":"way/738632085","name":"North Fordham Boulevard","ref":"US 15;US 501","route0_ref":"US 501","route0_status":"signed","route0_role":"mainline","route0_tensDigit":0,"route0_onesDigit":"odd","route0_tier":"auxiliary","route1_ref":"US 15","route1_status":"signed","route1_role":"mainline","route1_tensDigit":1,"route1_onesDigit":"odd","route1_tier":"primary"},"geometry":{"type":"LineString","coordinates":[[-79.0264186,35.9161982],[-79.0264279,35.9157659]]},"id":"way/738632085"},{"type":"Feature","properties":{"@id":"way/738632086","name":"North Fordham Boulevard","ref":"US 15;US 501","route0_ref":"US 501","route0_status":"signed","route0_role":"mainline","route0_tensDigit":0,"route0_onesDigit":"odd","route0_tier":"auxiliary","route1_ref":"US 15","route1_status":"signed","route1_role":"mainline","route1_tensDigit":1,"route1_onesDigit":"odd","route1_tier":"primary"},"geometry":{"type":"LineString","coordinates":[[-79.0256231,35.9218487],[-79.025766,35.921093],[-79.0257866,35.9209927],[-79.0258318,35.9207631]]},"id":"way/738632086"},{"type":"Feature","properties":{"@id":"way/738632087","name":"North Fordham Boulevard","ref":"US 15;US 501","route0_ref":"US 501","route0_status":"signed","route0_role":"mainline","route0_tensDigit":0,"route0_onesDigit":"odd","route0_tier":"auxiliary","route1_ref":"US 15","route1_status":"signed","route1_role":"mainline","route1_tensDigit":1,"route1_onesDigit":"odd","route1_tier":"primary"},"geometry":{"type":"LineString","coordinates":[[-79.0249942,35.9251167],[-79.0250752,35.9246741],[-79.0251594,35.9242684],[-79.0254935,35.92252],[-79.0256231,35.9218487]]},"id":"way/738632087"},{"type":"Feature","properties":{"@id":"way/739712362","name":"Aberdeen Road","ref":"US 15;US 501","route0_ref":"US 501","route0_status":"signed","route0_role":"mainline","route0_tensDigit":0,"route0_onesDigit":"odd","route0_tier":"auxiliary","route1_ref":"US 15","route1_status":"signed","route1_role":"mainline","route1_tensDigit":1,"route1_onesDigit":"odd","route1_tier":"primary"},"geometry":{"type":"LineString","coordinates":[[-79.458883,34.8407414],[-79.458795,34.8408189],[-79.4587352,34.8408702],[-79.4586892,34.8409026],[-79.4586269,34.8409344]]},"id":"way/739712362"},{"type":"Feature","properties":{"@id":"way/740708772","name":"Hawkins Avenue","ref":"US 15;US 501;NC 87","route0_ref":"US 501","route0_status":"signed","route0_role":"mainline","route0_tensDigit":0,"route0_onesDigit":"odd","route0_tier":"auxiliary","route1_ref":"US 15","route1_status":"signed","route1_role":"mainline","route1_tensDigit":1,"route1_onesDigit":"odd","route1_tier":"primary"},"geometry":{"type":"LineString","coordinates":[[-79.1909132,35.5474873],[-79.1909645,35.5478478],[-79.1910014,35.5481707],[-79.1910356,35.5485865],[-79.1910634,35.5489054],[-79.1911027,35.5493552],[-79.1911349,35.5497714],[-79.1911483,35.5499667]]},"id":"way/740708772"},{"type":"Feature","properties":{"@id":"way/740708780","ref":"US 15;US 501;NC 87","route0_ref":"US 501","route0_status":"signed","route0_role":"mainline","route0_tensDigit":0,"route0_onesDigit":"odd","route0_tier":"auxiliary","route1_ref":"US 15","route1_status":"signed","route1_role":"mainline","route1_tensDigit":1,"route1_onesDigit":"odd","route1_tier":"primary"},"geometry":{"type":"LineString","coordinates":[[-79.1798674,35.6989553],[-79.179979,35.699571]]},"id":"way/740708780"},{"type":"Feature","properties":{"@id":"way/742279204","name":"NC 902","ref":"US 15;US 501;NC 87;NC 902","route0_ref":"US 501","route0_status":"signed","route0_role":"mainline","route0_tensDigit":0,"route0_onesDigit":"odd","route0_tier":"auxiliary","route1_ref":"US 15","route1_status":"signed","route1_role":"mainline","route1_tensDigit":1,"route1_onesDigit":"odd","route1_tier":"primary"},"geometry":{"type":"LineString","coordinates":[[-79.188707,35.7113194],[-79.1885643,35.711785],[-79.1885102,35.7119617],[-79.1882268,35.7129493]]},"id":"way/742279204"},{"type":"Feature","properties":{"@id":"way/749059206","ref":"US 15;US 501","route0_ref":"US 501","route0_status":"signed","route0_role":"mainline","route0_tensDigit":0,"route0_onesDigit":"odd","route0_tier":"auxiliary","route1_ref":"US 15","route1_status":"signed","route1_role":"mainline","route1_tensDigit":1,"route1_onesDigit":"odd","route1_tier":"primary"},"geometry":{"type":"LineString","coordinates":[[-78.9599092,35.9750684],[-78.9598367,35.9752475],[-78.9597485,35.975462],[-78.9595811,35.9758573]]},"id":"way/749059206"},{"type":"Feature","properties":{"@id":"way/749059207","ref":"US 15;US 501","route0_ref":"US 501","route0_status":"signed","route0_role":"mainline","route0_tensDigit":0,"route0_onesDigit":"odd","route0_tier":"auxiliary","route1_ref":"US 15","route1_status":"signed","route1_role":"mainline","route1_tensDigit":1,"route1_onesDigit":"odd","route1_tier":"primary"},"geometry":{"type":"LineString","coordinates":[[-78.95933,35.97645],[-78.958476,35.9784999],[-78.9584143,35.9786541],[-78.9583642,35.9787982]]},"id":"way/749059207"},{"type":"Feature","properties":{"@id":"way/749059208","ref":"US 15;US 501","route0_ref":"US 501","route0_status":"signed","route0_role":"mainline","route0_tensDigit":0,"route0_onesDigit":"odd","route0_tier":"auxiliary","route1_ref":"US 15","route1_status":"signed","route1_role":"mainline","route1_tensDigit":1,"route1_onesDigit":"odd","route1_tier":"primary"},"geometry":{"type":"LineString","coordinates":[[-78.9583642,35.9787982],[-78.9583137,35.9789535],[-78.9582481,35.9791587],[-78.9581794,35.9793914],[-78.9581153,35.9796352],[-78.9580341,35.9800108]]},"id":"way/749059208"},{"type":"Feature","properties":{"@id":"way/750391118","ref":"US 15;US 501","route0_ref":"US 501","route0_status":"signed","route0_role":"mainline","route0_tensDigit":0,"route0_onesDigit":"odd","route0_tier":"auxiliary","route1_ref":"US 15","route1_status":"signed","route1_role":"mainline","route1_tensDigit":1,"route1_onesDigit":"odd","route1_tier":"primary"},"geometry":{"type":"LineString","coordinates":[[-79.4008697,35.3362345],[-79.400782,35.337081],[-79.400691,35.337969]]},"id":"way/750391118"},{"type":"Feature","properties":{"@id":"way/759859956","name":"NC 87 North","ref":"US 15;US 501;NC 87","route0_ref":"US 501","route0_status":"signed","route0_role":"mainline","route0_tensDigit":0,"route0_onesDigit":"odd","route0_tier":"auxiliary","route1_ref":"US 15","route1_status":"signed","route1_role":"mainline","route1_tensDigit":1,"route1_onesDigit":"odd","route1_tier":"primary"},"geometry":{"type":"LineString","coordinates":[[-79.1886132,35.7258079],[-79.1893897,35.7266698],[-79.1894958,35.7267876],[-79.1896574,35.726967],[-79.1902845,35.7276632],[-79.1909,35.7283464],[-79.191351,35.728847],[-79.1913685,35.7288665],[-79.1920352,35.7296084],[-79.1921693,35.7297576],[-79.192435,35.7300532],[-79.1929803,35.7306601],[-79.1931392,35.7308368],[-79.1932153,35.7309215],[-79.1934232,35.7311529],[-79.1938197,35.7315941],[-79.194047,35.731847],[-79.1943612,35.7321875],[-79.1945113,35.7323501],[-79.1946002,35.7324464]]},"id":"way/759859956"},{"type":"Feature","properties":{"@id":"way/759859958","name":"NC 87 North","ref":"US 15;US 501;NC 87","route0_ref":"US 501","route0_status":"signed","route0_role":"mainline","route0_tensDigit":0,"route0_onesDigit":"odd","route0_tier":"auxiliary","route1_ref":"US 15","route1_status":"signed","route1_role":"mainline","route1_tensDigit":1,"route1_onesDigit":"odd","route1_tier":"primary"},"geometry":{"type":"LineString","coordinates":[[-79.1946002,35.7324464],[-79.1949956,35.7328913],[-79.1950889,35.7329954],[-79.1955511,35.7335115],[-79.1959202,35.7339235],[-79.1964541,35.7345209],[-79.1964748,35.734544],[-79.1966989,35.7347948],[-79.1968913,35.7350101],[-79.197633,35.73584],[-79.1976984,35.7359128],[-79.197989,35.7362362],[-79.1981695,35.7364371],[-79.1984861,35.7367894],[-79.1988008,35.7371396],[-79.1994349,35.7378452],[-79.200027,35.738504],[-79.200577,35.739116],[-79.200829,35.739397],[-79.201016,35.739575],[-79.201203,35.739754],[-79.201354,35.739892],[-79.2013832,35.7399163],[-79.201426,35.739952],[-79.201512,35.740023],[-79.201593,35.740087],[-79.201758,35.740211],[-79.201929,35.740331],[-79.202016,35.740389],[-79.202105,35.740446],[-79.202195,35.740502],[-79.202286,35.740555],[-79.202438,35.74064],[-79.2034706,35.7411393],[-79.2043539,35.7415664],[-79.204427,35.741592],[-79.2061795,35.7424281]]},"id":"way/759859958"},{"type":"Feature","properties":{"@id":"way/782824846","ref":"US 15;US 501;NC 87","route0_ref":"US 501","route0_status":"signed","route0_role":"mainline","route0_tensDigit":0,"route0_onesDigit":"odd","route0_tier":"auxiliary","route1_ref":"US 15","route1_status":"signed","route1_role":"mainline","route1_tensDigit":1,"route1_onesDigit":"odd","route1_tier":"primary"},"geometry":{"type":"LineString","coordinates":[[-79.17856,35.6714639],[-79.178552,35.671797],[-79.178524,35.672349],[-79.178456,35.673206],[-79.178317,35.674342],[-79.1774491,35.679927],[-79.177361,35.680494],[-79.1772242,35.6813702],[-79.177216,35.681423],[-79.17719,35.681695],[-79.177169,35.68197],[-79.177154,35.682242],[-79.177145,35.682517],[-79.177144,35.68302],[-79.177147,35.68311],[-79.177155,35.683331],[-79.177174,35.683644],[-79.177199,35.683953],[-79.17723,35.684263],[-79.1772527,35.6844446],[-79.177272,35.684599],[-79.177307,35.684794],[-79.178,35.688631],[-79.1782928,35.6902777],[-79.1783086,35.6903615]]},"id":"way/782824846"},{"type":"Feature","properties":{"@id":"way/782824847","ref":"US 15;US 501;NC 87","route0_ref":"US 501","route0_status":"signed","route0_role":"mainline","route0_tensDigit":0,"route0_onesDigit":"odd","route0_tier":"auxiliary","route1_ref":"US 15","route1_status":"signed","route1_role":"mainline","route1_tensDigit":1,"route1_onesDigit":"odd","route1_tier":"primary"},"geometry":{"type":"LineString","coordinates":[[-79.1785641,35.671292],[-79.17856,35.6714639]]},"id":"way/782824847"},{"type":"Feature","properties":{"@id":"way/782824848","ref":"US 15;US 501;NC 87","route0_ref":"US 501","route0_status":"signed","route0_role":"mainline","route0_tensDigit":0,"route0_onesDigit":"odd","route0_tier":"auxiliary","route1_ref":"US 15","route1_status":"signed","route1_role":"mainline","route1_tensDigit":1,"route1_onesDigit":"odd","route1_tier":"primary"},"geometry":{"type":"LineString","coordinates":[[-79.1785671,35.6711677],[-79.1785641,35.671292]]},"id":"way/782824848"},{"type":"Feature","properties":{"@id":"way/782824849","ref":"US 15;US 501;NC 87","route0_ref":"US 501","route0_status":"signed","route0_role":"mainline","route0_tensDigit":0,"route0_onesDigit":"odd","route0_tier":"auxiliary","route1_ref":"US 15","route1_status":"signed","route1_role":"mainline","route1_tensDigit":1,"route1_onesDigit":"odd","route1_tier":"primary"},"geometry":{"type":"LineString","coordinates":[[-79.1785708,35.6708568],[-79.1785671,35.6711677]]},"id":"way/782824849"},{"type":"Feature","properties":{"@id":"way/782824856","ref":"US 15;US 501;NC 87","route0_ref":"US 501","route0_status":"signed","route0_role":"mainline","route0_tensDigit":0,"route0_onesDigit":"odd","route0_tier":"auxiliary","route1_ref":"US 15","route1_status":"signed","route1_role":"mainline","route1_tensDigit":1,"route1_onesDigit":"odd","route1_tier":"primary"},"geometry":{"type":"LineString","coordinates":[[-79.1783733,35.6907202],[-79.1783927,35.6908277],[-79.178769,35.692886],[-79.178866,35.693422],[-79.178976,35.69403],[-79.179304,35.695838],[-79.1793133,35.6958903],[-79.179347,35.69608],[-79.1793947,35.6963434],[-79.1795499,35.6972015],[-79.179756,35.698341],[-79.1798674,35.6989553]]},"id":"way/782824856"},{"type":"Feature","properties":{"@id":"way/782824857","ref":"US 15;US 501;NC 87","route0_ref":"US 501","route0_status":"signed","route0_role":"mainline","route0_tensDigit":0,"route0_onesDigit":"odd","route0_tier":"auxiliary","route1_ref":"US 15","route1_status":"signed","route1_role":"mainline","route1_tensDigit":1,"route1_onesDigit":"odd","route1_tier":"primary"},"geometry":{"type":"LineString","coordinates":[[-79.1783086,35.6903615],[-79.1783733,35.6907202]]},"id":"way/782824857"},{"type":"Feature","properties":{"@id":"way/782824869","ref":"US 15;US 501;NC 87","route0_ref":"US 501","route0_status":"signed","route0_role":"mainline","route0_tensDigit":0,"route0_onesDigit":"odd","route0_tier":"auxiliary","route1_ref":"US 15","route1_status":"signed","route1_role":"mainline","route1_tensDigit":1,"route1_onesDigit":"odd","route1_tier":"primary"},"geometry":{"type":"LineString","coordinates":[[-79.1784201,35.6679729],[-79.178471,35.668426],[-79.178514,35.668977],[-79.178545,35.669541],[-79.178566,35.670105],[-79.178573,35.670668],[-79.1785708,35.6708568]]},"id":"way/782824869"},{"type":"Feature","properties":{"@id":"way/782824870","ref":"US 15;US 501;NC 87","route0_ref":"US 501","route0_status":"signed","route0_role":"mainline","route0_tensDigit":0,"route0_onesDigit":"odd","route0_tier":"auxiliary","route1_ref":"US 15","route1_status":"signed","route1_role":"mainline","route1_tensDigit":1,"route1_onesDigit":"odd","route1_tier":"primary"},"geometry":{"type":"LineString","coordinates":[[-79.178383,35.6676429],[-79.1784201,35.6679729]]},"id":"way/782824870"},{"type":"Feature","properties":{"@id":"way/782824871","name":"NC 87 Bypass","ref":"US 15;US 501;NC 87","route0_ref":"US 501","route0_status":"signed","route0_role":"mainline","route0_tensDigit":0,"route0_onesDigit":"odd","route0_tier":"auxiliary","route1_ref":"US 15","route1_status":"signed","route1_role":"mainline","route1_tensDigit":1,"route1_onesDigit":"odd","route1_tier":"primary"},"geometry":{"type":"LineString","coordinates":[[-79.179798,35.7061456],[-79.178954,35.706071]]},"id":"way/782824871"},{"type":"Feature","properties":{"@id":"way/782824873","name":"Sanford Road","ref":"US 15;US 501;NC 87","route0_ref":"US 501","route0_status":"signed","route0_role":"mainline","route0_tensDigit":0,"route0_onesDigit":"odd","route0_tier":"auxiliary","route1_ref":"US 15","route1_status":"signed","route1_role":"mainline","route1_tensDigit":1,"route1_onesDigit":"odd","route1_tier":"primary"},"geometry":{"type":"LineString","coordinates":[[-79.179176,35.705655],[-79.1790993,35.7057986],[-79.178954,35.706071]]},"id":"way/782824873"},{"type":"Feature","properties":{"@id":"way/822063218","name":"Chapel Hill Road","ref":"US 15;US 501","route0_ref":"US 501","route0_status":"signed","route0_role":"mainline","route0_tensDigit":0,"route0_onesDigit":"odd","route0_tier":"auxiliary","route1_ref":"US 15","route1_status":"signed","route1_role":"mainline","route1_tensDigit":1,"route1_onesDigit":"odd","route1_tier":"primary"},"geometry":{"type":"LineString","coordinates":[[-79.0942617,35.7996858],[-79.094272,35.799531],[-79.0943492,35.7990924],[-79.094478,35.7986678],[-79.0946754,35.7982083],[-79.094852,35.797947],[-79.0950101,35.797714],[-79.0952333,35.7974216],[-79.0955852,35.7970666],[-79.0958942,35.7968021],[-79.0963834,35.79644],[-79.0986322,35.7948151],[-79.0995836,35.7941276],[-79.1002372,35.7936553],[-79.100963,35.793178],[-79.1020225,35.7923813],[-79.1027864,35.7918869],[-79.1030561,35.7917411],[-79.1034816,35.791511],[-79.1039929,35.7912633],[-79.1040996,35.7912116],[-79.1047862,35.7909401],[-79.1053441,35.7907452],[-79.1061681,35.7904945],[-79.107493,35.7901926],[-79.1084631,35.7899682]]},"id":"way/822063218"},{"type":"Feature","properties":{"@id":"way/829380186","name":"North Fordham Boulevard","ref":"US 15;US 501","route0_ref":"US 501","route0_status":"signed","route0_role":"mainline","route0_tensDigit":0,"route0_onesDigit":"odd","route0_tier":"auxiliary","route1_ref":"US 15","route1_status":"signed","route1_role":"mainline","route1_tensDigit":1,"route1_onesDigit":"odd","route1_tier":"primary"},"geometry":{"type":"LineString","coordinates":[[-79.0233869,35.9362652],[-79.0233741,35.9363663]]},"id":"way/829380186"},{"type":"Feature","properties":{"@id":"way/829380187","name":"North Fordham Boulevard","ref":"US 15;US 501","route0_ref":"US 501","route0_status":"signed","route0_role":"mainline","route0_tensDigit":0,"route0_onesDigit":"odd","route0_tier":"auxiliary","route1_ref":"US 15","route1_status":"signed","route1_role":"mainline","route1_tensDigit":1,"route1_onesDigit":"odd","route1_tier":"primary"},"geometry":{"type":"LineString","coordinates":[[-79.0235659,35.9363176],[-79.0235869,35.9361399],[-79.0237418,35.9347597],[-79.0238958,35.9335264]]},"id":"way/829380187"},{"type":"Feature","properties":{"@id":"way/840015882","ref":"US 15;US 501","route0_ref":"US 501","route0_status":"signed","route0_role":"mainline","route0_tensDigit":0,"route0_onesDigit":"odd","route0_tier":"auxiliary","route1_ref":"US 15","route1_status":"signed","route1_role":"mainline","route1_tensDigit":1,"route1_onesDigit":"odd","route1_tier":"primary"},"geometry":{"type":"LineString","coordinates":[[-78.9428277,36.0261428],[-78.9432075,36.0260705]]},"id":"way/840015882"},{"type":"Feature","properties":{"@id":"way/840018656","ref":"US 15;US 501","route0_ref":"US 501","route0_status":"signed","route0_role":"mainline","route0_tensDigit":0,"route0_onesDigit":"odd","route0_tier":"auxiliary","route1_ref":"US 15","route1_status":"signed","route1_role":"mainline","route1_tensDigit":1,"route1_onesDigit":"odd","route1_tier":"primary"},"geometry":{"type":"LineString","coordinates":[[-78.9484897,36.0226136],[-78.9484057,36.0227395],[-78.9482777,36.0229392]]},"id":"way/840018656"},{"type":"Feature","properties":{"@id":"way/840018657","ref":"US 15;US 501","route0_ref":"US 501","route0_status":"signed","route0_role":"mainline","route0_tensDigit":0,"route0_onesDigit":"odd","route0_tier":"auxiliary","route1_ref":"US 15","route1_status":"signed","route1_role":"mainline","route1_tensDigit":1,"route1_onesDigit":"odd","route1_tier":"primary"},"geometry":{"type":"LineString","coordinates":[[-78.947635,36.023656],[-78.9475675,36.0237146],[-78.9474723,36.0237873],[-78.9473,36.023915],[-78.947233,36.023962]]},"id":"way/840018657"},{"type":"Feature","properties":{"@id":"way/840018659","ref":"US 15;US 501","route0_ref":"US 501","route0_status":"signed","route0_role":"mainline","route0_tensDigit":0,"route0_onesDigit":"odd","route0_tier":"auxiliary","route1_ref":"US 15","route1_status":"signed","route1_role":"mainline","route1_tensDigit":1,"route1_onesDigit":"odd","route1_tier":"primary"},"geometry":{"type":"LineString","coordinates":[[-78.9456376,36.0247006],[-78.9452,36.0249012]]},"id":"way/840018659"},{"type":"Feature","properties":{"@id":"way/840265052","ref":"US 15;US 501","route0_ref":"US 501","route0_status":"signed","route0_role":"mainline","route0_tensDigit":0,"route0_onesDigit":"odd","route0_tier":"auxiliary","route1_ref":"US 15","route1_status":"signed","route1_role":"mainline","route1_tensDigit":1,"route1_onesDigit":"odd","route1_tier":"primary"},"geometry":{"type":"LineString","coordinates":[[-78.9485916,36.0232264],[-78.9486977,36.0229162]]},"id":"way/840265052"},{"type":"Feature","properties":{"@id":"way/840335514","name":"Durham-Chapel Hill Boulevard","ref":"US 15;US 501","route0_ref":"US 501","route0_status":"signed","route0_role":"mainline","route0_tensDigit":0,"route0_onesDigit":"odd","route0_tier":"auxiliary","route1_ref":"US 15","route1_status":"signed","route1_role":"mainline","route1_tensDigit":1,"route1_onesDigit":"odd","route1_tier":"primary"},"geometry":{"type":"LineString","coordinates":[[-78.9892815,35.9553354],[-78.9897708,35.9551157]]},"id":"way/840335514"},{"type":"Feature","properties":{"@id":"way/840335515","name":"Durham-Chapel Hill Boulevard","ref":"US 15;US 501","route0_ref":"US 501","route0_status":"signed","route0_role":"mainline","route0_tensDigit":0,"route0_onesDigit":"odd","route0_tier":"auxiliary","route1_ref":"US 15","route1_status":"signed","route1_role":"mainline","route1_tensDigit":1,"route1_onesDigit":"odd","route1_tier":"primary"},"geometry":{"type":"LineString","coordinates":[[-78.9888919,35.9555126],[-78.9892815,35.9553354]]},"id":"way/840335515"},{"type":"Feature","properties":{"@id":"way/840335525","name":"Durham-Chapel Hill Boulevard","ref":"US 15;US 501","route0_ref":"US 501","route0_status":"signed","route0_role":"mainline","route0_tensDigit":0,"route0_onesDigit":"odd","route0_tier":"auxiliary","route1_ref":"US 15","route1_status":"signed","route1_role":"mainline","route1_tensDigit":1,"route1_onesDigit":"odd","route1_tier":"primary"},"geometry":{"type":"LineString","coordinates":[[-78.9753741,35.9625365],[-78.9760874,35.9621623]]},"id":"way/840335525"},{"type":"Feature","properties":{"@id":"way/840335526","name":"Durham-Chapel Hill Boulevard","ref":"US 15;US 501","route0_ref":"US 501","route0_status":"signed","route0_role":"mainline","route0_tensDigit":0,"route0_onesDigit":"odd","route0_tier":"auxiliary","route1_ref":"US 15","route1_status":"signed","route1_role":"mainline","route1_tensDigit":1,"route1_onesDigit":"odd","route1_tier":"primary"},"geometry":{"type":"LineString","coordinates":[[-78.9789925,35.9603961],[-78.9786442,35.9605833]]},"id":"way/840335526"},{"type":"Feature","properties":{"@id":"way/840335527","name":"Durham-Chapel Hill Boulevard","ref":"US 15;US 501","route0_ref":"US 501","route0_status":"signed","route0_role":"mainline","route0_tensDigit":0,"route0_onesDigit":"odd","route0_tier":"auxiliary","route1_ref":"US 15","route1_status":"signed","route1_role":"mainline","route1_tensDigit":1,"route1_onesDigit":"odd","route1_tier":"primary"},"geometry":{"type":"LineString","coordinates":[[-78.9794182,35.9601687],[-78.9789925,35.9603961]]},"id":"way/840335527"},{"type":"Feature","properties":{"@id":"way/840335535","ref":"US 15;US 501","route0_ref":"US 501","route0_status":"signed","route0_role":"mainline","route0_tensDigit":0,"route0_onesDigit":"odd","route0_tier":"auxiliary","route1_ref":"US 15","route1_status":"signed","route1_role":"mainline","route1_tensDigit":1,"route1_onesDigit":"odd","route1_tier":"primary"},"geometry":{"type":"LineString","coordinates":[[-78.9580341,35.9800108],[-78.9579865,35.9802679],[-78.957944,35.980567],[-78.957901,35.980964],[-78.9578937,35.9811243],[-78.957886,35.9812599]]},"id":"way/840335535"},{"type":"Feature","properties":{"@id":"way/840335536","ref":"US 15;US 501","route0_ref":"US 501","route0_status":"signed","route0_role":"mainline","route0_tensDigit":0,"route0_onesDigit":"odd","route0_tier":"auxiliary","route1_ref":"US 15","route1_status":"signed","route1_role":"mainline","route1_tensDigit":1,"route1_onesDigit":"odd","route1_tier":"primary"},"geometry":{"type":"LineString","coordinates":[[-78.9595811,35.9758573],[-78.95933,35.97645]]},"id":"way/840335536"},{"type":"Feature","properties":{"@id":"way/840335546","ref":"US 15;US 501","route0_ref":"US 501","route0_status":"signed","route0_role":"mainline","route0_tensDigit":0,"route0_onesDigit":"odd","route0_tier":"auxiliary","route1_ref":"US 15","route1_status":"signed","route1_role":"mainline","route1_tensDigit":1,"route1_onesDigit":"odd","route1_tier":"primary"},"geometry":{"type":"LineString","coordinates":[[-78.9616004,35.9716801],[-78.9618208,35.9712327],[-78.9620655,35.9707772]]},"id":"way/840335546"},{"type":"Feature","properties":{"@id":"way/840335549","ref":"US 15;US 501","route0_ref":"US 501","route0_status":"signed","route0_role":"mainline","route0_tensDigit":0,"route0_onesDigit":"odd","route0_tier":"auxiliary","route1_ref":"US 15","route1_status":"signed","route1_role":"mainline","route1_tensDigit":1,"route1_onesDigit":"odd","route1_tier":"primary"},"geometry":{"type":"LineString","coordinates":[[-78.9580543,35.9814477],[-78.958071,35.9811165],[-78.9581099,35.9807063],[-78.9581439,35.9804311]]},"id":"way/840335549"},{"type":"Feature","properties":{"@id":"way/840335550","ref":"US 15;US 501","route0_ref":"US 501","route0_status":"signed","route0_role":"mainline","route0_tensDigit":0,"route0_onesDigit":"odd","route0_tier":"auxiliary","route1_ref":"US 15","route1_status":"signed","route1_role":"mainline","route1_tensDigit":1,"route1_onesDigit":"odd","route1_tier":"primary"},"geometry":{"type":"LineString","coordinates":[[-78.9581439,35.9804311],[-78.958162,35.980283],[-78.9581944,35.9800921],[-78.958228,35.979924],[-78.9582882,35.9796818]]},"id":"way/840335550"},{"type":"Feature","properties":{"@id":"way/840335551","ref":"US 15;US 501","route0_ref":"US 501","route0_status":"signed","route0_role":"mainline","route0_tensDigit":0,"route0_onesDigit":"odd","route0_tier":"auxiliary","route1_ref":"US 15","route1_status":"signed","route1_role":"mainline","route1_tensDigit":1,"route1_onesDigit":"odd","route1_tier":"primary"},"geometry":{"type":"LineString","coordinates":[[-78.9580735,35.9836365],[-78.958075,35.983057],[-78.958057,35.981824],[-78.9580536,35.9816385],[-78.9580543,35.9814477]]},"id":"way/840335551"},{"type":"Feature","properties":{"@id":"way/840335555","ref":"US 15;US 501","route0_ref":"US 501","route0_status":"signed","route0_role":"mainline","route0_tensDigit":0,"route0_onesDigit":"odd","route0_tier":"auxiliary","route1_ref":"US 15","route1_status":"signed","route1_role":"mainline","route1_tensDigit":1,"route1_onesDigit":"odd","route1_tier":"primary"},"geometry":{"type":"LineString","coordinates":[[-78.9579315,35.9856175],[-78.9579346,35.9858521],[-78.9579374,35.9860677],[-78.9579414,35.9863738],[-78.9579423,35.9864405]]},"id":"way/840335555"},{"type":"Feature","properties":{"@id":"way/840335556","ref":"US 15;US 501","route0_ref":"US 501","route0_status":"signed","route0_role":"mainline","route0_tensDigit":0,"route0_onesDigit":"odd","route0_tier":"auxiliary","route1_ref":"US 15","route1_status":"signed","route1_role":"mainline","route1_tensDigit":1,"route1_onesDigit":"odd","route1_tier":"primary"},"geometry":{"type":"LineString","coordinates":[[-78.9579423,35.9864405],[-78.9579458,35.9866812],[-78.9579504,35.9870046],[-78.9579557,35.987367],[-78.9579563,35.9874117]]},"id":"way/840335556"},{"type":"Feature","properties":{"@id":"way/840335557","ref":"US 15;US 501","route0_ref":"US 501","route0_status":"signed","route0_role":"mainline","route0_tensDigit":0,"route0_onesDigit":"odd","route0_tier":"auxiliary","route1_ref":"US 15","route1_status":"signed","route1_role":"mainline","route1_tensDigit":1,"route1_onesDigit":"odd","route1_tier":"primary"},"geometry":{"type":"LineString","coordinates":[[-78.9579563,35.9874117],[-78.9579583,35.9875841],[-78.9579641,35.9880724],[-78.957969,35.988485],[-78.9579701,35.9885578],[-78.9580431,35.9933794]]},"id":"way/840335557"},{"type":"Feature","properties":{"@id":"way/840335563","ref":"US 15;US 501","route0_ref":"US 501","route0_status":"signed","route0_role":"mainline","route0_tensDigit":0,"route0_onesDigit":"odd","route0_tier":"auxiliary","route1_ref":"US 15","route1_status":"signed","route1_role":"mainline","route1_tensDigit":1,"route1_onesDigit":"odd","route1_tier":"primary"},"geometry":{"type":"LineString","coordinates":[[-78.9582668,35.9960881],[-78.9582549,35.9952797]]},"id":"way/840335563"},{"type":"Feature","properties":{"@id":"way/840335564","ref":"US 15;US 501","route0_ref":"US 501","route0_status":"signed","route0_role":"mainline","route0_tensDigit":0,"route0_onesDigit":"odd","route0_tier":"auxiliary","route1_ref":"US 15","route1_status":"signed","route1_role":"mainline","route1_tensDigit":1,"route1_onesDigit":"odd","route1_tier":"primary"},"geometry":{"type":"LineString","coordinates":[[-78.9582744,35.9966017],[-78.9582668,35.9960881]]},"id":"way/840335564"},{"type":"Feature","properties":{"@id":"way/840335569","ref":"US 15;US 501","route0_ref":"US 501","route0_status":"signed","route0_role":"mainline","route0_tensDigit":0,"route0_onesDigit":"odd","route0_tier":"auxiliary","route1_ref":"US 15","route1_status":"signed","route1_role":"mainline","route1_tensDigit":1,"route1_onesDigit":"odd","route1_tier":"primary"},"geometry":{"type":"LineString","coordinates":[[-78.9560607,36.0104645],[-78.9561197,36.0103224],[-78.9561808,36.010162],[-78.9563026,36.0098129]]},"id":"way/840335569"},{"type":"Feature","properties":{"@id":"way/840335570","ref":"US 15;US 501","route0_ref":"US 501","route0_status":"signed","route0_role":"mainline","route0_tensDigit":0,"route0_onesDigit":"odd","route0_tier":"auxiliary","route1_ref":"US 15","route1_status":"signed","route1_role":"mainline","route1_tensDigit":1,"route1_onesDigit":"odd","route1_tier":"primary"},"geometry":{"type":"LineString","coordinates":[[-78.9570538,36.0075974],[-78.9573461,36.0067354]]},"id":"way/840335570"},{"type":"Feature","properties":{"@id":"way/924758422","name":"North Fordham Boulevard","ref":"US 15;US 501","route0_ref":"US 501","route0_status":"signed","route0_role":"mainline","route0_tensDigit":0,"route0_onesDigit":"odd","route0_tier":"auxiliary","route1_ref":"US 15","route1_status":"signed","route1_role":"mainline","route1_tensDigit":1,"route1_onesDigit":"odd","route1_tier":"primary"},"geometry":{"type":"LineString","coordinates":[[-79.0267048,35.9099266],[-79.0266444,35.9101556],[-79.0265532,35.9105804]]},"id":"way/924758422"},{"type":"Feature","properties":{"@id":"way/953142737","name":"Hawkins Avenue","ref":"US 15;US 501;NC 87","route0_ref":"US 501","route0_status":"signed","route0_role":"mainline","route0_tensDigit":0,"route0_onesDigit":"odd","route0_tier":"auxiliary","route1_ref":"US 15","route1_status":"signed","route1_role":"mainline","route1_tensDigit":1,"route1_onesDigit":"odd","route1_tier":"primary"},"geometry":{"type":"LineString","coordinates":[[-79.1912459,35.5499477],[-79.1912141,35.5495894],[-79.1911596,35.548895],[-79.1911274,35.5484851],[-79.1910973,35.5481468],[-79.1910673,35.5478804],[-79.191023,35.5475752],[-79.1909823,35.5473175],[-79.1909398,35.5470641],[-79.190885,35.5468178],[-79.1908354,35.5465716],[-79.1907945,35.5463859],[-79.1906724,35.5458632],[-79.190455,35.5449432],[-79.1903115,35.5443381],[-79.1902122,35.5439211],[-79.1899807,35.5429245],[-79.189853,35.5423892],[-79.1897593,35.541993],[-79.1897007,35.5417449],[-79.1896126,35.5413723],[-79.1895719,35.5412067],[-79.1895312,35.5410483],[-79.1894888,35.5408928],[-79.1894459,35.5407609],[-79.1893596,35.5404954],[-79.1893065,35.5403442],[-79.1892548,35.5402191],[-79.1891773,35.5400317],[-79.1890959,35.539846],[-79.1890039,35.5396573],[-79.1888393,35.5393391],[-79.1887774,35.5392218],[-79.1887418,35.5391564],[-79.188174,35.5381194],[-79.1880871,35.5379603],[-79.1879158,35.5376465],[-79.187682,35.537218],[-79.1875431,35.5369604],[-79.1874024,35.5366996],[-79.1873476,35.5365916],[-79.1872839,35.5364563],[-79.1872166,35.536295],[-79.1871264,35.5360603],[-79.1870432,35.5358255],[-79.1869689,35.5355865],[-79.1869069,35.5353777],[-79.1868503,35.5351559],[-79.1868078,35.534941],[-79.186784,35.5348211],[-79.1867547,35.5346706],[-79.186714,35.5343841],[-79.1866751,35.5340543],[-79.1866362,35.5335863],[-79.1866079,35.5331859],[-79.1865958,35.5330308],[-79.1865389,35.5323017],[-79.1865167,35.5320098],[-79.1865105,35.5319288],[-79.1864946,35.5317689],[-79.1864844,35.531679],[-79.1864575,35.531442],[-79.1864238,35.5311914],[-79.1863884,35.5309639],[-79.1863371,35.5306773],[-79.1862363,35.5301906],[-79.1861917,35.53002],[-79.1861438,35.5298362],[-79.1860198,35.5293885],[-79.1859922,35.5292887],[-79.1858819,35.5288903],[-79.1858468,35.5287637],[-79.1858087,35.5286261],[-79.1856815,35.528173],[-79.1856476,35.528052],[-79.1855284,35.5276275],[-79.1854508,35.5273511],[-79.1853961,35.5271561]]},"id":"way/953142737"},{"type":"Feature","properties":{"@id":"way/953142738","name":"Hawkins Avenue","ref":"US 15;US 501;NC 87","route0_ref":"US 501","route0_status":"signed","route0_role":"mainline","route0_tensDigit":0,"route0_onesDigit":"odd","route0_tier":"auxiliary","route1_ref":"US 15","route1_status":"signed","route1_role":"mainline","route1_tensDigit":1,"route1_onesDigit":"odd","route1_tier":"primary"},"geometry":{"type":"LineString","coordinates":[[-79.191494,35.5526236],[-79.1914419,35.552241],[-79.191393,35.5518017],[-79.1913592,35.5513935],[-79.1913364,35.5511026],[-79.1913114,35.5507722],[-79.1912738,35.5502625]]},"id":"way/953142738"},{"type":"Feature","properties":{"@id":"way/953142739","name":"Hawkins Avenue","ref":"US 15;US 501;NC 87","route0_ref":"US 501","route0_status":"signed","route0_role":"mainline","route0_tensDigit":0,"route0_onesDigit":"odd","route0_tier":"auxiliary","route1_ref":"US 15","route1_status":"signed","route1_role":"mainline","route1_tensDigit":1,"route1_onesDigit":"odd","route1_tier":"primary"},"geometry":{"type":"LineString","coordinates":[[-79.1912738,35.5502625],[-79.1912459,35.5499477]]},"id":"way/953142739"},{"type":"Feature","properties":{"@id":"way/953142741","name":"Hawkins Avenue","ref":"US 15;US 501;NC 87","route0_ref":"US 501","route0_status":"signed","route0_role":"mainline","route0_tensDigit":0,"route0_onesDigit":"odd","route0_tier":"auxiliary","route1_ref":"US 15","route1_status":"signed","route1_role":"mainline","route1_tensDigit":1,"route1_onesDigit":"odd","route1_tier":"primary"},"geometry":{"type":"LineString","coordinates":[[-79.1866355,35.5347058],[-79.1866608,35.5348339]]},"id":"way/953142741"},{"type":"Feature","properties":{"@id":"way/993086603","ref":"US 15;US 501;NC 211","route0_ref":"US 501","route0_status":"signed","route0_role":"mainline","route0_tensDigit":0,"route0_onesDigit":"odd","route0_tier":"auxiliary","route1_ref":"US 15","route1_status":"signed","route1_role":"mainline","route1_tensDigit":1,"route1_onesDigit":"odd","route1_tier":"primary"},"geometry":{"type":"LineString","coordinates":[[-79.4230654,35.1669028],[-79.4226905,35.1661008],[-79.4225623,35.1658432],[-79.4224021,35.1655214],[-79.4222841,35.1652893],[-79.4222453,35.1652064],[-79.4221783,35.1650719],[-79.4219258,35.1645646],[-79.4217178,35.1641345],[-79.4216394,35.1639724],[-79.4216266,35.1639459],[-79.4214744,35.1636312],[-79.4213532,35.1633806],[-79.4211564,35.1629211],[-79.4208129,35.1621293]]},"id":"way/993086603"},{"type":"Feature","properties":{"@id":"way/993086604","ref":"US 15;US 501;NC 211","route0_ref":"US 501","route0_status":"signed","route0_role":"mainline","route0_tensDigit":0,"route0_onesDigit":"odd","route0_tier":"auxiliary","route1_ref":"US 15","route1_status":"signed","route1_role":"mainline","route1_tensDigit":1,"route1_onesDigit":"odd","route1_tier":"primary"},"geometry":{"type":"LineString","coordinates":[[-79.4234903,35.1678493],[-79.4234526,35.1677698]]},"id":"way/993086604"},{"type":"Feature","properties":{"@id":"way/998595932","ref":"US 15;US 501","route0_ref":"US 501","route0_status":"signed","route0_role":"mainline","route0_tensDigit":0,"route0_onesDigit":"odd","route0_tier":"auxiliary","route1_ref":"US 15","route1_status":"signed","route1_role":"mainline","route1_tensDigit":1,"route1_onesDigit":"odd","route1_tier":"primary"},"geometry":{"type":"LineString","coordinates":[[-79.0651299,35.8769473],[-79.0652211,35.8767138]]},"id":"way/998595932"},{"type":"Feature","properties":{"@id":"way/998595933","ref":"US 15;US 501","route0_ref":"US 501","route0_status":"signed","route0_role":"mainline","route0_tensDigit":0,"route0_onesDigit":"odd","route0_tier":"auxiliary","route1_ref":"US 15","route1_status":"signed","route1_role":"mainline","route1_tensDigit":1,"route1_onesDigit":"odd","route1_tier":"primary"},"geometry":{"type":"LineString","coordinates":[[-79.0649694,35.8769255],[-79.0647758,35.8774689],[-79.064576,35.8779302],[-79.0643966,35.8782448]]},"id":"way/998595933"},{"type":"Feature","properties":{"@id":"way/1032941071","name":"Aberdeen Road","ref":"US 15;US 501","route0_ref":"US 501","route0_status":"signed","route0_role":"mainline","route0_tensDigit":0,"route0_onesDigit":"odd","route0_tier":"auxiliary","route1_ref":"US 15","route1_status":"signed","route1_role":"mainline","route1_tensDigit":1,"route1_onesDigit":"odd","route1_tier":"primary"},"geometry":{"type":"LineString","coordinates":[[-79.4519171,34.8842027],[-79.451667,34.88555],[-79.451449,34.886729]]},"id":"way/1032941071"},{"type":"Feature","properties":{"@id":"way/1032941072","name":"Aberdeen Road","ref":"US 15;US 501","route0_ref":"US 501","route0_status":"signed","route0_role":"mainline","route0_tensDigit":0,"route0_onesDigit":"odd","route0_tier":"auxiliary","route1_ref":"US 15","route1_status":"signed","route1_role":"mainline","route1_tensDigit":1,"route1_onesDigit":"odd","route1_tier":"primary"},"geometry":{"type":"LineString","coordinates":[[-79.4520189,34.8837158],[-79.4519171,34.8842027]]},"id":"way/1032941072"},{"type":"Feature","properties":{"@id":"way/1047192466","ref":"US 15;US 501;NC 211","route0_ref":"US 501","route0_status":"signed","route0_role":"mainline","route0_tensDigit":0,"route0_onesDigit":"odd","route0_tier":"auxiliary","route1_ref":"US 15","route1_status":"signed","route1_role":"mainline","route1_tensDigit":1,"route1_onesDigit":"odd","route1_tier":"primary"},"geometry":{"type":"LineString","coordinates":[[-79.4498285,35.2010308],[-79.4497297,35.2010898],[-79.4496398,35.2011578],[-79.4495601,35.2012336],[-79.4494914,35.2013164],[-79.4494348,35.2014051],[-79.4493909,35.2014984],[-79.4493604,35.2015953],[-79.4493436,35.2016944]]},"id":"way/1047192466"},{"type":"Feature","properties":{"@id":"way/1047192467","ref":"US 15;US 501;NC 211","route0_ref":"US 501","route0_status":"signed","route0_role":"mainline","route0_tensDigit":0,"route0_onesDigit":"odd","route0_tier":"auxiliary","route1_ref":"US 15","route1_status":"signed","route1_role":"mainline","route1_tensDigit":1,"route1_onesDigit":"odd","route1_tier":"primary"},"geometry":{"type":"LineString","coordinates":[[-79.4497521,35.202454],[-79.4498439,35.2025064],[-79.4499419,35.2025507]]},"id":"way/1047192467"},{"type":"Feature","properties":{"@id":"way/1047192468","ref":"US 15;US 501;NC 211","route0_ref":"US 501","route0_status":"signed","route0_role":"mainline","route0_tensDigit":0,"route0_onesDigit":"odd","route0_tier":"auxiliary","route1_ref":"US 15","route1_status":"signed","route1_role":"mainline","route1_tensDigit":1,"route1_onesDigit":"odd","route1_tier":"primary"},"geometry":{"type":"LineString","coordinates":[[-79.4510568,35.2024611],[-79.451115,35.2024223],[-79.4511698,35.2023802],[-79.4512208,35.2023352],[-79.4512678,35.2022873]]},"id":"way/1047192468"},{"type":"Feature","properties":{"@id":"way/1047192469","ref":"US 15;US 501","route0_ref":"US 501","route0_status":"signed","route0_role":"mainline","route0_tensDigit":0,"route0_onesDigit":"odd","route0_tier":"auxiliary","route1_ref":"US 15","route1_status":"signed","route1_role":"mainline","route1_tensDigit":1,"route1_onesDigit":"odd","route1_tier":"primary"},"geometry":{"type":"LineString","coordinates":[[-79.4512678,35.2022873],[-79.4513129,35.2022337],[-79.4513531,35.2021776],[-79.4513881,35.2021191],[-79.4514176,35.2020587],[-79.4514416,35.2019967],[-79.4514599,35.2019334],[-79.4514723,35.2018692],[-79.4514789,35.2018044],[-79.4514796,35.2017393],[-79.4514743,35.2016744]]},"id":"way/1047192469"},{"type":"Feature","properties":{"@id":"way/1047192470","ref":"US 15;US 501;NC 211","route0_ref":"US 501","route0_status":"signed","route0_role":"mainline","route0_tensDigit":0,"route0_onesDigit":"odd","route0_tier":"auxiliary","route1_ref":"US 15","route1_status":"signed","route1_role":"mainline","route1_tensDigit":1,"route1_onesDigit":"odd","route1_tier":"primary"},"geometry":{"type":"LineString","coordinates":[[-79.4514743,35.2016744],[-79.4514673,35.2016302]]},"id":"way/1047192470"},{"type":"Feature","properties":{"@id":"way/1047192471","ref":"US 15;US 501;NC 211","route0_ref":"US 501","route0_status":"signed","route0_role":"mainline","route0_tensDigit":0,"route0_onesDigit":"odd","route0_tier":"auxiliary","route1_ref":"US 15","route1_status":"signed","route1_role":"mainline","route1_tensDigit":1,"route1_onesDigit":"odd","route1_tier":"primary"},"geometry":{"type":"LineString","coordinates":[[-79.4510098,35.2010405],[-79.4509494,35.2010095],[-79.4508867,35.2009818],[-79.4508218,35.2009576]]},"id":"way/1047192471"},{"type":"Feature","properties":{"@id":"way/1059579581","ref":"US 15;US 501;NC 211","route0_ref":"US 501","route0_status":"signed","route0_role":"mainline","route0_tensDigit":0,"route0_onesDigit":"odd","route0_tier":"auxiliary","route1_ref":"US 15","route1_status":"signed","route1_role":"mainline","route1_tensDigit":1,"route1_onesDigit":"odd","route1_tier":"primary"},"geometry":{"type":"LineString","coordinates":[[-79.4191464,35.1584334],[-79.418913,35.157904],[-79.4188808,35.1578392],[-79.4187676,35.1575929],[-79.4186928,35.1574303],[-79.4186236,35.1572799],[-79.4185204,35.1570634],[-79.4184888,35.1569931],[-79.4184108,35.1568198],[-79.4183523,35.1566899],[-79.4180986,35.1561381],[-79.417837,35.155548]]},"id":"way/1059579581"},{"type":"Feature","properties":{"@id":"way/1086120255","name":"Fordham Boulevard","ref":"US 15;US 501","route0_ref":"US 501","route0_status":"signed","route0_role":"mainline","route0_tensDigit":0,"route0_onesDigit":"odd","route0_tier":"auxiliary","route1_ref":"US 15","route1_status":"signed","route1_role":"mainline","route1_tensDigit":1,"route1_onesDigit":"odd","route1_tier":"primary"},"geometry":{"type":"LineString","coordinates":[[-79.0122784,35.9449645],[-79.0124841,35.9448723],[-79.0125079,35.9448617],[-79.0126198,35.9448119]]},"id":"way/1086120255"},{"type":"Feature","properties":{"@id":"way/1105695427","name":"North Fordham Boulevard","ref":"US 15;US 501","route0_ref":"US 501","route0_status":"signed","route0_role":"mainline","route0_tensDigit":0,"route0_onesDigit":"odd","route0_tier":"auxiliary","route1_ref":"US 15","route1_status":"signed","route1_role":"mainline","route1_tensDigit":1,"route1_onesDigit":"odd","route1_tier":"primary"},"geometry":{"type":"LineString","coordinates":[[-79.0263563,35.9131619],[-79.0263537,35.9132924],[-79.0263185,35.9142778]]},"id":"way/1105695427"},{"type":"Feature","properties":{"@id":"way/1111552668","name":"Aberdeen Road","ref":"US 15;US 501","route0_ref":"US 501","route0_status":"signed","route0_role":"mainline","route0_tensDigit":0,"route0_onesDigit":"odd","route0_tier":"auxiliary","route1_ref":"US 15","route1_status":"signed","route1_role":"mainline","route1_tensDigit":1,"route1_onesDigit":"odd","route1_tier":"primary"},"geometry":{"type":"LineString","coordinates":[[-79.4584612,34.8412793],[-79.4585001,34.8413363],[-79.4585376,34.8413879],[-79.4585829,34.8415035],[-79.4586384,34.8415743]]},"id":"way/1111552668"},{"type":"Feature","properties":{"@id":"way/1111552670","name":"Aberdeen Road","ref":"US 15;US 501","route0_ref":"US 501","route0_status":"signed","route0_role":"mainline","route0_tensDigit":0,"route0_onesDigit":"odd","route0_tier":"auxiliary","route1_ref":"US 15","route1_status":"signed","route1_role":"mainline","route1_tensDigit":1,"route1_onesDigit":"odd","route1_tier":"primary"},"geometry":{"type":"LineString","coordinates":[[-79.458295,34.803289],[-79.4583087,34.8037356],[-79.4583261,34.8043063],[-79.4583532,34.8051949]]},"id":"way/1111552670"},{"type":"Feature","properties":{"@id":"way/1111552671","name":"Aberdeen Road","ref":"US 15;US 501","route0_ref":"US 501","route0_status":"signed","route0_role":"mainline","route0_tensDigit":0,"route0_onesDigit":"odd","route0_tier":"auxiliary","route1_ref":"US 15","route1_status":"signed","route1_role":"mainline","route1_tensDigit":1,"route1_onesDigit":"odd","route1_tier":"primary"},"geometry":{"type":"LineString","coordinates":[[-79.4583532,34.8051949],[-79.4583548,34.8052452]]},"id":"way/1111552671"},{"type":"Feature","properties":{"@id":"way/1111552672","name":"Aberdeen Road","ref":"US 15;US 501","route0_ref":"US 501","route0_status":"signed","route0_role":"mainline","route0_tensDigit":0,"route0_onesDigit":"odd","route0_tier":"auxiliary","route1_ref":"US 15","route1_status":"signed","route1_role":"mainline","route1_tensDigit":1,"route1_onesDigit":"odd","route1_tier":"primary"},"geometry":{"type":"LineString","coordinates":[[-79.4583548,34.8052452],[-79.458428,34.807643],[-79.458497,34.81008],[-79.458517,34.810797],[-79.458532,34.811134],[-79.458547,34.811467],[-79.458581,34.812411],[-79.4585812,34.8124176]]},"id":"way/1111552672"},{"type":"Feature","properties":{"@id":"way/1111552673","name":"Aberdeen Road","ref":"US 15;US 501","route0_ref":"US 501","route0_status":"signed","route0_role":"mainline","route0_tensDigit":0,"route0_onesDigit":"odd","route0_tier":"auxiliary","route1_ref":"US 15","route1_status":"signed","route1_role":"mainline","route1_tensDigit":1,"route1_onesDigit":"odd","route1_tier":"primary"},"geometry":{"type":"LineString","coordinates":[[-79.4585812,34.8124176],[-79.4585836,34.8125204]]},"id":"way/1111552673"},{"type":"Feature","properties":{"@id":"way/1188473032","name":"North Fordham Boulevard","ref":"US 15;US 501","route0_ref":"US 501","route0_status":"signed","route0_role":"mainline","route0_tensDigit":0,"route0_onesDigit":"odd","route0_tier":"auxiliary","route1_ref":"US 15","route1_status":"signed","route1_role":"mainline","route1_tensDigit":1,"route1_onesDigit":"odd","route1_tier":"primary"},"geometry":{"type":"LineString","coordinates":[[-79.0264699,35.9146546],[-79.0264743,35.9145402],[-79.0264826,35.9142714],[-79.026495,35.913866],[-79.0264954,35.9138548]]},"id":"way/1188473032"},{"type":"Feature","properties":{"@id":"way/1188473033","name":"North Fordham Boulevard","ref":"US 15;US 501","route0_ref":"US 501","route0_status":"signed","route0_role":"mainline","route0_tensDigit":0,"route0_onesDigit":"odd","route0_tier":"auxiliary","route1_ref":"US 15","route1_status":"signed","route1_role":"mainline","route1_tensDigit":1,"route1_onesDigit":"odd","route1_tier":"primary"},"geometry":{"type":"LineString","coordinates":[[-79.0264512,35.9151789],[-79.0264569,35.9149898],[-79.0264699,35.9146546]]},"id":"way/1188473033"},{"type":"Feature","properties":{"@id":"way/1193246188","name":"North Fordham Boulevard","ref":"US 15;US 501","route0_ref":"US 501","route0_status":"signed","route0_role":"mainline","route0_tensDigit":0,"route0_onesDigit":"odd","route0_tier":"auxiliary","route1_ref":"US 15","route1_status":"signed","route1_role":"mainline","route1_tensDigit":1,"route1_onesDigit":"odd","route1_tier":"primary"},"geometry":{"type":"LineString","coordinates":[[-79.0239973,35.9325982],[-79.024007,35.9325166]]},"id":"way/1193246188"},{"type":"Feature","properties":{"@id":"way/1193246190","name":"North Fordham Boulevard","ref":"US 15;US 501","route0_ref":"US 501","route0_status":"signed","route0_role":"mainline","route0_tensDigit":0,"route0_onesDigit":"odd","route0_tier":"auxiliary","route1_ref":"US 15","route1_status":"signed","route1_role":"mainline","route1_tensDigit":1,"route1_onesDigit":"odd","route1_tier":"primary"},"geometry":{"type":"LineString","coordinates":[[-79.0238424,35.9324949],[-79.0238294,35.9325921]]},"id":"way/1193246190"},{"type":"Feature","properties":{"@id":"way/1193333628","name":"North Fordham Boulevard","ref":"US 15;US 501","route0_ref":"US 501","route0_status":"signed","route0_role":"mainline","route0_tensDigit":0,"route0_onesDigit":"odd","route0_tier":"auxiliary","route1_ref":"US 15","route1_status":"signed","route1_role":"mainline","route1_tensDigit":1,"route1_onesDigit":"odd","route1_tier":"primary"},"geometry":{"type":"LineString","coordinates":[[-79.02396,35.9315455],[-79.0239331,35.9317708]]},"id":"way/1193333628"},{"type":"Feature","properties":{"@id":"way/1193333629","name":"North Fordham Boulevard","ref":"US 15;US 501","route0_ref":"US 501","route0_status":"signed","route0_role":"mainline","route0_tensDigit":0,"route0_onesDigit":"odd","route0_tier":"auxiliary","route1_ref":"US 15","route1_status":"signed","route1_role":"mainline","route1_tensDigit":1,"route1_onesDigit":"odd","route1_tier":"primary"},"geometry":{"type":"LineString","coordinates":[[-79.0240081,35.931156],[-79.0239755,35.9314159]]},"id":"way/1193333629"},{"type":"Feature","properties":{"@id":"way/1193333630","name":"North Fordham Boulevard","ref":"US 15;US 501","route0_ref":"US 501","route0_status":"signed","route0_role":"mainline","route0_tensDigit":0,"route0_onesDigit":"odd","route0_tier":"auxiliary","route1_ref":"US 15","route1_status":"signed","route1_role":"mainline","route1_tensDigit":1,"route1_onesDigit":"odd","route1_tier":"primary"},"geometry":{"type":"LineString","coordinates":[[-79.0239099,35.9319649],[-79.02389,35.932131]]},"id":"way/1193333630"},{"type":"Feature","properties":{"@id":"way/1193333631","name":"North Fordham Boulevard","ref":"US 15;US 501","route0_ref":"US 501","route0_status":"signed","route0_role":"mainline","route0_tensDigit":0,"route0_onesDigit":"odd","route0_tier":"auxiliary","route1_ref":"US 15","route1_status":"signed","route1_role":"mainline","route1_tensDigit":1,"route1_onesDigit":"odd","route1_tier":"primary"},"geometry":{"type":"LineString","coordinates":[[-79.0239331,35.9317708],[-79.0239099,35.9319649]]},"id":"way/1193333631"},{"type":"Feature","properties":{"@id":"way/1193333638","name":"North Fordham Boulevard","ref":"US 15;US 501","route0_ref":"US 501","route0_status":"signed","route0_role":"mainline","route0_tensDigit":0,"route0_onesDigit":"odd","route0_tier":"auxiliary","route1_ref":"US 15","route1_status":"signed","route1_role":"mainline","route1_tensDigit":1,"route1_onesDigit":"odd","route1_tier":"primary"},"geometry":{"type":"LineString","coordinates":[[-79.0239101,35.9334122],[-79.0239516,35.9330313]]},"id":"way/1193333638"},{"type":"Feature","properties":{"@id":"way/1193333639","name":"North Fordham Boulevard","ref":"US 15;US 501","route0_ref":"US 501","route0_status":"signed","route0_role":"mainline","route0_tensDigit":0,"route0_onesDigit":"odd","route0_tier":"auxiliary","route1_ref":"US 15","route1_status":"signed","route1_role":"mainline","route1_tensDigit":1,"route1_onesDigit":"odd","route1_tier":"primary"},"geometry":{"type":"LineString","coordinates":[[-79.0238958,35.9335264],[-79.0239101,35.9334122]]},"id":"way/1193333639"},{"type":"Feature","properties":{"@id":"way/1193333640","name":"North Fordham Boulevard","ref":"US 15;US 501","route0_ref":"US 501","route0_status":"signed","route0_role":"mainline","route0_tensDigit":0,"route0_onesDigit":"odd","route0_tier":"auxiliary","route1_ref":"US 15","route1_status":"signed","route1_role":"mainline","route1_tensDigit":1,"route1_onesDigit":"odd","route1_tier":"primary"},"geometry":{"type":"LineString","coordinates":[[-79.0241105,35.9303304],[-79.0240081,35.931156]]},"id":"way/1193333640"},{"type":"Feature","properties":{"@id":"way/1193333641","name":"North Fordham Boulevard","ref":"US 15;US 501","route0_ref":"US 501","route0_status":"signed","route0_role":"mainline","route0_tensDigit":0,"route0_onesDigit":"odd","route0_tier":"auxiliary","route1_ref":"US 15","route1_status":"signed","route1_role":"mainline","route1_tensDigit":1,"route1_onesDigit":"odd","route1_tier":"primary"},"geometry":{"type":"LineString","coordinates":[[-79.02389,35.932131],[-79.023862,35.9323428],[-79.0238563,35.9323859],[-79.0238424,35.9324949]]},"id":"way/1193333641"},{"type":"Feature","properties":{"@id":"way/1208519129","name":"North Fordham Boulevard","ref":"US 15;US 501","route0_ref":"US 501","route0_status":"signed","route0_role":"mainline","route0_tensDigit":0,"route0_onesDigit":"odd","route0_tier":"auxiliary","route1_ref":"US 15","route1_status":"signed","route1_role":"mainline","route1_tensDigit":1,"route1_onesDigit":"odd","route1_tier":"primary"},"geometry":{"type":"LineString","coordinates":[[-79.0262801,35.9153513],[-79.026258,35.916313],[-79.0262193,35.9171515],[-79.026192,35.917743],[-79.026163,35.918057],[-79.026129,35.918306],[-79.026126,35.918328],[-79.026074,35.918624],[-79.0257511,35.9202907]]},"id":"way/1208519129"},{"type":"Feature","properties":{"@id":"way/1292287820","name":"Hawkins Avenue","ref":"US 15;US 501;NC 87","route0_ref":"US 501","route0_status":"signed","route0_role":"mainline","route0_tensDigit":0,"route0_onesDigit":"odd","route0_tier":"auxiliary","route1_ref":"US 15","route1_status":"signed","route1_role":"mainline","route1_tensDigit":1,"route1_onesDigit":"odd","route1_tier":"primary"},"geometry":{"type":"LineString","coordinates":[[-79.1865659,35.5339968],[-79.1865831,35.5342071],[-79.18661,35.5345028],[-79.1866355,35.5347058]]},"id":"way/1292287820"},{"type":"Feature","properties":{"@id":"way/1295671980","name":"Hawkins Avenue","ref":"US 15;US 501;NC 87","route0_ref":"US 501","route0_status":"signed","route0_role":"mainline","route0_tensDigit":0,"route0_onesDigit":"odd","route0_tier":"auxiliary","route1_ref":"US 15","route1_status":"signed","route1_role":"mainline","route1_tensDigit":1,"route1_onesDigit":"odd","route1_tier":"primary"},"geometry":{"type":"LineString","coordinates":[[-79.1913421,35.5523688],[-79.1913628,35.5526316]]},"id":"way/1295671980"},{"type":"Feature","properties":{"@id":"way/1300455701","ref":"US 15;US 501;NC 22","route0_ref":"US 501","route0_status":"signed","route0_role":"mainline","route0_tensDigit":0,"route0_onesDigit":"odd","route0_tier":"auxiliary","route1_ref":"US 15","route1_status":"signed","route1_role":"mainline","route1_tensDigit":1,"route1_onesDigit":"odd","route1_tier":"primary"},"geometry":{"type":"LineString","coordinates":[[-79.4188625,35.3037303],[-79.4190355,35.3032947],[-79.4191588,35.3030594]]},"id":"way/1300455701"},{"type":"Feature","properties":{"@id":"way/1312718925","ref":"US 15;US 501","route0_ref":"US 501","route0_status":"signed","route0_role":"mainline","route0_tensDigit":0,"route0_onesDigit":"odd","route0_tier":"auxiliary","route1_ref":"US 15","route1_status":"signed","route1_role":"mainline","route1_tensDigit":1,"route1_onesDigit":"odd","route1_tier":"primary"},"geometry":{"type":"LineString","coordinates":[[-79.4278603,35.0943069],[-79.427823,35.09509],[-79.427799,35.095608],[-79.427741,35.09679],[-79.4277111,35.0976999],[-79.427709,35.0978539],[-79.4276519,35.0986325],[-79.427648,35.098686],[-79.427577,35.100122],[-79.4274981,35.1017245],[-79.427414,35.103431],[-79.427343,35.104883],[-79.427165,35.108496],[-79.427128,35.109368],[-79.426991,35.112586]]},"id":"way/1312718925"},{"type":"Feature","properties":{"@id":"way/1361401560","ref":"US 15;US 501;NC 211","route0_ref":"US 501","route0_status":"signed","route0_role":"mainline","route0_tensDigit":0,"route0_onesDigit":"odd","route0_tier":"auxiliary","route1_ref":"US 15","route1_status":"signed","route1_role":"mainline","route1_tensDigit":1,"route1_onesDigit":"odd","route1_tier":"primary"},"geometry":{"type":"LineString","coordinates":[[-79.450001,35.1986292],[-79.4498942,35.1982592],[-79.4497459,35.1978472],[-79.4495957,35.1974481],[-79.4494474,35.1970894],[-79.449155,35.196497],[-79.448907,35.196009],[-79.448684,35.195615],[-79.448452,35.19523],[-79.4454903,35.1906447],[-79.4454111,35.1905232],[-79.444341,35.188905],[-79.443973,35.188387],[-79.443879,35.188254],[-79.443667,35.187969],[-79.443551,35.187824],[-79.4434834,35.1877439],[-79.4433671,35.1876878]]},"id":"way/1361401560"},{"type":"Feature","properties":{"@id":"way/1361401562","ref":"US 15;US 501;NC 211","route0_ref":"US 501","route0_status":"signed","route0_role":"mainline","route0_tensDigit":0,"route0_onesDigit":"odd","route0_tier":"auxiliary","route1_ref":"US 15","route1_status":"signed","route1_role":"mainline","route1_tensDigit":1,"route1_onesDigit":"odd","route1_tier":"primary"},"geometry":{"type":"LineString","coordinates":[[-79.4498843,35.1987132],[-79.449993,35.1991419]]},"id":"way/1361401562"},{"type":"Feature","properties":{"@id":"way/1361401564","ref":"US 15;US 501;NC 211","route0_ref":"US 501","route0_status":"signed","route0_role":"mainline","route0_tensDigit":0,"route0_onesDigit":"odd","route0_tier":"auxiliary","route1_ref":"US 15","route1_status":"signed","route1_role":"mainline","route1_tensDigit":1,"route1_onesDigit":"odd","route1_tier":"primary"},"geometry":{"type":"LineString","coordinates":[[-79.4498428,35.1985888],[-79.4498843,35.1987132]]},"id":"way/1361401564"},{"type":"Feature","properties":{"@id":"way/1369865985","name":"Fordham Boulevard South","ref":"US 15;US 501;NC 54","route0_ref":"US 501","route0_status":"signed","route0_role":"mainline","route0_tensDigit":0,"route0_onesDigit":"odd","route0_tier":"auxiliary","route1_ref":"US 15","route1_status":"signed","route1_role":"mainline","route1_tensDigit":1,"route1_onesDigit":"odd","route1_tier":"primary"},"geometry":{"type":"LineString","coordinates":[[-79.0422065,35.8966547],[-79.041485,35.896812],[-79.040322,35.897046],[-79.0386237,35.8974335],[-79.0383471,35.8975038],[-79.0381523,35.8975619]]},"id":"way/1369865985"},{"type":"Feature","properties":{"@id":"way/1384111569","name":"NC 87 North","ref":"US 15;US 501;NC 87","route0_ref":"US 501","route0_status":"signed","route0_role":"mainline","route0_tensDigit":0,"route0_onesDigit":"odd","route0_tier":"auxiliary","route1_ref":"US 15","route1_status":"signed","route1_role":"mainline","route1_tensDigit":1,"route1_onesDigit":"odd","route1_tier":"primary"},"geometry":{"type":"LineString","coordinates":[[-79.208494,35.743577],[-79.208243,35.743434],[-79.208057,35.743336],[-79.20787,35.743239],[-79.20768,35.743144],[-79.2061795,35.7424281]]},"id":"way/1384111569"},{"type":"Feature","properties":{"@id":"way/1389258120","name":"North Fordham Boulevard","ref":"US 15;US 501","route0_ref":"US 501","route0_status":"signed","route0_role":"mainline","route0_tensDigit":0,"route0_onesDigit":"odd","route0_tier":"auxiliary","route1_ref":"US 15","route1_status":"signed","route1_role":"mainline","route1_tensDigit":1,"route1_onesDigit":"odd","route1_tier":"primary"},"geometry":{"type":"LineString","coordinates":[[-79.0264279,35.9157659],[-79.0264313,35.9156993]]},"id":"way/1389258120"},{"type":"Feature","properties":{"@id":"way/1389258121","name":"North Fordham Boulevard","ref":"US 15;US 501","route0_ref":"US 501","route0_status":"signed","route0_role":"mainline","route0_tensDigit":0,"route0_onesDigit":"odd","route0_tier":"auxiliary","route1_ref":"US 15","route1_status":"signed","route1_role":"mainline","route1_tensDigit":1,"route1_onesDigit":"odd","route1_tier":"primary"},"geometry":{"type":"LineString","coordinates":[[-79.0264313,35.9156993],[-79.0264512,35.9151789]]},"id":"way/1389258121"},{"type":"Feature","properties":{"@id":"way/1389669871","name":"North Fordham Boulevard","ref":"US 15;US 501","route0_ref":"US 501","route0_status":"signed","route0_role":"mainline","route0_tensDigit":0,"route0_onesDigit":"odd","route0_tier":"auxiliary","route1_ref":"US 15","route1_status":"signed","route1_role":"mainline","route1_tensDigit":1,"route1_onesDigit":"odd","route1_tier":"primary"},"geometry":{"type":"LineString","coordinates":[[-79.0256626,35.9207476],[-79.025574,35.92122],[-79.025375,35.9222506],[-79.0251289,35.9234141]]},"id":"way/1389669871"},{"type":"Feature","properties":{"@id":"way/1389669872","name":"North Fordham Boulevard","ref":"US 15;US 501","route0_ref":"US 501","route0_status":"signed","route0_role":"mainline","route0_tensDigit":0,"route0_onesDigit":"odd","route0_tier":"auxiliary","route1_ref":"US 15","route1_status":"signed","route1_role":"mainline","route1_tensDigit":1,"route1_onesDigit":"odd","route1_tier":"primary"},"geometry":{"type":"LineString","coordinates":[[-79.0257511,35.9202907],[-79.0256626,35.9207476]]},"id":"way/1389669872"},{"type":"Feature","properties":{"@id":"way/1422320112","name":"Durham-Chapel Hill Boulevard","ref":"US 15;US 501","route0_ref":"US 501","route0_status":"signed","route0_role":"mainline","route0_tensDigit":0,"route0_onesDigit":"odd","route0_tier":"auxiliary","route1_ref":"US 15","route1_status":"signed","route1_role":"mainline","route1_tensDigit":1,"route1_onesDigit":"odd","route1_tier":"primary"},"geometry":{"type":"LineString","coordinates":[[-78.9821534,35.9589218],[-78.98319,35.9583692],[-78.9838092,35.9580388],[-78.9839492,35.9579641],[-78.9845751,35.9576302],[-78.9847576,35.9575328]]},"id":"way/1422320112"},{"type":"Feature","properties":{"@id":"way/1423515894","ref":"US 15;US 501","route0_ref":"US 501","route0_status":"signed","route0_role":"mainline","route0_tensDigit":0,"route0_onesDigit":"odd","route0_tier":"auxiliary","route1_ref":"US 15","route1_status":"signed","route1_role":"mainline","route1_tensDigit":1,"route1_onesDigit":"odd","route1_tier":"primary"},"geometry":{"type":"LineString","coordinates":[[-79.0847692,35.8562709],[-79.084851,35.8560781],[-79.0849331,35.8558762],[-79.0849892,35.8556897],[-79.0850277,35.8554933],[-79.0850821,35.8551649],[-79.0850833,35.8551578],[-79.0851488,35.8547038],[-79.0851702,35.8545557],[-79.0852001,35.8543561],[-79.085259,35.8539637],[-79.0853249,35.8535639]]},"id":"way/1423515894"},{"type":"Feature","properties":{"@id":"way/1423515895","ref":"US 15;US 501","route0_ref":"US 501","route0_status":"signed","route0_role":"mainline","route0_tensDigit":0,"route0_onesDigit":"odd","route0_tier":"auxiliary","route1_ref":"US 15","route1_status":"signed","route1_role":"mainline","route1_tensDigit":1,"route1_onesDigit":"odd","route1_tier":"primary"},"geometry":{"type":"LineString","coordinates":[[-79.0841661,35.8571718],[-79.0842746,35.857031]]},"id":"way/1423515895"},{"type":"Feature","properties":{"@id":"way/1423515897","ref":"US 15;US 501","route0_ref":"US 501","route0_status":"signed","route0_role":"mainline","route0_tensDigit":0,"route0_onesDigit":"odd","route0_tier":"auxiliary","route1_ref":"US 15","route1_status":"signed","route1_role":"mainline","route1_tensDigit":1,"route1_onesDigit":"odd","route1_tier":"primary"},"geometry":{"type":"LineString","coordinates":[[-79.0842746,35.857031],[-79.0844377,35.8568152],[-79.0846034,35.8565787]]},"id":"way/1423515897"},{"type":"Feature","properties":{"@id":"way/1423515898","ref":"US 15;US 501","route0_ref":"US 501","route0_status":"signed","route0_role":"mainline","route0_tensDigit":0,"route0_onesDigit":"odd","route0_tier":"auxiliary","route1_ref":"US 15","route1_status":"signed","route1_role":"mainline","route1_tensDigit":1,"route1_onesDigit":"odd","route1_tier":"primary"},"geometry":{"type":"LineString","coordinates":[[-79.0846034,35.8565787],[-79.0847364,35.8563422]]},"id":"way/1423515898"},{"type":"Feature","properties":{"@id":"way/1423515900","ref":"US 15;US 501","route0_ref":"US 501","route0_status":"signed","route0_role":"mainline","route0_tensDigit":0,"route0_onesDigit":"odd","route0_tier":"auxiliary","route1_ref":"US 15","route1_status":"signed","route1_role":"mainline","route1_tensDigit":1,"route1_onesDigit":"odd","route1_tier":"primary"},"geometry":{"type":"LineString","coordinates":[[-79.0847364,35.8563422],[-79.0847692,35.8562709]]},"id":"way/1423515900"},{"type":"Feature","properties":{"@id":"way/1424926579","ref":"US 15;US 501","route0_ref":"US 501","route0_status":"signed","route0_role":"mainline","route0_tensDigit":0,"route0_onesDigit":"odd","route0_tier":"auxiliary","route1_ref":"US 15","route1_status":"signed","route1_role":"mainline","route1_tensDigit":1,"route1_onesDigit":"odd","route1_tier":"primary"},"geometry":{"type":"LineString","coordinates":[[-79.0858669,35.8518389],[-79.0857751,35.8520102],[-79.0856123,35.8522953],[-79.0854618,35.8526084],[-79.0853565,35.8528678],[-79.0852855,35.8530744],[-79.0851848,35.8535467],[-79.0851207,35.8539559],[-79.0850532,35.8543914]]},"id":"way/1424926579"},{"type":"Feature","properties":{"@id":"way/1424926580","ref":"US 15;US 501","route0_ref":"US 501","route0_status":"signed","route0_role":"mainline","route0_tensDigit":0,"route0_onesDigit":"odd","route0_tier":"auxiliary","route1_ref":"US 15","route1_status":"signed","route1_role":"mainline","route1_tensDigit":1,"route1_onesDigit":"odd","route1_tier":"primary"},"geometry":{"type":"LineString","coordinates":[[-79.0893432,35.848754],[-79.088866,35.8491255]]},"id":"way/1424926580"},{"type":"Feature","properties":{"@id":"way/1424926581","ref":"US 15;US 501","route0_ref":"US 501","route0_status":"signed","route0_role":"mainline","route0_tensDigit":0,"route0_onesDigit":"odd","route0_tier":"auxiliary","route1_ref":"US 15","route1_status":"signed","route1_role":"mainline","route1_tensDigit":1,"route1_onesDigit":"odd","route1_tier":"primary"},"geometry":{"type":"LineString","coordinates":[[-79.0895569,35.8485622],[-79.0895367,35.8485812],[-79.0894724,35.8486399]]},"id":"way/1424926581"},{"type":"Feature","properties":{"@id":"way/1424926582","ref":"US 15;US 501","route0_ref":"US 501","route0_status":"signed","route0_role":"mainline","route0_tensDigit":0,"route0_onesDigit":"odd","route0_tier":"auxiliary","route1_ref":"US 15","route1_status":"signed","route1_role":"mainline","route1_tensDigit":1,"route1_onesDigit":"odd","route1_tier":"primary"},"geometry":{"type":"LineString","coordinates":[[-79.0894724,35.8486399],[-79.0893432,35.848754]]},"id":"way/1424926582"},{"type":"Feature","properties":{"@id":"way/1425787647","ref":"US 15;US 501","route0_ref":"US 501","route0_status":"signed","route0_role":"mainline","route0_tensDigit":0,"route0_onesDigit":"odd","route0_tier":"auxiliary","route1_ref":"US 15","route1_status":"signed","route1_role":"mainline","route1_tensDigit":1,"route1_onesDigit":"odd","route1_tier":"primary"},"geometry":{"type":"LineString","coordinates":[[-79.0850532,35.8543914],[-79.0849966,35.8547942],[-79.0849515,35.8550689],[-79.0849144,35.8553093],[-79.0848731,35.8555402]]},"id":"way/1425787647"},{"type":"Feature","properties":{"@id":"way/1425787648","ref":"US 15;US 501","route0_ref":"US 501","route0_status":"signed","route0_role":"mainline","route0_tensDigit":0,"route0_onesDigit":"odd","route0_tier":"auxiliary","route1_ref":"US 15","route1_status":"signed","route1_role":"mainline","route1_tensDigit":1,"route1_onesDigit":"odd","route1_tier":"primary"},"geometry":{"type":"LineString","coordinates":[[-79.0848731,35.8555402],[-79.0848335,35.8557066],[-79.0847772,35.8558962],[-79.0847139,35.8560658],[-79.0846388,35.8562329],[-79.084604,35.8563066]]},"id":"way/1425787648"},{"type":"Feature","properties":{"@id":"way/1425792245","ref":"US 15;US 501","route0_ref":"US 501","route0_status":"signed","route0_role":"mainline","route0_tensDigit":0,"route0_onesDigit":"odd","route0_tier":"auxiliary","route1_ref":"US 15","route1_status":"signed","route1_role":"mainline","route1_tensDigit":1,"route1_onesDigit":"odd","route1_tier":"primary"},"geometry":{"type":"LineString","coordinates":[[-79.0814691,35.8610088],[-79.0806921,35.8616967],[-79.0802758,35.8620624],[-79.0801609,35.8621537],[-79.0800613,35.8622263],[-79.0799296,35.8623153],[-79.0797732,35.8624063],[-79.0795989,35.8625009],[-79.0793713,35.8625978],[-79.0790109,35.8627193],[-79.0789789,35.8627297],[-79.0782872,35.8629558],[-79.0779601,35.8630703],[-79.077729,35.8631663],[-79.077511,35.8632737],[-79.0773229,35.8633762],[-79.0771299,35.8634987],[-79.0769473,35.863626],[-79.0767749,35.863762],[-79.076631,35.8638932],[-79.0765033,35.8640203],[-79.0763693,35.864162],[-79.0762606,35.8643001],[-79.0761629,35.8644345],[-79.0760706,35.8645733],[-79.0759874,35.8647108],[-79.0758064,35.865034],[-79.0756979,35.8652172]]},"id":"way/1425792245"},{"type":"Feature","properties":{"@id":"way/1425792246","ref":"US 15;US 501","route0_ref":"US 501","route0_status":"signed","route0_role":"mainline","route0_tensDigit":0,"route0_onesDigit":"odd","route0_tier":"auxiliary","route1_ref":"US 15","route1_status":"signed","route1_role":"mainline","route1_tensDigit":1,"route1_onesDigit":"odd","route1_tier":"primary"},"geometry":{"type":"LineString","coordinates":[[-79.0756979,35.8652172],[-79.0755208,35.865516]]},"id":"way/1425792246"},{"type":"Feature","properties":{"@id":"way/1426357461","ref":"US 15;US 501","route0_ref":"US 501","route0_status":"signed","route0_role":"mainline","route0_tensDigit":0,"route0_onesDigit":"odd","route0_tier":"auxiliary","route1_ref":"US 15","route1_status":"signed","route1_role":"mainline","route1_tensDigit":1,"route1_onesDigit":"odd","route1_tier":"primary"},"geometry":{"type":"LineString","coordinates":[[-79.0755208,35.865516],[-79.0753786,35.8657535],[-79.0752214,35.8659898],[-79.0750529,35.8662135],[-79.0748909,35.8664162],[-79.0746855,35.8666528],[-79.0744656,35.8668794],[-79.0742381,35.8670916],[-79.0740076,35.8672893],[-79.0737657,35.8674811],[-79.0734924,35.8676814],[-79.0731741,35.8678864],[-79.0728703,35.8680649]]},"id":"way/1426357461"},{"type":"Feature","properties":{"@id":"way/1426357462","ref":"US 15;US 501","route0_ref":"US 501","route0_status":"signed","route0_role":"mainline","route0_tensDigit":0,"route0_onesDigit":"odd","route0_tier":"auxiliary","route1_ref":"US 15","route1_status":"signed","route1_role":"mainline","route1_tensDigit":1,"route1_onesDigit":"odd","route1_tier":"primary"},"geometry":{"type":"LineString","coordinates":[[-79.0728703,35.8680649],[-79.0727899,35.8681122],[-79.0723907,35.8683454],[-79.0721056,35.86852]]},"id":"way/1426357462"},{"type":"Feature","properties":{"@id":"way/1426357464","ref":"US 15;US 501","route0_ref":"US 501","route0_status":"signed","route0_role":"mainline","route0_tensDigit":0,"route0_onesDigit":"odd","route0_tier":"auxiliary","route1_ref":"US 15","route1_status":"signed","route1_role":"mainline","route1_tensDigit":1,"route1_onesDigit":"odd","route1_tier":"primary"},"geometry":{"type":"LineString","coordinates":[[-79.0667131,35.8730865],[-79.0668491,35.8728778],[-79.0670149,35.8726613],[-79.0672399,35.8724512],[-79.0683407,35.8714185],[-79.0689235,35.8708658],[-79.0694504,35.8703841],[-79.0697077,35.8701503],[-79.0698803,35.8699991],[-79.0700765,35.8698479],[-79.070318,35.8696933],[-79.0705292,35.8695686],[-79.0707173,35.8694601],[-79.0709497,35.8693193],[-79.0713814,35.8690717]]},"id":"way/1426357464"},{"type":"Feature","properties":{"@id":"way/1426357465","ref":"US 15;US 501","route0_ref":"US 501","route0_status":"signed","route0_role":"mainline","route0_tensDigit":0,"route0_onesDigit":"odd","route0_tier":"auxiliary","route1_ref":"US 15","route1_status":"signed","route1_role":"mainline","route1_tensDigit":1,"route1_onesDigit":"odd","route1_tier":"primary"},"geometry":{"type":"LineString","coordinates":[[-79.0713814,35.8690717],[-79.0721896,35.8686137]]},"id":"way/1426357465"},{"type":"Feature","properties":{"@id":"way/1426579770","ref":"US 15;US 501","route0_ref":"US 501","route0_status":"signed","route0_role":"mainline","route0_tensDigit":0,"route0_onesDigit":"odd","route0_tier":"auxiliary","route1_ref":"US 15","route1_status":"signed","route1_role":"mainline","route1_tensDigit":1,"route1_onesDigit":"odd","route1_tier":"primary"},"geometry":{"type":"LineString","coordinates":[[-79.0859967,35.8518914],[-79.0862206,35.8515753],[-79.0864228,35.8513202],[-79.0866619,35.8510502],[-79.0870175,35.8507201],[-79.0874388,35.8503913],[-79.088567,35.8495109]]},"id":"way/1426579770"},{"type":"Feature","properties":{"@id":"way/1426579771","ref":"US 15;US 501","route0_ref":"US 501","route0_status":"signed","route0_role":"mainline","route0_tensDigit":0,"route0_onesDigit":"odd","route0_tier":"auxiliary","route1_ref":"US 15","route1_status":"signed","route1_role":"mainline","route1_tensDigit":1,"route1_onesDigit":"odd","route1_tier":"primary"},"geometry":{"type":"LineString","coordinates":[[-79.088567,35.8495109],[-79.088609,35.8494781],[-79.0889549,35.8492082]]},"id":"way/1426579771"},{"type":"Feature","properties":{"@id":"way/1426816070","ref":"US 15;US 501","route0_ref":"US 501","route0_status":"signed","route0_role":"mainline","route0_tensDigit":0,"route0_onesDigit":"odd","route0_tier":"auxiliary","route1_ref":"US 15","route1_status":"signed","route1_role":"mainline","route1_tensDigit":1,"route1_onesDigit":"odd","route1_tier":"primary"},"geometry":{"type":"LineString","coordinates":[[-79.088866,35.8491255],[-79.0881473,35.8496772],[-79.0874642,35.8502017],[-79.087096,35.8504843],[-79.0868738,35.8506616],[-79.0866414,35.8508743],[-79.0864571,35.8510708],[-79.0864177,35.8511158]]},"id":"way/1426816070"},{"type":"Feature","properties":{"@id":"way/1426816072","ref":"US 15;US 501","route0_ref":"US 501","route0_status":"signed","route0_role":"mainline","route0_tensDigit":0,"route0_onesDigit":"odd","route0_tier":"auxiliary","route1_ref":"US 15","route1_status":"signed","route1_role":"mainline","route1_tensDigit":1,"route1_onesDigit":"odd","route1_tier":"primary"},"geometry":{"type":"LineString","coordinates":[[-79.0864177,35.8511158],[-79.086285,35.8512674],[-79.086112,35.851487],[-79.0859624,35.8517029],[-79.0858669,35.8518389]]},"id":"way/1426816072"},{"type":"Feature","properties":{"@id":"way/1428226582","ref":"US 15;US 501;NC 211","route0_ref":"US 501","route0_status":"signed","route0_role":"mainline","route0_tensDigit":0,"route0_onesDigit":"odd","route0_tier":"auxiliary","route1_ref":"US 15","route1_status":"signed","route1_role":"mainline","route1_tensDigit":1,"route1_onesDigit":"odd","route1_tier":"primary"},"geometry":{"type":"LineString","coordinates":[[-79.436133,35.1812952],[-79.4348625,35.1802742],[-79.432731,35.1785334],[-79.4315585,35.1775091],[-79.4314807,35.1774597]]},"id":"way/1428226582"},{"type":"Feature","properties":{"@id":"way/1428226583","ref":"US 15;US 501;NC 211","route0_ref":"US 501","route0_status":"signed","route0_role":"mainline","route0_tensDigit":0,"route0_onesDigit":"odd","route0_tier":"auxiliary","route1_ref":"US 15","route1_status":"signed","route1_role":"mainline","route1_tensDigit":1,"route1_onesDigit":"odd","route1_tier":"primary"},"geometry":{"type":"LineString","coordinates":[[-79.4314807,35.1774597],[-79.4308467,35.1769297],[-79.4307563,35.1768557]]},"id":"way/1428226583"},{"type":"Feature","properties":{"@id":"way/1428247554","name":"Chapel Hill Road","ref":"US 15;US 501","route0_ref":"US 501","route0_status":"signed","route0_role":"mainline","route0_tensDigit":0,"route0_onesDigit":"odd","route0_tier":"auxiliary","route1_ref":"US 15","route1_status":"signed","route1_role":"mainline","route1_tensDigit":1,"route1_onesDigit":"odd","route1_tier":"primary"},"geometry":{"type":"LineString","coordinates":[[-79.0927548,35.8082984],[-79.0923137,35.808951]]},"id":"way/1428247554"},{"type":"Feature","properties":{"@id":"way/1428247555","name":"Chapel Hill Road","ref":"US 15;US 501","route0_ref":"US 501","route0_status":"signed","route0_role":"mainline","route0_tensDigit":0,"route0_onesDigit":"odd","route0_tier":"auxiliary","route1_ref":"US 15","route1_status":"signed","route1_role":"mainline","route1_tensDigit":1,"route1_onesDigit":"odd","route1_tier":"primary"},"geometry":{"type":"LineString","coordinates":[[-79.0923137,35.808951],[-79.0920253,35.8093311]]},"id":"way/1428247555"},{"type":"Feature","properties":{"@id":"way/1428519228","name":"Chapel Hill Road","ref":"US 15;US 501","route0_ref":"US 501","route0_status":"signed","route0_role":"mainline","route0_tensDigit":0,"route0_onesDigit":"odd","route0_tier":"auxiliary","route1_ref":"US 15","route1_status":"signed","route1_role":"mainline","route1_tensDigit":1,"route1_onesDigit":"odd","route1_tier":"primary"},"geometry":{"type":"LineString","coordinates":[[-79.0844864,35.8160768],[-79.0845474,35.8156034],[-79.0846589,35.815151],[-79.0848134,35.814789],[-79.0850556,35.814372]]},"id":"way/1428519228"},{"type":"Feature","properties":{"@id":"way/1428519229","name":"Chapel Hill Road","ref":"US 15;US 501","route0_ref":"US 501","route0_status":"signed","route0_role":"mainline","route0_tensDigit":0,"route0_onesDigit":"odd","route0_tier":"auxiliary","route1_ref":"US 15","route1_status":"signed","route1_role":"mainline","route1_tensDigit":1,"route1_onesDigit":"odd","route1_tier":"primary"},"geometry":{"type":"LineString","coordinates":[[-79.0850556,35.814372],[-79.0853855,35.8138522]]},"id":"way/1428519229"},{"type":"Feature","properties":{"@id":"way/1428927957","ref":"US 15;US 501","route0_ref":"US 501","route0_status":"signed","route0_role":"mainline","route0_tensDigit":0,"route0_onesDigit":"odd","route0_tier":"auxiliary","route1_ref":"US 15","route1_status":"signed","route1_role":"mainline","route1_tensDigit":1,"route1_onesDigit":"odd","route1_tier":"primary"},"geometry":{"type":"LineString","coordinates":[[-79.089988,35.8384141],[-79.0899159,35.8374996],[-79.089851,35.8369019]]},"id":"way/1428927957"},{"type":"Feature","properties":{"@id":"way/1428927958","ref":"US 15;US 501","route0_ref":"US 501","route0_status":"signed","route0_role":"mainline","route0_tensDigit":0,"route0_onesDigit":"odd","route0_tier":"auxiliary","route1_ref":"US 15","route1_status":"signed","route1_role":"mainline","route1_tensDigit":1,"route1_onesDigit":"odd","route1_tier":"primary"},"geometry":{"type":"LineString","coordinates":[[-79.089851,35.8369019],[-79.0897625,35.8360869]]},"id":"way/1428927958"},{"type":"Feature","properties":{"@id":"way/1429214807","name":"North Sandhills Boulevard","ref":"US 1;US 15;US 501;NC 211","route0_ref":"US 1","route0_status":"signed","route0_role":"mainline","route0_tensDigit":0,"route0_onesDigit":"odd","route0_tier":"major","route1_ref":"US 501","route1_status":"signed","route1_role":"mainline","route1_tensDigit":0,"route1_onesDigit":"odd","route1_tier":"auxiliary"},"geometry":{"type":"LineString","coordinates":[[-79.4187271,35.1495946],[-79.4185126,35.1499145],[-79.418401,35.1500744],[-79.4182502,35.150299],[-79.4181832,35.1503988],[-79.4180263,35.1506268],[-79.4179593,35.1507242],[-79.4178408,35.1508909],[-79.4177275,35.1510503],[-79.4175567,35.1512906],[-79.4174724,35.1514093],[-79.4173009,35.1516504],[-79.4171769,35.1518248],[-79.417145,35.1518697],[-79.4170631,35.151985],[-79.4165157,35.1527187],[-79.4164299,35.1528607]]},"id":"way/1429214807"},{"type":"Feature","properties":{"@id":"way/1429214808","name":"North Sandhills Boulevard","ref":"US 1;US 15;US 501;NC 211","route0_ref":"US 1","route0_status":"signed","route0_role":"mainline","route0_tensDigit":0,"route0_onesDigit":"odd","route0_tier":"major","route1_ref":"US 501","route1_status":"signed","route1_role":"mainline","route1_tensDigit":0,"route1_onesDigit":"odd","route1_tier":"auxiliary"},"geometry":{"type":"LineString","coordinates":[[-79.4188685,35.1493838],[-79.4187271,35.1495946]]},"id":"way/1429214808"},{"type":"Feature","properties":{"@id":"way/1429214809","name":"North Sandhills Boulevard","ref":"US 1;US 15;US 501;NC 211","route0_ref":"US 1","route0_status":"signed","route0_role":"mainline","route0_tensDigit":0,"route0_onesDigit":"odd","route0_tier":"major","route1_ref":"US 501","route1_status":"signed","route1_role":"mainline","route1_tensDigit":0,"route1_onesDigit":"odd","route1_tier":"auxiliary"},"geometry":{"type":"LineString","coordinates":[[-79.4190657,35.149095],[-79.4189949,35.1491986],[-79.4189258,35.1492998]]},"id":"way/1429214809"},{"type":"Feature","properties":{"@id":"way/1429214810","name":"North Sandhills Boulevard","ref":"US 1;US 15;US 501;NC 211","route0_ref":"US 1","route0_status":"signed","route0_role":"mainline","route0_tensDigit":0,"route0_onesDigit":"odd","route0_tier":"major","route1_ref":"US 501","route1_status":"signed","route1_role":"mainline","route1_tensDigit":0,"route1_onesDigit":"odd","route1_tier":"auxiliary"},"geometry":{"type":"LineString","coordinates":[[-79.4189258,35.1492998],[-79.4188685,35.1493838]]},"id":"way/1429214810"},{"type":"Feature","properties":{"@id":"way/1429244559","ref":"US 15;US 501;NC 211","route0_ref":"US 501","route0_status":"signed","route0_role":"mainline","route0_tensDigit":0,"route0_onesDigit":"odd","route0_tier":"auxiliary","route1_ref":"US 15","route1_status":"signed","route1_role":"mainline","route1_tensDigit":1,"route1_onesDigit":"odd","route1_tier":"primary"},"geometry":{"type":"LineString","coordinates":[[-79.4234526,35.1677698],[-79.4234185,35.167698],[-79.4233177,35.167471]]},"id":"way/1429244559"},{"type":"Feature","properties":{"@id":"way/1429244560","ref":"US 15;US 501;NC 211","route0_ref":"US 501","route0_status":"signed","route0_role":"mainline","route0_tensDigit":0,"route0_onesDigit":"odd","route0_tier":"auxiliary","route1_ref":"US 15","route1_status":"signed","route1_role":"mainline","route1_tensDigit":1,"route1_onesDigit":"odd","route1_tier":"primary"},"geometry":{"type":"LineString","coordinates":[[-79.4233177,35.167471],[-79.4230654,35.1669028]]},"id":"way/1429244560"},{"type":"Feature","properties":{"@id":"way/1429928542","ref":"US 15;US 501;NC 211","route0_ref":"US 501","route0_status":"signed","route0_role":"mainline","route0_tensDigit":0,"route0_onesDigit":"odd","route0_tier":"auxiliary","route1_ref":"US 15","route1_status":"signed","route1_role":"mainline","route1_tensDigit":1,"route1_onesDigit":"odd","route1_tier":"primary"},"geometry":{"type":"LineString","coordinates":[[-79.4500974,35.1989987],[-79.450001,35.1986292]]},"id":"way/1429928542"},{"type":"Feature","properties":{"@id":"way/1429941897","name":"North Sandhills Boulevard","ref":"US 1;US 15;US 501;NC 211","route0_ref":"US 1","route0_status":"signed","route0_role":"mainline","route0_tensDigit":0,"route0_onesDigit":"odd","route0_tier":"major","route1_ref":"US 501","route1_status":"signed","route1_role":"mainline","route1_tensDigit":0,"route1_onesDigit":"odd","route1_tier":"auxiliary"},"geometry":{"type":"LineString","coordinates":[[-79.4286955,35.1333376],[-79.428546,35.1335875]]},"id":"way/1429941897"},{"type":"Feature","properties":{"@id":"way/1429941898","name":"North Sandhills Boulevard","ref":"US 1;US 15;US 501;NC 211","route0_ref":"US 1","route0_status":"signed","route0_role":"mainline","route0_tensDigit":0,"route0_onesDigit":"odd","route0_tier":"major","route1_ref":"US 501","route1_status":"signed","route1_role":"mainline","route1_tensDigit":0,"route1_onesDigit":"odd","route1_tier":"auxiliary"},"geometry":{"type":"LineString","coordinates":[[-79.4287442,35.1332509],[-79.4286955,35.1333376]]},"id":"way/1429941898"},{"type":"Feature","properties":{"@id":"way/1430183012","ref":"US 15;US 501;NC 211","route0_ref":"US 501","route0_status":"signed","route0_role":"mainline","route0_tensDigit":0,"route0_onesDigit":"odd","route0_tier":"auxiliary","route1_ref":"US 15","route1_status":"signed","route1_role":"mainline","route1_tensDigit":1,"route1_onesDigit":"odd","route1_tier":"primary"},"geometry":{"type":"LineString","coordinates":[[-79.4496602,35.1980273],[-79.449742,35.198256],[-79.449778,35.198375]]},"id":"way/1430183012"},{"type":"Feature","properties":{"@id":"way/1430183013","ref":"US 15;US 501;NC 211","route0_ref":"US 501","route0_status":"signed","route0_role":"mainline","route0_tensDigit":0,"route0_onesDigit":"odd","route0_tier":"auxiliary","route1_ref":"US 15","route1_status":"signed","route1_role":"mainline","route1_tensDigit":1,"route1_onesDigit":"odd","route1_tier":"primary"},"geometry":{"type":"LineString","coordinates":[[-79.449778,35.198375],[-79.4498428,35.1985888]]},"id":"way/1430183013"},{"type":"Feature","properties":{"@id":"way/1432509993","name":"North Sandhills Boulevard","ref":"US 1;US 15;US 501;NC 211","route0_ref":"US 1","route0_status":"signed","route0_role":"mainline","route0_tensDigit":0,"route0_onesDigit":"odd","route0_tier":"major","route1_ref":"US 501","route1_status":"signed","route1_role":"mainline","route1_tensDigit":0,"route1_onesDigit":"odd","route1_tier":"auxiliary"},"geometry":{"type":"LineString","coordinates":[[-79.4234762,35.1423276],[-79.4234071,35.1424494],[-79.4233112,35.1426186],[-79.4230596,35.1430621],[-79.4229414,35.1432706],[-79.4229159,35.1433163],[-79.4228841,35.1433732],[-79.4224966,35.1440343],[-79.4221052,35.1446693],[-79.4214659,35.1456022],[-79.4207901,35.1466041],[-79.4198574,35.1479366],[-79.4196961,35.1481724],[-79.4193626,35.1486601],[-79.4190657,35.149095]]},"id":"way/1432509993"},{"type":"Feature","properties":{"@id":"way/1432509994","name":"North Sandhills Boulevard","ref":"US 1;US 15;US 501;NC 211","route0_ref":"US 1","route0_status":"signed","route0_role":"mainline","route0_tensDigit":0,"route0_onesDigit":"odd","route0_tier":"major","route1_ref":"US 501","route1_status":"signed","route1_role":"mainline","route1_tensDigit":0,"route1_onesDigit":"odd","route1_tier":"auxiliary"},"geometry":{"type":"LineString","coordinates":[[-79.423619,35.1420759],[-79.4234762,35.1423276]]},"id":"way/1432509994"},{"type":"Feature","properties":{"@id":"way/1432702836","ref":"US 15;US 501;NC 211","route0_ref":"US 501","route0_status":"signed","route0_role":"mainline","route0_tensDigit":0,"route0_onesDigit":"odd","route0_tier":"auxiliary","route1_ref":"US 15","route1_status":"signed","route1_role":"mainline","route1_tensDigit":1,"route1_onesDigit":"odd","route1_tier":"primary"},"geometry":{"type":"LineString","coordinates":[[-79.417837,35.155548],[-79.4177313,35.1553095],[-79.4175337,35.1548639]]},"id":"way/1432702836"},{"type":"Feature","properties":{"@id":"way/1432704294","name":"North Sandhills Boulevard","ref":"US 1;US 15;US 501;NC 211","route0_ref":"US 1","route0_status":"signed","route0_role":"mainline","route0_tensDigit":0,"route0_onesDigit":"odd","route0_tier":"major","route1_ref":"US 501","route1_status":"signed","route1_role":"mainline","route1_tensDigit":0,"route1_onesDigit":"odd","route1_tier":"auxiliary"},"geometry":{"type":"LineString","coordinates":[[-79.4245588,35.1404584],[-79.423619,35.1420759]]},"id":"way/1432704294"},{"type":"Feature","properties":{"@id":"way/1432704295","name":"North Sandhills Boulevard","ref":"US 1;US 15;US 501;NC 211","route0_ref":"US 1","route0_status":"signed","route0_role":"mainline","route0_tensDigit":0,"route0_onesDigit":"odd","route0_tier":"major","route1_ref":"US 501","route1_status":"signed","route1_role":"mainline","route1_tensDigit":0,"route1_onesDigit":"odd","route1_tier":"auxiliary"},"geometry":{"type":"LineString","coordinates":[[-79.4247201,35.1401808],[-79.4245588,35.1404584]]},"id":"way/1432704295"},{"type":"Feature","properties":{"@id":"way/1432704296","name":"North Sandhills Boulevard","ref":"US 1;US 15;US 501;NC 211","route0_ref":"US 1","route0_status":"signed","route0_role":"mainline","route0_tensDigit":0,"route0_onesDigit":"odd","route0_tier":"major","route1_ref":"US 501","route1_status":"signed","route1_role":"mainline","route1_tensDigit":0,"route1_onesDigit":"odd","route1_tier":"auxiliary"},"geometry":{"type":"LineString","coordinates":[[-79.4248483,35.1399589],[-79.4247201,35.1401808]]},"id":"way/1432704296"},{"type":"Feature","properties":{"@id":"way/1432705730","name":"North Sandhills Boulevard","ref":"US 1;US 15;US 501;NC 211","route0_ref":"US 1","route0_status":"signed","route0_role":"mainline","route0_tensDigit":0,"route0_onesDigit":"odd","route0_tier":"major","route1_ref":"US 501","route1_status":"signed","route1_role":"mainline","route1_tensDigit":0,"route1_onesDigit":"odd","route1_tier":"auxiliary"},"geometry":{"type":"LineString","coordinates":[[-79.4257631,35.1383755],[-79.4248483,35.1399589]]},"id":"way/1432705730"},{"type":"Feature","properties":{"@id":"way/1432705731","name":"North Sandhills Boulevard","ref":"US 1;US 15;US 501;NC 211","route0_ref":"US 1","route0_status":"signed","route0_role":"mainline","route0_tensDigit":0,"route0_onesDigit":"odd","route0_tier":"major","route1_ref":"US 501","route1_status":"signed","route1_role":"mainline","route1_tensDigit":0,"route1_onesDigit":"odd","route1_tier":"auxiliary"},"geometry":{"type":"LineString","coordinates":[[-79.4259939,35.1379764],[-79.4258926,35.1381513]]},"id":"way/1432705731"},{"type":"Feature","properties":{"@id":"way/1432705732","name":"North Sandhills Boulevard","ref":"US 1;US 15;US 501;NC 211","route0_ref":"US 1","route0_status":"signed","route0_role":"mainline","route0_tensDigit":0,"route0_onesDigit":"odd","route0_tier":"major","route1_ref":"US 501","route1_status":"signed","route1_role":"mainline","route1_tensDigit":0,"route1_onesDigit":"odd","route1_tier":"auxiliary"},"geometry":{"type":"LineString","coordinates":[[-79.4258926,35.1381513],[-79.4257631,35.1383755]]},"id":"way/1432705732"},{"type":"Feature","properties":{"@id":"way/1432708289","name":"White Hill Road","ref":"US 15;US 501","route0_ref":"US 501","route0_status":"signed","route0_role":"mainline","route0_tensDigit":0,"route0_onesDigit":"odd","route0_tier":"auxiliary","route1_ref":"US 15","route1_status":"signed","route1_role":"mainline","route1_tensDigit":1,"route1_onesDigit":"odd","route1_tier":"primary"},"geometry":{"type":"LineString","coordinates":[[-79.2394551,35.3982914],[-79.239361,35.398372],[-79.238927,35.39873],[-79.237197,35.400158],[-79.2371032,35.400235],[-79.2367996,35.4004843],[-79.2349823,35.4019763],[-79.234906,35.402039],[-79.234848,35.4020876],[-79.2346547,35.4022496],[-79.2338753,35.4029026],[-79.233802,35.402964],[-79.23372,35.403037]]},"id":"way/1432708289"},{"type":"Feature","properties":{"@id":"way/1432708290","name":"White Hill Road","ref":"US 15;US 501","route0_ref":"US 501","route0_status":"signed","route0_role":"mainline","route0_tensDigit":0,"route0_onesDigit":"odd","route0_tier":"auxiliary","route1_ref":"US 15","route1_status":"signed","route1_role":"mainline","route1_tensDigit":1,"route1_onesDigit":"odd","route1_tier":"primary"},"geometry":{"type":"LineString","coordinates":[[-79.240099,35.39774],[-79.2394551,35.3982914]]},"id":"way/1432708290"},{"type":"Feature","properties":{"@id":"way/1432716030","ref":"US 15;US 501;NC 211","route0_ref":"US 501","route0_status":"signed","route0_role":"mainline","route0_tensDigit":0,"route0_onesDigit":"odd","route0_tier":"auxiliary","route1_ref":"US 15","route1_status":"signed","route1_role":"mainline","route1_tensDigit":1,"route1_onesDigit":"odd","route1_tier":"primary"},"geometry":{"type":"LineString","coordinates":[[-79.4197012,35.1596779],[-79.4194358,35.1590824],[-79.4194255,35.1590593],[-79.4193511,35.1588924],[-79.4191615,35.1584672],[-79.4191464,35.1584334]]},"id":"way/1432716030"},{"type":"Feature","properties":{"@id":"way/1432716031","ref":"US 15;US 501;NC 211","route0_ref":"US 501","route0_status":"signed","route0_role":"mainline","route0_tensDigit":0,"route0_onesDigit":"odd","route0_tier":"auxiliary","route1_ref":"US 15","route1_status":"signed","route1_role":"mainline","route1_tensDigit":1,"route1_onesDigit":"odd","route1_tier":"primary"},"geometry":{"type":"LineString","coordinates":[[-79.4202632,35.160937],[-79.4201428,35.1606674],[-79.4199861,35.1603161]]},"id":"way/1432716031"},{"type":"Feature","properties":{"@id":"way/1432716032","ref":"US 15;US 501;NC 211","route0_ref":"US 501","route0_status":"signed","route0_role":"mainline","route0_tensDigit":0,"route0_onesDigit":"odd","route0_tier":"auxiliary","route1_ref":"US 15","route1_status":"signed","route1_role":"mainline","route1_tensDigit":1,"route1_onesDigit":"odd","route1_tier":"primary"},"geometry":{"type":"LineString","coordinates":[[-79.4199861,35.1603161],[-79.4198994,35.1601218]]},"id":"way/1432716032"},{"type":"Feature","properties":{"@id":"way/1432716033","ref":"US 15;US 501;NC 211","route0_ref":"US 501","route0_status":"signed","route0_role":"mainline","route0_tensDigit":0,"route0_onesDigit":"odd","route0_tier":"auxiliary","route1_ref":"US 15","route1_status":"signed","route1_role":"mainline","route1_tensDigit":1,"route1_onesDigit":"odd","route1_tier":"primary"},"geometry":{"type":"LineString","coordinates":[[-79.4198994,35.1601218],[-79.4197012,35.1596779]]},"id":"way/1432716033"},{"type":"Feature","properties":{"@id":"way/1432717792","ref":"US 15;US 501;NC 211","route0_ref":"US 501","route0_status":"signed","route0_role":"mainline","route0_tensDigit":0,"route0_onesDigit":"odd","route0_tier":"auxiliary","route1_ref":"US 15","route1_status":"signed","route1_role":"mainline","route1_tensDigit":1,"route1_onesDigit":"odd","route1_tier":"primary"},"geometry":{"type":"LineString","coordinates":[[-79.4206367,35.1617502],[-79.4203707,35.1611779],[-79.4202632,35.160937]]},"id":"way/1432717792"},{"type":"Feature","properties":{"@id":"way/1432717793","ref":"US 15;US 501;NC 211","route0_ref":"US 501","route0_status":"signed","route0_role":"mainline","route0_tensDigit":0,"route0_onesDigit":"odd","route0_tier":"auxiliary","route1_ref":"US 15","route1_status":"signed","route1_role":"mainline","route1_tensDigit":1,"route1_onesDigit":"odd","route1_tier":"primary"},"geometry":{"type":"LineString","coordinates":[[-79.4208129,35.1621293],[-79.4206367,35.1617502]]},"id":"way/1432717793"},{"type":"Feature","properties":{"@id":"way/1435833214","name":"Chapel Hill Road","ref":"US 15;US 501","route0_ref":"US 501","route0_status":"signed","route0_role":"mainline","route0_tensDigit":0,"route0_onesDigit":"odd","route0_tier":"auxiliary","route1_ref":"US 15","route1_status":"signed","route1_role":"mainline","route1_tensDigit":1,"route1_onesDigit":"odd","route1_tier":"primary"},"geometry":{"type":"LineString","coordinates":[[-79.1670454,35.7501538],[-79.1670274,35.7504773],[-79.1669723,35.7514],[-79.1669183,35.7524706],[-79.1668853,35.7531265],[-79.1667735,35.7551229],[-79.1667652,35.7552719],[-79.166753,35.7554644],[-79.1667064,35.7562006],[-79.1666773,35.7566607],[-79.1666616,35.7569082]]},"id":"way/1435833214"},{"type":"Feature","properties":{"@id":"way/1435833215","name":"Chapel Hill Road","ref":"US 15;US 501","route0_ref":"US 501","route0_status":"signed","route0_role":"mainline","route0_tensDigit":0,"route0_onesDigit":"odd","route0_tier":"auxiliary","route1_ref":"US 15","route1_status":"signed","route1_role":"mainline","route1_tensDigit":1,"route1_onesDigit":"odd","route1_tier":"primary"},"geometry":{"type":"LineString","coordinates":[[-79.1666616,35.7569082],[-79.166651,35.7570758]]},"id":"way/1435833215"},{"type":"Feature","properties":{"@id":"way/1435833216","name":"Chapel Hill Road","ref":"US 15;US 501","route0_ref":"US 501","route0_status":"signed","route0_role":"mainline","route0_tensDigit":0,"route0_onesDigit":"odd","route0_tier":"auxiliary","route1_ref":"US 15","route1_status":"signed","route1_role":"mainline","route1_tensDigit":1,"route1_onesDigit":"odd","route1_tier":"primary"},"geometry":{"type":"LineString","coordinates":[[-79.166651,35.7570758],[-79.1666272,35.7574518],[-79.1665865,35.7577104]]},"id":"way/1435833216"},{"type":"Feature","properties":{"@id":"way/1435835323","name":"Chapel Hill Road","ref":"US 15;US 501","route0_ref":"US 501","route0_status":"signed","route0_role":"mainline","route0_tensDigit":0,"route0_onesDigit":"odd","route0_tier":"auxiliary","route1_ref":"US 15","route1_status":"signed","route1_role":"mainline","route1_tensDigit":1,"route1_onesDigit":"odd","route1_tier":"primary"},"geometry":{"type":"LineString","coordinates":[[-79.1520366,35.771212],[-79.1523561,35.770718]]},"id":"way/1435835323"},{"type":"Feature","properties":{"@id":"way/1435835324","name":"Chapel Hill Road","ref":"US 15;US 501","route0_ref":"US 501","route0_status":"signed","route0_role":"mainline","route0_tensDigit":0,"route0_onesDigit":"odd","route0_tier":"auxiliary","route1_ref":"US 15","route1_status":"signed","route1_role":"mainline","route1_tensDigit":1,"route1_onesDigit":"odd","route1_tier":"primary"},"geometry":{"type":"LineString","coordinates":[[-79.1519103,35.7714072],[-79.1520366,35.771212]]},"id":"way/1435835324"},{"type":"Feature","properties":{"@id":"way/1435835325","name":"Chapel Hill Road","ref":"US 15;US 501","route0_ref":"US 501","route0_status":"signed","route0_role":"mainline","route0_tensDigit":0,"route0_onesDigit":"odd","route0_tier":"auxiliary","route1_ref":"US 15","route1_status":"signed","route1_role":"mainline","route1_tensDigit":1,"route1_onesDigit":"odd","route1_tier":"primary"},"geometry":{"type":"LineString","coordinates":[[-79.1523561,35.770718],[-79.1524261,35.7706145]]},"id":"way/1435835325"},{"type":"Feature","properties":{"@id":"way/1435843899","name":"Chapel Hill Road","ref":"US 15;US 501","route0_ref":"US 501","route0_status":"signed","route0_role":"mainline","route0_tensDigit":0,"route0_onesDigit":"odd","route0_tier":"auxiliary","route1_ref":"US 15","route1_status":"signed","route1_role":"mainline","route1_tensDigit":1,"route1_onesDigit":"odd","route1_tier":"primary"},"geometry":{"type":"LineString","coordinates":[[-79.0942235,35.8003402],[-79.0942291,35.8001784],[-79.0942617,35.7996858]]},"id":"way/1435843899"},{"type":"Feature","properties":{"@id":"way/1435849757","name":"Chapel Hill Road","ref":"US 15;US 501","route0_ref":"US 501","route0_status":"signed","route0_role":"mainline","route0_tensDigit":0,"route0_onesDigit":"odd","route0_tier":"auxiliary","route1_ref":"US 15","route1_status":"signed","route1_role":"mainline","route1_tensDigit":1,"route1_onesDigit":"odd","route1_tier":"primary"},"geometry":{"type":"LineString","coordinates":[[-79.1670193,35.7533709],[-79.1670593,35.7520675],[-79.167118,35.751295],[-79.1671714,35.7502425],[-79.1671759,35.7501535]]},"id":"way/1435849757"},{"type":"Feature","properties":{"@id":"way/1435849758","name":"Chapel Hill Road","ref":"US 15;US 501","route0_ref":"US 501","route0_status":"signed","route0_role":"mainline","route0_tensDigit":0,"route0_onesDigit":"odd","route0_tier":"auxiliary","route1_ref":"US 15","route1_status":"signed","route1_role":"mainline","route1_tensDigit":1,"route1_onesDigit":"odd","route1_tier":"primary"},"geometry":{"type":"LineString","coordinates":[[-79.166994,35.7538236],[-79.1670193,35.7533709]]},"id":"way/1435849758"},{"type":"Feature","properties":{"@id":"way/1435851262","name":"Chapel Hill Road","ref":"US 15;US 501","route0_ref":"US 501","route0_status":"signed","route0_role":"mainline","route0_tensDigit":0,"route0_onesDigit":"odd","route0_tier":"auxiliary","route1_ref":"US 15","route1_status":"signed","route1_role":"mainline","route1_tensDigit":1,"route1_onesDigit":"odd","route1_tier":"primary"},"geometry":{"type":"LineString","coordinates":[[-79.1524261,35.7706145],[-79.153081,35.769646],[-79.1534216,35.7691288],[-79.1534339,35.7691101],[-79.1538642,35.7685395],[-79.1541217,35.7682679],[-79.1544192,35.7680011]]},"id":"way/1435851262"},{"type":"Feature","properties":{"@id":"way/1435851263","name":"Chapel Hill Road","ref":"US 15;US 501","route0_ref":"US 501","route0_status":"signed","route0_role":"mainline","route0_tensDigit":0,"route0_onesDigit":"odd","route0_tier":"auxiliary","route1_ref":"US 15","route1_status":"signed","route1_role":"mainline","route1_tensDigit":1,"route1_onesDigit":"odd","route1_tier":"primary"},"geometry":{"type":"LineString","coordinates":[[-79.1544192,35.7680011],[-79.1548169,35.7676829],[-79.1552461,35.7673834]]},"id":"way/1435851263"},{"type":"Feature","properties":{"@id":"way/1436176232","ref":"US 15;US 501","route0_ref":"US 501","route0_status":"signed","route0_role":"mainline","route0_tensDigit":0,"route0_onesDigit":"odd","route0_tier":"auxiliary","route1_ref":"US 15","route1_status":"signed","route1_role":"mainline","route1_tensDigit":1,"route1_onesDigit":"odd","route1_tier":"primary"},"geometry":{"type":"LineString","coordinates":[[-79.4347009,35.2736102],[-79.4344832,35.2743325]]},"id":"way/1436176232"},{"type":"Feature","properties":{"@id":"way/1436176233","ref":"US 15;US 501","route0_ref":"US 501","route0_status":"signed","route0_role":"mainline","route0_tensDigit":0,"route0_onesDigit":"odd","route0_tier":"auxiliary","route1_ref":"US 15","route1_status":"signed","route1_role":"mainline","route1_tensDigit":1,"route1_onesDigit":"odd","route1_tier":"primary"},"geometry":{"type":"LineString","coordinates":[[-79.4344832,35.2743325],[-79.4344487,35.2744269],[-79.4344077,35.27453],[-79.4343461,35.2747252]]},"id":"way/1436176233"},{"type":"Feature","properties":{"@id":"way/1436353791","ref":"US 15;US 501;NC 22","route0_ref":"US 501","route0_status":"signed","route0_role":"mainline","route0_tensDigit":0,"route0_onesDigit":"odd","route0_tier":"auxiliary","route1_ref":"US 15","route1_status":"signed","route1_role":"mainline","route1_tensDigit":1,"route1_onesDigit":"odd","route1_tier":"primary"},"geometry":{"type":"LineString","coordinates":[[-79.41505,35.3163234],[-79.4150001,35.3164157],[-79.4148758,35.3166373]]},"id":"way/1436353791"},{"type":"Feature","properties":{"@id":"way/1436361906","ref":"US 15;US 501","route0_ref":"US 501","route0_status":"signed","route0_role":"mainline","route0_tensDigit":0,"route0_onesDigit":"odd","route0_tier":"auxiliary","route1_ref":"US 15","route1_status":"signed","route1_role":"mainline","route1_tensDigit":1,"route1_onesDigit":"odd","route1_tier":"primary"},"geometry":{"type":"LineString","coordinates":[[-79.411472,35.320436],[-79.410889,35.321025],[-79.4107959,35.3211186],[-79.410721,35.321194],[-79.408993,35.322938],[-79.408844,35.323091],[-79.408718,35.32322],[-79.408449,35.323507],[-79.408187,35.323797],[-79.40793,35.32409],[-79.4078496,35.3241858]]},"id":"way/1436361906"},{"type":"Feature","properties":{"@id":"way/1436361907","ref":"US 15;US 501","route0_ref":"US 501","route0_status":"signed","route0_role":"mainline","route0_tensDigit":0,"route0_onesDigit":"odd","route0_tier":"auxiliary","route1_ref":"US 15","route1_status":"signed","route1_role":"mainline","route1_tensDigit":1,"route1_onesDigit":"odd","route1_tier":"primary"},"geometry":{"type":"LineString","coordinates":[[-79.4078496,35.3241858],[-79.40768,35.324388],[-79.407436,35.324689],[-79.4073786,35.3247644]]},"id":"way/1436361907"},{"type":"Feature","properties":{"@id":"way/1436387388","ref":"US 15;US 501","route0_ref":"US 501","route0_status":"signed","route0_role":"mainline","route0_tensDigit":0,"route0_onesDigit":"odd","route0_tier":"auxiliary","route1_ref":"US 15","route1_status":"signed","route1_role":"mainline","route1_tensDigit":1,"route1_onesDigit":"odd","route1_tier":"primary"},"geometry":{"type":"LineString","coordinates":[[-79.4422108,35.2536679],[-79.442136,35.2539142]]},"id":"way/1436387388"},{"type":"Feature","properties":{"@id":"way/1436606215","ref":"US 15;US 501","route0_ref":"US 501","route0_status":"signed","route0_role":"mainline","route0_tensDigit":0,"route0_onesDigit":"odd","route0_tier":"auxiliary","route1_ref":"US 15","route1_status":"signed","route1_role":"mainline","route1_tensDigit":1,"route1_onesDigit":"odd","route1_tier":"primary"},"geometry":{"type":"LineString","coordinates":[[-79.2883069,35.3782253],[-79.2866936,35.378895]]},"id":"way/1436606215"},{"type":"Feature","properties":{"@id":"way/1436606216","ref":"US 15;US 501","route0_ref":"US 501","route0_status":"signed","route0_role":"mainline","route0_tensDigit":0,"route0_onesDigit":"odd","route0_tier":"auxiliary","route1_ref":"US 15","route1_status":"signed","route1_role":"mainline","route1_tensDigit":1,"route1_onesDigit":"odd","route1_tier":"primary"},"geometry":{"type":"LineString","coordinates":[[-79.288775,35.378031],[-79.2883069,35.3782253]]},"id":"way/1436606216"},{"type":"Feature","properties":{"@id":"way/1486013882","name":"South Sandhills Boulevard","ref":"US 1;US 15;US 501;NC 211","route0_ref":"US 1","route0_status":"signed","route0_role":"mainline","route0_tensDigit":0,"route0_onesDigit":"odd","route0_tier":"major","route1_ref":"US 501","route1_status":"signed","route1_role":"mainline","route1_tensDigit":0,"route1_onesDigit":"odd","route1_tier":"auxiliary"},"geometry":{"type":"LineString","coordinates":[[-79.4322668,35.128041],[-79.4321086,35.1281353],[-79.4314894,35.1287931],[-79.4313381,35.1289339],[-79.431308,35.1289704]]},"id":"way/1486013882"},{"type":"Feature","properties":{"@id":"way/1486013883","name":"South Sandhills Boulevard","ref":"US 1;US 15;US 501;NC 211","route0_ref":"US 1","route0_status":"signed","route0_role":"mainline","route0_tensDigit":0,"route0_onesDigit":"odd","route0_tier":"major","route1_ref":"US 501","route1_status":"signed","route1_role":"mainline","route1_tensDigit":0,"route1_onesDigit":"odd","route1_tier":"auxiliary"},"geometry":{"type":"LineString","coordinates":[[-79.431308,35.1289704],[-79.4311095,35.1292107],[-79.4309363,35.1294512],[-79.4307435,35.1297129]]},"id":"way/1486013883"},{"type":"Feature","properties":{"@id":"way/1489370863","ref":"US 15;US 501","route0_ref":"US 501","route0_status":"signed","route0_role":"mainline","route0_tensDigit":0,"route0_onesDigit":"odd","route0_tier":"auxiliary","route1_ref":"US 15","route1_status":"signed","route1_role":"mainline","route1_tensDigit":1,"route1_onesDigit":"odd","route1_tier":"primary"},"geometry":{"type":"LineString","coordinates":[[-78.9580431,35.9933794],[-78.9580873,35.996296]]},"id":"way/1489370863"},{"type":"Feature","properties":{"@id":"way/1489624392","ref":"US 15;US 501","route0_ref":"US 501","route0_status":"signed","route0_role":"mainline","route0_tensDigit":0,"route0_onesDigit":"odd","route0_tier":"auxiliary","route1_ref":"US 15","route1_status":"signed","route1_role":"mainline","route1_tensDigit":1,"route1_onesDigit":"odd","route1_tier":"primary"},"geometry":{"type":"LineString","coordinates":[[-78.9581319,35.987126],[-78.958125,35.986441],[-78.958071,35.9845604],[-78.9580723,35.9840879]]},"id":"way/1489624392"},{"type":"Feature","properties":{"@id":"way/1494287352","ref":"US 15;US 501","route0_ref":"US 501","route0_status":"signed","route0_role":"mainline","route0_tensDigit":0,"route0_onesDigit":"odd","route0_tier":"auxiliary","route1_ref":"US 15","route1_status":"signed","route1_role":"mainline","route1_tensDigit":1,"route1_onesDigit":"odd","route1_tier":"primary"},"geometry":{"type":"LineString","coordinates":[[-79.4505692,35.2033104],[-79.4506018,35.2032635]]},"id":"way/1494287352"},{"type":"Feature","properties":{"@id":"way/1495431872","ref":"US 15;US 501","route0_ref":"US 501","route0_status":"signed","route0_role":"mainline","route0_tensDigit":0,"route0_onesDigit":"odd","route0_tier":"auxiliary","route1_ref":"US 15","route1_status":"signed","route1_role":"mainline","route1_tensDigit":1,"route1_onesDigit":"odd","route1_tier":"primary"},"geometry":{"type":"LineString","coordinates":[[-78.9703915,35.9649838],[-78.9701436,35.9650968],[-78.9699492,35.9651728],[-78.9697694,35.9652369],[-78.9695978,35.9652944],[-78.9694526,35.965342],[-78.9693122,35.9653801],[-78.9691806,35.9654123],[-78.9690155,35.9654426],[-78.968771,35.9654862],[-78.9685128,35.9655232],[-78.9681364,35.9655621]]},"id":"way/1495431872"},{"type":"Feature","properties":{"@id":"way/1495801989","ref":"US 15;US 501","route0_ref":"US 501","route0_status":"signed","route0_role":"mainline","route0_tensDigit":0,"route0_onesDigit":"odd","route0_tier":"auxiliary","route1_ref":"US 15","route1_status":"signed","route1_role":"mainline","route1_tensDigit":1,"route1_onesDigit":"odd","route1_tier":"primary"},"geometry":{"type":"LineString","coordinates":[[-79.0853249,35.8535639],[-79.0854119,35.8531787],[-79.0854906,35.8529131],[-79.0856236,35.8525995],[-79.0856314,35.8525836]]},"id":"way/1495801989"},{"type":"Feature","properties":{"@id":"way/1495801990","ref":"US 15;US 501","route0_ref":"US 501","route0_status":"signed","route0_role":"mainline","route0_tensDigit":0,"route0_onesDigit":"odd","route0_tier":"auxiliary","route1_ref":"US 15","route1_status":"signed","route1_role":"mainline","route1_tensDigit":1,"route1_onesDigit":"odd","route1_tier":"primary"},"geometry":{"type":"LineString","coordinates":[[-79.0856314,35.8525836],[-79.0858225,35.8521955],[-79.0859311,35.852006],[-79.0859967,35.8518914]]},"id":"way/1495801990"},{"type":"Feature","properties":{"@id":"way/1511983021","name":"Jefferson Davis Highway","ref":"US 1;US 15;US 501;NC 87","route0_ref":"US 1","route0_status":"signed","route0_role":"mainline","route0_tensDigit":0,"route0_onesDigit":"odd","route0_tier":"major","route1_ref":"US 501","route1_status":"signed","route1_role":"mainline","route1_tensDigit":0,"route1_onesDigit":"odd","route1_tier":"auxiliary"},"geometry":{"type":"LineString","coordinates":[[-79.184972,35.520273],[-79.1863738,35.5161553]]},"id":"way/1511983021"},{"type":"Feature","properties":{"@id":"way/1517351439","ref":"US 15;US 501;NC 22","route0_ref":"US 501","route0_status":"signed","route0_role":"mainline","route0_tensDigit":0,"route0_onesDigit":"odd","route0_tier":"auxiliary","route1_ref":"US 15","route1_status":"signed","route1_role":"mainline","route1_tensDigit":1,"route1_onesDigit":"odd","route1_tier":"primary"},"geometry":{"type":"LineString","coordinates":[[-79.4148758,35.3166373],[-79.4147628,35.3168607]]},"id":"way/1517351439"},{"type":"Feature","properties":{"@id":"way/1517351440","ref":"US 15;US 501;NC 22","route0_ref":"US 501","route0_status":"signed","route0_role":"mainline","route0_tensDigit":0,"route0_onesDigit":"odd","route0_tier":"auxiliary","route1_ref":"US 15","route1_status":"signed","route1_role":"mainline","route1_tensDigit":1,"route1_onesDigit":"odd","route1_tier":"primary"},"geometry":{"type":"LineString","coordinates":[[-79.4188088,35.3038835],[-79.4188625,35.3037303]]},"id":"way/1517351440"},{"type":"Feature","properties":{"@id":"way/1517351475","ref":"US 15;US 501;NC 87;US 1 Business","route0_ref":"US 501","route0_status":"signed","route0_role":"mainline","route0_tensDigit":0,"route0_onesDigit":"odd","route0_tier":"auxiliary","route1_ref":"US 15","route1_status":"signed","route1_role":"mainline","route1_tensDigit":1,"route1_onesDigit":"odd","route1_tier":"primary"},"geometry":{"type":"LineString","coordinates":[[-79.184298,35.5250064],[-79.1843213,35.5250348],[-79.1843508,35.5250592],[-79.1843853,35.5250787],[-79.1844236,35.5250927],[-79.1844645,35.5251006],[-79.1845064,35.5251022],[-79.184548,35.5250974]]},"id":"way/1517351475"},{"type":"Feature","properties":{"@id":"way/1518707434","name":"Chapel Hill Road","ref":"US 15;US 501","route0_ref":"US 501","route0_status":"signed","route0_role":"mainline","route0_tensDigit":0,"route0_onesDigit":"odd","route0_tier":"auxiliary","route1_ref":"US 15","route1_status":"signed","route1_role":"mainline","route1_tensDigit":1,"route1_onesDigit":"odd","route1_tier":"primary"},"geometry":{"type":"LineString","coordinates":[[-79.1525178,35.7701743],[-79.1522675,35.7705544]]},"id":"way/1518707434"},{"type":"Feature","properties":{"@id":"way/1518707435","name":"Chapel Hill Road","ref":"US 15;US 501","route0_ref":"US 501","route0_status":"signed","route0_role":"mainline","route0_tensDigit":0,"route0_onesDigit":"odd","route0_tier":"auxiliary","route1_ref":"US 15","route1_status":"signed","route1_role":"mainline","route1_tensDigit":1,"route1_onesDigit":"odd","route1_tier":"primary"},"geometry":{"type":"LineString","coordinates":[[-79.1526713,35.7699411],[-79.1525178,35.7701743]]},"id":"way/1518707435"},{"type":"Feature","properties":{"@id":"way/1523873167","name":"Jefferson Davis Highway","ref":"US 1;US 15;US 501","route0_ref":"US 1","route0_status":"signed","route0_role":"mainline","route0_tensDigit":0,"route0_onesDigit":"odd","route0_tier":"major","route1_ref":"US 501","route1_status":"signed","route1_role":"mainline","route1_tensDigit":0,"route1_onesDigit":"odd","route1_tier":"auxiliary"},"geometry":{"type":"LineString","coordinates":[[-79.201958,35.472011],[-79.2030432,35.4688794]]},"id":"way/1523873167"},{"type":"Feature","properties":{"@id":"way/1523873168","name":"Jefferson Davis Highway","ref":"US 1;US 15;US 501","route0_ref":"US 1","route0_status":"signed","route0_role":"mainline","route0_tensDigit":0,"route0_onesDigit":"odd","route0_tier":"major","route1_ref":"US 501","route1_status":"signed","route1_role":"mainline","route1_tensDigit":0,"route1_onesDigit":"odd","route1_tier":"auxiliary"},"geometry":{"type":"LineString","coordinates":[[-79.1992254,35.4799835],[-79.199556,35.478998],[-79.2003232,35.4767749]]},"id":"way/1523873168"},{"type":"Feature","properties":{"@id":"way/1523875360","name":"Jefferson Davis Highway","ref":"US 1;US 15;US 501","route0_ref":"US 1","route0_status":"signed","route0_role":"mainline","route0_tensDigit":0,"route0_onesDigit":"odd","route0_tier":"major","route1_ref":"US 501","route1_status":"signed","route1_role":"mainline","route1_tensDigit":0,"route1_onesDigit":"odd","route1_tier":"auxiliary"},"geometry":{"type":"LineString","coordinates":[[-79.1988851,35.4804307],[-79.198613,35.481217],[-79.198499,35.481546],[-79.198365,35.481935],[-79.1980005,35.4830942]]},"id":"way/1523875360"},{"type":"Feature","properties":{"@id":"way/1525981880","name":"Jefferson Davis Highway","ref":"US 1;US 15;US 501","route0_ref":"US 1","route0_status":"signed","route0_role":"mainline","route0_tensDigit":0,"route0_onesDigit":"odd","route0_tier":"major","route1_ref":"US 501","route1_status":"signed","route1_role":"mainline","route1_tensDigit":0,"route1_onesDigit":"odd","route1_tier":"auxiliary"},"geometry":{"type":"LineString","coordinates":[[-79.2045313,35.4641113],[-79.2044495,35.4643117],[-79.2042518,35.4648052]]},"id":"way/1525981880"},{"type":"Feature","properties":{"@id":"way/1551276742","name":"Chapel Hill Road","ref":"US 15;US 501","route0_ref":"US 501","route0_status":"signed","route0_role":"mainline","route0_tensDigit":0,"route0_onesDigit":"odd","route0_tier":"auxiliary","route1_ref":"US 15","route1_status":"signed","route1_role":"mainline","route1_tensDigit":1,"route1_onesDigit":"odd","route1_tier":"primary"},"geometry":{"type":"LineString","coordinates":[[-79.0853855,35.8138522],[-79.0855648,35.8136341],[-79.0859893,35.8131256],[-79.0863584,35.8128123],[-79.0868562,35.8124504],[-79.0874656,35.8121024],[-79.0878626,35.8119268]]},"id":"way/1551276742"},{"type":"Feature","properties":{"@id":"way/1551276743","name":"Chapel Hill Road","ref":"US 15;US 501","route0_ref":"US 501","route0_status":"signed","route0_role":"mainline","route0_tensDigit":0,"route0_onesDigit":"odd","route0_tier":"auxiliary","route1_ref":"US 15","route1_status":"signed","route1_role":"mainline","route1_tensDigit":1,"route1_onesDigit":"odd","route1_tier":"primary"},"geometry":{"type":"LineString","coordinates":[[-79.0878626,35.8119268],[-79.0881265,35.8118101]]},"id":"way/1551276743"},{"type":"Feature","properties":{"@id":"way/11950016","name":"Penn-Lincoln Parkway West","ref":"I 376;US 22;US 30","route0_ref":"US 22","route0_status":"signed","route0_role":"mainline","route0_tensDigit":2,"route0_onesDigit":"even","route0_tier":"primary","route1_ref":"US 30","route1_status":"signed","route1_role":"mainline","route1_tensDigit":3,"route1_onesDigit":"even","route1_tier":"major"},"geometry":{"type":"LineString","coordinates":[[-80.0873001,40.4176616],[-80.0877402,40.4179484],[-80.0881875,40.4182239],[-80.0886438,40.4184949],[-80.0891059,40.41876]]},"id":"way/11950016"},{"type":"Feature","properties":{"@id":"way/11950069","name":"Penn-Lincoln Parkway West","ref":"I 376;US 22;US 30","unsigned_ref":"US 19 Truck","route0_ref":"US 22","route0_status":"signed","route0_role":"mainline","route0_tensDigit":2,"route0_onesDigit":"even","route0_tier":"primary","route1_ref":"US 30","route1_status":"signed","route1_role":"mainline","route1_tensDigit":3,"route1_onesDigit":"even","route1_tier":"major"},"geometry":{"type":"LineString","coordinates":[[-80.0102762,40.4394498],[-80.0123796,40.43833]]},"id":"way/11950069"},{"type":"Feature","properties":{"@id":"way/11965424","name":"Penn-Lincoln Parkway West","ref":"I 376;US 22;US 30","unsigned_ref":"US 19 Truck","route0_ref":"US 22","route0_status":"signed","route0_role":"mainline","route0_tensDigit":2,"route0_onesDigit":"even","route0_tier":"primary","route1_ref":"US 30","route1_status":"signed","route1_role":"mainline","route1_tensDigit":3,"route1_onesDigit":"even","route1_tier":"major"},"geometry":{"type":"LineString","coordinates":[[-80.0138754,40.4375986],[-80.0142647,40.4374119],[-80.0144219,40.4373354],[-80.0245294,40.4319498]]},"id":"way/11965424"},{"type":"Feature","properties":{"@id":"way/24957029","name":"Penn-Lincoln Parkway West","ref":"I 376;US 22;US 30","unsigned_ref":"US 19 Truck","route0_ref":"US 22","route0_status":"signed","route0_role":"mainline","route0_tensDigit":2,"route0_onesDigit":"even","route0_tier":"primary","route1_ref":"US 30","route1_status":"signed","route1_role":"mainline","route1_tensDigit":3,"route1_onesDigit":"even","route1_tier":"major"},"geometry":{"type":"LineString","coordinates":[[-80.0137632,40.4374911],[-80.0134997,40.437632],[-80.0127496,40.4380944],[-80.0125781,40.4381933],[-80.0124003,40.4382957]]},"id":"way/24957029"},{"type":"Feature","properties":{"@id":"way/25370009","name":"Penn-Lincoln Parkway West","ref":"I 376;US 22;US 30","route0_ref":"US 22","route0_status":"signed","route0_role":"mainline","route0_tensDigit":2,"route0_onesDigit":"even","route0_tier":"primary","route1_ref":"US 30","route1_status":"signed","route1_role":"mainline","route1_tensDigit":3,"route1_onesDigit":"even","route1_tier":"major"},"geometry":{"type":"LineString","coordinates":[[-80.078509,40.4125645],[-80.080458,40.4132777],[-80.0807096,40.4133754],[-80.0809574,40.4134806]]},"id":"way/25370009"},{"type":"Feature","properties":{"@id":"way/28411456","name":"Penn-Lincoln Parkway West","ref":"I 376;US 22;US 30","route0_ref":"US 22","route0_status":"signed","route0_role":"mainline","route0_tensDigit":2,"route0_onesDigit":"even","route0_tier":"primary","route1_ref":"US 30","route1_status":"signed","route1_role":"mainline","route1_tensDigit":3,"route1_onesDigit":"even","route1_tier":"major"},"geometry":{"type":"LineString","coordinates":[[-80.1629903,40.4441137],[-80.1627228,40.4439438],[-80.1624284,40.4437666],[-80.1622114,40.4436438],[-80.1619916,40.4435265],[-80.1576268,40.4412964]]},"id":"way/28411456"},{"type":"Feature","properties":{"@id":"way/28411466","name":"Penn-Lincoln Parkway West","ref":"I 376;US 22;US 30","unsigned_ref":"US 19 Truck","route0_ref":"US 22","route0_status":"signed","route0_role":"mainline","route0_tensDigit":2,"route0_onesDigit":"even","route0_tier":"primary","route1_ref":"US 30","route1_status":"signed","route1_role":"mainline","route1_tensDigit":3,"route1_onesDigit":"even","route1_tier":"major"},"geometry":{"type":"LineString","coordinates":[[-80.024404,40.4318128],[-80.0138766,40.4374221],[-80.0137632,40.4374911]]},"id":"way/28411466"},{"type":"Feature","properties":{"@id":"way/28411514","name":"Penn-Lincoln Parkway East","ref":"I 376;US 22;US 30","route0_ref":"US 22","route0_status":"signed","route0_role":"mainline","route0_tensDigit":2,"route0_onesDigit":"even","route0_tier":"primary","route1_ref":"US 30","route1_status":"signed","route1_role":"mainline","route1_tensDigit":3,"route1_onesDigit":"even","route1_tier":"major"},"geometry":{"type":"LineString","coordinates":[[-79.9247895,40.4277056],[-79.9122306,40.4258464]]},"id":"way/28411514"},{"type":"Feature","properties":{"@id":"way/30193036","name":"Penn-Lincoln Parkway West","ref":"I 376;US 22;US 30","route0_ref":"US 22","route0_status":"signed","route0_role":"mainline","route0_tensDigit":2,"route0_onesDigit":"even","route0_tier":"primary","route1_ref":"US 30","route1_status":"signed","route1_role":"mainline","route1_tensDigit":3,"route1_onesDigit":"even","route1_tier":"major"},"geometry":{"type":"LineString","coordinates":[[-80.1027264,40.4228034],[-80.1022957,40.4227271]]},"id":"way/30193036"},{"type":"Feature","properties":{"@id":"way/39423496","name":"Penn-Lincoln Parkway West","ref":"I 376;US 22;US 30","route0_ref":"US 22","route0_status":"signed","route0_role":"mainline","route0_tensDigit":2,"route0_onesDigit":"even","route0_tier":"primary","route1_ref":"US 30","route1_status":"signed","route1_role":"mainline","route1_tensDigit":3,"route1_onesDigit":"even","route1_tier":"major"},"geometry":{"type":"LineString","coordinates":[[-80.0841205,40.4153073],[-80.0831565,40.4146274],[-80.0827749,40.4143665]]},"id":"way/39423496"},{"type":"Feature","properties":{"@id":"way/39423500","name":"Penn-Lincoln Parkway West","ref":"I 376;US 22;US 30","route0_ref":"US 22","route0_status":"signed","route0_role":"mainline","route0_tensDigit":2,"route0_onesDigit":"even","route0_tier":"primary","route1_ref":"US 30","route1_status":"signed","route1_role":"mainline","route1_tensDigit":3,"route1_onesDigit":"even","route1_tier":"major"},"geometry":{"type":"LineString","coordinates":[[-80.1023418,40.4228337],[-80.1027706,40.4229057]]},"id":"way/39423500"},{"type":"Feature","properties":{"@id":"way/39423501","name":"Penn-Lincoln Parkway West","ref":"I 376;US 22;US 30","route0_ref":"US 22","route0_status":"signed","route0_role":"mainline","route0_tensDigit":2,"route0_onesDigit":"even","route0_tier":"primary","route1_ref":"US 30","route1_status":"signed","route1_role":"mainline","route1_tensDigit":3,"route1_onesDigit":"even","route1_tier":"major"},"geometry":{"type":"LineString","coordinates":[[-80.1027706,40.4229057],[-80.1041537,40.4231379],[-80.1061202,40.4234865]]},"id":"way/39423501"},{"type":"Feature","properties":{"@id":"way/49312783","name":"Penn-Lincoln Parkway West","ref":"I 376;US 22;US 30","route0_ref":"US 22","route0_status":"signed","route0_role":"mainline","route0_tensDigit":2,"route0_onesDigit":"even","route0_tier":"primary","route1_ref":"US 30","route1_status":"signed","route1_role":"mainline","route1_tensDigit":3,"route1_onesDigit":"even","route1_tier":"major"},"geometry":{"type":"LineString","coordinates":[[-80.0856618,40.4163942],[-80.0841205,40.4153073]]},"id":"way/49312783"},{"type":"Feature","properties":{"@id":"way/49312784","name":"Penn-Lincoln Parkway West","ref":"I 376;US 22;US 30","route0_ref":"US 22","route0_status":"signed","route0_role":"mainline","route0_tensDigit":2,"route0_onesDigit":"even","route0_tier":"primary","route1_ref":"US 30","route1_status":"signed","route1_role":"mainline","route1_tensDigit":3,"route1_onesDigit":"even","route1_tier":"major"},"geometry":{"type":"LineString","coordinates":[[-80.1349204,40.4300158],[-80.1263249,40.4262931],[-80.1259457,40.4261398],[-80.1255558,40.4259912],[-80.124766,40.4257174],[-80.1243563,40.4255867]]},"id":"way/49312784"},{"type":"Feature","properties":{"@id":"way/49312785","name":"Penn-Lincoln Parkway West","ref":"I 376;US 22;US 30","route0_ref":"US 22","route0_status":"signed","route0_role":"mainline","route0_tensDigit":2,"route0_onesDigit":"even","route0_tier":"primary","route1_ref":"US 30","route1_status":"signed","route1_role":"mainline","route1_tensDigit":3,"route1_onesDigit":"even","route1_tier":"major"},"geometry":{"type":"LineString","coordinates":[[-80.1352456,40.4301566],[-80.1349204,40.4300158]]},"id":"way/49312785"},{"type":"Feature","properties":{"@id":"way/49312789","name":"Penn-Lincoln Parkway West","ref":"I 376;US 22;US 30","route0_ref":"US 22","route0_status":"signed","route0_role":"mainline","route0_tensDigit":2,"route0_onesDigit":"even","route0_tier":"primary","route1_ref":"US 30","route1_status":"signed","route1_role":"mainline","route1_tensDigit":3,"route1_onesDigit":"even","route1_tier":"major"},"geometry":{"type":"LineString","coordinates":[[-80.1351566,40.4302756],[-80.1377166,40.4313843],[-80.1384569,40.4317141],[-80.1391858,40.432055],[-80.1399114,40.4324094],[-80.1420357,40.4334949]]},"id":"way/49312789"},{"type":"Feature","properties":{"@id":"way/49312793","name":"Penn-Lincoln Parkway West","ref":"I 376;US 22;US 30","route0_ref":"US 22","route0_status":"signed","route0_role":"mainline","route0_tensDigit":2,"route0_onesDigit":"even","route0_tier":"primary","route1_ref":"US 30","route1_status":"signed","route1_role":"mainline","route1_tensDigit":3,"route1_onesDigit":"even","route1_tier":"major"},"geometry":{"type":"LineString","coordinates":[[-80.1348315,40.4301348],[-80.1351566,40.4302756]]},"id":"way/49312793"},{"type":"Feature","properties":{"@id":"way/49312794","ref":"US 22;US 30","route0_ref":"US 22","route0_status":"signed","route0_role":"mainline","route0_tensDigit":2,"route0_onesDigit":"even","route0_tier":"primary","route1_ref":"US 30","route1_status":"signed","route1_role":"mainline","route1_tensDigit":3,"route1_onesDigit":"even","route1_tier":"major"},"geometry":{"type":"LineString","coordinates":[[-80.1663512,40.4459919],[-80.1660321,40.445834],[-80.1652515,40.4454345],[-80.1647975,40.4451932],[-80.164416,40.4449763],[-80.1629903,40.4441137]]},"id":"way/49312794"},{"type":"Feature","properties":{"@id":"way/49312798","name":"Penn-Lincoln Parkway West","ref":"US 22;US 30","route0_ref":"US 22","route0_status":"signed","route0_role":"mainline","route0_tensDigit":2,"route0_onesDigit":"even","route0_tier":"primary","route1_ref":"US 30","route1_status":"signed","route1_role":"mainline","route1_tensDigit":3,"route1_onesDigit":"even","route1_tier":"major"},"geometry":{"type":"LineString","coordinates":[[-80.1663654,40.447318],[-80.1675469,40.4470813],[-80.167745,40.4470382]]},"id":"way/49312798"},{"type":"Feature","properties":{"@id":"way/49312802","ref":"US 22;US 30","route0_ref":"US 22","route0_status":"signed","route0_role":"mainline","route0_tensDigit":2,"route0_onesDigit":"even","route0_tier":"primary","route1_ref":"US 30","route1_status":"signed","route1_role":"mainline","route1_tensDigit":3,"route1_onesDigit":"even","route1_tier":"major"},"geometry":{"type":"LineString","coordinates":[[-80.1662821,40.4477168],[-80.1663351,40.4478806],[-80.1663482,40.4479467],[-80.1663535,40.4480159],[-80.1663482,40.4480776],[-80.1663351,40.4481376],[-80.1663136,40.4481978],[-80.1662805,40.448258],[-80.1662412,40.4483111],[-80.1661993,40.4483567],[-80.166146,40.4484004],[-80.1660907,40.4484371],[-80.166024,40.4484718],[-80.1659546,40.4484999],[-80.1658878,40.4485216],[-80.1658225,40.4485366],[-80.1657531,40.4485466],[-80.1656802,40.4485509],[-80.165591,40.4485495],[-80.1655008,40.4485391],[-80.1654279,40.4485247],[-80.165366,40.4485065],[-80.1652953,40.4484789],[-80.1652274,40.4484435],[-80.1651659,40.4484031],[-80.1651083,40.448356],[-80.1650607,40.4483052],[-80.1650225,40.4482575],[-80.1649886,40.4482019],[-80.1649668,40.4481516],[-80.1649514,40.4480947],[-80.1649454,40.448036],[-80.1649447,40.4479725],[-80.1649521,40.4479164],[-80.1649685,40.4478623],[-80.1649943,40.4478046],[-80.1650285,40.4477515],[-80.1650644,40.4477043],[-80.1651177,40.4476457],[-80.1651751,40.4475962],[-80.1652525,40.447541]]},"id":"way/49312802"},{"type":"Feature","properties":{"@id":"way/49312807","name":"Penn-Lincoln Parkway West","ref":"US 22;US 30","route0_ref":"US 22","route0_status":"signed","route0_role":"mainline","route0_tensDigit":2,"route0_onesDigit":"even","route0_tier":"primary","route1_ref":"US 30","route1_status":"signed","route1_role":"mainline","route1_tensDigit":3,"route1_onesDigit":"even","route1_tier":"major"},"geometry":{"type":"LineString","coordinates":[[-80.1658361,40.4474241],[-80.1663654,40.447318]]},"id":"way/49312807"},{"type":"Feature","properties":{"@id":"way/49312811","name":"Penn-Lincoln Parkway West","ref":"US 22;US 30","route0_ref":"US 22","route0_status":"signed","route0_role":"mainline","route0_tensDigit":2,"route0_onesDigit":"even","route0_tier":"primary","route1_ref":"US 30","route1_status":"signed","route1_role":"mainline","route1_tensDigit":3,"route1_onesDigit":"even","route1_tier":"major"},"geometry":{"type":"LineString","coordinates":[[-80.1652525,40.447541],[-80.1656121,40.447469]]},"id":"way/49312811"},{"type":"Feature","properties":{"@id":"way/49312851","name":"Penn-Lincoln Parkway West","ref":"US 22;US 30","route0_ref":"US 22","route0_status":"signed","route0_role":"mainline","route0_tensDigit":2,"route0_onesDigit":"even","route0_tier":"primary","route1_ref":"US 30","route1_status":"signed","route1_role":"mainline","route1_tensDigit":3,"route1_onesDigit":"even","route1_tier":"major"},"geometry":{"type":"LineString","coordinates":[[-80.1915824,40.4388248],[-80.1911634,40.4389377],[-80.1907565,40.4390542],[-80.1903536,40.4391791],[-80.1899505,40.4393085],[-80.189496,40.4394678],[-80.1890393,40.4396339],[-80.1885894,40.4398123]]},"id":"way/49312851"},{"type":"Feature","properties":{"@id":"way/49312852","name":"Penn-Lincoln Parkway West","ref":"US 22;US 30","route0_ref":"US 22","route0_status":"signed","route0_role":"mainline","route0_tensDigit":2,"route0_onesDigit":"even","route0_tier":"primary","route1_ref":"US 30","route1_status":"signed","route1_role":"mainline","route1_tensDigit":3,"route1_onesDigit":"even","route1_tier":"major"},"geometry":{"type":"LineString","coordinates":[[-80.1920589,40.4387058],[-80.1915824,40.4388248]]},"id":"way/49312852"},{"type":"Feature","properties":{"@id":"way/49312853","name":"Penn-Lincoln Parkway West","ref":"US 22;US 30","route0_ref":"US 22","route0_status":"signed","route0_role":"mainline","route0_tensDigit":2,"route0_onesDigit":"even","route0_tier":"primary","route1_ref":"US 30","route1_status":"signed","route1_role":"mainline","route1_tensDigit":3,"route1_onesDigit":"even","route1_tier":"major"},"geometry":{"type":"LineString","coordinates":[[-80.1920959,40.4388203],[-80.1925202,40.4387196],[-80.1929446,40.4386244],[-80.1933741,40.4385415],[-80.1938016,40.4384639],[-80.194048,40.4384251]]},"id":"way/49312853"},{"type":"Feature","properties":{"@id":"way/49312854","name":"Penn-Lincoln Parkway West","ref":"US 22;US 30","route0_ref":"US 22","route0_status":"signed","route0_role":"mainline","route0_tensDigit":2,"route0_onesDigit":"even","route0_tier":"primary","route1_ref":"US 30","route1_status":"signed","route1_role":"mainline","route1_tensDigit":3,"route1_onesDigit":"even","route1_tier":"major"},"geometry":{"type":"LineString","coordinates":[[-80.1916195,40.4389395],[-80.1920959,40.4388203]]},"id":"way/49312854"},{"type":"Feature","properties":{"@id":"way/49312855","name":"Penn-Lincoln Parkway West","ref":"US 22;US 30","route0_ref":"US 22","route0_status":"signed","route0_role":"mainline","route0_tensDigit":2,"route0_onesDigit":"even","route0_tier":"primary","route1_ref":"US 30","route1_status":"signed","route1_role":"mainline","route1_tensDigit":3,"route1_onesDigit":"even","route1_tier":"major"},"geometry":{"type":"LineString","coordinates":[[-80.2157312,40.4378328],[-80.2188145,40.4390171],[-80.2192061,40.4391503],[-80.2196018,40.4392713],[-80.2199994,40.4393784],[-80.2204058,40.4394724],[-80.2208228,40.439555],[-80.2212413,40.4396239],[-80.2216577,40.4396801],[-80.2220801,40.4397234],[-80.2225012,40.439752],[-80.222929,40.4397684],[-80.2233616,40.43977],[-80.227346,40.4396718]]},"id":"way/49312855"},{"type":"Feature","properties":{"@id":"way/49312856","name":"Penn-Lincoln Parkway West","ref":"US 22;US 30","route0_ref":"US 22","route0_status":"signed","route0_role":"mainline","route0_tensDigit":2,"route0_onesDigit":"even","route0_tier":"primary","route1_ref":"US 30","route1_status":"signed","route1_role":"mainline","route1_tensDigit":3,"route1_onesDigit":"even","route1_tier":"major"},"geometry":{"type":"LineString","coordinates":[[-80.2103349,40.4368057],[-80.2106043,40.4368098],[-80.2108759,40.4368181]]},"id":"way/49312856"},{"type":"Feature","properties":{"@id":"way/49312860","name":"Penn-Lincoln Parkway West","ref":"US 22;US 30","route0_ref":"US 22","route0_status":"signed","route0_role":"mainline","route0_tensDigit":2,"route0_onesDigit":"even","route0_tier":"primary","route1_ref":"US 30","route1_status":"signed","route1_role":"mainline","route1_tensDigit":3,"route1_onesDigit":"even","route1_tier":"major"},"geometry":{"type":"LineString","coordinates":[[-80.2021915,40.4374423],[-80.1952736,40.4381471],[-80.1947716,40.4382085],[-80.1942669,40.4382788],[-80.1937703,40.438357]]},"id":"way/49312860"},{"type":"Feature","properties":{"@id":"way/49312861","name":"Penn-Lincoln Parkway West","ref":"US 22;US 30","route0_ref":"US 22","route0_status":"signed","route0_role":"mainline","route0_tensDigit":2,"route0_onesDigit":"even","route0_tier":"primary","route1_ref":"US 30","route1_status":"signed","route1_role":"mainline","route1_tensDigit":3,"route1_onesDigit":"even","route1_tier":"major"},"geometry":{"type":"LineString","coordinates":[[-80.210731,40.436704],[-80.2104648,40.436698],[-80.2101975,40.4366976]]},"id":"way/49312861"},{"type":"Feature","properties":{"@id":"way/49312869","name":"Penn-Lincoln Parkway West","ref":"US 22;US 30","route0_ref":"US 22","route0_status":"signed","route0_role":"mainline","route0_tensDigit":2,"route0_onesDigit":"even","route0_tier":"primary","route1_ref":"US 30","route1_status":"signed","route1_role":"mainline","route1_tensDigit":3,"route1_onesDigit":"even","route1_tier":"major"},"geometry":{"type":"LineString","coordinates":[[-80.2378732,40.4393042],[-80.2373153,40.4393178]]},"id":"way/49312869"},{"type":"Feature","properties":{"@id":"way/49312870","name":"Penn-Lincoln Parkway West","ref":"US 22;US 30","route0_ref":"US 22","route0_status":"signed","route0_role":"mainline","route0_tensDigit":2,"route0_onesDigit":"even","route0_tier":"primary","route1_ref":"US 30","route1_status":"signed","route1_role":"mainline","route1_tensDigit":3,"route1_onesDigit":"even","route1_tier":"major"},"geometry":{"type":"LineString","coordinates":[[-80.2382111,40.439296],[-80.2378732,40.4393042]]},"id":"way/49312870"},{"type":"Feature","properties":{"@id":"way/49312872","name":"Penn-Lincoln Parkway West","ref":"US 22;US 30","route0_ref":"US 22","route0_status":"signed","route0_role":"mainline","route0_tensDigit":2,"route0_onesDigit":"even","route0_tier":"primary","route1_ref":"US 30","route1_status":"signed","route1_role":"mainline","route1_tensDigit":3,"route1_onesDigit":"even","route1_tier":"major"},"geometry":{"type":"LineString","coordinates":[[-80.232731,40.4394294],[-80.2233596,40.4396605],[-80.222933,40.4396589],[-80.2225112,40.4396428],[-80.2220961,40.4396146],[-80.2216799,40.4395718],[-80.221269,40.4395164],[-80.2208562,40.4394485],[-80.2204448,40.4393669],[-80.2200443,40.4392744],[-80.2196526,40.4391688],[-80.2192623,40.4390495],[-80.2188763,40.4389182],[-80.2154305,40.4375946],[-80.2150336,40.4374552],[-80.2146263,40.4373255],[-80.2142073,40.4372061],[-80.2137809,40.4370991],[-80.2133681,40.4370087],[-80.2129407,40.4369276],[-80.2125126,40.4368584],[-80.212087,40.4368016],[-80.2116611,40.4367571],[-80.2112067,40.4367248],[-80.210731,40.436704]]},"id":"way/49312872"},{"type":"Feature","properties":{"@id":"way/51189154","name":"Penn-Lincoln Parkway West","ref":"I 376;US 19;US 22;US 30;US 19 Truck"},"geometry":{"type":"LineString","coordinates":[[-80.029563,40.4286362],[-80.0293645,40.4287985],[-80.0291881,40.4289315],[-80.0291577,40.4289544],[-80.0278955,40.4298367]]},"id":"way/51189154"},{"type":"Feature","properties":{"@id":"way/51189166","name":"Penn-Lincoln Parkway West","ref":"I 376;US 22;US 30","unsigned_ref":"US 19 Truck","route0_ref":"US 22","route0_status":"signed","route0_role":"mainline","route0_tensDigit":2,"route0_onesDigit":"even","route0_tier":"primary","route1_ref":"US 30","route1_status":"signed","route1_role":"mainline","route1_tensDigit":3,"route1_onesDigit":"even","route1_tier":"major"},"geometry":{"type":"LineString","coordinates":[[-80.0260262,40.43092],[-80.0253748,40.4312878],[-80.0249681,40.4315124],[-80.024807,40.4315982],[-80.0245745,40.431722]]},"id":"way/51189166"},{"type":"Feature","properties":{"@id":"way/52304694","name":"Penn-Lincoln Parkway East","ref":"I 376;US 22;US 30","route0_ref":"US 22","route0_status":"signed","route0_role":"mainline","route0_tensDigit":2,"route0_onesDigit":"even","route0_tier":"primary","route1_ref":"US 30","route1_status":"signed","route1_role":"mainline","route1_tensDigit":3,"route1_onesDigit":"even","route1_tier":"major"},"geometry":{"type":"LineString","coordinates":[[-79.9988489,40.4356535],[-79.9994286,40.4360003],[-79.9995902,40.4360881]]},"id":"way/52304694"},{"type":"Feature","properties":{"@id":"way/52304697","name":"Penn-Lincoln Parkway East","ref":"I 376;US 22;US 30","route0_ref":"US 22","route0_status":"signed","route0_role":"mainline","route0_tensDigit":2,"route0_onesDigit":"even","route0_tier":"primary","route1_ref":"US 30","route1_status":"signed","route1_role":"mainline","route1_tensDigit":3,"route1_onesDigit":"even","route1_tier":"major"},"geometry":{"type":"LineString","coordinates":[[-79.9995902,40.4360881],[-79.99979,40.4361882],[-79.9999798,40.4362765],[-80.0001749,40.4363596],[-80.0005598,40.4365103],[-80.001186,40.4367456],[-80.0015825,40.4368763]]},"id":"way/52304697"},{"type":"Feature","properties":{"@id":"way/54203148","name":"Penn-Lincoln Parkway West","ref":"I 376;US 22;US 30","route0_ref":"US 22","route0_status":"signed","route0_role":"mainline","route0_tensDigit":2,"route0_onesDigit":"even","route0_tier":"primary","route1_ref":"US 30","route1_status":"signed","route1_role":"mainline","route1_tensDigit":3,"route1_onesDigit":"even","route1_tier":"major"},"geometry":{"type":"LineString","coordinates":[[-80.0750872,40.4112156],[-80.073993,40.4108212],[-80.0737919,40.4107541],[-80.0735893,40.41069],[-80.0734046,40.4106359],[-80.0732172,40.4105917],[-80.0730314,40.4105537]]},"id":"way/54203148"},{"type":"Feature","properties":{"@id":"way/54203155","name":"Penn-Lincoln Parkway West","ref":"I 376;US 22;US 30","route0_ref":"US 22","route0_status":"signed","route0_role":"mainline","route0_tensDigit":2,"route0_onesDigit":"even","route0_tier":"primary","route1_ref":"US 30","route1_status":"signed","route1_role":"mainline","route1_tensDigit":3,"route1_onesDigit":"even","route1_tier":"major"},"geometry":{"type":"LineString","coordinates":[[-80.0729867,40.4106245],[-80.0731892,40.4106654],[-80.0733716,40.4107084],[-80.0735517,40.4107611],[-80.0737523,40.4108246],[-80.0739515,40.4108911]]},"id":"way/54203155"},{"type":"Feature","properties":{"@id":"way/54203156","name":"Penn-Lincoln Parkway West","ref":"I 376;US 22;US 30","route0_ref":"US 22","route0_status":"signed","route0_role":"mainline","route0_tensDigit":2,"route0_onesDigit":"even","route0_tier":"primary","route1_ref":"US 30","route1_status":"signed","route1_role":"mainline","route1_tensDigit":3,"route1_onesDigit":"even","route1_tier":"major"},"geometry":{"type":"LineString","coordinates":[[-80.0750436,40.4112847],[-80.0772821,40.4121016],[-80.077822,40.4123138]]},"id":"way/54203156"},{"type":"Feature","properties":{"@id":"way/54203157","name":"Penn-Lincoln Parkway West","ref":"I 376;US 22;US 30","route0_ref":"US 22","route0_status":"signed","route0_role":"mainline","route0_tensDigit":2,"route0_onesDigit":"even","route0_tier":"primary","route1_ref":"US 30","route1_status":"signed","route1_role":"mainline","route1_tensDigit":3,"route1_onesDigit":"even","route1_tier":"major"},"geometry":{"type":"LineString","coordinates":[[-80.0730314,40.4105537],[-80.0728316,40.41052],[-80.0726288,40.4104945],[-80.0724189,40.4104771],[-80.0722016,40.4104654],[-80.071977,40.4104643],[-80.0717651,40.4104715],[-80.0715485,40.4104858],[-80.0713366,40.4105083],[-80.0711221,40.4105409],[-80.0709189,40.4105802],[-80.070713,40.4106313],[-80.0705078,40.4106885],[-80.0703114,40.4107528],[-80.0701068,40.4108274],[-80.0699231,40.410905],[-80.0696234,40.4110372],[-80.0658393,40.4128402],[-80.064999,40.4132245]]},"id":"way/54203157"},{"type":"Feature","properties":{"@id":"way/54203160","name":"Penn-Lincoln Parkway West","ref":"I 376;US 22;US 30","route0_ref":"US 22","route0_status":"signed","route0_role":"mainline","route0_tensDigit":2,"route0_onesDigit":"even","route0_tier":"primary","route1_ref":"US 30","route1_status":"signed","route1_role":"mainline","route1_tensDigit":3,"route1_onesDigit":"even","route1_tier":"major"},"geometry":{"type":"LineString","coordinates":[[-80.078615,40.4125029],[-80.075193,40.4112526],[-80.0750872,40.4112156]]},"id":"way/54203160"},{"type":"Feature","properties":{"@id":"way/54203161","name":"Penn-Lincoln Parkway West","ref":"I 376;US 22;US 30","unsigned_ref":"US 19 Truck","route0_ref":"US 22","route0_status":"signed","route0_role":"mainline","route0_tensDigit":2,"route0_onesDigit":"even","route0_tier":"primary","route1_ref":"US 30","route1_status":"signed","route1_role":"mainline","route1_tensDigit":3,"route1_onesDigit":"even","route1_tier":"major"},"geometry":{"type":"LineString","coordinates":[[-80.0245294,40.4319498],[-80.0247001,40.4318589]]},"id":"way/54203161"},{"type":"Feature","properties":{"@id":"way/54209330","name":"Penn-Lincoln Parkway West","ref":"I 376;US 22;US 30","route0_ref":"US 22","route0_status":"signed","route0_role":"mainline","route0_tensDigit":2,"route0_onesDigit":"even","route0_tier":"primary","route1_ref":"US 30","route1_status":"signed","route1_role":"mainline","route1_tensDigit":3,"route1_onesDigit":"even","route1_tier":"major"},"geometry":{"type":"LineString","coordinates":[[-80.0494922,40.4203777],[-80.0494688,40.4203832]]},"id":"way/54209330"},{"type":"Feature","properties":{"@id":"way/54209331","name":"Penn-Lincoln Parkway West","ref":"I 376;US 22;US 30","route0_ref":"US 22","route0_status":"signed","route0_role":"mainline","route0_tensDigit":2,"route0_onesDigit":"even","route0_tier":"primary","route1_ref":"US 30","route1_status":"signed","route1_role":"mainline","route1_tensDigit":3,"route1_onesDigit":"even","route1_tier":"major"},"geometry":{"type":"LineString","coordinates":[[-80.0498588,40.4202665],[-80.0494922,40.4203777]]},"id":"way/54209331"},{"type":"Feature","properties":{"@id":"way/54209337","name":"Penn-Lincoln Parkway West","ref":"I 376;US 22;US 30","route0_ref":"US 22","route0_status":"signed","route0_role":"mainline","route0_tensDigit":2,"route0_onesDigit":"even","route0_tier":"primary","route1_ref":"US 30","route1_status":"signed","route1_role":"mainline","route1_tensDigit":3,"route1_onesDigit":"even","route1_tier":"major"},"geometry":{"type":"LineString","coordinates":[[-80.0524025,40.4193327],[-80.0696753,40.4111029],[-80.0699728,40.4109717],[-80.070153,40.4108955],[-80.070353,40.4108226],[-80.070545,40.4107598],[-80.0707459,40.4107038],[-80.0709469,40.4106539],[-80.0711443,40.4106157],[-80.0713535,40.4105839],[-80.0715598,40.410562],[-80.0717717,40.410548],[-80.0719789,40.410541],[-80.0721978,40.410542],[-80.0724099,40.4105535],[-80.0726151,40.4105705],[-80.0728126,40.4105953],[-80.0729867,40.4106245]]},"id":"way/54209337"},{"type":"Feature","properties":{"@id":"way/54209338","name":"Penn-Lincoln Parkway West","ref":"I 376;US 22;US 30","route0_ref":"US 22","route0_status":"signed","route0_role":"mainline","route0_tensDigit":2,"route0_onesDigit":"even","route0_tier":"primary","route1_ref":"US 30","route1_status":"signed","route1_role":"mainline","route1_tensDigit":3,"route1_onesDigit":"even","route1_tier":"major"},"geometry":{"type":"LineString","coordinates":[[-80.049511,40.4204692],[-80.0498777,40.4203585]]},"id":"way/54209338"},{"type":"Feature","properties":{"@id":"way/54209613","name":"Penn-Lincoln Parkway West","ref":"I 376;US 22;US 30","route0_ref":"US 22","route0_status":"signed","route0_role":"mainline","route0_tensDigit":2,"route0_onesDigit":"even","route0_tier":"primary","route1_ref":"US 30","route1_status":"signed","route1_role":"mainline","route1_tensDigit":3,"route1_onesDigit":"even","route1_tier":"major"},"geometry":{"type":"LineString","coordinates":[[-80.0308037,40.4246222],[-80.030629,40.4238462],[-80.0305964,40.4236828],[-80.0305674,40.4235236],[-80.0305464,40.4233565],[-80.0305353,40.4232039],[-80.030533,40.4230434],[-80.0305432,40.422886],[-80.0305617,40.4227271],[-80.0305926,40.4225682]]},"id":"way/54209613"},{"type":"Feature","properties":{"@id":"way/54209614","name":"Penn-Lincoln Parkway West","ref":"I 376;US 22;US 30","route0_ref":"US 22","route0_status":"signed","route0_role":"mainline","route0_tensDigit":2,"route0_onesDigit":"even","route0_tier":"primary","route1_ref":"US 30","route1_status":"signed","route1_role":"mainline","route1_tensDigit":3,"route1_onesDigit":"even","route1_tier":"major"},"geometry":{"type":"LineString","coordinates":[[-80.0307678,40.4250301],[-80.0307997,40.4251717],[-80.030838,40.4253867],[-80.0308675,40.4256031],[-80.0308829,40.4258188],[-80.0308849,40.4260431],[-80.0308735,40.4262698],[-80.03085,40.4264847],[-80.0308138,40.4266991],[-80.0307588,40.4269186],[-80.0306866,40.4271302],[-80.0305992,40.4273448],[-80.0304966,40.4275505],[-80.030384,40.4277445],[-80.0302499,40.4279435],[-80.0301433,40.4280819],[-80.0300419,40.4281944],[-80.0299454,40.4282927],[-80.0297542,40.4284677],[-80.029563,40.4286362]]},"id":"way/54209614"},{"type":"Feature","properties":{"@id":"way/54209615","name":"Penn-Lincoln Parkway West","ref":"I 376;US 22;US 30","route0_ref":"US 22","route0_status":"signed","route0_role":"mainline","route0_tensDigit":2,"route0_onesDigit":"even","route0_tier":"primary","route1_ref":"US 30","route1_status":"signed","route1_role":"mainline","route1_tensDigit":3,"route1_onesDigit":"even","route1_tier":"major"},"geometry":{"type":"LineString","coordinates":[[-80.0306559,40.4245332],[-80.0307678,40.4250301]]},"id":"way/54209615"},{"type":"Feature","properties":{"@id":"way/54209622","name":"Penn-Lincoln Parkway West","ref":"I 376;US 22;US 30","route0_ref":"US 22","route0_status":"signed","route0_role":"mainline","route0_tensDigit":2,"route0_onesDigit":"even","route0_tier":"primary","route1_ref":"US 30","route1_status":"signed","route1_role":"mainline","route1_tensDigit":3,"route1_onesDigit":"even","route1_tier":"major"},"geometry":{"type":"LineString","coordinates":[[-80.0309156,40.4251191],[-80.0308037,40.4246222]]},"id":"way/54209622"},{"type":"Feature","properties":{"@id":"way/54210157","name":"Penn-Lincoln Parkway East","ref":"I 376;US 22;US 30","route0_ref":"US 22","route0_status":"signed","route0_role":"mainline","route0_tensDigit":2,"route0_onesDigit":"even","route0_tier":"primary","route1_ref":"US 30","route1_status":"signed","route1_role":"mainline","route1_tensDigit":3,"route1_onesDigit":"even","route1_tier":"major"},"geometry":{"type":"LineString","coordinates":[[-80.0084967,40.4393781],[-80.0087063,40.4394335],[-80.0089626,40.4395005],[-80.0092424,40.4395669],[-80.0093218,40.4395818],[-80.0093957,40.4395912],[-80.0094838,40.4395991],[-80.0095566,40.4395996],[-80.0096337,40.4395948],[-80.0097095,40.4395861],[-80.0098302,40.4395708],[-80.0098961,40.4395604],[-80.0099643,40.4395479],[-80.010031,40.4395325],[-80.0100977,40.4395148],[-80.0101833,40.4394879],[-80.0102762,40.4394498]]},"id":"way/54210157"},{"type":"Feature","properties":{"@id":"way/54219338","name":"Penn-Lincoln Parkway East","ref":"I 376;US 22;US 30","route0_ref":"US 22","route0_status":"signed","route0_role":"mainline","route0_tensDigit":2,"route0_onesDigit":"even","route0_tier":"primary","route1_ref":"US 30","route1_status":"signed","route1_role":"mainline","route1_tensDigit":3,"route1_onesDigit":"even","route1_tier":"major"},"geometry":{"type":"LineString","coordinates":[[-79.999304,40.4353689],[-79.9988673,40.4351159],[-79.9986307,40.4349857],[-79.998402,40.4348709],[-79.9981546,40.4347576],[-79.9979018,40.4346514],[-79.9976496,40.434556],[-79.9973821,40.4344641],[-79.9971226,40.4343834],[-79.9968483,40.4343084],[-79.9965788,40.4342441],[-79.9962938,40.4341864],[-79.9960195,40.4341379],[-79.9957345,40.4340992],[-79.9954469,40.4340729],[-79.9947361,40.4340324]]},"id":"way/54219338"},{"type":"Feature","properties":{"@id":"way/54224031","name":"Penn-Lincoln Parkway West","ref":"I 376;US 22;US 30","route0_ref":"US 22","route0_status":"signed","route0_role":"mainline","route0_tensDigit":2,"route0_onesDigit":"even","route0_tier":"primary","route1_ref":"US 30","route1_status":"signed","route1_role":"mainline","route1_tensDigit":3,"route1_onesDigit":"even","route1_tier":"major"},"geometry":{"type":"LineString","coordinates":[[-80.0308817,40.4269396],[-80.0309382,40.4267142],[-80.0309752,40.4264948],[-80.0309992,40.4262759],[-80.0310108,40.426045],[-80.0310088,40.4258156],[-80.0309929,40.4255952],[-80.030963,40.4253753],[-80.0309156,40.4251191]]},"id":"way/54224031"},{"type":"Feature","properties":{"@id":"way/54224040","name":"Penn-Lincoln Parkway West","ref":"I 376;US 19;US 22;US 30","unsigned_ref":"US 19 Truck"},"geometry":{"type":"LineString","coordinates":[[-80.02725,40.430251],[-80.0267454,40.4305373],[-80.0260262,40.43092]]},"id":"way/54224040"},{"type":"Feature","properties":{"@id":"way/54490632","name":"Penn-Lincoln Parkway East","ref":"I 376;US 22;US 30","route0_ref":"US 22","route0_status":"signed","route0_role":"mainline","route0_tensDigit":2,"route0_onesDigit":"even","route0_tier":"primary","route1_ref":"US 30","route1_status":"signed","route1_role":"mainline","route1_tensDigit":3,"route1_onesDigit":"even","route1_tier":"major"},"geometry":{"type":"LineString","coordinates":[[-79.9687435,40.4355813],[-79.9684773,40.4355262],[-79.9682164,40.4354695],[-79.9679415,40.4354032],[-79.9676706,40.4353277],[-79.967403,40.4352455],[-79.9670041,40.4351174],[-79.9666118,40.4349847],[-79.9662292,40.4348383]]},"id":"way/54490632"},{"type":"Feature","properties":{"@id":"way/54490635","name":"Penn-Lincoln Parkway East","ref":"I 376;US 22;US 30","route0_ref":"US 22","route0_status":"signed","route0_role":"mainline","route0_tensDigit":2,"route0_onesDigit":"even","route0_tier":"primary","route1_ref":"US 30","route1_status":"signed","route1_role":"mainline","route1_tensDigit":3,"route1_onesDigit":"even","route1_tier":"major"},"geometry":{"type":"LineString","coordinates":[[-79.9728337,40.4360213],[-79.9725341,40.4360269],[-79.9722283,40.4360238],[-79.9719467,40.4360151],[-79.971657,40.4360003],[-79.9713794,40.4359804],[-79.9711005,40.4359554],[-79.9708222,40.4359238],[-79.9705432,40.4358875],[-79.970269,40.4358457],[-79.9695783,40.4357309],[-79.9690338,40.4356354],[-79.9687435,40.4355813]]},"id":"way/54490635"},{"type":"Feature","properties":{"@id":"way/54490636","name":"Penn-Lincoln Parkway East","ref":"I 376;US 22;US 30","route0_ref":"US 22","route0_status":"signed","route0_role":"mainline","route0_tensDigit":2,"route0_onesDigit":"even","route0_tier":"primary","route1_ref":"US 30","route1_status":"signed","route1_role":"mainline","route1_tensDigit":3,"route1_onesDigit":"even","route1_tier":"major"},"geometry":{"type":"LineString","coordinates":[[-79.9726233,40.4363068],[-79.9727642,40.4363093]]},"id":"way/54490636"},{"type":"Feature","properties":{"@id":"way/54490637","name":"Penn-Lincoln Parkway East","ref":"I 376;US 22;US 30","route0_ref":"US 22","route0_status":"signed","route0_role":"mainline","route0_tensDigit":2,"route0_onesDigit":"even","route0_tier":"primary","route1_ref":"US 30","route1_status":"signed","route1_role":"mainline","route1_tensDigit":3,"route1_onesDigit":"even","route1_tier":"major"},"geometry":{"type":"LineString","coordinates":[[-79.9727642,40.4363093],[-79.9731282,40.4363109],[-79.9734977,40.4363045],[-79.9738611,40.4362907],[-79.9754707,40.4361783]]},"id":"way/54490637"},{"type":"Feature","properties":{"@id":"way/54490656","name":"Penn-Lincoln Parkway East","ref":"I 376;US 22;US 30","route0_ref":"US 22","route0_status":"signed","route0_role":"mainline","route0_tensDigit":2,"route0_onesDigit":"even","route0_tier":"primary","route1_ref":"US 30","route1_status":"signed","route1_role":"mainline","route1_tensDigit":3,"route1_onesDigit":"even","route1_tier":"major"},"geometry":{"type":"LineString","coordinates":[[-79.9843717,40.4345332],[-79.9830014,40.4348571],[-79.982583,40.4349484],[-79.9821693,40.4350316],[-79.9817488,40.4351056]]},"id":"way/54490656"},{"type":"Feature","properties":{"@id":"way/54490657","name":"Penn-Lincoln Parkway East","ref":"I 376;US 22;US 30","route0_ref":"US 22","route0_status":"signed","route0_role":"mainline","route0_tensDigit":2,"route0_onesDigit":"even","route0_tier":"primary","route1_ref":"US 30","route1_status":"signed","route1_role":"mainline","route1_tensDigit":3,"route1_onesDigit":"even","route1_tier":"major"},"geometry":{"type":"LineString","coordinates":[[-79.9886421,40.4345585],[-79.9889304,40.4345289],[-79.9892027,40.4344942],[-79.9895594,40.4344406],[-79.9899038,40.43438],[-79.9910125,40.4341589],[-79.9912137,40.4341226],[-79.9914249,40.4340915],[-79.9916341,40.4340675],[-79.991844,40.4340481],[-79.9920572,40.4340338],[-79.9922738,40.4340303],[-79.9925451,40.434032],[-79.9928241,40.4340414],[-79.9937689,40.4341008]]},"id":"way/54490657"},{"type":"Feature","properties":{"@id":"way/54490662","name":"Penn-Lincoln Parkway East","ref":"I 376;US 22;US 30","route0_ref":"US 22","route0_status":"signed","route0_role":"mainline","route0_tensDigit":2,"route0_onesDigit":"even","route0_tier":"primary","route1_ref":"US 30","route1_status":"signed","route1_role":"mainline","route1_tensDigit":3,"route1_onesDigit":"even","route1_tier":"major"},"geometry":{"type":"LineString","coordinates":[[-79.9817488,40.4351056],[-79.981372,40.4351664],[-79.9809985,40.4352189],[-79.977748,40.4356672],[-79.9773292,40.4357212],[-79.9769048,40.4357697],[-79.9764783,40.4358115],[-79.9760491,40.4358498],[-79.9756173,40.4358845],[-79.9751969,40.4359131],[-79.9747664,40.4359355],[-79.9743319,40.4359534]]},"id":"way/54490662"},{"type":"Feature","properties":{"@id":"way/54490666","name":"Penn-Lincoln Parkway East","ref":"I 376;US 22;US 30","route0_ref":"US 22","route0_status":"signed","route0_role":"mainline","route0_tensDigit":2,"route0_onesDigit":"even","route0_tier":"primary","route1_ref":"US 30","route1_status":"signed","route1_role":"mainline","route1_tensDigit":3,"route1_onesDigit":"even","route1_tier":"major"},"geometry":{"type":"LineString","coordinates":[[-79.9937689,40.4341008],[-79.9950219,40.4341823],[-79.9953029,40.4342074]]},"id":"way/54490666"},{"type":"Feature","properties":{"@id":"way/54490672","name":"Penn-Lincoln Parkway East","ref":"I 376;US 22;US 30","route0_ref":"US 22","route0_status":"signed","route0_role":"mainline","route0_tensDigit":2,"route0_onesDigit":"even","route0_tier":"primary","route1_ref":"US 30","route1_status":"signed","route1_role":"mainline","route1_tensDigit":3,"route1_onesDigit":"even","route1_tier":"major"},"geometry":{"type":"LineString","coordinates":[[-79.9290153,40.4286906],[-79.9292952,40.4287493],[-79.9295665,40.4288016],[-79.9298484,40.4288503],[-79.9301337,40.4288909],[-79.9304177,40.4289261],[-79.9307017,40.4289542],[-79.9309847,40.4289767],[-79.9312697,40.428993],[-79.9315583,40.4290037],[-79.9318483,40.4290078],[-79.9321333,40.4290058],[-79.9324244,40.4289966],[-79.9327087,40.4289828],[-79.9329923,40.4289639],[-79.9332813,40.4289368],[-79.9335629,40.4289052],[-79.9354452,40.4286506],[-79.9356578,40.4286251],[-79.9358611,40.4286043],[-79.9360713,40.4285877],[-79.9362798,40.4285757],[-79.9364944,40.4285687],[-79.9366982,40.4285684],[-79.9369159,40.428573],[-79.9371188,40.4285807],[-79.9373335,40.4285945],[-79.9375413,40.4286133],[-79.9377465,40.4286359],[-79.9379543,40.4286644]]},"id":"way/54490672"},{"type":"Feature","properties":{"@id":"way/54499598","name":"Penn-Lincoln Parkway East","ref":"I 376;US 22;US 30","route0_ref":"US 22","route0_status":"signed","route0_role":"mainline","route0_tensDigit":2,"route0_onesDigit":"even","route0_tier":"primary","route1_ref":"US 30","route1_status":"signed","route1_role":"mainline","route1_tensDigit":3,"route1_onesDigit":"even","route1_tier":"major"},"geometry":{"type":"LineString","coordinates":[[-79.9585474,40.4314204],[-79.958716,40.4315447],[-79.9588908,40.4316655],[-79.9590716,40.4317846]]},"id":"way/54499598"},{"type":"Feature","properties":{"@id":"way/54499608","name":"Penn-Lincoln Parkway East","ref":"I 376;US 22;US 30","route0_ref":"US 22","route0_status":"signed","route0_role":"mainline","route0_tensDigit":2,"route0_onesDigit":"even","route0_tier":"primary","route1_ref":"US 30","route1_status":"signed","route1_role":"mainline","route1_tensDigit":3,"route1_onesDigit":"even","route1_tier":"major"},"geometry":{"type":"LineString","coordinates":[[-79.9590716,40.4317846],[-79.9592783,40.4319078],[-79.9594508,40.4320042],[-79.9596327,40.432098],[-79.9598196,40.432191],[-79.960005,40.4322747],[-79.9663915,40.4350406],[-79.9667274,40.4351769],[-79.9670694,40.4353043],[-79.9673321,40.4353933],[-79.9675989,40.4354777],[-79.9678677,40.4355564],[-79.968139,40.435629],[-79.9684136,40.4356985]]},"id":"way/54499608"},{"type":"Feature","properties":{"@id":"way/54499618","name":"Penn-Lincoln Parkway East","ref":"I 376;US 22;US 30","route0_ref":"US 22","route0_status":"signed","route0_role":"mainline","route0_tensDigit":2,"route0_onesDigit":"even","route0_tier":"primary","route1_ref":"US 30","route1_status":"signed","route1_role":"mainline","route1_tensDigit":3,"route1_onesDigit":"even","route1_tier":"major"},"geometry":{"type":"LineString","coordinates":[[-79.9586513,40.4313406],[-79.9585098,40.4312307],[-79.9583715,40.4311142],[-79.9582211,40.4309783],[-79.9580881,40.4308522],[-79.956238,40.4289023],[-79.9561043,40.4287714]]},"id":"way/54499618"},{"type":"Feature","properties":{"@id":"way/54499619","name":"Penn-Lincoln Parkway East","ref":"I 376;US 22;US 30","route0_ref":"US 22","route0_status":"signed","route0_role":"mainline","route0_tensDigit":2,"route0_onesDigit":"even","route0_tier":"primary","route1_ref":"US 30","route1_status":"signed","route1_role":"mainline","route1_tensDigit":3,"route1_onesDigit":"even","route1_tier":"major"},"geometry":{"type":"LineString","coordinates":[[-79.959164,40.4316971],[-79.9589886,40.4315814],[-79.9588169,40.4314628],[-79.9586513,40.4313406]]},"id":"way/54499619"},{"type":"Feature","properties":{"@id":"way/54500075","name":"Penn-Lincoln Parkway East","ref":"I 376;US 22;US 30","route0_ref":"US 22","route0_status":"signed","route0_role":"mainline","route0_tensDigit":2,"route0_onesDigit":"even","route0_tier":"primary","route1_ref":"US 30","route1_status":"signed","route1_role":"mainline","route1_tensDigit":3,"route1_onesDigit":"even","route1_tier":"major"},"geometry":{"type":"LineString","coordinates":[[-79.9509267,40.4274978],[-79.9511418,40.4274629],[-79.9513589,40.4274367],[-79.9515677,40.4274183],[-79.9517765,40.4274068],[-79.9519839,40.4274013],[-79.9521909,40.4274028],[-79.9524,40.4274098],[-79.9526039,40.4274247],[-79.9528146,40.4274457],[-79.9530177,40.4274736],[-79.9532194,40.4275059],[-79.9534248,40.4275487],[-79.9536189,40.4275931],[-79.9538165,40.4276463],[-79.9540095,40.427706],[-79.9542028,40.4277721],[-79.9543884,40.427841],[-79.9545728,40.4279169],[-79.9547518,40.4280004],[-79.9549275,40.4280887],[-79.9550912,40.4281789],[-79.9552567,40.428277],[-79.9554147,40.4283804],[-79.9555635,40.4284862],[-79.9557147,40.4286008],[-79.9558503,40.4287149],[-79.9559894,40.4288418],[-79.95612,40.4289696]]},"id":"way/54500075"},{"type":"Feature","properties":{"@id":"way/54500077","name":"Penn-Lincoln Parkway East","ref":"I 376;US 22;US 30","route0_ref":"US 22","route0_status":"signed","route0_role":"mainline","route0_tensDigit":2,"route0_onesDigit":"even","route0_tier":"primary","route1_ref":"US 30","route1_status":"signed","route1_role":"mainline","route1_tensDigit":3,"route1_onesDigit":"even","route1_tier":"major"},"geometry":{"type":"LineString","coordinates":[[-79.947553,40.4283279],[-79.9503008,40.4276379]]},"id":"way/54500077"},{"type":"Feature","properties":{"@id":"way/54500096","name":"Penn-Lincoln Parkway East","ref":"I 376;US 22;US 30","route0_ref":"US 22","route0_status":"signed","route0_role":"mainline","route0_tensDigit":2,"route0_onesDigit":"even","route0_tier":"primary","route1_ref":"US 30","route1_status":"signed","route1_role":"mainline","route1_tensDigit":3,"route1_onesDigit":"even","route1_tier":"major"},"geometry":{"type":"LineString","coordinates":[[-79.9475068,40.4282213],[-79.9443635,40.4290106],[-79.9441399,40.4290616],[-79.9439129,40.4291058],[-79.9436856,40.4291429],[-79.9434573,40.4291747]]},"id":"way/54500096"},{"type":"Feature","properties":{"@id":"way/54500097","name":"Penn-Lincoln Parkway East","ref":"I 376;US 22;US 30","route0_ref":"US 22","route0_status":"signed","route0_role":"mainline","route0_tensDigit":2,"route0_onesDigit":"even","route0_tier":"primary","route1_ref":"US 30","route1_status":"signed","route1_role":"mainline","route1_tensDigit":3,"route1_onesDigit":"even","route1_tier":"major"},"geometry":{"type":"LineString","coordinates":[[-79.9509702,40.4273744],[-79.9507444,40.4274157],[-79.9505357,40.4274608],[-79.9475068,40.4282213]]},"id":"way/54500097"},{"type":"Feature","properties":{"@id":"way/54507819","name":"Penn-Lincoln Parkway East","ref":"I 376;US 22;US 30","route0_ref":"US 22","route0_status":"signed","route0_role":"mainline","route0_tensDigit":2,"route0_onesDigit":"even","route0_tier":"primary","route1_ref":"US 30","route1_status":"signed","route1_role":"mainline","route1_tensDigit":3,"route1_onesDigit":"even","route1_tier":"major"},"geometry":{"type":"LineString","coordinates":[[-79.9434811,40.4292855],[-79.9437143,40.4292531],[-79.9439467,40.4292151]]},"id":"way/54507819"},{"type":"Feature","properties":{"@id":"way/54507820","name":"Penn-Lincoln Parkway East","ref":"I 376;US 22;US 30","route0_ref":"US 22","route0_status":"signed","route0_role":"mainline","route0_tensDigit":2,"route0_onesDigit":"even","route0_tier":"primary","route1_ref":"US 30","route1_status":"signed","route1_role":"mainline","route1_tensDigit":3,"route1_onesDigit":"even","route1_tier":"major"},"geometry":{"type":"LineString","coordinates":[[-79.941997,40.4293508],[-79.9422454,40.4293607],[-79.9424931,40.4293587],[-79.9427411,40.4293531],[-79.9429871,40.429338],[-79.9432351,40.4293149],[-79.9434811,40.4292855]]},"id":"way/54507820"},{"type":"Feature","properties":{"@id":"way/54507823","name":"Penn-Lincoln Parkway East","ref":"I 376;US 22;US 30","route0_ref":"US 22","route0_status":"signed","route0_role":"mainline","route0_tensDigit":2,"route0_onesDigit":"even","route0_tier":"primary","route1_ref":"US 30","route1_status":"signed","route1_role":"mainline","route1_tensDigit":3,"route1_onesDigit":"even","route1_tier":"major"},"geometry":{"type":"LineString","coordinates":[[-79.9271737,40.4280738],[-79.926911,40.4280245],[-79.9268415,40.4280114]]},"id":"way/54507823"},{"type":"Feature","properties":{"@id":"way/54507825","name":"Penn-Lincoln Parkway East","ref":"I 376;US 22;US 30","route0_ref":"US 22","route0_status":"signed","route0_role":"mainline","route0_tensDigit":2,"route0_onesDigit":"even","route0_tier":"primary","route1_ref":"US 30","route1_status":"signed","route1_role":"mainline","route1_tensDigit":3,"route1_onesDigit":"even","route1_tier":"major"},"geometry":{"type":"LineString","coordinates":[[-79.9265553,40.4281419],[-79.9268575,40.4281902],[-79.9269026,40.4281974]]},"id":"way/54507825"},{"type":"Feature","properties":{"@id":"way/54507827","name":"Penn-Lincoln Parkway East","ref":"I 376;US 22;US 30","route0_ref":"US 22","route0_status":"signed","route0_role":"mainline","route0_tensDigit":2,"route0_onesDigit":"even","route0_tier":"primary","route1_ref":"US 30","route1_status":"signed","route1_role":"mainline","route1_tensDigit":3,"route1_onesDigit":"even","route1_tier":"major"},"geometry":{"type":"LineString","coordinates":[[-79.9422553,40.4292439],[-79.9420142,40.4292387],[-79.9417765,40.4292283],[-79.9415382,40.4292083],[-79.9413012,40.4291835],[-79.9410663,40.4291526],[-79.9408324,40.4291155],[-79.9394609,40.4288508],[-79.9381861,40.4286048],[-79.9379789,40.4285704],[-79.9377666,40.4285413],[-79.9375578,40.4285183],[-79.9373462,40.4284992],[-79.9371273,40.4284851],[-79.9369207,40.4284772],[-79.9366998,40.4284726],[-79.9364916,40.4284729],[-79.9362723,40.42848],[-79.9360601,40.4284923],[-79.9358462,40.4285091],[-79.9356396,40.4285303],[-79.9354244,40.4285561]]},"id":"way/54507827"},{"type":"Feature","properties":{"@id":"way/54507828","name":"Penn-Lincoln Parkway East","ref":"I 376;US 22;US 30","route0_ref":"US 22","route0_status":"signed","route0_role":"mainline","route0_tensDigit":2,"route0_onesDigit":"even","route0_tier":"primary","route1_ref":"US 30","route1_status":"signed","route1_role":"mainline","route1_tensDigit":3,"route1_onesDigit":"even","route1_tier":"major"},"geometry":{"type":"LineString","coordinates":[[-79.9434573,40.4291747],[-79.9432196,40.4292013],[-79.9429792,40.4292223],[-79.9427361,40.4292372],[-79.9424957,40.4292441],[-79.9422553,40.4292439]]},"id":"way/54507828"},{"type":"Feature","properties":{"@id":"way/54509572","name":"Penn-Lincoln Parkway East","ref":"I 376;US 22;US 30","route0_ref":"US 22","route0_status":"signed","route0_role":"mainline","route0_tensDigit":2,"route0_onesDigit":"even","route0_tier":"primary","route1_ref":"US 30","route1_status":"signed","route1_role":"mainline","route1_tensDigit":3,"route1_onesDigit":"even","route1_tier":"major"},"geometry":{"type":"LineString","coordinates":[[-79.8928272,40.4264878],[-79.8926406,40.4265484],[-79.8924556,40.4266145],[-79.8922743,40.4266843]]},"id":"way/54509572"},{"type":"Feature","properties":{"@id":"way/54509573","name":"Penn-Lincoln Parkway East","ref":"I 376;US 22;US 30","route0_ref":"US 22","route0_status":"signed","route0_role":"mainline","route0_tensDigit":2,"route0_onesDigit":"even","route0_tier":"primary","route1_ref":"US 30","route1_status":"signed","route1_role":"mainline","route1_tensDigit":3,"route1_onesDigit":"even","route1_tier":"major"},"geometry":{"type":"LineString","coordinates":[[-79.8907451,40.4276034],[-79.8909864,40.4274446],[-79.8911516,40.4273395],[-79.8912945,40.4272535]]},"id":"way/54509573"},{"type":"Feature","properties":{"@id":"way/54509574","name":"Penn-Lincoln Parkway East","ref":"I 376;US 22;US 30","route0_ref":"US 22","route0_status":"signed","route0_role":"mainline","route0_tensDigit":2,"route0_onesDigit":"even","route0_tier":"primary","route1_ref":"US 30","route1_status":"signed","route1_role":"mainline","route1_tensDigit":3,"route1_onesDigit":"even","route1_tier":"major"},"geometry":{"type":"LineString","coordinates":[[-79.8912945,40.4272535],[-79.8914273,40.4271772],[-79.8915943,40.4270865],[-79.8917999,40.4269846],[-79.8920142,40.4268856],[-79.8922292,40.4267932]]},"id":"way/54509574"},{"type":"Feature","properties":{"@id":"way/54509575","name":"Penn-Lincoln Parkway East","ref":"I 376;US 22;US 30","route0_ref":"US 22","route0_status":"signed","route0_role":"mainline","route0_tensDigit":2,"route0_onesDigit":"even","route0_tier":"primary","route1_ref":"US 30","route1_status":"signed","route1_role":"mainline","route1_tensDigit":3,"route1_onesDigit":"even","route1_tier":"major"},"geometry":{"type":"LineString","coordinates":[[-79.89125,40.427179],[-79.8910858,40.4272779],[-79.8909188,40.4273841],[-79.8907,40.4275281]]},"id":"way/54509575"},{"type":"Feature","properties":{"@id":"way/54509576","name":"Penn-Lincoln Parkway East","ref":"I 376;US 22;US 30","route0_ref":"US 22","route0_status":"signed","route0_role":"mainline","route0_tensDigit":2,"route0_onesDigit":"even","route0_tier":"primary","route1_ref":"US 30","route1_status":"signed","route1_role":"mainline","route1_tensDigit":3,"route1_onesDigit":"even","route1_tier":"major"},"geometry":{"type":"LineString","coordinates":[[-79.8863787,40.429438],[-79.8849696,40.4297169]]},"id":"way/54509576"},{"type":"Feature","properties":{"@id":"way/54509577","name":"Penn-Lincoln Parkway East","ref":"I 376;US 22;US 30","route0_ref":"US 22","route0_status":"signed","route0_role":"mainline","route0_tensDigit":2,"route0_onesDigit":"even","route0_tier":"primary","route1_ref":"US 30","route1_status":"signed","route1_role":"mainline","route1_tensDigit":3,"route1_onesDigit":"even","route1_tier":"major"},"geometry":{"type":"LineString","coordinates":[[-79.9077853,40.4255252],[-79.9079732,40.4255155],[-79.9081836,40.4255092],[-79.9083924,40.4255087],[-79.9086083,40.4255153],[-79.9088192,40.4255299],[-79.9090368,40.4255495],[-79.9092481,40.4255768],[-79.9105443,40.4257686],[-79.910791,40.4258054]]},"id":"way/54509577"},{"type":"Feature","properties":{"@id":"way/54509578","name":"Penn-Lincoln Parkway East","ref":"I 376;US 22;US 30","route0_ref":"US 22","route0_status":"signed","route0_role":"mainline","route0_tensDigit":2,"route0_onesDigit":"even","route0_tier":"primary","route1_ref":"US 30","route1_status":"signed","route1_role":"mainline","route1_tensDigit":3,"route1_onesDigit":"even","route1_tier":"major"},"geometry":{"type":"LineString","coordinates":[[-79.9046994,40.4256857],[-79.90771,40.4255291],[-79.9077853,40.4255252]]},"id":"way/54509578"},{"type":"Feature","properties":{"@id":"way/54509580","name":"Penn-Lincoln Parkway East","ref":"I 376;US 22;US 30","route0_ref":"US 22","route0_status":"signed","route0_role":"mainline","route0_tensDigit":2,"route0_onesDigit":"even","route0_tier":"primary","route1_ref":"US 30","route1_status":"signed","route1_role":"mainline","route1_tensDigit":3,"route1_onesDigit":"even","route1_tier":"major"},"geometry":{"type":"LineString","coordinates":[[-79.8976229,40.4260536],[-79.9046994,40.4256857]]},"id":"way/54509580"},{"type":"Feature","properties":{"@id":"way/54509582","name":"Penn-Lincoln Parkway East","ref":"I 376;US 22;US 30","route0_ref":"US 22","route0_status":"signed","route0_role":"mainline","route0_tensDigit":2,"route0_onesDigit":"even","route0_tier":"primary","route1_ref":"US 30","route1_status":"signed","route1_role":"mainline","route1_tensDigit":3,"route1_onesDigit":"even","route1_tier":"major"},"geometry":{"type":"LineString","coordinates":[[-79.8922292,40.4267932],[-79.8924124,40.4267195],[-79.892599,40.4266505],[-79.892785,40.4265897]]},"id":"way/54509582"},{"type":"Feature","properties":{"@id":"way/54509583","name":"Penn-Lincoln Parkway East","ref":"I 376;US 22;US 30","route0_ref":"US 22","route0_status":"signed","route0_role":"mainline","route0_tensDigit":2,"route0_onesDigit":"even","route0_tier":"primary","route1_ref":"US 30","route1_status":"signed","route1_role":"mainline","route1_tensDigit":3,"route1_onesDigit":"even","route1_tier":"major"},"geometry":{"type":"LineString","coordinates":[[-79.8922743,40.4266843],[-79.8920779,40.4267652],[-79.8918948,40.4268471],[-79.8917151,40.4269316],[-79.8915354,40.4270209],[-79.8913658,40.4271131],[-79.89125,40.427179]]},"id":"way/54509583"},{"type":"Feature","properties":{"@id":"way/54509600","name":"Penn-Lincoln Parkway East","ref":"I 376;US 22;US 30","route0_ref":"US 22","route0_status":"signed","route0_role":"mainline","route0_tensDigit":2,"route0_onesDigit":"even","route0_tier":"primary","route1_ref":"US 30","route1_status":"signed","route1_role":"mainline","route1_tensDigit":3,"route1_onesDigit":"even","route1_tier":"major"},"geometry":{"type":"LineString","coordinates":[[-79.9094908,40.4254592],[-79.9092474,40.4254413],[-79.9089624,40.4254265],[-79.9086761,40.4254189],[-79.9083864,40.4254194],[-79.9081042,40.425429],[-79.9077782,40.425446]]},"id":"way/54509600"},{"type":"Feature","properties":{"@id":"way/54509601","name":"Penn-Lincoln Parkway East","ref":"I 376;US 22;US 30","route0_ref":"US 22","route0_status":"signed","route0_role":"mainline","route0_tensDigit":2,"route0_onesDigit":"even","route0_tier":"primary","route1_ref":"US 30","route1_status":"signed","route1_role":"mainline","route1_tensDigit":3,"route1_onesDigit":"even","route1_tier":"major"},"geometry":{"type":"LineString","coordinates":[[-79.9132393,40.4261683],[-79.9260248,40.4280581]]},"id":"way/54509601"},{"type":"Feature","properties":{"@id":"way/54509603","name":"Penn-Lincoln Parkway East","ref":"I 376;US 22;US 30","route0_ref":"US 22","route0_status":"signed","route0_role":"mainline","route0_tensDigit":2,"route0_onesDigit":"even","route0_tier":"primary","route1_ref":"US 30","route1_status":"signed","route1_role":"mainline","route1_tensDigit":3,"route1_onesDigit":"even","route1_tier":"major"},"geometry":{"type":"LineString","coordinates":[[-79.9046923,40.4256065],[-79.8984793,40.4259295]]},"id":"way/54509603"},{"type":"Feature","properties":{"@id":"way/54509604","name":"Penn-Lincoln Parkway East","ref":"I 376;US 22;US 30","route0_ref":"US 22","route0_status":"signed","route0_role":"mainline","route0_tensDigit":2,"route0_onesDigit":"even","route0_tier":"primary","route1_ref":"US 30","route1_status":"signed","route1_role":"mainline","route1_tensDigit":3,"route1_onesDigit":"even","route1_tier":"major"},"geometry":{"type":"LineString","coordinates":[[-79.9077782,40.425446],[-79.9046923,40.4256065]]},"id":"way/54509604"},{"type":"Feature","properties":{"@id":"way/54511646","name":"Penn-Lincoln Parkway East","ref":"I 376;US 22;US 30","route0_ref":"US 22","route0_status":"signed","route0_role":"mainline","route0_tensDigit":2,"route0_onesDigit":"even","route0_tier":"primary","route1_ref":"US 30","route1_status":"signed","route1_role":"mainline","route1_tensDigit":3,"route1_onesDigit":"even","route1_tier":"major"},"geometry":{"type":"LineString","coordinates":[[-79.8750609,40.429807],[-79.8752529,40.4297464],[-79.8754493,40.4296922],[-79.8756448,40.4296425],[-79.8758521,40.4295995],[-79.8760479,40.4295643],[-79.8762631,40.4295332],[-79.8764694,40.4295092],[-79.8766742,40.4294937],[-79.8768828,40.4294822],[-79.8770939,40.4294795],[-79.8772991,40.4294827],[-79.8775117,40.4294933],[-79.8777214,40.429508],[-79.8779285,40.4295322],[-79.8781258,40.4295593],[-79.8783375,40.4295966],[-79.8785392,40.4296378],[-79.8787381,40.4296873],[-79.8800275,40.4300323],[-79.8802353,40.4300814],[-79.8804417,40.430124],[-79.8806623,40.4301635],[-79.8808917,40.4301963],[-79.8810962,40.4302201],[-79.8813108,40.4302399],[-79.8815316,40.4302524],[-79.8817472,40.4302586],[-79.8819711,40.4302591],[-79.8821875,40.430255],[-79.8824159,40.430243],[-79.8826362,40.4302243],[-79.882845,40.4301996],[-79.8830592,40.4301709],[-79.8832762,40.4301342],[-79.8843021,40.4299311]]},"id":"way/54511646"},{"type":"Feature","properties":{"@id":"way/54579402","name":"Penn-Lincoln Parkway West","ref":"US 22;US 30;Orange Belt","route0_ref":"US 22","route0_status":"signed","route0_role":"mainline","route0_tensDigit":2,"route0_onesDigit":"even","route0_tier":"primary","route1_ref":"US 30","route1_status":"signed","route1_role":"mainline","route1_tensDigit":3,"route1_onesDigit":"even","route1_tier":"major"},"geometry":{"type":"LineString","coordinates":[[-80.1695232,40.4466513],[-80.1714266,40.44627]]},"id":"way/54579402"},{"type":"Feature","properties":{"@id":"way/54579405","name":"Penn-Lincoln Parkway West","ref":"I 376;US 22;US 30","route0_ref":"US 22","route0_status":"signed","route0_role":"mainline","route0_tensDigit":2,"route0_onesDigit":"even","route0_tier":"primary","route1_ref":"US 30","route1_status":"signed","route1_role":"mainline","route1_tensDigit":3,"route1_onesDigit":"even","route1_tier":"major"},"geometry":{"type":"LineString","coordinates":[[-80.1650571,40.4460494],[-80.1652476,40.4462801],[-80.1654267,40.4465079],[-80.1656037,40.4467498],[-80.166004,40.4473203]]},"id":"way/54579405"},{"type":"Feature","properties":{"@id":"way/54579407","name":"Penn-Lincoln Parkway West","ref":"US 22;US 30","route0_ref":"US 22","route0_status":"signed","route0_role":"mainline","route0_tensDigit":2,"route0_onesDigit":"even","route0_tier":"primary","route1_ref":"US 30","route1_status":"signed","route1_role":"mainline","route1_tensDigit":3,"route1_onesDigit":"even","route1_tier":"major"},"geometry":{"type":"LineString","coordinates":[[-80.1891084,40.4397393],[-80.1895617,40.4395744],[-80.190013,40.4394162],[-80.1904128,40.4392879],[-80.1908129,40.4391638],[-80.1912165,40.4390483],[-80.1916195,40.4389395]]},"id":"way/54579407"},{"type":"Feature","properties":{"@id":"way/54579408","name":"Penn-Lincoln Parkway West","ref":"US 22;US 30;Orange Belt","route0_ref":"US 22","route0_status":"signed","route0_role":"mainline","route0_tensDigit":2,"route0_onesDigit":"even","route0_tier":"primary","route1_ref":"US 30","route1_status":"signed","route1_role":"mainline","route1_tensDigit":3,"route1_onesDigit":"even","route1_tier":"major"},"geometry":{"type":"LineString","coordinates":[[-80.1842544,40.441587],[-80.1766059,40.4447181],[-80.1762231,40.4448666],[-80.1758415,40.4450073],[-80.1754533,40.4451438],[-80.1750708,40.4452711],[-80.1748675,40.4453355]]},"id":"way/54579408"},{"type":"Feature","properties":{"@id":"way/65066429","name":"Penn-Lincoln Parkway West","ref":"US 22;US 30;Orange Belt","route0_ref":"US 22","route0_status":"signed","route0_role":"mainline","route0_tensDigit":2,"route0_onesDigit":"even","route0_tier":"primary","route1_ref":"US 30","route1_status":"signed","route1_role":"mainline","route1_tensDigit":3,"route1_onesDigit":"even","route1_tier":"major"},"geometry":{"type":"LineString","coordinates":[[-80.1714266,40.44627],[-80.1718996,40.4461752],[-80.1723057,40.4460938],[-80.1727221,40.4460056],[-80.1731345,40.4459117],[-80.1735469,40.4458137],[-80.1741705,40.4456535]]},"id":"way/65066429"},{"type":"Feature","properties":{"@id":"way/65066430","name":"Penn-Lincoln Parkway West","ref":"I 376;US 22;US 30","route0_ref":"US 22","route0_status":"signed","route0_role":"mainline","route0_tensDigit":2,"route0_onesDigit":"even","route0_tier":"primary","route1_ref":"US 30","route1_status":"signed","route1_role":"mainline","route1_tensDigit":3,"route1_onesDigit":"even","route1_tier":"major"},"geometry":{"type":"LineString","coordinates":[[-80.0352966,40.420055],[-80.035516,40.4200828],[-80.0388979,40.4205544],[-80.0421411,40.4210199],[-80.042507,40.4210654],[-80.0428543,40.4211018],[-80.0432149,40.4211309],[-80.0435682,40.4211544],[-80.0439363,40.4211708],[-80.044297,40.4211774],[-80.0446609,40.4211784],[-80.0450195,40.4211718],[-80.0453848,40.42116],[-80.0456356,40.421146],[-80.0458932,40.4211303]]},"id":"way/65066430"},{"type":"Feature","properties":{"@id":"way/65066436","name":"Penn-Lincoln Parkway East","ref":"I 376;US 22;US 30","route0_ref":"US 22","route0_status":"signed","route0_role":"mainline","route0_tensDigit":2,"route0_onesDigit":"even","route0_tier":"primary","route1_ref":"US 30","route1_status":"signed","route1_role":"mainline","route1_tensDigit":3,"route1_onesDigit":"even","route1_tier":"major"},"geometry":{"type":"LineString","coordinates":[[-80.005924,40.4381903],[-80.0015983,40.4365646],[-80.0013037,40.4364464]]},"id":"way/65066436"},{"type":"Feature","properties":{"@id":"way/65066454","name":"Penn-Lincoln Parkway West","ref":"US 22;US 30;Orange Belt","route0_ref":"US 22","route0_status":"signed","route0_role":"mainline","route0_tensDigit":2,"route0_onesDigit":"even","route0_tier":"primary","route1_ref":"US 30","route1_status":"signed","route1_role":"mainline","route1_tensDigit":3,"route1_onesDigit":"even","route1_tier":"major"},"geometry":{"type":"LineString","coordinates":[[-80.1707675,40.4463199],[-80.1689283,40.4466884]]},"id":"way/65066454"},{"type":"Feature","properties":{"@id":"way/65066455","name":"Penn-Lincoln Parkway West","ref":"I 376;US 22;US 30","route0_ref":"US 22","route0_status":"signed","route0_role":"mainline","route0_tensDigit":2,"route0_onesDigit":"even","route0_tier":"primary","route1_ref":"US 30","route1_status":"signed","route1_role":"mainline","route1_tensDigit":3,"route1_onesDigit":"even","route1_tier":"major"},"geometry":{"type":"LineString","coordinates":[[-80.0326598,40.4202687],[-80.0324661,40.4203514],[-80.0322843,40.4204376],[-80.032118,40.4205259],[-80.0319531,40.4206209],[-80.0317921,40.4207281],[-80.0316299,40.4208435],[-80.0314857,40.4209599],[-80.0313442,40.4210839],[-80.0312215,40.4212085],[-80.0310934,40.4213483],[-80.0309774,40.4214908],[-80.0308775,40.4216266],[-80.030785,40.4217715],[-80.0306924,40.421938],[-80.0306261,40.4220809],[-80.030561,40.4222345],[-80.0305087,40.4223933],[-80.0304685,40.4225521],[-80.0304364,40.4227155],[-80.0304162,40.4228793],[-80.0304075,40.4230437],[-80.0304095,40.423207],[-80.0304209,40.4233637],[-80.0304423,40.4235347],[-80.0304718,40.4236966],[-80.0305047,40.4238614]]},"id":"way/65066455"},{"type":"Feature","properties":{"@id":"way/65066461","name":"Penn-Lincoln Parkway East","ref":"I 376;US 22;US 30","route0_ref":"US 22","route0_status":"signed","route0_role":"mainline","route0_tensDigit":2,"route0_onesDigit":"even","route0_tier":"primary","route1_ref":"US 30","route1_status":"signed","route1_role":"mainline","route1_tensDigit":3,"route1_onesDigit":"even","route1_tier":"major"},"geometry":{"type":"LineString","coordinates":[[-80.0057583,40.4384456],[-80.0062314,40.4386233]]},"id":"way/65066461"},{"type":"Feature","properties":{"@id":"way/121593794","name":"Penn-Lincoln Parkway West","ref":"I 376;US 22;US 30","unsigned_ref":"US 19 Truck","route0_ref":"US 22","route0_status":"signed","route0_role":"mainline","route0_tensDigit":2,"route0_onesDigit":"even","route0_tier":"primary","route1_ref":"US 30","route1_status":"signed","route1_role":"mainline","route1_tensDigit":3,"route1_onesDigit":"even","route1_tier":"major"},"geometry":{"type":"LineString","coordinates":[[-80.0124003,40.4382957],[-80.0103226,40.4394042]]},"id":"way/121593794"},{"type":"Feature","properties":{"@id":"way/121593795","name":"Penn-Lincoln Parkway West","ref":"I 376;US 22;US 30","unsigned_ref":"US 19 Truck","route0_ref":"US 22","route0_status":"signed","route0_role":"mainline","route0_tensDigit":2,"route0_onesDigit":"even","route0_tier":"primary","route1_ref":"US 30","route1_status":"signed","route1_role":"mainline","route1_tensDigit":3,"route1_onesDigit":"even","route1_tier":"major"},"geometry":{"type":"LineString","coordinates":[[-80.0123796,40.43833],[-80.0124379,40.4383017],[-80.0127662,40.438135],[-80.012976,40.4380392],[-80.0137817,40.4376419],[-80.0138276,40.437621]]},"id":"way/121593795"},{"type":"Feature","properties":{"@id":"way/121635799","name":"Penn-Lincoln Parkway East","ref":"I 376;US 22;US 30","route0_ref":"US 22","route0_status":"signed","route0_role":"mainline","route0_tensDigit":2,"route0_onesDigit":"even","route0_tier":"primary","route1_ref":"US 30","route1_status":"signed","route1_role":"mainline","route1_tensDigit":3,"route1_onesDigit":"even","route1_tier":"major"},"geometry":{"type":"LineString","coordinates":[[-79.9684136,40.4356985],[-79.9697895,40.4359947],[-79.9700671,40.4360483],[-79.9703454,40.4360973],[-79.9706291,40.4361402],[-79.9709147,40.436179],[-79.9712037,40.4362132],[-79.971476,40.4362412],[-79.9717241,40.4362617],[-79.9720017,40.436281],[-79.9722712,40.4362948],[-79.9726233,40.4363068]]},"id":"way/121635799"},{"type":"Feature","properties":{"@id":"way/121635803","name":"Penn-Lincoln Parkway East","ref":"I 376;US 22;US 30","route0_ref":"US 22","route0_status":"signed","route0_role":"mainline","route0_tensDigit":2,"route0_onesDigit":"even","route0_tier":"primary","route1_ref":"US 30","route1_status":"signed","route1_role":"mainline","route1_tensDigit":3,"route1_onesDigit":"even","route1_tier":"major"},"geometry":{"type":"LineString","coordinates":[[-79.9754707,40.4361783],[-79.9764156,40.4360988],[-79.9768397,40.4360598],[-79.9772695,40.4360162],[-79.9777003,40.4359663],[-79.9825005,40.4353379],[-79.9829196,40.4352761],[-79.983336,40.4352067],[-79.9837544,40.4351316],[-79.9848615,40.4349148],[-79.9851465,40.4348637],[-79.9854208,40.4348193],[-79.9856997,40.4347785],[-79.9859827,40.4347443],[-79.9862657,40.4347157],[-79.9865466,40.4346933],[-79.9875756,40.4346296]]},"id":"way/121635803"},{"type":"Feature","properties":{"@id":"way/121635806","name":"Penn-Lincoln Parkway East","ref":"I 376;US 22;US 30","route0_ref":"US 22","route0_status":"signed","route0_role":"mainline","route0_tensDigit":2,"route0_onesDigit":"even","route0_tier":"primary","route1_ref":"US 30","route1_status":"signed","route1_role":"mainline","route1_tensDigit":3,"route1_onesDigit":"even","route1_tier":"major"},"geometry":{"type":"LineString","coordinates":[[-79.9947361,40.4340324],[-79.9923114,40.4338822],[-79.9913139,40.4338204],[-79.9909616,40.4338047],[-79.9905948,40.4337955],[-79.990234,40.4337945],[-79.9898786,40.4338001],[-79.9895225,40.4338138],[-79.9891658,40.4338338],[-79.9888084,40.4338613],[-79.9884517,40.4338945],[-79.9871629,40.4340304],[-79.9867463,40.4340743],[-79.986326,40.4341272],[-79.9860363,40.4341721],[-79.9857574,40.4342217],[-79.9854758,40.4342752],[-79.9851995,40.4343375],[-79.9843717,40.4345332]]},"id":"way/121635806"},{"type":"Feature","properties":{"@id":"way/121635809","name":"Penn-Lincoln Parkway East","ref":"I 376;US 22;US 30","route0_ref":"US 22","route0_status":"signed","route0_role":"mainline","route0_tensDigit":2,"route0_onesDigit":"even","route0_tier":"primary","route1_ref":"US 30","route1_status":"signed","route1_role":"mainline","route1_tensDigit":3,"route1_onesDigit":"even","route1_tier":"major"},"geometry":{"type":"LineString","coordinates":[[-79.8791133,40.4296861],[-79.8787785,40.4295965],[-79.8785751,40.4295459],[-79.878368,40.4295036],[-79.8781512,40.4294654],[-79.8779492,40.4294377],[-79.8777367,40.4294128],[-79.8775216,40.4293977],[-79.8773045,40.429387],[-79.8770941,40.4293836],[-79.8768772,40.4293865],[-79.8766634,40.4293982],[-79.8764537,40.4294141],[-79.8762418,40.4294387],[-79.8760217,40.4294705],[-79.8758211,40.4295066],[-79.8756082,40.4295507],[-79.8754079,40.4296017],[-79.8752074,40.4296571],[-79.8750108,40.4297191],[-79.8748114,40.4297878],[-79.8746265,40.4298618],[-79.874433,40.4299441],[-79.8742548,40.4300297],[-79.8740787,40.4301215],[-79.8739078,40.4302204],[-79.8737354,40.4303244],[-79.8735791,40.4304319],[-79.8734206,40.4305476],[-79.8710697,40.4323981]]},"id":"way/121635809"},{"type":"Feature","properties":{"@id":"way/121635811","name":"Penn-Lincoln Parkway East","ref":"I 376;US 22;US 30","route0_ref":"US 22","route0_status":"signed","route0_role":"mainline","route0_tensDigit":2,"route0_onesDigit":"even","route0_tier":"primary","route1_ref":"US 30","route1_status":"signed","route1_role":"mainline","route1_tensDigit":3,"route1_onesDigit":"even","route1_tier":"major"},"geometry":{"type":"LineString","coordinates":[[-79.9743319,40.4359534],[-79.9739526,40.4359716],[-79.9731315,40.436011],[-79.9728337,40.4360213]]},"id":"way/121635811"},{"type":"Feature","properties":{"@id":"way/121635812","name":"Penn-Lincoln Parkway East","ref":"I 376;US 22;US 30","route0_ref":"US 22","route0_status":"signed","route0_role":"mainline","route0_tensDigit":2,"route0_onesDigit":"even","route0_tier":"primary","route1_ref":"US 30","route1_status":"signed","route1_role":"mainline","route1_tensDigit":3,"route1_onesDigit":"even","route1_tier":"major"},"geometry":{"type":"LineString","coordinates":[[-80.0015825,40.4368763],[-80.0039857,40.4377794]]},"id":"way/121635812"},{"type":"Feature","properties":{"@id":"way/121635814","name":"Penn-Lincoln Parkway East","ref":"I 376;US 22;US 30","route0_ref":"US 22","route0_status":"signed","route0_role":"mainline","route0_tensDigit":2,"route0_onesDigit":"even","route0_tier":"primary","route1_ref":"US 30","route1_status":"signed","route1_role":"mainline","route1_tensDigit":3,"route1_onesDigit":"even","route1_tier":"major"},"geometry":{"type":"LineString","coordinates":[[-80.0062314,40.4386233],[-80.006854,40.438839],[-80.0074827,40.4390648],[-80.0078153,40.4391751],[-80.0081532,40.4392797],[-80.0084967,40.4393781]]},"id":"way/121635814"},{"type":"Feature","properties":{"@id":"way/121635815","name":"Penn-Lincoln Parkway East","ref":"I 376;US 22;US 30","route0_ref":"US 22","route0_status":"signed","route0_role":"mainline","route0_tensDigit":2,"route0_onesDigit":"even","route0_tier":"primary","route1_ref":"US 30","route1_status":"signed","route1_role":"mainline","route1_tensDigit":3,"route1_onesDigit":"even","route1_tier":"major"},"geometry":{"type":"LineString","coordinates":[[-79.9396627,40.4290056],[-79.9407986,40.4292248],[-79.9410359,40.4292632],[-79.9412753,40.4292935],[-79.9415146,40.4293198],[-79.941757,40.4293391],[-79.941997,40.4293508]]},"id":"way/121635815"},{"type":"Feature","properties":{"@id":"way/121635816","name":"Penn-Lincoln Parkway East","ref":"I 376;US 22;US 30","route0_ref":"US 22","route0_status":"signed","route0_role":"mainline","route0_tensDigit":2,"route0_onesDigit":"even","route0_tier":"primary","route1_ref":"US 30","route1_status":"signed","route1_role":"mainline","route1_tensDigit":3,"route1_onesDigit":"even","route1_tier":"major"},"geometry":{"type":"LineString","coordinates":[[-79.9662292,40.4348383],[-79.960079,40.4321776],[-79.9598976,40.4320957],[-79.9597144,40.4320046],[-79.9595358,40.4319124],[-79.9593674,40.4318184],[-79.959164,40.4316971]]},"id":"way/121635816"},{"type":"Feature","properties":{"@id":"way/121635818","name":"Penn-Lincoln Parkway East","ref":"I 376;US 22;US 30","route0_ref":"US 22","route0_status":"signed","route0_role":"mainline","route0_tensDigit":2,"route0_onesDigit":"even","route0_tier":"primary","route1_ref":"US 30","route1_status":"signed","route1_role":"mainline","route1_tensDigit":3,"route1_onesDigit":"even","route1_tier":"major"},"geometry":{"type":"LineString","coordinates":[[-79.9953029,40.4342074],[-79.9955837,40.4342497],[-79.9958631,40.4343021],[-79.9961375,40.434362],[-79.9964138,40.434433],[-79.9966767,40.4345141],[-79.9969355,40.4346065],[-79.997187,40.4347091],[-79.997427,40.4348234],[-79.9976631,40.4349495],[-79.9978936,40.4350821],[-79.9982262,40.4352811],[-79.9988489,40.4356535]]},"id":"way/121635818"},{"type":"Feature","properties":{"@id":"way/121635819","name":"Penn-Lincoln Parkway East","ref":"I 376;US 22;US 30","route0_ref":"US 22","route0_status":"signed","route0_role":"mainline","route0_tensDigit":2,"route0_onesDigit":"even","route0_tier":"primary","route1_ref":"US 30","route1_status":"signed","route1_role":"mainline","route1_tensDigit":3,"route1_onesDigit":"even","route1_tier":"major"},"geometry":{"type":"LineString","coordinates":[[-79.9307163,40.428859],[-79.930436,40.4288313],[-79.9301554,40.4287942],[-79.9299731,40.4287656],[-79.9298115,40.4287342],[-79.9296446,40.4286987],[-79.9294478,40.428652],[-79.9281088,40.4282976],[-79.9275258,40.4281529]]},"id":"way/121635819"},{"type":"Feature","properties":{"@id":"way/121635821","name":"Penn-Lincoln Parkway West","ref":"I 376;US 22;US 30","route0_ref":"US 22","route0_status":"signed","route0_role":"mainline","route0_tensDigit":2,"route0_onesDigit":"even","route0_tier":"primary","route1_ref":"US 30","route1_status":"signed","route1_role":"mainline","route1_tensDigit":3,"route1_onesDigit":"even","route1_tier":"major"},"geometry":{"type":"LineString","coordinates":[[-80.077822,40.4123138],[-80.078509,40.4125645]]},"id":"way/121635821"},{"type":"Feature","properties":{"@id":"way/121635822","name":"Penn-Lincoln Parkway West","ref":"I 376;US 22;US 30","route0_ref":"US 22","route0_status":"signed","route0_role":"mainline","route0_tensDigit":2,"route0_onesDigit":"even","route0_tier":"primary","route1_ref":"US 30","route1_status":"signed","route1_role":"mainline","route1_tensDigit":3,"route1_onesDigit":"even","route1_tier":"major"},"geometry":{"type":"LineString","coordinates":[[-80.0467672,40.4210363],[-80.0480187,40.4208297],[-80.0483544,40.4207608],[-80.0486827,40.4206873],[-80.0489858,40.4206132],[-80.0492506,40.4205433],[-80.049511,40.4204692]]},"id":"way/121635822"},{"type":"Feature","properties":{"@id":"way/121635823","name":"Penn-Lincoln Parkway West","ref":"I 376;US 22;US 30","route0_ref":"US 22","route0_status":"signed","route0_role":"mainline","route0_tensDigit":2,"route0_onesDigit":"even","route0_tier":"primary","route1_ref":"US 30","route1_status":"signed","route1_role":"mainline","route1_tensDigit":3,"route1_onesDigit":"even","route1_tier":"major"},"geometry":{"type":"LineString","coordinates":[[-80.0935695,40.4207837],[-80.0940933,40.4209688],[-80.0946234,40.4211487],[-80.0951574,40.4213163],[-80.0956905,40.4214743],[-80.0962336,40.4216231],[-80.0967725,40.4217626],[-80.0973395,40.4218979],[-80.0978876,40.4220215],[-80.0984395,40.4221359],[-80.0989966,40.4222407],[-80.1023418,40.4228337]]},"id":"way/121635823"},{"type":"Feature","properties":{"@id":"way/121635824","name":"Penn-Lincoln Parkway West","ref":"I 376;US 22;US 30","unsigned_ref":"US 19 Truck","route0_ref":"US 22","route0_status":"signed","route0_role":"mainline","route0_tensDigit":2,"route0_onesDigit":"even","route0_tier":"primary","route1_ref":"US 30","route1_status":"signed","route1_role":"mainline","route1_tensDigit":3,"route1_onesDigit":"even","route1_tier":"major"},"geometry":{"type":"LineString","coordinates":[[-80.0287137,40.4297137],[-80.0288294,40.4296419],[-80.0290422,40.4294942],[-80.0292398,40.4293434],[-80.0294396,40.4291741],[-80.0295706,40.4290551],[-80.0297083,40.4289213],[-80.0298319,40.4287926],[-80.029961,40.4286481],[-80.0300718,40.428517],[-80.0301793,40.4283705],[-80.0302798,40.428232],[-80.0303793,40.4280824],[-80.0304721,40.4279284],[-80.030553,40.4277782],[-80.0306299,40.4276256],[-80.0307007,40.4274678],[-80.0307624,40.4273169],[-80.0308198,40.427152],[-80.0308817,40.4269396]]},"id":"way/121635824"},{"type":"Feature","properties":{"@id":"way/134383267","name":"Penn-Lincoln Parkway West","ref":"I 376;US 22;US 30","route0_ref":"US 22","route0_status":"signed","route0_role":"mainline","route0_tensDigit":2,"route0_onesDigit":"even","route0_tier":"primary","route1_ref":"US 30","route1_status":"signed","route1_role":"mainline","route1_tensDigit":3,"route1_onesDigit":"even","route1_tier":"major"},"geometry":{"type":"LineString","coordinates":[[-80.1576544,40.4414951],[-80.1581845,40.4417462],[-80.1620352,40.4437136],[-80.1623346,40.4438709],[-80.162635,40.4440363],[-80.1629026,40.4441979],[-80.1631732,40.4443718],[-80.1634361,40.4445582],[-80.1636904,40.4447492],[-80.1639356,40.4449463],[-80.1641746,40.4451503],[-80.1643968,40.4453558],[-80.1646195,40.4455732],[-80.1648579,40.4458229],[-80.1650571,40.4460494]]},"id":"way/134383267"},{"type":"Feature","properties":{"@id":"way/134383268","name":"Penn-Lincoln Parkway West","ref":"I 376;US 22;US 30","route0_ref":"US 22","route0_status":"signed","route0_role":"mainline","route0_tensDigit":2,"route0_onesDigit":"even","route0_tier":"primary","route1_ref":"US 30","route1_status":"signed","route1_role":"mainline","route1_tensDigit":3,"route1_onesDigit":"even","route1_tier":"major"},"geometry":{"type":"LineString","coordinates":[[-80.1523402,40.4387799],[-80.1576544,40.4414951]]},"id":"way/134383268"},{"type":"Feature","properties":{"@id":"way/134383269","name":"Penn-Lincoln Parkway West","ref":"I 376;US 22;US 30","route0_ref":"US 22","route0_status":"signed","route0_role":"mainline","route0_tensDigit":2,"route0_onesDigit":"even","route0_tier":"primary","route1_ref":"US 30","route1_status":"signed","route1_role":"mainline","route1_tensDigit":3,"route1_onesDigit":"even","route1_tier":"major"},"geometry":{"type":"LineString","coordinates":[[-80.1449374,40.4348325],[-80.1399983,40.4323086],[-80.13927,40.431953],[-80.1385383,40.4316107],[-80.1377957,40.43128],[-80.1357864,40.4304098],[-80.1352456,40.4301566]]},"id":"way/134383269"},{"type":"Feature","properties":{"@id":"way/134383272","name":"Penn-Lincoln Parkway West","ref":"US 22;US 30","route0_ref":"US 22","route0_status":"signed","route0_role":"mainline","route0_tensDigit":2,"route0_onesDigit":"even","route0_tier":"primary","route1_ref":"US 30","route1_status":"signed","route1_role":"mainline","route1_tensDigit":3,"route1_onesDigit":"even","route1_tier":"major"},"geometry":{"type":"LineString","coordinates":[[-80.167745,40.4470382],[-80.1695232,40.4466513]]},"id":"way/134383272"},{"type":"Feature","properties":{"@id":"way/138749286","name":"Penn-Lincoln Parkway West","ref":"I 376;US 22;US 30","route0_ref":"US 22","route0_status":"signed","route0_role":"mainline","route0_tensDigit":2,"route0_onesDigit":"even","route0_tier":"primary","route1_ref":"US 30","route1_status":"signed","route1_role":"mainline","route1_tensDigit":3,"route1_onesDigit":"even","route1_tier":"major"},"geometry":{"type":"LineString","coordinates":[[-80.0306317,40.4224141],[-80.0306821,40.4222609],[-80.0307453,40.4221116],[-80.0308099,40.4219726],[-80.0308996,40.4218112],[-80.0309891,40.421671],[-80.0310859,40.4215395],[-80.0311986,40.421401],[-80.0313235,40.4212646],[-80.0314422,40.4211442],[-80.0315791,40.4210242],[-80.0317187,40.4209114],[-80.0318766,40.4207992],[-80.0320326,40.4206953],[-80.032192,40.4206035],[-80.0323537,40.4205176],[-80.0325302,40.4204339],[-80.0327177,40.4203538],[-80.0329087,40.4202849],[-80.0330934,40.4202229],[-80.0332809,40.4201717],[-80.0334517,40.4201319],[-80.0336324,40.4200981],[-80.0338328,40.4200648],[-80.0340446,40.4200401],[-80.034254,40.4200232]]},"id":"way/138749286"},{"type":"Feature","properties":{"@id":"way/264591677","name":"Penn-Lincoln Parkway West","ref":"I 376;US 22;US 30","route0_ref":"US 22","route0_status":"signed","route0_role":"mainline","route0_tensDigit":2,"route0_onesDigit":"even","route0_tier":"primary","route1_ref":"US 30","route1_status":"signed","route1_role":"mainline","route1_tensDigit":3,"route1_onesDigit":"even","route1_tier":"major"},"geometry":{"type":"LineString","coordinates":[[-80.1243563,40.4255867],[-80.1239531,40.4254701],[-80.1235363,40.4253677],[-80.1231209,40.4252763],[-80.1227001,40.4251941],[-80.1222778,40.4251223],[-80.1218451,40.4250597],[-80.1214131,40.4250091],[-80.1209803,40.4249663],[-80.1205585,40.4249362],[-80.1201256,40.4249171],[-80.1196883,40.4249063],[-80.1181171,40.4248954]]},"id":"way/264591677"},{"type":"Feature","properties":{"@id":"way/264591678","name":"Penn-Lincoln Parkway West","ref":"I 376;US 22;US 30","route0_ref":"US 22","route0_status":"signed","route0_role":"mainline","route0_tensDigit":2,"route0_onesDigit":"even","route0_tier":"primary","route1_ref":"US 30","route1_status":"signed","route1_role":"mainline","route1_tensDigit":3,"route1_onesDigit":"even","route1_tier":"major"},"geometry":{"type":"LineString","coordinates":[[-80.0826961,40.4144341],[-80.0830765,40.4146942],[-80.0840399,40.4153736]]},"id":"way/264591678"},{"type":"Feature","properties":{"@id":"way/264591679","name":"Penn-Lincoln Parkway West","ref":"I 376;US 22;US 30","route0_ref":"US 22","route0_status":"signed","route0_role":"mainline","route0_tensDigit":2,"route0_onesDigit":"even","route0_tier":"primary","route1_ref":"US 30","route1_status":"signed","route1_role":"mainline","route1_tensDigit":3,"route1_onesDigit":"even","route1_tier":"major"},"geometry":{"type":"LineString","coordinates":[[-80.1147526,40.4248767],[-80.1151785,40.4249279],[-80.1156141,40.4249698],[-80.1160449,40.4250009],[-80.1164795,40.42502],[-80.1169045,40.4250293],[-80.1196844,40.4250487],[-80.1201172,40.4250594],[-80.1205444,40.4250783],[-80.1209595,40.4251078],[-80.1213868,40.4251501],[-80.1218134,40.4252001],[-80.12224,40.4252618],[-80.1226565,40.4253326],[-80.1230717,40.4254137],[-80.1234816,40.4255039]]},"id":"way/264591679"},{"type":"Feature","properties":{"@id":"way/264591680","name":"Penn-Lincoln Parkway West","ref":"I 376;US 22;US 30","route0_ref":"US 22","route0_status":"signed","route0_role":"mainline","route0_tensDigit":2,"route0_onesDigit":"even","route0_tier":"primary","route1_ref":"US 30","route1_status":"signed","route1_role":"mainline","route1_tensDigit":3,"route1_onesDigit":"even","route1_tier":"major"},"geometry":{"type":"LineString","coordinates":[[-80.1095116,40.4239621],[-80.1085024,40.4238148],[-80.1078688,40.4237149],[-80.1057034,40.4233311]]},"id":"way/264591680"},{"type":"Feature","properties":{"@id":"way/264591681","name":"Penn-Lincoln Parkway West","ref":"I 376;US 22;US 30","route0_ref":"US 22","route0_status":"signed","route0_role":"mainline","route0_tensDigit":2,"route0_onesDigit":"even","route0_tier":"primary","route1_ref":"US 30","route1_status":"signed","route1_role":"mainline","route1_tensDigit":3,"route1_onesDigit":"even","route1_tier":"major"},"geometry":{"type":"LineString","coordinates":[[-80.0805111,40.4131969],[-80.0790962,40.4126775]]},"id":"way/264591681"},{"type":"Feature","properties":{"@id":"way/264591682","name":"Penn-Lincoln Parkway West","ref":"I 376;US 22;US 30","route0_ref":"US 22","route0_status":"signed","route0_role":"mainline","route0_tensDigit":2,"route0_onesDigit":"even","route0_tier":"primary","route1_ref":"US 30","route1_status":"signed","route1_role":"mainline","route1_tensDigit":3,"route1_onesDigit":"even","route1_tier":"major"},"geometry":{"type":"LineString","coordinates":[[-80.1181171,40.4248954],[-80.116908,40.4248869],[-80.1164876,40.4248778],[-80.1160591,40.4248589],[-80.1156347,40.4248283],[-80.1152048,40.4247869]]},"id":"way/264591682"},{"type":"Feature","properties":{"@id":"way/264591683","name":"Penn-Lincoln Parkway West","ref":"I 376;US 22;US 30","route0_ref":"US 22","route0_status":"signed","route0_role":"mainline","route0_tensDigit":2,"route0_onesDigit":"even","route0_tier":"primary","route1_ref":"US 30","route1_status":"signed","route1_role":"mainline","route1_tensDigit":3,"route1_onesDigit":"even","route1_tier":"major"},"geometry":{"type":"LineString","coordinates":[[-80.1327363,40.4292432],[-80.1332339,40.4294429],[-80.1348315,40.4301348]]},"id":"way/264591683"},{"type":"Feature","properties":{"@id":"way/264591684","name":"Penn-Lincoln Parkway West","ref":"I 376;US 22;US 30","route0_ref":"US 22","route0_status":"signed","route0_role":"mainline","route0_tensDigit":2,"route0_onesDigit":"even","route0_tier":"primary","route1_ref":"US 30","route1_status":"signed","route1_role":"mainline","route1_tensDigit":3,"route1_onesDigit":"even","route1_tier":"major"},"geometry":{"type":"LineString","coordinates":[[-80.1152048,40.4247869],[-80.1147797,40.424743],[-80.1143565,40.4246923],[-80.1095116,40.4239621]]},"id":"way/264591684"},{"type":"Feature","properties":{"@id":"way/264591685","name":"Penn-Lincoln Parkway West","ref":"I 376;US 22;US 30","route0_ref":"US 22","route0_status":"signed","route0_role":"mainline","route0_tensDigit":2,"route0_onesDigit":"even","route0_tier":"primary","route1_ref":"US 30","route1_status":"signed","route1_role":"mainline","route1_tensDigit":3,"route1_onesDigit":"even","route1_tier":"major"},"geometry":{"type":"LineString","coordinates":[[-80.0827749,40.4143665],[-80.0825087,40.4141889],[-80.0822566,40.4140342],[-80.0819783,40.4138759],[-80.0816826,40.4137161],[-80.0813842,40.4135685],[-80.0810891,40.4134333]]},"id":"way/264591685"},{"type":"Feature","properties":{"@id":"way/264591687","name":"Penn-Lincoln Parkway West","ref":"I 376;US 22;US 30","route0_ref":"US 22","route0_status":"signed","route0_role":"mainline","route0_tensDigit":2,"route0_onesDigit":"even","route0_tier":"primary","route1_ref":"US 30","route1_status":"signed","route1_role":"mainline","route1_tensDigit":3,"route1_onesDigit":"even","route1_tier":"major"},"geometry":{"type":"LineString","coordinates":[[-80.0809574,40.4134806],[-80.0813213,40.4136452],[-80.0816159,40.4137909],[-80.0819084,40.4139489],[-80.0821838,40.4141056],[-80.0824323,40.414258],[-80.0826961,40.4144341]]},"id":"way/264591687"},{"type":"Feature","properties":{"@id":"way/264591688","name":"Penn-Lincoln Parkway West","ref":"I 376;US 22;US 30","route0_ref":"US 22","route0_status":"signed","route0_role":"mainline","route0_tensDigit":2,"route0_onesDigit":"even","route0_tier":"primary","route1_ref":"US 30","route1_status":"signed","route1_role":"mainline","route1_tensDigit":3,"route1_onesDigit":"even","route1_tier":"major"},"geometry":{"type":"LineString","coordinates":[[-80.064999,40.4132245],[-80.0520294,40.4194039]]},"id":"way/264591688"},{"type":"Feature","properties":{"@id":"way/292849477","name":"Penn-Lincoln Parkway East","ref":"I 376;US 22;US 30","route0_ref":"US 22","route0_status":"signed","route0_role":"mainline","route0_tensDigit":2,"route0_onesDigit":"even","route0_tier":"primary","route1_ref":"US 30","route1_status":"signed","route1_role":"mainline","route1_tensDigit":3,"route1_onesDigit":"even","route1_tier":"major"},"geometry":{"type":"LineString","coordinates":[[-79.9439467,40.4292151],[-79.9441794,40.4291698],[-79.9444078,40.4291177],[-79.947553,40.4283279]]},"id":"way/292849477"},{"type":"Feature","properties":{"@id":"way/292849479","name":"Penn-Lincoln Parkway East","ref":"I 376;US 22;US 30","route0_ref":"US 22","route0_status":"signed","route0_role":"mainline","route0_tensDigit":2,"route0_onesDigit":"even","route0_tier":"primary","route1_ref":"US 30","route1_status":"signed","route1_role":"mainline","route1_tensDigit":3,"route1_onesDigit":"even","route1_tier":"major"},"geometry":{"type":"LineString","coordinates":[[-79.9379543,40.4286644],[-79.9381572,40.4286981],[-79.9396627,40.4290056]]},"id":"way/292849479"},{"type":"Feature","properties":{"@id":"way/315707785","name":"Penn-Lincoln Parkway East","ref":"I 376;US 22;US 30","route0_ref":"US 22","route0_status":"signed","route0_role":"mainline","route0_tensDigit":2,"route0_onesDigit":"even","route0_tier":"primary","route1_ref":"US 30","route1_status":"signed","route1_role":"mainline","route1_tensDigit":3,"route1_onesDigit":"even","route1_tier":"major"},"geometry":{"type":"LineString","coordinates":[[-79.9561043,40.4287714],[-79.9559616,40.4286412],[-79.9558215,40.4285233],[-79.9556659,40.4284054],[-79.9555131,40.4282968],[-79.9553501,40.4281901],[-79.9551798,40.4280891],[-79.9550114,40.4279964],[-79.954831,40.4279057],[-79.9546465,40.4278196],[-79.9544558,40.4277411],[-79.9542653,40.4276704],[-79.9540675,40.4276028],[-79.9538689,40.4275413],[-79.9536648,40.4274864],[-79.9534655,40.4274408],[-79.9532541,40.4273967],[-79.953046,40.4273634],[-79.9528373,40.4273347],[-79.9526205,40.4273132],[-79.9524103,40.4272978],[-79.9521948,40.4272906],[-79.9519821,40.4272891],[-79.9517686,40.4272947],[-79.9515539,40.4273065],[-79.9513391,40.4273254],[-79.951155,40.4273471],[-79.9509702,40.4273744]]},"id":"way/315707785"},{"type":"Feature","properties":{"@id":"way/323231442","name":"Penn-Lincoln Parkway East","ref":"I 376;US 22;US 30","route0_ref":"US 22","route0_status":"signed","route0_role":"mainline","route0_tensDigit":2,"route0_onesDigit":"even","route0_tier":"primary","route1_ref":"US 30","route1_status":"signed","route1_role":"mainline","route1_tensDigit":3,"route1_onesDigit":"even","route1_tier":"major"},"geometry":{"type":"LineString","coordinates":[[-80.0103226,40.4394042],[-80.0100917,40.4394877],[-80.0099952,40.4395117],[-80.009917,40.4395249],[-80.0098429,40.4395296],[-80.0097599,40.4395261],[-80.0096657,40.4395117],[-80.0095838,40.4394948],[-80.0094927,40.439472],[-80.0094105,40.4394484],[-80.0089679,40.4392909]]},"id":"way/323231442"},{"type":"Feature","properties":{"@id":"way/548758125","name":"Penn-Lincoln Parkway West","ref":"US 22;US 30","route0_ref":"US 22","route0_status":"signed","route0_role":"mainline","route0_tensDigit":2,"route0_onesDigit":"even","route0_tier":"primary","route1_ref":"US 30","route1_status":"signed","route1_role":"mainline","route1_tensDigit":3,"route1_onesDigit":"even","route1_tier":"major"},"geometry":{"type":"LineString","coordinates":[[-80.2332756,40.4394161],[-80.232731,40.4394294]]},"id":"way/548758125"},{"type":"Feature","properties":{"@id":"way/548758129","name":"Penn-Lincoln Parkway West","ref":"US 22;US 30","route0_ref":"US 22","route0_status":"signed","route0_role":"mainline","route0_tensDigit":2,"route0_onesDigit":"even","route0_tier":"primary","route1_ref":"US 30","route1_status":"signed","route1_role":"mainline","route1_tensDigit":3,"route1_onesDigit":"even","route1_tier":"major"},"geometry":{"type":"LineString","coordinates":[[-80.2328273,40.4395366],[-80.2344243,40.4394977]]},"id":"way/548758129"},{"type":"Feature","properties":{"@id":"way/548758130","name":"Penn-Lincoln Parkway West","ref":"US 22;US 30","route0_ref":"US 22","route0_status":"signed","route0_role":"mainline","route0_tensDigit":2,"route0_onesDigit":"even","route0_tier":"primary","route1_ref":"US 30","route1_status":"signed","route1_role":"mainline","route1_tensDigit":3,"route1_onesDigit":"even","route1_tier":"major"},"geometry":{"type":"LineString","coordinates":[[-80.2373153,40.4393178],[-80.2332756,40.4394161]]},"id":"way/548758130"},{"type":"Feature","properties":{"@id":"way/548758146","name":"Penn-Lincoln Parkway West","ref":"US 22;US 30","route0_ref":"US 22","route0_status":"signed","route0_role":"mainline","route0_tensDigit":2,"route0_onesDigit":"even","route0_tier":"primary","route1_ref":"US 30","route1_status":"signed","route1_role":"mainline","route1_tensDigit":3,"route1_onesDigit":"even","route1_tier":"major"},"geometry":{"type":"LineString","coordinates":[[-80.227346,40.4396718],[-80.2328273,40.4395366]]},"id":"way/548758146"},{"type":"Feature","properties":{"@id":"way/549214344","ref":"US 22;US 30","route0_ref":"US 22","route0_status":"signed","route0_role":"mainline","route0_tensDigit":2,"route0_onesDigit":"even","route0_tier":"primary","route1_ref":"US 30","route1_status":"signed","route1_role":"mainline","route1_tensDigit":3,"route1_onesDigit":"even","route1_tier":"major"},"geometry":{"type":"LineString","coordinates":[[-80.1672387,40.4464311],[-80.1663512,40.4459919]]},"id":"way/549214344"},{"type":"Feature","properties":{"@id":"way/549214345","ref":"US 22;US 30","route0_ref":"US 22","route0_status":"signed","route0_role":"mainline","route0_tensDigit":2,"route0_onesDigit":"even","route0_tier":"primary","route1_ref":"US 30","route1_status":"signed","route1_role":"mainline","route1_tensDigit":3,"route1_onesDigit":"even","route1_tier":"major"},"geometry":{"type":"LineString","coordinates":[[-80.1689283,40.4466884],[-80.1684115,40.446711],[-80.1682965,40.4467103],[-80.1681895,40.4467052],[-80.1680775,40.4466937],[-80.1679615,40.4466766],[-80.1678539,40.4466554],[-80.1677617,40.446632],[-80.1676702,40.4466039],[-80.1675827,40.4465715],[-80.1672387,40.4464311]]},"id":"way/549214345"},{"type":"Feature","properties":{"@id":"way/549214346","name":"Penn-Lincoln Parkway West","ref":"US 22;US 30","route0_ref":"US 22","route0_status":"signed","route0_role":"mainline","route0_tensDigit":2,"route0_onesDigit":"even","route0_tier":"primary","route1_ref":"US 30","route1_status":"signed","route1_role":"mainline","route1_tensDigit":3,"route1_onesDigit":"even","route1_tier":"major"},"geometry":{"type":"LineString","coordinates":[[-80.1656121,40.447469],[-80.1658361,40.4474241]]},"id":"way/549214346"},{"type":"Feature","properties":{"@id":"way/549214351","name":"Penn-Lincoln Parkway West","ref":"US 22;US 30;Orange Belt","route0_ref":"US 22","route0_status":"signed","route0_role":"mainline","route0_tensDigit":2,"route0_onesDigit":"even","route0_tier":"primary","route1_ref":"US 30","route1_status":"signed","route1_role":"mainline","route1_tensDigit":3,"route1_onesDigit":"even","route1_tier":"major"},"geometry":{"type":"LineString","coordinates":[[-80.1740345,40.4455859],[-80.173913,40.4456208],[-80.1735113,40.4457285],[-80.1731027,40.4458296],[-80.1726911,40.4459221],[-80.1722777,40.4460121],[-80.1714474,40.4461837],[-80.1707675,40.4463199]]},"id":"way/549214351"},{"type":"Feature","properties":{"@id":"way/549214359","name":"Penn-Lincoln Parkway West","ref":"US 22;US 30;Orange Belt","route0_ref":"US 22","route0_status":"signed","route0_role":"mainline","route0_tensDigit":2,"route0_onesDigit":"even","route0_tier":"primary","route1_ref":"US 30","route1_status":"signed","route1_role":"mainline","route1_tensDigit":3,"route1_onesDigit":"even","route1_tier":"major"},"geometry":{"type":"LineString","coordinates":[[-80.1744988,40.4454516],[-80.1742959,40.4455107],[-80.1740345,40.4455859]]},"id":"way/549214359"},{"type":"Feature","properties":{"@id":"way/549214360","name":"Penn-Lincoln Parkway West","ref":"US 22;US 30;Orange Belt","route0_ref":"US 22","route0_status":"signed","route0_role":"mainline","route0_tensDigit":2,"route0_onesDigit":"even","route0_tier":"primary","route1_ref":"US 30","route1_status":"signed","route1_role":"mainline","route1_tensDigit":3,"route1_onesDigit":"even","route1_tier":"major"},"geometry":{"type":"LineString","coordinates":[[-80.1741705,40.4456535],[-80.1743415,40.4456096],[-80.1747626,40.4454902],[-80.1751301,40.4453753]]},"id":"way/549214360"},{"type":"Feature","properties":{"@id":"way/549214361","name":"Penn-Lincoln Parkway West","ref":"US 22;US 30;Orange Belt","route0_ref":"US 22","route0_status":"signed","route0_role":"mainline","route0_tensDigit":2,"route0_onesDigit":"even","route0_tier":"primary","route1_ref":"US 30","route1_status":"signed","route1_role":"mainline","route1_tensDigit":3,"route1_onesDigit":"even","route1_tier":"major"},"geometry":{"type":"LineString","coordinates":[[-80.1751301,40.4453753],[-80.1755136,40.4452467],[-80.1759059,40.445112],[-80.1762915,40.4449722],[-80.1766777,40.4448224],[-80.1772746,40.4445781],[-80.1839889,40.4418294]]},"id":"way/549214361"},{"type":"Feature","properties":{"@id":"way/549214362","name":"Penn-Lincoln Parkway West","ref":"US 22;US 30;Orange Belt","route0_ref":"US 22","route0_status":"signed","route0_role":"mainline","route0_tensDigit":2,"route0_onesDigit":"even","route0_tier":"primary","route1_ref":"US 30","route1_status":"signed","route1_role":"mainline","route1_tensDigit":3,"route1_onesDigit":"even","route1_tier":"major"},"geometry":{"type":"LineString","coordinates":[[-80.1748675,40.4453355],[-80.1747091,40.4453856],[-80.1744988,40.4454516]]},"id":"way/549214362"},{"type":"Feature","properties":{"@id":"way/549214379","name":"Penn-Lincoln Parkway West","ref":"US 22;US 30;Orange Belt","route0_ref":"US 22","route0_status":"signed","route0_role":"mainline","route0_tensDigit":2,"route0_onesDigit":"even","route0_tier":"primary","route1_ref":"US 30","route1_status":"signed","route1_role":"mainline","route1_tensDigit":3,"route1_onesDigit":"even","route1_tier":"major"},"geometry":{"type":"LineString","coordinates":[[-80.1839889,40.4418294],[-80.1876841,40.4403166]]},"id":"way/549214379"},{"type":"Feature","properties":{"@id":"way/549214380","name":"Penn-Lincoln Parkway West","ref":"US 22;US 30;Orange Belt","route0_ref":"US 22","route0_status":"signed","route0_role":"mainline","route0_tensDigit":2,"route0_onesDigit":"even","route0_tier":"primary","route1_ref":"US 30","route1_status":"signed","route1_role":"mainline","route1_tensDigit":3,"route1_onesDigit":"even","route1_tier":"major"},"geometry":{"type":"LineString","coordinates":[[-80.1876108,40.4402129],[-80.1842544,40.441587]]},"id":"way/549214380"},{"type":"Feature","properties":{"@id":"way/549214381","name":"Penn-Lincoln Parkway West","ref":"US 22;US 30","route0_ref":"US 22","route0_status":"signed","route0_role":"mainline","route0_tensDigit":2,"route0_onesDigit":"even","route0_tier":"primary","route1_ref":"US 30","route1_status":"signed","route1_role":"mainline","route1_tensDigit":3,"route1_onesDigit":"even","route1_tier":"major"},"geometry":{"type":"LineString","coordinates":[[-80.1937703,40.438357],[-80.1933397,40.4384351],[-80.1929066,40.4385188],[-80.1924766,40.4386089],[-80.1920589,40.4387058]]},"id":"way/549214381"},{"type":"Feature","properties":{"@id":"way/549214382","name":"Penn-Lincoln Parkway West","ref":"US 22;US 30","route0_ref":"US 22","route0_status":"signed","route0_role":"mainline","route0_tensDigit":2,"route0_onesDigit":"even","route0_tier":"primary","route1_ref":"US 30","route1_status":"signed","route1_role":"mainline","route1_tensDigit":3,"route1_onesDigit":"even","route1_tier":"major"},"geometry":{"type":"LineString","coordinates":[[-80.194048,40.4384251],[-80.1942945,40.4383863],[-80.194796,40.4383164],[-80.1952945,40.4382554],[-80.204813,40.4372857]]},"id":"way/549214382"},{"type":"Feature","properties":{"@id":"way/549214383","name":"Penn-Lincoln Parkway West","ref":"US 22;US 30;Orange Belt","route0_ref":"US 22","route0_status":"signed","route0_role":"mainline","route0_tensDigit":2,"route0_onesDigit":"even","route0_tier":"primary","route1_ref":"US 30","route1_status":"signed","route1_role":"mainline","route1_tensDigit":3,"route1_onesDigit":"even","route1_tier":"major"},"geometry":{"type":"LineString","coordinates":[[-80.1876841,40.4403166],[-80.1886618,40.4399164],[-80.1891084,40.4397393]]},"id":"way/549214383"},{"type":"Feature","properties":{"@id":"way/549214384","name":"Penn-Lincoln Parkway West","ref":"US 22;US 30;Orange Belt","route0_ref":"US 22","route0_status":"signed","route0_role":"mainline","route0_tensDigit":2,"route0_onesDigit":"even","route0_tier":"primary","route1_ref":"US 30","route1_status":"signed","route1_role":"mainline","route1_tensDigit":3,"route1_onesDigit":"even","route1_tier":"major"},"geometry":{"type":"LineString","coordinates":[[-80.1885894,40.4398123],[-80.1876108,40.4402129]]},"id":"way/549214384"},{"type":"Feature","properties":{"@id":"way/549214412","name":"Penn-Lincoln Parkway West","ref":"US 22;US 30","route0_ref":"US 22","route0_status":"signed","route0_role":"mainline","route0_tensDigit":2,"route0_onesDigit":"even","route0_tier":"primary","route1_ref":"US 30","route1_status":"signed","route1_role":"mainline","route1_tensDigit":3,"route1_onesDigit":"even","route1_tier":"major"},"geometry":{"type":"LineString","coordinates":[[-80.2073927,40.4370229],[-80.2086329,40.4368966],[-80.2090614,40.4368562],[-80.2094898,40.4368282],[-80.2099136,40.4368101],[-80.2103349,40.4368057]]},"id":"way/549214412"},{"type":"Feature","properties":{"@id":"way/549214418","name":"Penn-Lincoln Parkway West","ref":"US 22;US 30","route0_ref":"US 22","route0_status":"signed","route0_role":"mainline","route0_tensDigit":2,"route0_onesDigit":"even","route0_tier":"primary","route1_ref":"US 30","route1_status":"signed","route1_role":"mainline","route1_tensDigit":3,"route1_onesDigit":"even","route1_tier":"major"},"geometry":{"type":"LineString","coordinates":[[-80.204813,40.4372857],[-80.2073927,40.4370229]]},"id":"way/549214418"},{"type":"Feature","properties":{"@id":"way/549214424","name":"Penn-Lincoln Parkway West","ref":"US 22;US 30","route0_ref":"US 22","route0_status":"signed","route0_role":"mainline","route0_tensDigit":2,"route0_onesDigit":"even","route0_tier":"primary","route1_ref":"US 30","route1_status":"signed","route1_role":"mainline","route1_tensDigit":3,"route1_onesDigit":"even","route1_tier":"major"},"geometry":{"type":"LineString","coordinates":[[-80.2086145,40.4367879],[-80.2043277,40.4372247]]},"id":"way/549214424"},{"type":"Feature","properties":{"@id":"way/549214426","name":"Penn-Lincoln Parkway West","ref":"US 22;US 30","route0_ref":"US 22","route0_status":"signed","route0_role":"mainline","route0_tensDigit":2,"route0_onesDigit":"even","route0_tier":"primary","route1_ref":"US 30","route1_status":"signed","route1_role":"mainline","route1_tensDigit":3,"route1_onesDigit":"even","route1_tier":"major"},"geometry":{"type":"LineString","coordinates":[[-80.2094797,40.4367189],[-80.2090464,40.4367473],[-80.2086145,40.4367879]]},"id":"way/549214426"},{"type":"Feature","properties":{"@id":"way/549214427","name":"Penn-Lincoln Parkway West","ref":"US 22;US 30","route0_ref":"US 22","route0_status":"signed","route0_role":"mainline","route0_tensDigit":2,"route0_onesDigit":"even","route0_tier":"primary","route1_ref":"US 30","route1_status":"signed","route1_role":"mainline","route1_tensDigit":3,"route1_onesDigit":"even","route1_tier":"major"},"geometry":{"type":"LineString","coordinates":[[-80.2043277,40.4372247],[-80.2021915,40.4374423]]},"id":"way/549214427"},{"type":"Feature","properties":{"@id":"way/549214428","name":"Penn-Lincoln Parkway West","ref":"US 22;US 30","route0_ref":"US 22","route0_status":"signed","route0_role":"mainline","route0_tensDigit":2,"route0_onesDigit":"even","route0_tier":"primary","route1_ref":"US 30","route1_status":"signed","route1_role":"mainline","route1_tensDigit":3,"route1_onesDigit":"even","route1_tier":"major"},"geometry":{"type":"LineString","coordinates":[[-80.2101975,40.4366976],[-80.2098402,40.4367044],[-80.2094797,40.4367189]]},"id":"way/549214428"},{"type":"Feature","properties":{"@id":"way/549214429","name":"Penn-Lincoln Parkway West","ref":"US 22;US 30","route0_ref":"US 22","route0_status":"signed","route0_role":"mainline","route0_tensDigit":2,"route0_onesDigit":"even","route0_tier":"primary","route1_ref":"US 30","route1_status":"signed","route1_role":"mainline","route1_tensDigit":3,"route1_onesDigit":"even","route1_tier":"major"},"geometry":{"type":"LineString","coordinates":[[-80.2108759,40.4368181],[-80.2112618,40.4368374],[-80.2116443,40.4368659],[-80.2120648,40.4369098],[-80.2124852,40.436966],[-80.2129083,40.4370344],[-80.2133308,40.4371145],[-80.2137385,40.4372038],[-80.2141596,40.4373094],[-80.2145733,40.4374273],[-80.2149756,40.4375554],[-80.2153679,40.4376932],[-80.2157312,40.4378328]]},"id":"way/549214429"},{"type":"Feature","properties":{"@id":"way/549427215","name":"Penn-Lincoln Parkway West","ref":"I 376;US 22;US 30","route0_ref":"US 22","route0_status":"signed","route0_role":"mainline","route0_tensDigit":2,"route0_onesDigit":"even","route0_tier":"primary","route1_ref":"US 30","route1_status":"signed","route1_role":"mainline","route1_tensDigit":3,"route1_onesDigit":"even","route1_tier":"major"},"geometry":{"type":"LineString","coordinates":[[-80.1061202,40.4234865],[-80.1069697,40.4236371],[-80.1085428,40.4239445]]},"id":"way/549427215"},{"type":"Feature","properties":{"@id":"way/549427217","name":"Penn-Lincoln Parkway West","ref":"I 376;US 22;US 30","route0_ref":"US 22","route0_status":"signed","route0_role":"mainline","route0_tensDigit":2,"route0_onesDigit":"even","route0_tier":"primary","route1_ref":"US 30","route1_status":"signed","route1_role":"mainline","route1_tensDigit":3,"route1_onesDigit":"even","route1_tier":"major"},"geometry":{"type":"LineString","coordinates":[[-80.166004,40.4473203],[-80.1662821,40.4477168]]},"id":"way/549427217"},{"type":"Feature","properties":{"@id":"way/549427223","name":"Penn-Lincoln Parkway West","ref":"I 376;US 22;US 30","route0_ref":"US 22","route0_status":"signed","route0_role":"mainline","route0_tensDigit":2,"route0_onesDigit":"even","route0_tier":"primary","route1_ref":"US 30","route1_status":"signed","route1_role":"mainline","route1_tensDigit":3,"route1_onesDigit":"even","route1_tier":"major"},"geometry":{"type":"LineString","coordinates":[[-80.0968116,40.4216715],[-80.0962751,40.4215326],[-80.0957347,40.4213846]]},"id":"way/549427223"},{"type":"Feature","properties":{"@id":"way/549427232","name":"Penn-Lincoln Parkway West","ref":"I 376;US 22;US 30","route0_ref":"US 22","route0_status":"signed","route0_role":"mainline","route0_tensDigit":2,"route0_onesDigit":"even","route0_tier":"primary","route1_ref":"US 30","route1_status":"signed","route1_role":"mainline","route1_tensDigit":3,"route1_onesDigit":"even","route1_tier":"major"},"geometry":{"type":"LineString","coordinates":[[-80.1057034,40.4233311],[-80.1027264,40.4228034]]},"id":"way/549427232"},{"type":"Feature","properties":{"@id":"way/549427233","name":"Penn-Lincoln Parkway West","ref":"I 376;US 22;US 30","route0_ref":"US 22","route0_status":"signed","route0_role":"mainline","route0_tensDigit":2,"route0_onesDigit":"even","route0_tier":"primary","route1_ref":"US 30","route1_status":"signed","route1_role":"mainline","route1_tensDigit":3,"route1_onesDigit":"even","route1_tier":"major"},"geometry":{"type":"LineString","coordinates":[[-80.1234816,40.4255039],[-80.1238927,40.4256049],[-80.1242945,40.425715],[-80.1246983,40.4258363],[-80.12509,40.4259673],[-80.1254769,40.4261095],[-80.1258563,40.4262634],[-80.1327363,40.4292432]]},"id":"way/549427233"},{"type":"Feature","properties":{"@id":"way/549427234","name":"Penn-Lincoln Parkway West","ref":"I 376;US 22;US 30","route0_ref":"US 22","route0_status":"signed","route0_role":"mainline","route0_tensDigit":2,"route0_onesDigit":"even","route0_tier":"primary","route1_ref":"US 30","route1_status":"signed","route1_role":"mainline","route1_tensDigit":3,"route1_onesDigit":"even","route1_tier":"major"},"geometry":{"type":"LineString","coordinates":[[-80.1134149,40.4246788],[-80.1143253,40.424816],[-80.1147526,40.4248767]]},"id":"way/549427234"},{"type":"Feature","properties":{"@id":"way/549427235","name":"Penn-Lincoln Parkway West","ref":"I 376;US 22;US 30","route0_ref":"US 22","route0_status":"signed","route0_role":"mainline","route0_tensDigit":2,"route0_onesDigit":"even","route0_tier":"primary","route1_ref":"US 30","route1_status":"signed","route1_role":"mainline","route1_tensDigit":3,"route1_onesDigit":"even","route1_tier":"major"},"geometry":{"type":"LineString","coordinates":[[-80.1085428,40.4239445],[-80.1134149,40.4246788]]},"id":"way/549427235"},{"type":"Feature","properties":{"@id":"way/549427236","name":"Penn-Lincoln Parkway West","ref":"I 376;US 22;US 30","route0_ref":"US 22","route0_status":"signed","route0_role":"mainline","route0_tensDigit":2,"route0_onesDigit":"even","route0_tier":"primary","route1_ref":"US 30","route1_status":"signed","route1_role":"mainline","route1_tensDigit":3,"route1_onesDigit":"even","route1_tier":"major"},"geometry":{"type":"LineString","coordinates":[[-80.0915228,40.4199618],[-80.0920314,40.4201823],[-80.0925352,40.420389],[-80.0930482,40.4205894],[-80.0935695,40.4207837]]},"id":"way/549427236"},{"type":"Feature","properties":{"@id":"way/549427242","name":"Penn-Lincoln Parkway West","ref":"I 376;US 22;US 30","route0_ref":"US 22","route0_status":"signed","route0_role":"mainline","route0_tensDigit":2,"route0_onesDigit":"even","route0_tier":"primary","route1_ref":"US 30","route1_status":"signed","route1_role":"mainline","route1_tensDigit":3,"route1_onesDigit":"even","route1_tier":"major"},"geometry":{"type":"LineString","coordinates":[[-80.1022957,40.4227271],[-80.099026,40.4221475],[-80.0984712,40.4220431],[-80.097922,40.4219293],[-80.0973762,40.4218063],[-80.0968116,40.4216715]]},"id":"way/549427242"},{"type":"Feature","properties":{"@id":"way/549427260","name":"Penn-Lincoln Parkway West","ref":"I 376;US 22;US 30","route0_ref":"US 22","route0_status":"signed","route0_role":"mainline","route0_tensDigit":2,"route0_onesDigit":"even","route0_tier":"primary","route1_ref":"US 30","route1_status":"signed","route1_role":"mainline","route1_tensDigit":3,"route1_onesDigit":"even","route1_tier":"major"},"geometry":{"type":"LineString","coordinates":[[-80.1440819,40.4345405],[-80.1492784,40.4371957]]},"id":"way/549427260"},{"type":"Feature","properties":{"@id":"way/549427266","name":"Penn-Lincoln Parkway West","ref":"I 376;US 22;US 30","route0_ref":"US 22","route0_status":"signed","route0_role":"mainline","route0_tensDigit":2,"route0_onesDigit":"even","route0_tier":"primary","route1_ref":"US 30","route1_status":"signed","route1_role":"mainline","route1_tensDigit":3,"route1_onesDigit":"even","route1_tier":"major"},"geometry":{"type":"LineString","coordinates":[[-80.1492784,40.4371957],[-80.1511922,40.4381736],[-80.1523402,40.4387799]]},"id":"way/549427266"},{"type":"Feature","properties":{"@id":"way/549427267","name":"Penn-Lincoln Parkway West","ref":"I 376;US 22;US 30","route0_ref":"US 22","route0_status":"signed","route0_role":"mainline","route0_tensDigit":2,"route0_onesDigit":"even","route0_tier":"primary","route1_ref":"US 30","route1_status":"signed","route1_role":"mainline","route1_tensDigit":3,"route1_onesDigit":"even","route1_tier":"major"},"geometry":{"type":"LineString","coordinates":[[-80.1420357,40.4334949],[-80.1440819,40.4345405]]},"id":"way/549427267"},{"type":"Feature","properties":{"@id":"way/549427268","name":"Penn-Lincoln Parkway West","ref":"I 376;US 22;US 30","route0_ref":"US 22","route0_status":"signed","route0_role":"mainline","route0_tensDigit":2,"route0_onesDigit":"even","route0_tier":"primary","route1_ref":"US 30","route1_status":"signed","route1_role":"mainline","route1_tensDigit":3,"route1_onesDigit":"even","route1_tier":"major"},"geometry":{"type":"LineString","coordinates":[[-80.1464664,40.4356137],[-80.1449374,40.4348325]]},"id":"way/549427268"},{"type":"Feature","properties":{"@id":"way/549427269","name":"Penn-Lincoln Parkway West","ref":"I 376;US 22;US 30","route0_ref":"US 22","route0_status":"signed","route0_role":"mainline","route0_tensDigit":2,"route0_onesDigit":"even","route0_tier":"primary","route1_ref":"US 30","route1_status":"signed","route1_role":"mainline","route1_tensDigit":3,"route1_onesDigit":"even","route1_tier":"major"},"geometry":{"type":"LineString","coordinates":[[-80.1576268,40.4412964],[-80.1568582,40.4409235],[-80.1464664,40.4356137]]},"id":"way/549427269"},{"type":"Feature","properties":{"@id":"way/549621853","name":"Penn-Lincoln Parkway West","ref":"I 376;US 22;US 30","route0_ref":"US 22","route0_status":"signed","route0_role":"mainline","route0_tensDigit":2,"route0_onesDigit":"even","route0_tier":"primary","route1_ref":"US 30","route1_status":"signed","route1_role":"mainline","route1_tensDigit":3,"route1_onesDigit":"even","route1_tier":"major"},"geometry":{"type":"LineString","coordinates":[[-80.0305047,40.4238614],[-80.0306559,40.4245332]]},"id":"way/549621853"},{"type":"Feature","properties":{"@id":"way/549621854","name":"Penn-Lincoln Parkway West","ref":"I 376;US 22;US 30","unsigned_ref":"US 19 Truck","route0_ref":"US 22","route0_status":"signed","route0_role":"mainline","route0_tensDigit":2,"route0_onesDigit":"even","route0_tier":"primary","route1_ref":"US 30","route1_status":"signed","route1_role":"mainline","route1_tensDigit":3,"route1_onesDigit":"even","route1_tier":"major"},"geometry":{"type":"LineString","coordinates":[[-80.0266094,40.4308446],[-80.0267115,40.4307903],[-80.0270211,40.4306258],[-80.0275674,40.4303355]]},"id":"way/549621854"},{"type":"Feature","properties":{"@id":"way/549621855","name":"Penn-Lincoln Parkway West","ref":"I 376;US 22;US 30","unsigned_ref":"US 19 Truck","route0_ref":"US 22","route0_status":"signed","route0_role":"mainline","route0_tensDigit":2,"route0_onesDigit":"even","route0_tier":"primary","route1_ref":"US 30","route1_status":"signed","route1_role":"mainline","route1_tensDigit":3,"route1_onesDigit":"even","route1_tier":"major"},"geometry":{"type":"LineString","coordinates":[[-80.0264344,40.4309375],[-80.0266094,40.4308446]]},"id":"way/549621855"},{"type":"Feature","properties":{"@id":"way/549621864","name":"Penn-Lincoln Parkway West","ref":"I 376;US 19;US 22;US 30;US 19 Truck"},"geometry":{"type":"LineString","coordinates":[[-80.0278955,40.4298367],[-80.0275432,40.4300672],[-80.02725,40.430251]]},"id":"way/549621864"},{"type":"Feature","properties":{"@id":"way/549621867","name":"Penn-Lincoln Parkway West","ref":"I 376;US 22;US 30","unsigned_ref":"US 19 Truck","route0_ref":"US 22","route0_status":"signed","route0_role":"mainline","route0_tensDigit":2,"route0_onesDigit":"even","route0_tier":"primary","route1_ref":"US 30","route1_status":"signed","route1_role":"mainline","route1_tensDigit":3,"route1_onesDigit":"even","route1_tier":"major"},"geometry":{"type":"LineString","coordinates":[[-80.0275674,40.4303355],[-80.0280029,40.4301042],[-80.0287137,40.4297137]]},"id":"way/549621867"},{"type":"Feature","properties":{"@id":"way/549621868","name":"Penn-Lincoln Parkway West","ref":"I 376;US 22;US 30","route0_ref":"US 22","route0_status":"signed","route0_role":"mainline","route0_tensDigit":2,"route0_onesDigit":"even","route0_tier":"primary","route1_ref":"US 30","route1_status":"signed","route1_role":"mainline","route1_tensDigit":3,"route1_onesDigit":"even","route1_tier":"major"},"geometry":{"type":"LineString","coordinates":[[-80.0305926,40.4225682],[-80.0306317,40.4224141]]},"id":"way/549621868"},{"type":"Feature","properties":{"@id":"way/549621884","name":"Penn-Lincoln Parkway West","ref":"I 376;US 22;US 30","route0_ref":"US 22","route0_status":"signed","route0_role":"mainline","route0_tensDigit":2,"route0_onesDigit":"even","route0_tier":"primary","route1_ref":"US 30","route1_status":"signed","route1_role":"mainline","route1_tensDigit":3,"route1_onesDigit":"even","route1_tier":"major"},"geometry":{"type":"LineString","coordinates":[[-80.0425252,40.4209734],[-80.0421621,40.4209282],[-80.0408725,40.4207458],[-80.0389202,40.4204619],[-80.0355373,40.4199911]]},"id":"way/549621884"},{"type":"Feature","properties":{"@id":"way/549621885","name":"Penn-Lincoln Parkway West","ref":"I 376;US 22;US 30","route0_ref":"US 22","route0_status":"signed","route0_role":"mainline","route0_tensDigit":2,"route0_onesDigit":"even","route0_tier":"primary","route1_ref":"US 30","route1_status":"signed","route1_role":"mainline","route1_tensDigit":3,"route1_onesDigit":"even","route1_tier":"major"},"geometry":{"type":"LineString","coordinates":[[-80.0334159,40.4200411],[-80.0332412,40.4200808],[-80.0330468,40.4201339],[-80.0328563,40.4201977],[-80.0326598,40.4202687]]},"id":"way/549621885"},{"type":"Feature","properties":{"@id":"way/549621886","name":"Penn-Lincoln Parkway West","ref":"I 376;US 22;US 30","route0_ref":"US 22","route0_status":"signed","route0_role":"mainline","route0_tensDigit":2,"route0_onesDigit":"even","route0_tier":"primary","route1_ref":"US 30","route1_status":"signed","route1_role":"mainline","route1_tensDigit":3,"route1_onesDigit":"even","route1_tier":"major"},"geometry":{"type":"LineString","coordinates":[[-80.0355373,40.4199911],[-80.0353146,40.4199629],[-80.0351,40.4199417],[-80.0348935,40.4199281],[-80.0346782,40.4199184],[-80.0344603,40.41992],[-80.0342444,40.4199276],[-80.0340284,40.419945],[-80.0338098,40.4199705],[-80.033604,40.4200047],[-80.0334159,40.4200411]]},"id":"way/549621886"},{"type":"Feature","properties":{"@id":"way/549621887","name":"Penn-Lincoln Parkway West","ref":"I 376;US 22;US 30","route0_ref":"US 22","route0_status":"signed","route0_role":"mainline","route0_tensDigit":2,"route0_onesDigit":"even","route0_tier":"primary","route1_ref":"US 30","route1_status":"signed","route1_role":"mainline","route1_tensDigit":3,"route1_onesDigit":"even","route1_tier":"major"},"geometry":{"type":"LineString","coordinates":[[-80.034254,40.4200232],[-80.0344639,40.4200144],[-80.0346752,40.4200116],[-80.0348846,40.420021],[-80.0350869,40.4200343],[-80.0352966,40.420055]]},"id":"way/549621887"},{"type":"Feature","properties":{"@id":"way/549621901","name":"Penn-Lincoln Parkway West","ref":"I 376;US 22;US 30","route0_ref":"US 22","route0_status":"signed","route0_role":"mainline","route0_tensDigit":2,"route0_onesDigit":"even","route0_tier":"primary","route1_ref":"US 30","route1_status":"signed","route1_role":"mainline","route1_tensDigit":3,"route1_onesDigit":"even","route1_tier":"major"},"geometry":{"type":"LineString","coordinates":[[-80.0432267,40.4210382],[-80.0428691,40.4210093],[-80.0425252,40.4209734]]},"id":"way/549621901"},{"type":"Feature","properties":{"@id":"way/549621902","name":"Penn-Lincoln Parkway West","ref":"I 376;US 22;US 30","route0_ref":"US 22","route0_status":"signed","route0_role":"mainline","route0_tensDigit":2,"route0_onesDigit":"even","route0_tier":"primary","route1_ref":"US 30","route1_status":"signed","route1_role":"mainline","route1_tensDigit":3,"route1_onesDigit":"even","route1_tier":"major"},"geometry":{"type":"LineString","coordinates":[[-80.0520294,40.4194039],[-80.0516526,40.4195834],[-80.0513603,40.419713],[-80.0510606,40.4198377],[-80.0507591,40.4199557],[-80.0503344,40.4201076],[-80.0501432,40.4201752],[-80.0498588,40.4202665]]},"id":"way/549621902"},{"type":"Feature","properties":{"@id":"way/549621924","name":"Penn-Lincoln Parkway West","ref":"I 376;US 22;US 30","route0_ref":"US 22","route0_status":"signed","route0_role":"mainline","route0_tensDigit":2,"route0_onesDigit":"even","route0_tier":"primary","route1_ref":"US 30","route1_status":"signed","route1_role":"mainline","route1_tensDigit":3,"route1_onesDigit":"even","route1_tier":"major"},"geometry":{"type":"LineString","coordinates":[[-80.0494688,40.4203832],[-80.0486531,40.420614],[-80.0483271,40.420687],[-80.0479939,40.4207554],[-80.0476624,40.4208157],[-80.0473238,40.420873],[-80.04699,40.4209206],[-80.0466759,40.4209611],[-80.0463969,40.42099],[-80.046069,40.4210225],[-80.0457164,40.4210478],[-80.0453777,40.4210671],[-80.0450154,40.4210788],[-80.0446597,40.4210853],[-80.0442987,40.4210843],[-80.0439413,40.4210777],[-80.0435771,40.4210616],[-80.0432267,40.4210382]]},"id":"way/549621924"},{"type":"Feature","properties":{"@id":"way/549621925","name":"Penn-Lincoln Parkway West","ref":"I 376;US 22;US 30","route0_ref":"US 22","route0_status":"signed","route0_role":"mainline","route0_tensDigit":2,"route0_onesDigit":"even","route0_tier":"primary","route1_ref":"US 30","route1_status":"signed","route1_role":"mainline","route1_tensDigit":3,"route1_onesDigit":"even","route1_tier":"major"},"geometry":{"type":"LineString","coordinates":[[-80.0498777,40.4203585],[-80.050191,40.4202579],[-80.0505035,40.4201488],[-80.0508119,40.4200367],[-80.0511162,40.4199175],[-80.0514186,40.4197917],[-80.0517139,40.4196608]]},"id":"way/549621925"},{"type":"Feature","properties":{"@id":"way/549621926","name":"Penn-Lincoln Parkway West","ref":"I 376;US 22;US 30","route0_ref":"US 22","route0_status":"signed","route0_role":"mainline","route0_tensDigit":2,"route0_onesDigit":"even","route0_tier":"primary","route1_ref":"US 30","route1_status":"signed","route1_role":"mainline","route1_tensDigit":3,"route1_onesDigit":"even","route1_tier":"major"},"geometry":{"type":"LineString","coordinates":[[-80.0517139,40.4196608],[-80.0524025,40.4193327]]},"id":"way/549621926"},{"type":"Feature","properties":{"@id":"way/549621958","name":"Penn-Lincoln Parkway West","ref":"I 376;US 22;US 30","route0_ref":"US 22","route0_status":"signed","route0_role":"mainline","route0_tensDigit":2,"route0_onesDigit":"even","route0_tier":"primary","route1_ref":"US 30","route1_status":"signed","route1_role":"mainline","route1_tensDigit":3,"route1_onesDigit":"even","route1_tier":"major"},"geometry":{"type":"LineString","coordinates":[[-80.0790962,40.4126775],[-80.078615,40.4125029]]},"id":"way/549621958"},{"type":"Feature","properties":{"@id":"way/549621959","name":"Penn-Lincoln Parkway West","ref":"I 376;US 22;US 30","route0_ref":"US 22","route0_status":"signed","route0_role":"mainline","route0_tensDigit":2,"route0_onesDigit":"even","route0_tier":"primary","route1_ref":"US 30","route1_status":"signed","route1_role":"mainline","route1_tensDigit":3,"route1_onesDigit":"even","route1_tier":"major"},"geometry":{"type":"LineString","coordinates":[[-80.0810891,40.4134333],[-80.0808062,40.4133123],[-80.0805111,40.4131969]]},"id":"way/549621959"},{"type":"Feature","properties":{"@id":"way/549621965","name":"Penn-Lincoln Parkway West","ref":"I 376;US 22;US 30","route0_ref":"US 22","route0_status":"signed","route0_role":"mainline","route0_tensDigit":2,"route0_onesDigit":"even","route0_tier":"primary","route1_ref":"US 30","route1_status":"signed","route1_role":"mainline","route1_tensDigit":3,"route1_onesDigit":"even","route1_tier":"major"},"geometry":{"type":"LineString","coordinates":[[-80.0739515,40.4108911],[-80.0750436,40.4112847]]},"id":"way/549621965"},{"type":"Feature","properties":{"@id":"way/549621976","name":"Penn-Lincoln Parkway West","ref":"I 376;US 22;US 30","route0_ref":"US 22","route0_status":"signed","route0_role":"mainline","route0_tensDigit":2,"route0_onesDigit":"even","route0_tier":"primary","route1_ref":"US 30","route1_status":"signed","route1_role":"mainline","route1_tensDigit":3,"route1_onesDigit":"even","route1_tier":"major"},"geometry":{"type":"LineString","coordinates":[[-80.0840399,40.4153736],[-80.0863303,40.4169888]]},"id":"way/549621976"},{"type":"Feature","properties":{"@id":"way/549621977","name":"Penn-Lincoln Parkway West","ref":"I 376;US 22;US 30","route0_ref":"US 22","route0_status":"signed","route0_role":"mainline","route0_tensDigit":2,"route0_onesDigit":"even","route0_tier":"primary","route1_ref":"US 30","route1_status":"signed","route1_role":"mainline","route1_tensDigit":3,"route1_onesDigit":"even","route1_tier":"major"},"geometry":{"type":"LineString","coordinates":[[-80.0865766,40.4170393],[-80.0856618,40.4163942]]},"id":"way/549621977"},{"type":"Feature","properties":{"@id":"way/549621978","name":"Penn-Lincoln Parkway West","ref":"I 376;US 22;US 30","route0_ref":"US 22","route0_status":"signed","route0_role":"mainline","route0_tensDigit":2,"route0_onesDigit":"even","route0_tier":"primary","route1_ref":"US 30","route1_status":"signed","route1_role":"mainline","route1_tensDigit":3,"route1_onesDigit":"even","route1_tier":"major"},"geometry":{"type":"LineString","coordinates":[[-80.0873782,40.4175936],[-80.0869471,40.4173006],[-80.0865766,40.4170393]]},"id":"way/549621978"},{"type":"Feature","properties":{"@id":"way/549621979","name":"Penn-Lincoln Parkway West","ref":"I 376;US 22;US 30","route0_ref":"US 22","route0_status":"signed","route0_role":"mainline","route0_tensDigit":2,"route0_onesDigit":"even","route0_tier":"primary","route1_ref":"US 30","route1_status":"signed","route1_role":"mainline","route1_tensDigit":3,"route1_onesDigit":"even","route1_tier":"major"},"geometry":{"type":"LineString","coordinates":[[-80.0927041,40.4203534],[-80.0920889,40.4201032],[-80.0915826,40.4198837],[-80.0910891,40.4196596],[-80.0905976,40.4194263],[-80.0901175,40.4191879],[-80.0896447,40.4189408],[-80.089176,40.4186871],[-80.088716,40.4184232],[-80.0882614,40.4181531],[-80.0878161,40.417879],[-80.0873782,40.4175936]]},"id":"way/549621979"},{"type":"Feature","properties":{"@id":"way/549621981","name":"Penn-Lincoln Parkway West","ref":"I 376;US 22;US 30","route0_ref":"US 22","route0_status":"signed","route0_role":"mainline","route0_tensDigit":2,"route0_onesDigit":"even","route0_tier":"primary","route1_ref":"US 30","route1_status":"signed","route1_role":"mainline","route1_tensDigit":3,"route1_onesDigit":"even","route1_tier":"major"},"geometry":{"type":"LineString","coordinates":[[-80.0863303,40.4169888],[-80.0868672,40.4173674],[-80.0873001,40.4176616]]},"id":"way/549621981"},{"type":"Feature","properties":{"@id":"way/549621999","name":"Penn-Lincoln Parkway West","ref":"I 376;US 22;US 30","route0_ref":"US 22","route0_status":"signed","route0_role":"mainline","route0_tensDigit":2,"route0_onesDigit":"even","route0_tier":"primary","route1_ref":"US 30","route1_status":"signed","route1_role":"mainline","route1_tensDigit":3,"route1_onesDigit":"even","route1_tier":"major"},"geometry":{"type":"LineString","coordinates":[[-80.0957347,40.4213846],[-80.0952043,40.4212274],[-80.0946725,40.4210604],[-80.0941428,40.4208848],[-80.0936204,40.4207021],[-80.0931014,40.4205086],[-80.0927041,40.4203534]]},"id":"way/549621999"},{"type":"Feature","properties":{"@id":"way/549622002","name":"Penn-Lincoln Parkway West","ref":"I 376;US 22;US 30","route0_ref":"US 22","route0_status":"signed","route0_role":"mainline","route0_tensDigit":2,"route0_onesDigit":"even","route0_tier":"primary","route1_ref":"US 30","route1_status":"signed","route1_role":"mainline","route1_tensDigit":3,"route1_onesDigit":"even","route1_tier":"major"},"geometry":{"type":"LineString","coordinates":[[-80.0891059,40.41876],[-80.0895767,40.4190149],[-80.0900515,40.419263],[-80.0905338,40.4195025],[-80.0910273,40.4197368],[-80.0915228,40.4199618]]},"id":"way/549622002"},{"type":"Feature","properties":{"@id":"way/550018147","name":"Penn-Lincoln Parkway East","ref":"I 376;US 22;US 30","route0_ref":"US 22","route0_status":"signed","route0_role":"mainline","route0_tensDigit":2,"route0_onesDigit":"even","route0_tier":"primary","route1_ref":"US 30","route1_status":"signed","route1_role":"mainline","route1_tensDigit":3,"route1_onesDigit":"even","route1_tier":"major"},"geometry":{"type":"LineString","coordinates":[[-80.0039857,40.4377794],[-80.0057583,40.4384456]]},"id":"way/550018147"},{"type":"Feature","properties":{"@id":"way/550018187","name":"Penn-Lincoln Parkway East","ref":"I 376;US 22;US 30","route0_ref":"US 22","route0_status":"signed","route0_role":"mainline","route0_tensDigit":2,"route0_onesDigit":"even","route0_tier":"primary","route1_ref":"US 30","route1_status":"signed","route1_role":"mainline","route1_tensDigit":3,"route1_onesDigit":"even","route1_tier":"major"},"geometry":{"type":"LineString","coordinates":[[-80.0010708,40.4363454],[-80.0008435,40.4362387],[-80.0006088,40.4361172],[-80.0003647,40.4359835],[-79.999304,40.4353689]]},"id":"way/550018187"},{"type":"Feature","properties":{"@id":"way/550018192","name":"Penn-Lincoln Parkway East","ref":"I 376;US 22;US 30","route0_ref":"US 22","route0_status":"signed","route0_role":"mainline","route0_tensDigit":2,"route0_onesDigit":"even","route0_tier":"primary","route1_ref":"US 30","route1_status":"signed","route1_role":"mainline","route1_tensDigit":3,"route1_onesDigit":"even","route1_tier":"major"},"geometry":{"type":"LineString","coordinates":[[-80.0089679,40.4392909],[-80.0084726,40.4391089]]},"id":"way/550018192"},{"type":"Feature","properties":{"@id":"way/550018193","name":"Penn-Lincoln Parkway East","ref":"I 376;US 22;US 30","route0_ref":"US 22","route0_status":"signed","route0_role":"mainline","route0_tensDigit":2,"route0_onesDigit":"even","route0_tier":"primary","route1_ref":"US 30","route1_status":"signed","route1_role":"mainline","route1_tensDigit":3,"route1_onesDigit":"even","route1_tier":"major"},"geometry":{"type":"LineString","coordinates":[[-80.0084726,40.4391089],[-80.005924,40.4381903]]},"id":"way/550018193"},{"type":"Feature","properties":{"@id":"way/550018213","name":"Penn-Lincoln Parkway West","ref":"I 376;US 22;US 30","unsigned_ref":"US 19 Truck","route0_ref":"US 22","route0_status":"signed","route0_role":"mainline","route0_tensDigit":2,"route0_onesDigit":"even","route0_tier":"primary","route1_ref":"US 30","route1_status":"signed","route1_role":"mainline","route1_tensDigit":3,"route1_onesDigit":"even","route1_tier":"major"},"geometry":{"type":"LineString","coordinates":[[-80.0138276,40.437621],[-80.0138526,40.437609],[-80.0138754,40.4375986]]},"id":"way/550018213"},{"type":"Feature","properties":{"@id":"way/550944010","name":"Penn-Lincoln Parkway East","ref":"I 376;US 22;US 30","route0_ref":"US 22","route0_status":"signed","route0_role":"mainline","route0_tensDigit":2,"route0_onesDigit":"even","route0_tier":"primary","route1_ref":"US 30","route1_status":"signed","route1_role":"mainline","route1_tensDigit":3,"route1_onesDigit":"even","route1_tier":"major"},"geometry":{"type":"LineString","coordinates":[[-79.9354244,40.4285561],[-79.9335427,40.4288106],[-79.9332644,40.4288419],[-79.9331954,40.4288484],[-79.9329791,40.4288686],[-79.9326992,40.4288872],[-79.9324177,40.4289009],[-79.9321301,40.4289099],[-79.9318489,40.428912],[-79.9315626,40.4289079],[-79.9312775,40.4288973],[-79.9309959,40.4288812],[-79.9307163,40.428859]]},"id":"way/550944010"},{"type":"Feature","properties":{"@id":"way/550944011","name":"Penn-Lincoln Parkway East","ref":"I 376;US 22;US 30","route0_ref":"US 22","route0_status":"signed","route0_role":"mainline","route0_tensDigit":2,"route0_onesDigit":"even","route0_tier":"primary","route1_ref":"US 30","route1_status":"signed","route1_role":"mainline","route1_tensDigit":3,"route1_onesDigit":"even","route1_tier":"major"},"geometry":{"type":"LineString","coordinates":[[-79.9274609,40.4283182],[-79.9277191,40.4283784],[-79.9287383,40.4286263],[-79.9290153,40.4286906]]},"id":"way/550944011"},{"type":"Feature","properties":{"@id":"way/550944015","name":"Penn-Lincoln Parkway East","ref":"I 376;US 22;US 30","route0_ref":"US 22","route0_status":"signed","route0_role":"mainline","route0_tensDigit":2,"route0_onesDigit":"even","route0_tier":"primary","route1_ref":"US 30","route1_status":"signed","route1_role":"mainline","route1_tensDigit":3,"route1_onesDigit":"even","route1_tier":"major"},"geometry":{"type":"LineString","coordinates":[[-79.9269026,40.4281974],[-79.9271828,40.4282562],[-79.9274609,40.4283182]]},"id":"way/550944015"},{"type":"Feature","properties":{"@id":"way/550944051","name":"Penn-Lincoln Parkway East","ref":"I 376;US 22;US 30","route0_ref":"US 22","route0_status":"signed","route0_role":"mainline","route0_tensDigit":2,"route0_onesDigit":"even","route0_tier":"primary","route1_ref":"US 30","route1_status":"signed","route1_role":"mainline","route1_tensDigit":3,"route1_onesDigit":"even","route1_tier":"major"},"geometry":{"type":"LineString","coordinates":[[-79.9263218,40.4281047],[-79.9265553,40.4281419]]},"id":"way/550944051"},{"type":"Feature","properties":{"@id":"way/550944052","name":"Penn-Lincoln Parkway East","ref":"I 376;US 22;US 30","route0_ref":"US 22","route0_status":"signed","route0_role":"mainline","route0_tensDigit":2,"route0_onesDigit":"even","route0_tier":"primary","route1_ref":"US 30","route1_status":"signed","route1_role":"mainline","route1_tensDigit":3,"route1_onesDigit":"even","route1_tier":"major"},"geometry":{"type":"LineString","coordinates":[[-79.9268415,40.4280114],[-79.9263637,40.4279386]]},"id":"way/550944052"},{"type":"Feature","properties":{"@id":"way/550944070","name":"Penn-Lincoln Parkway East","ref":"I 376;US 22;US 30","route0_ref":"US 22","route0_status":"signed","route0_role":"mainline","route0_tensDigit":2,"route0_onesDigit":"even","route0_tier":"primary","route1_ref":"US 30","route1_status":"signed","route1_role":"mainline","route1_tensDigit":3,"route1_onesDigit":"even","route1_tier":"major"},"geometry":{"type":"LineString","coordinates":[[-79.9503008,40.4276379],[-79.9505789,40.4275681],[-79.9507526,40.4275303],[-79.9509267,40.4274978]]},"id":"way/550944070"},{"type":"Feature","properties":{"@id":"way/551120314","name":"Penn-Lincoln Parkway East","ref":"I 376;US 22;US 30","route0_ref":"US 22","route0_status":"signed","route0_role":"mainline","route0_tensDigit":2,"route0_onesDigit":"even","route0_tier":"primary","route1_ref":"US 30","route1_status":"signed","route1_role":"mainline","route1_tensDigit":3,"route1_onesDigit":"even","route1_tier":"major"},"geometry":{"type":"LineString","coordinates":[[-79.8976305,40.4259736],[-79.8949597,40.4261125],[-79.89474,40.4261274],[-79.8945314,40.4261463],[-79.8943142,40.4261703],[-79.8940989,40.4262009],[-79.8938917,40.4262346],[-79.8936819,40.4262729],[-79.8934706,40.4263178],[-79.8932661,40.4263668],[-79.8930596,40.4264219],[-79.8928272,40.4264878]]},"id":"way/551120314"},{"type":"Feature","properties":{"@id":"way/551120315","name":"Penn-Lincoln Parkway East","ref":"I 376;US 22;US 30","route0_ref":"US 22","route0_status":"signed","route0_role":"mainline","route0_tensDigit":2,"route0_onesDigit":"even","route0_tier":"primary","route1_ref":"US 30","route1_status":"signed","route1_role":"mainline","route1_tensDigit":3,"route1_onesDigit":"even","route1_tier":"major"},"geometry":{"type":"LineString","coordinates":[[-79.8984793,40.4259295],[-79.8976305,40.4259736]]},"id":"way/551120315"},{"type":"Feature","properties":{"@id":"way/551120316","name":"Penn-Lincoln Parkway East","ref":"I 376;US 22;US 30","route0_ref":"US 22","route0_status":"signed","route0_role":"mainline","route0_tensDigit":2,"route0_onesDigit":"even","route0_tier":"primary","route1_ref":"US 30","route1_status":"signed","route1_role":"mainline","route1_tensDigit":3,"route1_onesDigit":"even","route1_tier":"major"},"geometry":{"type":"LineString","coordinates":[[-79.8851418,40.4297649],[-79.8861871,40.429558]]},"id":"way/551120316"},{"type":"Feature","properties":{"@id":"way/551120317","name":"Penn-Lincoln Parkway East","ref":"I 376;US 22;US 30","route0_ref":"US 22","route0_status":"signed","route0_role":"mainline","route0_tensDigit":2,"route0_onesDigit":"even","route0_tier":"primary","route1_ref":"US 30","route1_status":"signed","route1_role":"mainline","route1_tensDigit":3,"route1_onesDigit":"even","route1_tier":"major"},"geometry":{"type":"LineString","coordinates":[[-79.8861871,40.429558],[-79.8872358,40.4293504],[-79.8874498,40.4293009],[-79.8876546,40.4292493],[-79.8878651,40.4291848],[-79.8880645,40.4291206],[-79.8882623,40.4290489],[-79.8884567,40.4289734],[-79.8886483,40.4288882],[-79.8888325,40.4288036],[-79.8890166,40.4287079],[-79.8891906,40.4286128],[-79.889365,40.4285077],[-79.8895315,40.4284017],[-79.8907451,40.4276034]]},"id":"way/551120317"},{"type":"Feature","properties":{"@id":"way/551120318","name":"Penn-Lincoln Parkway East","ref":"I 376;US 22;US 30","route0_ref":"US 22","route0_status":"signed","route0_role":"mainline","route0_tensDigit":2,"route0_onesDigit":"even","route0_tier":"primary","route1_ref":"US 30","route1_status":"signed","route1_role":"mainline","route1_tensDigit":3,"route1_onesDigit":"even","route1_tier":"major"},"geometry":{"type":"LineString","coordinates":[[-79.8884066,40.4289037],[-79.8882162,40.4289777],[-79.8880217,40.4290481],[-79.8878253,40.4291114],[-79.8876187,40.4291747],[-79.8874182,40.4292252],[-79.8872075,40.429274],[-79.8863787,40.429438]]},"id":"way/551120318"},{"type":"Feature","properties":{"@id":"way/551120319","name":"Penn-Lincoln Parkway East","ref":"I 376;US 22;US 30","route0_ref":"US 22","route0_status":"signed","route0_role":"mainline","route0_tensDigit":2,"route0_onesDigit":"even","route0_tier":"primary","route1_ref":"US 30","route1_status":"signed","route1_role":"mainline","route1_tensDigit":3,"route1_onesDigit":"even","route1_tier":"major"},"geometry":{"type":"LineString","coordinates":[[-79.8907,40.4275281],[-79.889464,40.4283412],[-79.8892991,40.4284461],[-79.8891278,40.4285494],[-79.8889568,40.4286428],[-79.8887761,40.4287368],[-79.888595,40.42882],[-79.8884066,40.4289037]]},"id":"way/551120319"},{"type":"Feature","properties":{"@id":"way/551120320","name":"Penn-Lincoln Parkway East","ref":"I 376;US 22;US 30","route0_ref":"US 22","route0_status":"signed","route0_role":"mainline","route0_tensDigit":2,"route0_onesDigit":"even","route0_tier":"primary","route1_ref":"US 30","route1_status":"signed","route1_role":"mainline","route1_tensDigit":3,"route1_onesDigit":"even","route1_tier":"major"},"geometry":{"type":"LineString","coordinates":[[-79.895236,40.4261777],[-79.8976229,40.4260536]]},"id":"way/551120320"},{"type":"Feature","properties":{"@id":"way/551120321","name":"Penn-Lincoln Parkway East","ref":"I 376;US 22;US 30","route0_ref":"US 22","route0_status":"signed","route0_role":"mainline","route0_tensDigit":2,"route0_onesDigit":"even","route0_tier":"primary","route1_ref":"US 30","route1_status":"signed","route1_role":"mainline","route1_tensDigit":3,"route1_onesDigit":"even","route1_tier":"major"},"geometry":{"type":"LineString","coordinates":[[-79.892785,40.4265897],[-79.8930405,40.4265133],[-79.893299,40.4264421],[-79.8935003,40.4263939],[-79.8937081,40.4263497],[-79.8939148,40.426312],[-79.8941194,40.4262787],[-79.8943313,40.4262486],[-79.8945451,40.426225],[-79.8947508,40.4262064],[-79.8949678,40.4261917],[-79.895236,40.4261777]]},"id":"way/551120321"},{"type":"Feature","properties":{"@id":"way/551120357","name":"Penn-Lincoln Parkway East","ref":"I 376;US 22;US 30","route0_ref":"US 22","route0_status":"signed","route0_role":"mainline","route0_tensDigit":2,"route0_onesDigit":"even","route0_tier":"primary","route1_ref":"US 30","route1_status":"signed","route1_role":"mainline","route1_tensDigit":3,"route1_onesDigit":"even","route1_tier":"major"},"geometry":{"type":"LineString","coordinates":[[-79.9108402,40.4256398],[-79.910587,40.4256024],[-79.910049,40.4255231],[-79.9097697,40.4254868],[-79.9094908,40.4254592]]},"id":"way/551120357"},{"type":"Feature","properties":{"@id":"way/551120360","name":"Penn-Lincoln Parkway East","ref":"I 376;US 22;US 30","route0_ref":"US 22","route0_status":"signed","route0_role":"mainline","route0_tensDigit":2,"route0_onesDigit":"even","route0_tier":"primary","route1_ref":"US 30","route1_status":"signed","route1_role":"mainline","route1_tensDigit":3,"route1_onesDigit":"even","route1_tier":"major"},"geometry":{"type":"LineString","coordinates":[[-79.9117247,40.4257715],[-79.9113037,40.4257088],[-79.9108402,40.4256398]]},"id":"way/551120360"},{"type":"Feature","properties":{"@id":"way/551120361","name":"Penn-Lincoln Parkway East","ref":"I 376;US 22;US 30","route0_ref":"US 22","route0_status":"signed","route0_role":"mainline","route0_tensDigit":2,"route0_onesDigit":"even","route0_tier":"primary","route1_ref":"US 30","route1_status":"signed","route1_role":"mainline","route1_tensDigit":3,"route1_onesDigit":"even","route1_tier":"major"},"geometry":{"type":"LineString","coordinates":[[-79.910791,40.4258054],[-79.9112608,40.4258754],[-79.9116819,40.4259381]]},"id":"way/551120361"},{"type":"Feature","properties":{"@id":"way/551120369","name":"Penn-Lincoln Parkway East","ref":"I 376;US 22;US 30","route0_ref":"US 22","route0_status":"signed","route0_role":"mainline","route0_tensDigit":2,"route0_onesDigit":"even","route0_tier":"primary","route1_ref":"US 30","route1_status":"signed","route1_role":"mainline","route1_tensDigit":3,"route1_onesDigit":"even","route1_tier":"major"},"geometry":{"type":"LineString","coordinates":[[-79.9263637,40.4279386],[-79.9247895,40.4277056]]},"id":"way/551120369"},{"type":"Feature","properties":{"@id":"way/551120370","name":"Penn-Lincoln Parkway East","ref":"I 376;US 22;US 30","route0_ref":"US 22","route0_status":"signed","route0_role":"mainline","route0_tensDigit":2,"route0_onesDigit":"even","route0_tier":"primary","route1_ref":"US 30","route1_status":"signed","route1_role":"mainline","route1_tensDigit":3,"route1_onesDigit":"even","route1_tier":"major"},"geometry":{"type":"LineString","coordinates":[[-79.9260248,40.4280581],[-79.9263218,40.4281047]]},"id":"way/551120370"},{"type":"Feature","properties":{"@id":"way/551120371","name":"Penn-Lincoln Parkway East","ref":"I 376;US 22;US 30","route0_ref":"US 22","route0_status":"signed","route0_role":"mainline","route0_tensDigit":2,"route0_onesDigit":"even","route0_tier":"primary","route1_ref":"US 30","route1_status":"signed","route1_role":"mainline","route1_tensDigit":3,"route1_onesDigit":"even","route1_tier":"major"},"geometry":{"type":"LineString","coordinates":[[-79.9116819,40.4259381],[-79.9132393,40.4261683]]},"id":"way/551120371"},{"type":"Feature","properties":{"@id":"way/551120372","name":"Penn-Lincoln Parkway East","ref":"I 376;US 22;US 30","route0_ref":"US 22","route0_status":"signed","route0_role":"mainline","route0_tensDigit":2,"route0_onesDigit":"even","route0_tier":"primary","route1_ref":"US 30","route1_status":"signed","route1_role":"mainline","route1_tensDigit":3,"route1_onesDigit":"even","route1_tier":"major"},"geometry":{"type":"LineString","coordinates":[[-79.9122306,40.4258464],[-79.9117247,40.4257715]]},"id":"way/551120372"},{"type":"Feature","properties":{"@id":"way/551184766","name":"Penn-Lincoln Parkway East","ref":"I 376;US 22;US 30","route0_ref":"US 22","route0_status":"signed","route0_role":"mainline","route0_tensDigit":2,"route0_onesDigit":"even","route0_tier":"primary","route1_ref":"US 30","route1_status":"signed","route1_role":"mainline","route1_tensDigit":3,"route1_onesDigit":"even","route1_tier":"major"},"geometry":{"type":"LineString","coordinates":[[-79.874324,40.4301098],[-79.8744974,40.4300265],[-79.8746866,40.4299461],[-79.8748667,40.4298739],[-79.8750609,40.429807]]},"id":"way/551184766"},{"type":"Feature","properties":{"@id":"way/551184767","name":"Penn-Lincoln Parkway East","ref":"I 376;US 22;US 30","route0_ref":"US 22","route0_status":"signed","route0_role":"mainline","route0_tensDigit":2,"route0_onesDigit":"even","route0_tier":"primary","route1_ref":"US 30","route1_status":"signed","route1_role":"mainline","route1_tensDigit":3,"route1_onesDigit":"even","route1_tier":"major"},"geometry":{"type":"LineString","coordinates":[[-79.8723982,40.4314903],[-79.8735095,40.4306155],[-79.8736649,40.430502],[-79.8738168,40.4303976],[-79.873985,40.4302961],[-79.8741524,40.4301992],[-79.874324,40.4301098]]},"id":"way/551184767"},{"type":"Feature","properties":{"@id":"way/551184768","name":"Penn-Lincoln Parkway East","ref":"I 376;US 22;US 30","route0_ref":"US 22","route0_status":"signed","route0_role":"mainline","route0_tensDigit":2,"route0_onesDigit":"even","route0_tier":"primary","route1_ref":"US 30","route1_status":"signed","route1_role":"mainline","route1_tensDigit":3,"route1_onesDigit":"even","route1_tier":"major"},"geometry":{"type":"LineString","coordinates":[[-79.8715516,40.4321566],[-79.8722655,40.4315948],[-79.8723982,40.4314903]]},"id":"way/551184768"},{"type":"Feature","properties":{"@id":"way/551184769","name":"Penn-Lincoln Parkway East","ref":"I 376;US 22;US 30","route0_ref":"US 22","route0_status":"signed","route0_role":"mainline","route0_tensDigit":2,"route0_onesDigit":"even","route0_tier":"primary","route1_ref":"US 30","route1_status":"signed","route1_role":"mainline","route1_tensDigit":3,"route1_onesDigit":"even","route1_tier":"major"},"geometry":{"type":"LineString","coordinates":[[-79.8710697,40.4323981],[-79.870262,40.4330339]]},"id":"way/551184769"},{"type":"Feature","properties":{"@id":"way/625479072","name":"Penn-Lincoln Parkway East","ref":"I 376;US 22;US 30","route0_ref":"US 22","route0_status":"signed","route0_role":"mainline","route0_tensDigit":2,"route0_onesDigit":"even","route0_tier":"primary","route1_ref":"US 30","route1_status":"signed","route1_role":"mainline","route1_tensDigit":3,"route1_onesDigit":"even","route1_tier":"major"},"geometry":{"type":"LineString","coordinates":[[-79.9875756,40.4346296],[-79.9883538,40.4345815],[-79.9886421,40.4345585]]},"id":"way/625479072"},{"type":"Feature","properties":{"@id":"way/832687669","name":"Penn-Lincoln Parkway East","ref":"I 376;US 22;US 30","route0_ref":"US 22","route0_status":"signed","route0_role":"mainline","route0_tensDigit":2,"route0_onesDigit":"even","route0_tier":"primary","route1_ref":"US 30","route1_status":"signed","route1_role":"mainline","route1_tensDigit":3,"route1_onesDigit":"even","route1_tier":"major"},"geometry":{"type":"LineString","coordinates":[[-79.8849591,40.4298011],[-79.8851418,40.4297649]]},"id":"way/832687669"},{"type":"Feature","properties":{"@id":"way/832687670","name":"Penn-Lincoln Parkway East","ref":"I 376;US 22;US 30","route0_ref":"US 22","route0_status":"signed","route0_role":"mainline","route0_tensDigit":2,"route0_onesDigit":"even","route0_tier":"primary","route1_ref":"US 30","route1_status":"signed","route1_role":"mainline","route1_tensDigit":3,"route1_onesDigit":"even","route1_tier":"major"},"geometry":{"type":"LineString","coordinates":[[-79.8849696,40.4297169],[-79.8843131,40.4298469]]},"id":"way/832687670"},{"type":"Feature","properties":{"@id":"way/832687671","name":"Penn-Lincoln Parkway East","ref":"I 376;US 22;US 30","route0_ref":"US 22","route0_status":"signed","route0_role":"mainline","route0_tensDigit":2,"route0_onesDigit":"even","route0_tier":"primary","route1_ref":"US 30","route1_status":"signed","route1_role":"mainline","route1_tensDigit":3,"route1_onesDigit":"even","route1_tier":"major"},"geometry":{"type":"LineString","coordinates":[[-79.8843131,40.4298469],[-79.8832517,40.430057],[-79.8830388,40.430093],[-79.882828,40.4301213],[-79.8826224,40.4301455],[-79.8824065,40.4301639],[-79.8821826,40.4301757],[-79.88197,40.4301797],[-79.8817494,40.4301792],[-79.8815375,40.4301731],[-79.8813209,40.4301609],[-79.8811103,40.4301415],[-79.8809092,40.430118],[-79.8806839,40.4300858],[-79.8804673,40.430047],[-79.8802644,40.4300052],[-79.8800603,40.4299569],[-79.8794371,40.4297902],[-79.8791133,40.4296861]]},"id":"way/832687671"},{"type":"Feature","properties":{"@id":"way/832687672","name":"Penn-Lincoln Parkway East","ref":"I 376;US 22;US 30","route0_ref":"US 22","route0_status":"signed","route0_role":"mainline","route0_tensDigit":2,"route0_onesDigit":"even","route0_tier":"primary","route1_ref":"US 30","route1_status":"signed","route1_role":"mainline","route1_tensDigit":3,"route1_onesDigit":"even","route1_tier":"major"},"geometry":{"type":"LineString","coordinates":[[-79.8843021,40.4299311],[-79.8849591,40.4298011]]},"id":"way/832687672"},{"type":"Feature","properties":{"@id":"way/1040814078","name":"Penn-Lincoln Parkway East","ref":"I 376;US 22;US 30","route0_ref":"US 22","route0_status":"signed","route0_role":"mainline","route0_tensDigit":2,"route0_onesDigit":"even","route0_tier":"primary","route1_ref":"US 30","route1_status":"signed","route1_role":"mainline","route1_tensDigit":3,"route1_onesDigit":"even","route1_tier":"major"},"geometry":{"type":"LineString","coordinates":[[-80.0013037,40.4364464],[-80.0010708,40.4363454]]},"id":"way/1040814078"},{"type":"Feature","properties":{"@id":"way/1040818133","name":"Penn-Lincoln Parkway West","ref":"I 376;US 22;US 30","route0_ref":"US 22","route0_status":"signed","route0_role":"mainline","route0_tensDigit":2,"route0_onesDigit":"even","route0_tier":"primary","route1_ref":"US 30","route1_status":"signed","route1_role":"mainline","route1_tensDigit":3,"route1_onesDigit":"even","route1_tier":"major"},"geometry":{"type":"LineString","coordinates":[[-80.0458932,40.4211303],[-80.0460827,40.421115],[-80.0464031,40.4210823],[-80.0467672,40.4210363]]},"id":"way/1040818133"},{"type":"Feature","properties":{"@id":"way/1040825644","name":"Penn-Lincoln Parkway East","ref":"I 376;US 22;US 30","route0_ref":"US 22","route0_status":"signed","route0_role":"mainline","route0_tensDigit":2,"route0_onesDigit":"even","route0_tier":"primary","route1_ref":"US 30","route1_status":"signed","route1_role":"mainline","route1_tensDigit":3,"route1_onesDigit":"even","route1_tier":"major"},"geometry":{"type":"LineString","coordinates":[[-79.9568395,40.429728],[-79.9578735,40.4308177]]},"id":"way/1040825644"},{"type":"Feature","properties":{"@id":"way/1040825645","name":"Penn-Lincoln Parkway East","ref":"I 376;US 22;US 30","route0_ref":"US 22","route0_status":"signed","route0_role":"mainline","route0_tensDigit":2,"route0_onesDigit":"even","route0_tier":"primary","route1_ref":"US 30","route1_status":"signed","route1_role":"mainline","route1_tensDigit":3,"route1_onesDigit":"even","route1_tier":"major"},"geometry":{"type":"LineString","coordinates":[[-79.95612,40.4289696],[-79.9568395,40.429728]]},"id":"way/1040825645"},{"type":"Feature","properties":{"@id":"way/1057162775","name":"Penn-Lincoln Parkway East","ref":"I 376;US 22;US 30","route0_ref":"US 22","route0_status":"signed","route0_role":"mainline","route0_tensDigit":2,"route0_onesDigit":"even","route0_tier":"primary","route1_ref":"US 30","route1_status":"signed","route1_role":"mainline","route1_tensDigit":3,"route1_onesDigit":"even","route1_tier":"major"},"geometry":{"type":"LineString","coordinates":[[-79.9275258,40.4281529],[-79.9273634,40.4281146],[-79.9271737,40.4280738]]},"id":"way/1057162775"},{"type":"Feature","properties":{"@id":"way/1092594024","name":"Penn-Lincoln Parkway West","ref":"I 376;US 22;US 30","unsigned_ref":"US 19 Truck","route0_ref":"US 22","route0_status":"signed","route0_role":"mainline","route0_tensDigit":2,"route0_onesDigit":"even","route0_tier":"primary","route1_ref":"US 30","route1_status":"signed","route1_role":"mainline","route1_tensDigit":3,"route1_onesDigit":"even","route1_tier":"major"},"geometry":{"type":"LineString","coordinates":[[-80.0245745,40.431722],[-80.024404,40.4318128]]},"id":"way/1092594024"},{"type":"Feature","properties":{"@id":"way/1092594025","name":"Penn-Lincoln Parkway West","ref":"I 376;US 22;US 30","unsigned_ref":"US 19 Truck","route0_ref":"US 22","route0_status":"signed","route0_role":"mainline","route0_tensDigit":2,"route0_onesDigit":"even","route0_tier":"primary","route1_ref":"US 30","route1_status":"signed","route1_role":"mainline","route1_tensDigit":3,"route1_onesDigit":"even","route1_tier":"major"},"geometry":{"type":"LineString","coordinates":[[-80.0247001,40.4318589],[-80.0264344,40.4309375]]},"id":"way/1092594025"},{"type":"Feature","properties":{"@id":"way/1154036599","name":"Penn-Lincoln Parkway East","ref":"I 376;US 22;US 30","route0_ref":"US 22","route0_status":"signed","route0_role":"mainline","route0_tensDigit":2,"route0_onesDigit":"even","route0_tier":"primary","route1_ref":"US 30","route1_status":"signed","route1_role":"mainline","route1_tensDigit":3,"route1_onesDigit":"even","route1_tier":"major"},"geometry":{"type":"LineString","coordinates":[[-79.9578735,40.4308177],[-79.9579708,40.4309203],[-79.9581072,40.4310496],[-79.9582604,40.4311881],[-79.9584024,40.4313076],[-79.9585474,40.4314204]]},"id":"way/1154036599"},{"type":"Feature","properties":{"@id":"way/8028081","name":"George Washington Bridge Upper Level","ref":"I 95;US 1;US 9","unsigned_ref":"US 46","route0_ref":"US 1","route0_status":"signed","route0_role":"mainline","route0_tensDigit":0,"route0_onesDigit":"odd","route0_tier":"major","route1_ref":"US 46","route1_status":"unsigned","route1_role":"mainline","route1_tensDigit":4,"route1_onesDigit":"even","route1_tier":"primary"},"geometry":{"type":"LineString","coordinates":[[-73.9606814,40.8532913],[-73.9608813,40.8533344],[-73.9612927,40.8534158]]},"id":"way/8028081"},{"type":"Feature","properties":{"@id":"way/8028081","name":"George Washington Bridge Upper Level","ref":"I 95;US 1;US 9","unsigned_ref":"US 46","route0_ref":"US 9","route0_status":"signed","route0_role":"mainline","route0_tensDigit":0,"route0_onesDigit":"odd","route0_tier":"primary","route1_ref":"US 46","route1_status":"unsigned","route1_role":"mainline","route1_tensDigit":4,"route1_onesDigit":"even","route1_tier":"primary"},"geometry":{"type":"LineString","coordinates":[[-73.9606814,40.8532913],[-73.9608813,40.8533344],[-73.9612927,40.8534158]]},"id":"way/8028081"},{"type":"Feature","properties":{"@id":"way/8028082","name":"George Washington Bridge Upper Level","ref":"I 95;US 1;US 9","unsigned_ref":"US 46","route0_ref":"US 1","route0_status":"signed","route0_role":"mainline","route0_tensDigit":0,"route0_onesDigit":"odd","route0_tier":"major","route1_ref":"US 46","route1_status":"unsigned","route1_role":"mainline","route1_tensDigit":4,"route1_onesDigit":"even","route1_tier":"primary"},"geometry":{"type":"LineString","coordinates":[[-73.9607219,40.8531838],[-73.952533,40.8515745]]},"id":"way/8028082"},{"type":"Feature","properties":{"@id":"way/8028082","name":"George Washington Bridge Upper Level","ref":"I 95;US 1;US 9","unsigned_ref":"US 46","route0_ref":"US 9","route0_status":"signed","route0_role":"mainline","route0_tensDigit":0,"route0_onesDigit":"odd","route0_tier":"primary","route1_ref":"US 46","route1_status":"unsigned","route1_role":"mainline","route1_tensDigit":4,"route1_onesDigit":"even","route1_tier":"primary"},"geometry":{"type":"LineString","coordinates":[[-73.9607219,40.8531838],[-73.952533,40.8515745]]},"id":"way/8028082"},{"type":"Feature","properties":{"@id":"way/42480754","name":"George Washington Bridge Lower Level","ref":"I 95;US 1;US 9","unsigned_ref":"US 46","route0_ref":"US 1","route0_status":"signed","route0_role":"mainline","route0_tensDigit":0,"route0_onesDigit":"odd","route0_tier":"major","route1_ref":"US 46","route1_status":"unsigned","route1_role":"mainline","route1_tensDigit":4,"route1_onesDigit":"even","route1_tier":"primary"},"geometry":{"type":"LineString","coordinates":[[-73.9626656,40.85336],[-73.9623641,40.8533534],[-73.962004,40.8533351],[-73.9617468,40.8533173]]},"id":"way/42480754"},{"type":"Feature","properties":{"@id":"way/42480754","name":"George Washington Bridge Lower Level","ref":"I 95;US 1;US 9","unsigned_ref":"US 46","route0_ref":"US 9","route0_status":"signed","route0_role":"mainline","route0_tensDigit":0,"route0_onesDigit":"odd","route0_tier":"primary","route1_ref":"US 46","route1_status":"unsigned","route1_role":"mainline","route1_tensDigit":4,"route1_onesDigit":"even","route1_tier":"primary"},"geometry":{"type":"LineString","coordinates":[[-73.9626656,40.85336],[-73.9623641,40.8533534],[-73.962004,40.8533351],[-73.9617468,40.8533173]]},"id":"way/42480754"},{"type":"Feature","properties":{"@id":"way/42502902","name":"George Washington Bridge Upper Level","ref":"I 95;US 1;US 9","unsigned_ref":"US 46","route0_ref":"US 1","route0_status":"signed","route0_role":"mainline","route0_tensDigit":0,"route0_onesDigit":"odd","route0_tier":"major","route1_ref":"US 46","route1_status":"unsigned","route1_role":"mainline","route1_tensDigit":4,"route1_onesDigit":"even","route1_tier":"primary"},"geometry":{"type":"LineString","coordinates":[[-73.9639164,40.8539389],[-73.9639818,40.8539553],[-73.96413,40.8539941],[-73.9642789,40.8540361],[-73.9644101,40.8540746],[-73.9645524,40.8541189],[-73.9646918,40.8541637],[-73.9648109,40.8542036],[-73.9649391,40.85425],[-73.9650745,40.8542988],[-73.9652079,40.854345],[-73.9653412,40.8543868],[-73.9654767,40.8544244],[-73.9656138,40.8544579],[-73.9657518,40.8544858],[-73.9658954,40.8545107],[-73.9660373,40.8545314],[-73.9661782,40.8545484],[-73.9663232,40.8545611],[-73.9664693,40.8545692],[-73.9666107,40.8545752],[-73.9667526,40.854583],[-73.9668959,40.8545911],[-73.9670392,40.854602],[-73.9671823,40.8546155],[-73.9673245,40.854629],[-73.9674666,40.8546449],[-73.967615,40.8546652],[-73.9677633,40.8546898],[-73.9678886,40.8547127],[-73.9679991,40.8547344],[-73.9681104,40.8547573],[-73.9682361,40.8547839],[-73.9683723,40.8548139],[-73.9685025,40.8548458],[-73.968628,40.8548782],[-73.9687483,40.8549093],[-73.9688706,40.854942],[-73.9689909,40.8549762],[-73.9691206,40.8550137],[-73.9692472,40.8550515],[-73.9693664,40.8550879],[-73.9694966,40.855129],[-73.9696189,40.8551702],[-73.9696524,40.8551821]]},"id":"way/42502902"},{"type":"Feature","properties":{"@id":"way/42502902","name":"George Washington Bridge Upper Level","ref":"I 95;US 1;US 9","unsigned_ref":"US 46","route0_ref":"US 9","route0_status":"signed","route0_role":"mainline","route0_tensDigit":0,"route0_onesDigit":"odd","route0_tier":"primary","route1_ref":"US 46","route1_status":"unsigned","route1_role":"mainline","route1_tensDigit":4,"route1_onesDigit":"even","route1_tier":"primary"},"geometry":{"type":"LineString","coordinates":[[-73.9639164,40.8539389],[-73.9639818,40.8539553],[-73.96413,40.8539941],[-73.9642789,40.8540361],[-73.9644101,40.8540746],[-73.9645524,40.8541189],[-73.9646918,40.8541637],[-73.9648109,40.8542036],[-73.9649391,40.85425],[-73.9650745,40.8542988],[-73.9652079,40.854345],[-73.9653412,40.8543868],[-73.9654767,40.8544244],[-73.9656138,40.8544579],[-73.9657518,40.8544858],[-73.9658954,40.8545107],[-73.9660373,40.8545314],[-73.9661782,40.8545484],[-73.9663232,40.8545611],[-73.9664693,40.8545692],[-73.9666107,40.8545752],[-73.9667526,40.854583],[-73.9668959,40.8545911],[-73.9670392,40.854602],[-73.9671823,40.8546155],[-73.9673245,40.854629],[-73.9674666,40.8546449],[-73.967615,40.8546652],[-73.9677633,40.8546898],[-73.9678886,40.8547127],[-73.9679991,40.8547344],[-73.9681104,40.8547573],[-73.9682361,40.8547839],[-73.9683723,40.8548139],[-73.9685025,40.8548458],[-73.968628,40.8548782],[-73.9687483,40.8549093],[-73.9688706,40.854942],[-73.9689909,40.8549762],[-73.9691206,40.8550137],[-73.9692472,40.8550515],[-73.9693664,40.8550879],[-73.9694966,40.855129],[-73.9696189,40.8551702],[-73.9696524,40.8551821]]},"id":"way/42502902"},{"type":"Feature","properties":{"@id":"way/42502912","name":"George Washington Bridge Lower Level","ref":"I 95;US 1;US 9","unsigned_ref":"US 46","route0_ref":"US 1","route0_status":"signed","route0_role":"mainline","route0_tensDigit":0,"route0_onesDigit":"odd","route0_tier":"major","route1_ref":"US 46","route1_status":"unsigned","route1_role":"mainline","route1_tensDigit":4,"route1_onesDigit":"even","route1_tier":"primary"},"geometry":{"type":"LineString","coordinates":[[-73.9671209,40.8539393],[-73.9667011,40.8538737]]},"id":"way/42502912"},{"type":"Feature","properties":{"@id":"way/42502912","name":"George Washington Bridge Lower Level","ref":"I 95;US 1;US 9","unsigned_ref":"US 46","route0_ref":"US 9","route0_status":"signed","route0_role":"mainline","route0_tensDigit":0,"route0_onesDigit":"odd","route0_tier":"primary","route1_ref":"US 46","route1_status":"unsigned","route1_role":"mainline","route1_tensDigit":4,"route1_onesDigit":"even","route1_tier":"primary"},"geometry":{"type":"LineString","coordinates":[[-73.9671209,40.8539393],[-73.9667011,40.8538737]]},"id":"way/42502912"},{"type":"Feature","properties":{"@id":"way/42502913","name":"George Washington Bridge Lower Level","ref":"I 95;US 1;US 9","unsigned_ref":"US 46","route0_ref":"US 1","route0_status":"signed","route0_role":"mainline","route0_tensDigit":0,"route0_onesDigit":"odd","route0_tier":"major","route1_ref":"US 46","route1_status":"unsigned","route1_role":"mainline","route1_tensDigit":4,"route1_onesDigit":"even","route1_tier":"primary"},"geometry":{"type":"LineString","coordinates":[[-73.9667011,40.8538737],[-73.9665536,40.8538547],[-73.9664114,40.8538367],[-73.9662643,40.8538194],[-73.9661283,40.8538044],[-73.9659839,40.853791],[-73.9655162,40.8537434],[-73.965422,40.8537338],[-73.9652695,40.853719]]},"id":"way/42502913"},{"type":"Feature","properties":{"@id":"way/42502913","name":"George Washington Bridge Lower Level","ref":"I 95;US 1;US 9","unsigned_ref":"US 46","route0_ref":"US 9","route0_status":"signed","route0_role":"mainline","route0_tensDigit":0,"route0_onesDigit":"odd","route0_tier":"primary","route1_ref":"US 46","route1_status":"unsigned","route1_role":"mainline","route1_tensDigit":4,"route1_onesDigit":"even","route1_tier":"primary"},"geometry":{"type":"LineString","coordinates":[[-73.9667011,40.8538737],[-73.9665536,40.8538547],[-73.9664114,40.8538367],[-73.9662643,40.8538194],[-73.9661283,40.8538044],[-73.9659839,40.853791],[-73.9655162,40.8537434],[-73.965422,40.8537338],[-73.9652695,40.853719]]},"id":"way/42502913"},{"type":"Feature","properties":{"@id":"way/42502956","name":"George Washington Bridge Upper Level","ref":"I 95;US 1;US 9","unsigned_ref":"US 46","route0_ref":"US 1","route0_status":"signed","route0_role":"mainline","route0_tensDigit":0,"route0_onesDigit":"odd","route0_tier":"major","route1_ref":"US 46","route1_status":"unsigned","route1_role":"mainline","route1_tensDigit":4,"route1_onesDigit":"even","route1_tier":"primary"},"geometry":{"type":"LineString","coordinates":[[-73.9633049,40.853806],[-73.9635257,40.8538535]]},"id":"way/42502956"},{"type":"Feature","properties":{"@id":"way/42502956","name":"George Washington Bridge Upper Level","ref":"I 95;US 1;US 9","unsigned_ref":"US 46","route0_ref":"US 9","route0_status":"signed","route0_role":"mainline","route0_tensDigit":0,"route0_onesDigit":"odd","route0_tier":"primary","route1_ref":"US 46","route1_status":"unsigned","route1_role":"mainline","route1_tensDigit":4,"route1_onesDigit":"even","route1_tier":"primary"},"geometry":{"type":"LineString","coordinates":[[-73.9633049,40.853806],[-73.9635257,40.8538535]]},"id":"way/42502956"},{"type":"Feature","properties":{"@id":"way/46590477","name":"George Washington Bridge Lower Level","ref":"I 95;US 1;US 9","unsigned_ref":"US 46","route0_ref":"US 1","route0_status":"signed","route0_role":"mainline","route0_tensDigit":0,"route0_onesDigit":"odd","route0_tier":"major","route1_ref":"US 46","route1_status":"unsigned","route1_role":"mainline","route1_tensDigit":4,"route1_onesDigit":"even","route1_tier":"primary"},"geometry":{"type":"LineString","coordinates":[[-73.9607266,40.8531696],[-73.9525431,40.8515613]]},"id":"way/46590477"},{"type":"Feature","properties":{"@id":"way/46590477","name":"George Washington Bridge Lower Level","ref":"I 95;US 1;US 9","unsigned_ref":"US 46","route0_ref":"US 9","route0_status":"signed","route0_role":"mainline","route0_tensDigit":0,"route0_onesDigit":"odd","route0_tier":"primary","route1_ref":"US 46","route1_status":"unsigned","route1_role":"mainline","route1_tensDigit":4,"route1_onesDigit":"even","route1_tier":"primary"},"geometry":{"type":"LineString","coordinates":[[-73.9607266,40.8531696],[-73.9525431,40.8515613]]},"id":"way/46590477"},{"type":"Feature","properties":{"@id":"way/49036344","name":"George Washington Bridge Upper Level","ref":"I 95;US 1;US 9","unsigned_ref":"US 46","route0_ref":"US 1","route0_status":"signed","route0_role":"mainline","route0_tensDigit":0,"route0_onesDigit":"odd","route0_tier":"major","route1_ref":"US 46","route1_status":"unsigned","route1_role":"mainline","route1_tensDigit":4,"route1_onesDigit":"even","route1_tier":"primary"},"geometry":{"type":"LineString","coordinates":[[-73.9524621,40.8516917],[-73.959798,40.8531194],[-73.9606814,40.8532913]]},"id":"way/49036344"},{"type":"Feature","properties":{"@id":"way/49036344","name":"George Washington Bridge Upper Level","ref":"I 95;US 1;US 9","unsigned_ref":"US 46","route0_ref":"US 9","route0_status":"signed","route0_role":"mainline","route0_tensDigit":0,"route0_onesDigit":"odd","route0_tier":"primary","route1_ref":"US 46","route1_status":"unsigned","route1_role":"mainline","route1_tensDigit":4,"route1_onesDigit":"even","route1_tier":"primary"},"geometry":{"type":"LineString","coordinates":[[-73.9524621,40.8516917],[-73.959798,40.8531194],[-73.9606814,40.8532913]]},"id":"way/49036344"},{"type":"Feature","properties":{"@id":"way/50074178","name":"George Washington Bridge Lower Level","ref":"I 95;US 1;US 9","unsigned_ref":"US 46","route0_ref":"US 1","route0_status":"signed","route0_role":"mainline","route0_tensDigit":0,"route0_onesDigit":"odd","route0_tier":"major","route1_ref":"US 46","route1_status":"unsigned","route1_role":"mainline","route1_tensDigit":4,"route1_onesDigit":"even","route1_tier":"primary"},"geometry":{"type":"LineString","coordinates":[[-73.9720894,40.8559602],[-73.9719774,40.8558875],[-73.9718644,40.8558147],[-73.9717603,40.855746],[-73.9716442,40.8556658],[-73.9715484,40.8555954],[-73.971443,40.8555186],[-73.971334,40.855441],[-73.9712196,40.8553582],[-73.9710944,40.8552675]]},"id":"way/50074178"},{"type":"Feature","properties":{"@id":"way/50074178","name":"George Washington Bridge Lower Level","ref":"I 95;US 1;US 9","unsigned_ref":"US 46","route0_ref":"US 9","route0_status":"signed","route0_role":"mainline","route0_tensDigit":0,"route0_onesDigit":"odd","route0_tier":"primary","route1_ref":"US 46","route1_status":"unsigned","route1_role":"mainline","route1_tensDigit":4,"route1_onesDigit":"even","route1_tier":"primary"},"geometry":{"type":"LineString","coordinates":[[-73.9720894,40.8559602],[-73.9719774,40.8558875],[-73.9718644,40.8558147],[-73.9717603,40.855746],[-73.9716442,40.8556658],[-73.9715484,40.8555954],[-73.971443,40.8555186],[-73.971334,40.855441],[-73.9712196,40.8553582],[-73.9710944,40.8552675]]},"id":"way/50074178"},{"type":"Feature","properties":{"@id":"way/50074179","name":"George Washington Bridge Lower Level","ref":"I 95;US 1;US 9","unsigned_ref":"US 46","route0_ref":"US 1","route0_status":"signed","route0_role":"mainline","route0_tensDigit":0,"route0_onesDigit":"odd","route0_tier":"major","route1_ref":"US 46","route1_status":"unsigned","route1_role":"mainline","route1_tensDigit":4,"route1_onesDigit":"even","route1_tier":"primary"},"geometry":{"type":"LineString","coordinates":[[-73.9729743,40.8565533],[-73.9728446,40.8564694],[-73.9727371,40.8563964],[-73.9726331,40.856325],[-73.9724152,40.8561766],[-73.9722515,40.8560677]]},"id":"way/50074179"},{"type":"Feature","properties":{"@id":"way/50074179","name":"George Washington Bridge Lower Level","ref":"I 95;US 1;US 9","unsigned_ref":"US 46","route0_ref":"US 9","route0_status":"signed","route0_role":"mainline","route0_tensDigit":0,"route0_onesDigit":"odd","route0_tier":"primary","route1_ref":"US 46","route1_status":"unsigned","route1_role":"mainline","route1_tensDigit":4,"route1_onesDigit":"even","route1_tier":"primary"},"geometry":{"type":"LineString","coordinates":[[-73.9729743,40.8565533],[-73.9728446,40.8564694],[-73.9727371,40.8563964],[-73.9726331,40.856325],[-73.9724152,40.8561766],[-73.9722515,40.8560677]]},"id":"way/50074179"},{"type":"Feature","properties":{"@id":"way/120718209","name":"George Washington Bridge Upper Level","ref":"I 95;US 1;US 9","unsigned_ref":"US 46","route0_ref":"US 1","route0_status":"signed","route0_role":"mainline","route0_tensDigit":0,"route0_onesDigit":"odd","route0_tier":"major","route1_ref":"US 46","route1_status":"unsigned","route1_role":"mainline","route1_tensDigit":4,"route1_onesDigit":"even","route1_tier":"primary"},"geometry":{"type":"LineString","coordinates":[[-73.9619038,40.8534168],[-73.9615709,40.8533491],[-73.9607219,40.8531838]]},"id":"way/120718209"},{"type":"Feature","properties":{"@id":"way/120718209","name":"George Washington Bridge Upper Level","ref":"I 95;US 1;US 9","unsigned_ref":"US 46","route0_ref":"US 9","route0_status":"signed","route0_role":"mainline","route0_tensDigit":0,"route0_onesDigit":"odd","route0_tier":"primary","route1_ref":"US 46","route1_status":"unsigned","route1_role":"mainline","route1_tensDigit":4,"route1_onesDigit":"even","route1_tier":"primary"},"geometry":{"type":"LineString","coordinates":[[-73.9619038,40.8534168],[-73.9615709,40.8533491],[-73.9607219,40.8531838]]},"id":"way/120718209"},{"type":"Feature","properties":{"@id":"way/122095933","name":"George Washington Bridge Upper Level","ref":"I 95;US 1;US 9","unsigned_ref":"US 46","route0_ref":"US 1","route0_status":"signed","route0_role":"mainline","route0_tensDigit":0,"route0_onesDigit":"odd","route0_tier":"major","route1_ref":"US 46","route1_status":"unsigned","route1_role":"mainline","route1_tensDigit":4,"route1_onesDigit":"even","route1_tier":"primary"},"geometry":{"type":"LineString","coordinates":[[-73.9696524,40.8551821],[-73.9700921,40.8553492],[-73.9704393,40.8554937],[-73.9705324,40.8555337],[-73.9706454,40.8555847],[-73.970746,40.8556304],[-73.9708553,40.8556821],[-73.9709712,40.8557358],[-73.9710834,40.8557912],[-73.9711937,40.8558463],[-73.9713053,40.8559025],[-73.9714169,40.855962],[-73.9715296,40.856024],[-73.9716351,40.8560838],[-73.9717404,40.8561456],[-73.971845,40.8562073],[-73.9719482,40.8562721],[-73.9725496,40.8566795]]},"id":"way/122095933"},{"type":"Feature","properties":{"@id":"way/122095933","name":"George Washington Bridge Upper Level","ref":"I 95;US 1;US 9","unsigned_ref":"US 46","route0_ref":"US 9","route0_status":"signed","route0_role":"mainline","route0_tensDigit":0,"route0_onesDigit":"odd","route0_tier":"primary","route1_ref":"US 46","route1_status":"unsigned","route1_role":"mainline","route1_tensDigit":4,"route1_onesDigit":"even","route1_tier":"primary"},"geometry":{"type":"LineString","coordinates":[[-73.9696524,40.8551821],[-73.9700921,40.8553492],[-73.9704393,40.8554937],[-73.9705324,40.8555337],[-73.9706454,40.8555847],[-73.970746,40.8556304],[-73.9708553,40.8556821],[-73.9709712,40.8557358],[-73.9710834,40.8557912],[-73.9711937,40.8558463],[-73.9713053,40.8559025],[-73.9714169,40.855962],[-73.9715296,40.856024],[-73.9716351,40.8560838],[-73.9717404,40.8561456],[-73.971845,40.8562073],[-73.9719482,40.8562721],[-73.9725496,40.8566795]]},"id":"way/122095933"},{"type":"Feature","properties":{"@id":"way/124083371","name":"George Washington Bridge Upper Level","ref":"I 95;US 1;US 9","unsigned_ref":"US 46","route0_ref":"US 1","route0_status":"signed","route0_role":"mainline","route0_tensDigit":0,"route0_onesDigit":"odd","route0_tier":"major","route1_ref":"US 46","route1_status":"unsigned","route1_role":"mainline","route1_tensDigit":4,"route1_onesDigit":"even","route1_tier":"primary"},"geometry":{"type":"LineString","coordinates":[[-73.9615915,40.8534734],[-73.9623477,40.853613],[-73.9624632,40.8536368],[-73.9626009,40.8536646],[-73.9627448,40.8536943],[-73.9628819,40.8537221],[-73.9630211,40.8537499],[-73.9633049,40.853806]]},"id":"way/124083371"},{"type":"Feature","properties":{"@id":"way/124083371","name":"George Washington Bridge Upper Level","ref":"I 95;US 1;US 9","unsigned_ref":"US 46","route0_ref":"US 9","route0_status":"signed","route0_role":"mainline","route0_tensDigit":0,"route0_onesDigit":"odd","route0_tier":"primary","route1_ref":"US 46","route1_status":"unsigned","route1_role":"mainline","route1_tensDigit":4,"route1_onesDigit":"even","route1_tier":"primary"},"geometry":{"type":"LineString","coordinates":[[-73.9615915,40.8534734],[-73.9623477,40.853613],[-73.9624632,40.8536368],[-73.9626009,40.8536646],[-73.9627448,40.8536943],[-73.9628819,40.8537221],[-73.9630211,40.8537499],[-73.9633049,40.853806]]},"id":"way/124083371"},{"type":"Feature","properties":{"@id":"way/583831660","name":"George Washington Bridge Upper Level","ref":"I 95;US 1;US 9","unsigned_ref":"US 46","route0_ref":"US 1","route0_status":"signed","route0_role":"mainline","route0_tensDigit":0,"route0_onesDigit":"odd","route0_tier":"major","route1_ref":"US 46","route1_status":"unsigned","route1_role":"mainline","route1_tensDigit":4,"route1_onesDigit":"even","route1_tier":"primary"},"geometry":{"type":"LineString","coordinates":[[-73.9635257,40.8538535],[-73.9639164,40.8539389]]},"id":"way/583831660"},{"type":"Feature","properties":{"@id":"way/583831660","name":"George Washington Bridge Upper Level","ref":"I 95;US 1;US 9","unsigned_ref":"US 46","route0_ref":"US 9","route0_status":"signed","route0_role":"mainline","route0_tensDigit":0,"route0_onesDigit":"odd","route0_tier":"primary","route1_ref":"US 46","route1_status":"unsigned","route1_role":"mainline","route1_tensDigit":4,"route1_onesDigit":"even","route1_tier":"primary"},"geometry":{"type":"LineString","coordinates":[[-73.9635257,40.8538535],[-73.9639164,40.8539389]]},"id":"way/583831660"},{"type":"Feature","properties":{"@id":"way/849939329","name":"George Washington Bridge Lower Level","ref":"I 95;US 1;US 9","unsigned_ref":"US 46","route0_ref":"US 1","route0_status":"signed","route0_role":"mainline","route0_tensDigit":0,"route0_onesDigit":"odd","route0_tier":"major","route1_ref":"US 46","route1_status":"unsigned","route1_role":"mainline","route1_tensDigit":4,"route1_onesDigit":"even","route1_tier":"primary"},"geometry":{"type":"LineString","coordinates":[[-73.9649614,40.853695],[-73.9648578,40.8536834],[-73.9646974,40.8536608],[-73.9645593,40.8536369],[-73.9644244,40.8536114],[-73.9642774,40.8535819],[-73.9639744,40.8535214],[-73.9636769,40.8534651],[-73.9634296,40.8534207],[-73.9632971,40.8534],[-73.9631511,40.8533819],[-73.9630058,40.8533692],[-73.9629359,40.8533648],[-73.9628691,40.8533626],[-73.9627141,40.8533598],[-73.9626656,40.85336]]},"id":"way/849939329"},{"type":"Feature","properties":{"@id":"way/849939329","name":"George Washington Bridge Lower Level","ref":"I 95;US 1;US 9","unsigned_ref":"US 46","route0_ref":"US 9","route0_status":"signed","route0_role":"mainline","route0_tensDigit":0,"route0_onesDigit":"odd","route0_tier":"primary","route1_ref":"US 46","route1_status":"unsigned","route1_role":"mainline","route1_tensDigit":4,"route1_onesDigit":"even","route1_tier":"primary"},"geometry":{"type":"LineString","coordinates":[[-73.9649614,40.853695],[-73.9648578,40.8536834],[-73.9646974,40.8536608],[-73.9645593,40.8536369],[-73.9644244,40.8536114],[-73.9642774,40.8535819],[-73.9639744,40.8535214],[-73.9636769,40.8534651],[-73.9634296,40.8534207],[-73.9632971,40.8534],[-73.9631511,40.8533819],[-73.9630058,40.8533692],[-73.9629359,40.8533648],[-73.9628691,40.8533626],[-73.9627141,40.8533598],[-73.9626656,40.85336]]},"id":"way/849939329"},{"type":"Feature","properties":{"@id":"way/849939331","name":"George Washington Bridge Lower Level","ref":"I 95;US 1;US 9","unsigned_ref":"US 46","route0_ref":"US 1","route0_status":"signed","route0_role":"mainline","route0_tensDigit":0,"route0_onesDigit":"odd","route0_tier":"major","route1_ref":"US 46","route1_status":"unsigned","route1_role":"mainline","route1_tensDigit":4,"route1_onesDigit":"even","route1_tier":"primary"},"geometry":{"type":"LineString","coordinates":[[-73.9652695,40.853719],[-73.9649614,40.853695]]},"id":"way/849939331"},{"type":"Feature","properties":{"@id":"way/849939331","name":"George Washington Bridge Lower Level","ref":"I 95;US 1;US 9","unsigned_ref":"US 46","route0_ref":"US 9","route0_status":"signed","route0_role":"mainline","route0_tensDigit":0,"route0_onesDigit":"odd","route0_tier":"primary","route1_ref":"US 46","route1_status":"unsigned","route1_role":"mainline","route1_tensDigit":4,"route1_onesDigit":"even","route1_tier":"primary"},"geometry":{"type":"LineString","coordinates":[[-73.9652695,40.853719],[-73.9649614,40.853695]]},"id":"way/849939331"},{"type":"Feature","properties":{"@id":"way/849951091","name":"George Washington Bridge Lower Level","ref":"I 95;US 1;US 9","unsigned_ref":"US 46","route0_ref":"US 1","route0_status":"signed","route0_role":"mainline","route0_tensDigit":0,"route0_onesDigit":"odd","route0_tier":"major","route1_ref":"US 46","route1_status":"unsigned","route1_role":"mainline","route1_tensDigit":4,"route1_onesDigit":"even","route1_tier":"primary"},"geometry":{"type":"LineString","coordinates":[[-73.9710944,40.8552675],[-73.9709743,40.8551835],[-73.970917,40.8551443],[-73.9708579,40.8551048],[-73.9708008,40.8550682],[-73.9707418,40.8550313],[-73.9706849,40.8549975],[-73.9706376,40.8549696],[-73.9705286,40.8549113],[-73.9704196,40.8548531],[-73.9703277,40.8548095],[-73.9702357,40.854766],[-73.9701288,40.8547212],[-73.9700108,40.8546717],[-73.969783,40.8545852],[-73.9696219,40.8545279],[-73.9695573,40.8545065],[-73.9694079,40.8544583],[-73.9692266,40.8544012],[-73.969134,40.8543728],[-73.9690975,40.8543616],[-73.9689522,40.8543185],[-73.9688027,40.8542789],[-73.9686395,40.8542409],[-73.9683667,40.8541864]]},"id":"way/849951091"},{"type":"Feature","properties":{"@id":"way/849951091","name":"George Washington Bridge Lower Level","ref":"I 95;US 1;US 9","unsigned_ref":"US 46","route0_ref":"US 9","route0_status":"signed","route0_role":"mainline","route0_tensDigit":0,"route0_onesDigit":"odd","route0_tier":"primary","route1_ref":"US 46","route1_status":"unsigned","route1_role":"mainline","route1_tensDigit":4,"route1_onesDigit":"even","route1_tier":"primary"},"geometry":{"type":"LineString","coordinates":[[-73.9710944,40.8552675],[-73.9709743,40.8551835],[-73.970917,40.8551443],[-73.9708579,40.8551048],[-73.9708008,40.8550682],[-73.9707418,40.8550313],[-73.9706849,40.8549975],[-73.9706376,40.8549696],[-73.9705286,40.8549113],[-73.9704196,40.8548531],[-73.9703277,40.8548095],[-73.9702357,40.854766],[-73.9701288,40.8547212],[-73.9700108,40.8546717],[-73.969783,40.8545852],[-73.9696219,40.8545279],[-73.9695573,40.8545065],[-73.9694079,40.8544583],[-73.9692266,40.8544012],[-73.969134,40.8543728],[-73.9690975,40.8543616],[-73.9689522,40.8543185],[-73.9688027,40.8542789],[-73.9686395,40.8542409],[-73.9683667,40.8541864]]},"id":"way/849951091"},{"type":"Feature","properties":{"@id":"way/849951094","name":"George Washington Bridge Lower Level","ref":"I 95;US 1;US 9","unsigned_ref":"US 46","route0_ref":"US 1","route0_status":"signed","route0_role":"mainline","route0_tensDigit":0,"route0_onesDigit":"odd","route0_tier":"major","route1_ref":"US 46","route1_status":"unsigned","route1_role":"mainline","route1_tensDigit":4,"route1_onesDigit":"even","route1_tier":"primary"},"geometry":{"type":"LineString","coordinates":[[-73.9678185,40.8540683],[-73.9676784,40.8540394],[-73.9675586,40.8540173],[-73.9674031,40.8539889],[-73.9672634,40.8539639],[-73.9671209,40.8539393]]},"id":"way/849951094"},{"type":"Feature","properties":{"@id":"way/849951094","name":"George Washington Bridge Lower Level","ref":"I 95;US 1;US 9","unsigned_ref":"US 46","route0_ref":"US 9","route0_status":"signed","route0_role":"mainline","route0_tensDigit":0,"route0_onesDigit":"odd","route0_tier":"primary","route1_ref":"US 46","route1_status":"unsigned","route1_role":"mainline","route1_tensDigit":4,"route1_onesDigit":"even","route1_tier":"primary"},"geometry":{"type":"LineString","coordinates":[[-73.9678185,40.8540683],[-73.9676784,40.8540394],[-73.9675586,40.8540173],[-73.9674031,40.8539889],[-73.9672634,40.8539639],[-73.9671209,40.8539393]]},"id":"way/849951094"},{"type":"Feature","properties":{"@id":"way/962282040","name":"George Washington Bridge Lower Level","ref":"I 95;US 1;US 9","unsigned_ref":"US 46","route0_ref":"US 1","route0_status":"signed","route0_role":"mainline","route0_tensDigit":0,"route0_onesDigit":"odd","route0_tier":"major","route1_ref":"US 46","route1_status":"unsigned","route1_role":"mainline","route1_tensDigit":4,"route1_onesDigit":"even","route1_tier":"primary"},"geometry":{"type":"LineString","coordinates":[[-73.9722515,40.8560677],[-73.9721331,40.8559891],[-73.9720894,40.8559602]]},"id":"way/962282040"},{"type":"Feature","properties":{"@id":"way/962282040","name":"George Washington Bridge Lower Level","ref":"I 95;US 1;US 9","unsigned_ref":"US 46","route0_ref":"US 9","route0_status":"signed","route0_role":"mainline","route0_tensDigit":0,"route0_onesDigit":"odd","route0_tier":"primary","route1_ref":"US 46","route1_status":"unsigned","route1_role":"mainline","route1_tensDigit":4,"route1_onesDigit":"even","route1_tier":"primary"},"geometry":{"type":"LineString","coordinates":[[-73.9722515,40.8560677],[-73.9721331,40.8559891],[-73.9720894,40.8559602]]},"id":"way/962282040"},{"type":"Feature","properties":{"@id":"way/1026371206","name":"George Washington Bridge Lower Level","ref":"I 95;US 1;US 9","unsigned_ref":"US 46","route0_ref":"US 1","route0_status":"signed","route0_role":"mainline","route0_tensDigit":0,"route0_onesDigit":"odd","route0_tier":"major","route1_ref":"US 46","route1_status":"unsigned","route1_role":"mainline","route1_tensDigit":4,"route1_onesDigit":"even","route1_tier":"primary"},"geometry":{"type":"LineString","coordinates":[[-73.9617468,40.8533173],[-73.9612837,40.8532567],[-73.9610074,40.8532165],[-73.9608611,40.8531936],[-73.9607266,40.8531696]]},"id":"way/1026371206"},{"type":"Feature","properties":{"@id":"way/1026371206","name":"George Washington Bridge Lower Level","ref":"I 95;US 1;US 9","unsigned_ref":"US 46","route0_ref":"US 9","route0_status":"signed","route0_role":"mainline","route0_tensDigit":0,"route0_onesDigit":"odd","route0_tier":"primary","route1_ref":"US 46","route1_status":"unsigned","route1_role":"mainline","route1_tensDigit":4,"route1_onesDigit":"even","route1_tier":"primary"},"geometry":{"type":"LineString","coordinates":[[-73.9617468,40.8533173],[-73.9612837,40.8532567],[-73.9610074,40.8532165],[-73.9608611,40.8531936],[-73.9607266,40.8531696]]},"id":"way/1026371206"},{"type":"Feature","properties":{"@id":"way/1303591877","name":"George Washington Bridge Upper Level","ref":"I 95;US 1;US 9","unsigned_ref":"US 46","route0_ref":"US 1","route0_status":"signed","route0_role":"mainline","route0_tensDigit":0,"route0_onesDigit":"odd","route0_tier":"major","route1_ref":"US 46","route1_status":"unsigned","route1_role":"mainline","route1_tensDigit":4,"route1_onesDigit":"even","route1_tier":"primary"},"geometry":{"type":"LineString","coordinates":[[-73.9624919,40.8535384],[-73.9623559,40.8535109],[-73.9620627,40.8534506],[-73.9619038,40.8534168]]},"id":"way/1303591877"},{"type":"Feature","properties":{"@id":"way/1303591877","name":"George Washington Bridge Upper Level","ref":"I 95;US 1;US 9","unsigned_ref":"US 46","route0_ref":"US 9","route0_status":"signed","route0_role":"mainline","route0_tensDigit":0,"route0_onesDigit":"odd","route0_tier":"primary","route1_ref":"US 46","route1_status":"unsigned","route1_role":"mainline","route1_tensDigit":4,"route1_onesDigit":"even","route1_tier":"primary"},"geometry":{"type":"LineString","coordinates":[[-73.9624919,40.8535384],[-73.9623559,40.8535109],[-73.9620627,40.8534506],[-73.9619038,40.8534168]]},"id":"way/1303591877"},{"type":"Feature","properties":{"@id":"way/1339758950","name":"George Washington Bridge Upper Level","ref":"I 95;US 1;US 9","unsigned_ref":"US 46","route0_ref":"US 1","route0_status":"signed","route0_role":"mainline","route0_tensDigit":0,"route0_onesDigit":"odd","route0_tier":"major","route1_ref":"US 46","route1_status":"unsigned","route1_role":"mainline","route1_tensDigit":4,"route1_onesDigit":"even","route1_tier":"primary"},"geometry":{"type":"LineString","coordinates":[[-73.9612927,40.8534158],[-73.9615915,40.8534734]]},"id":"way/1339758950"},{"type":"Feature","properties":{"@id":"way/1339758950","name":"George Washington Bridge Upper Level","ref":"I 95;US 1;US 9","unsigned_ref":"US 46","route0_ref":"US 9","route0_status":"signed","route0_role":"mainline","route0_tensDigit":0,"route0_onesDigit":"odd","route0_tier":"primary","route1_ref":"US 46","route1_status":"unsigned","route1_role":"mainline","route1_tensDigit":4,"route1_onesDigit":"even","route1_tier":"primary"},"geometry":{"type":"LineString","coordinates":[[-73.9612927,40.8534158],[-73.9615915,40.8534734]]},"id":"way/1339758950"},{"type":"Feature","properties":{"@id":"way/1341660379","name":"George Washington Bridge Lower Level","ref":"I 95;US 1;US 9","unsigned_ref":"US 46","route0_ref":"US 1","route0_status":"signed","route0_role":"mainline","route0_tensDigit":0,"route0_onesDigit":"odd","route0_tier":"major","route1_ref":"US 46","route1_status":"unsigned","route1_role":"mainline","route1_tensDigit":4,"route1_onesDigit":"even","route1_tier":"primary"},"geometry":{"type":"LineString","coordinates":[[-73.9683667,40.8541864],[-73.967963,40.8540965],[-73.9678185,40.8540683]]},"id":"way/1341660379"},{"type":"Feature","properties":{"@id":"way/1341660379","name":"George Washington Bridge Lower Level","ref":"I 95;US 1;US 9","unsigned_ref":"US 46","route0_ref":"US 9","route0_status":"signed","route0_role":"mainline","route0_tensDigit":0,"route0_onesDigit":"odd","route0_tier":"primary","route1_ref":"US 46","route1_status":"unsigned","route1_role":"mainline","route1_tensDigit":4,"route1_onesDigit":"even","route1_tier":"primary"},"geometry":{"type":"LineString","coordinates":[[-73.9683667,40.8541864],[-73.967963,40.8540965],[-73.9678185,40.8540683]]},"id":"way/1341660379"},{"type":"Feature","properties":{"@id":"way/16642340","name":"Jefferson Davis Highway","ref":"US 1;US 15;US 501","route0_ref":"US 501","route0_status":"signed","route0_role":"mainline","route0_tensDigit":0,"route0_onesDigit":"odd","route0_tier":"auxiliary","route1_ref":"US 15","route1_status":"signed","route1_role":"mainline","route1_tensDigit":1,"route1_onesDigit":"odd","route1_tier":"primary"},"geometry":{"type":"LineString","coordinates":[[-79.2270535,35.4208858],[-79.227176,35.420615],[-79.227479,35.419982],[-79.227882,35.419088],[-79.227969,35.418899],[-79.2281692,35.4184675],[-79.2285502,35.4176466],[-79.2286854,35.4173553],[-79.2289452,35.4167955],[-79.2289814,35.4167075],[-79.229135,35.4163539],[-79.2299167,35.4146031],[-79.2300281,35.4143536],[-79.230111,35.414168],[-79.2306008,35.4131134],[-79.2307636,35.4127735],[-79.231058,35.412126],[-79.2310657,35.4121047],[-79.2311518,35.4118678],[-79.231305,35.411446],[-79.231545,35.410614],[-79.2315543,35.4105664],[-79.2316037,35.4103472],[-79.2316416,35.4101449],[-79.231674,35.4099643],[-79.2317064,35.4097167],[-79.2317465,35.4092854],[-79.231768,35.4089572],[-79.23176,35.408364],[-79.231751,35.407741],[-79.2317279,35.4071704],[-79.2316884,35.4061965]]},"id":"way/16642340"},{"type":"Feature","properties":{"@id":"way/16642340","name":"Jefferson Davis Highway","ref":"US 1;US 15;US 501","route0_ref":"US 1","route0_status":"signed","route0_role":"mainline","route0_tensDigit":0,"route0_onesDigit":"odd","route0_tier":"major","route1_ref":"US 15","route1_status":"signed","route1_role":"mainline","route1_tensDigit":1,"route1_onesDigit":"odd","route1_tier":"primary"},"geometry":{"type":"LineString","coordinates":[[-79.2270535,35.4208858],[-79.227176,35.420615],[-79.227479,35.419982],[-79.227882,35.419088],[-79.227969,35.418899],[-79.2281692,35.4184675],[-79.2285502,35.4176466],[-79.2286854,35.4173553],[-79.2289452,35.4167955],[-79.2289814,35.4167075],[-79.229135,35.4163539],[-79.2299167,35.4146031],[-79.2300281,35.4143536],[-79.230111,35.414168],[-79.2306008,35.4131134],[-79.2307636,35.4127735],[-79.231058,35.412126],[-79.2310657,35.4121047],[-79.2311518,35.4118678],[-79.231305,35.411446],[-79.231545,35.410614],[-79.2315543,35.4105664],[-79.2316037,35.4103472],[-79.2316416,35.4101449],[-79.231674,35.4099643],[-79.2317064,35.4097167],[-79.2317465,35.4092854],[-79.231768,35.4089572],[-79.23176,35.408364],[-79.231751,35.407741],[-79.2317279,35.4071704],[-79.2316884,35.4061965]]},"id":"way/16642340"},{"type":"Feature","properties":{"@id":"way/16679647","name":"South Sandhills Boulevard","ref":"US 1;US 15;US 501;NC 211","route0_ref":"US 501","route0_status":"signed","route0_role":"mainline","route0_tensDigit":0,"route0_onesDigit":"odd","route0_tier":"auxiliary","route1_ref":"US 15","route1_status":"signed","route1_role":"mainline","route1_tensDigit":1,"route1_onesDigit":"odd","route1_tier":"primary"},"geometry":{"type":"LineString","coordinates":[[-79.429762,35.1314932],[-79.4294773,35.1320044],[-79.429204,35.1324691],[-79.4288721,35.1330334],[-79.4288553,35.133062],[-79.4287794,35.1331924],[-79.4287769,35.1331966],[-79.4287594,35.1332251],[-79.4287442,35.1332509]]},"id":"way/16679647"},{"type":"Feature","properties":{"@id":"way/16679647","name":"South Sandhills Boulevard","ref":"US 1;US 15;US 501;NC 211","route0_ref":"US 1","route0_status":"signed","route0_role":"mainline","route0_tensDigit":0,"route0_onesDigit":"odd","route0_tier":"major","route1_ref":"US 15","route1_status":"signed","route1_role":"mainline","route1_tensDigit":1,"route1_onesDigit":"odd","route1_tier":"primary"},"geometry":{"type":"LineString","coordinates":[[-79.429762,35.1314932],[-79.4294773,35.1320044],[-79.429204,35.1324691],[-79.4288721,35.1330334],[-79.4288553,35.133062],[-79.4287794,35.1331924],[-79.4287769,35.1331966],[-79.4287594,35.1332251],[-79.4287442,35.1332509]]},"id":"way/16679647"},{"type":"Feature","properties":{"@id":"way/16679652","name":"South Sandhills Boulevard","ref":"US 1;US 15;US 501;NC 211","route0_ref":"US 501","route0_status":"signed","route0_role":"mainline","route0_tensDigit":0,"route0_onesDigit":"odd","route0_tier":"auxiliary","route1_ref":"US 15","route1_status":"signed","route1_role":"mainline","route1_tensDigit":1,"route1_onesDigit":"odd","route1_tier":"primary"},"geometry":{"type":"LineString","coordinates":[[-79.4307435,35.1297129],[-79.4305694,35.1299836],[-79.4304702,35.130132],[-79.4303644,35.1302904],[-79.4302654,35.1304398],[-79.430254,35.130457],[-79.4300556,35.1308025],[-79.4298949,35.1310999],[-79.4297426,35.1313725],[-79.429762,35.1314932]]},"id":"way/16679652"},{"type":"Feature","properties":{"@id":"way/16679652","name":"South Sandhills Boulevard","ref":"US 1;US 15;US 501;NC 211","route0_ref":"US 1","route0_status":"signed","route0_role":"mainline","route0_tensDigit":0,"route0_onesDigit":"odd","route0_tier":"major","route1_ref":"US 15","route1_status":"signed","route1_role":"mainline","route1_tensDigit":1,"route1_onesDigit":"odd","route1_tier":"primary"},"geometry":{"type":"LineString","coordinates":[[-79.4307435,35.1297129],[-79.4305694,35.1299836],[-79.4304702,35.130132],[-79.4303644,35.1302904],[-79.4302654,35.1304398],[-79.430254,35.130457],[-79.4300556,35.1308025],[-79.4298949,35.1310999],[-79.4297426,35.1313725],[-79.429762,35.1314932]]},"id":"way/16679652"},{"type":"Feature","properties":{"@id":"way/27679094","name":"Jefferson Davis Highway","ref":"US 1;US 15;US 501","route0_ref":"US 501","route0_status":"signed","route0_role":"mainline","route0_tensDigit":0,"route0_onesDigit":"odd","route0_tier":"auxiliary","route1_ref":"US 15","route1_status":"signed","route1_role":"mainline","route1_tensDigit":1,"route1_onesDigit":"odd","route1_tier":"primary"},"geometry":{"type":"LineString","coordinates":[[-79.2143599,35.4509803],[-79.2145167,35.4505985],[-79.2146537,35.4502067],[-79.2147964,35.449731],[-79.2148901,35.4493223],[-79.2149701,35.448898],[-79.2150239,35.4485158],[-79.2150557,35.4481685],[-79.2150691,35.4478908],[-79.2150786,35.4473241],[-79.2150642,35.4467084],[-79.2150407,35.4454573],[-79.21504,35.4449175],[-79.2151078,35.4443163],[-79.2152688,35.4434893]]},"id":"way/27679094"},{"type":"Feature","properties":{"@id":"way/27679094","name":"Jefferson Davis Highway","ref":"US 1;US 15;US 501","route0_ref":"US 1","route0_status":"signed","route0_role":"mainline","route0_tensDigit":0,"route0_onesDigit":"odd","route0_tier":"major","route1_ref":"US 15","route1_status":"signed","route1_role":"mainline","route1_tensDigit":1,"route1_onesDigit":"odd","route1_tier":"primary"},"geometry":{"type":"LineString","coordinates":[[-79.2143599,35.4509803],[-79.2145167,35.4505985],[-79.2146537,35.4502067],[-79.2147964,35.449731],[-79.2148901,35.4493223],[-79.2149701,35.448898],[-79.2150239,35.4485158],[-79.2150557,35.4481685],[-79.2150691,35.4478908],[-79.2150786,35.4473241],[-79.2150642,35.4467084],[-79.2150407,35.4454573],[-79.21504,35.4449175],[-79.2151078,35.4443163],[-79.2152688,35.4434893]]},"id":"way/27679094"},{"type":"Feature","properties":{"@id":"way/27679100","name":"Jefferson Davis Highway","ref":"US 1;US 15;US 501","route0_ref":"US 501","route0_status":"signed","route0_role":"mainline","route0_tensDigit":0,"route0_onesDigit":"odd","route0_tier":"auxiliary","route1_ref":"US 15","route1_status":"signed","route1_role":"mainline","route1_tensDigit":1,"route1_onesDigit":"odd","route1_tier":"primary"},"geometry":{"type":"LineString","coordinates":[[-79.2268112,35.4209303],[-79.2267782,35.4209879],[-79.2265269,35.4214291],[-79.226066,35.422189]]},"id":"way/27679100"},{"type":"Feature","properties":{"@id":"way/27679100","name":"Jefferson Davis Highway","ref":"US 1;US 15;US 501","route0_ref":"US 1","route0_status":"signed","route0_role":"mainline","route0_tensDigit":0,"route0_onesDigit":"odd","route0_tier":"major","route1_ref":"US 15","route1_status":"signed","route1_role":"mainline","route1_tensDigit":1,"route1_onesDigit":"odd","route1_tier":"primary"},"geometry":{"type":"LineString","coordinates":[[-79.2268112,35.4209303],[-79.2267782,35.4209879],[-79.2265269,35.4214291],[-79.226066,35.422189]]},"id":"way/27679100"},{"type":"Feature","properties":{"@id":"way/27679118","name":"Jefferson Davis Highway","ref":"US 1;US 15;US 501","route0_ref":"US 501","route0_status":"signed","route0_role":"mainline","route0_tensDigit":0,"route0_onesDigit":"odd","route0_tier":"auxiliary","route1_ref":"US 15","route1_status":"signed","route1_role":"mainline","route1_tensDigit":1,"route1_onesDigit":"odd","route1_tier":"primary"},"geometry":{"type":"LineString","coordinates":[[-79.226257,35.422256],[-79.2266637,35.4215901],[-79.2269941,35.4209976],[-79.2270535,35.4208858]]},"id":"way/27679118"},{"type":"Feature","properties":{"@id":"way/27679118","name":"Jefferson Davis Highway","ref":"US 1;US 15;US 501","route0_ref":"US 1","route0_status":"signed","route0_role":"mainline","route0_tensDigit":0,"route0_onesDigit":"odd","route0_tier":"major","route1_ref":"US 15","route1_status":"signed","route1_role":"mainline","route1_tensDigit":1,"route1_onesDigit":"odd","route1_tier":"primary"},"geometry":{"type":"LineString","coordinates":[[-79.226257,35.422256],[-79.2266637,35.4215901],[-79.2269941,35.4209976],[-79.2270535,35.4208858]]},"id":"way/27679118"},{"type":"Feature","properties":{"@id":"way/34922099","name":"Jefferson Davis Highway","ref":"US 1;US 15;US 501","route0_ref":"US 501","route0_status":"signed","route0_role":"mainline","route0_tensDigit":0,"route0_onesDigit":"odd","route0_tier":"auxiliary","route1_ref":"US 15","route1_status":"signed","route1_role":"mainline","route1_tensDigit":1,"route1_onesDigit":"odd","route1_tier":"primary"},"geometry":{"type":"LineString","coordinates":[[-79.226066,35.422189],[-79.225826,35.4225987],[-79.224665,35.4245805],[-79.2245926,35.424704],[-79.2241319,35.4254913],[-79.2239124,35.425869],[-79.2233652,35.4268016],[-79.2224899,35.4282976],[-79.2221356,35.4288992],[-79.221863,35.429362],[-79.221813,35.42944],[-79.2218094,35.4294465],[-79.2215935,35.4298353],[-79.2214402,35.4301249]]},"id":"way/34922099"},{"type":"Feature","properties":{"@id":"way/34922099","name":"Jefferson Davis Highway","ref":"US 1;US 15;US 501","route0_ref":"US 1","route0_status":"signed","route0_role":"mainline","route0_tensDigit":0,"route0_onesDigit":"odd","route0_tier":"major","route1_ref":"US 15","route1_status":"signed","route1_role":"mainline","route1_tensDigit":1,"route1_onesDigit":"odd","route1_tier":"primary"},"geometry":{"type":"LineString","coordinates":[[-79.226066,35.422189],[-79.225826,35.4225987],[-79.224665,35.4245805],[-79.2245926,35.424704],[-79.2241319,35.4254913],[-79.2239124,35.425869],[-79.2233652,35.4268016],[-79.2224899,35.4282976],[-79.2221356,35.4288992],[-79.221863,35.429362],[-79.221813,35.42944],[-79.2218094,35.4294465],[-79.2215935,35.4298353],[-79.2214402,35.4301249]]},"id":"way/34922099"},{"type":"Feature","properties":{"@id":"way/42292255","name":"Jefferson Davis Highway","ref":"US 1;US 15;US 501","route0_ref":"US 501","route0_status":"signed","route0_role":"mainline","route0_tensDigit":0,"route0_onesDigit":"odd","route0_tier":"auxiliary","route1_ref":"US 15","route1_status":"signed","route1_role":"mainline","route1_tensDigit":1,"route1_onesDigit":"odd","route1_tier":"primary"},"geometry":{"type":"LineString","coordinates":[[-79.2314234,35.4038421],[-79.2314243,35.4039197],[-79.2314249,35.4040993],[-79.2314351,35.40443],[-79.2314562,35.4051512],[-79.2314702,35.4056192],[-79.231498,35.406198],[-79.231523,35.407189],[-79.2315259,35.4073],[-79.231567,35.408889],[-79.2315653,35.4090514],[-79.231562,35.409364],[-79.231527,35.4097025],[-79.231481,35.410049],[-79.231414,35.41037],[-79.231331,35.410767],[-79.231112,35.411469],[-79.2308637,35.412126],[-79.2306273,35.4126501],[-79.2305962,35.4127189],[-79.2300718,35.4138795],[-79.229531,35.415052],[-79.229098,35.416011],[-79.2287605,35.4167632],[-79.2286375,35.4170248],[-79.227764,35.418942],[-79.2275876,35.4193301],[-79.227564,35.419382],[-79.2269486,35.4206789],[-79.2268112,35.4209303]]},"id":"way/42292255"},{"type":"Feature","properties":{"@id":"way/42292255","name":"Jefferson Davis Highway","ref":"US 1;US 15;US 501","route0_ref":"US 1","route0_status":"signed","route0_role":"mainline","route0_tensDigit":0,"route0_onesDigit":"odd","route0_tier":"major","route1_ref":"US 15","route1_status":"signed","route1_role":"mainline","route1_tensDigit":1,"route1_onesDigit":"odd","route1_tier":"primary"},"geometry":{"type":"LineString","coordinates":[[-79.2314234,35.4038421],[-79.2314243,35.4039197],[-79.2314249,35.4040993],[-79.2314351,35.40443],[-79.2314562,35.4051512],[-79.2314702,35.4056192],[-79.231498,35.406198],[-79.231523,35.407189],[-79.2315259,35.4073],[-79.231567,35.408889],[-79.2315653,35.4090514],[-79.231562,35.409364],[-79.231527,35.4097025],[-79.231481,35.410049],[-79.231414,35.41037],[-79.231331,35.410767],[-79.231112,35.411469],[-79.2308637,35.412126],[-79.2306273,35.4126501],[-79.2305962,35.4127189],[-79.2300718,35.4138795],[-79.229531,35.415052],[-79.229098,35.416011],[-79.2287605,35.4167632],[-79.2286375,35.4170248],[-79.227764,35.418942],[-79.2275876,35.4193301],[-79.227564,35.419382],[-79.2269486,35.4206789],[-79.2268112,35.4209303]]},"id":"way/42292255"},{"type":"Feature","properties":{"@id":"way/111460453","name":"Jefferson Davis Highway","ref":"US 1;US 15;US 501;NC 87","route0_ref":"US 501","route0_status":"signed","route0_role":"mainline","route0_tensDigit":0,"route0_onesDigit":"odd","route0_tier":"auxiliary","route1_ref":"US 15","route1_status":"signed","route1_role":"mainline","route1_tensDigit":1,"route1_onesDigit":"odd","route1_tier":"primary"},"geometry":{"type":"LineString","coordinates":[[-79.1954531,35.4951166],[-79.1956415,35.4947751]]},"id":"way/111460453"},{"type":"Feature","properties":{"@id":"way/111460453","name":"Jefferson Davis Highway","ref":"US 1;US 15;US 501;NC 87","route0_ref":"US 1","route0_status":"signed","route0_role":"mainline","route0_tensDigit":0,"route0_onesDigit":"odd","route0_tier":"major","route1_ref":"US 15","route1_status":"signed","route1_role":"mainline","route1_tensDigit":1,"route1_onesDigit":"odd","route1_tier":"primary"},"geometry":{"type":"LineString","coordinates":[[-79.1954531,35.4951166],[-79.1956415,35.4947751]]},"id":"way/111460453"},{"type":"Feature","properties":{"@id":"way/111460457","name":"Jefferson Davis Highway","ref":"US 1;US 15;US 501;NC 87","route0_ref":"US 501","route0_status":"signed","route0_role":"mainline","route0_tensDigit":0,"route0_onesDigit":"odd","route0_tier":"auxiliary","route1_ref":"US 15","route1_status":"signed","route1_role":"mainline","route1_tensDigit":1,"route1_onesDigit":"odd","route1_tier":"primary"},"geometry":{"type":"LineString","coordinates":[[-79.1950712,35.4954582],[-79.194863,35.495835]]},"id":"way/111460457"},{"type":"Feature","properties":{"@id":"way/111460457","name":"Jefferson Davis Highway","ref":"US 1;US 15;US 501;NC 87","route0_ref":"US 1","route0_status":"signed","route0_role":"mainline","route0_tensDigit":0,"route0_onesDigit":"odd","route0_tier":"major","route1_ref":"US 15","route1_status":"signed","route1_role":"mainline","route1_tensDigit":1,"route1_onesDigit":"odd","route1_tier":"primary"},"geometry":{"type":"LineString","coordinates":[[-79.1950712,35.4954582],[-79.194863,35.495835]]},"id":"way/111460457"},{"type":"Feature","properties":{"@id":"way/111460462","name":"Jefferson Davis Highway","ref":"US 1;US 15;US 501;NC 87","route0_ref":"US 501","route0_status":"signed","route0_role":"mainline","route0_tensDigit":0,"route0_onesDigit":"odd","route0_tier":"auxiliary","route1_ref":"US 15","route1_status":"signed","route1_role":"mainline","route1_tensDigit":1,"route1_onesDigit":"odd","route1_tier":"primary"},"geometry":{"type":"LineString","coordinates":[[-79.1952143,35.4955436],[-79.1954531,35.4951166]]},"id":"way/111460462"},{"type":"Feature","properties":{"@id":"way/111460462","name":"Jefferson Davis Highway","ref":"US 1;US 15;US 501;NC 87","route0_ref":"US 1","route0_status":"signed","route0_role":"mainline","route0_tensDigit":0,"route0_onesDigit":"odd","route0_tier":"major","route1_ref":"US 15","route1_status":"signed","route1_role":"mainline","route1_tensDigit":1,"route1_onesDigit":"odd","route1_tier":"primary"},"geometry":{"type":"LineString","coordinates":[[-79.1952143,35.4955436],[-79.1954531,35.4951166]]},"id":"way/111460462"},{"type":"Feature","properties":{"@id":"way/111460488","name":"Jefferson Davis Highway","ref":"US 1;US 15;US 501;NC 87","route0_ref":"US 501","route0_status":"signed","route0_role":"mainline","route0_tensDigit":0,"route0_onesDigit":"odd","route0_tier":"auxiliary","route1_ref":"US 15","route1_status":"signed","route1_role":"mainline","route1_tensDigit":1,"route1_onesDigit":"odd","route1_tier":"primary"},"geometry":{"type":"LineString","coordinates":[[-79.1838791,35.5229338],[-79.1836558,35.5236175]]},"id":"way/111460488"},{"type":"Feature","properties":{"@id":"way/111460488","name":"Jefferson Davis Highway","ref":"US 1;US 15;US 501;NC 87","route0_ref":"US 1","route0_status":"signed","route0_role":"mainline","route0_tensDigit":0,"route0_onesDigit":"odd","route0_tier":"major","route1_ref":"US 15","route1_status":"signed","route1_role":"mainline","route1_tensDigit":1,"route1_onesDigit":"odd","route1_tier":"primary"},"geometry":{"type":"LineString","coordinates":[[-79.1838791,35.5229338],[-79.1836558,35.5236175]]},"id":"way/111460488"},{"type":"Feature","properties":{"@id":"way/111460502","name":"Jefferson Davis Highway","ref":"US 1;US 15;US 501;NC 87","route0_ref":"US 501","route0_status":"signed","route0_role":"mainline","route0_tensDigit":0,"route0_onesDigit":"odd","route0_tier":"auxiliary","route1_ref":"US 15","route1_status":"signed","route1_role":"mainline","route1_tensDigit":1,"route1_onesDigit":"odd","route1_tier":"primary"},"geometry":{"type":"LineString","coordinates":[[-79.1953215,35.4950185],[-79.1950712,35.4954582]]},"id":"way/111460502"},{"type":"Feature","properties":{"@id":"way/111460502","name":"Jefferson Davis Highway","ref":"US 1;US 15;US 501;NC 87","route0_ref":"US 1","route0_status":"signed","route0_role":"mainline","route0_tensDigit":0,"route0_onesDigit":"odd","route0_tier":"major","route1_ref":"US 15","route1_status":"signed","route1_role":"mainline","route1_tensDigit":1,"route1_onesDigit":"odd","route1_tier":"primary"},"geometry":{"type":"LineString","coordinates":[[-79.1953215,35.4950185],[-79.1950712,35.4954582]]},"id":"way/111460502"},{"type":"Feature","properties":{"@id":"way/111679306","name":"Jefferson Davis Highway","ref":"US 1;US 15;US 501","route0_ref":"US 501","route0_status":"signed","route0_role":"mainline","route0_tensDigit":0,"route0_onesDigit":"odd","route0_tier":"auxiliary","route1_ref":"US 15","route1_status":"signed","route1_role":"mainline","route1_tensDigit":1,"route1_onesDigit":"odd","route1_tier":"primary"},"geometry":{"type":"LineString","coordinates":[[-79.2141918,35.4509409],[-79.2141013,35.4511484],[-79.2139638,35.4514376],[-79.2137709,35.4517945],[-79.2135644,35.4521448],[-79.213346,35.4524983],[-79.213172,35.4527463],[-79.212895,35.453104],[-79.2126849,35.453373],[-79.212507,35.45357],[-79.211194,35.4551355]]},"id":"way/111679306"},{"type":"Feature","properties":{"@id":"way/111679306","name":"Jefferson Davis Highway","ref":"US 1;US 15;US 501","route0_ref":"US 1","route0_status":"signed","route0_role":"mainline","route0_tensDigit":0,"route0_onesDigit":"odd","route0_tier":"major","route1_ref":"US 15","route1_status":"signed","route1_role":"mainline","route1_tensDigit":1,"route1_onesDigit":"odd","route1_tier":"primary"},"geometry":{"type":"LineString","coordinates":[[-79.2141918,35.4509409],[-79.2141013,35.4511484],[-79.2139638,35.4514376],[-79.2137709,35.4517945],[-79.2135644,35.4521448],[-79.213346,35.4524983],[-79.213172,35.4527463],[-79.212895,35.453104],[-79.2126849,35.453373],[-79.212507,35.45357],[-79.211194,35.4551355]]},"id":"way/111679306"},{"type":"Feature","properties":{"@id":"way/111774364","name":"Jefferson Davis Highway","ref":"US 1;US 15;US 501;NC 87","route0_ref":"US 501","route0_status":"signed","route0_role":"mainline","route0_tensDigit":0,"route0_onesDigit":"odd","route0_tier":"auxiliary","route1_ref":"US 15","route1_status":"signed","route1_role":"mainline","route1_tensDigit":1,"route1_onesDigit":"odd","route1_tier":"primary"},"geometry":{"type":"LineString","coordinates":[[-79.195443,35.494794],[-79.1953215,35.4950185]]},"id":"way/111774364"},{"type":"Feature","properties":{"@id":"way/111774364","name":"Jefferson Davis Highway","ref":"US 1;US 15;US 501;NC 87","route0_ref":"US 1","route0_status":"signed","route0_role":"mainline","route0_tensDigit":0,"route0_onesDigit":"odd","route0_tier":"major","route1_ref":"US 15","route1_status":"signed","route1_role":"mainline","route1_tensDigit":1,"route1_onesDigit":"odd","route1_tier":"primary"},"geometry":{"type":"LineString","coordinates":[[-79.195443,35.494794],[-79.1953215,35.4950185]]},"id":"way/111774364"},{"type":"Feature","properties":{"@id":"way/111774368","name":"Jefferson Davis Highway","ref":"US 1;US 15;US 501","route0_ref":"US 501","route0_status":"signed","route0_role":"mainline","route0_tensDigit":0,"route0_onesDigit":"odd","route0_tier":"auxiliary","route1_ref":"US 15","route1_status":"signed","route1_role":"mainline","route1_tensDigit":1,"route1_onesDigit":"odd","route1_tier":"primary"},"geometry":{"type":"LineString","coordinates":[[-79.1968835,35.4899321],[-79.1973147,35.4870654],[-79.1974515,35.4862028],[-79.1975346,35.4857245],[-79.1976059,35.4853792],[-79.1976443,35.4851974],[-79.1976797,35.4850296],[-79.1977342,35.4847845],[-79.197902,35.484081]]},"id":"way/111774368"},{"type":"Feature","properties":{"@id":"way/111774368","name":"Jefferson Davis Highway","ref":"US 1;US 15;US 501","route0_ref":"US 1","route0_status":"signed","route0_role":"mainline","route0_tensDigit":0,"route0_onesDigit":"odd","route0_tier":"major","route1_ref":"US 15","route1_status":"signed","route1_role":"mainline","route1_tensDigit":1,"route1_onesDigit":"odd","route1_tier":"primary"},"geometry":{"type":"LineString","coordinates":[[-79.1968835,35.4899321],[-79.1973147,35.4870654],[-79.1974515,35.4862028],[-79.1975346,35.4857245],[-79.1976059,35.4853792],[-79.1976443,35.4851974],[-79.1976797,35.4850296],[-79.1977342,35.4847845],[-79.197902,35.484081]]},"id":"way/111774368"},{"type":"Feature","properties":{"@id":"way/111774370","name":"Jefferson Davis Highway","ref":"US 1;US 15;US 501","route0_ref":"US 501","route0_status":"signed","route0_role":"mainline","route0_tensDigit":0,"route0_onesDigit":"odd","route0_tier":"auxiliary","route1_ref":"US 15","route1_status":"signed","route1_role":"mainline","route1_tensDigit":1,"route1_onesDigit":"odd","route1_tier":"primary"},"geometry":{"type":"LineString","coordinates":[[-79.204236,35.465423],[-79.2045084,35.4646145],[-79.2046693,35.4642002],[-79.204845,35.463794],[-79.2050958,35.463265],[-79.205218,35.463015],[-79.2056553,35.462248],[-79.206075,35.461564],[-79.206753,35.460642],[-79.2072674,35.46003],[-79.2091983,35.457742],[-79.2113343,35.4552186]]},"id":"way/111774370"},{"type":"Feature","properties":{"@id":"way/111774370","name":"Jefferson Davis Highway","ref":"US 1;US 15;US 501","route0_ref":"US 1","route0_status":"signed","route0_role":"mainline","route0_tensDigit":0,"route0_onesDigit":"odd","route0_tier":"major","route1_ref":"US 15","route1_status":"signed","route1_role":"mainline","route1_tensDigit":1,"route1_onesDigit":"odd","route1_tier":"primary"},"geometry":{"type":"LineString","coordinates":[[-79.204236,35.465423],[-79.2045084,35.4646145],[-79.2046693,35.4642002],[-79.204845,35.463794],[-79.2050958,35.463265],[-79.205218,35.463015],[-79.2056553,35.462248],[-79.206075,35.461564],[-79.206753,35.460642],[-79.2072674,35.46003],[-79.2091983,35.457742],[-79.2113343,35.4552186]]},"id":"way/111774370"},{"type":"Feature","properties":{"@id":"way/111774431","name":"Jefferson Davis Highway","ref":"US 1;US 15;US 501","route0_ref":"US 501","route0_status":"signed","route0_role":"mainline","route0_tensDigit":0,"route0_onesDigit":"odd","route0_tier":"auxiliary","route1_ref":"US 15","route1_status":"signed","route1_role":"mainline","route1_tensDigit":1,"route1_onesDigit":"odd","route1_tier":"primary"},"geometry":{"type":"LineString","coordinates":[[-79.2042518,35.4648052],[-79.2038969,35.46586],[-79.2034619,35.4671302],[-79.2029988,35.4684737]]},"id":"way/111774431"},{"type":"Feature","properties":{"@id":"way/111774431","name":"Jefferson Davis Highway","ref":"US 1;US 15;US 501","route0_ref":"US 1","route0_status":"signed","route0_role":"mainline","route0_tensDigit":0,"route0_onesDigit":"odd","route0_tier":"major","route1_ref":"US 15","route1_status":"signed","route1_role":"mainline","route1_tensDigit":1,"route1_onesDigit":"odd","route1_tier":"primary"},"geometry":{"type":"LineString","coordinates":[[-79.2042518,35.4648052],[-79.2038969,35.46586],[-79.2034619,35.4671302],[-79.2029988,35.4684737]]},"id":"way/111774431"},{"type":"Feature","properties":{"@id":"way/111774460","name":"Jefferson Davis Highway","ref":"US 1;US 15;US 501;NC 87","route0_ref":"US 501","route0_status":"signed","route0_role":"mainline","route0_tensDigit":0,"route0_onesDigit":"odd","route0_tier":"auxiliary","route1_ref":"US 15","route1_status":"signed","route1_role":"mainline","route1_tensDigit":1,"route1_onesDigit":"odd","route1_tier":"primary"},"geometry":{"type":"LineString","coordinates":[[-79.1863738,35.5161553],[-79.1870268,35.5142698],[-79.187277,35.51348],[-79.1874675,35.5129441],[-79.187825,35.5119099]]},"id":"way/111774460"},{"type":"Feature","properties":{"@id":"way/111774460","name":"Jefferson Davis Highway","ref":"US 1;US 15;US 501;NC 87","route0_ref":"US 1","route0_status":"signed","route0_role":"mainline","route0_tensDigit":0,"route0_onesDigit":"odd","route0_tier":"major","route1_ref":"US 15","route1_status":"signed","route1_role":"mainline","route1_tensDigit":1,"route1_onesDigit":"odd","route1_tier":"primary"},"geometry":{"type":"LineString","coordinates":[[-79.1863738,35.5161553],[-79.1870268,35.5142698],[-79.187277,35.51348],[-79.1874675,35.5129441],[-79.187825,35.5119099]]},"id":"way/111774460"},{"type":"Feature","properties":{"@id":"way/127973884","name":"Jefferson Davis Highway","ref":"US 1;US 15;US 501","route0_ref":"US 501","route0_status":"signed","route0_role":"mainline","route0_tensDigit":0,"route0_onesDigit":"odd","route0_tier":"auxiliary","route1_ref":"US 15","route1_status":"signed","route1_role":"mainline","route1_tensDigit":1,"route1_onesDigit":"odd","route1_tier":"primary"},"geometry":{"type":"LineString","coordinates":[[-79.2030432,35.4688794],[-79.203205,35.4684072]]},"id":"way/127973884"},{"type":"Feature","properties":{"@id":"way/127973884","name":"Jefferson Davis Highway","ref":"US 1;US 15;US 501","route0_ref":"US 1","route0_status":"signed","route0_role":"mainline","route0_tensDigit":0,"route0_onesDigit":"odd","route0_tier":"major","route1_ref":"US 15","route1_status":"signed","route1_role":"mainline","route1_tensDigit":1,"route1_onesDigit":"odd","route1_tier":"primary"},"geometry":{"type":"LineString","coordinates":[[-79.2030432,35.4688794],[-79.203205,35.4684072]]},"id":"way/127973884"},{"type":"Feature","properties":{"@id":"way/127973885","name":"Jefferson Davis Highway","ref":"US 1;US 15;US 501","route0_ref":"US 501","route0_status":"signed","route0_role":"mainline","route0_tensDigit":0,"route0_onesDigit":"odd","route0_tier":"auxiliary","route1_ref":"US 15","route1_status":"signed","route1_role":"mainline","route1_tensDigit":1,"route1_onesDigit":"odd","route1_tier":"primary"},"geometry":{"type":"LineString","coordinates":[[-79.2029988,35.4684737],[-79.2028396,35.4689333]]},"id":"way/127973885"},{"type":"Feature","properties":{"@id":"way/127973885","name":"Jefferson Davis Highway","ref":"US 1;US 15;US 501","route0_ref":"US 1","route0_status":"signed","route0_role":"mainline","route0_tensDigit":0,"route0_onesDigit":"odd","route0_tier":"major","route1_ref":"US 15","route1_status":"signed","route1_role":"mainline","route1_tensDigit":1,"route1_onesDigit":"odd","route1_tier":"primary"},"geometry":{"type":"LineString","coordinates":[[-79.2029988,35.4684737],[-79.2028396,35.4689333]]},"id":"way/127973885"},{"type":"Feature","properties":{"@id":"way/127973886","name":"Jefferson Davis Highway","ref":"US 1;US 15;US 501","route0_ref":"US 501","route0_status":"signed","route0_role":"mainline","route0_tensDigit":0,"route0_onesDigit":"odd","route0_tier":"auxiliary","route1_ref":"US 15","route1_status":"signed","route1_role":"mainline","route1_tensDigit":1,"route1_onesDigit":"odd","route1_tier":"primary"},"geometry":{"type":"LineString","coordinates":[[-79.203205,35.4684072],[-79.204055,35.465925],[-79.204236,35.465423]]},"id":"way/127973886"},{"type":"Feature","properties":{"@id":"way/127973886","name":"Jefferson Davis Highway","ref":"US 1;US 15;US 501","route0_ref":"US 1","route0_status":"signed","route0_role":"mainline","route0_tensDigit":0,"route0_onesDigit":"odd","route0_tier":"major","route1_ref":"US 15","route1_status":"signed","route1_role":"mainline","route1_tensDigit":1,"route1_onesDigit":"odd","route1_tier":"primary"},"geometry":{"type":"LineString","coordinates":[[-79.203205,35.4684072],[-79.204055,35.465925],[-79.204236,35.465423]]},"id":"way/127973886"},{"type":"Feature","properties":{"@id":"way/127973887","name":"Jefferson Davis Highway","ref":"US 1;US 15;US 501","route0_ref":"US 501","route0_status":"signed","route0_role":"mainline","route0_tensDigit":0,"route0_onesDigit":"odd","route0_tier":"auxiliary","route1_ref":"US 15","route1_status":"signed","route1_role":"mainline","route1_tensDigit":1,"route1_onesDigit":"odd","route1_tier":"primary"},"geometry":{"type":"LineString","coordinates":[[-79.2028396,35.4689333],[-79.2023446,35.4703624],[-79.2021004,35.4710798],[-79.2018461,35.471786],[-79.2015304,35.4727335],[-79.1994,35.478906],[-79.1990289,35.4799857]]},"id":"way/127973887"},{"type":"Feature","properties":{"@id":"way/127973887","name":"Jefferson Davis Highway","ref":"US 1;US 15;US 501","route0_ref":"US 1","route0_status":"signed","route0_role":"mainline","route0_tensDigit":0,"route0_onesDigit":"odd","route0_tier":"major","route1_ref":"US 15","route1_status":"signed","route1_role":"mainline","route1_tensDigit":1,"route1_onesDigit":"odd","route1_tier":"primary"},"geometry":{"type":"LineString","coordinates":[[-79.2028396,35.4689333],[-79.2023446,35.4703624],[-79.2021004,35.4710798],[-79.2018461,35.471786],[-79.2015304,35.4727335],[-79.1994,35.478906],[-79.1990289,35.4799857]]},"id":"way/127973887"},{"type":"Feature","properties":{"@id":"way/160037784","name":"Jefferson Davis Highway","ref":"US 1;US 15;US 501","route0_ref":"US 501","route0_status":"signed","route0_role":"mainline","route0_tensDigit":0,"route0_onesDigit":"odd","route0_tier":"auxiliary","route1_ref":"US 15","route1_status":"signed","route1_role":"mainline","route1_tensDigit":1,"route1_onesDigit":"odd","route1_tier":"primary"},"geometry":{"type":"LineString","coordinates":[[-79.196406,35.4919242],[-79.1963677,35.4921777],[-79.1963168,35.4924713],[-79.19627,35.4927185],[-79.196197,35.493029],[-79.1961251,35.4932721],[-79.196049,35.4935],[-79.195928,35.4938104],[-79.1958408,35.4940135],[-79.195772,35.494165],[-79.195545,35.494615],[-79.195443,35.494794]]},"id":"way/160037784"},{"type":"Feature","properties":{"@id":"way/160037784","name":"Jefferson Davis Highway","ref":"US 1;US 15;US 501","route0_ref":"US 1","route0_status":"signed","route0_role":"mainline","route0_tensDigit":0,"route0_onesDigit":"odd","route0_tier":"major","route1_ref":"US 15","route1_status":"signed","route1_role":"mainline","route1_tensDigit":1,"route1_onesDigit":"odd","route1_tier":"primary"},"geometry":{"type":"LineString","coordinates":[[-79.196406,35.4919242],[-79.1963677,35.4921777],[-79.1963168,35.4924713],[-79.19627,35.4927185],[-79.196197,35.493029],[-79.1961251,35.4932721],[-79.196049,35.4935],[-79.195928,35.4938104],[-79.1958408,35.4940135],[-79.195772,35.494165],[-79.195545,35.494615],[-79.195443,35.494794]]},"id":"way/160037784"},{"type":"Feature","properties":{"@id":"way/160037785","name":"Jefferson Davis Highway","ref":"US 1;US 15;US 501","route0_ref":"US 501","route0_status":"signed","route0_role":"mainline","route0_tensDigit":0,"route0_onesDigit":"odd","route0_tier":"auxiliary","route1_ref":"US 15","route1_status":"signed","route1_role":"mainline","route1_tensDigit":1,"route1_onesDigit":"odd","route1_tier":"primary"},"geometry":{"type":"LineString","coordinates":[[-79.1990289,35.4799857],[-79.1988851,35.4804307]]},"id":"way/160037785"},{"type":"Feature","properties":{"@id":"way/160037785","name":"Jefferson Davis Highway","ref":"US 1;US 15;US 501","route0_ref":"US 1","route0_status":"signed","route0_role":"mainline","route0_tensDigit":0,"route0_onesDigit":"odd","route0_tier":"major","route1_ref":"US 15","route1_status":"signed","route1_role":"mainline","route1_tensDigit":1,"route1_onesDigit":"odd","route1_tier":"primary"},"geometry":{"type":"LineString","coordinates":[[-79.1990289,35.4799857],[-79.1988851,35.4804307]]},"id":"way/160037785"},{"type":"Feature","properties":{"@id":"way/160037786","name":"Jefferson Davis Highway","ref":"US 1;US 15;US 501","route0_ref":"US 501","route0_status":"signed","route0_role":"mainline","route0_tensDigit":0,"route0_onesDigit":"odd","route0_tier":"auxiliary","route1_ref":"US 15","route1_status":"signed","route1_role":"mainline","route1_tensDigit":1,"route1_onesDigit":"odd","route1_tier":"primary"},"geometry":{"type":"LineString","coordinates":[[-79.1990766,35.4804065],[-79.1992254,35.4799835]]},"id":"way/160037786"},{"type":"Feature","properties":{"@id":"way/160037786","name":"Jefferson Davis Highway","ref":"US 1;US 15;US 501","route0_ref":"US 1","route0_status":"signed","route0_role":"mainline","route0_tensDigit":0,"route0_onesDigit":"odd","route0_tier":"major","route1_ref":"US 15","route1_status":"signed","route1_role":"mainline","route1_tensDigit":1,"route1_onesDigit":"odd","route1_tier":"primary"},"geometry":{"type":"LineString","coordinates":[[-79.1990766,35.4804065],[-79.1992254,35.4799835]]},"id":"way/160037786"},{"type":"Feature","properties":{"@id":"way/160037787","name":"Jefferson Davis Highway","ref":"US 1;US 15;US 501","route0_ref":"US 501","route0_status":"signed","route0_role":"mainline","route0_tensDigit":0,"route0_onesDigit":"odd","route0_tier":"auxiliary","route1_ref":"US 15","route1_status":"signed","route1_role":"mainline","route1_tensDigit":1,"route1_onesDigit":"odd","route1_tier":"primary"},"geometry":{"type":"LineString","coordinates":[[-79.2003232,35.4767749],[-79.201187,35.474272],[-79.201525,35.473294],[-79.201958,35.472011]]},"id":"way/160037787"},{"type":"Feature","properties":{"@id":"way/160037787","name":"Jefferson Davis Highway","ref":"US 1;US 15;US 501","route0_ref":"US 1","route0_status":"signed","route0_role":"mainline","route0_tensDigit":0,"route0_onesDigit":"odd","route0_tier":"major","route1_ref":"US 15","route1_status":"signed","route1_role":"mainline","route1_tensDigit":1,"route1_onesDigit":"odd","route1_tier":"primary"},"geometry":{"type":"LineString","coordinates":[[-79.2003232,35.4767749],[-79.201187,35.474272],[-79.201525,35.473294],[-79.201958,35.472011]]},"id":"way/160037787"},{"type":"Feature","properties":{"@id":"way/258025152","name":"South Sandhills Boulevard","ref":"US 1;US 15;US 501;NC 211","route0_ref":"US 501","route0_status":"signed","route0_role":"mainline","route0_tensDigit":0,"route0_onesDigit":"odd","route0_tier":"auxiliary","route1_ref":"US 15","route1_status":"signed","route1_role":"mainline","route1_tensDigit":1,"route1_onesDigit":"odd","route1_tier":"primary"},"geometry":{"type":"LineString","coordinates":[[-79.429762,35.1314932],[-79.4298649,35.1314011],[-79.4299519,35.1312623],[-79.4301413,35.1309036],[-79.430213,35.130779],[-79.4303829,35.1304917],[-79.4305523,35.1302078],[-79.4307889,35.1298858],[-79.4309909,35.1295926],[-79.4312153,35.129319],[-79.4314094,35.1290768],[-79.4316347,35.1288369],[-79.431867,35.1285998],[-79.4322223,35.1281893],[-79.4322668,35.128041]]},"id":"way/258025152"},{"type":"Feature","properties":{"@id":"way/258025152","name":"South Sandhills Boulevard","ref":"US 1;US 15;US 501;NC 211","route0_ref":"US 1","route0_status":"signed","route0_role":"mainline","route0_tensDigit":0,"route0_onesDigit":"odd","route0_tier":"major","route1_ref":"US 15","route1_status":"signed","route1_role":"mainline","route1_tensDigit":1,"route1_onesDigit":"odd","route1_tier":"primary"},"geometry":{"type":"LineString","coordinates":[[-79.429762,35.1314932],[-79.4298649,35.1314011],[-79.4299519,35.1312623],[-79.4301413,35.1309036],[-79.430213,35.130779],[-79.4303829,35.1304917],[-79.4305523,35.1302078],[-79.4307889,35.1298858],[-79.4309909,35.1295926],[-79.4312153,35.129319],[-79.4314094,35.1290768],[-79.4316347,35.1288369],[-79.431867,35.1285998],[-79.4322223,35.1281893],[-79.4322668,35.128041]]},"id":"way/258025152"},{"type":"Feature","properties":{"@id":"way/258032072","name":"North Sandhills Boulevard","ref":"US 1;US 15;US 501;NC 211","route0_ref":"US 501","route0_status":"signed","route0_role":"mainline","route0_tensDigit":0,"route0_onesDigit":"odd","route0_tier":"auxiliary","route1_ref":"US 15","route1_status":"signed","route1_role":"mainline","route1_tensDigit":1,"route1_onesDigit":"odd","route1_tier":"primary"},"geometry":{"type":"LineString","coordinates":[[-79.428546,35.1335875],[-79.4283095,35.1339737],[-79.4281973,35.1341672],[-79.4281085,35.1343178],[-79.4280263,35.1344586],[-79.4279374,35.1346],[-79.4278724,35.1347124],[-79.4273235,35.1356621],[-79.4272493,35.1357949],[-79.4271483,35.1359682],[-79.426392,35.1372894],[-79.4259939,35.1379764]]},"id":"way/258032072"},{"type":"Feature","properties":{"@id":"way/258032072","name":"North Sandhills Boulevard","ref":"US 1;US 15;US 501;NC 211","route0_ref":"US 1","route0_status":"signed","route0_role":"mainline","route0_tensDigit":0,"route0_onesDigit":"odd","route0_tier":"major","route1_ref":"US 15","route1_status":"signed","route1_role":"mainline","route1_tensDigit":1,"route1_onesDigit":"odd","route1_tier":"primary"},"geometry":{"type":"LineString","coordinates":[[-79.428546,35.1335875],[-79.4283095,35.1339737],[-79.4281973,35.1341672],[-79.4281085,35.1343178],[-79.4280263,35.1344586],[-79.4279374,35.1346],[-79.4278724,35.1347124],[-79.4273235,35.1356621],[-79.4272493,35.1357949],[-79.4271483,35.1359682],[-79.426392,35.1372894],[-79.4259939,35.1379764]]},"id":"way/258032072"},{"type":"Feature","properties":{"@id":"way/325226940","name":"Jefferson Davis Highway","ref":"US 1;US 15;US 501;NC 87","route0_ref":"US 501","route0_status":"signed","route0_role":"mainline","route0_tensDigit":0,"route0_onesDigit":"odd","route0_tier":"auxiliary","route1_ref":"US 15","route1_status":"signed","route1_role":"mainline","route1_tensDigit":1,"route1_onesDigit":"odd","route1_tier":"primary"},"geometry":{"type":"LineString","coordinates":[[-79.194863,35.495835],[-79.194779,35.495987],[-79.1946925,35.4961438]]},"id":"way/325226940"},{"type":"Feature","properties":{"@id":"way/325226940","name":"Jefferson Davis Highway","ref":"US 1;US 15;US 501;NC 87","route0_ref":"US 1","route0_status":"signed","route0_role":"mainline","route0_tensDigit":0,"route0_onesDigit":"odd","route0_tier":"major","route1_ref":"US 15","route1_status":"signed","route1_role":"mainline","route1_tensDigit":1,"route1_onesDigit":"odd","route1_tier":"primary"},"geometry":{"type":"LineString","coordinates":[[-79.194863,35.495835],[-79.194779,35.495987],[-79.1946925,35.4961438]]},"id":"way/325226940"},{"type":"Feature","properties":{"@id":"way/325226941","name":"Jefferson Davis Highway","ref":"US 1;US 15;US 501;NC 87","route0_ref":"US 501","route0_status":"signed","route0_role":"mainline","route0_tensDigit":0,"route0_onesDigit":"odd","route0_tier":"auxiliary","route1_ref":"US 15","route1_status":"signed","route1_role":"mainline","route1_tensDigit":1,"route1_onesDigit":"odd","route1_tier":"primary"},"geometry":{"type":"LineString","coordinates":[[-79.1948442,35.49621],[-79.1950228,35.4958867]]},"id":"way/325226941"},{"type":"Feature","properties":{"@id":"way/325226941","name":"Jefferson Davis Highway","ref":"US 1;US 15;US 501;NC 87","route0_ref":"US 1","route0_status":"signed","route0_role":"mainline","route0_tensDigit":0,"route0_onesDigit":"odd","route0_tier":"major","route1_ref":"US 15","route1_status":"signed","route1_role":"mainline","route1_tensDigit":1,"route1_onesDigit":"odd","route1_tier":"primary"},"geometry":{"type":"LineString","coordinates":[[-79.1948442,35.49621],[-79.1950228,35.4958867]]},"id":"way/325226941"},{"type":"Feature","properties":{"@id":"way/325226942","name":"Jefferson Davis Highway","ref":"US 1;US 15;US 501;NC 87","route0_ref":"US 501","route0_status":"signed","route0_role":"mainline","route0_tensDigit":0,"route0_onesDigit":"odd","route0_tier":"auxiliary","route1_ref":"US 15","route1_status":"signed","route1_role":"mainline","route1_tensDigit":1,"route1_onesDigit":"odd","route1_tier":"primary"},"geometry":{"type":"LineString","coordinates":[[-79.1910106,35.5028054],[-79.1907755,35.5032341],[-79.190644,35.5034972],[-79.190525,35.50373],[-79.1903436,35.5041337],[-79.190187,35.504482],[-79.189938,35.505118],[-79.189832,35.505428],[-79.189589,35.506138],[-79.1895054,35.5064131]]},"id":"way/325226942"},{"type":"Feature","properties":{"@id":"way/325226942","name":"Jefferson Davis Highway","ref":"US 1;US 15;US 501;NC 87","route0_ref":"US 1","route0_status":"signed","route0_role":"mainline","route0_tensDigit":0,"route0_onesDigit":"odd","route0_tier":"major","route1_ref":"US 15","route1_status":"signed","route1_role":"mainline","route1_tensDigit":1,"route1_onesDigit":"odd","route1_tier":"primary"},"geometry":{"type":"LineString","coordinates":[[-79.1910106,35.5028054],[-79.1907755,35.5032341],[-79.190644,35.5034972],[-79.190525,35.50373],[-79.1903436,35.5041337],[-79.190187,35.504482],[-79.189938,35.505118],[-79.189832,35.505428],[-79.189589,35.506138],[-79.1895054,35.5064131]]},"id":"way/325226942"},{"type":"Feature","properties":{"@id":"way/325226946","name":"Jefferson Davis Highway","ref":"US 1;US 15;US 501;NC 87","route0_ref":"US 501","route0_status":"signed","route0_role":"mainline","route0_tensDigit":0,"route0_onesDigit":"odd","route0_tier":"auxiliary","route1_ref":"US 15","route1_status":"signed","route1_role":"mainline","route1_tensDigit":1,"route1_onesDigit":"odd","route1_tier":"primary"},"geometry":{"type":"LineString","coordinates":[[-79.1950228,35.4958867],[-79.1952143,35.4955436]]},"id":"way/325226946"},{"type":"Feature","properties":{"@id":"way/325226946","name":"Jefferson Davis Highway","ref":"US 1;US 15;US 501;NC 87","route0_ref":"US 1","route0_status":"signed","route0_role":"mainline","route0_tensDigit":0,"route0_onesDigit":"odd","route0_tier":"major","route1_ref":"US 15","route1_status":"signed","route1_role":"mainline","route1_tensDigit":1,"route1_onesDigit":"odd","route1_tier":"primary"},"geometry":{"type":"LineString","coordinates":[[-79.1950228,35.4958867],[-79.1952143,35.4955436]]},"id":"way/325226946"},{"type":"Feature","properties":{"@id":"way/329275767","name":"Jefferson Davis Highway","ref":"US 1;US 15;US 501;NC 87","route0_ref":"US 501","route0_status":"signed","route0_role":"mainline","route0_tensDigit":0,"route0_onesDigit":"odd","route0_tier":"auxiliary","route1_ref":"US 15","route1_status":"signed","route1_role":"mainline","route1_tensDigit":1,"route1_onesDigit":"odd","route1_tier":"primary"},"geometry":{"type":"LineString","coordinates":[[-79.1855306,35.5180802],[-79.1850312,35.5195542],[-79.1848098,35.5202146],[-79.1846116,35.5207898],[-79.1844734,35.5211963],[-79.1843046,35.5216851],[-79.184162,35.522108],[-79.1838791,35.5229338]]},"id":"way/329275767"},{"type":"Feature","properties":{"@id":"way/329275767","name":"Jefferson Davis Highway","ref":"US 1;US 15;US 501;NC 87","route0_ref":"US 1","route0_status":"signed","route0_role":"mainline","route0_tensDigit":0,"route0_onesDigit":"odd","route0_tier":"major","route1_ref":"US 15","route1_status":"signed","route1_role":"mainline","route1_tensDigit":1,"route1_onesDigit":"odd","route1_tier":"primary"},"geometry":{"type":"LineString","coordinates":[[-79.1855306,35.5180802],[-79.1850312,35.5195542],[-79.1848098,35.5202146],[-79.1846116,35.5207898],[-79.1844734,35.5211963],[-79.1843046,35.5216851],[-79.184162,35.522108],[-79.1838791,35.5229338]]},"id":"way/329275767"},{"type":"Feature","properties":{"@id":"way/329275768","name":"Jefferson Davis Highway","ref":"US 1;US 15;US 501;NC 87","route0_ref":"US 501","route0_status":"signed","route0_role":"mainline","route0_tensDigit":0,"route0_onesDigit":"odd","route0_tier":"auxiliary","route1_ref":"US 15","route1_status":"signed","route1_role":"mainline","route1_tensDigit":1,"route1_onesDigit":"odd","route1_tier":"primary"},"geometry":{"type":"LineString","coordinates":[[-79.1931891,35.4992184],[-79.1934042,35.4988321],[-79.193963,35.4978163],[-79.1942019,35.4973882]]},"id":"way/329275768"},{"type":"Feature","properties":{"@id":"way/329275768","name":"Jefferson Davis Highway","ref":"US 1;US 15;US 501;NC 87","route0_ref":"US 1","route0_status":"signed","route0_role":"mainline","route0_tensDigit":0,"route0_onesDigit":"odd","route0_tier":"major","route1_ref":"US 15","route1_status":"signed","route1_role":"mainline","route1_tensDigit":1,"route1_onesDigit":"odd","route1_tier":"primary"},"geometry":{"type":"LineString","coordinates":[[-79.1931891,35.4992184],[-79.1934042,35.4988321],[-79.193963,35.4978163],[-79.1942019,35.4973882]]},"id":"way/329275768"},{"type":"Feature","properties":{"@id":"way/329275769","name":"Jefferson Davis Highway","ref":"US 1;US 15;US 501;NC 87","route0_ref":"US 501","route0_status":"signed","route0_role":"mainline","route0_tensDigit":0,"route0_onesDigit":"odd","route0_tier":"auxiliary","route1_ref":"US 15","route1_status":"signed","route1_role":"mainline","route1_tensDigit":1,"route1_onesDigit":"odd","route1_tier":"primary"},"geometry":{"type":"LineString","coordinates":[[-79.187825,35.5119099],[-79.188211,35.5107652]]},"id":"way/329275769"},{"type":"Feature","properties":{"@id":"way/329275769","name":"Jefferson Davis Highway","ref":"US 1;US 15;US 501;NC 87","route0_ref":"US 1","route0_status":"signed","route0_role":"mainline","route0_tensDigit":0,"route0_onesDigit":"odd","route0_tier":"major","route1_ref":"US 15","route1_status":"signed","route1_role":"mainline","route1_tensDigit":1,"route1_onesDigit":"odd","route1_tier":"primary"},"geometry":{"type":"LineString","coordinates":[[-79.187825,35.5119099],[-79.188211,35.5107652]]},"id":"way/329275769"},{"type":"Feature","properties":{"@id":"way/329275770","name":"Jefferson Davis Highway","ref":"US 1;US 15;US 501;NC 87","route0_ref":"US 501","route0_status":"signed","route0_role":"mainline","route0_tensDigit":0,"route0_onesDigit":"odd","route0_tier":"auxiliary","route1_ref":"US 15","route1_status":"signed","route1_role":"mainline","route1_tensDigit":1,"route1_onesDigit":"odd","route1_tier":"primary"},"geometry":{"type":"LineString","coordinates":[[-79.1880906,35.5105649],[-79.18764,35.5118381]]},"id":"way/329275770"},{"type":"Feature","properties":{"@id":"way/329275770","name":"Jefferson Davis Highway","ref":"US 1;US 15;US 501;NC 87","route0_ref":"US 1","route0_status":"signed","route0_role":"mainline","route0_tensDigit":0,"route0_onesDigit":"odd","route0_tier":"major","route1_ref":"US 15","route1_status":"signed","route1_role":"mainline","route1_tensDigit":1,"route1_onesDigit":"odd","route1_tier":"primary"},"geometry":{"type":"LineString","coordinates":[[-79.1880906,35.5105649],[-79.18764,35.5118381]]},"id":"way/329275770"},{"type":"Feature","properties":{"@id":"way/644031021","name":"Jefferson Davis Highway","ref":"US 1;US 15;US 501","route0_ref":"US 501","route0_status":"signed","route0_role":"mainline","route0_tensDigit":0,"route0_onesDigit":"odd","route0_tier":"auxiliary","route1_ref":"US 15","route1_status":"signed","route1_role":"mainline","route1_tensDigit":1,"route1_onesDigit":"odd","route1_tier":"primary"},"geometry":{"type":"LineString","coordinates":[[-79.2113343,35.4552186],[-79.2126309,35.4536885],[-79.21289,35.4533746],[-79.2131851,35.4530002],[-79.2133504,35.4527823],[-79.2135079,35.452558],[-79.2137277,35.4522114],[-79.2139178,35.4518874],[-79.2140791,35.4515851],[-79.2142423,35.4512538],[-79.2143599,35.4509803]]},"id":"way/644031021"},{"type":"Feature","properties":{"@id":"way/644031021","name":"Jefferson Davis Highway","ref":"US 1;US 15;US 501","route0_ref":"US 1","route0_status":"signed","route0_role":"mainline","route0_tensDigit":0,"route0_onesDigit":"odd","route0_tier":"major","route1_ref":"US 15","route1_status":"signed","route1_role":"mainline","route1_tensDigit":1,"route1_onesDigit":"odd","route1_tier":"primary"},"geometry":{"type":"LineString","coordinates":[[-79.2113343,35.4552186],[-79.2126309,35.4536885],[-79.21289,35.4533746],[-79.2131851,35.4530002],[-79.2133504,35.4527823],[-79.2135079,35.452558],[-79.2137277,35.4522114],[-79.2139178,35.4518874],[-79.2140791,35.4515851],[-79.2142423,35.4512538],[-79.2143599,35.4509803]]},"id":"way/644031021"},{"type":"Feature","properties":{"@id":"way/644031022","name":"Jefferson Davis Highway","ref":"US 1;US 15;US 501","route0_ref":"US 501","route0_status":"signed","route0_role":"mainline","route0_tensDigit":0,"route0_onesDigit":"odd","route0_tier":"auxiliary","route1_ref":"US 15","route1_status":"signed","route1_role":"mainline","route1_tensDigit":1,"route1_onesDigit":"odd","route1_tier":"primary"},"geometry":{"type":"LineString","coordinates":[[-79.211194,35.4551355],[-79.2108905,35.4554955],[-79.2102349,35.456261],[-79.2089019,35.457834],[-79.2082933,35.458558],[-79.207445,35.459558],[-79.2071049,35.45996],[-79.2066799,35.4604751],[-79.2062624,35.461039],[-79.2058597,35.461615],[-79.205464,35.4622318],[-79.2051827,35.462729],[-79.2049572,35.4631597],[-79.2047095,35.4636744],[-79.2045313,35.4641113]]},"id":"way/644031022"},{"type":"Feature","properties":{"@id":"way/644031022","name":"Jefferson Davis Highway","ref":"US 1;US 15;US 501","route0_ref":"US 1","route0_status":"signed","route0_role":"mainline","route0_tensDigit":0,"route0_onesDigit":"odd","route0_tier":"major","route1_ref":"US 15","route1_status":"signed","route1_role":"mainline","route1_tensDigit":1,"route1_onesDigit":"odd","route1_tier":"primary"},"geometry":{"type":"LineString","coordinates":[[-79.211194,35.4551355],[-79.2108905,35.4554955],[-79.2102349,35.456261],[-79.2089019,35.457834],[-79.2082933,35.458558],[-79.207445,35.459558],[-79.2071049,35.45996],[-79.2066799,35.4604751],[-79.2062624,35.461039],[-79.2058597,35.461615],[-79.205464,35.4622318],[-79.2051827,35.462729],[-79.2049572,35.4631597],[-79.2047095,35.4636744],[-79.2045313,35.4641113]]},"id":"way/644031022"},{"type":"Feature","properties":{"@id":"way/644031026","name":"Jefferson Davis Highway","ref":"US 1;US 15;US 501","route0_ref":"US 501","route0_status":"signed","route0_role":"mainline","route0_tensDigit":0,"route0_onesDigit":"odd","route0_tier":"auxiliary","route1_ref":"US 15","route1_status":"signed","route1_role":"mainline","route1_tensDigit":1,"route1_onesDigit":"odd","route1_tier":"primary"},"geometry":{"type":"LineString","coordinates":[[-79.216215,35.4414783],[-79.216377,35.4412],[-79.2165943,35.440871],[-79.2168761,35.4404539],[-79.217116,35.440125],[-79.217197,35.440015],[-79.217316,35.4398524],[-79.217481,35.439627],[-79.2177702,35.4391903],[-79.2180405,35.4387269],[-79.2182842,35.4382815],[-79.2184025,35.4380539],[-79.2185105,35.4378249],[-79.2185673,35.4376955],[-79.2188487,35.4370443],[-79.2189484,35.4367958],[-79.2192316,35.43609],[-79.21931,35.4358947],[-79.219433,35.435588],[-79.2195291,35.4353498],[-79.21988,35.43448],[-79.2200105,35.4341483],[-79.220103,35.433913],[-79.2202274,35.4336243],[-79.2206592,35.4325524],[-79.221081,35.4315052],[-79.2213367,35.4308705],[-79.2214441,35.4306138],[-79.2215476,35.4303788],[-79.2216593,35.4301544],[-79.2217747,35.4299346],[-79.2219511,35.4296136],[-79.2222998,35.4290181],[-79.2226914,35.4283492],[-79.2227145,35.4283008],[-79.2231756,35.4275264],[-79.2233383,35.4272498],[-79.2236322,35.4267503],[-79.2241304,35.4258916],[-79.2244229,35.4253823]]},"id":"way/644031026"},{"type":"Feature","properties":{"@id":"way/644031026","name":"Jefferson Davis Highway","ref":"US 1;US 15;US 501","route0_ref":"US 1","route0_status":"signed","route0_role":"mainline","route0_tensDigit":0,"route0_onesDigit":"odd","route0_tier":"major","route1_ref":"US 15","route1_status":"signed","route1_role":"mainline","route1_tensDigit":1,"route1_onesDigit":"odd","route1_tier":"primary"},"geometry":{"type":"LineString","coordinates":[[-79.216215,35.4414783],[-79.216377,35.4412],[-79.2165943,35.440871],[-79.2168761,35.4404539],[-79.217116,35.440125],[-79.217197,35.440015],[-79.217316,35.4398524],[-79.217481,35.439627],[-79.2177702,35.4391903],[-79.2180405,35.4387269],[-79.2182842,35.4382815],[-79.2184025,35.4380539],[-79.2185105,35.4378249],[-79.2185673,35.4376955],[-79.2188487,35.4370443],[-79.2189484,35.4367958],[-79.2192316,35.43609],[-79.21931,35.4358947],[-79.219433,35.435588],[-79.2195291,35.4353498],[-79.21988,35.43448],[-79.2200105,35.4341483],[-79.220103,35.433913],[-79.2202274,35.4336243],[-79.2206592,35.4325524],[-79.221081,35.4315052],[-79.2213367,35.4308705],[-79.2214441,35.4306138],[-79.2215476,35.4303788],[-79.2216593,35.4301544],[-79.2217747,35.4299346],[-79.2219511,35.4296136],[-79.2222998,35.4290181],[-79.2226914,35.4283492],[-79.2227145,35.4283008],[-79.2231756,35.4275264],[-79.2233383,35.4272498],[-79.2236322,35.4267503],[-79.2241304,35.4258916],[-79.2244229,35.4253823]]},"id":"way/644031026"},{"type":"Feature","properties":{"@id":"way/644031030","name":"Jefferson Davis Highway","ref":"US 1;US 15;US 501","route0_ref":"US 501","route0_status":"signed","route0_role":"mainline","route0_tensDigit":0,"route0_onesDigit":"odd","route0_tier":"auxiliary","route1_ref":"US 15","route1_status":"signed","route1_role":"mainline","route1_tensDigit":1,"route1_onesDigit":"odd","route1_tier":"primary"},"geometry":{"type":"LineString","coordinates":[[-79.2152688,35.4434893],[-79.215443,35.442978],[-79.2155933,35.4426196],[-79.2157337,35.442336]]},"id":"way/644031030"},{"type":"Feature","properties":{"@id":"way/644031030","name":"Jefferson Davis Highway","ref":"US 1;US 15;US 501","route0_ref":"US 1","route0_status":"signed","route0_role":"mainline","route0_tensDigit":0,"route0_onesDigit":"odd","route0_tier":"major","route1_ref":"US 15","route1_status":"signed","route1_role":"mainline","route1_tensDigit":1,"route1_onesDigit":"odd","route1_tier":"primary"},"geometry":{"type":"LineString","coordinates":[[-79.2152688,35.4434893],[-79.215443,35.442978],[-79.2155933,35.4426196],[-79.2157337,35.442336]]},"id":"way/644031030"},{"type":"Feature","properties":{"@id":"way/644031032","name":"Jefferson Davis Highway","ref":"US 1;US 15;US 501","route0_ref":"US 501","route0_status":"signed","route0_role":"mainline","route0_tensDigit":0,"route0_onesDigit":"odd","route0_tier":"auxiliary","route1_ref":"US 15","route1_status":"signed","route1_role":"mainline","route1_tensDigit":1,"route1_onesDigit":"odd","route1_tier":"primary"},"geometry":{"type":"LineString","coordinates":[[-79.2151257,35.4431304],[-79.2150304,35.4434229],[-79.2149464,35.4437206],[-79.2148905,35.4440114],[-79.2148543,35.4443213],[-79.2148376,35.4447419],[-79.214871,35.4461066],[-79.214889,35.4468253],[-79.2149001,35.447326],[-79.214895,35.4477771],[-79.2148694,35.4482449],[-79.2148234,35.4486715],[-79.2147629,35.4490552],[-79.2146838,35.4494408],[-79.214582,35.449864],[-79.214326,35.450628],[-79.2141918,35.4509409]]},"id":"way/644031032"},{"type":"Feature","properties":{"@id":"way/644031032","name":"Jefferson Davis Highway","ref":"US 1;US 15;US 501","route0_ref":"US 1","route0_status":"signed","route0_role":"mainline","route0_tensDigit":0,"route0_onesDigit":"odd","route0_tier":"major","route1_ref":"US 15","route1_status":"signed","route1_role":"mainline","route1_tensDigit":1,"route1_onesDigit":"odd","route1_tier":"primary"},"geometry":{"type":"LineString","coordinates":[[-79.2151257,35.4431304],[-79.2150304,35.4434229],[-79.2149464,35.4437206],[-79.2148905,35.4440114],[-79.2148543,35.4443213],[-79.2148376,35.4447419],[-79.214871,35.4461066],[-79.214889,35.4468253],[-79.2149001,35.447326],[-79.214895,35.4477771],[-79.2148694,35.4482449],[-79.2148234,35.4486715],[-79.2147629,35.4490552],[-79.2146838,35.4494408],[-79.214582,35.449864],[-79.214326,35.450628],[-79.2141918,35.4509409]]},"id":"way/644031032"},{"type":"Feature","properties":{"@id":"way/644031033","name":"Jefferson Davis Highway","ref":"US 1;US 15;US 501","route0_ref":"US 501","route0_status":"signed","route0_role":"mainline","route0_tensDigit":0,"route0_onesDigit":"odd","route0_tier":"auxiliary","route1_ref":"US 15","route1_status":"signed","route1_role":"mainline","route1_tensDigit":1,"route1_onesDigit":"odd","route1_tier":"primary"},"geometry":{"type":"LineString","coordinates":[[-79.2157337,35.442336],[-79.2159745,35.441891],[-79.216215,35.4414783]]},"id":"way/644031033"},{"type":"Feature","properties":{"@id":"way/644031033","name":"Jefferson Davis Highway","ref":"US 1;US 15;US 501","route0_ref":"US 1","route0_status":"signed","route0_role":"mainline","route0_tensDigit":0,"route0_onesDigit":"odd","route0_tier":"major","route1_ref":"US 15","route1_status":"signed","route1_role":"mainline","route1_tensDigit":1,"route1_onesDigit":"odd","route1_tier":"primary"},"geometry":{"type":"LineString","coordinates":[[-79.2157337,35.442336],[-79.2159745,35.441891],[-79.216215,35.4414783]]},"id":"way/644031033"},{"type":"Feature","properties":{"@id":"way/644031035","name":"Jefferson Davis Highway","ref":"US 1;US 15;US 501","route0_ref":"US 501","route0_status":"signed","route0_role":"mainline","route0_tensDigit":0,"route0_onesDigit":"odd","route0_tier":"auxiliary","route1_ref":"US 15","route1_status":"signed","route1_role":"mainline","route1_tensDigit":1,"route1_onesDigit":"odd","route1_tier":"primary"},"geometry":{"type":"LineString","coordinates":[[-79.2214402,35.4301249],[-79.2213758,35.4302713],[-79.2213407,35.430351],[-79.2211352,35.4308256],[-79.2202062,35.4331256],[-79.2200234,35.4335699],[-79.2197164,35.4343284],[-79.2195036,35.4348559],[-79.2193153,35.43533],[-79.2190812,35.4358789],[-79.2188925,35.4363084],[-79.2186576,35.4369162],[-79.2185697,35.437104],[-79.218421,35.4373841],[-79.2182369,35.437731],[-79.2179197,35.4382741],[-79.2178706,35.4383621],[-79.217688,35.438689],[-79.2175344,35.438997],[-79.2175172,35.4390314],[-79.2174464,35.4391724],[-79.217407,35.439251],[-79.217196,35.439628],[-79.2170679,35.4398241],[-79.216981,35.439957],[-79.2162059,35.4411448],[-79.2160317,35.4414117]]},"id":"way/644031035"},{"type":"Feature","properties":{"@id":"way/644031035","name":"Jefferson Davis Highway","ref":"US 1;US 15;US 501","route0_ref":"US 1","route0_status":"signed","route0_role":"mainline","route0_tensDigit":0,"route0_onesDigit":"odd","route0_tier":"major","route1_ref":"US 15","route1_status":"signed","route1_role":"mainline","route1_tensDigit":1,"route1_onesDigit":"odd","route1_tier":"primary"},"geometry":{"type":"LineString","coordinates":[[-79.2214402,35.4301249],[-79.2213758,35.4302713],[-79.2213407,35.430351],[-79.2211352,35.4308256],[-79.2202062,35.4331256],[-79.2200234,35.4335699],[-79.2197164,35.4343284],[-79.2195036,35.4348559],[-79.2193153,35.43533],[-79.2190812,35.4358789],[-79.2188925,35.4363084],[-79.2186576,35.4369162],[-79.2185697,35.437104],[-79.218421,35.4373841],[-79.2182369,35.437731],[-79.2179197,35.4382741],[-79.2178706,35.4383621],[-79.217688,35.438689],[-79.2175344,35.438997],[-79.2175172,35.4390314],[-79.2174464,35.4391724],[-79.217407,35.439251],[-79.217196,35.439628],[-79.2170679,35.4398241],[-79.216981,35.439957],[-79.2162059,35.4411448],[-79.2160317,35.4414117]]},"id":"way/644031035"},{"type":"Feature","properties":{"@id":"way/644031036","name":"Jefferson Davis Highway","ref":"US 1;US 15;US 501","route0_ref":"US 501","route0_status":"signed","route0_role":"mainline","route0_tensDigit":0,"route0_onesDigit":"odd","route0_tier":"auxiliary","route1_ref":"US 15","route1_status":"signed","route1_role":"mainline","route1_tensDigit":1,"route1_onesDigit":"odd","route1_tier":"primary"},"geometry":{"type":"LineString","coordinates":[[-79.2244229,35.4253823],[-79.224798,35.42479],[-79.225206,35.424085],[-79.2253539,35.4238276],[-79.226257,35.422256]]},"id":"way/644031036"},{"type":"Feature","properties":{"@id":"way/644031036","name":"Jefferson Davis Highway","ref":"US 1;US 15;US 501","route0_ref":"US 1","route0_status":"signed","route0_role":"mainline","route0_tensDigit":0,"route0_onesDigit":"odd","route0_tier":"major","route1_ref":"US 15","route1_status":"signed","route1_role":"mainline","route1_tensDigit":1,"route1_onesDigit":"odd","route1_tier":"primary"},"geometry":{"type":"LineString","coordinates":[[-79.2244229,35.4253823],[-79.224798,35.42479],[-79.225206,35.424085],[-79.2253539,35.4238276],[-79.226257,35.422256]]},"id":"way/644031036"},{"type":"Feature","properties":{"@id":"way/660344996","name":"Jefferson Davis Highway","ref":"US 1;US 15;US 501","route0_ref":"US 501","route0_status":"signed","route0_role":"mainline","route0_tensDigit":0,"route0_onesDigit":"odd","route0_tier":"auxiliary","route1_ref":"US 15","route1_status":"signed","route1_role":"mainline","route1_tensDigit":1,"route1_onesDigit":"odd","route1_tier":"primary"},"geometry":{"type":"LineString","coordinates":[[-79.2160317,35.4414117],[-79.2159663,35.4415153],[-79.2157416,35.4418714],[-79.2155011,35.4423268],[-79.2154048,35.4425092],[-79.2152596,35.4428107],[-79.2151257,35.4431304]]},"id":"way/660344996"},{"type":"Feature","properties":{"@id":"way/660344996","name":"Jefferson Davis Highway","ref":"US 1;US 15;US 501","route0_ref":"US 1","route0_status":"signed","route0_role":"mainline","route0_tensDigit":0,"route0_onesDigit":"odd","route0_tier":"major","route1_ref":"US 15","route1_status":"signed","route1_role":"mainline","route1_tensDigit":1,"route1_onesDigit":"odd","route1_tier":"primary"},"geometry":{"type":"LineString","coordinates":[[-79.2160317,35.4414117],[-79.2159663,35.4415153],[-79.2157416,35.4418714],[-79.2155011,35.4423268],[-79.2154048,35.4425092],[-79.2152596,35.4428107],[-79.2151257,35.4431304]]},"id":"way/660344996"},{"type":"Feature","properties":{"@id":"way/686511542","name":"Jefferson Davis Highway","ref":"US 1;US 15;US 501","route0_ref":"US 501","route0_status":"signed","route0_role":"mainline","route0_tensDigit":0,"route0_onesDigit":"odd","route0_tier":"auxiliary","route1_ref":"US 15","route1_status":"signed","route1_role":"mainline","route1_tensDigit":1,"route1_onesDigit":"odd","route1_tier":"primary"},"geometry":{"type":"LineString","coordinates":[[-79.1986115,35.4817352],[-79.198675,35.481556],[-79.198916,35.480872],[-79.1990766,35.4804065]]},"id":"way/686511542"},{"type":"Feature","properties":{"@id":"way/686511542","name":"Jefferson Davis Highway","ref":"US 1;US 15;US 501","route0_ref":"US 1","route0_status":"signed","route0_role":"mainline","route0_tensDigit":0,"route0_onesDigit":"odd","route0_tier":"major","route1_ref":"US 15","route1_status":"signed","route1_role":"mainline","route1_tensDigit":1,"route1_onesDigit":"odd","route1_tier":"primary"},"geometry":{"type":"LineString","coordinates":[[-79.1986115,35.4817352],[-79.198675,35.481556],[-79.198916,35.480872],[-79.1990766,35.4804065]]},"id":"way/686511542"},{"type":"Feature","properties":{"@id":"way/686511543","name":"Jefferson Davis Highway","ref":"US 1;US 15;US 501","route0_ref":"US 501","route0_status":"signed","route0_role":"mainline","route0_tensDigit":0,"route0_onesDigit":"odd","route0_tier":"auxiliary","route1_ref":"US 15","route1_status":"signed","route1_role":"mainline","route1_tensDigit":1,"route1_onesDigit":"odd","route1_tier":"primary"},"geometry":{"type":"LineString","coordinates":[[-79.197902,35.484081],[-79.198308,35.482668],[-79.198512,35.4820574],[-79.1986115,35.4817352]]},"id":"way/686511543"},{"type":"Feature","properties":{"@id":"way/686511543","name":"Jefferson Davis Highway","ref":"US 1;US 15;US 501","route0_ref":"US 1","route0_status":"signed","route0_role":"mainline","route0_tensDigit":0,"route0_onesDigit":"odd","route0_tier":"major","route1_ref":"US 15","route1_status":"signed","route1_role":"mainline","route1_tensDigit":1,"route1_onesDigit":"odd","route1_tier":"primary"},"geometry":{"type":"LineString","coordinates":[[-79.197902,35.484081],[-79.198308,35.482668],[-79.198512,35.4820574],[-79.1986115,35.4817352]]},"id":"way/686511543"},{"type":"Feature","properties":{"@id":"way/686511544","name":"Jefferson Davis Highway","ref":"US 1;US 15;US 501","route0_ref":"US 501","route0_status":"signed","route0_role":"mainline","route0_tensDigit":0,"route0_onesDigit":"odd","route0_tier":"auxiliary","route1_ref":"US 15","route1_status":"signed","route1_role":"mainline","route1_tensDigit":1,"route1_onesDigit":"odd","route1_tier":"primary"},"geometry":{"type":"LineString","coordinates":[[-79.1964733,35.4925803],[-79.1965368,35.4922326],[-79.196794,35.490545],[-79.1968835,35.4899321]]},"id":"way/686511544"},{"type":"Feature","properties":{"@id":"way/686511544","name":"Jefferson Davis Highway","ref":"US 1;US 15;US 501","route0_ref":"US 1","route0_status":"signed","route0_role":"mainline","route0_tensDigit":0,"route0_onesDigit":"odd","route0_tier":"major","route1_ref":"US 15","route1_status":"signed","route1_role":"mainline","route1_tensDigit":1,"route1_onesDigit":"odd","route1_tier":"primary"},"geometry":{"type":"LineString","coordinates":[[-79.1964733,35.4925803],[-79.1965368,35.4922326],[-79.196794,35.490545],[-79.1968835,35.4899321]]},"id":"way/686511544"},{"type":"Feature","properties":{"@id":"way/686511545","name":"Jefferson Davis Highway","ref":"US 1;US 15;US 501","route0_ref":"US 501","route0_status":"signed","route0_role":"mainline","route0_tensDigit":0,"route0_onesDigit":"odd","route0_tier":"auxiliary","route1_ref":"US 15","route1_status":"signed","route1_role":"mainline","route1_tensDigit":1,"route1_onesDigit":"odd","route1_tier":"primary"},"geometry":{"type":"LineString","coordinates":[[-79.1956415,35.4947751],[-79.1957767,35.4945237],[-79.196027,35.494004],[-79.196263,35.493383],[-79.1963638,35.4930581],[-79.196455,35.4926661],[-79.1964733,35.4925803]]},"id":"way/686511545"},{"type":"Feature","properties":{"@id":"way/686511545","name":"Jefferson Davis Highway","ref":"US 1;US 15;US 501","route0_ref":"US 1","route0_status":"signed","route0_role":"mainline","route0_tensDigit":0,"route0_onesDigit":"odd","route0_tier":"major","route1_ref":"US 15","route1_status":"signed","route1_role":"mainline","route1_tensDigit":1,"route1_onesDigit":"odd","route1_tier":"primary"},"geometry":{"type":"LineString","coordinates":[[-79.1956415,35.4947751],[-79.1957767,35.4945237],[-79.196027,35.494004],[-79.196263,35.493383],[-79.1963638,35.4930581],[-79.196455,35.4926661],[-79.1964733,35.4925803]]},"id":"way/686511545"},{"type":"Feature","properties":{"@id":"way/686511548","name":"Jefferson Davis Highway","ref":"US 1;US 15;US 501;NC 87","route0_ref":"US 501","route0_status":"signed","route0_role":"mainline","route0_tensDigit":0,"route0_onesDigit":"odd","route0_tier":"auxiliary","route1_ref":"US 15","route1_status":"signed","route1_role":"mainline","route1_tensDigit":1,"route1_onesDigit":"odd","route1_tier":"primary"},"geometry":{"type":"LineString","coordinates":[[-79.191095,35.503009],[-79.192907,35.499715],[-79.1931891,35.4992184]]},"id":"way/686511548"},{"type":"Feature","properties":{"@id":"way/686511548","name":"Jefferson Davis Highway","ref":"US 1;US 15;US 501;NC 87","route0_ref":"US 1","route0_status":"signed","route0_role":"mainline","route0_tensDigit":0,"route0_onesDigit":"odd","route0_tier":"major","route1_ref":"US 15","route1_status":"signed","route1_role":"mainline","route1_tensDigit":1,"route1_onesDigit":"odd","route1_tier":"primary"},"geometry":{"type":"LineString","coordinates":[[-79.191095,35.503009],[-79.192907,35.499715],[-79.1931891,35.4992184]]},"id":"way/686511548"},{"type":"Feature","properties":{"@id":"way/686511549","name":"Jefferson Davis Highway","ref":"US 1;US 15;US 501;NC 87","route0_ref":"US 501","route0_status":"signed","route0_role":"mainline","route0_tensDigit":0,"route0_onesDigit":"odd","route0_tier":"auxiliary","route1_ref":"US 15","route1_status":"signed","route1_role":"mainline","route1_tensDigit":1,"route1_onesDigit":"odd","route1_tier":"primary"},"geometry":{"type":"LineString","coordinates":[[-79.1942019,35.4973882],[-79.1944777,35.4968836],[-79.1948442,35.49621]]},"id":"way/686511549"},{"type":"Feature","properties":{"@id":"way/686511549","name":"Jefferson Davis Highway","ref":"US 1;US 15;US 501;NC 87","route0_ref":"US 1","route0_status":"signed","route0_role":"mainline","route0_tensDigit":0,"route0_onesDigit":"odd","route0_tier":"major","route1_ref":"US 15","route1_status":"signed","route1_role":"mainline","route1_tensDigit":1,"route1_onesDigit":"odd","route1_tier":"primary"},"geometry":{"type":"LineString","coordinates":[[-79.1942019,35.4973882],[-79.1944777,35.4968836],[-79.1948442,35.49621]]},"id":"way/686511549"},{"type":"Feature","properties":{"@id":"way/686511550","name":"Jefferson Davis Highway","ref":"US 1;US 15;US 501;NC 87","route0_ref":"US 501","route0_status":"signed","route0_role":"mainline","route0_tensDigit":0,"route0_onesDigit":"odd","route0_tier":"auxiliary","route1_ref":"US 15","route1_status":"signed","route1_role":"mainline","route1_tensDigit":1,"route1_onesDigit":"odd","route1_tier":"primary"},"geometry":{"type":"LineString","coordinates":[[-79.1896855,35.5064236],[-79.18975,35.506218],[-79.190006,35.505481],[-79.1902089,35.5049131],[-79.1904455,35.5043204],[-79.1906648,35.5038604],[-79.1908667,35.5034371],[-79.191095,35.503009]]},"id":"way/686511550"},{"type":"Feature","properties":{"@id":"way/686511550","name":"Jefferson Davis Highway","ref":"US 1;US 15;US 501;NC 87","route0_ref":"US 1","route0_status":"signed","route0_role":"mainline","route0_tensDigit":0,"route0_onesDigit":"odd","route0_tier":"major","route1_ref":"US 15","route1_status":"signed","route1_role":"mainline","route1_tensDigit":1,"route1_onesDigit":"odd","route1_tier":"primary"},"geometry":{"type":"LineString","coordinates":[[-79.1896855,35.5064236],[-79.18975,35.506218],[-79.190006,35.505481],[-79.1902089,35.5049131],[-79.1904455,35.5043204],[-79.1906648,35.5038604],[-79.1908667,35.5034371],[-79.191095,35.503009]]},"id":"way/686511550"},{"type":"Feature","properties":{"@id":"way/686511552","name":"Jefferson Davis Highway","ref":"US 1;US 15;US 501;NC 87","route0_ref":"US 501","route0_status":"signed","route0_role":"mainline","route0_tensDigit":0,"route0_onesDigit":"odd","route0_tier":"auxiliary","route1_ref":"US 15","route1_status":"signed","route1_role":"mainline","route1_tensDigit":1,"route1_onesDigit":"odd","route1_tier":"primary"},"geometry":{"type":"LineString","coordinates":[[-79.188211,35.5107652],[-79.1886756,35.5093911],[-79.1887119,35.5092856],[-79.1889713,35.5085304],[-79.1891675,35.5079504],[-79.1893913,35.507292],[-79.1896855,35.5064236]]},"id":"way/686511552"},{"type":"Feature","properties":{"@id":"way/686511552","name":"Jefferson Davis Highway","ref":"US 1;US 15;US 501;NC 87","route0_ref":"US 1","route0_status":"signed","route0_role":"mainline","route0_tensDigit":0,"route0_onesDigit":"odd","route0_tier":"major","route1_ref":"US 15","route1_status":"signed","route1_role":"mainline","route1_tensDigit":1,"route1_onesDigit":"odd","route1_tier":"primary"},"geometry":{"type":"LineString","coordinates":[[-79.188211,35.5107652],[-79.1886756,35.5093911],[-79.1887119,35.5092856],[-79.1889713,35.5085304],[-79.1891675,35.5079504],[-79.1893913,35.507292],[-79.1896855,35.5064236]]},"id":"way/686511552"},{"type":"Feature","properties":{"@id":"way/686511581","name":"Jefferson Davis Highway","ref":"US 1;US 15;US 501;NC 87","route0_ref":"US 501","route0_status":"signed","route0_role":"mainline","route0_tensDigit":0,"route0_onesDigit":"odd","route0_tier":"auxiliary","route1_ref":"US 15","route1_status":"signed","route1_role":"mainline","route1_tensDigit":1,"route1_onesDigit":"odd","route1_tier":"primary"},"geometry":{"type":"LineString","coordinates":[[-79.1862178,35.5160715],[-79.1855306,35.5180802]]},"id":"way/686511581"},{"type":"Feature","properties":{"@id":"way/686511581","name":"Jefferson Davis Highway","ref":"US 1;US 15;US 501;NC 87","route0_ref":"US 1","route0_status":"signed","route0_role":"mainline","route0_tensDigit":0,"route0_onesDigit":"odd","route0_tier":"major","route1_ref":"US 15","route1_status":"signed","route1_role":"mainline","route1_tensDigit":1,"route1_onesDigit":"odd","route1_tier":"primary"},"geometry":{"type":"LineString","coordinates":[[-79.1862178,35.5160715],[-79.1855306,35.5180802]]},"id":"way/686511581"},{"type":"Feature","properties":{"@id":"way/686511582","name":"Jefferson Davis Highway","ref":"US 1;US 15;US 501;NC 87","route0_ref":"US 501","route0_status":"signed","route0_role":"mainline","route0_tensDigit":0,"route0_onesDigit":"odd","route0_tier":"auxiliary","route1_ref":"US 15","route1_status":"signed","route1_role":"mainline","route1_tensDigit":1,"route1_onesDigit":"odd","route1_tier":"primary"},"geometry":{"type":"LineString","coordinates":[[-79.18764,35.5118381],[-79.187578,35.5120651],[-79.1873674,35.5126867],[-79.1870861,35.5135244],[-79.1868263,35.5142651],[-79.1865951,35.5149624],[-79.1863015,35.5158354],[-79.1862178,35.5160715]]},"id":"way/686511582"},{"type":"Feature","properties":{"@id":"way/686511582","name":"Jefferson Davis Highway","ref":"US 1;US 15;US 501;NC 87","route0_ref":"US 1","route0_status":"signed","route0_role":"mainline","route0_tensDigit":0,"route0_onesDigit":"odd","route0_tier":"major","route1_ref":"US 15","route1_status":"signed","route1_role":"mainline","route1_tensDigit":1,"route1_onesDigit":"odd","route1_tier":"primary"},"geometry":{"type":"LineString","coordinates":[[-79.18764,35.5118381],[-79.187578,35.5120651],[-79.1873674,35.5126867],[-79.1870861,35.5135244],[-79.1868263,35.5142651],[-79.1865951,35.5149624],[-79.1863015,35.5158354],[-79.1862178,35.5160715]]},"id":"way/686511582"},{"type":"Feature","properties":{"@id":"way/686511584","name":"Jefferson Davis Highway","ref":"US 1;US 15;US 501;NC 87","route0_ref":"US 501","route0_status":"signed","route0_role":"mainline","route0_tensDigit":0,"route0_onesDigit":"odd","route0_tier":"auxiliary","route1_ref":"US 15","route1_status":"signed","route1_role":"mainline","route1_tensDigit":1,"route1_onesDigit":"odd","route1_tier":"primary"},"geometry":{"type":"LineString","coordinates":[[-79.1895054,35.5064131],[-79.1890629,35.5077069],[-79.1886512,35.5088998],[-79.1883337,35.5098444],[-79.1880906,35.5105649]]},"id":"way/686511584"},{"type":"Feature","properties":{"@id":"way/686511584","name":"Jefferson Davis Highway","ref":"US 1;US 15;US 501;NC 87","route0_ref":"US 1","route0_status":"signed","route0_role":"mainline","route0_tensDigit":0,"route0_onesDigit":"odd","route0_tier":"major","route1_ref":"US 15","route1_status":"signed","route1_role":"mainline","route1_tensDigit":1,"route1_onesDigit":"odd","route1_tier":"primary"},"geometry":{"type":"LineString","coordinates":[[-79.1895054,35.5064131],[-79.1890629,35.5077069],[-79.1886512,35.5088998],[-79.1883337,35.5098444],[-79.1880906,35.5105649]]},"id":"way/686511584"},{"type":"Feature","properties":{"@id":"way/686511585","name":"Jefferson Davis Highway","ref":"US 1;US 15;US 501;NC 87","route0_ref":"US 501","route0_status":"signed","route0_role":"mainline","route0_tensDigit":0,"route0_onesDigit":"odd","route0_tier":"auxiliary","route1_ref":"US 15","route1_status":"signed","route1_role":"mainline","route1_tensDigit":1,"route1_onesDigit":"odd","route1_tier":"primary"},"geometry":{"type":"LineString","coordinates":[[-79.1931469,35.4989301],[-79.1910106,35.5028054]]},"id":"way/686511585"},{"type":"Feature","properties":{"@id":"way/686511585","name":"Jefferson Davis Highway","ref":"US 1;US 15;US 501;NC 87","route0_ref":"US 1","route0_status":"signed","route0_role":"mainline","route0_tensDigit":0,"route0_onesDigit":"odd","route0_tier":"major","route1_ref":"US 15","route1_status":"signed","route1_role":"mainline","route1_tensDigit":1,"route1_onesDigit":"odd","route1_tier":"primary"},"geometry":{"type":"LineString","coordinates":[[-79.1931469,35.4989301],[-79.1910106,35.5028054]]},"id":"way/686511585"},{"type":"Feature","properties":{"@id":"way/686511587","name":"Jefferson Davis Highway","ref":"US 1;US 15;US 501","route0_ref":"US 501","route0_status":"signed","route0_role":"mainline","route0_tensDigit":0,"route0_onesDigit":"odd","route0_tier":"auxiliary","route1_ref":"US 15","route1_status":"signed","route1_role":"mainline","route1_tensDigit":1,"route1_onesDigit":"odd","route1_tier":"primary"},"geometry":{"type":"LineString","coordinates":[[-79.1966477,35.4902884],[-79.196574,35.490774],[-79.196533,35.491048],[-79.196406,35.4919242]]},"id":"way/686511587"},{"type":"Feature","properties":{"@id":"way/686511587","name":"Jefferson Davis Highway","ref":"US 1;US 15;US 501","route0_ref":"US 1","route0_status":"signed","route0_role":"mainline","route0_tensDigit":0,"route0_onesDigit":"odd","route0_tier":"major","route1_ref":"US 15","route1_status":"signed","route1_role":"mainline","route1_tensDigit":1,"route1_onesDigit":"odd","route1_tier":"primary"},"geometry":{"type":"LineString","coordinates":[[-79.1966477,35.4902884],[-79.196574,35.490774],[-79.196533,35.491048],[-79.196406,35.4919242]]},"id":"way/686511587"},{"type":"Feature","properties":{"@id":"way/686511588","name":"Jefferson Davis Highway","ref":"US 1;US 15;US 501","route0_ref":"US 501","route0_status":"signed","route0_role":"mainline","route0_tensDigit":0,"route0_onesDigit":"odd","route0_tier":"auxiliary","route1_ref":"US 15","route1_status":"signed","route1_role":"mainline","route1_tensDigit":1,"route1_onesDigit":"odd","route1_tier":"primary"},"geometry":{"type":"LineString","coordinates":[[-79.1980005,35.4830942],[-79.1977572,35.4839456],[-79.1976486,35.4843824],[-79.1975215,35.4849344],[-79.1973938,35.4855705],[-79.1972673,35.4862229],[-79.1966477,35.4902884]]},"id":"way/686511588"},{"type":"Feature","properties":{"@id":"way/686511588","name":"Jefferson Davis Highway","ref":"US 1;US 15;US 501","route0_ref":"US 1","route0_status":"signed","route0_role":"mainline","route0_tensDigit":0,"route0_onesDigit":"odd","route0_tier":"major","route1_ref":"US 15","route1_status":"signed","route1_role":"mainline","route1_tensDigit":1,"route1_onesDigit":"odd","route1_tier":"primary"},"geometry":{"type":"LineString","coordinates":[[-79.1980005,35.4830942],[-79.1977572,35.4839456],[-79.1976486,35.4843824],[-79.1975215,35.4849344],[-79.1973938,35.4855705],[-79.1972673,35.4862229],[-79.1966477,35.4902884]]},"id":"way/686511588"},{"type":"Feature","properties":{"@id":"way/686511589","name":"Jefferson Davis Highway","ref":"US 1;US 15;US 501;NC 87","route0_ref":"US 501","route0_status":"signed","route0_role":"mainline","route0_tensDigit":0,"route0_onesDigit":"odd","route0_tier":"auxiliary","route1_ref":"US 15","route1_status":"signed","route1_role":"mainline","route1_tensDigit":1,"route1_onesDigit":"odd","route1_tier":"primary"},"geometry":{"type":"LineString","coordinates":[[-79.1946925,35.4961438],[-79.193906,35.497569],[-79.1931469,35.4989301]]},"id":"way/686511589"},{"type":"Feature","properties":{"@id":"way/686511589","name":"Jefferson Davis Highway","ref":"US 1;US 15;US 501;NC 87","route0_ref":"US 1","route0_status":"signed","route0_role":"mainline","route0_tensDigit":0,"route0_onesDigit":"odd","route0_tier":"major","route1_ref":"US 15","route1_status":"signed","route1_role":"mainline","route1_tensDigit":1,"route1_onesDigit":"odd","route1_tier":"primary"},"geometry":{"type":"LineString","coordinates":[[-79.1946925,35.4961438],[-79.193906,35.497569],[-79.1931469,35.4989301]]},"id":"way/686511589"},{"type":"Feature","properties":{"@id":"way/1429214807","name":"North Sandhills Boulevard","ref":"US 1;US 15;US 501;NC 211","route0_ref":"US 501","route0_status":"signed","route0_role":"mainline","route0_tensDigit":0,"route0_onesDigit":"odd","route0_tier":"auxiliary","route1_ref":"US 15","route1_status":"signed","route1_role":"mainline","route1_tensDigit":1,"route1_onesDigit":"odd","route1_tier":"primary"},"geometry":{"type":"LineString","coordinates":[[-79.4187271,35.1495946],[-79.4185126,35.1499145],[-79.418401,35.1500744],[-79.4182502,35.150299],[-79.4181832,35.1503988],[-79.4180263,35.1506268],[-79.4179593,35.1507242],[-79.4178408,35.1508909],[-79.4177275,35.1510503],[-79.4175567,35.1512906],[-79.4174724,35.1514093],[-79.4173009,35.1516504],[-79.4171769,35.1518248],[-79.417145,35.1518697],[-79.4170631,35.151985],[-79.4165157,35.1527187],[-79.4164299,35.1528607]]},"id":"way/1429214807"},{"type":"Feature","properties":{"@id":"way/1429214807","name":"North Sandhills Boulevard","ref":"US 1;US 15;US 501;NC 211","route0_ref":"US 1","route0_status":"signed","route0_role":"mainline","route0_tensDigit":0,"route0_onesDigit":"odd","route0_tier":"major","route1_ref":"US 15","route1_status":"signed","route1_role":"mainline","route1_tensDigit":1,"route1_onesDigit":"odd","route1_tier":"primary"},"geometry":{"type":"LineString","coordinates":[[-79.4187271,35.1495946],[-79.4185126,35.1499145],[-79.418401,35.1500744],[-79.4182502,35.150299],[-79.4181832,35.1503988],[-79.4180263,35.1506268],[-79.4179593,35.1507242],[-79.4178408,35.1508909],[-79.4177275,35.1510503],[-79.4175567,35.1512906],[-79.4174724,35.1514093],[-79.4173009,35.1516504],[-79.4171769,35.1518248],[-79.417145,35.1518697],[-79.4170631,35.151985],[-79.4165157,35.1527187],[-79.4164299,35.1528607]]},"id":"way/1429214807"},{"type":"Feature","properties":{"@id":"way/1429214808","name":"North Sandhills Boulevard","ref":"US 1;US 15;US 501;NC 211","route0_ref":"US 501","route0_status":"signed","route0_role":"mainline","route0_tensDigit":0,"route0_onesDigit":"odd","route0_tier":"auxiliary","route1_ref":"US 15","route1_status":"signed","route1_role":"mainline","route1_tensDigit":1,"route1_onesDigit":"odd","route1_tier":"primary"},"geometry":{"type":"LineString","coordinates":[[-79.4188685,35.1493838],[-79.4187271,35.1495946]]},"id":"way/1429214808"},{"type":"Feature","properties":{"@id":"way/1429214808","name":"North Sandhills Boulevard","ref":"US 1;US 15;US 501;NC 211","route0_ref":"US 1","route0_status":"signed","route0_role":"mainline","route0_tensDigit":0,"route0_onesDigit":"odd","route0_tier":"major","route1_ref":"US 15","route1_status":"signed","route1_role":"mainline","route1_tensDigit":1,"route1_onesDigit":"odd","route1_tier":"primary"},"geometry":{"type":"LineString","coordinates":[[-79.4188685,35.1493838],[-79.4187271,35.1495946]]},"id":"way/1429214808"},{"type":"Feature","properties":{"@id":"way/1429214809","name":"North Sandhills Boulevard","ref":"US 1;US 15;US 501;NC 211","route0_ref":"US 501","route0_status":"signed","route0_role":"mainline","route0_tensDigit":0,"route0_onesDigit":"odd","route0_tier":"auxiliary","route1_ref":"US 15","route1_status":"signed","route1_role":"mainline","route1_tensDigit":1,"route1_onesDigit":"odd","route1_tier":"primary"},"geometry":{"type":"LineString","coordinates":[[-79.4190657,35.149095],[-79.4189949,35.1491986],[-79.4189258,35.1492998]]},"id":"way/1429214809"},{"type":"Feature","properties":{"@id":"way/1429214809","name":"North Sandhills Boulevard","ref":"US 1;US 15;US 501;NC 211","route0_ref":"US 1","route0_status":"signed","route0_role":"mainline","route0_tensDigit":0,"route0_onesDigit":"odd","route0_tier":"major","route1_ref":"US 15","route1_status":"signed","route1_role":"mainline","route1_tensDigit":1,"route1_onesDigit":"odd","route1_tier":"primary"},"geometry":{"type":"LineString","coordinates":[[-79.4190657,35.149095],[-79.4189949,35.1491986],[-79.4189258,35.1492998]]},"id":"way/1429214809"},{"type":"Feature","properties":{"@id":"way/1429214810","name":"North Sandhills Boulevard","ref":"US 1;US 15;US 501;NC 211","route0_ref":"US 501","route0_status":"signed","route0_role":"mainline","route0_tensDigit":0,"route0_onesDigit":"odd","route0_tier":"auxiliary","route1_ref":"US 15","route1_status":"signed","route1_role":"mainline","route1_tensDigit":1,"route1_onesDigit":"odd","route1_tier":"primary"},"geometry":{"type":"LineString","coordinates":[[-79.4189258,35.1492998],[-79.4188685,35.1493838]]},"id":"way/1429214810"},{"type":"Feature","properties":{"@id":"way/1429214810","name":"North Sandhills Boulevard","ref":"US 1;US 15;US 501;NC 211","route0_ref":"US 1","route0_status":"signed","route0_role":"mainline","route0_tensDigit":0,"route0_onesDigit":"odd","route0_tier":"major","route1_ref":"US 15","route1_status":"signed","route1_role":"mainline","route1_tensDigit":1,"route1_onesDigit":"odd","route1_tier":"primary"},"geometry":{"type":"LineString","coordinates":[[-79.4189258,35.1492998],[-79.4188685,35.1493838]]},"id":"way/1429214810"},{"type":"Feature","properties":{"@id":"way/1429941897","name":"North Sandhills Boulevard","ref":"US 1;US 15;US 501;NC 211","route0_ref":"US 501","route0_status":"signed","route0_role":"mainline","route0_tensDigit":0,"route0_onesDigit":"odd","route0_tier":"auxiliary","route1_ref":"US 15","route1_status":"signed","route1_role":"mainline","route1_tensDigit":1,"route1_onesDigit":"odd","route1_tier":"primary"},"geometry":{"type":"LineString","coordinates":[[-79.4286955,35.1333376],[-79.428546,35.1335875]]},"id":"way/1429941897"},{"type":"Feature","properties":{"@id":"way/1429941897","name":"North Sandhills Boulevard","ref":"US 1;US 15;US 501;NC 211","route0_ref":"US 1","route0_status":"signed","route0_role":"mainline","route0_tensDigit":0,"route0_onesDigit":"odd","route0_tier":"major","route1_ref":"US 15","route1_status":"signed","route1_role":"mainline","route1_tensDigit":1,"route1_onesDigit":"odd","route1_tier":"primary"},"geometry":{"type":"LineString","coordinates":[[-79.4286955,35.1333376],[-79.428546,35.1335875]]},"id":"way/1429941897"},{"type":"Feature","properties":{"@id":"way/1429941898","name":"North Sandhills Boulevard","ref":"US 1;US 15;US 501;NC 211","route0_ref":"US 501","route0_status":"signed","route0_role":"mainline","route0_tensDigit":0,"route0_onesDigit":"odd","route0_tier":"auxiliary","route1_ref":"US 15","route1_status":"signed","route1_role":"mainline","route1_tensDigit":1,"route1_onesDigit":"odd","route1_tier":"primary"},"geometry":{"type":"LineString","coordinates":[[-79.4287442,35.1332509],[-79.4286955,35.1333376]]},"id":"way/1429941898"},{"type":"Feature","properties":{"@id":"way/1429941898","name":"North Sandhills Boulevard","ref":"US 1;US 15;US 501;NC 211","route0_ref":"US 1","route0_status":"signed","route0_role":"mainline","route0_tensDigit":0,"route0_onesDigit":"odd","route0_tier":"major","route1_ref":"US 15","route1_status":"signed","route1_role":"mainline","route1_tensDigit":1,"route1_onesDigit":"odd","route1_tier":"primary"},"geometry":{"type":"LineString","coordinates":[[-79.4287442,35.1332509],[-79.4286955,35.1333376]]},"id":"way/1429941898"},{"type":"Feature","properties":{"@id":"way/1432509993","name":"North Sandhills Boulevard","ref":"US 1;US 15;US 501;NC 211","route0_ref":"US 501","route0_status":"signed","route0_role":"mainline","route0_tensDigit":0,"route0_onesDigit":"odd","route0_tier":"auxiliary","route1_ref":"US 15","route1_status":"signed","route1_role":"mainline","route1_tensDigit":1,"route1_onesDigit":"odd","route1_tier":"primary"},"geometry":{"type":"LineString","coordinates":[[-79.4234762,35.1423276],[-79.4234071,35.1424494],[-79.4233112,35.1426186],[-79.4230596,35.1430621],[-79.4229414,35.1432706],[-79.4229159,35.1433163],[-79.4228841,35.1433732],[-79.4224966,35.1440343],[-79.4221052,35.1446693],[-79.4214659,35.1456022],[-79.4207901,35.1466041],[-79.4198574,35.1479366],[-79.4196961,35.1481724],[-79.4193626,35.1486601],[-79.4190657,35.149095]]},"id":"way/1432509993"},{"type":"Feature","properties":{"@id":"way/1432509993","name":"North Sandhills Boulevard","ref":"US 1;US 15;US 501;NC 211","route0_ref":"US 1","route0_status":"signed","route0_role":"mainline","route0_tensDigit":0,"route0_onesDigit":"odd","route0_tier":"major","route1_ref":"US 15","route1_status":"signed","route1_role":"mainline","route1_tensDigit":1,"route1_onesDigit":"odd","route1_tier":"primary"},"geometry":{"type":"LineString","coordinates":[[-79.4234762,35.1423276],[-79.4234071,35.1424494],[-79.4233112,35.1426186],[-79.4230596,35.1430621],[-79.4229414,35.1432706],[-79.4229159,35.1433163],[-79.4228841,35.1433732],[-79.4224966,35.1440343],[-79.4221052,35.1446693],[-79.4214659,35.1456022],[-79.4207901,35.1466041],[-79.4198574,35.1479366],[-79.4196961,35.1481724],[-79.4193626,35.1486601],[-79.4190657,35.149095]]},"id":"way/1432509993"},{"type":"Feature","properties":{"@id":"way/1432509994","name":"North Sandhills Boulevard","ref":"US 1;US 15;US 501;NC 211","route0_ref":"US 501","route0_status":"signed","route0_role":"mainline","route0_tensDigit":0,"route0_onesDigit":"odd","route0_tier":"auxiliary","route1_ref":"US 15","route1_status":"signed","route1_role":"mainline","route1_tensDigit":1,"route1_onesDigit":"odd","route1_tier":"primary"},"geometry":{"type":"LineString","coordinates":[[-79.423619,35.1420759],[-79.4234762,35.1423276]]},"id":"way/1432509994"},{"type":"Feature","properties":{"@id":"way/1432509994","name":"North Sandhills Boulevard","ref":"US 1;US 15;US 501;NC 211","route0_ref":"US 1","route0_status":"signed","route0_role":"mainline","route0_tensDigit":0,"route0_onesDigit":"odd","route0_tier":"major","route1_ref":"US 15","route1_status":"signed","route1_role":"mainline","route1_tensDigit":1,"route1_onesDigit":"odd","route1_tier":"primary"},"geometry":{"type":"LineString","coordinates":[[-79.423619,35.1420759],[-79.4234762,35.1423276]]},"id":"way/1432509994"},{"type":"Feature","properties":{"@id":"way/1432704294","name":"North Sandhills Boulevard","ref":"US 1;US 15;US 501;NC 211","route0_ref":"US 501","route0_status":"signed","route0_role":"mainline","route0_tensDigit":0,"route0_onesDigit":"odd","route0_tier":"auxiliary","route1_ref":"US 15","route1_status":"signed","route1_role":"mainline","route1_tensDigit":1,"route1_onesDigit":"odd","route1_tier":"primary"},"geometry":{"type":"LineString","coordinates":[[-79.4245588,35.1404584],[-79.423619,35.1420759]]},"id":"way/1432704294"},{"type":"Feature","properties":{"@id":"way/1432704294","name":"North Sandhills Boulevard","ref":"US 1;US 15;US 501;NC 211","route0_ref":"US 1","route0_status":"signed","route0_role":"mainline","route0_tensDigit":0,"route0_onesDigit":"odd","route0_tier":"major","route1_ref":"US 15","route1_status":"signed","route1_role":"mainline","route1_tensDigit":1,"route1_onesDigit":"odd","route1_tier":"primary"},"geometry":{"type":"LineString","coordinates":[[-79.4245588,35.1404584],[-79.423619,35.1420759]]},"id":"way/1432704294"},{"type":"Feature","properties":{"@id":"way/1432704295","name":"North Sandhills Boulevard","ref":"US 1;US 15;US 501;NC 211","route0_ref":"US 501","route0_status":"signed","route0_role":"mainline","route0_tensDigit":0,"route0_onesDigit":"odd","route0_tier":"auxiliary","route1_ref":"US 15","route1_status":"signed","route1_role":"mainline","route1_tensDigit":1,"route1_onesDigit":"odd","route1_tier":"primary"},"geometry":{"type":"LineString","coordinates":[[-79.4247201,35.1401808],[-79.4245588,35.1404584]]},"id":"way/1432704295"},{"type":"Feature","properties":{"@id":"way/1432704295","name":"North Sandhills Boulevard","ref":"US 1;US 15;US 501;NC 211","route0_ref":"US 1","route0_status":"signed","route0_role":"mainline","route0_tensDigit":0,"route0_onesDigit":"odd","route0_tier":"major","route1_ref":"US 15","route1_status":"signed","route1_role":"mainline","route1_tensDigit":1,"route1_onesDigit":"odd","route1_tier":"primary"},"geometry":{"type":"LineString","coordinates":[[-79.4247201,35.1401808],[-79.4245588,35.1404584]]},"id":"way/1432704295"},{"type":"Feature","properties":{"@id":"way/1432704296","name":"North Sandhills Boulevard","ref":"US 1;US 15;US 501;NC 211","route0_ref":"US 501","route0_status":"signed","route0_role":"mainline","route0_tensDigit":0,"route0_onesDigit":"odd","route0_tier":"auxiliary","route1_ref":"US 15","route1_status":"signed","route1_role":"mainline","route1_tensDigit":1,"route1_onesDigit":"odd","route1_tier":"primary"},"geometry":{"type":"LineString","coordinates":[[-79.4248483,35.1399589],[-79.4247201,35.1401808]]},"id":"way/1432704296"},{"type":"Feature","properties":{"@id":"way/1432704296","name":"North Sandhills Boulevard","ref":"US 1;US 15;US 501;NC 211","route0_ref":"US 1","route0_status":"signed","route0_role":"mainline","route0_tensDigit":0,"route0_onesDigit":"odd","route0_tier":"major","route1_ref":"US 15","route1_status":"signed","route1_role":"mainline","route1_tensDigit":1,"route1_onesDigit":"odd","route1_tier":"primary"},"geometry":{"type":"LineString","coordinates":[[-79.4248483,35.1399589],[-79.4247201,35.1401808]]},"id":"way/1432704296"},{"type":"Feature","properties":{"@id":"way/1432705730","name":"North Sandhills Boulevard","ref":"US 1;US 15;US 501;NC 211","route0_ref":"US 501","route0_status":"signed","route0_role":"mainline","route0_tensDigit":0,"route0_onesDigit":"odd","route0_tier":"auxiliary","route1_ref":"US 15","route1_status":"signed","route1_role":"mainline","route1_tensDigit":1,"route1_onesDigit":"odd","route1_tier":"primary"},"geometry":{"type":"LineString","coordinates":[[-79.4257631,35.1383755],[-79.4248483,35.1399589]]},"id":"way/1432705730"},{"type":"Feature","properties":{"@id":"way/1432705730","name":"North Sandhills Boulevard","ref":"US 1;US 15;US 501;NC 211","route0_ref":"US 1","route0_status":"signed","route0_role":"mainline","route0_tensDigit":0,"route0_onesDigit":"odd","route0_tier":"major","route1_ref":"US 15","route1_status":"signed","route1_role":"mainline","route1_tensDigit":1,"route1_onesDigit":"odd","route1_tier":"primary"},"geometry":{"type":"LineString","coordinates":[[-79.4257631,35.1383755],[-79.4248483,35.1399589]]},"id":"way/1432705730"},{"type":"Feature","properties":{"@id":"way/1432705731","name":"North Sandhills Boulevard","ref":"US 1;US 15;US 501;NC 211","route0_ref":"US 501","route0_status":"signed","route0_role":"mainline","route0_tensDigit":0,"route0_onesDigit":"odd","route0_tier":"auxiliary","route1_ref":"US 15","route1_status":"signed","route1_role":"mainline","route1_tensDigit":1,"route1_onesDigit":"odd","route1_tier":"primary"},"geometry":{"type":"LineString","coordinates":[[-79.4259939,35.1379764],[-79.4258926,35.1381513]]},"id":"way/1432705731"},{"type":"Feature","properties":{"@id":"way/1432705731","name":"North Sandhills Boulevard","ref":"US 1;US 15;US 501;NC 211","route0_ref":"US 1","route0_status":"signed","route0_role":"mainline","route0_tensDigit":0,"route0_onesDigit":"odd","route0_tier":"major","route1_ref":"US 15","route1_status":"signed","route1_role":"mainline","route1_tensDigit":1,"route1_onesDigit":"odd","route1_tier":"primary"},"geometry":{"type":"LineString","coordinates":[[-79.4259939,35.1379764],[-79.4258926,35.1381513]]},"id":"way/1432705731"},{"type":"Feature","properties":{"@id":"way/1432705732","name":"North Sandhills Boulevard","ref":"US 1;US 15;US 501;NC 211","route0_ref":"US 501","route0_status":"signed","route0_role":"mainline","route0_tensDigit":0,"route0_onesDigit":"odd","route0_tier":"auxiliary","route1_ref":"US 15","route1_status":"signed","route1_role":"mainline","route1_tensDigit":1,"route1_onesDigit":"odd","route1_tier":"primary"},"geometry":{"type":"LineString","coordinates":[[-79.4258926,35.1381513],[-79.4257631,35.1383755]]},"id":"way/1432705732"},{"type":"Feature","properties":{"@id":"way/1432705732","name":"North Sandhills Boulevard","ref":"US 1;US 15;US 501;NC 211","route0_ref":"US 1","route0_status":"signed","route0_role":"mainline","route0_tensDigit":0,"route0_onesDigit":"odd","route0_tier":"major","route1_ref":"US 15","route1_status":"signed","route1_role":"mainline","route1_tensDigit":1,"route1_onesDigit":"odd","route1_tier":"primary"},"geometry":{"type":"LineString","coordinates":[[-79.4258926,35.1381513],[-79.4257631,35.1383755]]},"id":"way/1432705732"},{"type":"Feature","properties":{"@id":"way/1486013882","name":"South Sandhills Boulevard","ref":"US 1;US 15;US 501;NC 211","route0_ref":"US 501","route0_status":"signed","route0_role":"mainline","route0_tensDigit":0,"route0_onesDigit":"odd","route0_tier":"auxiliary","route1_ref":"US 15","route1_status":"signed","route1_role":"mainline","route1_tensDigit":1,"route1_onesDigit":"odd","route1_tier":"primary"},"geometry":{"type":"LineString","coordinates":[[-79.4322668,35.128041],[-79.4321086,35.1281353],[-79.4314894,35.1287931],[-79.4313381,35.1289339],[-79.431308,35.1289704]]},"id":"way/1486013882"},{"type":"Feature","properties":{"@id":"way/1486013882","name":"South Sandhills Boulevard","ref":"US 1;US 15;US 501;NC 211","route0_ref":"US 1","route0_status":"signed","route0_role":"mainline","route0_tensDigit":0,"route0_onesDigit":"odd","route0_tier":"major","route1_ref":"US 15","route1_status":"signed","route1_role":"mainline","route1_tensDigit":1,"route1_onesDigit":"odd","route1_tier":"primary"},"geometry":{"type":"LineString","coordinates":[[-79.4322668,35.128041],[-79.4321086,35.1281353],[-79.4314894,35.1287931],[-79.4313381,35.1289339],[-79.431308,35.1289704]]},"id":"way/1486013882"},{"type":"Feature","properties":{"@id":"way/1486013883","name":"South Sandhills Boulevard","ref":"US 1;US 15;US 501;NC 211","route0_ref":"US 501","route0_status":"signed","route0_role":"mainline","route0_tensDigit":0,"route0_onesDigit":"odd","route0_tier":"auxiliary","route1_ref":"US 15","route1_status":"signed","route1_role":"mainline","route1_tensDigit":1,"route1_onesDigit":"odd","route1_tier":"primary"},"geometry":{"type":"LineString","coordinates":[[-79.431308,35.1289704],[-79.4311095,35.1292107],[-79.4309363,35.1294512],[-79.4307435,35.1297129]]},"id":"way/1486013883"},{"type":"Feature","properties":{"@id":"way/1486013883","name":"South Sandhills Boulevard","ref":"US 1;US 15;US 501;NC 211","route0_ref":"US 1","route0_status":"signed","route0_role":"mainline","route0_tensDigit":0,"route0_onesDigit":"odd","route0_tier":"major","route1_ref":"US 15","route1_status":"signed","route1_role":"mainline","route1_tensDigit":1,"route1_onesDigit":"odd","route1_tier":"primary"},"geometry":{"type":"LineString","coordinates":[[-79.431308,35.1289704],[-79.4311095,35.1292107],[-79.4309363,35.1294512],[-79.4307435,35.1297129]]},"id":"way/1486013883"},{"type":"Feature","properties":{"@id":"way/1511983021","name":"Jefferson Davis Highway","ref":"US 1;US 15;US 501;NC 87","route0_ref":"US 501","route0_status":"signed","route0_role":"mainline","route0_tensDigit":0,"route0_onesDigit":"odd","route0_tier":"auxiliary","route1_ref":"US 15","route1_status":"signed","route1_role":"mainline","route1_tensDigit":1,"route1_onesDigit":"odd","route1_tier":"primary"},"geometry":{"type":"LineString","coordinates":[[-79.184972,35.520273],[-79.1863738,35.5161553]]},"id":"way/1511983021"},{"type":"Feature","properties":{"@id":"way/1511983021","name":"Jefferson Davis Highway","ref":"US 1;US 15;US 501;NC 87","route0_ref":"US 1","route0_status":"signed","route0_role":"mainline","route0_tensDigit":0,"route0_onesDigit":"odd","route0_tier":"major","route1_ref":"US 15","route1_status":"signed","route1_role":"mainline","route1_tensDigit":1,"route1_onesDigit":"odd","route1_tier":"primary"},"geometry":{"type":"LineString","coordinates":[[-79.184972,35.520273],[-79.1863738,35.5161553]]},"id":"way/1511983021"},{"type":"Feature","properties":{"@id":"way/1517351475","ref":"US 15;US 501;NC 87;US 1 Business","route0_ref":"US 15","route0_status":"signed","route0_role":"mainline","route0_tensDigit":1,"route0_onesDigit":"odd","route0_tier":"primary","route1_ref":"US 1 Business","route1_status":"signed","route1_role":"business","route1_tensDigit":0,"route1_onesDigit":"odd","route1_tier":"major"},"geometry":{"type":"LineString","coordinates":[[-79.184298,35.5250064],[-79.1843213,35.5250348],[-79.1843508,35.5250592],[-79.1843853,35.5250787],[-79.1844236,35.5250927],[-79.1844645,35.5251006],[-79.1845064,35.5251022],[-79.184548,35.5250974]]},"id":"way/1517351475"},{"type":"Feature","properties":{"@id":"way/1517351475","ref":"US 15;US 501;NC 87;US 1 Business","route0_ref":"US 501","route0_status":"signed","route0_role":"mainline","route0_tensDigit":0,"route0_onesDigit":"odd","route0_tier":"auxiliary","route1_ref":"US 1 Business","route1_status":"signed","route1_role":"business","route1_tensDigit":0,"route1_onesDigit":"odd","route1_tier":"major"},"geometry":{"type":"LineString","coordinates":[[-79.184298,35.5250064],[-79.1843213,35.5250348],[-79.1843508,35.5250592],[-79.1843853,35.5250787],[-79.1844236,35.5250927],[-79.1844645,35.5251006],[-79.1845064,35.5251022],[-79.184548,35.5250974]]},"id":"way/1517351475"},{"type":"Feature","properties":{"@id":"way/1523873167","name":"Jefferson Davis Highway","ref":"US 1;US 15;US 501","route0_ref":"US 501","route0_status":"signed","route0_role":"mainline","route0_tensDigit":0,"route0_onesDigit":"odd","route0_tier":"auxiliary","route1_ref":"US 15","route1_status":"signed","route1_role":"mainline","route1_tensDigit":1,"route1_onesDigit":"odd","route1_tier":"primary"},"geometry":{"type":"LineString","coordinates":[[-79.201958,35.472011],[-79.2030432,35.4688794]]},"id":"way/1523873167"},{"type":"Feature","properties":{"@id":"way/1523873167","name":"Jefferson Davis Highway","ref":"US 1;US 15;US 501","route0_ref":"US 1","route0_status":"signed","route0_role":"mainline","route0_tensDigit":0,"route0_onesDigit":"odd","route0_tier":"major","route1_ref":"US 15","route1_status":"signed","route1_role":"mainline","route1_tensDigit":1,"route1_onesDigit":"odd","route1_tier":"primary"},"geometry":{"type":"LineString","coordinates":[[-79.201958,35.472011],[-79.2030432,35.4688794]]},"id":"way/1523873167"},{"type":"Feature","properties":{"@id":"way/1523873168","name":"Jefferson Davis Highway","ref":"US 1;US 15;US 501","route0_ref":"US 501","route0_status":"signed","route0_role":"mainline","route0_tensDigit":0,"route0_onesDigit":"odd","route0_tier":"auxiliary","route1_ref":"US 15","route1_status":"signed","route1_role":"mainline","route1_tensDigit":1,"route1_onesDigit":"odd","route1_tier":"primary"},"geometry":{"type":"LineString","coordinates":[[-79.1992254,35.4799835],[-79.199556,35.478998],[-79.2003232,35.4767749]]},"id":"way/1523873168"},{"type":"Feature","properties":{"@id":"way/1523873168","name":"Jefferson Davis Highway","ref":"US 1;US 15;US 501","route0_ref":"US 1","route0_status":"signed","route0_role":"mainline","route0_tensDigit":0,"route0_onesDigit":"odd","route0_tier":"major","route1_ref":"US 15","route1_status":"signed","route1_role":"mainline","route1_tensDigit":1,"route1_onesDigit":"odd","route1_tier":"primary"},"geometry":{"type":"LineString","coordinates":[[-79.1992254,35.4799835],[-79.199556,35.478998],[-79.2003232,35.4767749]]},"id":"way/1523873168"},{"type":"Feature","properties":{"@id":"way/1523875360","name":"Jefferson Davis Highway","ref":"US 1;US 15;US 501","route0_ref":"US 501","route0_status":"signed","route0_role":"mainline","route0_tensDigit":0,"route0_onesDigit":"odd","route0_tier":"auxiliary","route1_ref":"US 15","route1_status":"signed","route1_role":"mainline","route1_tensDigit":1,"route1_onesDigit":"odd","route1_tier":"primary"},"geometry":{"type":"LineString","coordinates":[[-79.1988851,35.4804307],[-79.198613,35.481217],[-79.198499,35.481546],[-79.198365,35.481935],[-79.1980005,35.4830942]]},"id":"way/1523875360"},{"type":"Feature","properties":{"@id":"way/1523875360","name":"Jefferson Davis Highway","ref":"US 1;US 15;US 501","route0_ref":"US 1","route0_status":"signed","route0_role":"mainline","route0_tensDigit":0,"route0_onesDigit":"odd","route0_tier":"major","route1_ref":"US 15","route1_status":"signed","route1_role":"mainline","route1_tensDigit":1,"route1_onesDigit":"odd","route1_tier":"primary"},"geometry":{"type":"LineString","coordinates":[[-79.1988851,35.4804307],[-79.198613,35.481217],[-79.198499,35.481546],[-79.198365,35.481935],[-79.1980005,35.4830942]]},"id":"way/1523875360"},{"type":"Feature","properties":{"@id":"way/1525981880","name":"Jefferson Davis Highway","ref":"US 1;US 15;US 501","route0_ref":"US 501","route0_status":"signed","route0_role":"mainline","route0_tensDigit":0,"route0_onesDigit":"odd","route0_tier":"auxiliary","route1_ref":"US 15","route1_status":"signed","route1_role":"mainline","route1_tensDigit":1,"route1_onesDigit":"odd","route1_tier":"primary"},"geometry":{"type":"LineString","coordinates":[[-79.2045313,35.4641113],[-79.2044495,35.4643117],[-79.2042518,35.4648052]]},"id":"way/1525981880"},{"type":"Feature","properties":{"@id":"way/1525981880","name":"Jefferson Davis Highway","ref":"US 1;US 15;US 501","route0_ref":"US 1","route0_status":"signed","route0_role":"mainline","route0_tensDigit":0,"route0_onesDigit":"odd","route0_tier":"major","route1_ref":"US 15","route1_status":"signed","route1_role":"mainline","route1_tensDigit":1,"route1_onesDigit":"odd","route1_tier":"primary"},"geometry":{"type":"LineString","coordinates":[[-79.2045313,35.4641113],[-79.2044495,35.4643117],[-79.2042518,35.4648052]]},"id":"way/1525981880"},{"type":"Feature","properties":{"@id":"way/11950069","name":"Penn-Lincoln Parkway West","ref":"I 376;US 22;US 30","unsigned_ref":"US 19 Truck","route0_ref":"US 30","route0_status":"signed","route0_role":"mainline","route0_tensDigit":3,"route0_onesDigit":"even","route0_tier":"major","route1_ref":"US 19 Truck","route1_status":"unsigned","route1_role":"mainline","route1_tensDigit":1,"route1_onesDigit":"odd","route1_tier":"primary"},"geometry":{"type":"LineString","coordinates":[[-80.0102762,40.4394498],[-80.0123796,40.43833]]},"id":"way/11950069"},{"type":"Feature","properties":{"@id":"way/11950069","name":"Penn-Lincoln Parkway West","ref":"I 376;US 22;US 30","unsigned_ref":"US 19 Truck","route0_ref":"US 22","route0_status":"signed","route0_role":"mainline","route0_tensDigit":2,"route0_onesDigit":"even","route0_tier":"primary","route1_ref":"US 19 Truck","route1_status":"unsigned","route1_role":"mainline","route1_tensDigit":1,"route1_onesDigit":"odd","route1_tier":"primary"},"geometry":{"type":"LineString","coordinates":[[-80.0102762,40.4394498],[-80.0123796,40.43833]]},"id":"way/11950069"},{"type":"Feature","properties":{"@id":"way/11965424","name":"Penn-Lincoln Parkway West","ref":"I 376;US 22;US 30","unsigned_ref":"US 19 Truck","route0_ref":"US 30","route0_status":"signed","route0_role":"mainline","route0_tensDigit":3,"route0_onesDigit":"even","route0_tier":"major","route1_ref":"US 19 Truck","route1_status":"unsigned","route1_role":"mainline","route1_tensDigit":1,"route1_onesDigit":"odd","route1_tier":"primary"},"geometry":{"type":"LineString","coordinates":[[-80.0138754,40.4375986],[-80.0142647,40.4374119],[-80.0144219,40.4373354],[-80.0245294,40.4319498]]},"id":"way/11965424"},{"type":"Feature","properties":{"@id":"way/11965424","name":"Penn-Lincoln Parkway West","ref":"I 376;US 22;US 30","unsigned_ref":"US 19 Truck","route0_ref":"US 22","route0_status":"signed","route0_role":"mainline","route0_tensDigit":2,"route0_onesDigit":"even","route0_tier":"primary","route1_ref":"US 19 Truck","route1_status":"unsigned","route1_role":"mainline","route1_tensDigit":1,"route1_onesDigit":"odd","route1_tier":"primary"},"geometry":{"type":"LineString","coordinates":[[-80.0138754,40.4375986],[-80.0142647,40.4374119],[-80.0144219,40.4373354],[-80.0245294,40.4319498]]},"id":"way/11965424"},{"type":"Feature","properties":{"@id":"way/24957029","name":"Penn-Lincoln Parkway West","ref":"I 376;US 22;US 30","unsigned_ref":"US 19 Truck","route0_ref":"US 30","route0_status":"signed","route0_role":"mainline","route0_tensDigit":3,"route0_onesDigit":"even","route0_tier":"major","route1_ref":"US 19 Truck","route1_status":"unsigned","route1_role":"mainline","route1_tensDigit":1,"route1_onesDigit":"odd","route1_tier":"primary"},"geometry":{"type":"LineString","coordinates":[[-80.0137632,40.4374911],[-80.0134997,40.437632],[-80.0127496,40.4380944],[-80.0125781,40.4381933],[-80.0124003,40.4382957]]},"id":"way/24957029"},{"type":"Feature","properties":{"@id":"way/24957029","name":"Penn-Lincoln Parkway West","ref":"I 376;US 22;US 30","unsigned_ref":"US 19 Truck","route0_ref":"US 22","route0_status":"signed","route0_role":"mainline","route0_tensDigit":2,"route0_onesDigit":"even","route0_tier":"primary","route1_ref":"US 19 Truck","route1_status":"unsigned","route1_role":"mainline","route1_tensDigit":1,"route1_onesDigit":"odd","route1_tier":"primary"},"geometry":{"type":"LineString","coordinates":[[-80.0137632,40.4374911],[-80.0134997,40.437632],[-80.0127496,40.4380944],[-80.0125781,40.4381933],[-80.0124003,40.4382957]]},"id":"way/24957029"},{"type":"Feature","properties":{"@id":"way/28411466","name":"Penn-Lincoln Parkway West","ref":"I 376;US 22;US 30","unsigned_ref":"US 19 Truck","route0_ref":"US 30","route0_status":"signed","route0_role":"mainline","route0_tensDigit":3,"route0_onesDigit":"even","route0_tier":"major","route1_ref":"US 19 Truck","route1_status":"unsigned","route1_role":"mainline","route1_tensDigit":1,"route1_onesDigit":"odd","route1_tier":"primary"},"geometry":{"type":"LineString","coordinates":[[-80.024404,40.4318128],[-80.0138766,40.4374221],[-80.0137632,40.4374911]]},"id":"way/28411466"},{"type":"Feature","properties":{"@id":"way/28411466","name":"Penn-Lincoln Parkway West","ref":"I 376;US 22;US 30","unsigned_ref":"US 19 Truck","route0_ref":"US 22","route0_status":"signed","route0_role":"mainline","route0_tensDigit":2,"route0_onesDigit":"even","route0_tier":"primary","route1_ref":"US 19 Truck","route1_status":"unsigned","route1_role":"mainline","route1_tensDigit":1,"route1_onesDigit":"odd","route1_tier":"primary"},"geometry":{"type":"LineString","coordinates":[[-80.024404,40.4318128],[-80.0138766,40.4374221],[-80.0137632,40.4374911]]},"id":"way/28411466"},{"type":"Feature","properties":{"@id":"way/51189166","name":"Penn-Lincoln Parkway West","ref":"I 376;US 22;US 30","unsigned_ref":"US 19 Truck","route0_ref":"US 30","route0_status":"signed","route0_role":"mainline","route0_tensDigit":3,"route0_onesDigit":"even","route0_tier":"major","route1_ref":"US 19 Truck","route1_status":"unsigned","route1_role":"mainline","route1_tensDigit":1,"route1_onesDigit":"odd","route1_tier":"primary"},"geometry":{"type":"LineString","coordinates":[[-80.0260262,40.43092],[-80.0253748,40.4312878],[-80.0249681,40.4315124],[-80.024807,40.4315982],[-80.0245745,40.431722]]},"id":"way/51189166"},{"type":"Feature","properties":{"@id":"way/51189166","name":"Penn-Lincoln Parkway West","ref":"I 376;US 22;US 30","unsigned_ref":"US 19 Truck","route0_ref":"US 22","route0_status":"signed","route0_role":"mainline","route0_tensDigit":2,"route0_onesDigit":"even","route0_tier":"primary","route1_ref":"US 19 Truck","route1_status":"unsigned","route1_role":"mainline","route1_tensDigit":1,"route1_onesDigit":"odd","route1_tier":"primary"},"geometry":{"type":"LineString","coordinates":[[-80.0260262,40.43092],[-80.0253748,40.4312878],[-80.0249681,40.4315124],[-80.024807,40.4315982],[-80.0245745,40.431722]]},"id":"way/51189166"},{"type":"Feature","properties":{"@id":"way/54203161","name":"Penn-Lincoln Parkway West","ref":"I 376;US 22;US 30","unsigned_ref":"US 19 Truck","route0_ref":"US 30","route0_status":"signed","route0_role":"mainline","route0_tensDigit":3,"route0_onesDigit":"even","route0_tier":"major","route1_ref":"US 19 Truck","route1_status":"unsigned","route1_role":"mainline","route1_tensDigit":1,"route1_onesDigit":"odd","route1_tier":"primary"},"geometry":{"type":"LineString","coordinates":[[-80.0245294,40.4319498],[-80.0247001,40.4318589]]},"id":"way/54203161"},{"type":"Feature","properties":{"@id":"way/54203161","name":"Penn-Lincoln Parkway West","ref":"I 376;US 22;US 30","unsigned_ref":"US 19 Truck","route0_ref":"US 22","route0_status":"signed","route0_role":"mainline","route0_tensDigit":2,"route0_onesDigit":"even","route0_tier":"primary","route1_ref":"US 19 Truck","route1_status":"unsigned","route1_role":"mainline","route1_tensDigit":1,"route1_onesDigit":"odd","route1_tier":"primary"},"geometry":{"type":"LineString","coordinates":[[-80.0245294,40.4319498],[-80.0247001,40.4318589]]},"id":"way/54203161"},{"type":"Feature","properties":{"@id":"way/121593794","name":"Penn-Lincoln Parkway West","ref":"I 376;US 22;US 30","unsigned_ref":"US 19 Truck","route0_ref":"US 30","route0_status":"signed","route0_role":"mainline","route0_tensDigit":3,"route0_onesDigit":"even","route0_tier":"major","route1_ref":"US 19 Truck","route1_status":"unsigned","route1_role":"mainline","route1_tensDigit":1,"route1_onesDigit":"odd","route1_tier":"primary"},"geometry":{"type":"LineString","coordinates":[[-80.0124003,40.4382957],[-80.0103226,40.4394042]]},"id":"way/121593794"},{"type":"Feature","properties":{"@id":"way/121593794","name":"Penn-Lincoln Parkway West","ref":"I 376;US 22;US 30","unsigned_ref":"US 19 Truck","route0_ref":"US 22","route0_status":"signed","route0_role":"mainline","route0_tensDigit":2,"route0_onesDigit":"even","route0_tier":"primary","route1_ref":"US 19 Truck","route1_status":"unsigned","route1_role":"mainline","route1_tensDigit":1,"route1_onesDigit":"odd","route1_tier":"primary"},"geometry":{"type":"LineString","coordinates":[[-80.0124003,40.4382957],[-80.0103226,40.4394042]]},"id":"way/121593794"},{"type":"Feature","properties":{"@id":"way/121593795","name":"Penn-Lincoln Parkway West","ref":"I 376;US 22;US 30","unsigned_ref":"US 19 Truck","route0_ref":"US 30","route0_status":"signed","route0_role":"mainline","route0_tensDigit":3,"route0_onesDigit":"even","route0_tier":"major","route1_ref":"US 19 Truck","route1_status":"unsigned","route1_role":"mainline","route1_tensDigit":1,"route1_onesDigit":"odd","route1_tier":"primary"},"geometry":{"type":"LineString","coordinates":[[-80.0123796,40.43833],[-80.0124379,40.4383017],[-80.0127662,40.438135],[-80.012976,40.4380392],[-80.0137817,40.4376419],[-80.0138276,40.437621]]},"id":"way/121593795"},{"type":"Feature","properties":{"@id":"way/121593795","name":"Penn-Lincoln Parkway West","ref":"I 376;US 22;US 30","unsigned_ref":"US 19 Truck","route0_ref":"US 22","route0_status":"signed","route0_role":"mainline","route0_tensDigit":2,"route0_onesDigit":"even","route0_tier":"primary","route1_ref":"US 19 Truck","route1_status":"unsigned","route1_role":"mainline","route1_tensDigit":1,"route1_onesDigit":"odd","route1_tier":"primary"},"geometry":{"type":"LineString","coordinates":[[-80.0123796,40.43833],[-80.0124379,40.4383017],[-80.0127662,40.438135],[-80.012976,40.4380392],[-80.0137817,40.4376419],[-80.0138276,40.437621]]},"id":"way/121593795"},{"type":"Feature","properties":{"@id":"way/121635824","name":"Penn-Lincoln Parkway West","ref":"I 376;US 22;US 30","unsigned_ref":"US 19 Truck","route0_ref":"US 30","route0_status":"signed","route0_role":"mainline","route0_tensDigit":3,"route0_onesDigit":"even","route0_tier":"major","route1_ref":"US 19 Truck","route1_status":"unsigned","route1_role":"mainline","route1_tensDigit":1,"route1_onesDigit":"odd","route1_tier":"primary"},"geometry":{"type":"LineString","coordinates":[[-80.0287137,40.4297137],[-80.0288294,40.4296419],[-80.0290422,40.4294942],[-80.0292398,40.4293434],[-80.0294396,40.4291741],[-80.0295706,40.4290551],[-80.0297083,40.4289213],[-80.0298319,40.4287926],[-80.029961,40.4286481],[-80.0300718,40.428517],[-80.0301793,40.4283705],[-80.0302798,40.428232],[-80.0303793,40.4280824],[-80.0304721,40.4279284],[-80.030553,40.4277782],[-80.0306299,40.4276256],[-80.0307007,40.4274678],[-80.0307624,40.4273169],[-80.0308198,40.427152],[-80.0308817,40.4269396]]},"id":"way/121635824"},{"type":"Feature","properties":{"@id":"way/121635824","name":"Penn-Lincoln Parkway West","ref":"I 376;US 22;US 30","unsigned_ref":"US 19 Truck","route0_ref":"US 22","route0_status":"signed","route0_role":"mainline","route0_tensDigit":2,"route0_onesDigit":"even","route0_tier":"primary","route1_ref":"US 19 Truck","route1_status":"unsigned","route1_role":"mainline","route1_tensDigit":1,"route1_onesDigit":"odd","route1_tier":"primary"},"geometry":{"type":"LineString","coordinates":[[-80.0287137,40.4297137],[-80.0288294,40.4296419],[-80.0290422,40.4294942],[-80.0292398,40.4293434],[-80.0294396,40.4291741],[-80.0295706,40.4290551],[-80.0297083,40.4289213],[-80.0298319,40.4287926],[-80.029961,40.4286481],[-80.0300718,40.428517],[-80.0301793,40.4283705],[-80.0302798,40.428232],[-80.0303793,40.4280824],[-80.0304721,40.4279284],[-80.030553,40.4277782],[-80.0306299,40.4276256],[-80.0307007,40.4274678],[-80.0307624,40.4273169],[-80.0308198,40.427152],[-80.0308817,40.4269396]]},"id":"way/121635824"},{"type":"Feature","properties":{"@id":"way/549621854","name":"Penn-Lincoln Parkway West","ref":"I 376;US 22;US 30","unsigned_ref":"US 19 Truck","route0_ref":"US 30","route0_status":"signed","route0_role":"mainline","route0_tensDigit":3,"route0_onesDigit":"even","route0_tier":"major","route1_ref":"US 19 Truck","route1_status":"unsigned","route1_role":"mainline","route1_tensDigit":1,"route1_onesDigit":"odd","route1_tier":"primary"},"geometry":{"type":"LineString","coordinates":[[-80.0266094,40.4308446],[-80.0267115,40.4307903],[-80.0270211,40.4306258],[-80.0275674,40.4303355]]},"id":"way/549621854"},{"type":"Feature","properties":{"@id":"way/549621854","name":"Penn-Lincoln Parkway West","ref":"I 376;US 22;US 30","unsigned_ref":"US 19 Truck","route0_ref":"US 22","route0_status":"signed","route0_role":"mainline","route0_tensDigit":2,"route0_onesDigit":"even","route0_tier":"primary","route1_ref":"US 19 Truck","route1_status":"unsigned","route1_role":"mainline","route1_tensDigit":1,"route1_onesDigit":"odd","route1_tier":"primary"},"geometry":{"type":"LineString","coordinates":[[-80.0266094,40.4308446],[-80.0267115,40.4307903],[-80.0270211,40.4306258],[-80.0275674,40.4303355]]},"id":"way/549621854"},{"type":"Feature","properties":{"@id":"way/549621855","name":"Penn-Lincoln Parkway West","ref":"I 376;US 22;US 30","unsigned_ref":"US 19 Truck","route0_ref":"US 30","route0_status":"signed","route0_role":"mainline","route0_tensDigit":3,"route0_onesDigit":"even","route0_tier":"major","route1_ref":"US 19 Truck","route1_status":"unsigned","route1_role":"mainline","route1_tensDigit":1,"route1_onesDigit":"odd","route1_tier":"primary"},"geometry":{"type":"LineString","coordinates":[[-80.0264344,40.4309375],[-80.0266094,40.4308446]]},"id":"way/549621855"},{"type":"Feature","properties":{"@id":"way/549621855","name":"Penn-Lincoln Parkway West","ref":"I 376;US 22;US 30","unsigned_ref":"US 19 Truck","route0_ref":"US 22","route0_status":"signed","route0_role":"mainline","route0_tensDigit":2,"route0_onesDigit":"even","route0_tier":"primary","route1_ref":"US 19 Truck","route1_status":"unsigned","route1_role":"mainline","route1_tensDigit":1,"route1_onesDigit":"odd","route1_tier":"primary"},"geometry":{"type":"LineString","coordinates":[[-80.0264344,40.4309375],[-80.0266094,40.4308446]]},"id":"way/549621855"},{"type":"Feature","properties":{"@id":"way/549621867","name":"Penn-Lincoln Parkway West","ref":"I 376;US 22;US 30","unsigned_ref":"US 19 Truck","route0_ref":"US 30","route0_status":"signed","route0_role":"mainline","route0_tensDigit":3,"route0_onesDigit":"even","route0_tier":"major","route1_ref":"US 19 Truck","route1_status":"unsigned","route1_role":"mainline","route1_tensDigit":1,"route1_onesDigit":"odd","route1_tier":"primary"},"geometry":{"type":"LineString","coordinates":[[-80.0275674,40.4303355],[-80.0280029,40.4301042],[-80.0287137,40.4297137]]},"id":"way/549621867"},{"type":"Feature","properties":{"@id":"way/549621867","name":"Penn-Lincoln Parkway West","ref":"I 376;US 22;US 30","unsigned_ref":"US 19 Truck","route0_ref":"US 22","route0_status":"signed","route0_role":"mainline","route0_tensDigit":2,"route0_onesDigit":"even","route0_tier":"primary","route1_ref":"US 19 Truck","route1_status":"unsigned","route1_role":"mainline","route1_tensDigit":1,"route1_onesDigit":"odd","route1_tier":"primary"},"geometry":{"type":"LineString","coordinates":[[-80.0275674,40.4303355],[-80.0280029,40.4301042],[-80.0287137,40.4297137]]},"id":"way/549621867"},{"type":"Feature","properties":{"@id":"way/550018213","name":"Penn-Lincoln Parkway West","ref":"I 376;US 22;US 30","unsigned_ref":"US 19 Truck","route0_ref":"US 30","route0_status":"signed","route0_role":"mainline","route0_tensDigit":3,"route0_onesDigit":"even","route0_tier":"major","route1_ref":"US 19 Truck","route1_status":"unsigned","route1_role":"mainline","route1_tensDigit":1,"route1_onesDigit":"odd","route1_tier":"primary"},"geometry":{"type":"LineString","coordinates":[[-80.0138276,40.437621],[-80.0138526,40.437609],[-80.0138754,40.4375986]]},"id":"way/550018213"},{"type":"Feature","properties":{"@id":"way/550018213","name":"Penn-Lincoln Parkway West","ref":"I 376;US 22;US 30","unsigned_ref":"US 19 Truck","route0_ref":"US 22","route0_status":"signed","route0_role":"mainline","route0_tensDigit":2,"route0_onesDigit":"even","route0_tier":"primary","route1_ref":"US 19 Truck","route1_status":"unsigned","route1_role":"mainline","route1_tensDigit":1,"route1_onesDigit":"odd","route1_tier":"primary"},"geometry":{"type":"LineString","coordinates":[[-80.0138276,40.437621],[-80.0138526,40.437609],[-80.0138754,40.4375986]]},"id":"way/550018213"},{"type":"Feature","properties":{"@id":"way/1092594024","name":"Penn-Lincoln Parkway West","ref":"I 376;US 22;US 30","unsigned_ref":"US 19 Truck","route0_ref":"US 30","route0_status":"signed","route0_role":"mainline","route0_tensDigit":3,"route0_onesDigit":"even","route0_tier":"major","route1_ref":"US 19 Truck","route1_status":"unsigned","route1_role":"mainline","route1_tensDigit":1,"route1_onesDigit":"odd","route1_tier":"primary"},"geometry":{"type":"LineString","coordinates":[[-80.0245745,40.431722],[-80.024404,40.4318128]]},"id":"way/1092594024"},{"type":"Feature","properties":{"@id":"way/1092594024","name":"Penn-Lincoln Parkway West","ref":"I 376;US 22;US 30","unsigned_ref":"US 19 Truck","route0_ref":"US 22","route0_status":"signed","route0_role":"mainline","route0_tensDigit":2,"route0_onesDigit":"even","route0_tier":"primary","route1_ref":"US 19 Truck","route1_status":"unsigned","route1_role":"mainline","route1_tensDigit":1,"route1_onesDigit":"odd","route1_tier":"primary"},"geometry":{"type":"LineString","coordinates":[[-80.0245745,40.431722],[-80.024404,40.4318128]]},"id":"way/1092594024"},{"type":"Feature","properties":{"@id":"way/1092594025","name":"Penn-Lincoln Parkway West","ref":"I 376;US 22;US 30","unsigned_ref":"US 19 Truck","route0_ref":"US 30","route0_status":"signed","route0_role":"mainline","route0_tensDigit":3,"route0_onesDigit":"even","route0_tier":"major","route1_ref":"US 19 Truck","route1_status":"unsigned","route1_role":"mainline","route1_tensDigit":1,"route1_onesDigit":"odd","route1_tier":"primary"},"geometry":{"type":"LineString","coordinates":[[-80.0247001,40.4318589],[-80.0264344,40.4309375]]},"id":"way/1092594025"},{"type":"Feature","properties":{"@id":"way/1092594025","name":"Penn-Lincoln Parkway West","ref":"I 376;US 22;US 30","unsigned_ref":"US 19 Truck","route0_ref":"US 22","route0_status":"signed","route0_role":"mainline","route0_tensDigit":2,"route0_onesDigit":"even","route0_tier":"primary","route1_ref":"US 19 Truck","route1_status":"unsigned","route1_role":"mainline","route1_tensDigit":1,"route1_onesDigit":"odd","route1_tier":"primary"},"geometry":{"type":"LineString","coordinates":[[-80.0247001,40.4318589],[-80.0264344,40.4309375]]},"id":"way/1092594025"}]}